stamp,elapsed,x,y,z,frame_id
1786514734.306390,0.000000,-0.009130,-0.041360,-1.554940,ndi
1786514734.323957,0.017567,-0.009100,-0.041360,-1.554930,ndi
1786514734.338892,0.032503,-0.009130,-0.041370,-1.554920,ndi
1786514734.356378,0.049988,-0.009100,-0.041360,-1.554960,ndi
1786514734.373960,0.067570,-0.009110,-0.041360,-1.554900,ndi
1786514734.388989,0.082599,-0.009120,-0.041360,-1.554930,ndi
1786514734.406503,0.100114,-0.009100,-0.041370,-1.554920,ndi
1786514734.423941,0.117551,-0.009110,-0.041370,-1.554910,ndi
1786514734.438873,0.132483,-0.009090,-0.041360,-1.554940,ndi
1786514734.456329,0.149940,-0.009130,-0.041360,-1.554930,ndi
1786514734.474045,0.167655,-0.009110,-0.041370,-1.554930,ndi
1786514734.489053,0.182664,-0.009110,-0.041370,-1.554930,ndi
1786514734.506580,0.200190,-0.009120,-0.041350,-1.554910,ndi
1786514734.524197,0.217807,-0.009100,-0.041360,-1.554940,ndi
1786514734.538877,0.232487,-0.009120,-0.041380,-1.554930,ndi
1786514734.556358,0.249969,-0.009110,-0.041370,-1.554970,ndi
1786514734.573997,0.267607,-0.009120,-0.041360,-1.554920,ndi
1786514734.589062,0.282673,-0.009110,-0.041360,-1.554910,ndi
1786514734.606524,0.300135,-0.009100,-0.041370,-1.554930,ndi
1786514734.623893,0.317504,-0.009120,-0.041370,-1.554910,ndi
1786514734.638895,0.332505,-0.009100,-0.041360,-1.554900,ndi
1786514734.656398,0.350009,-0.009120,-0.041370,-1.554900,ndi
1786514734.673908,0.367519,-0.009120,-0.041380,-1.554920,ndi
1786514734.689044,0.382655,-0.009110,-0.041370,-1.554920,ndi
1786514734.706559,0.400169,-0.009130,-0.041360,-1.554910,ndi
1786514734.723934,0.417545,-0.009100,-0.041360,-1.554910,ndi
1786514734.738873,0.432483,-0.009120,-0.041370,-1.554880,ndi
1786514734.756377,0.449988,-0.009090,-0.041380,-1.554900,ndi
1786514734.773933,0.467543,-0.009100,-0.041370,-1.554900,ndi
1786514734.789037,0.482648,-0.009120,-0.041360,-1.554890,ndi
1786514734.806417,0.500027,-0.009090,-0.041370,-1.554900,ndi
1786514734.823964,0.517575,-0.009120,-0.041360,-1.554900,ndi
1786514734.838913,0.532523,-0.009100,-0.041360,-1.554920,ndi
1786514734.856375,0.549985,-0.009120,-0.041350,-1.554920,ndi
1786514734.873898,0.567508,-0.009120,-0.041360,-1.554900,ndi
1786514734.888952,0.582562,-0.009100,-0.041360,-1.554930,ndi
1786514734.906530,0.600140,-0.009130,-0.041350,-1.554940,ndi
1786514734.923909,0.617519,-0.009100,-0.041360,-1.554940,ndi
1786514734.938883,0.632493,-0.009100,-0.041360,-1.554950,ndi
1786514734.956425,0.650036,-0.009100,-0.041350,-1.554950,ndi
1786514734.973918,0.667528,-0.009090,-0.041350,-1.554940,ndi
1786514734.988962,0.682572,-0.009110,-0.041360,-1.554930,ndi
1786514735.006481,0.700091,-0.009090,-0.041360,-1.554930,ndi
1786514735.023917,0.717528,-0.009100,-0.041360,-1.554940,ndi
1786514735.038913,0.732523,-0.009110,-0.041350,-1.554920,ndi
1786514735.056406,0.750017,-0.009110,-0.041350,-1.554960,ndi
1786514735.074060,0.767670,-0.009110,-0.041350,-1.554970,ndi
1786514735.088992,0.782603,-0.009100,-0.041350,-1.554960,ndi
1786514735.106382,0.799993,-0.009110,-0.041340,-1.554970,ndi
1786514735.123922,0.817533,-0.009100,-0.041350,-1.554960,ndi
1786514735.138904,0.832515,-0.009090,-0.041360,-1.554980,ndi
1786514735.156385,0.849996,-0.009100,-0.041340,-1.554960,ndi
1786514735.173912,0.867522,-0.009090,-0.041330,-1.554980,ndi
1786514735.188895,0.882505,-0.009100,-0.041340,-1.554960,ndi
1786514735.206409,0.900019,-0.009090,-0.041350,-1.554940,ndi
1786514735.223881,0.917492,-0.009090,-0.041350,-1.554950,ndi
1786514735.238924,0.932534,-0.009120,-0.041350,-1.554930,ndi
1786514735.256369,0.949980,-0.009100,-0.041350,-1.554920,ndi
1786514735.273902,0.967513,-0.009110,-0.041350,-1.554950,ndi
1786514735.288920,0.982531,-0.009100,-0.041340,-1.554940,ndi
1786514735.306468,1.000078,-0.009100,-0.041340,-1.554940,ndi
1786514735.323996,1.017606,-0.009110,-0.041360,-1.554950,ndi
1786514735.338885,1.032495,-0.009100,-0.041360,-1.554950,ndi
1786514735.356380,1.049990,-0.009100,-0.041350,-1.554950,ndi
1786514735.374022,1.067633,-0.009100,-0.041350,-1.554930,ndi
1786514735.389061,1.082672,-0.009090,-0.041350,-1.554930,ndi
1786514735.406518,1.100128,-0.009090,-0.041350,-1.554930,ndi
1786514735.424031,1.117642,-0.009090,-0.041330,-1.554950,ndi
1786514735.438928,1.132538,-0.009120,-0.041340,-1.554910,ndi
1786514735.456376,1.149987,-0.009100,-0.041350,-1.554920,ndi
1786514735.474085,1.167695,-0.009100,-0.041360,-1.554930,ndi
1786514735.489094,1.182705,-0.009110,-0.041340,-1.554930,ndi
1786514735.506551,1.200161,-0.009090,-0.041340,-1.554960,ndi
1786514735.524016,1.217627,-0.009120,-0.041350,-1.554940,ndi
1786514735.538874,1.232485,-0.009080,-0.041350,-1.554960,ndi
1786514735.556403,1.250013,-0.009100,-0.041340,-1.554940,ndi
1786514735.574083,1.267694,-0.009120,-0.041340,-1.554900,ndi
1786514735.589084,1.282695,-0.009080,-0.041350,-1.554940,ndi
1786514735.606458,1.300069,-0.009100,-0.041340,-1.554930,ndi
1786514735.623939,1.317549,-0.009090,-0.041340,-1.554950,ndi
1786514735.638938,1.332549,-0.009090,-0.041330,-1.554960,ndi
1786514735.656408,1.350018,-0.009120,-0.041350,-1.554940,ndi
1786514735.673951,1.367562,-0.009100,-0.041350,-1.554940,ndi
1786514735.689102,1.382713,-0.009110,-0.041350,-1.554940,ndi
1786514735.706591,1.400201,-0.009100,-0.041350,-1.554950,ndi
1786514735.724003,1.417614,-0.009110,-0.041350,-1.554950,ndi
1786514735.738900,1.432510,-0.009100,-0.041340,-1.554930,ndi
1786514735.756379,1.449989,-0.009090,-0.041350,-1.554920,ndi
1786514735.773937,1.467548,-0.009110,-0.041340,-1.554940,ndi
1786514735.788969,1.482579,-0.009090,-0.041350,-1.554950,ndi
1786514735.806485,1.500096,-0.009110,-0.041350,-1.554940,ndi
1786514735.823925,1.517536,-0.009100,-0.041340,-1.554960,ndi
1786514735.838955,1.532565,-0.009090,-0.041340,-1.554940,ndi
1786514735.856370,1.549981,-0.009110,-0.041350,-1.554910,ndi
1786514735.873908,1.567518,-0.009090,-0.041350,-1.554930,ndi
1786514735.888964,1.582575,-0.009110,-0.041340,-1.554960,ndi
1786514735.906534,1.600144,-0.009100,-0.041350,-1.554930,ndi
1786514735.923899,1.617509,-0.009100,-0.041350,-1.554950,ndi
1786514735.938874,1.632485,-0.009110,-0.041340,-1.554940,ndi
1786514735.956388,1.649998,-0.009090,-0.041340,-1.554920,ndi
1786514735.973987,1.667598,-0.009110,-0.041350,-1.554940,ndi
1786514735.989062,1.682673,-0.009090,-0.041350,-1.554930,ndi
1786514736.006527,1.700137,-0.009090,-0.041350,-1.554940,ndi
1786514736.023960,1.717570,-0.009110,-0.041350,-1.554950,ndi
1786514736.039009,1.732620,-0.009100,-0.041350,-1.554940,ndi
1786514736.056379,1.749990,-0.009110,-0.041350,-1.554940,ndi
1786514736.073922,1.767533,-0.009100,-0.041350,-1.554950,ndi
1786514736.088944,1.782555,-0.009100,-0.041350,-1.554960,ndi
1786514736.106437,1.800047,-0.009110,-0.041350,-1.554950,ndi
1786514736.123883,1.817493,-0.009090,-0.041350,-1.554960,ndi
1786514736.138867,1.832478,-0.009100,-0.041350,-1.554940,ndi
1786514736.156378,1.849988,-0.009090,-0.041350,-1.554930,ndi
1786514736.173895,1.867505,-0.009100,-0.041350,-1.554920,ndi
1786514736.188922,1.882532,-0.009100,-0.041350,-1.554910,ndi
1786514736.206593,1.900203,-0.009090,-0.041350,-1.554940,ndi
1786514736.223938,1.917548,-0.009110,-0.041350,-1.554920,ndi
1786514736.239049,1.932660,-0.009100,-0.041350,-1.554940,ndi
1786514736.256373,1.949984,-0.009110,-0.041350,-1.554960,ndi
1786514736.273975,1.967586,-0.009110,-0.041350,-1.554930,ndi
1786514736.288957,1.982567,-0.009090,-0.041350,-1.554940,ndi
1786514736.306602,2.000213,-0.009110,-0.041350,-1.554930,ndi
1786514736.323902,2.017512,-0.009100,-0.041350,-1.554960,ndi
1786514736.338918,2.032529,-0.009100,-0.041340,-1.554930,ndi
1786514736.356421,2.050032,-0.009110,-0.041350,-1.554940,ndi
1786514736.373906,2.067517,-0.009090,-0.041350,-1.554930,ndi
1786514736.388941,2.082551,-0.009100,-0.041350,-1.554930,ndi
1786514736.406422,2.100032,-0.009100,-0.041350,-1.554940,ndi
1786514736.424062,2.117673,-0.009110,-0.041350,-1.554930,ndi
1786514736.438914,2.132524,-0.009110,-0.041350,-1.554920,ndi
1786514736.456393,2.150003,-0.009090,-0.041350,-1.554930,ndi
1786514736.473924,2.167534,-0.009110,-0.041340,-1.554930,ndi
1786514736.488947,2.182558,-0.009100,-0.041350,-1.554940,ndi
1786514736.506383,2.199994,-0.009110,-0.041350,-1.554940,ndi
1786514736.521462,2.215072,-0.009090,-0.041350,-1.554900,ndi
1786514736.538904,2.232514,-0.009090,-0.041340,-1.554940,ndi
1786514736.556396,2.250007,-0.009100,-0.041350,-1.554920,ndi
1786514736.573900,2.267511,-0.009090,-0.041350,-1.554920,ndi
1786514736.588948,2.282559,-0.009100,-0.041350,-1.554920,ndi
1786514736.606622,2.300232,-0.009100,-0.041340,-1.554950,ndi
1786514736.624048,2.317659,-0.009100,-0.041350,-1.554940,ndi
1786514736.638912,2.332522,-0.009110,-0.041350,-1.554930,ndi
1786514736.656417,2.350028,-0.009100,-0.041350,-1.554970,ndi
1786514736.674049,2.367660,-0.009110,-0.041350,-1.554930,ndi
1786514736.689042,2.382652,-0.009100,-0.041350,-1.554930,ndi
1786514736.706483,2.400094,-0.009080,-0.041350,-1.554940,ndi
1786514736.723907,2.417517,-0.009100,-0.041350,-1.554910,ndi
1786514736.738919,2.432529,-0.009090,-0.041350,-1.554910,ndi
1786514736.756388,2.449999,-0.009110,-0.041340,-1.554930,ndi
1786514736.773960,2.467570,-0.009090,-0.041350,-1.554920,ndi
1786514736.788938,2.482548,-0.009100,-0.041350,-1.554950,ndi
1786514736.806507,2.500118,-0.009110,-0.041350,-1.554920,ndi
1786514736.824032,2.517642,-0.009090,-0.041350,-1.554920,ndi
1786514736.838936,2.532546,-0.009110,-0.041340,-1.554930,ndi
1786514736.856431,2.550041,-0.009110,-0.041350,-1.554920,ndi
1786514736.873996,2.567607,-0.009100,-0.041350,-1.554920,ndi
1786514736.889127,2.582737,-0.009110,-0.041350,-1.554910,ndi
1786514736.906537,2.600147,-0.009090,-0.041340,-1.554920,ndi
1786514736.923992,2.617602,-0.009100,-0.041350,-1.554920,ndi
1786514736.938933,2.632543,-0.009090,-0.041360,-1.554920,ndi
1786514736.956405,2.650015,-0.009100,-0.041350,-1.554950,ndi
1786514736.973921,2.667531,-0.009100,-0.041330,-1.554910,ndi
1786514736.988947,2.682558,-0.009090,-0.041350,-1.554950,ndi
1786514737.006441,2.700051,-0.009110,-0.041360,-1.554930,ndi
1786514737.024053,2.717664,-0.009100,-0.041350,-1.554930,ndi
1786514737.038898,2.732509,-0.009110,-0.041340,-1.554910,ndi
1786514737.056445,2.750056,-0.009120,-0.041350,-1.554910,ndi
1786514737.074091,2.767701,-0.009100,-0.041370,-1.554930,ndi
1786514737.089116,2.782726,-0.009120,-0.041360,-1.554920,ndi
1786514737.106591,2.800202,-0.009100,-0.041340,-1.554920,ndi
1786514737.124053,2.817663,-0.009110,-0.041340,-1.554920,ndi
1786514737.138929,2.832539,-0.009110,-0.041360,-1.554930,ndi
1786514737.156458,2.850068,-0.009090,-0.041350,-1.554940,ndi
1786514737.174077,2.867688,-0.009120,-0.041340,-1.554950,ndi
1786514737.189112,2.882722,-0.009110,-0.041340,-1.554950,ndi
1786514737.206545,2.900155,-0.009110,-0.041360,-1.554930,ndi
1786514737.224051,2.917662,-0.009100,-0.041350,-1.554940,ndi
1786514737.238915,2.932526,-0.009110,-0.041340,-1.554960,ndi
1786514737.256434,2.950044,-0.009120,-0.041340,-1.554940,ndi
1786514737.274055,2.967666,-0.009090,-0.041360,-1.554950,ndi
1786514737.289011,2.982621,-0.009100,-0.041360,-1.554970,ndi
1786514737.306645,3.000255,-0.009100,-0.041340,-1.554950,ndi
1786514737.324106,3.017717,-0.009100,-0.041340,-1.554960,ndi
1786514737.338945,3.032555,-0.009110,-0.041350,-1.554930,ndi
1786514737.356421,3.050032,-0.009080,-0.041350,-1.554950,ndi
1786514737.374132,3.067742,-0.009110,-0.041340,-1.554930,ndi
1786514737.389048,3.082658,-0.009110,-0.041340,-1.554940,ndi
1786514737.406592,3.100202,-0.009110,-0.041360,-1.554950,ndi
1786514737.424094,3.117704,-0.009110,-0.041360,-1.554940,ndi
1786514737.439023,3.132633,-0.009090,-0.041350,-1.554950,ndi
1786514737.456455,3.150066,-0.009110,-0.041340,-1.554900,ndi
1786514737.473944,3.167554,-0.009090,-0.041350,-1.554940,ndi
1786514737.488947,3.182558,-0.009090,-0.041350,-1.554950,ndi
1786514737.506459,3.200070,-0.009100,-0.041350,-1.554920,ndi
1786514737.524107,3.217717,-0.009100,-0.041350,-1.554940,ndi
1786514737.538894,3.232505,-0.009100,-0.041350,-1.554920,ndi
1786514737.556429,3.250039,-0.009090,-0.041350,-1.554930,ndi
1786514737.574036,3.267647,-0.009100,-0.041350,-1.554930,ndi
1786514737.589087,3.282697,-0.009110,-0.041340,-1.554920,ndi
1786514737.606594,3.300205,-0.009100,-0.041350,-1.554950,ndi
1786514737.623993,3.317603,-0.009110,-0.041350,-1.554950,ndi
1786514737.638938,3.332548,-0.009100,-0.041350,-1.554950,ndi
1786514737.656432,3.350042,-0.009110,-0.041350,-1.554930,ndi
1786514737.673937,3.367548,-0.009110,-0.041350,-1.554920,ndi
1786514737.688967,3.382578,-0.009090,-0.041350,-1.554970,ndi
1786514737.706658,3.400268,-0.009110,-0.041350,-1.554930,ndi
1786514737.723939,3.417550,-0.009090,-0.041350,-1.554920,ndi
1786514737.738931,3.432541,-0.009090,-0.041350,-1.554950,ndi
1786514737.756412,3.450022,-0.009100,-0.041350,-1.554930,ndi
1786514737.773948,3.467559,-0.009100,-0.041350,-1.554960,ndi
1786514737.788985,3.482595,-0.009120,-0.041350,-1.554950,ndi
1786514737.806608,3.500218,-0.009100,-0.041340,-1.554970,ndi
1786514737.824040,3.517650,-0.009100,-0.041350,-1.554950,ndi
1786514737.838940,3.532550,-0.009100,-0.041350,-1.554920,ndi
1786514737.856449,3.550060,-0.009100,-0.041350,-1.554950,ndi
1786514737.873974,3.567584,-0.009110,-0.041350,-1.554950,ndi
1786514737.888989,3.582599,-0.009090,-0.041350,-1.554940,ndi
1786514737.906511,3.600121,-0.009100,-0.041350,-1.554940,ndi
1786514737.923929,3.617540,-0.009100,-0.041350,-1.554920,ndi
1786514737.938922,3.632533,-0.009090,-0.041350,-1.554940,ndi
1786514737.956414,3.650024,-0.009110,-0.041350,-1.554900,ndi
1786514737.974186,3.667797,-0.009100,-0.041350,-1.554930,ndi
1786514737.989146,3.682756,-0.009110,-0.041350,-1.554920,ndi
1786514738.006562,3.700173,-0.009110,-0.041350,-1.554940,ndi
1786514738.023949,3.717560,-0.009100,-0.041350,-1.554920,ndi
1786514738.038956,3.732566,-0.009100,-0.041350,-1.554910,ndi
1786514738.056495,3.750106,-0.009100,-0.041340,-1.554930,ndi
1786514738.074084,3.767694,-0.009100,-0.041340,-1.554940,ndi
1786514738.089054,3.782664,-0.009100,-0.041350,-1.554930,ndi
1786514738.106495,3.800106,-0.009090,-0.041350,-1.554920,ndi
1786514738.123945,3.817556,-0.009110,-0.041340,-1.554940,ndi
1786514738.138931,3.832541,-0.009090,-0.041340,-1.554940,ndi
1786514738.156405,3.850016,-0.009100,-0.041350,-1.554950,ndi
1786514738.173920,3.867531,-0.009100,-0.041350,-1.554940,ndi
1786514738.188968,3.882578,-0.009100,-0.041340,-1.554930,ndi
1786514738.206431,3.900042,-0.009120,-0.041340,-1.554910,ndi
1786514738.223941,3.917552,-0.009100,-0.041350,-1.554910,ndi
1786514738.238945,3.932555,-0.009100,-0.041350,-1.554920,ndi
1786514738.256453,3.950064,-0.009110,-0.041340,-1.554930,ndi
1786514738.273983,3.967593,-0.009100,-0.041350,-1.554930,ndi
1786514738.289030,3.982641,-0.009100,-0.041350,-1.554930,ndi
1786514738.306530,4.000140,-0.009100,-0.041350,-1.554920,ndi
1786514738.324066,4.017677,-0.009110,-0.041340,-1.554920,ndi
1786514738.338918,4.032529,-0.009090,-0.041350,-1.554940,ndi
1786514738.356396,4.050006,-0.009110,-0.041350,-1.554950,ndi
1786514738.373939,4.067550,-0.009120,-0.041340,-1.554970,ndi
1786514738.388934,4.082544,-0.009130,-0.041320,-1.554990,ndi
1786514738.406428,4.100039,-0.009160,-0.041320,-1.554980,ndi
1786514738.423963,4.117573,-0.009130,-0.041340,-1.554990,ndi
1786514738.438929,4.132540,-0.009150,-0.041330,-1.554950,ndi
1786514738.456475,4.150085,-0.009170,-0.041340,-1.554940,ndi
1786514738.471510,4.165120,-0.009140,-0.041360,-1.554930,ndi
1786514738.489045,4.182655,-0.009150,-0.041370,-1.554870,ndi
1786514738.506486,4.200097,-0.009140,-0.041380,-1.554840,ndi
1786514738.524061,4.217672,-0.009140,-0.041380,-1.554820,ndi
1786514738.538936,4.232546,-0.009160,-0.041400,-1.554760,ndi
1786514738.556433,4.250044,-0.009150,-0.041420,-1.554770,ndi
1786514738.574051,4.267662,-0.009150,-0.041420,-1.554750,ndi
1786514738.589081,4.282691,-0.009140,-0.041430,-1.554690,ndi
1786514738.606502,4.300112,-0.009150,-0.041440,-1.554690,ndi
1786514738.624014,4.317625,-0.009130,-0.041460,-1.554660,ndi
1786514738.638931,4.332541,-0.009140,-0.041450,-1.554600,ndi
1786514738.656479,4.350089,-0.009130,-0.041450,-1.554610,ndi
1786514738.673965,4.367575,-0.009130,-0.041470,-1.554560,ndi
1786514738.688966,4.382576,-0.009140,-0.041490,-1.554550,ndi
1786514738.706436,4.400047,-0.009130,-0.041480,-1.554540,ndi
1786514738.724071,4.417682,-0.009120,-0.041460,-1.554510,ndi
1786514738.738949,4.432559,-0.009150,-0.041470,-1.554480,ndi
1786514738.756454,4.450065,-0.009130,-0.041470,-1.554460,ndi
1786514738.774111,4.467721,-0.009150,-0.041450,-1.554440,ndi
1786514738.789114,4.482724,-0.009150,-0.041450,-1.554410,ndi
1786514738.806534,4.500144,-0.009130,-0.041470,-1.554410,ndi
1786514738.823976,4.517586,-0.009150,-0.041470,-1.554360,ndi
1786514738.838928,4.532538,-0.009140,-0.041460,-1.554370,ndi
1786514738.856408,4.550019,-0.009130,-0.041470,-1.554350,ndi
1786514738.873970,4.567580,-0.009140,-0.041490,-1.554310,ndi
1786514738.888988,4.582599,-0.009130,-0.041490,-1.554330,ndi
1786514738.906460,4.600070,-0.009130,-0.041490,-1.554280,ndi
1786514738.923936,4.617547,-0.009140,-0.041500,-1.554280,ndi
1786514738.938958,4.632569,-0.009140,-0.041510,-1.554270,ndi
1786514738.956436,4.650047,-0.009130,-0.041520,-1.554260,ndi
1786514738.974124,4.667735,-0.009150,-0.041510,-1.554240,ndi
1786514738.989161,4.682771,-0.009140,-0.041520,-1.554170,ndi
1786514739.006610,4.700220,-0.009140,-0.041540,-1.554190,ndi
1786514739.024087,4.717697,-0.009150,-0.041540,-1.554140,ndi
1786514739.038942,4.732552,-0.009130,-0.041540,-1.554150,ndi
1786514739.056464,4.750074,-0.009130,-0.041540,-1.554080,ndi
1786514739.074160,4.767770,-0.009140,-0.041540,-1.554050,ndi
1786514739.089140,4.782750,-0.009130,-0.041540,-1.554040,ndi
1786514739.106599,4.800210,-0.009130,-0.041530,-1.554010,ndi
1786514739.124027,4.817638,-0.009130,-0.041550,-1.553990,ndi
1786514739.138996,4.832606,-0.009130,-0.041560,-1.553950,ndi
1786514739.156469,4.850079,-0.009140,-0.041540,-1.553900,ndi
1786514739.171678,4.865289,-0.009140,-0.041540,-1.553910,ndi
1786514739.189128,4.882738,-0.009150,-0.041500,-1.553840,ndi
1786514739.206601,4.900211,-0.009160,-0.041460,-1.553840,ndi
1786514739.224034,4.917645,-0.009170,-0.041400,-1.553790,ndi
1786514739.238948,4.932558,-0.009180,-0.041370,-1.553770,ndi
1786514739.256464,4.950074,-0.009180,-0.041340,-1.553700,ndi
1786514739.271747,4.965358,-0.009190,-0.041310,-1.553690,ndi
1786514739.289023,4.982633,-0.009190,-0.041270,-1.553670,ndi
1786514739.306577,5.000188,-0.009200,-0.041230,-1.553640,ndi
1786514739.323963,5.017573,-0.009220,-0.041190,-1.553590,ndi
1786514739.338977,5.032587,-0.009210,-0.041160,-1.553590,ndi
1786514739.356463,5.050074,-0.009240,-0.041120,-1.553570,ndi
1786514739.374052,5.067662,-0.009250,-0.041100,-1.553520,ndi
1786514739.389097,5.082708,-0.009250,-0.041070,-1.553510,ndi
1786514739.406547,5.100158,-0.009260,-0.041030,-1.553500,ndi
1786514739.424022,5.117632,-0.009260,-0.040980,-1.553510,ndi
1786514739.438948,5.132558,-0.009270,-0.040940,-1.553470,ndi
1786514739.456490,5.150100,-0.009280,-0.040930,-1.553420,ndi
1786514739.474174,5.167784,-0.009290,-0.040900,-1.553380,ndi
1786514739.489124,5.182734,-0.009280,-0.040870,-1.553340,ndi
1786514739.506557,5.200168,-0.009280,-0.040850,-1.553320,ndi
1786514739.524063,5.217673,-0.009330,-0.040820,-1.553330,ndi
1786514739.538994,5.232605,-0.009320,-0.040780,-1.553260,ndi
1786514739.556450,5.250061,-0.009330,-0.040740,-1.553240,ndi
1786514739.574083,5.267694,-0.009340,-0.040710,-1.553220,ndi
1786514739.589076,5.282686,-0.009340,-0.040670,-1.553180,ndi
1786514739.606543,5.300153,-0.009370,-0.040660,-1.553120,ndi
1786514739.624115,5.317726,-0.009360,-0.040620,-1.553110,ndi
1786514739.638945,5.332555,-0.009370,-0.040570,-1.553080,ndi
1786514739.656440,5.350050,-0.009390,-0.040520,-1.553030,ndi
1786514739.674081,5.367692,-0.009400,-0.040460,-1.553030,ndi
1786514739.689137,5.382747,-0.009410,-0.040420,-1.552990,ndi
1786514739.706589,5.400199,-0.009430,-0.040370,-1.552920,ndi
1786514739.724001,5.417611,-0.009460,-0.040340,-1.552910,ndi
1786514739.738957,5.432568,-0.009440,-0.040320,-1.552880,ndi
1786514739.756416,5.450026,-0.009460,-0.040280,-1.552830,ndi
1786514739.771831,5.465441,-0.009490,-0.040250,-1.552810,ndi
1786514739.789020,5.482630,-0.009480,-0.040210,-1.552770,ndi
1786514739.806637,5.500247,-0.009510,-0.040190,-1.552710,ndi
1786514739.823979,5.517589,-0.009500,-0.040160,-1.552690,ndi
1786514739.838959,5.532569,-0.009510,-0.040130,-1.552690,ndi
1786514739.856449,5.550059,-0.009550,-0.040080,-1.552650,ndi
1786514739.873948,5.567559,-0.009530,-0.040040,-1.552660,ndi
1786514739.888966,5.582577,-0.009560,-0.040010,-1.552620,ndi
1786514739.906583,5.600193,-0.009570,-0.039960,-1.552630,ndi
1786514739.924016,5.617627,-0.009590,-0.039900,-1.552610,ndi
1786514739.938976,5.632586,-0.009620,-0.039870,-1.552570,ndi
1786514739.956421,5.650031,-0.009610,-0.039840,-1.552550,ndi
1786514739.974082,5.667693,-0.009640,-0.039800,-1.552510,ndi
1786514739.989117,5.682728,-0.009630,-0.039750,-1.552460,ndi
1786514740.006603,5.700213,-0.009660,-0.039720,-1.552470,ndi
1786514740.024087,5.717697,-0.009650,-0.039690,-1.552410,ndi
1786514740.038961,5.732572,-0.009660,-0.039650,-1.552370,ndi
1786514740.056454,5.750064,-0.009690,-0.039600,-1.552330,ndi
1786514740.073945,5.767555,-0.009680,-0.039570,-1.552300,ndi
1786514740.089112,5.782722,-0.009710,-0.039550,-1.552270,ndi
1786514740.106532,5.800143,-0.009720,-0.039510,-1.552210,ndi
1786514740.123953,5.817564,-0.009730,-0.039460,-1.552190,ndi
1786514740.138974,5.832585,-0.009760,-0.039420,-1.552170,ndi
1786514740.156438,5.850049,-0.009750,-0.039400,-1.552150,ndi
1786514740.173970,5.867581,-0.009780,-0.039360,-1.552120,ndi
1786514740.189137,5.882747,-0.009790,-0.039320,-1.552050,ndi
1786514740.206590,5.900200,-0.009800,-0.039280,-1.552040,ndi
1786514740.224069,5.917679,-0.009810,-0.039240,-1.551990,ndi
1786514740.238966,5.932577,-0.009810,-0.039220,-1.551980,ndi
1786514740.256459,5.950069,-0.009840,-0.039160,-1.551930,ndi
1786514740.273947,5.967558,-0.009820,-0.039130,-1.551890,ndi
1786514740.289109,5.982720,-0.009840,-0.039110,-1.551890,ndi
1786514740.306577,6.000187,-0.009870,-0.039080,-1.551850,ndi
1786514740.323964,6.017575,-0.009870,-0.039030,-1.551810,ndi
1786514740.338954,6.032565,-0.009900,-0.038980,-1.551790,ndi
1786514740.356456,6.050066,-0.009900,-0.038950,-1.551740,ndi
1786514740.374110,6.067720,-0.009910,-0.038930,-1.551730,ndi
1786514740.389073,6.082683,-0.009930,-0.038880,-1.551690,ndi
1786514740.406598,6.100209,-0.009930,-0.038840,-1.551710,ndi
1786514740.424075,6.117686,-0.009950,-0.038800,-1.551640,ndi
1786514740.438975,6.132586,-0.009960,-0.038780,-1.551600,ndi
1786514740.456465,6.150075,-0.009970,-0.038730,-1.551570,ndi
1786514740.474056,6.167666,-0.009990,-0.038670,-1.551540,ndi
1786514740.489110,6.182721,-0.010000,-0.038660,-1.551480,ndi
1786514740.506598,6.200208,-0.010030,-0.038640,-1.551400,ndi
1786514740.523992,6.217602,-0.010040,-0.038590,-1.551400,ndi
1786514740.538964,6.232575,-0.010060,-0.038530,-1.551380,ndi
1786514740.556477,6.250087,-0.010080,-0.038500,-1.551330,ndi
1786514740.574161,6.267772,-0.010070,-0.038480,-1.551300,ndi
1786514740.589130,6.282741,-0.010090,-0.038440,-1.551250,ndi
1786514740.606572,6.300183,-0.010090,-0.038380,-1.551270,ndi
1786514740.624102,6.317713,-0.010130,-0.038330,-1.551220,ndi
1786514740.639006,6.332616,-0.010150,-0.038300,-1.551170,ndi
1786514740.656464,6.350074,-0.010140,-0.038260,-1.551160,ndi
1786514740.674011,6.367622,-0.010180,-0.038210,-1.551120,ndi
1786514740.689167,6.382778,-0.010190,-0.038180,-1.551090,ndi
1786514740.706774,6.400384,-0.010210,-0.038150,-1.551040,ndi
1786514740.724023,6.417633,-0.010230,-0.038090,-1.550970,ndi
1786514740.738949,6.432559,-0.010250,-0.038030,-1.550980,ndi
1786514740.756434,6.450044,-0.010290,-0.037980,-1.550920,ndi
1786514740.774194,6.467804,-0.010290,-0.037920,-1.550880,ndi
1786514740.789104,6.482714,-0.010320,-0.037870,-1.550840,ndi
1786514740.806609,6.500219,-0.010330,-0.037820,-1.550830,ndi
1786514740.824086,6.517697,-0.010350,-0.037790,-1.550820,ndi
1786514740.838976,6.532586,-0.010390,-0.037750,-1.550760,ndi
1786514740.856486,6.550096,-0.010380,-0.037700,-1.550760,ndi
1786514740.873960,6.567570,-0.010410,-0.037670,-1.550710,ndi
1786514740.889005,6.582615,-0.010430,-0.037640,-1.550690,ndi
1786514740.906630,6.600240,-0.010430,-0.037610,-1.550670,ndi
1786514740.924136,6.617746,-0.010460,-0.037570,-1.550630,ndi
1786514740.938973,6.632583,-0.010470,-0.037550,-1.550570,ndi
1786514740.956444,6.650054,-0.010500,-0.037510,-1.550540,ndi
1786514740.974057,6.667667,-0.010500,-0.037470,-1.550530,ndi
1786514740.989029,6.682640,-0.010500,-0.037440,-1.550500,ndi
1786514741.006483,6.700094,-0.010530,-0.037400,-1.550430,ndi
1786514741.023989,6.717599,-0.010530,-0.037370,-1.550430,ndi
1786514741.038992,6.732602,-0.010550,-0.037330,-1.550400,ndi
1786514741.056468,6.750078,-0.010560,-0.037290,-1.550340,ndi
1786514741.073953,6.767564,-0.010600,-0.037250,-1.550330,ndi
1786514741.089002,6.782613,-0.010620,-0.037220,-1.550290,ndi
1786514741.106628,6.800239,-0.010620,-0.037180,-1.550270,ndi
1786514741.124120,6.817730,-0.010650,-0.037140,-1.550200,ndi
1786514741.138984,6.832595,-0.010650,-0.037110,-1.550180,ndi
1786514741.156472,6.850082,-0.010670,-0.037070,-1.550160,ndi
1786514741.171580,6.865190,-0.010690,-0.037030,-1.550140,ndi
1786514741.189150,6.882760,-0.010700,-0.037000,-1.550100,ndi
1786514741.206616,6.900227,-0.010720,-0.036970,-1.550040,ndi
1786514741.224129,6.917740,-0.010730,-0.036930,-1.550020,ndi
1786514741.239028,6.932638,-0.010740,-0.036890,-1.550010,ndi
1786514741.256511,6.950121,-0.010760,-0.036840,-1.549960,ndi
1786514741.273979,6.967589,-0.010770,-0.036820,-1.549960,ndi
1786514741.288991,6.982602,-0.010800,-0.036780,-1.549920,ndi
1786514741.306530,7.000140,-0.010810,-0.036740,-1.549890,ndi
1786514741.323991,7.017601,-0.010840,-0.036710,-1.549870,ndi
1786514741.339012,7.032622,-0.010850,-0.036680,-1.549800,ndi
1786514741.356491,7.050102,-0.010860,-0.036640,-1.549780,ndi
1786514741.371583,7.065194,-0.010880,-0.036600,-1.549760,ndi
1786514741.389028,7.082638,-0.010880,-0.036570,-1.549710,ndi
1786514741.406477,7.100088,-0.010920,-0.036550,-1.549700,ndi
1786514741.424165,7.117775,-0.010930,-0.036500,-1.549660,ndi
1786514741.438999,7.132609,-0.010930,-0.036460,-1.549640,ndi
1786514741.456492,7.150102,-0.010960,-0.036430,-1.549570,ndi
1786514741.473962,7.167572,-0.010980,-0.036400,-1.549550,ndi
1786514741.489004,7.182615,-0.011000,-0.036370,-1.549550,ndi
1786514741.506491,7.200101,-0.011030,-0.036320,-1.549480,ndi
1786514741.523982,7.217592,-0.011040,-0.036280,-1.549450,ndi
1786514741.538975,7.232585,-0.011080,-0.036230,-1.549390,ndi
1786514741.556499,7.250109,-0.011090,-0.036190,-1.549360,ndi
1786514741.573972,7.267582,-0.011120,-0.036140,-1.549320,ndi
1786514741.589178,7.282788,-0.011150,-0.036090,-1.549280,ndi
1786514741.606615,7.300225,-0.011150,-0.036050,-1.549240,ndi
1786514741.624054,7.317665,-0.011180,-0.036010,-1.549230,ndi
1786514741.639005,7.332616,-0.011200,-0.035970,-1.549190,ndi
1786514741.656491,7.350102,-0.011230,-0.035920,-1.549150,ndi
1786514741.674090,7.367700,-0.011260,-0.035870,-1.549130,ndi
1786514741.689113,7.382723,-0.011280,-0.035840,-1.549100,ndi
1786514741.706580,7.400190,-0.011300,-0.035800,-1.549080,ndi
1786514741.724024,7.417634,-0.011320,-0.035770,-1.549070,ndi
1786514741.739012,7.432623,-0.011340,-0.035730,-1.549020,ndi
1786514741.756470,7.450081,-0.011350,-0.035700,-1.549010,ndi
1786514741.774134,7.467744,-0.011360,-0.035680,-1.548980,ndi
1786514741.789134,7.482745,-0.011380,-0.035640,-1.548950,ndi
1786514741.806560,7.500170,-0.011380,-0.035600,-1.548900,ndi
1786514741.824000,7.517610,-0.011420,-0.035560,-1.548870,ndi
1786514741.838990,7.532600,-0.011420,-0.035540,-1.548860,ndi
1786514741.856492,7.550102,-0.011440,-0.035490,-1.548790,ndi
1786514741.873980,7.567590,-0.011480,-0.035450,-1.548760,ndi
1786514741.889035,7.582646,-0.011480,-0.035430,-1.548740,ndi
1786514741.906528,7.600138,-0.011500,-0.035400,-1.548700,ndi
1786514741.924173,7.617784,-0.011520,-0.035360,-1.548680,ndi
1786514741.939001,7.632612,-0.011530,-0.035310,-1.548660,ndi
1786514741.956475,7.650086,-0.011560,-0.035270,-1.548610,ndi
1786514741.973963,7.667573,-0.011550,-0.035250,-1.548560,ndi
1786514741.989055,7.682665,-0.011570,-0.035210,-1.548550,ndi
1786514742.006517,7.700128,-0.011590,-0.035160,-1.548510,ndi
1786514742.024159,7.717769,-0.011610,-0.035130,-1.548490,ndi
1786514742.038986,7.732596,-0.011620,-0.035110,-1.548460,ndi
1786514742.056469,7.750079,-0.011640,-0.035080,-1.548440,ndi
1786514742.074070,7.767681,-0.011680,-0.035030,-1.548390,ndi
1786514742.089113,7.782723,-0.011690,-0.035000,-1.548380,ndi
1786514742.106594,7.800204,-0.011700,-0.034980,-1.548370,ndi
1786514742.124130,7.817741,-0.011730,-0.034940,-1.548320,ndi
1786514742.138989,7.832600,-0.011730,-0.034900,-1.548290,ndi
1786514742.156470,7.850080,-0.011770,-0.034860,-1.548270,ndi
1786514742.173955,7.867566,-0.011780,-0.034840,-1.548270,ndi
1786514742.189037,7.882648,-0.011790,-0.034800,-1.548230,ndi
1786514742.206502,7.900112,-0.011840,-0.034760,-1.548160,ndi
1786514742.223997,7.917607,-0.011840,-0.034730,-1.548140,ndi
1786514742.238976,7.932586,-0.011860,-0.034710,-1.548120,ndi
1786514742.256461,7.950072,-0.011890,-0.034680,-1.548090,ndi
1786514742.274064,7.967675,-0.011920,-0.034630,-1.548060,ndi
1786514742.289143,7.982754,-0.011940,-0.034600,-1.548010,ndi
1786514742.306514,8.000124,-0.011940,-0.034570,-1.548000,ndi
1786514742.324072,8.017682,-0.011960,-0.034540,-1.547960,ndi
1786514742.338967,8.032577,-0.011970,-0.034510,-1.547900,ndi
1786514742.356484,8.050094,-0.012000,-0.034470,-1.547870,ndi
1786514742.373962,8.067573,-0.012010,-0.034450,-1.547840,ndi
1786514742.389078,8.082688,-0.012020,-0.034420,-1.547840,ndi
1786514742.406601,8.100211,-0.012060,-0.034360,-1.547770,ndi
1786514742.424063,8.117674,-0.012060,-0.034340,-1.547760,ndi
1786514742.439013,8.132624,-0.012100,-0.034310,-1.547700,ndi
1786514742.456529,8.150139,-0.012110,-0.034270,-1.547700,ndi
1786514742.474033,8.167644,-0.012120,-0.034220,-1.547670,ndi
1786514742.489123,8.182733,-0.012180,-0.034190,-1.547620,ndi
1786514742.506624,8.200235,-0.012170,-0.034160,-1.547580,ndi
1786514742.524143,8.217754,-0.012190,-0.034110,-1.547540,ndi
1786514742.538976,8.232587,-0.012230,-0.034070,-1.547500,ndi
1786514742.556461,8.250071,-0.012220,-0.034050,-1.547500,ndi
1786514742.574135,8.267745,-0.012260,-0.034010,-1.547460,ndi
1786514742.589246,8.282857,-0.012260,-0.033970,-1.547480,ndi
1786514742.606662,8.300272,-0.012290,-0.033930,-1.547400,ndi
1786514742.624136,8.317747,-0.012310,-0.033910,-1.547380,ndi
1786514742.638974,8.332585,-0.012330,-0.033880,-1.547360,ndi
1786514742.656525,8.350136,-0.012360,-0.033840,-1.547310,ndi
1786514742.671723,8.365333,-0.012360,-0.033800,-1.547300,ndi
1786514742.689008,8.382619,-0.012410,-0.033770,-1.547240,ndi
1786514742.706589,8.400199,-0.012410,-0.033750,-1.547240,ndi
1786514742.724074,8.417684,-0.012430,-0.033700,-1.547220,ndi
1786514742.738997,8.432608,-0.012460,-0.033670,-1.547180,ndi
1786514742.756485,8.450095,-0.012440,-0.033650,-1.547110,ndi
1786514742.774114,8.467725,-0.012500,-0.033600,-1.547110,ndi
1786514742.789263,8.482873,-0.012500,-0.033580,-1.547080,ndi
1786514742.806721,8.500331,-0.012520,-0.033540,-1.547080,ndi
1786514742.824085,8.517696,-0.012550,-0.033520,-1.547010,ndi
1786514742.839027,8.532638,-0.012560,-0.033490,-1.547020,ndi
1786514742.856512,8.550122,-0.012600,-0.033440,-1.546930,ndi
1786514742.871665,8.565276,-0.012620,-0.033410,-1.546920,ndi
1786514742.889221,8.582831,-0.012650,-0.033380,-1.546900,ndi
1786514742.906712,8.600323,-0.012670,-0.033360,-1.546820,ndi
1786514742.924115,8.617726,-0.012680,-0.033320,-1.546820,ndi
1786514742.939024,8.632635,-0.012720,-0.033280,-1.546780,ndi
1786514742.956530,8.650140,-0.012710,-0.033250,-1.546720,ndi
1786514742.971814,8.665425,-0.012740,-0.033220,-1.546710,ndi
1786514742.989271,8.682882,-0.012770,-0.033180,-1.546680,ndi
1786514743.006581,8.700191,-0.012780,-0.033150,-1.546680,ndi
1786514743.024148,8.717758,-0.012840,-0.033120,-1.546590,ndi
1786514743.039053,8.732664,-0.012830,-0.033090,-1.546620,ndi
1786514743.056522,8.750133,-0.012860,-0.033050,-1.546580,ndi
1786514743.074041,8.767651,-0.012880,-0.033020,-1.546540,ndi
1786514743.089215,8.782826,-0.012890,-0.033000,-1.546540,ndi
1786514743.106710,8.800320,-0.012930,-0.032960,-1.546480,ndi
1786514743.124122,8.817733,-0.012920,-0.032920,-1.546440,ndi
1786514743.139023,8.832634,-0.012960,-0.032900,-1.546430,ndi
1786514743.156512,8.850122,-0.012970,-0.032870,-1.546370,ndi
1786514743.174244,8.867855,-0.012980,-0.032830,-1.546370,ndi
1786514743.189245,8.882855,-0.013010,-0.032800,-1.546300,ndi
1786514743.206747,8.900357,-0.013010,-0.032770,-1.546290,ndi
1786514743.224140,8.917750,-0.013040,-0.032740,-1.546220,ndi
1786514743.239061,8.932671,-0.013060,-0.032700,-1.546220,ndi
1786514743.256518,8.950128,-0.013080,-0.032670,-1.546220,ndi
1786514743.274029,8.967640,-0.013110,-0.032640,-1.546170,ndi
1786514743.289070,8.982680,-0.013100,-0.032610,-1.546190,ndi
1786514743.306549,9.000160,-0.013130,-0.032570,-1.546120,ndi
1786514743.324131,9.017741,-0.013160,-0.032520,-1.546080,ndi
1786514743.339030,9.032640,-0.013170,-0.032490,-1.546040,ndi
1786514743.356525,9.050135,-0.013210,-0.032450,-1.546010,ndi
1786514743.374249,9.067859,-0.013210,-0.032410,-1.546010,ndi
1786514743.389134,9.082745,-0.013240,-0.032370,-1.545970,ndi
1786514743.406657,9.100268,-0.013260,-0.032330,-1.545920,ndi
1786514743.424069,9.117679,-0.013290,-0.032300,-1.545900,ndi
1786514743.439127,9.132738,-0.013320,-0.032270,-1.545860,ndi
1786514743.456536,9.150146,-0.013340,-0.032230,-1.545830,ndi
1786514743.471728,9.165339,-0.013370,-0.032190,-1.545790,ndi
1786514743.489114,9.182724,-0.013390,-0.032160,-1.545760,ndi
1786514743.506611,9.200222,-0.013410,-0.032130,-1.545750,ndi
1786514743.524152,9.217762,-0.013440,-0.032100,-1.545730,ndi
1786514743.539052,9.232663,-0.013450,-0.032060,-1.545700,ndi
1786514743.556552,9.250162,-0.013490,-0.032020,-1.545650,ndi
1786514743.574202,9.267812,-0.013490,-0.032000,-1.545630,ndi
1786514743.589192,9.282803,-0.013520,-0.031960,-1.545600,ndi
1786514743.606721,9.300332,-0.013560,-0.031910,-1.545580,ndi
1786514743.624045,9.317656,-0.013570,-0.031890,-1.545520,ndi
1786514743.639058,9.332669,-0.013610,-0.031860,-1.545530,ndi
1786514743.656520,9.350131,-0.013620,-0.031830,-1.545500,ndi
1786514743.674045,9.367655,-0.013650,-0.031770,-1.545460,ndi
1786514743.689075,9.382685,-0.013680,-0.031750,-1.545440,ndi
1786514743.706535,9.400146,-0.013690,-0.031730,-1.545410,ndi
1786514743.724158,9.417768,-0.013720,-0.031680,-1.545390,ndi
1786514743.739042,9.432652,-0.013740,-0.031650,-1.545340,ndi
1786514743.756578,9.450189,-0.013760,-0.031620,-1.545330,ndi
1786514743.774057,9.467668,-0.013770,-0.031600,-1.545290,ndi
1786514743.789086,9.482696,-0.013780,-0.031570,-1.545270,ndi
1786514743.806550,9.500161,-0.013830,-0.031520,-1.545210,ndi
1786514743.824223,9.517833,-0.013850,-0.031490,-1.545180,ndi
1786514743.839031,9.532641,-0.013860,-0.031470,-1.545160,ndi
1786514743.856499,9.550110,-0.013880,-0.031440,-1.545130,ndi
1786514743.874052,9.567663,-0.013920,-0.031390,-1.545090,ndi
1786514743.889060,9.582670,-0.013950,-0.031350,-1.545040,ndi
1786514743.906529,9.600140,-0.013950,-0.031330,-1.545010,ndi
1786514743.924014,9.617624,-0.013970,-0.031300,-1.545000,ndi
1786514743.939070,9.632680,-0.013990,-0.031270,-1.544960,ndi
1786514743.956495,9.650105,-0.014020,-0.031230,-1.544940,ndi
1786514743.971681,9.665291,-0.014040,-0.031200,-1.544930,ndi
1786514743.989068,9.682678,-0.014030,-0.031180,-1.544880,ndi
1786514744.006569,9.700179,-0.014080,-0.031140,-1.544850,ndi
1786514744.021752,9.715362,-0.014110,-0.031100,-1.544820,ndi
1786514744.039059,9.732670,-0.014120,-0.031070,-1.544800,ndi
1786514744.056495,9.750106,-0.014160,-0.031050,-1.544680,ndi
1786514744.071640,9.765251,-0.014170,-0.031020,-1.544700,ndi
1786514744.089042,9.782652,-0.014180,-0.030980,-1.544690,ndi
1786514744.106527,9.800138,-0.014200,-0.030960,-1.544650,ndi
1786514744.121708,9.815318,-0.014220,-0.030940,-1.544600,ndi
1786514744.139047,9.832658,-0.014240,-0.030890,-1.544550,ndi
1786514744.156508,9.850118,-0.014270,-0.030870,-1.544530,ndi
1786514744.171692,9.865303,-0.014300,-0.030840,-1.544520,ndi
1786514744.189191,9.882802,-0.014300,-0.030810,-1.544470,ndi
1786514744.206743,9.900354,-0.014350,-0.030770,-1.544440,ndi
1786514744.224214,9.917825,-0.014400,-0.030720,-1.544430,ndi
1786514744.239044,9.932655,-0.014400,-0.030690,-1.544400,ndi
1786514744.256498,9.950108,-0.014440,-0.030650,-1.544330,ndi
1786514744.274023,9.967633,-0.014450,-0.030620,-1.544350,ndi
1786514744.289080,9.982690,-0.014470,-0.030590,-1.544310,ndi
1786514744.306515,10.000126,-0.014500,-0.030560,-1.544290,ndi
1786514744.324048,10.017658,-0.014510,-0.030510,-1.544260,ndi
1786514744.339055,10.032665,-0.014530,-0.030480,-1.544230,ndi
1786514744.356526,10.050136,-0.014550,-0.030460,-1.544210,ndi
1786514744.374047,10.067657,-0.014590,-0.030420,-1.544170,ndi
1786514744.389073,10.082683,-0.014590,-0.030390,-1.544160,ndi
1786514744.406595,10.100205,-0.014630,-0.030360,-1.544120,ndi
1786514744.424069,10.117679,-0.014660,-0.030330,-1.544070,ndi
1786514744.439059,10.132670,-0.014660,-0.030300,-1.544080,ndi
1786514744.456519,10.150130,-0.014690,-0.030260,-1.544040,ndi
1786514744.474071,10.167681,-0.014700,-0.030220,-1.543990,ndi
1786514744.489075,10.182686,-0.014730,-0.030200,-1.543970,ndi
1786514744.506578,10.200188,-0.014750,-0.030190,-1.543940,ndi
1786514744.524046,10.217657,-0.014750,-0.030170,-1.543920,ndi
1786514744.539066,10.232676,-0.014760,-0.030160,-1.543930,ndi
1786514744.556547,10.250158,-0.014770,-0.030160,-1.543930,ndi
1786514744.574053,10.267663,-0.014760,-0.030160,-1.543950,ndi
1786514744.589053,10.282663,-0.014780,-0.030150,-1.543950,ndi
1786514744.606555,10.300165,-0.014780,-0.030150,-1.543990,ndi
1786514744.624162,10.317772,-0.014790,-0.030150,-1.543940,ndi
1786514744.639045,10.332655,-0.014780,-0.030160,-1.543950,ndi
1786514744.656492,10.350103,-0.014780,-0.030160,-1.543970,ndi
1786514744.674180,10.367790,-0.014780,-0.030150,-1.543920,ndi
1786514744.689157,10.382768,-0.014780,-0.030160,-1.543940,ndi
1786514744.706855,10.400465,-0.014780,-0.030160,-1.543920,ndi
1786514744.724189,10.417800,-0.014780,-0.030160,-1.543920,ndi
1786514744.739108,10.432718,-0.014770,-0.030160,-1.543950,ndi
1786514744.756510,10.450120,-0.014780,-0.030150,-1.543920,ndi
1786514744.774150,10.467761,-0.014770,-0.030160,-1.543920,ndi
1786514744.789127,10.482738,-0.014780,-0.030160,-1.543940,ndi
1786514744.806767,10.500378,-0.014780,-0.030160,-1.543950,ndi
1786514744.824094,10.517704,-0.014790,-0.030150,-1.543950,ndi
1786514744.839043,10.532653,-0.014800,-0.030160,-1.543910,ndi
1786514744.856576,10.550187,-0.014780,-0.030160,-1.543960,ndi
1786514744.874113,10.567724,-0.014790,-0.030160,-1.543940,ndi
1786514744.889143,10.582754,-0.014790,-0.030160,-1.543940,ndi
1786514744.906683,10.600293,-0.014790,-0.030160,-1.543940,ndi
1786514744.924198,10.617809,-0.014780,-0.030150,-1.543940,ndi
1786514744.939067,10.632678,-0.014780,-0.030160,-1.543950,ndi
1786514744.956539,10.650149,-0.014790,-0.030150,-1.543920,ndi
1786514744.971690,10.665300,-0.014790,-0.030160,-1.543940,ndi
1786514744.989133,10.682744,-0.014790,-0.030150,-1.543930,ndi
1786514745.006730,10.700340,-0.014800,-0.030160,-1.543930,ndi
1786514745.024214,10.717825,-0.014790,-0.030160,-1.543940,ndi
1786514745.039093,10.732703,-0.014800,-0.030160,-1.543930,ndi
1786514745.056550,10.750160,-0.014790,-0.030150,-1.543930,ndi
1786514745.074070,10.767680,-0.014800,-0.030160,-1.543940,ndi
1786514745.089103,10.782714,-0.014800,-0.030160,-1.543940,ndi
1786514745.106680,10.800291,-0.014790,-0.030160,-1.543940,ndi
1786514745.121904,10.815514,-0.014810,-0.030150,-1.543930,ndi
1786514745.139081,10.832692,-0.014790,-0.030160,-1.543930,ndi
1786514745.156540,10.850150,-0.014800,-0.030170,-1.543930,ndi
1786514745.174247,10.867857,-0.014800,-0.030160,-1.543930,ndi
1786514745.189230,10.882840,-0.014800,-0.030160,-1.543950,ndi
1786514745.206761,10.900371,-0.014810,-0.030160,-1.543960,ndi
1786514745.224083,10.917693,-0.014800,-0.030160,-1.543960,ndi
1786514745.239066,10.932677,-0.014810,-0.030160,-1.543950,ndi
1786514745.256556,10.950166,-0.014800,-0.030160,-1.543950,ndi
1786514745.271711,10.965321,-0.014800,-0.030160,-1.543970,ndi
1786514745.289122,10.982732,-0.014810,-0.030150,-1.543970,ndi
1786514745.306741,11.000351,-0.014780,-0.030160,-1.543950,ndi
1786514745.324191,11.017802,-0.014810,-0.030160,-1.543930,ndi
1786514745.339099,11.032710,-0.014800,-0.030160,-1.543930,ndi
1786514745.356541,11.050151,-0.014780,-0.030170,-1.543890,ndi
1786514745.374086,11.067697,-0.014810,-0.030160,-1.543900,ndi
1786514745.389113,11.082724,-0.014800,-0.030170,-1.543950,ndi
1786514745.406579,11.100189,-0.014800,-0.030160,-1.543920,ndi
1786514745.421815,11.115425,-0.014820,-0.030160,-1.543960,ndi
1786514745.439028,11.132638,-0.014810,-0.030160,-1.543980,ndi
1786514745.456549,11.150159,-0.014800,-0.030160,-1.543960,ndi
1786514745.474033,11.167643,-0.014810,-0.030160,-1.543960,ndi
1786514745.489068,11.182678,-0.014810,-0.030150,-1.543940,ndi
1786514745.506592,11.200202,-0.014800,-0.030150,-1.543970,ndi
1786514745.521733,11.215344,-0.014810,-0.030150,-1.543990,ndi
1786514745.539042,11.232653,-0.014810,-0.030140,-1.543950,ndi
1786514745.556565,11.250175,-0.014810,-0.030150,-1.543960,ndi
1786514745.574191,11.267801,-0.014830,-0.030150,-1.543960,ndi
1786514745.589171,11.282782,-0.014810,-0.030160,-1.543970,ndi
1786514745.606674,11.300284,-0.014810,-0.030160,-1.543950,ndi
1786514745.624152,11.317762,-0.014830,-0.030150,-1.543950,ndi
1786514745.639078,11.332689,-0.014800,-0.030160,-1.543970,ndi
1786514745.656518,11.350129,-0.014820,-0.030150,-1.543930,ndi
1786514745.674032,11.367642,-0.014820,-0.030160,-1.543920,ndi
1786514745.689192,11.382802,-0.014810,-0.030150,-1.543930,ndi
1786514745.706684,11.400294,-0.014820,-0.030150,-1.543960,ndi
1786514745.724189,11.417800,-0.014810,-0.030140,-1.543980,ndi
1786514745.739112,11.432722,-0.014820,-0.030140,-1.543960,ndi
1786514745.756559,11.450170,-0.014830,-0.030130,-1.543970,ndi
1786514745.774036,11.467647,-0.014840,-0.030130,-1.543980,ndi
1786514745.789092,11.482702,-0.014840,-0.030130,-1.543970,ndi
1786514745.806779,11.500389,-0.014830,-0.030120,-1.544000,ndi
1786514745.824132,11.517742,-0.014840,-0.030110,-1.544000,ndi
1786514745.839110,11.532721,-0.014830,-0.030110,-1.543990,ndi
1786514745.856547,11.550158,-0.014840,-0.030110,-1.544010,ndi
1786514745.874210,11.567820,-0.014830,-0.030100,-1.543980,ndi
1786514745.889172,11.582783,-0.014840,-0.030090,-1.544010,ndi
1786514745.906618,11.600228,-0.014850,-0.030090,-1.544010,ndi
1786514745.924184,11.617794,-0.014830,-0.030090,-1.544010,ndi
1786514745.939071,11.632681,-0.014840,-0.030080,-1.544010,ndi
1786514745.956529,11.650139,-0.014860,-0.030060,-1.544010,ndi
1786514745.974035,11.667646,-0.014860,-0.030060,-1.544060,ndi
1786514745.989158,11.682768,-0.014880,-0.030050,-1.544030,ndi
1786514746.006609,11.700220,-0.014870,-0.030040,-1.544030,ndi
1786514746.021640,11.715250,-0.014880,-0.030030,-1.544040,ndi
1786514746.039061,11.732671,-0.014880,-0.030030,-1.544060,ndi
1786514746.056536,11.750146,-0.014880,-0.030030,-1.544050,ndi
1786514746.074064,11.767674,-0.014890,-0.030010,-1.544070,ndi
1786514746.089128,11.782738,-0.014880,-0.030010,-1.544080,ndi
1786514746.106555,11.800166,-0.014890,-0.030000,-1.544090,ndi
1786514746.124212,11.817823,-0.014890,-0.030000,-1.544080,ndi
1786514746.139121,11.832731,-0.014890,-0.029990,-1.544090,ndi
1786514746.156622,11.850233,-0.014910,-0.029980,-1.544100,ndi
1786514746.174090,11.867701,-0.014910,-0.029970,-1.544130,ndi
1786514746.189090,11.882701,-0.014920,-0.029960,-1.544110,ndi
1786514746.206578,11.900189,-0.014920,-0.029960,-1.544130,ndi
1786514746.221728,11.915338,-0.014910,-0.029950,-1.544140,ndi
1786514746.239123,11.932734,-0.014940,-0.029950,-1.544120,ndi
1786514746.256550,11.950160,-0.014940,-0.029950,-1.544170,ndi
1786514746.274045,11.967656,-0.014930,-0.029930,-1.544130,ndi
1786514746.289120,11.982730,-0.014930,-0.029930,-1.544150,ndi
1786514746.306587,12.000197,-0.014940,-0.029920,-1.544210,ndi
1786514746.324228,12.017838,-0.014940,-0.029910,-1.544150,ndi
1786514746.339138,12.032748,-0.014940,-0.029910,-1.544180,ndi
1786514746.356533,12.050143,-0.014970,-0.029900,-1.544170,ndi
1786514746.374215,12.067825,-0.014950,-0.029900,-1.544200,ndi
1786514746.389235,12.082846,-0.014960,-0.029880,-1.544180,ndi
1786514746.406742,12.100353,-0.014970,-0.029870,-1.544190,ndi
1786514746.424218,12.117828,-0.014950,-0.029870,-1.544200,ndi
1786514746.439088,12.132698,-0.014980,-0.029860,-1.544200,ndi
1786514746.456536,12.150146,-0.014960,-0.029850,-1.544200,ndi
1786514746.474077,12.167688,-0.014970,-0.029840,-1.544200,ndi
1786514746.489100,12.182710,-0.014990,-0.029850,-1.544220,ndi
1786514746.506580,12.200190,-0.014970,-0.029850,-1.544240,ndi
1786514746.524071,12.217681,-0.014990,-0.029830,-1.544250,ndi
1786514746.539073,12.232683,-0.015000,-0.029820,-1.544250,ndi
1786514746.556577,12.250187,-0.015000,-0.029820,-1.544260,ndi
1786514746.574128,12.267739,-0.015010,-0.029820,-1.544270,ndi
1786514746.589193,12.282803,-0.015010,-0.029810,-1.544260,ndi
1786514746.606686,12.300296,-0.015020,-0.029790,-1.544250,ndi
1786514746.624211,12.317821,-0.015000,-0.029800,-1.544250,ndi
1786514746.639067,12.332677,-0.015030,-0.029800,-1.544270,ndi
1786514746.656555,12.350166,-0.015010,-0.029790,-1.544260,ndi
1786514746.674108,12.367719,-0.015030,-0.029770,-1.544270,ndi
1786514746.689111,12.382721,-0.015040,-0.029770,-1.544300,ndi
1786514746.706570,12.400181,-0.015020,-0.029780,-1.544280,ndi
1786514746.724235,12.417846,-0.015040,-0.029770,-1.544300,ndi
1786514746.739053,12.432664,-0.015050,-0.029750,-1.544300,ndi
1786514746.756566,12.450177,-0.015050,-0.029740,-1.544330,ndi
1786514746.774101,12.467711,-0.015070,-0.029750,-1.544300,ndi
1786514746.789096,12.482707,-0.015050,-0.029740,-1.544320,ndi
1786514746.806653,12.500263,-0.015070,-0.029720,-1.544320,ndi
1786514746.824085,12.517696,-0.015070,-0.029730,-1.544330,ndi
1786514746.839075,12.532686,-0.015070,-0.029730,-1.544330,ndi
1786514746.856571,12.550181,-0.015080,-0.029720,-1.544340,ndi
1786514746.871749,12.565359,-0.015070,-0.029710,-1.544320,ndi
1786514746.889251,12.582861,-0.015080,-0.029690,-1.544330,ndi
1786514746.906734,12.600344,-0.015080,-0.029690,-1.544340,ndi
1786514746.924232,12.617842,-0.015090,-0.029690,-1.544370,ndi
1786514746.939095,12.632706,-0.015120,-0.029680,-1.544380,ndi
1786514746.956575,12.650186,-0.015110,-0.029680,-1.544420,ndi
1786514746.971671,12.665282,-0.015120,-0.029670,-1.544400,ndi
1786514746.989146,12.682756,-0.015120,-0.029660,-1.544450,ndi
1786514747.006575,12.700186,-0.015120,-0.029650,-1.544440,ndi
1786514747.024231,12.717841,-0.015140,-0.029640,-1.544440,ndi
1786514747.039083,12.732693,-0.015120,-0.029650,-1.544480,ndi
1786514747.056572,12.750183,-0.015140,-0.029640,-1.544450,ndi
1786514747.074105,12.767715,-0.015140,-0.029630,-1.544490,ndi
1786514747.089109,12.782719,-0.015140,-0.029620,-1.544490,ndi
1786514747.106585,12.800195,-0.015150,-0.029620,-1.544490,ndi
1786514747.124241,12.817852,-0.015150,-0.029610,-1.544490,ndi
1786514747.139106,12.832716,-0.015170,-0.029600,-1.544500,ndi
1786514747.156577,12.850188,-0.015170,-0.029600,-1.544490,ndi
1786514747.174249,12.867860,-0.015180,-0.029600,-1.544500,ndi
1786514747.189232,12.882842,-0.015180,-0.029590,-1.544510,ndi
1786514747.206743,12.900353,-0.015170,-0.029580,-1.544520,ndi
1786514747.221781,12.915392,-0.015200,-0.029580,-1.544530,ndi
1786514747.239104,12.932714,-0.015170,-0.029570,-1.544540,ndi
1786514747.256576,12.950187,-0.015180,-0.029550,-1.544520,ndi
1786514747.274094,12.967705,-0.015190,-0.029560,-1.544550,ndi
1786514747.289114,12.982724,-0.015190,-0.029560,-1.544570,ndi
1786514747.306766,13.000376,-0.015200,-0.029550,-1.544520,ndi
1786514747.324352,13.017962,-0.015200,-0.029540,-1.544550,ndi
1786514747.339110,13.032720,-0.015200,-0.029540,-1.544590,ndi
1786514747.356595,13.050205,-0.015210,-0.029540,-1.544540,ndi
1786514747.371602,13.065212,-0.015210,-0.029530,-1.544580,ndi
1786514747.389209,13.082819,-0.015230,-0.029510,-1.544590,ndi
1786514747.406742,13.100353,-0.015210,-0.029530,-1.544590,ndi
1786514747.424240,13.117851,-0.015230,-0.029530,-1.544580,ndi
1786514747.439075,13.132686,-0.015230,-0.029510,-1.544600,ndi
1786514747.456579,13.150189,-0.015220,-0.029500,-1.544600,ndi
1786514747.474080,13.167691,-0.015240,-0.029500,-1.544600,ndi
1786514747.489067,13.182678,-0.015210,-0.029510,-1.544610,ndi
1786514747.506566,13.200176,-0.015250,-0.029490,-1.544610,ndi
1786514747.521606,13.215216,-0.015250,-0.029480,-1.544590,ndi
1786514747.539103,13.232713,-0.015250,-0.029480,-1.544630,ndi
1786514747.556563,13.250173,-0.015270,-0.029490,-1.544630,ndi
1786514747.574083,13.267693,-0.015250,-0.029470,-1.544600,ndi
1786514747.589109,13.282720,-0.015270,-0.029450,-1.544630,ndi
1786514747.606747,13.300357,-0.015270,-0.029460,-1.544610,ndi
1786514747.621773,13.315384,-0.015260,-0.029470,-1.544640,ndi
1786514747.639089,13.332700,-0.015280,-0.029440,-1.544620,ndi
1786514747.656588,13.350199,-0.015270,-0.029430,-1.544650,ndi
1786514747.674089,13.367700,-0.015290,-0.029440,-1.544650,ndi
1786514747.689091,13.382701,-0.015280,-0.029440,-1.544650,ndi
1786514747.706611,13.400221,-0.015290,-0.029420,-1.544670,ndi
1786514747.721765,13.415375,-0.015290,-0.029410,-1.544660,ndi
1786514747.739116,13.432727,-0.015290,-0.029420,-1.544680,ndi
1786514747.756611,13.450222,-0.015320,-0.029410,-1.544700,ndi
1786514747.771854,13.465465,-0.015290,-0.029400,-1.544680,ndi
1786514747.789451,13.483061,-0.015300,-0.029390,-1.544670,ndi
1786514747.806720,13.500330,-0.015320,-0.029390,-1.544670,ndi
1786514747.824099,13.517709,-0.015290,-0.029390,-1.544690,ndi
1786514747.839106,13.532717,-0.015310,-0.029370,-1.544680,ndi
1786514747.856596,13.550206,-0.015310,-0.029370,-1.544700,ndi
1786514747.871873,13.565483,-0.015310,-0.029370,-1.544680,ndi
1786514747.889224,13.582835,-0.015310,-0.029370,-1.544680,ndi
1786514747.906729,13.600339,-0.015310,-0.029350,-1.544710,ndi
1786514747.924219,13.617829,-0.015340,-0.029350,-1.544710,ndi
1786514747.939131,13.632742,-0.015320,-0.029350,-1.544720,ndi
1786514747.956594,13.650204,-0.015330,-0.029350,-1.544710,ndi
1786514747.974222,13.667833,-0.015330,-0.029330,-1.544710,ndi
1786514747.989271,13.682881,-0.015320,-0.029330,-1.544710,ndi
1786514748.006722,13.700333,-0.015350,-0.029340,-1.544710,ndi
1786514748.024220,13.717830,-0.015320,-0.029320,-1.544750,ndi
1786514748.039120,13.732731,-0.015340,-0.029310,-1.544750,ndi
1786514748.056605,13.750215,-0.015340,-0.029310,-1.544730,ndi
1786514748.071906,13.765517,-0.015330,-0.029320,-1.544790,ndi
1786514748.089161,13.782772,-0.015350,-0.029300,-1.544750,ndi
1786514748.106728,13.800338,-0.015350,-0.029290,-1.544810,ndi
1786514748.124179,13.817790,-0.015370,-0.029290,-1.544830,ndi
1786514748.139132,13.832743,-0.015370,-0.029290,-1.544790,ndi
1786514748.156599,13.850209,-0.015360,-0.029270,-1.544770,ndi
1786514748.174090,13.867700,-0.015370,-0.029260,-1.544780,ndi
1786514748.189087,13.882697,-0.015360,-0.029260,-1.544820,ndi
1786514748.206590,13.900200,-0.015370,-0.029270,-1.544840,ndi
1786514748.224272,13.917883,-0.015360,-0.029250,-1.544850,ndi
1786514748.239150,13.932760,-0.015370,-0.029240,-1.544810,ndi
1786514748.256616,13.950226,-0.015380,-0.029240,-1.544810,ndi
1786514748.274154,13.967764,-0.015360,-0.029250,-1.544850,ndi
1786514748.289247,13.982857,-0.015380,-0.029230,-1.544830,ndi
1786514748.306808,14.000419,-0.015390,-0.029210,-1.544820,ndi
1786514748.324286,14.017897,-0.015390,-0.029220,-1.544830,ndi
1786514748.339167,14.032777,-0.015390,-0.029230,-1.544840,ndi
1786514748.356602,14.050212,-0.015380,-0.029200,-1.544900,ndi
1786514748.374093,14.067704,-0.015410,-0.029190,-1.544840,ndi
1786514748.389097,14.082708,-0.015400,-0.029210,-1.544880,ndi
1786514748.406624,14.100234,-0.015380,-0.029200,-1.544880,ndi
1786514748.424293,14.117904,-0.015400,-0.029180,-1.544850,ndi
1786514748.439131,14.132741,-0.015400,-0.029170,-1.544900,ndi
1786514748.456592,14.150202,-0.015410,-0.029170,-1.544900,ndi
1786514748.471804,14.165414,-0.015390,-0.029170,-1.544900,ndi
1786514748.489130,14.182740,-0.015400,-0.029150,-1.544890,ndi
1786514748.506654,14.200265,-0.015430,-0.029140,-1.544920,ndi
1786514748.524307,14.217917,-0.015410,-0.029150,-1.544940,ndi
1786514748.539143,14.232753,-0.015420,-0.029150,-1.544930,ndi
1786514748.556643,14.250253,-0.015410,-0.029130,-1.544930,ndi
1786514748.574140,14.267750,-0.015420,-0.029120,-1.544960,ndi
1786514748.589149,14.282760,-0.015430,-0.029130,-1.544960,ndi
1786514748.606730,14.300340,-0.015410,-0.029130,-1.544980,ndi
1786514748.624277,14.317888,-0.015430,-0.029110,-1.544940,ndi
1786514748.639127,14.332738,-0.015420,-0.029110,-1.544960,ndi
1786514748.656581,14.350191,-0.015420,-0.029100,-1.544970,ndi
1786514748.674113,14.367723,-0.015420,-0.029100,-1.544970,ndi
1786514748.689092,14.382702,-0.015420,-0.029100,-1.545010,ndi
1786514748.706805,14.400415,-0.015450,-0.029080,-1.544980,ndi
1786514748.721810,14.415420,-0.015440,-0.029080,-1.544980,ndi
1786514748.739139,14.432750,-0.015440,-0.029080,-1.544990,ndi
1786514748.756590,14.450200,-0.015450,-0.029080,-1.544980,ndi
1786514748.774139,14.467749,-0.015430,-0.029060,-1.545010,ndi
1786514748.789272,14.482882,-0.015460,-0.029050,-1.545030,ndi
1786514748.806775,14.500385,-0.015440,-0.029060,-1.545020,ndi
1786514748.824218,14.517828,-0.015440,-0.029050,-1.545050,ndi
1786514748.839148,14.532758,-0.015460,-0.029030,-1.545050,ndi
1786514748.856617,14.550227,-0.015440,-0.029020,-1.545100,ndi
1786514748.871924,14.565534,-0.015470,-0.029010,-1.545090,ndi
1786514748.889211,14.582821,-0.015470,-0.029000,-1.545120,ndi
1786514748.906656,14.600266,-0.015480,-0.028970,-1.545120,ndi
1786514748.921823,14.615434,-0.015490,-0.028970,-1.545130,ndi
1786514748.939131,14.632741,-0.015470,-0.028960,-1.545190,ndi
1786514748.956646,14.650256,-0.015490,-0.028940,-1.545180,ndi
1786514748.974244,14.667855,-0.015480,-0.028930,-1.545220,ndi
1786514748.989264,14.682874,-0.015500,-0.028930,-1.545230,ndi
1786514749.006717,14.700327,-0.015480,-0.028930,-1.545220,ndi
1786514749.021966,14.715576,-0.015470,-0.028920,-1.545230,ndi
1786514749.039152,14.732762,-0.015500,-0.028910,-1.545220,ndi
1786514749.056615,14.750226,-0.015480,-0.028910,-1.545240,ndi
1786514749.071811,14.765421,-0.015500,-0.028910,-1.545250,ndi
1786514749.089260,14.782870,-0.015490,-0.028900,-1.545250,ndi
1786514749.106774,14.800385,-0.015490,-0.028890,-1.545250,ndi
1786514749.124263,14.817873,-0.015510,-0.028880,-1.545220,ndi
1786514749.139176,14.832787,-0.015490,-0.028890,-1.545270,ndi
1786514749.156591,14.850201,-0.015500,-0.028880,-1.545230,ndi
1786514749.174159,14.867769,-0.015500,-0.028870,-1.545260,ndi
1786514749.189218,14.882828,-0.015490,-0.028870,-1.545240,ndi
1786514749.206769,14.900379,-0.015510,-0.028870,-1.545230,ndi
1786514749.224301,14.917912,-0.015490,-0.028870,-1.545310,ndi
1786514749.239106,14.932716,-0.015500,-0.028860,-1.545270,ndi
1786514749.256592,14.950202,-0.015490,-0.028850,-1.545290,ndi
1786514749.274206,14.967817,-0.015510,-0.028850,-1.545300,ndi
1786514749.289227,14.982837,-0.015520,-0.028840,-1.545310,ndi
1786514749.306702,15.000313,-0.015500,-0.028840,-1.545300,ndi
1786514749.324122,15.017733,-0.015530,-0.028820,-1.545320,ndi
1786514749.339235,15.032846,-0.015500,-0.028830,-1.545340,ndi
1786514749.356623,15.050234,-0.015500,-0.028830,-1.545350,ndi
1786514749.374129,15.067739,-0.015520,-0.028820,-1.545350,ndi
1786514749.389279,15.082889,-0.015500,-0.028810,-1.545410,ndi
1786514749.406775,15.100385,-0.015520,-0.028810,-1.545370,ndi
1786514749.424282,15.117892,-0.015500,-0.028810,-1.545400,ndi
1786514749.439131,15.132742,-0.015500,-0.028790,-1.545400,ndi
1786514749.456586,15.150197,-0.015520,-0.028790,-1.545390,ndi
1786514749.471736,15.165346,-0.015520,-0.028790,-1.545420,ndi
1786514749.489247,15.182858,-0.015520,-0.028790,-1.545380,ndi
1786514749.506683,15.200294,-0.015520,-0.028770,-1.545390,ndi
1786514749.521701,15.215312,-0.015530,-0.028760,-1.545410,ndi
1786514749.539212,15.232823,-0.015520,-0.028760,-1.545400,ndi
1786514749.556620,15.250230,-0.015510,-0.028760,-1.545440,ndi
1786514749.574226,15.267836,-0.015540,-0.028740,-1.545450,ndi
1786514749.589232,15.282843,-0.015510,-0.028740,-1.545420,ndi
1786514749.606753,15.300364,-0.015510,-0.028740,-1.545440,ndi
1786514749.621919,15.315529,-0.015520,-0.028740,-1.545440,ndi
1786514749.639154,15.332765,-0.015510,-0.028730,-1.545480,ndi
1786514749.656636,15.350246,-0.015540,-0.028720,-1.545420,ndi
1786514749.674178,15.367789,-0.015530,-0.028720,-1.545470,ndi
1786514749.689311,15.382921,-0.015530,-0.028730,-1.545450,ndi
1786514749.706758,15.400368,-0.015530,-0.028710,-1.545470,ndi
1786514749.724335,15.417946,-0.015530,-0.028710,-1.545480,ndi
1786514749.739150,15.432760,-0.015550,-0.028700,-1.545490,ndi
1786514749.756625,15.450236,-0.015530,-0.028700,-1.545500,ndi
1786514749.771719,15.465330,-0.015520,-0.028690,-1.545510,ndi
1786514749.789182,15.482793,-0.015530,-0.028680,-1.545490,ndi
1786514749.806765,15.500376,-0.015520,-0.028680,-1.545540,ndi
1786514749.821909,15.515520,-0.015540,-0.028680,-1.545480,ndi
1786514749.839188,15.532798,-0.015520,-0.028670,-1.545520,ndi
1786514749.856620,15.550231,-0.015540,-0.028660,-1.545520,ndi
1786514749.874261,15.567871,-0.015550,-0.028660,-1.545540,ndi
1786514749.889235,15.582845,-0.015530,-0.028650,-1.545550,ndi
1786514749.906761,15.600372,-0.015550,-0.028640,-1.545560,ndi
1786514749.921930,15.615540,-0.015540,-0.028640,-1.545580,ndi
1786514749.939154,15.632764,-0.015540,-0.028630,-1.545560,ndi
1786514749.956602,15.650213,-0.015530,-0.028620,-1.545560,ndi
1786514749.974171,15.667782,-0.015530,-0.028620,-1.545590,ndi
1786514749.989305,15.682915,-0.015550,-0.028610,-1.545560,ndi
1786514750.006685,15.700296,-0.015520,-0.028610,-1.545590,ndi
1786514750.024293,15.717904,-0.015550,-0.028600,-1.545590,ndi
1786514750.039130,15.732740,-0.015520,-0.028590,-1.545570,ndi
1786514750.056651,15.750261,-0.015540,-0.028590,-1.545590,ndi
1786514750.071758,15.765368,-0.015560,-0.028580,-1.545610,ndi
1786514750.089169,15.782779,-0.015540,-0.028570,-1.545600,ndi
1786514750.106698,15.800308,-0.015550,-0.028570,-1.545620,ndi
1786514750.124291,15.817902,-0.015550,-0.028570,-1.545620,ndi
1786514750.139148,15.832758,-0.015540,-0.028550,-1.545580,ndi
1786514750.156598,15.850209,-0.015550,-0.028540,-1.545640,ndi
1786514750.174140,15.867750,-0.015530,-0.028540,-1.545680,ndi
1786514750.189193,15.882803,-0.015550,-0.028540,-1.545640,ndi
1786514750.206821,15.900432,-0.015530,-0.028530,-1.545660,ndi
1786514750.224295,15.917905,-0.015550,-0.028510,-1.545680,ndi
1786514750.239139,15.932750,-0.015540,-0.028520,-1.545670,ndi
1786514750.256668,15.950279,-0.015540,-0.028520,-1.545660,ndi
1786514750.271747,15.965357,-0.015560,-0.028500,-1.545740,ndi
1786514750.289178,15.982789,-0.015550,-0.028500,-1.545720,ndi
1786514750.306829,16.000439,-0.015550,-0.028500,-1.545710,ndi
1786514750.321952,16.015562,-0.015550,-0.028500,-1.545720,ndi
1786514750.339137,16.032748,-0.015540,-0.028470,-1.545750,ndi
1786514750.356608,16.050218,-0.015550,-0.028470,-1.545750,ndi
1786514750.371761,16.065372,-0.015540,-0.028480,-1.545720,ndi
1786514750.389197,16.082807,-0.015530,-0.028480,-1.545750,ndi
1786514750.406831,16.100441,-0.015540,-0.028450,-1.545740,ndi
1786514750.424334,16.117944,-0.015540,-0.028450,-1.545750,ndi
1786514750.439132,16.132743,-0.015550,-0.028450,-1.545760,ndi
1786514750.456648,16.150258,-0.015540,-0.028450,-1.545790,ndi
1786514750.471741,16.165351,-0.015550,-0.028440,-1.545790,ndi
1786514750.489163,16.182773,-0.015550,-0.028420,-1.545790,ndi
1786514750.506663,16.200274,-0.015540,-0.028440,-1.545810,ndi
1786514750.521957,16.215567,-0.015550,-0.028440,-1.545800,ndi
1786514750.539168,16.232778,-0.015540,-0.028420,-1.545800,ndi
1786514750.556617,16.250227,-0.015540,-0.028410,-1.545810,ndi
1786514750.574217,16.267827,-0.015540,-0.028420,-1.545830,ndi
1786514750.589335,16.282946,-0.015530,-0.028420,-1.545830,ndi
1786514750.606776,16.300386,-0.015550,-0.028390,-1.545840,ndi
1786514750.624292,16.317903,-0.015530,-0.028400,-1.545890,ndi
1786514750.639121,16.332731,-0.015550,-0.028410,-1.545900,ndi
1786514750.656657,16.350268,-0.015530,-0.028400,-1.545890,ndi
1786514750.671762,16.365372,-0.015540,-0.028380,-1.545930,ndi
1786514750.689184,16.382794,-0.015560,-0.028380,-1.545920,ndi
1786514750.706822,16.400433,-0.015540,-0.028380,-1.545940,ndi
1786514750.724296,16.417906,-0.015550,-0.028370,-1.545950,ndi
1786514750.739179,16.432790,-0.015530,-0.028360,-1.545950,ndi
1786514750.756644,16.450254,-0.015530,-0.028360,-1.545940,ndi
1786514750.771746,16.465357,-0.015540,-0.028360,-1.545940,ndi
1786514750.789202,16.482812,-0.015530,-0.028350,-1.545970,ndi
1786514750.806824,16.500434,-0.015530,-0.028340,-1.545950,ndi
1786514750.821784,16.515395,-0.015550,-0.028340,-1.545940,ndi
1786514750.839145,16.532755,-0.015540,-0.028340,-1.545950,ndi
1786514750.856659,16.550270,-0.015540,-0.028330,-1.545970,ndi
1786514750.871777,16.565387,-0.015530,-0.028320,-1.545980,ndi
1786514750.889196,16.582807,-0.015560,-0.028320,-1.545950,ndi
1786514750.906735,16.600345,-0.015530,-0.028320,-1.545980,ndi
1786514750.924291,16.617901,-0.015530,-0.028300,-1.546010,ndi
1786514750.939112,16.632723,-0.015550,-0.028290,-1.545960,ndi
1786514750.956648,16.650258,-0.015520,-0.028290,-1.545990,ndi
1786514750.971874,16.665484,-0.015530,-0.028290,-1.545970,ndi
1786514750.989200,16.682810,-0.015520,-0.028280,-1.545970,ndi
1786514751.006658,16.700268,-0.015510,-0.028260,-1.545970,ndi
1786514751.024324,16.717934,-0.015530,-0.028270,-1.545970,ndi
1786514751.039176,16.732786,-0.015510,-0.028270,-1.545980,ndi
1786514751.056659,16.750269,-0.015540,-0.028240,-1.545970,ndi
1786514751.074222,16.767833,-0.015520,-0.028260,-1.546040,ndi
1786514751.089268,16.782878,-0.015530,-0.028250,-1.546030,ndi
1786514751.106766,16.800377,-0.015530,-0.028240,-1.546010,ndi
1786514751.121786,16.815397,-0.015500,-0.028220,-1.546010,ndi
1786514751.139165,16.832776,-0.015530,-0.028220,-1.546020,ndi
1786514751.156682,16.850292,-0.015510,-0.028230,-1.546020,ndi
1786514751.171830,16.865440,-0.015520,-0.028220,-1.546050,ndi
1786514751.189402,16.883012,-0.015510,-0.028200,-1.546010,ndi
1786514751.206916,16.900526,-0.015510,-0.028200,-1.546010,ndi
1786514751.224291,16.917902,-0.015530,-0.028190,-1.546050,ndi
1786514751.239177,16.932787,-0.015520,-0.028180,-1.546080,ndi
1786514751.256727,16.950337,-0.015530,-0.028160,-1.546100,ndi
1786514751.271852,16.965462,-0.015520,-0.028160,-1.546090,ndi
1786514751.289188,16.982798,-0.015520,-0.028160,-1.546110,ndi
1786514751.306659,17.000269,-0.015530,-0.028150,-1.546130,ndi
1786514751.324256,17.017867,-0.015510,-0.028140,-1.546140,ndi
1786514751.339143,17.032753,-0.015520,-0.028140,-1.546140,ndi
1786514751.356670,17.050281,-0.015510,-0.028140,-1.546180,ndi
1786514751.374245,17.067856,-0.015500,-0.028130,-1.546180,ndi
1786514751.389310,17.082920,-0.015510,-0.028120,-1.546150,ndi
1786514751.406805,17.100415,-0.015500,-0.028130,-1.546160,ndi
1786514751.424335,17.117945,-0.015520,-0.028120,-1.546170,ndi
1786514751.439186,17.132797,-0.015510,-0.028120,-1.546150,ndi
1786514751.456743,17.150353,-0.015500,-0.028110,-1.546180,ndi
1786514751.471950,17.165560,-0.015520,-0.028110,-1.546200,ndi
1786514751.489292,17.182903,-0.015490,-0.028100,-1.546200,ndi
1786514751.506762,17.200372,-0.015510,-0.028090,-1.546180,ndi
1786514751.524293,17.217903,-0.015490,-0.028090,-1.546200,ndi
1786514751.539181,17.232791,-0.015500,-0.028090,-1.546210,ndi
1786514751.556665,17.250275,-0.015510,-0.028080,-1.546200,ndi
1786514751.574222,17.267833,-0.015480,-0.028070,-1.546250,ndi
1786514751.589277,17.282887,-0.015490,-0.028060,-1.546230,ndi
1786514751.606799,17.300410,-0.015490,-0.028070,-1.546240,ndi
1786514751.621926,17.315536,-0.015490,-0.028060,-1.546250,ndi
1786514751.639181,17.332791,-0.015510,-0.028050,-1.546270,ndi
1786514751.656683,17.350293,-0.015490,-0.028050,-1.546290,ndi
1786514751.671796,17.365406,-0.015500,-0.028050,-1.546260,ndi
1786514751.689207,17.382817,-0.015470,-0.028050,-1.546270,ndi
1786514751.706750,17.400360,-0.015490,-0.028040,-1.546300,ndi
1786514751.721806,17.415417,-0.015490,-0.028030,-1.546270,ndi
1786514751.739194,17.432804,-0.015470,-0.028030,-1.546310,ndi
1786514751.756655,17.450266,-0.015490,-0.028030,-1.546290,ndi
1786514751.771750,17.465361,-0.015480,-0.028020,-1.546330,ndi
1786514751.789187,17.482797,-0.015470,-0.028010,-1.546330,ndi
1786514751.806640,17.500251,-0.015490,-0.028020,-1.546310,ndi
1786514751.821775,17.515385,-0.015470,-0.028010,-1.546390,ndi
1786514751.839173,17.532784,-0.015500,-0.028000,-1.546340,ndi
1786514751.856746,17.550356,-0.015470,-0.027990,-1.546360,ndi
1786514751.874217,17.567828,-0.015480,-0.027990,-1.546370,ndi
1786514751.889298,17.582908,-0.015470,-0.027990,-1.546370,ndi
1786514751.906780,17.600391,-0.015460,-0.027980,-1.546400,ndi
1786514751.924240,17.617850,-0.015480,-0.027970,-1.546350,ndi
1786514751.939198,17.632808,-0.015450,-0.027970,-1.546410,ndi
1786514751.956675,17.650285,-0.015470,-0.027960,-1.546380,ndi
1786514751.971808,17.665418,-0.015450,-0.027960,-1.546370,ndi
1786514751.989231,17.682841,-0.015450,-0.027960,-1.546370,ndi
1786514752.006697,17.700307,-0.015480,-0.027950,-1.546390,ndi
1786514752.024323,17.717933,-0.015450,-0.027950,-1.546430,ndi
1786514752.039187,17.732797,-0.015470,-0.027940,-1.546420,ndi
1786514752.056676,17.750286,-0.015470,-0.027940,-1.546410,ndi
1786514752.071807,17.765418,-0.015450,-0.027930,-1.546430,ndi
1786514752.089186,17.782797,-0.015470,-0.027920,-1.546400,ndi
1786514752.106672,17.800282,-0.015450,-0.027930,-1.546450,ndi
1786514752.124313,17.817924,-0.015450,-0.027920,-1.546430,ndi
1786514752.139178,17.832788,-0.015450,-0.027910,-1.546430,ndi
1786514752.156661,17.850271,-0.015440,-0.027900,-1.546430,ndi
1786514752.171748,17.865359,-0.015450,-0.027900,-1.546430,ndi
1786514752.189201,17.882812,-0.015430,-0.027910,-1.546460,ndi
1786514752.206716,17.900327,-0.015460,-0.027890,-1.546480,ndi
1786514752.222000,17.915611,-0.015440,-0.027880,-1.546470,ndi
1786514752.239167,17.932778,-0.015450,-0.027890,-1.546500,ndi
1786514752.256652,17.950262,-0.015440,-0.027890,-1.546470,ndi
1786514752.271807,17.965417,-0.015430,-0.027880,-1.546500,ndi
1786514752.289197,17.982808,-0.015450,-0.027860,-1.546490,ndi
1786514752.306700,18.000310,-0.015410,-0.027880,-1.546500,ndi
1786514752.321781,18.015391,-0.015420,-0.027880,-1.546500,ndi
1786514752.339178,18.032789,-0.015440,-0.027850,-1.546490,ndi
1786514752.356645,18.050256,-0.015410,-0.027840,-1.546540,ndi
1786514752.371912,18.065523,-0.015440,-0.027850,-1.546500,ndi
1786514752.389215,18.082826,-0.015420,-0.027860,-1.546490,ndi
1786514752.406718,18.100328,-0.015420,-0.027840,-1.546500,ndi
1786514752.421867,18.115477,-0.015440,-0.027830,-1.546530,ndi
1786514752.439177,18.132787,-0.015420,-0.027840,-1.546540,ndi
1786514752.456671,18.150281,-0.015420,-0.027840,-1.546530,ndi
1786514752.471824,18.165434,-0.015420,-0.027810,-1.546560,ndi
1786514752.489203,18.182814,-0.015410,-0.027800,-1.546580,ndi
1786514752.506811,18.200422,-0.015400,-0.027820,-1.546540,ndi
1786514752.521940,18.215550,-0.015400,-0.027820,-1.546560,ndi
1786514752.539200,18.232810,-0.015410,-0.027800,-1.546540,ndi
1786514752.556645,18.250256,-0.015400,-0.027800,-1.546580,ndi
1786514752.571819,18.265430,-0.015400,-0.027800,-1.546600,ndi
1786514752.589220,18.282831,-0.015400,-0.027800,-1.546600,ndi
1786514752.606694,18.300305,-0.015400,-0.027770,-1.546620,ndi
1786514752.621758,18.315369,-0.015420,-0.027760,-1.546600,ndi
1786514752.639182,18.332793,-0.015390,-0.027780,-1.546620,ndi
1786514752.656659,18.350269,-0.015410,-0.027770,-1.546610,ndi
1786514752.671803,18.365414,-0.015400,-0.027760,-1.546650,ndi
1786514752.689223,18.382833,-0.015380,-0.027750,-1.546670,ndi
1786514752.706743,18.400353,-0.015400,-0.027750,-1.546630,ndi
1786514752.724347,18.417957,-0.015380,-0.027750,-1.546660,ndi
1786514752.739240,18.432850,-0.015380,-0.027730,-1.546650,ndi
1786514752.756671,18.450281,-0.015380,-0.027730,-1.546680,ndi
1786514752.771752,18.465363,-0.015380,-0.027740,-1.546680,ndi
1786514752.789227,18.482837,-0.015390,-0.027730,-1.546680,ndi
1786514752.806672,18.500282,-0.015390,-0.027710,-1.546670,ndi
1786514752.824279,18.517890,-0.015400,-0.027710,-1.546660,ndi
1786514752.839209,18.532819,-0.015370,-0.027720,-1.546680,ndi
1786514752.856650,18.550260,-0.015380,-0.027720,-1.546700,ndi
1786514752.874315,18.567926,-0.015380,-0.027700,-1.546690,ndi
1786514752.889344,18.582954,-0.015370,-0.027700,-1.546710,ndi
1786514752.906846,18.600456,-0.015390,-0.027700,-1.546700,ndi
1786514752.921951,18.615562,-0.015350,-0.027700,-1.546710,ndi
1786514752.939220,18.632831,-0.015360,-0.027690,-1.546730,ndi
1786514752.956650,18.650260,-0.015370,-0.027680,-1.546700,ndi
1786514752.974138,18.667748,-0.015350,-0.027690,-1.546710,ndi
1786514752.989272,18.682882,-0.015370,-0.027680,-1.546740,ndi
1786514753.006883,18.700493,-0.015350,-0.027670,-1.546740,ndi
1786514753.021782,18.715392,-0.015350,-0.027670,-1.546750,ndi
1786514753.039250,18.732860,-0.015360,-0.027670,-1.546730,ndi
1786514753.056656,18.750266,-0.015340,-0.027660,-1.546790,ndi
1786514753.071797,18.765407,-0.015350,-0.027650,-1.546770,ndi
1786514753.089365,18.782976,-0.015340,-0.027650,-1.546790,ndi
1786514753.106837,18.800448,-0.015340,-0.027650,-1.546770,ndi
1786514753.121900,18.815511,-0.015340,-0.027650,-1.546820,ndi
1786514753.139176,18.832787,-0.015330,-0.027640,-1.546810,ndi
1786514753.156658,18.850268,-0.015340,-0.027640,-1.546750,ndi
1786514753.171771,18.865382,-0.015330,-0.027640,-1.546780,ndi
1786514753.189245,18.882855,-0.015350,-0.027630,-1.546820,ndi
1786514753.206697,18.900307,-0.015340,-0.027620,-1.546810,ndi
1786514753.224323,18.917934,-0.015330,-0.027620,-1.546850,ndi
1786514753.239185,18.932795,-0.015350,-0.027620,-1.546840,ndi
1786514753.256680,18.950290,-0.015310,-0.027610,-1.546850,ndi
1786514753.271889,18.965500,-0.015320,-0.027600,-1.546820,ndi
1786514753.289253,18.982864,-0.015330,-0.027600,-1.546840,ndi
1786514753.306792,19.000402,-0.015310,-0.027610,-1.546890,ndi
1786514753.321951,19.015562,-0.015310,-0.027590,-1.546840,ndi
1786514753.339191,19.032802,-0.015300,-0.027580,-1.546880,ndi
1786514753.356668,19.050279,-0.015310,-0.027590,-1.546880,ndi
1786514753.371787,19.065398,-0.015320,-0.027590,-1.546860,ndi
1786514753.389243,19.082854,-0.015290,-0.027580,-1.546920,ndi
1786514753.406698,19.100308,-0.015320,-0.027560,-1.546890,ndi
1786514753.421767,19.115377,-0.015300,-0.027570,-1.546930,ndi
1786514753.439221,19.132831,-0.015300,-0.027570,-1.546920,ndi
1786514753.456694,19.150304,-0.015290,-0.027560,-1.546890,ndi
1786514753.471946,19.165557,-0.015290,-0.027550,-1.546940,ndi
1786514753.489305,19.182915,-0.015290,-0.027540,-1.546870,ndi
1786514753.506800,19.200410,-0.015280,-0.027550,-1.546910,ndi
1786514753.524313,19.217924,-0.015290,-0.027550,-1.546900,ndi
1786514753.539238,19.232848,-0.015260,-0.027540,-1.546930,ndi
1786514753.556698,19.250309,-0.015280,-0.027540,-1.546920,ndi
1786514753.571934,19.265545,-0.015290,-0.027540,-1.546930,ndi
1786514753.589398,19.283009,-0.015260,-0.027530,-1.546970,ndi
1786514753.606789,19.300400,-0.015290,-0.027520,-1.546980,ndi
1786514753.624326,19.317937,-0.015270,-0.027520,-1.546950,ndi
1786514753.639241,19.332851,-0.015260,-0.027530,-1.547010,ndi
1786514753.656676,19.350287,-0.015270,-0.027520,-1.546990,ndi
1786514753.671983,19.365593,-0.015240,-0.027510,-1.547040,ndi
1786514753.689294,19.382904,-0.015260,-0.027500,-1.547030,ndi
1786514753.706797,19.400408,-0.015250,-0.027510,-1.547010,ndi
1786514753.721846,19.415456,-0.015250,-0.027500,-1.547040,ndi
1786514753.739194,19.432804,-0.015250,-0.027490,-1.547000,ndi
1786514753.756688,19.450298,-0.015250,-0.027500,-1.547080,ndi
1786514753.771797,19.465408,-0.015260,-0.027490,-1.547020,ndi
1786514753.789281,19.482892,-0.015250,-0.027490,-1.547080,ndi
1786514753.806867,19.500477,-0.015250,-0.027480,-1.547070,ndi
1786514753.824258,19.517868,-0.015240,-0.027480,-1.547050,ndi
1786514753.839243,19.532853,-0.015230,-0.027480,-1.547040,ndi
1786514753.856690,19.550301,-0.015230,-0.027470,-1.547050,ndi
1786514753.871866,19.565476,-0.015220,-0.027460,-1.547080,ndi
1786514753.889304,19.582914,-0.015240,-0.027470,-1.547080,ndi
1786514753.906706,19.600316,-0.015230,-0.027470,-1.547110,ndi
1786514753.921782,19.615392,-0.015200,-0.027460,-1.547090,ndi
1786514753.939202,19.632812,-0.015230,-0.027440,-1.547050,ndi
1786514753.956732,19.650342,-0.015210,-0.027450,-1.547100,ndi
1786514753.971794,19.665404,-0.015220,-0.027460,-1.547110,ndi
1786514753.989305,19.682915,-0.015220,-0.027440,-1.547090,ndi
1786514754.006709,19.700319,-0.015210,-0.027430,-1.547070,ndi
1786514754.024290,19.717901,-0.015210,-0.027450,-1.547090,ndi
1786514754.039194,19.732804,-0.015180,-0.027450,-1.547110,ndi
1786514754.056721,19.750332,-0.015210,-0.027430,-1.547120,ndi
1786514754.071889,19.765499,-0.015190,-0.027420,-1.547130,ndi
1786514754.089272,19.782882,-0.015190,-0.027430,-1.547150,ndi
1786514754.106729,19.800340,-0.015180,-0.027430,-1.547130,ndi
1786514754.124251,19.817862,-0.015170,-0.027420,-1.547140,ndi
1786514754.139221,19.832832,-0.015190,-0.027400,-1.547140,ndi
1786514754.156722,19.850332,-0.015180,-0.027410,-1.547150,ndi
1786514754.171821,19.865431,-0.015170,-0.027420,-1.547180,ndi
1786514754.189249,19.882859,-0.015190,-0.027390,-1.547160,ndi
1786514754.206762,19.900373,-0.015170,-0.027390,-1.547200,ndi
1786514754.221775,19.915385,-0.015180,-0.027400,-1.547170,ndi
1786514754.239212,19.932822,-0.015160,-0.027410,-1.547170,ndi
1786514754.256712,19.950322,-0.015140,-0.027390,-1.547200,ndi
1786514754.271798,19.965409,-0.015150,-0.027380,-1.547200,ndi
1786514754.289279,19.982890,-0.015150,-0.027390,-1.547210,ndi
1786514754.306734,20.000344,-0.015150,-0.027390,-1.547200,ndi
1786514754.324240,20.017851,-0.015130,-0.027380,-1.547230,ndi
1786514754.339210,20.032820,-0.015150,-0.027370,-1.547260,ndi
1786514754.356729,20.050339,-0.015160,-0.027380,-1.547220,ndi
1786514754.371800,20.065410,-0.015140,-0.027390,-1.547250,ndi
1786514754.389469,20.083080,-0.015150,-0.027370,-1.547200,ndi
1786514754.406766,20.100377,-0.015120,-0.027360,-1.547220,ndi
1786514754.424271,20.117881,-0.015120,-0.027370,-1.547240,ndi
1786514754.439214,20.132825,-0.015140,-0.027370,-1.547230,ndi
1786514754.456716,20.150326,-0.015100,-0.027360,-1.547240,ndi
1786514754.471787,20.165397,-0.015110,-0.027360,-1.547260,ndi
1786514754.489265,20.182875,-0.015110,-0.027360,-1.547290,ndi
1786514754.506783,20.200394,-0.015090,-0.027350,-1.547280,ndi
1786514754.524211,20.217822,-0.015100,-0.027350,-1.547290,ndi
1786514754.539196,20.232807,-0.015100,-0.027340,-1.547300,ndi
1786514754.556746,20.250357,-0.015110,-0.027340,-1.547280,ndi
1786514754.571904,20.265514,-0.015100,-0.027340,-1.547300,ndi
1786514754.589314,20.282925,-0.015100,-0.027340,-1.547290,ndi
1786514754.606741,20.300351,-0.015100,-0.027330,-1.547280,ndi
1786514754.624279,20.317889,-0.015090,-0.027330,-1.547320,ndi
1786514754.639227,20.332838,-0.015090,-0.027320,-1.547350,ndi
1786514754.656710,20.350321,-0.015070,-0.027320,-1.547350,ndi
1786514754.674249,20.367859,-0.015080,-0.027320,-1.547340,ndi
1786514754.689467,20.383078,-0.015070,-0.027320,-1.547360,ndi
1786514754.706928,20.400538,-0.015040,-0.027320,-1.547390,ndi
1786514754.724368,20.417978,-0.015080,-0.027310,-1.547380,ndi
1786514754.739261,20.432872,-0.015050,-0.027310,-1.547370,ndi
1786514754.756707,20.450318,-0.015060,-0.027310,-1.547370,ndi
1786514754.771891,20.465502,-0.015060,-0.027310,-1.547350,ndi
1786514754.789334,20.482944,-0.015030,-0.027300,-1.547400,ndi
1786514754.806863,20.500473,-0.015060,-0.027300,-1.547370,ndi
1786514754.824200,20.517810,-0.015040,-0.027310,-1.547390,ndi
1786514754.839236,20.532846,-0.015020,-0.027300,-1.547410,ndi
1786514754.856750,20.550360,-0.015030,-0.027290,-1.547420,ndi
1786514754.874235,20.567845,-0.015030,-0.027290,-1.547400,ndi
1786514754.889262,20.582873,-0.015020,-0.027300,-1.547420,ndi
1786514754.906842,20.600452,-0.015000,-0.027300,-1.547420,ndi
1786514754.924350,20.617960,-0.015030,-0.027280,-1.547430,ndi
1786514754.939303,20.632914,-0.015010,-0.027290,-1.547410,ndi
1786514754.956718,20.650328,-0.015020,-0.027290,-1.547410,ndi
1786514754.971864,20.665474,-0.015010,-0.027290,-1.547430,ndi
1786514754.989356,20.682966,-0.015000,-0.027280,-1.547430,ndi
1786514755.006874,20.700485,-0.015020,-0.027280,-1.547420,ndi
1786514755.024258,20.717869,-0.014980,-0.027280,-1.547450,ndi
1786514755.039243,20.732853,-0.014970,-0.027280,-1.547460,ndi
1786514755.056740,20.750351,-0.015000,-0.027270,-1.547450,ndi
1786514755.071879,20.765489,-0.014960,-0.027260,-1.547480,ndi
1786514755.089293,20.782903,-0.014970,-0.027270,-1.547450,ndi
1786514755.106805,20.800416,-0.014960,-0.027260,-1.547450,ndi
1786514755.124302,20.817913,-0.014950,-0.027260,-1.547500,ndi
1786514755.139225,20.832836,-0.014980,-0.027250,-1.547480,ndi
1786514755.156738,20.850348,-0.014950,-0.027260,-1.547490,ndi
1786514755.171932,20.865543,-0.014950,-0.027260,-1.547470,ndi
1786514755.189396,20.883006,-0.014950,-0.027250,-1.547470,ndi
1786514755.206891,20.900501,-0.014940,-0.027250,-1.547480,ndi
1786514755.224359,20.917969,-0.014940,-0.027250,-1.547490,ndi
1786514755.239244,20.932854,-0.014920,-0.027250,-1.547540,ndi
1786514755.256737,20.950347,-0.014930,-0.027240,-1.547490,ndi
1786514755.271925,20.965536,-0.014910,-0.027250,-1.547510,ndi
1786514755.289344,20.982955,-0.014910,-0.027250,-1.547510,ndi
1786514755.306828,21.000438,-0.014910,-0.027240,-1.547470,ndi
1786514755.324378,21.017988,-0.014900,-0.027240,-1.547510,ndi
1786514755.339258,21.032869,-0.014920,-0.027230,-1.547500,ndi
1786514755.356709,21.050319,-0.014900,-0.027230,-1.547500,ndi
1786514755.371971,21.065581,-0.014900,-0.027230,-1.547550,ndi
1786514755.389396,21.083006,-0.014900,-0.027230,-1.547490,ndi
1786514755.406819,21.100429,-0.014870,-0.027230,-1.547530,ndi
1786514755.421854,21.115464,-0.014900,-0.027220,-1.547520,ndi
1786514755.439254,21.132865,-0.014860,-0.027220,-1.547530,ndi
1786514755.456728,21.150338,-0.014860,-0.027220,-1.547540,ndi
1786514755.471908,21.165519,-0.014870,-0.027230,-1.547530,ndi
1786514755.489354,21.182965,-0.014850,-0.027220,-1.547560,ndi
1786514755.506842,21.200453,-0.014860,-0.027210,-1.547530,ndi
1786514755.521935,21.215545,-0.014850,-0.027230,-1.547560,ndi
1786514755.539253,21.232864,-0.014850,-0.027230,-1.547560,ndi
1786514755.556733,21.250343,-0.014850,-0.027220,-1.547550,ndi
1786514755.571893,21.265503,-0.014840,-0.027210,-1.547570,ndi
1786514755.589419,21.283030,-0.014840,-0.027210,-1.547570,ndi
1786514755.606859,21.300470,-0.014820,-0.027220,-1.547560,ndi
1786514755.621885,21.315496,-0.014810,-0.027210,-1.547570,ndi
1786514755.639265,21.332875,-0.014810,-0.027210,-1.547590,ndi
1786514755.656776,21.350387,-0.014810,-0.027220,-1.547600,ndi
1786514755.671814,21.365425,-0.014810,-0.027210,-1.547600,ndi
1786514755.689235,21.382845,-0.014780,-0.027210,-1.547580,ndi
1786514755.706789,21.400399,-0.014820,-0.027200,-1.547590,ndi
1786514755.722019,21.415630,-0.014800,-0.027200,-1.547600,ndi
1786514755.739242,21.432853,-0.014780,-0.027210,-1.547600,ndi
1786514755.756729,21.450340,-0.014800,-0.027200,-1.547580,ndi
1786514755.774202,21.467812,-0.014780,-0.027200,-1.547610,ndi
1786514755.789269,21.482879,-0.014790,-0.027200,-1.547620,ndi
1786514755.806896,21.500506,-0.014780,-0.027210,-1.547600,ndi
1786514755.821903,21.515513,-0.014760,-0.027200,-1.547650,ndi
1786514755.839228,21.532839,-0.014760,-0.027200,-1.547640,ndi
1786514755.856743,21.550353,-0.014750,-0.027200,-1.547640,ndi
1786514755.872014,21.565624,-0.014750,-0.027200,-1.547640,ndi
1786514755.889340,21.582951,-0.014730,-0.027190,-1.547610,ndi
1786514755.906852,21.600463,-0.014750,-0.027200,-1.547670,ndi
1786514755.921914,21.615524,-0.014750,-0.027200,-1.547630,ndi
1786514755.939240,21.632850,-0.014740,-0.027200,-1.547660,ndi
1786514755.956733,21.650344,-0.014760,-0.027190,-1.547620,ndi
1786514755.971730,21.665340,-0.014730,-0.027200,-1.547640,ndi
1786514755.989318,21.682928,-0.014730,-0.027200,-1.547640,ndi
1786514756.006773,21.700383,-0.014740,-0.027190,-1.547620,ndi
1786514756.021772,21.715383,-0.014700,-0.027190,-1.547670,ndi
1786514756.039254,21.732864,-0.014710,-0.027200,-1.547650,ndi
1786514756.056733,21.750343,-0.014690,-0.027190,-1.547680,ndi
1786514756.071996,21.765607,-0.014690,-0.027180,-1.547690,ndi
1786514756.089390,21.783000,-0.014700,-0.027180,-1.547680,ndi
1786514756.106923,21.800533,-0.014690,-0.027200,-1.547680,ndi
1786514756.124303,21.817913,-0.014700,-0.027190,-1.547660,ndi
1786514756.139251,21.832862,-0.014680,-0.027180,-1.547670,ndi
1786514756.156742,21.850352,-0.014690,-0.027190,-1.547680,ndi
1786514756.171984,21.865594,-0.014670,-0.027200,-1.547650,ndi
1786514756.189416,21.883027,-0.014650,-0.027190,-1.547650,ndi
1786514756.206892,21.900502,-0.014660,-0.027170,-1.547700,ndi
1786514756.224275,21.917886,-0.014650,-0.027190,-1.547700,ndi
1786514756.239255,21.932866,-0.014650,-0.027180,-1.547700,ndi
1786514756.256732,21.950343,-0.014630,-0.027190,-1.547680,ndi
1786514756.271966,21.965576,-0.014630,-0.027180,-1.547700,ndi
1786514756.289340,21.982951,-0.014650,-0.027170,-1.547730,ndi
1786514756.306859,22.000469,-0.014630,-0.027180,-1.547710,ndi
1786514756.321954,22.015564,-0.014640,-0.027190,-1.547760,ndi
1786514756.339277,22.032888,-0.014630,-0.027170,-1.547740,ndi
1786514756.356747,22.050357,-0.014620,-0.027170,-1.547740,ndi
1786514756.374311,22.067922,-0.014620,-0.027180,-1.547720,ndi
1786514756.389501,22.083111,-0.014600,-0.027190,-1.547740,ndi
1786514756.406818,22.100429,-0.014600,-0.027180,-1.547730,ndi
1786514756.421911,22.115521,-0.014590,-0.027180,-1.547750,ndi
1786514756.439269,22.132879,-0.014590,-0.027170,-1.547760,ndi
1786514756.456763,22.150373,-0.014580,-0.027180,-1.547740,ndi
1786514756.474338,22.167948,-0.014550,-0.027180,-1.547750,ndi
1786514756.489264,22.182874,-0.014580,-0.027170,-1.547760,ndi
1786514756.506807,22.200418,-0.014570,-0.027170,-1.547790,ndi
1786514756.522004,22.215614,-0.014570,-0.027180,-1.547800,ndi
1786514756.539261,22.232871,-0.014580,-0.027180,-1.547760,ndi
1786514756.556755,22.250365,-0.014560,-0.027180,-1.547780,ndi
1786514756.574237,22.267848,-0.014570,-0.027180,-1.547800,ndi
1786514756.589279,22.282889,-0.014550,-0.027180,-1.547780,ndi
1786514756.606882,22.300492,-0.014530,-0.027180,-1.547790,ndi
1786514756.624418,22.318028,-0.014540,-0.027180,-1.547770,ndi
1786514756.639303,22.332914,-0.014520,-0.027180,-1.547800,ndi
1786514756.656736,22.350346,-0.014520,-0.027180,-1.547790,ndi
1786514756.674246,22.367857,-0.014510,-0.027190,-1.547770,ndi
1786514756.689263,22.382874,-0.014520,-0.027190,-1.547780,ndi
1786514756.706784,22.400394,-0.014520,-0.027180,-1.547770,ndi
1786514756.721931,22.415541,-0.014510,-0.027180,-1.547790,ndi
1786514756.739271,22.432882,-0.014510,-0.027180,-1.547770,ndi
1786514756.756745,22.450356,-0.014490,-0.027190,-1.547820,ndi
1786514756.771809,22.465419,-0.014490,-0.027190,-1.547780,ndi
1786514756.789284,22.482894,-0.014500,-0.027180,-1.547780,ndi
1786514756.806818,22.500429,-0.014470,-0.027190,-1.547790,ndi
1786514756.821878,22.515489,-0.014490,-0.027180,-1.547780,ndi
1786514756.839278,22.532888,-0.014460,-0.027180,-1.547810,ndi
1786514756.856755,22.550365,-0.014470,-0.027170,-1.547820,ndi
1786514756.872005,22.565616,-0.014480,-0.027190,-1.547820,ndi
1786514756.889450,22.583060,-0.014470,-0.027190,-1.547830,ndi
1786514756.906863,22.600474,-0.014480,-0.027180,-1.547830,ndi
1786514756.921973,22.615583,-0.014470,-0.027180,-1.547830,ndi
1786514756.939258,22.632869,-0.014470,-0.027180,-1.547820,ndi
1786514756.956725,22.650336,-0.014460,-0.027190,-1.547790,ndi
1786514756.971772,22.665383,-0.014450,-0.027200,-1.547850,ndi
1786514756.989300,22.682910,-0.014450,-0.027180,-1.547830,ndi
1786514757.006817,22.700428,-0.014450,-0.027190,-1.547810,ndi
1786514757.022035,22.715646,-0.014460,-0.027200,-1.547820,ndi
1786514757.039298,22.732908,-0.014450,-0.027190,-1.547830,ndi
1786514757.056735,22.750345,-0.014440,-0.027190,-1.547810,ndi
1786514757.071800,22.765410,-0.014470,-0.027190,-1.547820,ndi
1786514757.089300,22.782911,-0.014450,-0.027190,-1.547830,ndi
1786514757.106779,22.800390,-0.014460,-0.027190,-1.547800,ndi
1786514757.124250,22.817861,-0.014460,-0.027190,-1.547820,ndi
1786514757.139236,22.832847,-0.014450,-0.027180,-1.547830,ndi
1786514757.156751,22.850362,-0.014460,-0.027190,-1.547830,ndi
1786514757.171750,22.865360,-0.014450,-0.027200,-1.547820,ndi
1786514757.189269,22.882880,-0.014450,-0.027180,-1.547820,ndi
1786514757.206879,22.900490,-0.014450,-0.027190,-1.547820,ndi
1786514757.221940,22.915550,-0.014440,-0.027200,-1.547800,ndi
1786514757.239264,22.932874,-0.014440,-0.027200,-1.547820,ndi
1786514757.256746,22.950356,-0.014440,-0.027190,-1.547810,ndi
1786514757.274259,22.967870,-0.014460,-0.027190,-1.547810,ndi
1786514757.289304,22.982914,-0.014450,-0.027200,-1.547800,ndi
1786514757.306778,23.000389,-0.014460,-0.027200,-1.547790,ndi
1786514757.321989,23.015600,-0.014460,-0.027200,-1.547790,ndi
1786514757.339298,23.032908,-0.014450,-0.027200,-1.547800,ndi
1786514757.356715,23.050326,-0.014470,-0.027200,-1.547780,ndi
1786514757.371777,23.065388,-0.014460,-0.027200,-1.547770,ndi
1786514757.389443,23.083054,-0.014460,-0.027190,-1.547810,ndi
1786514757.406962,23.100573,-0.014470,-0.027190,-1.547830,ndi
1786514757.422085,23.115695,-0.014440,-0.027190,-1.547850,ndi
1786514757.439257,23.132868,-0.014470,-0.027190,-1.547840,ndi
1786514757.456800,23.150410,-0.014450,-0.027190,-1.547840,ndi
1786514757.471912,23.165522,-0.014460,-0.027190,-1.547820,ndi
1786514757.489352,23.182962,-0.014480,-0.027190,-1.547810,ndi
1786514757.506876,23.200486,-0.014450,-0.027200,-1.547850,ndi
1786514757.521910,23.215520,-0.014470,-0.027190,-1.547820,ndi
1786514757.539286,23.232896,-0.014460,-0.027190,-1.547830,ndi
1786514757.556732,23.250343,-0.014460,-0.027200,-1.547810,ndi
1786514757.571882,23.265493,-0.014450,-0.027200,-1.547800,ndi
1786514757.589348,23.282959,-0.014450,-0.027190,-1.547820,ndi
1786514757.606938,23.300548,-0.014470,-0.027190,-1.547830,ndi
1786514757.624414,23.318024,-0.014440,-0.027200,-1.547880,ndi
1786514757.639293,23.332903,-0.014450,-0.027190,-1.547840,ndi
1786514757.656765,23.350375,-0.014460,-0.027190,-1.547870,ndi
1786514757.671916,23.365526,-0.014460,-0.027190,-1.547850,ndi
1786514757.689315,23.382925,-0.014480,-0.027200,-1.547830,ndi
1786514757.706947,23.400557,-0.014440,-0.027200,-1.547840,ndi
1786514757.724400,23.418010,-0.014470,-0.027190,-1.547830,ndi
1786514757.739301,23.432911,-0.014460,-0.027190,-1.547820,ndi
1786514757.756755,23.450365,-0.014450,-0.027200,-1.547820,ndi
1786514757.771760,23.465370,-0.014470,-0.027200,-1.547820,ndi
1786514757.789310,23.482920,-0.014440,-0.027200,-1.547800,ndi
1786514757.806822,23.500432,-0.014470,-0.027200,-1.547800,ndi
1786514757.821787,23.515398,-0.014460,-0.027200,-1.547780,ndi
1786514757.839271,23.532881,-0.014440,-0.027200,-1.547830,ndi
1786514757.856778,23.550389,-0.014470,-0.027190,-1.547840,ndi
1786514757.871923,23.565534,-0.014460,-0.027190,-1.547850,ndi
1786514757.889377,23.582988,-0.014460,-0.027190,-1.547840,ndi
1786514757.906921,23.600531,-0.014460,-0.027200,-1.547820,ndi
1786514757.924390,23.618001,-0.014460,-0.027190,-1.547800,ndi
1786514757.939264,23.632874,-0.014460,-0.027190,-1.547770,ndi
1786514757.956755,23.650365,-0.014450,-0.027200,-1.547790,ndi
1786514757.974272,23.667883,-0.014470,-0.027200,-1.547780,ndi
1786514757.989332,23.682942,-0.014440,-0.027200,-1.547810,ndi
1786514758.006824,23.700434,-0.014460,-0.027200,-1.547810,ndi
1786514758.021803,23.715413,-0.014470,-0.027190,-1.547810,ndi
1786514758.039304,23.732915,-0.014440,-0.027190,-1.547800,ndi
1786514758.056757,23.750368,-0.014470,-0.027200,-1.547820,ndi
1786514758.071875,23.765486,-0.014470,-0.027190,-1.547800,ndi
1786514758.089310,23.782921,-0.014460,-0.027200,-1.547820,ndi
1786514758.106777,23.800388,-0.014470,-0.027200,-1.547790,ndi
1786514758.124458,23.818069,-0.014450,-0.027200,-1.547800,ndi
1786514758.139295,23.832906,-0.014470,-0.027200,-1.547810,ndi
1786514758.156760,23.850371,-0.014450,-0.027200,-1.547790,ndi
1786514758.171793,23.865404,-0.014450,-0.027200,-1.547820,ndi
1786514758.189332,23.882942,-0.014460,-0.027200,-1.547800,ndi
1786514758.206969,23.900580,-0.014460,-0.027200,-1.547840,ndi
1786514758.224429,23.918040,-0.014460,-0.027200,-1.547780,ndi
1786514758.239281,23.932892,-0.014450,-0.027210,-1.547820,ndi
1786514758.256780,23.950390,-0.014470,-0.027200,-1.547830,ndi
1786514758.271787,23.965398,-0.014460,-0.027200,-1.547830,ndi
1786514758.289336,23.982946,-0.014460,-0.027190,-1.547820,ndi
1786514758.306813,24.000423,-0.014490,-0.027200,-1.547830,ndi
1786514758.321878,24.015489,-0.014450,-0.027210,-1.547830,ndi
1786514758.339279,24.032890,-0.014460,-0.027190,-1.547820,ndi
1786514758.356771,24.050381,-0.014470,-0.027190,-1.547820,ndi
1786514758.372058,24.065668,-0.014440,-0.027200,-1.547850,ndi
1786514758.389449,24.083060,-0.014470,-0.027210,-1.547830,ndi
1786514758.406952,24.100562,-0.014450,-0.027200,-1.547850,ndi
1786514758.424290,24.117900,-0.014450,-0.027190,-1.547780,ndi
1786514758.439250,24.132860,-0.014470,-0.027200,-1.547800,ndi
1786514758.456889,24.150499,-0.014460,-0.027210,-1.547840,ndi
1786514758.471825,24.165435,-0.014470,-0.027200,-1.547800,ndi
1786514758.489317,24.182928,-0.014470,-0.027190,-1.547840,ndi
1786514758.506799,24.200410,-0.014470,-0.027200,-1.547830,ndi
1786514758.521838,24.215449,-0.014460,-0.027200,-1.547800,ndi
1786514758.539305,24.232915,-0.014470,-0.027200,-1.547860,ndi
1786514758.556798,24.250409,-0.014470,-0.027190,-1.547800,ndi
1786514758.571785,24.265395,-0.014450,-0.027200,-1.547820,ndi
1786514758.589344,24.282954,-0.014470,-0.027200,-1.547800,ndi
1786514758.606941,24.300552,-0.014450,-0.027200,-1.547800,ndi
1786514758.621829,24.315439,-0.014460,-0.027200,-1.547820,ndi
1786514758.639328,24.332939,-0.014480,-0.027200,-1.547750,ndi
1786514758.656777,24.350388,-0.014450,-0.027210,-1.547810,ndi
1786514758.674349,24.367960,-0.014470,-0.027200,-1.547820,ndi
1786514758.689339,24.382950,-0.014470,-0.027190,-1.547810,ndi
1786514758.706941,24.400552,-0.014450,-0.027190,-1.547800,ndi
1786514758.721906,24.415516,-0.014470,-0.027190,-1.547800,ndi
1786514758.739253,24.432863,-0.014460,-0.027210,-1.547850,ndi
1786514758.756765,24.450375,-0.014450,-0.027200,-1.547830,ndi
1786514758.771786,24.465396,-0.014460,-0.027200,-1.547810,ndi
1786514758.789306,24.482917,-0.014450,-0.027200,-1.547850,ndi
1786514758.807173,24.500783,-0.014450,-0.027200,-1.547800,ndi
1786514758.821915,24.515526,-0.014450,-0.027210,-1.547840,ndi
1786514758.839303,24.532913,-0.014470,-0.027200,-1.547810,ndi
1786514758.856805,24.550416,-0.014450,-0.027200,-1.547800,ndi
1786514758.871801,24.565412,-0.014460,-0.027210,-1.547830,ndi
1786514758.889454,24.583065,-0.014470,-0.027210,-1.547780,ndi
1786514758.906893,24.600504,-0.014440,-0.027150,-1.547820,ndi
1786514758.921924,24.615534,-0.014460,-0.027110,-1.547830,ndi
1786514758.939301,24.632912,-0.014440,-0.027100,-1.547830,ndi
1786514758.956813,24.650424,-0.014450,-0.027080,-1.547840,ndi
1786514758.971832,24.665442,-0.014460,-0.027050,-1.547810,ndi
1786514758.989401,24.683011,-0.014450,-0.027030,-1.547830,ndi
1786514759.006830,24.700440,-0.014460,-0.027000,-1.547750,ndi
1786514759.024292,24.717902,-0.014470,-0.026990,-1.547810,ndi
1786514759.039320,24.732930,-0.014470,-0.026970,-1.547820,ndi
1786514759.056793,24.750403,-0.014480,-0.026950,-1.547780,ndi
1786514759.071872,24.765483,-0.014480,-0.026950,-1.547790,ndi
1786514759.089332,24.782943,-0.014490,-0.026940,-1.547790,ndi
1786514759.106829,24.800440,-0.014480,-0.026920,-1.547780,ndi
1786514759.121827,24.815437,-0.014490,-0.026900,-1.547760,ndi
1786514759.139321,24.832931,-0.014490,-0.026870,-1.547770,ndi
1786514759.156809,24.850419,-0.014500,-0.026860,-1.547720,ndi
1786514759.171849,24.865459,-0.014520,-0.026820,-1.547660,ndi
1786514759.189324,24.882935,-0.014520,-0.026770,-1.547670,ndi
1786514759.206773,24.900383,-0.014540,-0.026750,-1.547690,ndi
1786514759.221838,24.915448,-0.014540,-0.026750,-1.547670,ndi
1786514759.239341,24.932951,-0.014540,-0.026710,-1.547670,ndi
1786514759.256786,24.950396,-0.014560,-0.026660,-1.547600,ndi
1786514759.271844,24.965455,-0.014570,-0.026630,-1.547620,ndi
1786514759.289378,24.982988,-0.014570,-0.026620,-1.547590,ndi
1786514759.306854,25.000465,-0.014580,-0.026580,-1.547600,ndi
1786514759.321794,25.015404,-0.014590,-0.026540,-1.547590,ndi
1786514759.339316,25.032927,-0.014610,-0.026490,-1.547600,ndi
1786514759.356824,25.050435,-0.014600,-0.026480,-1.547560,ndi
1786514759.371874,25.065485,-0.014610,-0.026440,-1.547570,ndi
1786514759.389470,25.083080,-0.014620,-0.026380,-1.547500,ndi
1786514759.406937,25.100548,-0.014650,-0.026350,-1.547490,ndi
1786514759.424327,25.117938,-0.014660,-0.026320,-1.547450,ndi
1786514759.439390,25.133000,-0.014670,-0.026290,-1.547450,ndi
1786514759.456806,25.150417,-0.014680,-0.026230,-1.547410,ndi
1786514759.474463,25.168074,-0.014690,-0.026210,-1.547390,ndi
1786514759.489443,25.183054,-0.014690,-0.026190,-1.547370,ndi
1786514759.507014,25.200624,-0.014710,-0.026150,-1.547340,ndi
1786514759.521982,25.215592,-0.014710,-0.026110,-1.547350,ndi
1786514759.539377,25.232988,-0.014710,-0.026100,-1.547280,ndi
1786514759.556804,25.250415,-0.014700,-0.026090,-1.547300,ndi
1786514759.571851,25.265461,-0.014710,-0.026050,-1.547300,ndi
1786514759.589473,25.283083,-0.014700,-0.026010,-1.547210,ndi
1786514759.606928,25.300538,-0.014670,-0.025980,-1.547240,ndi
1786514759.622079,25.315690,-0.014680,-0.025970,-1.547240,ndi
1786514759.639332,25.332942,-0.014670,-0.025950,-1.547240,ndi
1786514759.656783,25.350394,-0.014670,-0.025910,-1.547250,ndi
1786514759.671811,25.365422,-0.014670,-0.025900,-1.547170,ndi
1786514759.689343,25.382954,-0.014650,-0.025900,-1.547160,ndi
1786514759.706832,25.400443,-0.014660,-0.025890,-1.547130,ndi
1786514759.722192,25.415802,-0.014650,-0.025860,-1.547140,ndi
1786514759.739374,25.432985,-0.014650,-0.025840,-1.547130,ndi
1786514759.756799,25.450409,-0.014650,-0.025810,-1.547080,ndi
1786514759.771807,25.465418,-0.014630,-0.025780,-1.547080,ndi
1786514759.789333,25.482944,-0.014650,-0.025740,-1.547020,ndi
1786514759.806823,25.500433,-0.014660,-0.025710,-1.547000,ndi
1786514759.824294,25.517904,-0.014670,-0.025710,-1.547000,ndi
1786514759.839326,25.532936,-0.014670,-0.025690,-1.546960,ndi
1786514759.856814,25.550424,-0.014670,-0.025650,-1.546970,ndi
1786514759.874410,25.568020,-0.014690,-0.025630,-1.546950,ndi
1786514759.889480,25.583090,-0.014670,-0.025620,-1.546930,ndi
1786514759.906898,25.600508,-0.014680,-0.025570,-1.546890,ndi
1786514759.922016,25.615627,-0.014680,-0.025550,-1.546920,ndi
1786514759.939359,25.632969,-0.014680,-0.025530,-1.546920,ndi
1786514759.956816,25.650427,-0.014690,-0.025510,-1.546820,ndi
1786514759.971814,25.665425,-0.014680,-0.025470,-1.546810,ndi
1786514759.989493,25.683103,-0.014710,-0.025440,-1.546800,ndi
1786514760.006919,25.700530,-0.014730,-0.025400,-1.546740,ndi
1786514760.021976,25.715586,-0.014720,-0.025370,-1.546730,ndi
1786514760.039374,25.732985,-0.014750,-0.025330,-1.546680,ndi
1786514760.056834,25.750444,-0.014730,-0.025290,-1.546650,ndi
1786514760.071826,25.765436,-0.014750,-0.025260,-1.546620,ndi
1786514760.089342,25.782952,-0.014760,-0.025220,-1.546570,ndi
1786514760.106840,25.800450,-0.014750,-0.025180,-1.546570,ndi
1786514760.121876,25.815487,-0.014770,-0.025140,-1.546540,ndi
1786514760.139370,25.832981,-0.014770,-0.025100,-1.546500,ndi
1786514760.156819,25.850430,-0.014790,-0.025060,-1.546470,ndi
1786514760.171825,25.865435,-0.014790,-0.025030,-1.546420,ndi
1786514760.189338,25.882949,-0.014800,-0.024990,-1.546440,ndi
1786514760.206824,25.900434,-0.014830,-0.024950,-1.546390,ndi
1786514760.222058,25.915669,-0.014820,-0.024920,-1.546420,ndi
1786514760.239355,25.932965,-0.014830,-0.024890,-1.546360,ndi
1786514760.256787,25.950398,-0.014840,-0.024840,-1.546370,ndi
1786514760.271895,25.965505,-0.014850,-0.024800,-1.546330,ndi
1786514760.289466,25.983077,-0.014880,-0.024760,-1.546300,ndi
1786514760.306937,26.000547,-0.014860,-0.024720,-1.546290,ndi
1786514760.324454,26.018064,-0.014890,-0.024670,-1.546270,ndi
1786514760.339357,26.032967,-0.014900,-0.024630,-1.546260,ndi
1786514760.356798,26.050408,-0.014900,-0.024580,-1.546220,ndi
1786514760.374385,26.067996,-0.014910,-0.024540,-1.546150,ndi
1786514760.389451,26.083061,-0.014930,-0.024490,-1.546210,ndi
1786514760.406997,26.100607,-0.014950,-0.024440,-1.546110,ndi
1786514760.422065,26.115676,-0.014960,-0.024400,-1.546110,ndi
1786514760.439374,26.132984,-0.014960,-0.024370,-1.546100,ndi
1786514760.456820,26.150430,-0.014980,-0.024320,-1.546080,ndi
1786514760.471822,26.165432,-0.014970,-0.024280,-1.546040,ndi
1786514760.489360,26.182971,-0.015010,-0.024230,-1.545990,ndi
1786514760.506835,26.200445,-0.014990,-0.024200,-1.545970,ndi
1786514760.521903,26.215513,-0.014990,-0.024170,-1.545930,ndi
1786514760.539375,26.232985,-0.015030,-0.024120,-1.545920,ndi
1786514760.556805,26.250415,-0.015020,-0.024080,-1.545920,ndi
1786514760.571847,26.265458,-0.015050,-0.024050,-1.545910,ndi
1786514760.589331,26.282942,-0.015060,-0.024020,-1.545870,ndi
1786514760.606852,26.300463,-0.015070,-0.023970,-1.545830,ndi
1786514760.624347,26.317958,-0.015080,-0.023920,-1.545850,ndi
1786514760.639367,26.332978,-0.015080,-0.023910,-1.545860,ndi
1786514760.656813,26.350424,-0.015100,-0.023870,-1.545810,ndi
1786514760.671897,26.365507,-0.015100,-0.023820,-1.545780,ndi
1786514760.689362,26.382973,-0.015120,-0.023770,-1.545780,ndi
1786514760.706867,26.400477,-0.015120,-0.023750,-1.545750,ndi
1786514760.724592,26.418203,-0.015100,-0.023710,-1.545740,ndi
1786514760.739377,26.432987,-0.015150,-0.023660,-1.545700,ndi
1786514760.756804,26.450415,-0.015150,-0.023620,-1.545670,ndi
1786514760.771828,26.465438,-0.015160,-0.023600,-1.545650,ndi
1786514760.789359,26.482970,-0.015180,-0.023560,-1.545590,ndi
1786514760.806877,26.500487,-0.015180,-0.023510,-1.545580,ndi
1786514760.821857,26.515468,-0.015210,-0.023460,-1.545560,ndi
1786514760.839349,26.532959,-0.015210,-0.023440,-1.545540,ndi
1786514760.856834,26.550444,-0.015200,-0.023420,-1.545540,ndi
1786514760.874429,26.568039,-0.015220,-0.023370,-1.545510,ndi
1786514760.889462,26.583073,-0.015220,-0.023340,-1.545510,ndi
1786514760.906958,26.600568,-0.015230,-0.023320,-1.545480,ndi
1786514760.922107,26.615717,-0.015230,-0.023290,-1.545470,ndi
1786514760.939370,26.632980,-0.015240,-0.023240,-1.545420,ndi
1786514760.956816,26.650427,-0.015250,-0.023190,-1.545390,ndi
1786514760.971793,26.665403,-0.015270,-0.023160,-1.545400,ndi
1786514760.989460,26.683070,-0.015300,-0.023130,-1.545360,ndi
1786514761.006887,26.700497,-0.015290,-0.023080,-1.545310,ndi
1786514761.021832,26.715442,-0.015310,-0.023030,-1.545320,ndi
1786514761.039368,26.732978,-0.015320,-0.022990,-1.545260,ndi
1786514761.056846,26.750456,-0.015320,-0.022960,-1.545230,ndi
1786514761.071833,26.765443,-0.015340,-0.022920,-1.545170,ndi
1786514761.089361,26.782971,-0.015330,-0.022870,-1.545180,ndi
1786514761.106873,26.800484,-0.015350,-0.022840,-1.545170,ndi
1786514761.121838,26.815448,-0.015360,-0.022800,-1.545160,ndi
1786514761.139370,26.832981,-0.015350,-0.022760,-1.545140,ndi
1786514761.156825,26.850435,-0.015390,-0.022710,-1.545100,ndi
1786514761.174357,26.867968,-0.015400,-0.022670,-1.545120,ndi
1786514761.189358,26.882969,-0.015400,-0.022630,-1.545070,ndi
1786514761.206880,26.900491,-0.015420,-0.022580,-1.545070,ndi
1786514761.222035,26.915646,-0.015430,-0.022530,-1.545060,ndi
1786514761.239373,26.932983,-0.015440,-0.022500,-1.545000,ndi
1786514761.256838,26.950449,-0.015440,-0.022460,-1.545010,ndi
1786514761.271859,26.965469,-0.015460,-0.022420,-1.544980,ndi
1786514761.289346,26.982956,-0.015450,-0.022360,-1.544950,ndi
1786514761.306896,27.000506,-0.015480,-0.022310,-1.544930,ndi
1786514761.321954,27.015565,-0.015480,-0.022270,-1.544860,ndi
1786514761.339387,27.032998,-0.015470,-0.022230,-1.544870,ndi
1786514761.356833,27.050444,-0.015520,-0.022190,-1.544820,ndi
1786514761.371876,27.065487,-0.015520,-0.022140,-1.544800,ndi
1786514761.389378,27.082988,-0.015520,-0.022080,-1.544760,ndi
1786514761.406859,27.100470,-0.015540,-0.022050,-1.544740,ndi
1786514761.424345,27.117955,-0.015540,-0.022010,-1.544720,ndi
1786514761.439397,27.133008,-0.015560,-0.021970,-1.544700,ndi
1786514761.456876,27.150486,-0.015560,-0.021920,-1.544700,ndi
1786514761.471901,27.165512,-0.015560,-0.021890,-1.544730,ndi
1786514761.489357,27.182967,-0.015590,-0.021860,-1.544710,ndi
1786514761.506882,27.200493,-0.015570,-0.021820,-1.544710,ndi
1786514761.521852,27.215463,-0.015590,-0.021770,-1.544680,ndi
1786514761.539378,27.232989,-0.015600,-0.021730,-1.544660,ndi
1786514761.556864,27.250474,-0.015610,-0.021710,-1.544650,ndi
1786514761.572009,27.265619,-0.015630,-0.021660,-1.544610,ndi
1786514761.589501,27.283112,-0.015630,-0.021600,-1.544610,ndi
1786514761.607088,27.300698,-0.015650,-0.021580,-1.544580,ndi
1786514761.622017,27.315627,-0.015640,-0.021560,-1.544520,ndi
1786514761.639386,27.332996,-0.015650,-0.021510,-1.544500,ndi
1786514761.656827,27.350437,-0.015670,-0.021450,-1.544460,ndi
1786514761.671852,27.365463,-0.015660,-0.021420,-1.544480,ndi
1786514761.689367,27.382978,-0.015680,-0.021400,-1.544410,ndi
1786514761.706991,27.400602,-0.015670,-0.021350,-1.544420,ndi
1786514761.724537,27.418147,-0.015680,-0.021300,-1.544410,ndi
1786514761.739437,27.433048,-0.015710,-0.021280,-1.544400,ndi
1786514761.756873,27.450484,-0.015700,-0.021250,-1.544380,ndi
1786514761.771841,27.465451,-0.015730,-0.021220,-1.544360,ndi
1786514761.789353,27.482963,-0.015720,-0.021160,-1.544350,ndi
1786514761.807027,27.500637,-0.015740,-0.021130,-1.544320,ndi
1786514761.824374,27.517984,-0.015750,-0.021110,-1.544280,ndi
1786514761.839362,27.532973,-0.015740,-0.021080,-1.544290,ndi
1786514761.856825,27.550436,-0.015770,-0.021010,-1.544260,ndi
1786514761.871896,27.565506,-0.015770,-0.020980,-1.544250,ndi
1786514761.889417,27.583027,-0.015770,-0.020960,-1.544240,ndi
1786514761.906872,27.600483,-0.015780,-0.020910,-1.544210,ndi
1786514761.921885,27.615495,-0.015780,-0.020870,-1.544200,ndi
1786514761.939374,27.632985,-0.015810,-0.020820,-1.544130,ndi
1786514761.956827,27.650438,-0.015800,-0.020790,-1.544100,ndi
1786514761.972075,27.665686,-0.015820,-0.020760,-1.544070,ndi
1786514761.989690,27.683300,-0.015840,-0.020690,-1.544020,ndi
1786514762.007005,27.700616,-0.015830,-0.020660,-1.544010,ndi
1786514762.022056,27.715667,-0.015860,-0.020620,-1.543970,ndi
1786514762.039355,27.732965,-0.015840,-0.020600,-1.543960,ndi
1786514762.056840,27.750450,-0.015850,-0.020550,-1.543950,ndi
1786514762.074466,27.768076,-0.015870,-0.020490,-1.543880,ndi
1786514762.089483,27.783093,-0.015860,-0.020460,-1.543850,ndi
1786514762.106990,27.800600,-0.015890,-0.020420,-1.543880,ndi
1786514762.121958,27.815568,-0.015870,-0.020370,-1.543860,ndi
1786514762.139381,27.832992,-0.015910,-0.020320,-1.543830,ndi
1786514762.156919,27.850530,-0.015920,-0.020280,-1.543810,ndi
1786514762.171903,27.865514,-0.015920,-0.020240,-1.543820,ndi
1786514762.189414,27.883024,-0.015940,-0.020190,-1.543780,ndi
1786514762.206864,27.900475,-0.015930,-0.020150,-1.543780,ndi
1786514762.224517,27.918127,-0.015940,-0.020110,-1.543780,ndi
1786514762.239350,27.932960,-0.015940,-0.020070,-1.543750,ndi
1786514762.256837,27.950447,-0.015950,-0.020030,-1.543760,ndi
1786514762.271942,27.965552,-0.015970,-0.020000,-1.543700,ndi
1786514762.289522,27.983133,-0.015960,-0.019950,-1.543740,ndi
1786514762.306982,28.000592,-0.015970,-0.019890,-1.543640,ndi
1786514762.324487,28.018098,-0.015970,-0.019850,-1.543580,ndi
1786514762.339334,28.032944,-0.015990,-0.019810,-1.543580,ndi
1786514762.356849,28.050459,-0.016010,-0.019760,-1.543570,ndi
1786514762.371956,28.065566,-0.016010,-0.019720,-1.543540,ndi
1786514762.389515,28.083126,-0.016020,-0.019690,-1.543520,ndi
1786514762.407022,28.100633,-0.016020,-0.019660,-1.543540,ndi
1786514762.424433,28.118043,-0.016030,-0.019610,-1.543540,ndi
1786514762.439370,28.132981,-0.016050,-0.019560,-1.543500,ndi
1786514762.456848,28.150458,-0.016040,-0.019540,-1.543490,ndi
1786514762.472057,28.165668,-0.016060,-0.019500,-1.543470,ndi
1786514762.489506,28.183116,-0.016060,-0.019460,-1.543470,ndi
1786514762.506995,28.200606,-0.016050,-0.019410,-1.543470,ndi
1786514762.524469,28.218079,-0.016080,-0.019380,-1.543430,ndi
1786514762.539392,28.233003,-0.016070,-0.019360,-1.543400,ndi
1786514762.556853,28.250463,-0.016100,-0.019300,-1.543380,ndi
1786514762.571873,28.265483,-0.016100,-0.019250,-1.543370,ndi
1786514762.589433,28.283044,-0.016110,-0.019230,-1.543340,ndi
1786514762.606878,28.300488,-0.016110,-0.019190,-1.543280,ndi
1786514762.624473,28.318084,-0.016110,-0.019140,-1.543300,ndi
1786514762.639374,28.332985,-0.016130,-0.019100,-1.543280,ndi
1786514762.656847,28.350457,-0.016110,-0.019060,-1.543260,ndi
1786514762.671871,28.365481,-0.016120,-0.019040,-1.543230,ndi
1786514762.689399,28.383010,-0.016140,-0.018970,-1.543220,ndi
1786514762.706878,28.400488,-0.016130,-0.018930,-1.543210,ndi
1786514762.721927,28.415538,-0.016160,-0.018910,-1.543180,ndi
1786514762.739434,28.433044,-0.016150,-0.018880,-1.543170,ndi
1786514762.756963,28.450573,-0.016160,-0.018830,-1.543170,ndi
1786514762.771895,28.465505,-0.016180,-0.018790,-1.543120,ndi
1786514762.789422,28.483032,-0.016170,-0.018750,-1.543100,ndi
1786514762.807028,28.500639,-0.016190,-0.018700,-1.543090,ndi
1786514762.822020,28.515630,-0.016180,-0.018670,-1.543080,ndi
1786514762.839367,28.532978,-0.016190,-0.018610,-1.543080,ndi
1786514762.856887,28.550498,-0.016190,-0.018570,-1.543040,ndi
1786514762.871992,28.565602,-0.016190,-0.018550,-1.543030,ndi
1786514762.889549,28.583159,-0.016200,-0.018500,-1.542970,ndi
1786514762.907020,28.600631,-0.016200,-0.018450,-1.542990,ndi
1786514762.924447,28.618057,-0.016220,-0.018410,-1.542950,ndi
1786514762.939466,28.633076,-0.016230,-0.018370,-1.542960,ndi
1786514762.956897,28.650507,-0.016220,-0.018330,-1.542940,ndi
1786514762.971930,28.665540,-0.016240,-0.018290,-1.542870,ndi
1786514762.989463,28.683073,-0.016230,-0.018240,-1.542870,ndi
1786514763.006908,28.700518,-0.016250,-0.018200,-1.542830,ndi
1786514763.022080,28.715690,-0.016250,-0.018150,-1.542830,ndi
1786514763.039407,28.733018,-0.016250,-0.018100,-1.542830,ndi
1786514763.056901,28.750512,-0.016270,-0.018050,-1.542810,ndi
1786514763.071921,28.765532,-0.016260,-0.018000,-1.542810,ndi
1786514763.089411,28.783021,-0.016270,-0.017970,-1.542800,ndi
1786514763.106915,28.800525,-0.016270,-0.017930,-1.542760,ndi
1786514763.121935,28.815545,-0.016280,-0.017890,-1.542780,ndi
1786514763.139466,28.833076,-0.016300,-0.017830,-1.542740,ndi
1786514763.156889,28.850499,-0.016290,-0.017780,-1.542700,ndi
1786514763.171918,28.865529,-0.016310,-0.017750,-1.542720,ndi
1786514763.189453,28.883063,-0.016300,-0.017710,-1.542680,ndi
1786514763.206935,28.900545,-0.016290,-0.017650,-1.542660,ndi
1786514763.222056,28.915667,-0.016330,-0.017600,-1.542630,ndi
1786514763.239390,28.933001,-0.016310,-0.017560,-1.542610,ndi
1786514763.256906,28.950516,-0.016320,-0.017510,-1.542570,ndi
1786514763.271902,28.965513,-0.016320,-0.017460,-1.542560,ndi
1786514763.289422,28.983032,-0.016320,-0.017420,-1.542570,ndi
1786514763.306952,29.000563,-0.016340,-0.017380,-1.542560,ndi
1786514763.321932,29.015543,-0.016340,-0.017350,-1.542550,ndi
1786514763.339599,29.033210,-0.016360,-0.017300,-1.542520,ndi
1786514763.356895,29.050505,-0.016340,-0.017260,-1.542520,ndi
1786514763.371923,29.065534,-0.016360,-0.017220,-1.542510,ndi
1786514763.389446,29.083057,-0.016360,-0.017160,-1.542520,ndi
1786514763.406920,29.100531,-0.016350,-0.017130,-1.542470,ndi
1786514763.422041,29.115652,-0.016380,-0.017090,-1.542460,ndi
1786514763.439420,29.133030,-0.016360,-0.017040,-1.542460,ndi
1786514763.456904,29.150515,-0.016370,-0.017000,-1.542420,ndi
1786514763.472004,29.165615,-0.016390,-0.016960,-1.542390,ndi
1786514763.489609,29.183219,-0.016360,-0.016920,-1.542400,ndi
1786514763.507064,29.200675,-0.016400,-0.016870,-1.542370,ndi
1786514763.524523,29.218133,-0.016400,-0.016830,-1.542330,ndi
1786514763.539413,29.233024,-0.016400,-0.016790,-1.542340,ndi
1786514763.556919,29.250530,-0.016410,-0.016750,-1.542300,ndi
1786514763.571946,29.265557,-0.016400,-0.016710,-1.542300,ndi
1786514763.589469,29.283079,-0.016420,-0.016660,-1.542280,ndi
1786514763.606901,29.300511,-0.016410,-0.016610,-1.542240,ndi
1786514763.624521,29.318131,-0.016420,-0.016570,-1.542250,ndi
1786514763.639378,29.332988,-0.016410,-0.016530,-1.542190,ndi
1786514763.656889,29.350499,-0.016420,-0.016490,-1.542240,ndi
1786514763.671914,29.365525,-0.016420,-0.016450,-1.542200,ndi
1786514763.689474,29.383084,-0.016410,-0.016410,-1.542200,ndi
1786514763.706930,29.400541,-0.016440,-0.016370,-1.542220,ndi
1786514763.721892,29.415503,-0.016440,-0.016340,-1.542180,ndi
1786514763.739423,29.433033,-0.016440,-0.016280,-1.542170,ndi
1786514763.756926,29.450537,-0.016470,-0.016230,-1.542140,ndi
1786514763.772108,29.465719,-0.016450,-0.016210,-1.542120,ndi
1786514763.789578,29.483189,-0.016460,-0.016160,-1.542100,ndi
1786514763.807057,29.500668,-0.016470,-0.016110,-1.542030,ndi
1786514763.822114,29.515725,-0.016450,-0.016070,-1.542040,ndi
1786514763.839436,29.533046,-0.016480,-0.016020,-1.541990,ndi
1786514763.856911,29.550521,-0.016460,-0.015990,-1.542030,ndi
1786514763.871920,29.565530,-0.016460,-0.015930,-1.541970,ndi
1786514763.889453,29.583063,-0.016480,-0.015880,-1.541930,ndi
1786514763.906962,29.600573,-0.016480,-0.015850,-1.541960,ndi
1786514763.921956,29.615566,-0.016490,-0.015810,-1.541900,ndi
1786514763.939386,29.632996,-0.016480,-0.015740,-1.541900,ndi
1786514763.956910,29.650521,-0.016500,-0.015670,-1.541900,ndi
1786514763.971930,29.665541,-0.016480,-0.015630,-1.541890,ndi
1786514763.989421,29.683032,-0.016490,-0.015600,-1.541890,ndi
1786514764.006937,29.700547,-0.016500,-0.015530,-1.541860,ndi
1786514764.021944,29.715555,-0.016480,-0.015490,-1.541900,ndi
1786514764.039399,29.733010,-0.016500,-0.015450,-1.541870,ndi
1786514764.056897,29.750508,-0.016480,-0.015410,-1.541830,ndi
1786514764.071888,29.765498,-0.016480,-0.015360,-1.541790,ndi
1786514764.089404,29.783014,-0.016520,-0.015300,-1.541760,ndi
1786514764.106931,29.800542,-0.016500,-0.015260,-1.541760,ndi
1786514764.121904,29.815515,-0.016500,-0.015220,-1.541720,ndi
1786514764.139398,29.833009,-0.016510,-0.015170,-1.541670,ndi
1786514764.156904,29.850515,-0.016510,-0.015110,-1.541660,ndi
1786514764.171953,29.865563,-0.016530,-0.015070,-1.541620,ndi
1786514764.189473,29.883083,-0.016500,-0.015040,-1.541640,ndi
1786514764.206909,29.900520,-0.016490,-0.014970,-1.541620,ndi
1786514764.222069,29.915680,-0.016510,-0.014930,-1.541630,ndi
1786514764.239398,29.933008,-0.016500,-0.014890,-1.541580,ndi
1786514764.256880,29.950491,-0.016490,-0.014840,-1.541590,ndi
1786514764.271894,29.965504,-0.016490,-0.014810,-1.541570,ndi
1786514764.289405,29.983016,-0.016510,-0.014760,-1.541550,ndi
1786514764.307053,30.000663,-0.016500,-0.014710,-1.541570,ndi
1786514764.321913,30.015523,-0.016500,-0.014670,-1.541570,ndi
1786514764.339388,30.032998,-0.016520,-0.014620,-1.541570,ndi
1786514764.356915,30.050526,-0.016500,-0.014580,-1.541570,ndi
1786514764.372077,30.065688,-0.016510,-0.014540,-1.541520,ndi
1786514764.389518,30.083129,-0.016500,-0.014500,-1.541480,ndi
1786514764.407004,30.100615,-0.016490,-0.014460,-1.541480,ndi
1786514764.424409,30.118020,-0.016500,-0.014410,-1.541450,ndi
1786514764.439414,30.133025,-0.016490,-0.014360,-1.541440,ndi
1786514764.456893,30.150503,-0.016500,-0.014320,-1.541380,ndi
1786514764.472022,30.165632,-0.016490,-0.014270,-1.541390,ndi
1786514764.489533,30.183144,-0.016500,-0.014230,-1.541390,ndi
1786514764.507017,30.200627,-0.016520,-0.014190,-1.541340,ndi
1786514764.524507,30.218117,-0.016500,-0.014140,-1.541350,ndi
1786514764.539424,30.233035,-0.016510,-0.014100,-1.541370,ndi
1786514764.556900,30.250510,-0.016500,-0.014060,-1.541340,ndi
1786514764.571972,30.265583,-0.016500,-0.014020,-1.541330,ndi
1786514764.589462,30.283072,-0.016510,-0.013970,-1.541300,ndi
1786514764.607018,30.300628,-0.016490,-0.013920,-1.541340,ndi
1786514764.621985,30.315596,-0.016500,-0.013890,-1.541290,ndi
1786514764.639431,30.333041,-0.016500,-0.013840,-1.541270,ndi
1786514764.657013,30.350623,-0.016490,-0.013800,-1.541210,ndi
1786514764.672239,30.365849,-0.016500,-0.013760,-1.541190,ndi
1786514764.689547,30.383157,-0.016500,-0.013720,-1.541190,ndi
1786514764.707025,30.400635,-0.016520,-0.013660,-1.541140,ndi
1786514764.724555,30.418166,-0.016490,-0.013610,-1.541140,ndi
1786514764.739425,30.433035,-0.016500,-0.013570,-1.541100,ndi
1786514764.756886,30.450496,-0.016500,-0.013530,-1.541070,ndi
1786514764.771867,30.465478,-0.016490,-0.013490,-1.541050,ndi
1786514764.789408,30.483019,-0.016500,-0.013430,-1.540990,ndi
1786514764.806948,30.500559,-0.016470,-0.013390,-1.541000,ndi
1786514764.821934,30.515544,-0.016480,-0.013350,-1.540970,ndi
1786514764.839424,30.533034,-0.016490,-0.013310,-1.540930,ndi
1786514764.856964,30.550575,-0.016460,-0.013270,-1.540960,ndi
1786514764.871938,30.565548,-0.016500,-0.013220,-1.540950,ndi
1786514764.889591,30.583202,-0.016490,-0.013160,-1.540930,ndi
1786514764.907032,30.600643,-0.016500,-0.013110,-1.540960,ndi
1786514764.921994,30.615605,-0.016510,-0.013060,-1.540940,ndi
1786514764.939416,30.633027,-0.016480,-0.013020,-1.540930,ndi
1786514764.956908,30.650519,-0.016490,-0.012970,-1.540900,ndi
1786514764.971949,30.665560,-0.016480,-0.012920,-1.540890,ndi
1786514764.989525,30.683136,-0.016480,-0.012890,-1.540910,ndi
1786514765.006993,30.700603,-0.016470,-0.012850,-1.540910,ndi
1786514765.021918,30.715528,-0.016480,-0.012790,-1.540870,ndi
1786514765.039426,30.733036,-0.016480,-0.012730,-1.540840,ndi
1786514765.057003,30.750613,-0.016470,-0.012690,-1.540840,ndi
1786514765.071970,30.765580,-0.016500,-0.012660,-1.540830,ndi
1786514765.089500,30.783110,-0.016480,-0.012620,-1.540780,ndi
1786514765.106954,30.800564,-0.016480,-0.012600,-1.540810,ndi
1786514765.122233,30.815843,-0.016500,-0.012600,-1.540780,ndi
1786514765.139456,30.833066,-0.016470,-0.012610,-1.540820,ndi
1786514765.156960,30.850570,-0.016490,-0.012590,-1.540810,ndi
1786514765.172034,30.865644,-0.016480,-0.012580,-1.540820,ndi
1786514765.189510,30.883120,-0.016460,-0.012580,-1.540790,ndi
1786514765.206990,30.900601,-0.016460,-0.012590,-1.540780,ndi
1786514765.222065,30.915676,-0.016450,-0.012590,-1.540790,ndi
1786514765.239449,30.933060,-0.016460,-0.012580,-1.540780,ndi
1786514765.257007,30.950617,-0.016460,-0.012580,-1.540790,ndi
1786514765.272032,30.965643,-0.016460,-0.012590,-1.540800,ndi
1786514765.289519,30.983130,-0.016480,-0.012580,-1.540780,ndi
1786514765.306988,31.000598,-0.016460,-0.012570,-1.540820,ndi
1786514765.321970,31.015581,-0.016480,-0.012570,-1.540760,ndi
1786514765.339456,31.033066,-0.016450,-0.012580,-1.540790,ndi
1786514765.356908,31.050519,-0.016450,-0.012590,-1.540790,ndi
1786514765.371945,31.065556,-0.016470,-0.012570,-1.540800,ndi
1786514765.389463,31.083073,-0.016450,-0.012570,-1.540790,ndi
1786514765.406966,31.100576,-0.016460,-0.012580,-1.540780,ndi
1786514765.421983,31.115593,-0.016450,-0.012580,-1.540760,ndi
1786514765.439441,31.133052,-0.016450,-0.012570,-1.540780,ndi
1786514765.456906,31.150516,-0.016470,-0.012570,-1.540810,ndi
1786514765.472166,31.165776,-0.016450,-0.012590,-1.540810,ndi
1786514765.489649,31.183259,-0.016470,-0.012570,-1.540800,ndi
1786514765.507119,31.200729,-0.016450,-0.012570,-1.540790,ndi
1786514765.522062,31.215672,-0.016460,-0.012570,-1.540780,ndi
1786514765.539451,31.233062,-0.016470,-0.012580,-1.540780,ndi
1786514765.556914,31.250525,-0.016440,-0.012580,-1.540820,ndi
1786514765.571948,31.265558,-0.016460,-0.012570,-1.540800,ndi
1786514765.589523,31.283134,-0.016450,-0.012580,-1.540810,ndi
1786514765.607004,31.300615,-0.016440,-0.012580,-1.540790,ndi
1786514765.621973,31.315583,-0.016450,-0.012580,-1.540810,ndi
1786514765.639454,31.333064,-0.016430,-0.012570,-1.540810,ndi
1786514765.656934,31.350545,-0.016460,-0.012570,-1.540780,ndi
1786514765.672054,31.365664,-0.016450,-0.012580,-1.540800,ndi
1786514765.689580,31.383190,-0.016460,-0.012570,-1.540820,ndi
1786514765.706969,31.400580,-0.016450,-0.012570,-1.540810,ndi
1786514765.721927,31.415537,-0.016450,-0.012580,-1.540830,ndi
1786514765.739452,31.433062,-0.016470,-0.012570,-1.540790,ndi
1786514765.756950,31.450560,-0.016440,-0.012570,-1.540850,ndi
1786514765.771897,31.465508,-0.016440,-0.012570,-1.540820,ndi
1786514765.789462,31.483072,-0.016460,-0.012570,-1.540810,ndi
1786514765.806930,31.500540,-0.016430,-0.012580,-1.540810,ndi
1786514765.821949,31.515559,-0.016450,-0.012570,-1.540810,ndi
1786514765.839460,31.533071,-0.016440,-0.012580,-1.540790,ndi
1786514765.856943,31.550554,-0.016450,-0.012570,-1.540820,ndi
1786514765.874449,31.568059,-0.016450,-0.012570,-1.540790,ndi
1786514765.889420,31.583030,-0.016440,-0.012570,-1.540820,ndi
1786514765.906907,31.600517,-0.016460,-0.012570,-1.540780,ndi
1786514765.921966,31.615577,-0.016440,-0.012580,-1.540820,ndi
1786514765.939447,31.633057,-0.016450,-0.012570,-1.540790,ndi
1786514765.957024,31.650635,-0.016430,-0.012570,-1.540810,ndi
1786514765.971965,31.665576,-0.016440,-0.012580,-1.540790,ndi
1786514765.989568,31.683179,-0.016450,-0.012580,-1.540830,ndi
1786514766.006954,31.700564,-0.016420,-0.012570,-1.540810,ndi
1786514766.021952,31.715562,-0.016440,-0.012570,-1.540820,ndi
1786514766.039460,31.733071,-0.016440,-0.012570,-1.540790,ndi
1786514766.056927,31.750537,-0.016430,-0.012580,-1.540810,ndi
1786514766.072005,31.765615,-0.016450,-0.012570,-1.540810,ndi
1786514766.089511,31.783121,-0.016430,-0.012570,-1.540860,ndi
1786514766.106972,31.800582,-0.016450,-0.012570,-1.540840,ndi
1786514766.121976,31.815587,-0.016450,-0.012570,-1.540840,ndi
1786514766.139450,31.833060,-0.016430,-0.012570,-1.540860,ndi
1786514766.156918,31.850529,-0.016450,-0.012560,-1.540830,ndi
1786514766.171990,31.865601,-0.016420,-0.012570,-1.540850,ndi
1786514766.189513,31.883124,-0.016440,-0.012560,-1.540830,ndi
1786514766.207008,31.900618,-0.016430,-0.012570,-1.540830,ndi
1786514766.222027,31.915637,-0.016420,-0.012570,-1.540860,ndi
1786514766.239440,31.933051,-0.016440,-0.012560,-1.540810,ndi
1786514766.256938,31.950548,-0.016430,-0.012570,-1.540850,ndi
1786514766.271990,31.965600,-0.016440,-0.012560,-1.540850,ndi
1786514766.289481,31.983092,-0.016430,-0.012570,-1.540820,ndi
1786514766.306942,32.000552,-0.016440,-0.012570,-1.540840,ndi
1786514766.321963,32.015573,-0.016450,-0.012570,-1.540810,ndi
1786514766.339442,32.033053,-0.016420,-0.012570,-1.540840,ndi
1786514766.356930,32.050540,-0.016440,-0.012570,-1.540840,ndi
1786514766.372029,32.065639,-0.016430,-0.012570,-1.540830,ndi
1786514766.389503,32.083113,-0.016420,-0.012560,-1.540820,ndi
1786514766.406968,32.100579,-0.016440,-0.012560,-1.540820,ndi
1786514766.421971,32.115581,-0.016420,-0.012570,-1.540820,ndi
1786514766.439484,32.133094,-0.016450,-0.012570,-1.540850,ndi
1786514766.456944,32.150555,-0.016430,-0.012560,-1.540830,ndi
1786514766.472022,32.165633,-0.016440,-0.012560,-1.540830,ndi
1786514766.489526,32.183136,-0.016440,-0.012570,-1.540840,ndi
1786514766.506981,32.200591,-0.016420,-0.012570,-1.540850,ndi
1786514766.521988,32.215598,-0.016440,-0.012560,-1.540820,ndi
1786514766.539455,32.233065,-0.016430,-0.012560,-1.540860,ndi
1786514766.556956,32.250566,-0.016420,-0.012570,-1.540850,ndi
1786514766.571969,32.265579,-0.016430,-0.012570,-1.540810,ndi
1786514766.589500,32.283110,-0.016420,-0.012570,-1.540830,ndi
1786514766.607009,32.300620,-0.016440,-0.012560,-1.540820,ndi
1786514766.621987,32.315598,-0.016420,-0.012570,-1.540870,ndi
1786514766.639458,32.333068,-0.016420,-0.012560,-1.540820,ndi
1786514766.656933,32.350543,-0.016440,-0.012560,-1.540820,ndi
1786514766.671991,32.365602,-0.016420,-0.012560,-1.540830,ndi
1786514766.689504,32.383114,-0.016440,-0.012570,-1.540830,ndi
1786514766.707073,32.400683,-0.016420,-0.012570,-1.540820,ndi
1786514766.722091,32.415701,-0.016420,-0.012560,-1.540830,ndi
1786514766.739466,32.433077,-0.016420,-0.012560,-1.540830,ndi
1786514766.756952,32.450562,-0.016420,-0.012570,-1.540830,ndi
1786514766.772000,32.465611,-0.016420,-0.012570,-1.540820,ndi
1786514766.789546,32.483156,-0.016400,-0.012560,-1.540820,ndi
1786514766.807036,32.500647,-0.016430,-0.012560,-1.540830,ndi
1786514766.821998,32.515609,-0.016420,-0.012570,-1.540820,ndi
1786514766.839467,32.533077,-0.016420,-0.012570,-1.540840,ndi
1786514766.856957,32.550568,-0.016440,-0.012550,-1.540810,ndi
1786514766.872023,32.565633,-0.016420,-0.012560,-1.540820,ndi
1786514766.889492,32.583103,-0.016430,-0.012570,-1.540800,ndi
1786514766.906975,32.600585,-0.016410,-0.012570,-1.540790,ndi
1786514766.921991,32.615601,-0.016420,-0.012560,-1.540810,ndi
1786514766.939458,32.633068,-0.016420,-0.012560,-1.540780,ndi
1786514766.956946,32.650557,-0.016400,-0.012570,-1.540800,ndi
1786514766.971987,32.665598,-0.016420,-0.012560,-1.540810,ndi
1786514766.989669,32.683279,-0.016410,-0.012550,-1.540830,ndi
1786514767.007137,32.700747,-0.016410,-0.012550,-1.540820,ndi
1786514767.022165,32.715776,-0.016430,-0.012570,-1.540810,ndi
1786514767.039507,32.733117,-0.016420,-0.012570,-1.540790,ndi
1786514767.056937,32.750547,-0.016430,-0.012550,-1.540780,ndi
1786514767.072097,32.765707,-0.016420,-0.012550,-1.540800,ndi
1786514767.089535,32.783145,-0.016420,-0.012570,-1.540780,ndi
1786514767.107024,32.800635,-0.016420,-0.012560,-1.540760,ndi
1786514767.122010,32.815620,-0.016420,-0.012560,-1.540830,ndi
1786514767.139462,32.833072,-0.016430,-0.012560,-1.540810,ndi
1786514767.156984,32.850595,-0.016400,-0.012570,-1.540800,ndi
1786514767.171987,32.865597,-0.016410,-0.012570,-1.540830,ndi
1786514767.189495,32.883106,-0.016400,-0.012550,-1.540810,ndi
1786514767.206970,32.900581,-0.016430,-0.012550,-1.540840,ndi
1786514767.221980,32.915590,-0.016410,-0.012570,-1.540770,ndi
1786514767.239491,32.933101,-0.016430,-0.012590,-1.540820,ndi
1786514767.256950,32.950561,-0.016430,-0.012560,-1.540810,ndi
1786514767.272135,32.965745,-0.016410,-0.012550,-1.540810,ndi
1786514767.289540,32.983151,-0.016430,-0.012560,-1.540840,ndi
1786514767.306999,33.000610,-0.016410,-0.012570,-1.540790,ndi
1786514767.322017,33.015628,-0.016430,-0.012560,-1.540800,ndi
1786514767.339492,33.033102,-0.016390,-0.012550,-1.540830,ndi
1786514767.356965,33.050575,-0.016400,-0.012570,-1.540800,ndi
1786514767.372032,33.065642,-0.016420,-0.012590,-1.540780,ndi
1786514767.389540,33.083150,-0.016430,-0.012560,-1.540800,ndi
1786514767.407005,33.100616,-0.016410,-0.012540,-1.540840,ndi
1786514767.421991,33.115602,-0.016370,-0.012570,-1.540820,ndi
1786514767.439480,33.133090,-0.016460,-0.012590,-1.540780,ndi
1786514767.456972,33.150583,-0.016410,-0.012560,-1.540810,ndi
1786514767.472056,33.165667,-0.016440,-0.012540,-1.540760,ndi
1786514767.489569,33.183180,-0.016420,-0.012570,-1.540780,ndi
1786514767.507090,33.200701,-0.016390,-0.012590,-1.540790,ndi
1786514767.522068,33.215678,-0.016450,-0.012560,-1.540800,ndi
1786514767.539493,33.233103,-0.016390,-0.012540,-1.540820,ndi
1786514767.556983,33.250594,-0.016410,-0.012570,-1.540810,ndi
1786514767.572033,33.265643,-0.016400,-0.012600,-1.540790,ndi
1786514767.589559,33.283170,-0.016400,-0.012560,-1.540820,ndi
1786514767.607075,33.300685,-0.016440,-0.012540,-1.540820,ndi
1786514767.622291,33.315901,-0.016400,-0.012560,-1.540810,ndi
1786514767.639488,33.333098,-0.016420,-0.012580,-1.540790,ndi
1786514767.657010,33.350621,-0.016400,-0.012560,-1.540830,ndi
1786514767.672060,33.365670,-0.016440,-0.012540,-1.540830,ndi
1786514767.689525,33.383135,-0.016430,-0.012570,-1.540780,ndi
1786514767.707080,33.400690,-0.016380,-0.012590,-1.540840,ndi
1786514767.722014,33.415624,-0.016430,-0.012570,-1.540810,ndi
1786514767.739515,33.433125,-0.016390,-0.012550,-1.540820,ndi
1786514767.756973,33.450584,-0.016410,-0.012570,-1.540790,ndi
1786514767.771965,33.465575,-0.016420,-0.012590,-1.540810,ndi
1786514767.789492,33.483103,-0.016390,-0.012570,-1.540850,ndi
1786514767.807238,33.500849,-0.016440,-0.012540,-1.540800,ndi
1786514767.824574,33.518184,-0.016410,-0.012570,-1.540830,ndi
1786514767.839493,33.533104,-0.016410,-0.012580,-1.540840,ndi
1786514767.856994,33.550605,-0.016420,-0.012560,-1.540810,ndi
1786514767.872051,33.565661,-0.016400,-0.012550,-1.540820,ndi
1786514767.889539,33.583150,-0.016420,-0.012560,-1.540790,ndi
1786514767.907000,33.600611,-0.016380,-0.012580,-1.540840,ndi
1786514767.922015,33.615626,-0.016410,-0.012560,-1.540820,ndi
1786514767.939484,33.633095,-0.016410,-0.012550,-1.540810,ndi
1786514767.956967,33.650578,-0.016400,-0.012570,-1.540840,ndi
1786514767.971975,33.665586,-0.016400,-0.012570,-1.540770,ndi
1786514767.989574,33.683185,-0.016390,-0.012560,-1.540830,ndi
1786514768.007029,33.700639,-0.016440,-0.012550,-1.540820,ndi
1786514768.022043,33.715654,-0.016400,-0.012560,-1.540820,ndi
1786514768.039508,33.733118,-0.016390,-0.012570,-1.540830,ndi
1786514768.056990,33.750600,-0.016420,-0.012560,-1.540810,ndi
1786514768.072114,33.765724,-0.016390,-0.012560,-1.540830,ndi
1786514768.089560,33.783171,-0.016440,-0.012560,-1.540800,ndi
1786514768.107174,33.800784,-0.016380,-0.012560,-1.540790,ndi
1786514768.122096,33.815706,-0.016370,-0.012550,-1.540850,ndi
1786514768.139496,33.833106,-0.016410,-0.012540,-1.540840,ndi
1786514768.156981,33.850591,-0.016370,-0.012550,-1.540850,ndi
1786514768.172162,33.865773,-0.016390,-0.012540,-1.540850,ndi
1786514768.189665,33.883276,-0.016380,-0.012540,-1.540870,ndi
1786514768.207166,33.900776,-0.016380,-0.012540,-1.540850,ndi
1786514768.222127,33.915738,-0.016410,-0.012530,-1.540830,ndi
1786514768.239507,33.933118,-0.016380,-0.012530,-1.540860,ndi
1786514768.256978,33.950588,-0.016400,-0.012530,-1.540850,ndi
1786514768.272063,33.965673,-0.016380,-0.012530,-1.540850,ndi
1786514768.289509,33.983119,-0.016390,-0.012530,-1.540840,ndi
1786514768.307092,34.000702,-0.016390,-0.012530,-1.540830,ndi
1786514768.322072,34.015683,-0.016370,-0.012540,-1.540870,ndi
1786514768.339526,34.033137,-0.016400,-0.012540,-1.540840,ndi
1786514768.356969,34.050580,-0.016360,-0.012540,-1.540840,ndi
1786514768.372103,34.065714,-0.016400,-0.012540,-1.540850,ndi
1786514768.389599,34.083210,-0.016400,-0.012540,-1.540820,ndi
1786514768.407133,34.100743,-0.016390,-0.012540,-1.540850,ndi
1786514768.422059,34.115669,-0.016410,-0.012540,-1.540850,ndi
1786514768.439490,34.133101,-0.016360,-0.012540,-1.540850,ndi
1786514768.456968,34.150578,-0.016380,-0.012550,-1.540840,ndi
1786514768.472070,34.165680,-0.016410,-0.012550,-1.540810,ndi
1786514768.489561,34.183172,-0.016400,-0.012530,-1.540840,ndi
1786514768.507080,34.200690,-0.016400,-0.012530,-1.540850,ndi
1786514768.522043,34.215653,-0.016370,-0.012550,-1.540860,ndi
1786514768.539499,34.233109,-0.016380,-0.012550,-1.540860,ndi
1786514768.556971,34.250582,-0.016390,-0.012540,-1.540840,ndi
1786514768.572065,34.265675,-0.016400,-0.012540,-1.540850,ndi
1786514768.589571,34.283181,-0.016360,-0.012550,-1.540850,ndi
1786514768.607119,34.300729,-0.016390,-0.012550,-1.540840,ndi
1786514768.622071,34.315681,-0.016420,-0.012540,-1.540830,ndi
1786514768.639513,34.333123,-0.016400,-0.012550,-1.540830,ndi
1786514768.656961,34.350572,-0.016390,-0.012570,-1.540810,ndi
1786514768.672057,34.365668,-0.016390,-0.012550,-1.540810,ndi
1786514768.689553,34.383164,-0.016380,-0.012540,-1.540800,ndi
1786514768.707079,34.400689,-0.016400,-0.012550,-1.540820,ndi
1786514768.722030,34.415640,-0.016400,-0.012560,-1.540800,ndi
1786514768.739457,34.433068,-0.016370,-0.012570,-1.540800,ndi
1786514768.756967,34.450577,-0.016400,-0.012550,-1.540780,ndi
1786514768.771992,34.465602,-0.016390,-0.012560,-1.540800,ndi
1786514768.789513,34.483124,-0.016390,-0.012580,-1.540800,ndi
1786514768.807093,34.500704,-0.016410,-0.012560,-1.540800,ndi
1786514768.822060,34.515670,-0.016380,-0.012550,-1.540820,ndi
1786514768.839506,34.533116,-0.016420,-0.012570,-1.540820,ndi
1786514768.856981,34.550591,-0.016410,-0.012580,-1.540820,ndi
1786514768.872110,34.565721,-0.016390,-0.012570,-1.540810,ndi
1786514768.889667,34.583277,-0.016400,-0.012560,-1.540840,ndi
1786514768.907139,34.600750,-0.016390,-0.012570,-1.540820,ndi
1786514768.922066,34.615677,-0.016400,-0.012570,-1.540820,ndi
1786514768.939491,34.633101,-0.016390,-0.012560,-1.540820,ndi
1786514768.956964,34.650575,-0.016420,-0.012550,-1.540820,ndi
1786514768.972019,34.665630,-0.016380,-0.012560,-1.540830,ndi
1786514768.989672,34.683283,-0.016380,-0.012570,-1.540850,ndi
1786514769.007115,34.700726,-0.016410,-0.012540,-1.540860,ndi
1786514769.022081,34.715692,-0.016330,-0.012520,-1.540880,ndi
1786514769.039516,34.733127,-0.016440,-0.012520,-1.540850,ndi
1786514769.056959,34.750570,-0.016370,-0.012550,-1.540840,ndi
1786514769.071996,34.765607,-0.016370,-0.012540,-1.540840,ndi
1786514769.089543,34.783154,-0.016400,-0.012530,-1.540820,ndi
1786514769.107011,34.800621,-0.016310,-0.012530,-1.540900,ndi
1786514769.122096,34.815706,-0.016400,-0.012520,-1.540890,ndi
1786514769.139501,34.833111,-0.016360,-0.012510,-1.540880,ndi
1786514769.156972,34.850582,-0.016350,-0.012500,-1.540910,ndi
1786514769.172040,34.865650,-0.016370,-0.012520,-1.540860,ndi
1786514769.189515,34.883126,-0.016360,-0.012540,-1.540850,ndi
1786514769.206992,34.900603,-0.016410,-0.012530,-1.540860,ndi
1786514769.221980,34.915590,-0.016350,-0.012500,-1.540870,ndi
1786514769.239514,34.933125,-0.016350,-0.012510,-1.540900,ndi
1786514769.256972,34.950583,-0.016350,-0.012510,-1.540890,ndi
1786514769.272009,34.965619,-0.016360,-0.012500,-1.540910,ndi
1786514769.289562,34.983173,-0.016380,-0.012490,-1.540870,ndi
1786514769.307014,35.000624,-0.016310,-0.012510,-1.540900,ndi
1786514769.322011,35.015621,-0.016360,-0.012520,-1.540920,ndi
1786514769.339488,35.033098,-0.016350,-0.012500,-1.540890,ndi
1786514769.356968,35.050579,-0.016350,-0.012480,-1.540920,ndi
1786514769.372017,35.065628,-0.016370,-0.012480,-1.540930,ndi
1786514769.389518,35.083128,-0.016310,-0.012500,-1.540890,ndi
1786514769.407122,35.100733,-0.016350,-0.012500,-1.540920,ndi
1786514769.422074,35.115685,-0.016370,-0.012490,-1.540870,ndi
1786514769.439514,35.133124,-0.016360,-0.012490,-1.540910,ndi
1786514769.456985,35.150595,-0.016360,-0.012500,-1.540890,ndi
1786514769.472040,35.165650,-0.016330,-0.012500,-1.540900,ndi
1786514769.489624,35.183235,-0.016350,-0.012490,-1.540900,ndi
1786514769.507045,35.200655,-0.016340,-0.012500,-1.540860,ndi
1786514769.522043,35.215654,-0.016350,-0.012510,-1.540890,ndi
1786514769.539488,35.233098,-0.016330,-0.012490,-1.540880,ndi
1786514769.556971,35.250582,-0.016340,-0.012490,-1.540900,ndi
1786514769.572020,35.265631,-0.016360,-0.012490,-1.540910,ndi
1786514769.589525,35.283135,-0.016340,-0.012490,-1.540910,ndi
1786514769.607156,35.300766,-0.016360,-0.012490,-1.540910,ndi
1786514769.622062,35.315672,-0.016350,-0.012490,-1.540890,ndi
1786514769.639481,35.333091,-0.016340,-0.012500,-1.540920,ndi
