stamp,elapsed,x,y,z,frame_id
1786508696.919390,0.000000,-0.006920,-0.044230,-1.558330,ndi
1786508696.936892,0.017502,-0.006930,-0.044240,-1.558340,ndi
1786508696.951930,0.032540,-0.006930,-0.044230,-1.558320,ndi
1786508696.969408,0.050018,-0.006930,-0.044230,-1.558330,ndi
1786508696.986868,0.067478,-0.006930,-0.044240,-1.558330,ndi
1786508697.001889,0.082499,-0.006930,-0.044240,-1.558350,ndi
1786508697.019360,0.099970,-0.006930,-0.044230,-1.558340,ndi
1786508697.036866,0.117476,-0.006940,-0.044230,-1.558340,ndi
1786508697.051927,0.132537,-0.006920,-0.044240,-1.558320,ndi
1786508697.069417,0.150027,-0.006930,-0.044240,-1.558340,ndi
1786508697.086897,0.167507,-0.006930,-0.044220,-1.558340,ndi
1786508697.101900,0.182510,-0.006920,-0.044220,-1.558340,ndi
1786508697.119388,0.199998,-0.006930,-0.044250,-1.558350,ndi
1786508697.136878,0.217488,-0.006910,-0.044230,-1.558330,ndi
1786508697.151887,0.232497,-0.006920,-0.044220,-1.558310,ndi
1786508697.169392,0.250002,-0.006930,-0.044230,-1.558300,ndi
1786508697.186886,0.267496,-0.006920,-0.044240,-1.558310,ndi
1786508697.201883,0.282493,-0.006940,-0.044240,-1.558330,ndi
1786508697.219380,0.299990,-0.006930,-0.044220,-1.558340,ndi
1786508697.236855,0.317465,-0.006920,-0.044230,-1.558310,ndi
1786508697.251930,0.332540,-0.006920,-0.044240,-1.558310,ndi
1786508697.269438,0.350048,-0.006920,-0.044230,-1.558300,ndi
1786508697.286907,0.367517,-0.006920,-0.044220,-1.558310,ndi
1786508697.301897,0.382507,-0.006920,-0.044230,-1.558300,ndi
1786508697.319395,0.400005,-0.006930,-0.044240,-1.558310,ndi
1786508697.336899,0.417509,-0.006920,-0.044220,-1.558330,ndi
1786508697.351867,0.432477,-0.006930,-0.044230,-1.558310,ndi
1786508697.369422,0.450032,-0.006930,-0.044240,-1.558310,ndi
1786508697.384484,0.465094,-0.006930,-0.044240,-1.558310,ndi
1786508697.401915,0.482525,-0.006940,-0.044230,-1.558310,ndi
1786508697.419395,0.500005,-0.006920,-0.044230,-1.558350,ndi
1786508697.436912,0.517522,-0.006910,-0.044240,-1.558310,ndi
1786508697.451939,0.532549,-0.006930,-0.044230,-1.558310,ndi
1786508697.469431,0.550041,-0.006920,-0.044230,-1.558330,ndi
1786508697.486905,0.567515,-0.006920,-0.044240,-1.558320,ndi
1786508697.501880,0.582490,-0.006920,-0.044230,-1.558340,ndi
1786508697.519395,0.600005,-0.006920,-0.044230,-1.558330,ndi
1786508697.536900,0.617510,-0.006920,-0.044240,-1.558310,ndi
1786508697.551921,0.632531,-0.006930,-0.044240,-1.558320,ndi
1786508697.569410,0.650020,-0.006930,-0.044230,-1.558310,ndi
1786508697.586974,0.667584,-0.006940,-0.044230,-1.558300,ndi
1786508697.601925,0.682535,-0.006930,-0.044240,-1.558290,ndi
1786508697.619430,0.700040,-0.006910,-0.044240,-1.558310,ndi
1786508697.636928,0.717538,-0.006920,-0.044230,-1.558310,ndi
1786508697.651964,0.732574,-0.006920,-0.044240,-1.558320,ndi
1786508697.669445,0.750055,-0.006920,-0.044240,-1.558310,ndi
1786508697.686948,0.767558,-0.006920,-0.044230,-1.558330,ndi
1786508697.701944,0.782554,-0.006920,-0.044230,-1.558320,ndi
1786508697.719401,0.800011,-0.006920,-0.044240,-1.558340,ndi
1786508697.736904,0.817514,-0.006920,-0.044240,-1.558310,ndi
1786508697.751917,0.832527,-0.006940,-0.044230,-1.558320,ndi
1786508697.769439,0.850049,-0.006940,-0.044230,-1.558320,ndi
1786508697.786894,0.867504,-0.006930,-0.044250,-1.558320,ndi
1786508697.801925,0.882535,-0.006930,-0.044240,-1.558350,ndi
1786508697.819403,0.900013,-0.006930,-0.044220,-1.558330,ndi
1786508697.836968,0.917578,-0.006930,-0.044240,-1.558300,ndi
1786508697.852002,0.932612,-0.006920,-0.044240,-1.558330,ndi
1786508697.869460,0.950070,-0.006920,-0.044230,-1.558310,ndi
1786508697.886948,0.967558,-0.006930,-0.044230,-1.558300,ndi
1786508697.901931,0.982541,-0.006930,-0.044240,-1.558330,ndi
1786508697.919414,1.000024,-0.006930,-0.044240,-1.558320,ndi
1786508697.936893,1.017503,-0.006930,-0.044230,-1.558340,ndi
1786508697.951910,1.032520,-0.006930,-0.044230,-1.558320,ndi
1786508697.969396,1.050006,-0.006940,-0.044240,-1.558320,ndi
1786508697.986892,1.067502,-0.006930,-0.044240,-1.558310,ndi
1786508698.001915,1.082525,-0.006940,-0.044230,-1.558330,ndi
1786508698.019416,1.100026,-0.006920,-0.044230,-1.558310,ndi
1786508698.036910,1.117520,-0.006930,-0.044230,-1.558320,ndi
1786508698.051979,1.132589,-0.006930,-0.044240,-1.558340,ndi
1786508698.069414,1.150024,-0.006920,-0.044240,-1.558330,ndi
1786508698.086898,1.167508,-0.006920,-0.044230,-1.558330,ndi
1786508698.101925,1.182535,-0.006930,-0.044230,-1.558350,ndi
1786508698.119450,1.200060,-0.006930,-0.044240,-1.558330,ndi
1786508698.136910,1.217520,-0.006930,-0.044240,-1.558330,ndi
1786508698.151921,1.232531,-0.006930,-0.044230,-1.558350,ndi
1786508698.169415,1.250025,-0.006930,-0.044230,-1.558340,ndi
1786508698.186932,1.267542,-0.006940,-0.044250,-1.558350,ndi
1786508698.201928,1.282538,-0.006930,-0.044240,-1.558360,ndi
1786508698.219425,1.300035,-0.006930,-0.044220,-1.558340,ndi
1786508698.236914,1.317524,-0.006920,-0.044240,-1.558350,ndi
1786508698.251961,1.332571,-0.006920,-0.044250,-1.558320,ndi
1786508698.269402,1.350012,-0.006930,-0.044240,-1.558330,ndi
1786508698.286911,1.367521,-0.006930,-0.044230,-1.558320,ndi
1786508698.301922,1.382532,-0.006930,-0.044250,-1.558310,ndi
1786508698.319409,1.400019,-0.006930,-0.044250,-1.558330,ndi
1786508698.336909,1.417519,-0.006940,-0.044230,-1.558310,ndi
1786508698.351926,1.432536,-0.006940,-0.044230,-1.558320,ndi
1786508698.369409,1.450019,-0.006940,-0.044250,-1.558300,ndi
1786508698.386924,1.467534,-0.006940,-0.044250,-1.558290,ndi
1786508698.401911,1.482521,-0.006940,-0.044230,-1.558310,ndi
1786508698.419444,1.500054,-0.006930,-0.044230,-1.558290,ndi
1786508698.436931,1.517541,-0.006930,-0.044250,-1.558280,ndi
1786508698.451991,1.532601,-0.006930,-0.044250,-1.558290,ndi
1786508698.469430,1.550040,-0.006930,-0.044230,-1.558290,ndi
1786508698.486912,1.567523,-0.006930,-0.044240,-1.558280,ndi
1786508698.501915,1.582525,-0.006930,-0.044250,-1.558260,ndi
1786508698.519423,1.600033,-0.006930,-0.044250,-1.558290,ndi
1786508698.536925,1.617535,-0.006940,-0.044240,-1.558280,ndi
1786508698.551955,1.632565,-0.006940,-0.044240,-1.558280,ndi
1786508698.569417,1.650027,-0.006930,-0.044250,-1.558290,ndi
1786508698.586920,1.667530,-0.006950,-0.044250,-1.558310,ndi
1786508698.601915,1.682525,-0.006930,-0.044240,-1.558290,ndi
1786508698.619440,1.700050,-0.006920,-0.044240,-1.558300,ndi
1786508698.636954,1.717564,-0.006930,-0.044250,-1.558320,ndi
1786508698.652029,1.732639,-0.006920,-0.044240,-1.558310,ndi
1786508698.669423,1.750033,-0.006930,-0.044230,-1.558290,ndi
1786508698.686919,1.767529,-0.006930,-0.044240,-1.558320,ndi
1786508698.701921,1.782531,-0.006920,-0.044250,-1.558340,ndi
1786508698.719406,1.800016,-0.006930,-0.044240,-1.558320,ndi
1786508698.736904,1.817514,-0.006940,-0.044230,-1.558320,ndi
1786508698.751910,1.832520,-0.006930,-0.044230,-1.558330,ndi
1786508698.769436,1.850046,-0.006940,-0.044250,-1.558330,ndi
1786508698.784479,1.865089,-0.006930,-0.044250,-1.558320,ndi
1786508698.801942,1.882552,-0.006920,-0.044230,-1.558300,ndi
1786508698.819436,1.900046,-0.006940,-0.044230,-1.558320,ndi
1786508698.836929,1.917539,-0.006930,-0.044250,-1.558310,ndi
1786508698.851966,1.932576,-0.006920,-0.044240,-1.558320,ndi
1786508698.869421,1.950032,-0.006930,-0.044230,-1.558310,ndi
1786508698.886918,1.967528,-0.006920,-0.044240,-1.558300,ndi
1786508698.901939,1.982549,-0.006930,-0.044250,-1.558320,ndi
1786508698.919422,2.000032,-0.006930,-0.044240,-1.558310,ndi
1786508698.936929,2.017539,-0.006930,-0.044230,-1.558300,ndi
1786508698.951946,2.032556,-0.006930,-0.044240,-1.558330,ndi
1786508698.969405,2.050015,-0.006930,-0.044250,-1.558310,ndi
1786508698.984474,2.065084,-0.006930,-0.044230,-1.558310,ndi
1786508699.001950,2.082560,-0.006920,-0.044230,-1.558310,ndi
1786508699.019437,2.100047,-0.006920,-0.044250,-1.558300,ndi
1786508699.036930,2.117540,-0.006930,-0.044240,-1.558290,ndi
1786508699.052011,2.132621,-0.006920,-0.044220,-1.558290,ndi
1786508699.069424,2.150034,-0.006930,-0.044230,-1.558310,ndi
1786508699.086925,2.167535,-0.006920,-0.044250,-1.558290,ndi
1786508699.101918,2.182528,-0.006920,-0.044240,-1.558250,ndi
1786508699.119435,2.200045,-0.006940,-0.044220,-1.558270,ndi
1786508699.134477,2.215087,-0.006940,-0.044230,-1.558320,ndi
1786508699.151920,2.232530,-0.006930,-0.044250,-1.558270,ndi
1786508699.169454,2.250064,-0.006930,-0.044240,-1.558320,ndi
1786508699.186900,2.267510,-0.006940,-0.044220,-1.558300,ndi
1786508699.201947,2.282557,-0.006920,-0.044240,-1.558300,ndi
1786508699.219424,2.300034,-0.006920,-0.044250,-1.558310,ndi
1786508699.236942,2.317552,-0.006930,-0.044230,-1.558290,ndi
1786508699.251932,2.332542,-0.006920,-0.044230,-1.558320,ndi
1786508699.269434,2.350044,-0.006930,-0.044250,-1.558320,ndi
1786508699.286916,2.367526,-0.006930,-0.044240,-1.558310,ndi
1786508699.301925,2.382535,-0.006930,-0.044230,-1.558330,ndi
1786508699.319447,2.400057,-0.006930,-0.044240,-1.558310,ndi
1786508699.334480,2.415090,-0.006940,-0.044250,-1.558340,ndi
1786508699.351936,2.432546,-0.006930,-0.044230,-1.558320,ndi
1786508699.369423,2.450033,-0.006930,-0.044240,-1.558350,ndi
1786508699.386948,2.467558,-0.006930,-0.044250,-1.558340,ndi
1786508699.401949,2.482559,-0.006920,-0.044240,-1.558310,ndi
1786508699.419446,2.500056,-0.006930,-0.044230,-1.558300,ndi
1786508699.436978,2.517588,-0.006910,-0.044240,-1.558290,ndi
1786508699.451954,2.532564,-0.006930,-0.044240,-1.558310,ndi
1786508699.469442,2.550052,-0.006940,-0.044240,-1.558330,ndi
1786508699.486932,2.567542,-0.006910,-0.044230,-1.558330,ndi
1786508699.501942,2.582552,-0.006930,-0.044240,-1.558310,ndi
1786508699.519433,2.600044,-0.006940,-0.044240,-1.558330,ndi
1786508699.534503,2.615113,-0.006930,-0.044230,-1.558320,ndi
1786508699.551943,2.632553,-0.006930,-0.044230,-1.558310,ndi
1786508699.569504,2.650114,-0.006910,-0.044240,-1.558310,ndi
1786508699.586976,2.667586,-0.006910,-0.044220,-1.558320,ndi
1786508699.601983,2.682593,-0.006940,-0.044210,-1.558380,ndi
1786508699.619434,2.700044,-0.006980,-0.044190,-1.558380,ndi
1786508699.636951,2.717561,-0.006990,-0.044180,-1.558420,ndi
1786508699.651941,2.732551,-0.007010,-0.044180,-1.558440,ndi
1786508699.669424,2.750034,-0.007020,-0.044160,-1.558470,ndi
1786508699.686928,2.767538,-0.007010,-0.044160,-1.558450,ndi
1786508699.701934,2.782544,-0.007030,-0.044160,-1.558470,ndi
1786508699.719439,2.800049,-0.007040,-0.044160,-1.558460,ndi
1786508699.736944,2.817554,-0.007040,-0.044150,-1.558470,ndi
1786508699.751941,2.832551,-0.007060,-0.044170,-1.558460,ndi
1786508699.769423,2.850033,-0.007020,-0.044180,-1.558450,ndi
1786508699.786948,2.867558,-0.007030,-0.044180,-1.558420,ndi
1786508699.801959,2.882569,-0.007040,-0.044180,-1.558390,ndi
1786508699.819445,2.900055,-0.007030,-0.044200,-1.558390,ndi
1786508699.836944,2.917554,-0.007020,-0.044210,-1.558360,ndi
1786508699.851947,2.932557,-0.007020,-0.044210,-1.558350,ndi
1786508699.869416,2.950027,-0.007020,-0.044210,-1.558320,ndi
1786508699.886923,2.967533,-0.007030,-0.044230,-1.558290,ndi
1786508699.901976,2.982586,-0.007040,-0.044230,-1.558300,ndi
1786508699.919477,3.000087,-0.007020,-0.044240,-1.558270,ndi
1786508699.934489,3.015100,-0.007030,-0.044230,-1.558240,ndi
1786508699.951949,3.032559,-0.007050,-0.044250,-1.558200,ndi
1786508699.969510,3.050120,-0.007020,-0.044260,-1.558170,ndi
1786508699.986950,3.067560,-0.007010,-0.044250,-1.558130,ndi
1786508700.001957,3.082567,-0.007030,-0.044260,-1.558130,ndi
1786508700.019475,3.100085,-0.007020,-0.044280,-1.558110,ndi
1786508700.036931,3.117541,-0.007020,-0.044280,-1.558080,ndi
1786508700.052003,3.132613,-0.007020,-0.044270,-1.558020,ndi
1786508700.069418,3.150028,-0.007000,-0.044290,-1.558040,ndi
1786508700.086934,3.167544,-0.007020,-0.044290,-1.557990,ndi
1786508700.101942,3.182552,-0.007020,-0.044290,-1.557970,ndi
1786508700.119438,3.200048,-0.007020,-0.044280,-1.557950,ndi
1786508700.134519,3.215129,-0.007020,-0.044290,-1.557940,ndi
1786508700.151968,3.232578,-0.007000,-0.044300,-1.557930,ndi
1786508700.169480,3.250090,-0.007000,-0.044290,-1.557880,ndi
1786508700.186966,3.267576,-0.007020,-0.044300,-1.557870,ndi
1786508700.201981,3.282591,-0.007010,-0.044310,-1.557850,ndi
1786508700.219459,3.300069,-0.007000,-0.044320,-1.557840,ndi
1786508700.236957,3.317567,-0.007010,-0.044310,-1.557820,ndi
1786508700.251980,3.332590,-0.007010,-0.044320,-1.557790,ndi
1786508700.269465,3.350075,-0.007010,-0.044340,-1.557770,ndi
1786508700.286962,3.367572,-0.007010,-0.044330,-1.557730,ndi
1786508700.301983,3.382593,-0.006990,-0.044310,-1.557720,ndi
1786508700.319476,3.400086,-0.007020,-0.044270,-1.557690,ndi
1786508700.334500,3.415110,-0.007040,-0.044250,-1.557680,ndi
1786508700.351942,3.432552,-0.007030,-0.044210,-1.557640,ndi
1786508700.369478,3.450088,-0.007040,-0.044150,-1.557630,ndi
1786508700.386980,3.467590,-0.007040,-0.044130,-1.557610,ndi
1786508700.401986,3.482596,-0.007040,-0.044110,-1.557590,ndi
1786508700.419464,3.500074,-0.007070,-0.044050,-1.557580,ndi
1786508700.436974,3.517584,-0.007060,-0.044000,-1.557590,ndi
1786508700.451980,3.532590,-0.007060,-0.043980,-1.557500,ndi
1786508700.469471,3.550081,-0.007070,-0.043950,-1.557450,ndi
1786508700.486985,3.567595,-0.007090,-0.043890,-1.557450,ndi
1786508700.501994,3.582604,-0.007100,-0.043860,-1.557480,ndi
1786508700.519465,3.600075,-0.007110,-0.043830,-1.557440,ndi
1786508700.534514,3.615124,-0.007110,-0.043800,-1.557400,ndi
1786508700.551963,3.632573,-0.007120,-0.043750,-1.557380,ndi
1786508700.569483,3.650093,-0.007130,-0.043710,-1.557320,ndi
1786508700.586979,3.667589,-0.007120,-0.043710,-1.557310,ndi
1786508700.601991,3.682601,-0.007130,-0.043690,-1.557300,ndi
1786508700.619477,3.700087,-0.007150,-0.043640,-1.557300,ndi
1786508700.636972,3.717582,-0.007150,-0.043590,-1.557230,ndi
1786508700.651994,3.732604,-0.007160,-0.043560,-1.557150,ndi
1786508700.669458,3.750068,-0.007180,-0.043530,-1.557090,ndi
1786508700.686961,3.767571,-0.007170,-0.043480,-1.557080,ndi
1786508700.701988,3.782598,-0.007180,-0.043440,-1.557090,ndi
1786508700.719463,3.800073,-0.007190,-0.043410,-1.557020,ndi
1786508700.734511,3.815121,-0.007200,-0.043370,-1.557000,ndi
1786508700.752013,3.832623,-0.007220,-0.043320,-1.556970,ndi
1786508700.769521,3.850131,-0.007210,-0.043280,-1.556930,ndi
1786508700.786966,3.867576,-0.007210,-0.043250,-1.556890,ndi
1786508700.801998,3.882608,-0.007240,-0.043220,-1.556890,ndi
1786508700.819695,3.900305,-0.007250,-0.043180,-1.556860,ndi
1786508700.836981,3.917591,-0.007240,-0.043140,-1.556820,ndi
1786508700.851971,3.932581,-0.007250,-0.043120,-1.556790,ndi
1786508700.869480,3.950090,-0.007270,-0.043080,-1.556780,ndi
1786508700.886982,3.967592,-0.007280,-0.043020,-1.556730,ndi
1786508700.901985,3.982595,-0.007300,-0.042990,-1.556710,ndi
1786508700.919461,4.000071,-0.007280,-0.042960,-1.556680,ndi
1786508700.934509,4.015119,-0.007280,-0.042930,-1.556670,ndi
1786508700.951977,4.032587,-0.007300,-0.042880,-1.556640,ndi
1786508700.969537,4.050147,-0.007310,-0.042840,-1.556550,ndi
1786508700.986979,4.067590,-0.007310,-0.042820,-1.556560,ndi
1786508701.001992,4.082602,-0.007320,-0.042800,-1.556550,ndi
1786508701.019511,4.100121,-0.007320,-0.042750,-1.556530,ndi
1786508701.036964,4.117574,-0.007340,-0.042710,-1.556480,ndi
1786508701.052018,4.132628,-0.007350,-0.042680,-1.556450,ndi
1786508701.069483,4.150093,-0.007350,-0.042660,-1.556420,ndi
1786508701.086960,4.167570,-0.007360,-0.042620,-1.556410,ndi
1786508701.101965,4.182575,-0.007370,-0.042590,-1.556350,ndi
1786508701.119457,4.200068,-0.007370,-0.042560,-1.556380,ndi
1786508701.137127,4.217737,-0.007390,-0.042520,-1.556320,ndi
1786508701.151989,4.232599,-0.007380,-0.042490,-1.556300,ndi
1786508701.169544,4.250154,-0.007390,-0.042450,-1.556260,ndi
1786508701.187155,4.267765,-0.007410,-0.042410,-1.556190,ndi
1786508701.201996,4.282606,-0.007400,-0.042380,-1.556200,ndi
1786508701.219486,4.300096,-0.007430,-0.042360,-1.556200,ndi
1786508701.236971,4.317581,-0.007410,-0.042330,-1.556180,ndi
1786508701.251997,4.332607,-0.007420,-0.042310,-1.556190,ndi
1786508701.269479,4.350089,-0.007440,-0.042290,-1.556170,ndi
1786508701.286984,4.367594,-0.007440,-0.042260,-1.556140,ndi
1786508701.301983,4.382593,-0.007440,-0.042220,-1.556080,ndi
1786508701.319458,4.400068,-0.007440,-0.042180,-1.556050,ndi
1786508701.336973,4.417583,-0.007460,-0.042140,-1.556040,ndi
1786508701.352007,4.432617,-0.007460,-0.042090,-1.556020,ndi
1786508701.369548,4.450158,-0.007470,-0.042050,-1.555970,ndi
1786508701.387003,4.467613,-0.007480,-0.042020,-1.555920,ndi
1786508701.401988,4.482598,-0.007480,-0.041980,-1.555910,ndi
1786508701.419484,4.500094,-0.007510,-0.041940,-1.555840,ndi
1786508701.436964,4.517574,-0.007500,-0.041900,-1.555790,ndi
1786508701.451996,4.532606,-0.007520,-0.041860,-1.555740,ndi
1786508701.469487,4.550097,-0.007530,-0.041810,-1.555720,ndi
1786508701.486970,4.567580,-0.007530,-0.041770,-1.555680,ndi
1786508701.501966,4.582576,-0.007560,-0.041730,-1.555640,ndi
1786508701.519469,4.600079,-0.007550,-0.041690,-1.555630,ndi
1786508701.536983,4.617593,-0.007550,-0.041650,-1.555610,ndi
1786508701.552022,4.632632,-0.007560,-0.041620,-1.555580,ndi
1786508701.569480,4.650090,-0.007570,-0.041590,-1.555540,ndi
1786508701.587002,4.667612,-0.007590,-0.041540,-1.555530,ndi
1786508701.601999,4.682609,-0.007590,-0.041510,-1.555480,ndi
1786508701.619498,4.700108,-0.007590,-0.041480,-1.555440,ndi
1786508701.636970,4.717580,-0.007600,-0.041450,-1.555430,ndi
1786508701.652019,4.732629,-0.007630,-0.041400,-1.555430,ndi
1786508701.669498,4.750108,-0.007640,-0.041360,-1.555370,ndi
1786508701.686971,4.767581,-0.007630,-0.041330,-1.555310,ndi
1786508701.701970,4.782580,-0.007660,-0.041290,-1.555300,ndi
1786508701.719470,4.800080,-0.007660,-0.041260,-1.555270,ndi
1786508701.736990,4.817600,-0.007670,-0.041220,-1.555230,ndi
1786508701.752007,4.832617,-0.007670,-0.041200,-1.555190,ndi
1786508701.769495,4.850105,-0.007670,-0.041160,-1.555140,ndi
1786508701.787013,4.867623,-0.007680,-0.041100,-1.555130,ndi
1786508701.802016,4.882627,-0.007710,-0.041060,-1.555070,ndi
1786508701.819478,4.900088,-0.007720,-0.041030,-1.555020,ndi
1786508701.836992,4.917602,-0.007720,-0.040990,-1.555020,ndi
1786508701.852010,4.932620,-0.007740,-0.040940,-1.554970,ndi
1786508701.869463,4.950073,-0.007750,-0.040910,-1.554920,ndi
1786508701.884518,4.965128,-0.007770,-0.040900,-1.554890,ndi
1786508701.901977,4.982587,-0.007790,-0.040860,-1.554890,ndi
1786508701.919495,5.000105,-0.007760,-0.040810,-1.554870,ndi
1786508701.937003,5.017613,-0.007770,-0.040790,-1.554830,ndi
1786508701.952017,5.032627,-0.007800,-0.040770,-1.554830,ndi
1786508701.969485,5.050095,-0.007800,-0.040720,-1.554790,ndi
1786508701.986985,5.067595,-0.007820,-0.040680,-1.554770,ndi
1786508702.002004,5.082614,-0.007820,-0.040660,-1.554720,ndi
1786508702.022016,5.102626,-0.007830,-0.040630,-1.554690,ndi
1786508702.036970,5.117580,-0.007860,-0.040580,-1.554710,ndi
1786508702.052013,5.132623,-0.007870,-0.040540,-1.554690,ndi
1786508702.069508,5.150118,-0.007880,-0.040510,-1.554670,ndi
1786508702.086991,5.167601,-0.007890,-0.040480,-1.554660,ndi
1786508702.101987,5.182597,-0.007890,-0.040450,-1.554630,ndi
1786508702.119511,5.200121,-0.007910,-0.040400,-1.554570,ndi
1786508702.136992,5.217602,-0.007930,-0.040370,-1.554570,ndi
1786508702.152022,5.232632,-0.007920,-0.040350,-1.554550,ndi
1786508702.169474,5.250084,-0.007930,-0.040300,-1.554510,ndi
1786508702.186987,5.267597,-0.007960,-0.040250,-1.554490,ndi
1786508702.202023,5.282633,-0.007960,-0.040220,-1.554450,ndi
1786508702.219501,5.300111,-0.007980,-0.040190,-1.554450,ndi
1786508702.236998,5.317608,-0.007990,-0.040140,-1.554420,ndi
1786508702.252017,5.332627,-0.007990,-0.040100,-1.554420,ndi
1786508702.269500,5.350110,-0.008020,-0.040070,-1.554400,ndi
1786508702.286973,5.367583,-0.008030,-0.040040,-1.554350,ndi
1786508702.301992,5.382602,-0.008020,-0.040000,-1.554330,ndi
1786508702.319499,5.400109,-0.008040,-0.039950,-1.554280,ndi
1786508702.336972,5.417582,-0.008040,-0.039930,-1.554240,ndi
1786508702.352022,5.432632,-0.008060,-0.039910,-1.554240,ndi
1786508702.369498,5.450108,-0.008070,-0.039850,-1.554190,ndi
1786508702.387019,5.467629,-0.008080,-0.039800,-1.554170,ndi
1786508702.402004,5.482614,-0.008090,-0.039790,-1.554130,ndi
1786508702.419490,5.500100,-0.008090,-0.039760,-1.554110,ndi
1786508702.436995,5.517605,-0.008110,-0.039700,-1.554080,ndi
1786508702.452008,5.532618,-0.008130,-0.039670,-1.554030,ndi
1786508702.469484,5.550094,-0.008130,-0.039650,-1.554000,ndi
1786508702.486988,5.567598,-0.008140,-0.039620,-1.553990,ndi
1786508702.501988,5.582598,-0.008150,-0.039570,-1.553950,ndi
1786508702.519472,5.600082,-0.008160,-0.039520,-1.553950,ndi
1786508702.536998,5.617608,-0.008170,-0.039500,-1.553880,ndi
1786508702.552029,5.632639,-0.008180,-0.039480,-1.553860,ndi
1786508702.569505,5.650115,-0.008190,-0.039430,-1.553780,ndi
1786508702.587026,5.667636,-0.008210,-0.039390,-1.553760,ndi
1786508702.602028,5.682638,-0.008210,-0.039360,-1.553740,ndi
1786508702.619513,5.700123,-0.008230,-0.039330,-1.553720,ndi
1786508702.637011,5.717621,-0.008240,-0.039290,-1.553700,ndi
1786508702.652071,5.732681,-0.008250,-0.039260,-1.553690,ndi
1786508702.669500,5.750110,-0.008270,-0.039230,-1.553650,ndi
1786508702.687010,5.767620,-0.008260,-0.039200,-1.553600,ndi
1786508702.702024,5.782634,-0.008280,-0.039160,-1.553580,ndi
1786508702.719518,5.800128,-0.008290,-0.039120,-1.553550,ndi
1786508702.737007,5.817617,-0.008300,-0.039100,-1.553520,ndi
1786508702.752031,5.832641,-0.008300,-0.039080,-1.553490,ndi
1786508702.769503,5.850113,-0.008310,-0.039030,-1.553470,ndi
1786508702.787026,5.867636,-0.008330,-0.038980,-1.553440,ndi
1786508702.802022,5.882632,-0.008340,-0.038960,-1.553400,ndi
1786508702.819516,5.900126,-0.008360,-0.038930,-1.553380,ndi
1786508702.837008,5.917618,-0.008380,-0.038880,-1.553350,ndi
1786508702.852015,5.932625,-0.008380,-0.038840,-1.553340,ndi
1786508702.869493,5.950103,-0.008390,-0.038830,-1.553280,ndi
1786508702.886991,5.967601,-0.008410,-0.038800,-1.553270,ndi
1786508702.902015,5.982625,-0.008410,-0.038760,-1.553230,ndi
1786508702.919507,6.000117,-0.008420,-0.038720,-1.553230,ndi
1786508702.937001,6.017611,-0.008430,-0.038700,-1.553220,ndi
1786508702.952027,6.032637,-0.008450,-0.038660,-1.553190,ndi
1786508702.969492,6.050102,-0.008460,-0.038610,-1.553110,ndi
1786508702.987036,6.067646,-0.008470,-0.038590,-1.553120,ndi
1786508703.001997,6.082607,-0.008480,-0.038570,-1.553070,ndi
1786508703.019532,6.100142,-0.008510,-0.038530,-1.553080,ndi
1786508703.037054,6.117664,-0.008520,-0.038470,-1.553040,ndi
1786508703.052039,6.132649,-0.008530,-0.038440,-1.553040,ndi
1786508703.069505,6.150115,-0.008560,-0.038430,-1.553000,ndi
1786508703.086991,6.167601,-0.008540,-0.038380,-1.552970,ndi
1786508703.102026,6.182636,-0.008550,-0.038330,-1.552950,ndi
1786508703.119526,6.200136,-0.008570,-0.038300,-1.552910,ndi
1786508703.137061,6.217671,-0.008590,-0.038280,-1.552910,ndi
1786508703.152047,6.232657,-0.008590,-0.038240,-1.552860,ndi
1786508703.169516,6.250126,-0.008620,-0.038190,-1.552800,ndi
1786508703.184654,6.265264,-0.008630,-0.038170,-1.552760,ndi
1786508703.202017,6.282627,-0.008650,-0.038150,-1.552780,ndi
1786508703.219500,6.300110,-0.008670,-0.038090,-1.552740,ndi
1786508703.237003,6.317613,-0.008670,-0.038030,-1.552740,ndi
1786508703.252014,6.332624,-0.008700,-0.038020,-1.552700,ndi
1786508703.269463,6.350073,-0.008700,-0.037990,-1.552670,ndi
1786508703.287030,6.367640,-0.008720,-0.037940,-1.552640,ndi
1786508703.302036,6.382646,-0.008720,-0.037900,-1.552590,ndi
1786508703.319557,6.400167,-0.008740,-0.037880,-1.552570,ndi
1786508703.337020,6.417630,-0.008770,-0.037840,-1.552570,ndi
1786508703.352020,6.432630,-0.008750,-0.037800,-1.552540,ndi
1786508703.369507,6.450117,-0.008790,-0.037760,-1.552490,ndi
1786508703.384670,6.465280,-0.008790,-0.037740,-1.552460,ndi
1786508703.402060,6.482670,-0.008820,-0.037710,-1.552390,ndi
1786508703.419509,6.500119,-0.008840,-0.037670,-1.552400,ndi
1786508703.437026,6.517636,-0.008830,-0.037630,-1.552340,ndi
1786508703.451983,6.532593,-0.008870,-0.037600,-1.552320,ndi
1786508703.469494,6.550104,-0.008870,-0.037560,-1.552320,ndi
1786508703.486995,6.567605,-0.008880,-0.037530,-1.552260,ndi
1786508703.502042,6.582652,-0.008910,-0.037500,-1.552230,ndi
1786508703.519501,6.600111,-0.008910,-0.037460,-1.552180,ndi
1786508703.537021,6.617631,-0.008930,-0.037420,-1.552170,ndi
1786508703.552010,6.632620,-0.008930,-0.037400,-1.552120,ndi
1786508703.569516,6.650126,-0.008960,-0.037360,-1.552080,ndi
1786508703.587142,6.667752,-0.008960,-0.037340,-1.552050,ndi
1786508703.602046,6.682656,-0.008980,-0.037300,-1.552040,ndi
1786508703.619527,6.700137,-0.009010,-0.037260,-1.552020,ndi
1786508703.636977,6.717587,-0.009020,-0.037230,-1.551980,ndi
1786508703.652008,6.732618,-0.009020,-0.037200,-1.551940,ndi
1786508703.669514,6.750124,-0.009040,-0.037160,-1.551950,ndi
1786508703.687023,6.767633,-0.009050,-0.037110,-1.551870,ndi
1786508703.702039,6.782649,-0.009080,-0.037080,-1.551850,ndi
1786508703.719533,6.800143,-0.009090,-0.037060,-1.551830,ndi
1786508703.737011,6.817621,-0.009090,-0.037020,-1.551830,ndi
1786508703.752018,6.832628,-0.009110,-0.036990,-1.551790,ndi
1786508703.769490,6.850101,-0.009130,-0.036960,-1.551760,ndi
1786508703.784589,6.865199,-0.009130,-0.036930,-1.551730,ndi
1786508703.802066,6.882676,-0.009150,-0.036900,-1.551730,ndi
1786508703.819530,6.900140,-0.009170,-0.036880,-1.551690,ndi
1786508703.836995,6.917605,-0.009180,-0.036840,-1.551660,ndi
1786508703.851993,6.932603,-0.009200,-0.036810,-1.551670,ndi
1786508703.869525,6.950135,-0.009220,-0.036770,-1.551650,ndi
1786508703.887026,6.967636,-0.009220,-0.036740,-1.551600,ndi
1786508703.902043,6.982653,-0.009230,-0.036710,-1.551600,ndi
1786508703.919538,7.000148,-0.009250,-0.036680,-1.551570,ndi
1786508703.937008,7.017618,-0.009270,-0.036640,-1.551500,ndi
1786508703.952046,7.032656,-0.009300,-0.036620,-1.551480,ndi
1786508703.969509,7.050119,-0.009300,-0.036580,-1.551450,ndi
1786508703.987012,7.067622,-0.009320,-0.036540,-1.551430,ndi
1786508704.002085,7.082695,-0.009340,-0.036530,-1.551400,ndi
1786508704.019537,7.100147,-0.009360,-0.036500,-1.551380,ndi
1786508704.037059,7.117669,-0.009370,-0.036440,-1.551330,ndi
1786508704.052057,7.132667,-0.009370,-0.036410,-1.551330,ndi
1786508704.069535,7.150145,-0.009400,-0.036390,-1.551260,ndi
1786508704.087033,7.167643,-0.009410,-0.036360,-1.551270,ndi
1786508704.102054,7.182664,-0.009430,-0.036320,-1.551240,ndi
1786508704.119536,7.200146,-0.009440,-0.036290,-1.551190,ndi
1786508704.134538,7.215148,-0.009460,-0.036280,-1.551170,ndi
1786508704.152030,7.232640,-0.009480,-0.036240,-1.551170,ndi
1786508704.169488,7.250098,-0.009500,-0.036170,-1.551140,ndi
1786508704.187036,7.267646,-0.009530,-0.036160,-1.551080,ndi
1786508704.202142,7.282753,-0.009530,-0.036140,-1.551070,ndi
1786508704.219548,7.300158,-0.009550,-0.036080,-1.551040,ndi
1786508704.234574,7.315184,-0.009570,-0.036050,-1.551040,ndi
1786508704.252004,7.332614,-0.009580,-0.036040,-1.551010,ndi
1786508704.269543,7.350153,-0.009590,-0.036010,-1.550970,ndi
1786508704.287033,7.367643,-0.009600,-0.035950,-1.550960,ndi
1786508704.302048,7.382658,-0.009620,-0.035920,-1.550930,ndi
1786508704.319516,7.400126,-0.009640,-0.035910,-1.550910,ndi
1786508704.337039,7.417650,-0.009660,-0.035870,-1.550850,ndi
1786508704.352034,7.432644,-0.009670,-0.035830,-1.550820,ndi
1786508704.369525,7.450135,-0.009680,-0.035800,-1.550750,ndi
1786508704.387051,7.467661,-0.009710,-0.035770,-1.550750,ndi
1786508704.402080,7.482690,-0.009730,-0.035730,-1.550730,ndi
1786508704.419501,7.500111,-0.009750,-0.035690,-1.550680,ndi
1786508704.437012,7.517622,-0.009760,-0.035670,-1.550630,ndi
1786508704.452039,7.532650,-0.009770,-0.035640,-1.550610,ndi
1786508704.469536,7.550146,-0.009790,-0.035590,-1.550550,ndi
1786508704.487037,7.567647,-0.009810,-0.035550,-1.550500,ndi
1786508704.502051,7.582661,-0.009820,-0.035530,-1.550500,ndi
1786508704.519544,7.600154,-0.009840,-0.035500,-1.550480,ndi
1786508704.537026,7.617636,-0.009850,-0.035470,-1.550450,ndi
1786508704.552048,7.632658,-0.009860,-0.035450,-1.550420,ndi
1786508704.569517,7.650127,-0.009890,-0.035420,-1.550400,ndi
1786508704.587048,7.667658,-0.009900,-0.035390,-1.550350,ndi
1786508704.602068,7.682678,-0.009910,-0.035360,-1.550310,ndi
1786508704.619545,7.700155,-0.009930,-0.035340,-1.550310,ndi
1786508704.634567,7.715177,-0.009940,-0.035320,-1.550300,ndi
1786508704.652070,7.732680,-0.009960,-0.035290,-1.550250,ndi
1786508704.669545,7.750155,-0.009960,-0.035260,-1.550230,ndi
1786508704.687037,7.767647,-0.009980,-0.035230,-1.550200,ndi
1786508704.702181,7.782791,-0.010000,-0.035200,-1.550190,ndi
1786508704.719562,7.800172,-0.010020,-0.035160,-1.550160,ndi
1786508704.737045,7.817655,-0.010030,-0.035140,-1.550100,ndi
1786508704.752049,7.832659,-0.010050,-0.035100,-1.550080,ndi
1786508704.769551,7.850161,-0.010070,-0.035070,-1.550070,ndi
1786508704.787040,7.867651,-0.010090,-0.035040,-1.550040,ndi
1786508704.802061,7.882671,-0.010110,-0.035010,-1.549990,ndi
1786508704.819519,7.900129,-0.010120,-0.034970,-1.549950,ndi
1786508704.834579,7.915190,-0.010130,-0.034940,-1.549940,ndi
1786508704.852052,7.932662,-0.010150,-0.034920,-1.549910,ndi
1786508704.869522,7.950132,-0.010170,-0.034880,-1.549870,ndi
1786508704.887040,7.967650,-0.010200,-0.034850,-1.549880,ndi
1786508704.902100,7.982710,-0.010200,-0.034830,-1.549840,ndi
1786508704.919548,8.000158,-0.010230,-0.034800,-1.549830,ndi
1786508704.937042,8.017652,-0.010250,-0.034760,-1.549790,ndi
1786508704.952048,8.032658,-0.010270,-0.034730,-1.549760,ndi
1786508704.969541,8.050151,-0.010290,-0.034700,-1.549730,ndi
1786508704.987084,8.067694,-0.010320,-0.034650,-1.549680,ndi
1786508705.002043,8.082653,-0.010330,-0.034620,-1.549680,ndi
1786508705.019548,8.100158,-0.010360,-0.034590,-1.549640,ndi
1786508705.037084,8.117694,-0.010390,-0.034560,-1.549610,ndi
1786508705.052157,8.132767,-0.010390,-0.034520,-1.549590,ndi
1786508705.069588,8.150198,-0.010410,-0.034490,-1.549570,ndi
1786508705.087072,8.167682,-0.010430,-0.034470,-1.549540,ndi
1786508705.102147,8.182757,-0.010450,-0.034430,-1.549490,ndi
1786508705.119587,8.200197,-0.010480,-0.034380,-1.549480,ndi
1786508705.137067,8.217677,-0.010480,-0.034380,-1.549460,ndi
1786508705.152079,8.232689,-0.010510,-0.034350,-1.549410,ndi
1786508705.169567,8.250177,-0.010530,-0.034290,-1.549370,ndi
1786508705.184675,8.265285,-0.010550,-0.034260,-1.549390,ndi
1786508705.202086,8.282696,-0.010570,-0.034240,-1.549300,ndi
1786508705.219563,8.300173,-0.010570,-0.034210,-1.549300,ndi
1786508705.237137,8.317747,-0.010600,-0.034150,-1.549260,ndi
1786508705.252127,8.332737,-0.010610,-0.034120,-1.549240,ndi
1786508705.269571,8.350181,-0.010630,-0.034120,-1.549210,ndi
1786508705.287110,8.367720,-0.010650,-0.034080,-1.549220,ndi
1786508705.302166,8.382776,-0.010650,-0.034030,-1.549180,ndi
1786508705.319597,8.400208,-0.010680,-0.034010,-1.549160,ndi
1786508705.337068,8.417678,-0.010710,-0.033990,-1.549140,ndi
1786508705.352042,8.432652,-0.010720,-0.033950,-1.549090,ndi
1786508705.369554,8.450164,-0.010740,-0.033900,-1.549060,ndi
1786508705.384658,8.465268,-0.010760,-0.033890,-1.549010,ndi
1786508705.402046,8.482656,-0.010780,-0.033870,-1.549010,ndi
1786508705.419536,8.500146,-0.010780,-0.033820,-1.548960,ndi
1786508705.437058,8.517668,-0.010800,-0.033780,-1.548950,ndi
1786508705.452069,8.532679,-0.010810,-0.033770,-1.548900,ndi
1786508705.469548,8.550158,-0.010840,-0.033750,-1.548860,ndi
1786508705.487055,8.567665,-0.010860,-0.033700,-1.548860,ndi
1786508705.502085,8.582695,-0.010870,-0.033670,-1.548840,ndi
1786508705.519557,8.600167,-0.010900,-0.033650,-1.548780,ndi
1786508705.537046,8.617656,-0.010910,-0.033630,-1.548760,ndi
1786508705.552114,8.632724,-0.010940,-0.033580,-1.548730,ndi
1786508705.569560,8.650170,-0.010960,-0.033540,-1.548700,ndi
1786508705.587022,8.667632,-0.010980,-0.033520,-1.548670,ndi
1786508705.602044,8.682654,-0.011010,-0.033510,-1.548680,ndi
1786508705.619540,8.700150,-0.011010,-0.033470,-1.548630,ndi
1786508705.637060,8.717670,-0.011020,-0.033420,-1.548620,ndi
1786508705.652089,8.732699,-0.011050,-0.033410,-1.548600,ndi
1786508705.669562,8.750172,-0.011060,-0.033400,-1.548570,ndi
1786508705.687060,8.767670,-0.011080,-0.033340,-1.548530,ndi
1786508705.702050,8.782660,-0.011110,-0.033300,-1.548490,ndi
1786508705.719570,8.800180,-0.011120,-0.033290,-1.548490,ndi
1786508705.737052,8.817662,-0.011150,-0.033260,-1.548430,ndi
1786508705.752095,8.832705,-0.011180,-0.033220,-1.548390,ndi
1786508705.769567,8.850177,-0.011190,-0.033180,-1.548390,ndi
1786508705.787017,8.867627,-0.011220,-0.033170,-1.548390,ndi
1786508705.802023,8.882633,-0.011240,-0.033160,-1.548340,ndi
1786508705.819548,8.900158,-0.011250,-0.033090,-1.548330,ndi
1786508705.837061,8.917671,-0.011270,-0.033060,-1.548340,ndi
1786508705.852076,8.932686,-0.011290,-0.033060,-1.548290,ndi
1786508705.869555,8.950165,-0.011310,-0.033030,-1.548260,ndi
1786508705.887037,8.967647,-0.011330,-0.032970,-1.548230,ndi
1786508705.902050,8.982661,-0.011360,-0.032920,-1.548210,ndi
1786508705.919574,9.000184,-0.011370,-0.032910,-1.548200,ndi
1786508705.937064,9.017674,-0.011400,-0.032880,-1.548170,ndi
1786508705.952085,9.032695,-0.011420,-0.032840,-1.548130,ndi
1786508705.969564,9.050174,-0.011440,-0.032790,-1.548080,ndi
1786508705.987039,9.067649,-0.011470,-0.032780,-1.548060,ndi
1786508706.002041,9.082651,-0.011460,-0.032750,-1.548060,ndi
1786508706.019549,9.100159,-0.011490,-0.032710,-1.548030,ndi
1786508706.037096,9.117706,-0.011510,-0.032670,-1.547980,ndi
1786508706.052184,9.132794,-0.011530,-0.032650,-1.547960,ndi
1786508706.069545,9.150155,-0.011560,-0.032620,-1.547950,ndi
1786508706.084594,9.165204,-0.011570,-0.032590,-1.547890,ndi
1786508706.102066,9.182676,-0.011590,-0.032550,-1.547890,ndi
1786508706.119577,9.200187,-0.011610,-0.032520,-1.547820,ndi
1786508706.137066,9.217676,-0.011630,-0.032500,-1.547800,ndi
1786508706.152079,9.232689,-0.011660,-0.032460,-1.547820,ndi
1786508706.169552,9.250162,-0.011690,-0.032410,-1.547790,ndi
1786508706.187035,9.267645,-0.011710,-0.032390,-1.547740,ndi
1786508706.202031,9.282641,-0.011710,-0.032370,-1.547720,ndi
1786508706.219545,9.300155,-0.011740,-0.032340,-1.547690,ndi
1786508706.234653,9.315264,-0.011750,-0.032290,-1.547680,ndi
1786508706.252095,9.332705,-0.011770,-0.032270,-1.547630,ndi
1786508706.269575,9.350185,-0.011800,-0.032250,-1.547590,ndi
1786508706.287059,9.367669,-0.011820,-0.032200,-1.547550,ndi
1786508706.302092,9.382702,-0.011840,-0.032160,-1.547520,ndi
1786508706.319588,9.400198,-0.011870,-0.032140,-1.547490,ndi
1786508706.334697,9.415308,-0.011880,-0.032130,-1.547470,ndi
1786508706.352089,9.432699,-0.011910,-0.032070,-1.547440,ndi
1786508706.369548,9.450158,-0.011940,-0.032030,-1.547400,ndi
1786508706.387047,9.467657,-0.011950,-0.032030,-1.547410,ndi
1786508706.402069,9.482679,-0.011970,-0.032010,-1.547380,ndi
1786508706.419579,9.500189,-0.011980,-0.031950,-1.547370,ndi
1786508706.434665,9.515275,-0.011980,-0.031930,-1.547330,ndi
1786508706.454778,9.535388,-0.012020,-0.031930,-1.547290,ndi
1786508706.469575,9.550185,-0.012040,-0.031890,-1.547230,ndi
1786508706.484661,9.565271,-0.012050,-0.031840,-1.547210,ndi
1786508706.502067,9.582677,-0.012080,-0.031810,-1.547160,ndi
1786508706.519585,9.600195,-0.012110,-0.031810,-1.547130,ndi
1786508706.537088,9.617698,-0.012120,-0.031770,-1.547120,ndi
1786508706.552098,9.632708,-0.012150,-0.031720,-1.547090,ndi
1786508706.569602,9.650212,-0.012160,-0.031700,-1.547110,ndi
1786508706.587072,9.667682,-0.012150,-0.031690,-1.547050,ndi
1786508706.602087,9.682697,-0.012200,-0.031660,-1.547010,ndi
1786508706.619581,9.700191,-0.012210,-0.031610,-1.546990,ndi
1786508706.637069,9.717679,-0.012220,-0.031580,-1.546960,ndi
1786508706.652126,9.732736,-0.012250,-0.031570,-1.546950,ndi
1786508706.669565,9.750175,-0.012260,-0.031530,-1.546900,ndi
1786508706.687054,9.767664,-0.012270,-0.031490,-1.546900,ndi
1786508706.702059,9.782669,-0.012310,-0.031480,-1.546830,ndi
1786508706.719608,9.800218,-0.012320,-0.031450,-1.546810,ndi
1786508706.734681,9.815291,-0.012340,-0.031420,-1.546810,ndi
1786508706.752104,9.832714,-0.012370,-0.031380,-1.546770,ndi
1786508706.769523,9.850133,-0.012380,-0.031360,-1.546740,ndi
1786508706.787048,9.867658,-0.012400,-0.031330,-1.546710,ndi
1786508706.802089,9.882699,-0.012430,-0.031290,-1.546680,ndi
1786508706.819590,9.900200,-0.012430,-0.031260,-1.546620,ndi
1786508706.834775,9.915385,-0.012460,-0.031230,-1.546600,ndi
1786508706.852101,9.932711,-0.012490,-0.031200,-1.546580,ndi
1786508706.869562,9.950172,-0.012500,-0.031170,-1.546580,ndi
1786508706.884734,9.965344,-0.012520,-0.031140,-1.546560,ndi
1786508706.902076,9.982686,-0.012540,-0.031110,-1.546520,ndi
1786508706.919605,10.000215,-0.012570,-0.031080,-1.546510,ndi
1786508706.934678,10.015288,-0.012600,-0.031050,-1.546470,ndi
1786508706.952060,10.032670,-0.012620,-0.031020,-1.546460,ndi
1786508706.969558,10.050169,-0.012640,-0.031000,-1.546430,ndi
1786508706.987045,10.067655,-0.012670,-0.030960,-1.546350,ndi
1786508707.002090,10.082700,-0.012680,-0.030910,-1.546350,ndi
1786508707.019593,10.100203,-0.012690,-0.030890,-1.546340,ndi
1786508707.034773,10.115383,-0.012720,-0.030870,-1.546310,ndi
1786508707.052145,10.132756,-0.012740,-0.030830,-1.546270,ndi
1786508707.069583,10.150193,-0.012760,-0.030790,-1.546220,ndi
1786508707.087098,10.167708,-0.012790,-0.030770,-1.546180,ndi
1786508707.102086,10.182696,-0.012800,-0.030740,-1.546180,ndi
1786508707.119626,10.200236,-0.012830,-0.030700,-1.546180,ndi
1786508707.137077,10.217687,-0.012850,-0.030680,-1.546140,ndi
1786508707.152079,10.232689,-0.012870,-0.030650,-1.546100,ndi
1786508707.169605,10.250216,-0.012880,-0.030620,-1.546060,ndi
1786508707.187130,10.267740,-0.012900,-0.030580,-1.546030,ndi
1786508707.202089,10.282699,-0.012920,-0.030550,-1.546010,ndi
1786508707.219651,10.300261,-0.012930,-0.030530,-1.545990,ndi
1786508707.237153,10.317763,-0.012970,-0.030490,-1.545960,ndi
1786508707.252064,10.332674,-0.012980,-0.030460,-1.545920,ndi
1786508707.269582,10.350192,-0.013000,-0.030430,-1.545890,ndi
1786508707.284673,10.365283,-0.013030,-0.030410,-1.545860,ndi
1786508707.302078,10.382688,-0.013040,-0.030380,-1.545850,ndi
1786508707.319634,10.400244,-0.013070,-0.030350,-1.545810,ndi
1786508707.334702,10.415312,-0.013090,-0.030330,-1.545770,ndi
1786508707.352117,10.432727,-0.013100,-0.030290,-1.545720,ndi
1786508707.369631,10.450241,-0.013110,-0.030250,-1.545720,ndi
1786508707.387115,10.467725,-0.013140,-0.030230,-1.545670,ndi
1786508707.402135,10.482745,-0.013150,-0.030220,-1.545640,ndi
1786508707.419621,10.500231,-0.013170,-0.030170,-1.545610,ndi
1786508707.437113,10.517723,-0.013200,-0.030140,-1.545580,ndi
1786508707.452096,10.532706,-0.013210,-0.030120,-1.545550,ndi
1786508707.469581,10.550191,-0.013230,-0.030090,-1.545510,ndi
1786508707.484756,10.565366,-0.013260,-0.030050,-1.545490,ndi
1786508707.502091,10.582701,-0.013270,-0.030020,-1.545470,ndi
1786508707.519680,10.600290,-0.013300,-0.030010,-1.545490,ndi
1786508707.534777,10.615387,-0.013310,-0.029980,-1.545450,ndi
1786508707.552097,10.632707,-0.013340,-0.029940,-1.545440,ndi
1786508707.569583,10.650193,-0.013370,-0.029910,-1.545380,ndi
1786508707.584693,10.665303,-0.013360,-0.029900,-1.545360,ndi
1786508707.602104,10.682714,-0.013380,-0.029860,-1.545340,ndi
1786508707.619620,10.700230,-0.013400,-0.029820,-1.545320,ndi
1786508707.637102,10.717712,-0.013430,-0.029800,-1.545300,ndi
1786508707.652144,10.732754,-0.013460,-0.029790,-1.545270,ndi
1786508707.669577,10.750187,-0.013470,-0.029750,-1.545240,ndi
1786508707.687073,10.767683,-0.013500,-0.029710,-1.545210,ndi
1786508707.702099,10.782709,-0.013520,-0.029690,-1.545210,ndi
1786508707.719739,10.800349,-0.013550,-0.029670,-1.545200,ndi
1786508707.737105,10.817715,-0.013570,-0.029630,-1.545140,ndi
1786508707.752111,10.832721,-0.013590,-0.029590,-1.545120,ndi
1786508707.769628,10.850238,-0.013610,-0.029570,-1.545080,ndi
1786508707.787147,10.867757,-0.013630,-0.029540,-1.545060,ndi
1786508707.802175,10.882785,-0.013660,-0.029510,-1.545060,ndi
1786508707.819632,10.900242,-0.013680,-0.029470,-1.544990,ndi
1786508707.834727,10.915337,-0.013690,-0.029450,-1.544960,ndi
1786508707.852125,10.932735,-0.013720,-0.029420,-1.544950,ndi
1786508707.869586,10.950196,-0.013740,-0.029380,-1.544900,ndi
1786508707.887133,10.967743,-0.013780,-0.029350,-1.544890,ndi
1786508707.902150,10.982760,-0.013790,-0.029340,-1.544880,ndi
1786508707.919645,11.000255,-0.013810,-0.029300,-1.544850,ndi
1786508707.937105,11.017715,-0.013840,-0.029260,-1.544800,ndi
1786508707.952118,11.032728,-0.013840,-0.029240,-1.544810,ndi
1786508707.969597,11.050207,-0.013870,-0.029200,-1.544780,ndi
1786508707.984755,11.065365,-0.013880,-0.029170,-1.544720,ndi
1786508708.002084,11.082694,-0.013910,-0.029130,-1.544690,ndi
1786508708.019604,11.100214,-0.013930,-0.029110,-1.544670,ndi
1786508708.037056,11.117666,-0.013950,-0.029070,-1.544630,ndi
1786508708.052118,11.132728,-0.013980,-0.029050,-1.544600,ndi
1786508708.069587,11.150197,-0.013990,-0.029020,-1.544560,ndi
1786508708.084679,11.165289,-0.014020,-0.028990,-1.544540,ndi
1786508708.102113,11.182723,-0.014050,-0.028960,-1.544530,ndi
1786508708.119596,11.200206,-0.014050,-0.028920,-1.544490,ndi
1786508708.137095,11.217705,-0.014090,-0.028890,-1.544500,ndi
1786508708.152107,11.232717,-0.014100,-0.028870,-1.544470,ndi
1786508708.169600,11.250210,-0.014130,-0.028840,-1.544430,ndi
1786508708.184685,11.265295,-0.014150,-0.028820,-1.544390,ndi
1786508708.202105,11.282715,-0.014180,-0.028780,-1.544370,ndi
1786508708.219602,11.300212,-0.014200,-0.028740,-1.544360,ndi
1786508708.234680,11.315290,-0.014220,-0.028720,-1.544300,ndi
1786508708.252099,11.332709,-0.014240,-0.028700,-1.544260,ndi
1786508708.269569,11.350179,-0.014260,-0.028670,-1.544260,ndi
1786508708.284671,11.365281,-0.014290,-0.028640,-1.544250,ndi
1786508708.302106,11.382716,-0.014310,-0.028620,-1.544220,ndi
1786508708.319567,11.400177,-0.014330,-0.028580,-1.544190,ndi
1786508708.337092,11.417702,-0.014360,-0.028560,-1.544160,ndi
1786508708.352085,11.432695,-0.014360,-0.028540,-1.544140,ndi
1786508708.369591,11.450201,-0.014380,-0.028510,-1.544080,ndi
1786508708.387122,11.467732,-0.014400,-0.028480,-1.544070,ndi
1786508708.402118,11.482728,-0.014420,-0.028450,-1.544030,ndi
1786508708.419656,11.500266,-0.014440,-0.028430,-1.544010,ndi
1786508708.434731,11.515341,-0.014470,-0.028400,-1.544000,ndi
1786508708.452100,11.532710,-0.014490,-0.028380,-1.543940,ndi
1786508708.469614,11.550224,-0.014510,-0.028350,-1.543890,ndi
1786508708.487155,11.567765,-0.014540,-0.028310,-1.543880,ndi
1786508708.502150,11.582760,-0.014560,-0.028280,-1.543840,ndi
1786508708.519622,11.600232,-0.014570,-0.028270,-1.543870,ndi
1786508708.534667,11.615277,-0.014590,-0.028250,-1.543820,ndi
1786508708.552161,11.632771,-0.014610,-0.028210,-1.543770,ndi
1786508708.569635,11.650245,-0.014630,-0.028180,-1.543740,ndi
1786508708.584783,11.665393,-0.014650,-0.028170,-1.543730,ndi
1786508708.602124,11.682734,-0.014670,-0.028140,-1.543730,ndi
1786508708.619596,11.700206,-0.014690,-0.028100,-1.543690,ndi
1786508708.634787,11.715397,-0.014720,-0.028080,-1.543700,ndi
1786508708.652108,11.732718,-0.014720,-0.028050,-1.543650,ndi
1786508708.669630,11.750240,-0.014760,-0.028020,-1.543630,ndi
1786508708.687125,11.767735,-0.014790,-0.027990,-1.543580,ndi
1786508708.702090,11.782700,-0.014800,-0.027960,-1.543570,ndi
1786508708.719588,11.800198,-0.014830,-0.027940,-1.543550,ndi
1786508708.734663,11.815274,-0.014840,-0.027910,-1.543500,ndi
1786508708.752130,11.832740,-0.014860,-0.027870,-1.543490,ndi
1786508708.769621,11.850231,-0.014880,-0.027840,-1.543480,ndi
1786508708.787103,11.867713,-0.014910,-0.027810,-1.543430,ndi
1786508708.802127,11.882737,-0.014940,-0.027770,-1.543380,ndi
1786508708.819597,11.900207,-0.014950,-0.027750,-1.543360,ndi
1786508708.834703,11.915313,-0.014980,-0.027720,-1.543330,ndi
1786508708.852110,11.932720,-0.014990,-0.027690,-1.543320,ndi
1786508708.869611,11.950221,-0.015040,-0.027650,-1.543280,ndi
1786508708.884692,11.965302,-0.015060,-0.027640,-1.543250,ndi
1786508708.902111,11.982721,-0.015070,-0.027600,-1.543220,ndi
1786508708.919605,12.000215,-0.015100,-0.027570,-1.543190,ndi
1786508708.934739,12.015349,-0.015110,-0.027540,-1.543180,ndi
1786508708.952149,12.032759,-0.015140,-0.027520,-1.543150,ndi
1786508708.969624,12.050234,-0.015160,-0.027490,-1.543140,ndi
1786508708.987108,12.067719,-0.015170,-0.027460,-1.543100,ndi
1786508709.002125,12.082735,-0.015190,-0.027440,-1.543100,ndi
1786508709.019635,12.100245,-0.015220,-0.027410,-1.543050,ndi
1786508709.037226,12.117836,-0.015260,-0.027370,-1.543040,ndi
1786508709.052162,12.132772,-0.015270,-0.027340,-1.542980,ndi
1786508709.069703,12.150313,-0.015310,-0.027320,-1.542970,ndi
1786508709.087166,12.167776,-0.015330,-0.027290,-1.542930,ndi
1786508709.102107,12.182717,-0.015340,-0.027250,-1.542900,ndi
1786508709.119637,12.200247,-0.015380,-0.027230,-1.542860,ndi
1786508709.134857,12.215467,-0.015380,-0.027210,-1.542830,ndi
1786508709.152143,12.232753,-0.015400,-0.027160,-1.542810,ndi
1786508709.169637,12.250247,-0.015430,-0.027130,-1.542780,ndi
1786508709.184704,12.265314,-0.015450,-0.027120,-1.542730,ndi
1786508709.202122,12.282732,-0.015470,-0.027100,-1.542700,ndi
1786508709.219618,12.300228,-0.015500,-0.027060,-1.542710,ndi
1786508709.234775,12.315385,-0.015510,-0.027030,-1.542680,ndi
1786508709.252124,12.332734,-0.015530,-0.027020,-1.542630,ndi
1786508709.269588,12.350198,-0.015570,-0.026990,-1.542600,ndi
1786508709.287133,12.367743,-0.015580,-0.026950,-1.542550,ndi
1786508709.302109,12.382719,-0.015600,-0.026930,-1.542560,ndi
1786508709.319584,12.400194,-0.015620,-0.026930,-1.542530,ndi
1786508709.337146,12.417756,-0.015620,-0.026890,-1.542480,ndi
1786508709.352133,12.432743,-0.015650,-0.026860,-1.542460,ndi
1786508709.369628,12.450238,-0.015670,-0.026830,-1.542460,ndi
1786508709.387123,12.467733,-0.015680,-0.026810,-1.542460,ndi
1786508709.402095,12.482705,-0.015710,-0.026780,-1.542410,ndi
1786508709.419608,12.500218,-0.015730,-0.026750,-1.542370,ndi
1786508709.434710,12.515320,-0.015760,-0.026730,-1.542350,ndi
1786508709.452142,12.532752,-0.015770,-0.026690,-1.542320,ndi
1786508709.469642,12.550252,-0.015810,-0.026660,-1.542320,ndi
1786508709.484711,12.565321,-0.015830,-0.026630,-1.542310,ndi
1786508709.502104,12.582714,-0.015860,-0.026610,-1.542260,ndi
1786508709.519606,12.600216,-0.015880,-0.026570,-1.542220,ndi
1786508709.534832,12.615442,-0.015900,-0.026530,-1.542210,ndi
1786508709.552153,12.632763,-0.015910,-0.026510,-1.542180,ndi
1786508709.569633,12.650243,-0.015940,-0.026500,-1.542130,ndi
1786508709.584716,12.665326,-0.015980,-0.026470,-1.542130,ndi
1786508709.602134,12.682745,-0.015980,-0.026440,-1.542120,ndi
1786508709.619616,12.700226,-0.016000,-0.026410,-1.542070,ndi
1786508709.637253,12.717863,-0.016050,-0.026390,-1.542070,ndi
1786508709.652206,12.732816,-0.016060,-0.026370,-1.542030,ndi
1786508709.669597,12.750207,-0.016080,-0.026330,-1.542010,ndi
1786508709.687112,12.767722,-0.016130,-0.026300,-1.541960,ndi
1786508709.702120,12.782730,-0.016140,-0.026280,-1.541940,ndi
1786508709.719646,12.800256,-0.016160,-0.026240,-1.541930,ndi
1786508709.737103,12.817713,-0.016190,-0.026210,-1.541870,ndi
1786508709.752123,12.832733,-0.016210,-0.026190,-1.541830,ndi
1786508709.769636,12.850246,-0.016230,-0.026150,-1.541840,ndi
1786508709.787078,12.867688,-0.016260,-0.026130,-1.541790,ndi
1786508709.802159,12.882769,-0.016290,-0.026100,-1.541770,ndi
1786508709.819628,12.900238,-0.016300,-0.026070,-1.541720,ndi
1786508709.837233,12.917843,-0.016340,-0.026040,-1.541730,ndi
1786508709.852159,12.932769,-0.016350,-0.026020,-1.541720,ndi
1786508709.869600,12.950210,-0.016380,-0.025990,-1.541690,ndi
1786508709.887096,12.967706,-0.016410,-0.025950,-1.541680,ndi
1786508709.902116,12.982726,-0.016420,-0.025930,-1.541640,ndi
1786508709.919631,13.000241,-0.016430,-0.025900,-1.541620,ndi
1786508709.937119,13.017730,-0.016460,-0.025880,-1.541600,ndi
1786508709.952144,13.032754,-0.016480,-0.025850,-1.541590,ndi
1786508709.969645,13.050255,-0.016510,-0.025820,-1.541520,ndi
1786508709.987092,13.067702,-0.016530,-0.025790,-1.541500,ndi
1786508710.002298,13.082908,-0.016550,-0.025770,-1.541510,ndi
1786508710.019621,13.100231,-0.016590,-0.025740,-1.541450,ndi
1786508710.034804,13.115414,-0.016600,-0.025700,-1.541440,ndi
1786508710.052267,13.132877,-0.016640,-0.025670,-1.541390,ndi
1786508710.069637,13.150247,-0.016680,-0.025660,-1.541390,ndi
1786508710.087142,13.167753,-0.016700,-0.025630,-1.541370,ndi
1786508710.102117,13.182727,-0.016720,-0.025590,-1.541320,ndi
1786508710.119618,13.200228,-0.016740,-0.025570,-1.541280,ndi
1786508710.137115,13.217726,-0.016760,-0.025550,-1.541250,ndi
1786508710.152146,13.232756,-0.016780,-0.025510,-1.541170,ndi
1786508710.169628,13.250238,-0.016810,-0.025470,-1.541180,ndi
1786508710.187129,13.267740,-0.016840,-0.025460,-1.541150,ndi
1786508710.202120,13.282730,-0.016860,-0.025450,-1.541120,ndi
1786508710.219622,13.300232,-0.016880,-0.025410,-1.541100,ndi
1786508710.237108,13.317718,-0.016910,-0.025370,-1.541080,ndi
1786508710.252167,13.332777,-0.016940,-0.025370,-1.541030,ndi
1786508710.269629,13.350239,-0.016950,-0.025350,-1.541020,ndi
1786508710.287099,13.367709,-0.016980,-0.025310,-1.540990,ndi
1786508710.302113,13.382723,-0.017000,-0.025280,-1.540960,ndi
1786508710.319617,13.400227,-0.017010,-0.025270,-1.540960,ndi
1786508710.337126,13.417736,-0.017040,-0.025250,-1.540940,ndi
1786508710.352136,13.432746,-0.017060,-0.025210,-1.540900,ndi
1786508710.369643,13.450253,-0.017100,-0.025190,-1.540850,ndi
1786508710.387125,13.467735,-0.017120,-0.025170,-1.540850,ndi
1786508710.402139,13.482749,-0.017130,-0.025140,-1.540850,ndi
1786508710.419618,13.500228,-0.017170,-0.025110,-1.540820,ndi
1786508710.437140,13.517750,-0.017190,-0.025100,-1.540780,ndi
1786508710.452196,13.532806,-0.017230,-0.025070,-1.540750,ndi
1786508710.469620,13.550231,-0.017250,-0.025030,-1.540700,ndi
1786508710.487121,13.567731,-0.017280,-0.025000,-1.540680,ndi
1786508710.502157,13.582767,-0.017290,-0.024980,-1.540640,ndi
1786508710.519666,13.600276,-0.017290,-0.024960,-1.540640,ndi
1786508710.537159,13.617769,-0.017350,-0.024930,-1.540600,ndi
1786508710.552158,13.632768,-0.017360,-0.024900,-1.540570,ndi
1786508710.569632,13.650242,-0.017390,-0.024880,-1.540550,ndi
1786508710.587123,13.667733,-0.017430,-0.024850,-1.540540,ndi
1786508710.602137,13.682747,-0.017440,-0.024820,-1.540520,ndi
1786508710.619633,13.700243,-0.017470,-0.024790,-1.540490,ndi
1786508710.634802,13.715412,-0.017490,-0.024780,-1.540470,ndi
1786508710.652194,13.732804,-0.017520,-0.024740,-1.540430,ndi
1786508710.669631,13.750241,-0.017570,-0.024710,-1.540390,ndi
1786508710.687114,13.767724,-0.017580,-0.024680,-1.540340,ndi
1786508710.702157,13.782767,-0.017610,-0.024660,-1.540350,ndi
1786508710.719648,13.800258,-0.017630,-0.024630,-1.540320,ndi
1786508710.737149,13.817760,-0.017650,-0.024600,-1.540280,ndi
1786508710.752166,13.832776,-0.017680,-0.024580,-1.540260,ndi
1786508710.769637,13.850247,-0.017710,-0.024550,-1.540230,ndi
1786508710.787149,13.867759,-0.017730,-0.024520,-1.540240,ndi
1786508710.802172,13.882782,-0.017750,-0.024490,-1.540180,ndi
1786508710.819620,13.900230,-0.017800,-0.024460,-1.540160,ndi
1786508710.837145,13.917755,-0.017820,-0.024440,-1.540130,ndi
1786508710.852180,13.932790,-0.017860,-0.024420,-1.540120,ndi
1786508710.869622,13.950232,-0.017870,-0.024380,-1.540090,ndi
1786508710.887105,13.967715,-0.017890,-0.024360,-1.540090,ndi
1786508710.902139,13.982749,-0.017930,-0.024340,-1.540040,ndi
1786508710.919660,14.000270,-0.017940,-0.024310,-1.539990,ndi
1786508710.937155,14.017766,-0.017960,-0.024270,-1.539990,ndi
1786508710.952170,14.032780,-0.017990,-0.024260,-1.539960,ndi
1786508710.969627,14.050237,-0.018040,-0.024230,-1.539900,ndi
1786508710.987118,14.067728,-0.018050,-0.024200,-1.539900,ndi
1786508711.002125,14.082735,-0.018090,-0.024180,-1.539880,ndi
1786508711.019657,14.100267,-0.018110,-0.024150,-1.539840,ndi
1786508711.037153,14.117763,-0.018140,-0.024130,-1.539810,ndi
1786508711.052168,14.132778,-0.018170,-0.024090,-1.539760,ndi
1786508711.069669,14.150279,-0.018190,-0.024070,-1.539730,ndi
1786508711.087147,14.167757,-0.018210,-0.024050,-1.539700,ndi
1786508711.102174,14.182784,-0.018240,-0.024030,-1.539660,ndi
1786508711.119651,14.200261,-0.018260,-0.023990,-1.539650,ndi
1786508711.137144,14.217754,-0.018280,-0.023970,-1.539620,ndi
1786508711.152140,14.232750,-0.018320,-0.023960,-1.539600,ndi
1786508711.169648,14.250258,-0.018340,-0.023930,-1.539550,ndi
1786508711.187127,14.267737,-0.018360,-0.023900,-1.539510,ndi
1786508711.202157,14.282767,-0.018410,-0.023880,-1.539500,ndi
1786508711.219639,14.300249,-0.018420,-0.023860,-1.539500,ndi
1786508711.234649,14.315259,-0.018450,-0.023840,-1.539450,ndi
1786508711.252148,14.332758,-0.018470,-0.023820,-1.539430,ndi
1786508711.269643,14.350253,-0.018480,-0.023810,-1.539400,ndi
1786508711.287147,14.367757,-0.018520,-0.023780,-1.539380,ndi
1786508711.302175,14.382785,-0.018540,-0.023750,-1.539360,ndi
1786508711.319664,14.400274,-0.018560,-0.023740,-1.539330,ndi
1786508711.337151,14.417761,-0.018590,-0.023720,-1.539300,ndi
1786508711.352163,14.432773,-0.018610,-0.023690,-1.539290,ndi
1786508711.369643,14.450253,-0.018640,-0.023660,-1.539270,ndi
1786508711.387157,14.467767,-0.018670,-0.023640,-1.539220,ndi
1786508711.402177,14.482787,-0.018710,-0.023620,-1.539210,ndi
1786508711.419669,14.500279,-0.018730,-0.023580,-1.539200,ndi
1786508711.437113,14.517723,-0.018790,-0.023550,-1.539160,ndi
1786508711.452161,14.532771,-0.018810,-0.023530,-1.539140,ndi
1786508711.469645,14.550255,-0.018810,-0.023510,-1.539100,ndi
1786508711.487158,14.567768,-0.018860,-0.023470,-1.539120,ndi
1786508711.502167,14.582777,-0.018860,-0.023450,-1.539080,ndi
1786508711.519643,14.600253,-0.018890,-0.023420,-1.539030,ndi
1786508711.534892,14.615502,-0.018930,-0.023410,-1.539010,ndi
1786508711.552188,14.632798,-0.018940,-0.023390,-1.538960,ndi
1786508711.569637,14.650247,-0.018990,-0.023360,-1.538970,ndi
1786508711.587183,14.667794,-0.019020,-0.023320,-1.538900,ndi
1786508711.602192,14.682802,-0.019030,-0.023300,-1.538870,ndi
1786508711.619668,14.700278,-0.019090,-0.023280,-1.538870,ndi
1786508711.637150,14.717760,-0.019110,-0.023240,-1.538820,ndi
1786508711.652237,14.732847,-0.019130,-0.023220,-1.538800,ndi
1786508711.669665,14.750275,-0.019160,-0.023200,-1.538770,ndi
1786508711.687149,14.767759,-0.019200,-0.023180,-1.538730,ndi
1786508711.702173,14.782783,-0.019210,-0.023140,-1.538690,ndi
1786508711.719667,14.800277,-0.019260,-0.023110,-1.538690,ndi
1786508711.734747,14.815357,-0.019280,-0.023110,-1.538670,ndi
1786508711.752171,14.832781,-0.019290,-0.023090,-1.538670,ndi
1786508711.769650,14.850260,-0.019350,-0.023050,-1.538610,ndi
1786508711.787155,14.867765,-0.019380,-0.023030,-1.538620,ndi
1786508711.802186,14.882796,-0.019390,-0.023020,-1.538570,ndi
1786508711.819651,14.900261,-0.019450,-0.022980,-1.538560,ndi
1786508711.834635,14.915245,-0.019450,-0.022950,-1.538550,ndi
1786508711.852328,14.932938,-0.019480,-0.022930,-1.538520,ndi
1786508711.869667,14.950277,-0.019510,-0.022920,-1.538460,ndi
1786508711.884851,14.965461,-0.019520,-0.022880,-1.538440,ndi
1786508711.902180,14.982790,-0.019590,-0.022860,-1.538410,ndi
1786508711.919670,15.000280,-0.019570,-0.022830,-1.538380,ndi
1786508711.934641,15.015251,-0.019610,-0.022800,-1.538360,ndi
1786508711.952185,15.032795,-0.019670,-0.022780,-1.538350,ndi
1786508711.969654,15.050264,-0.019670,-0.022750,-1.538330,ndi
1786508711.987149,15.067759,-0.019730,-0.022730,-1.538290,ndi
1786508712.002177,15.082788,-0.019750,-0.022700,-1.538250,ndi
1786508712.019671,15.100281,-0.019800,-0.022680,-1.538210,ndi
1786508712.037159,15.117769,-0.019790,-0.022660,-1.538210,ndi
1786508712.052207,15.132817,-0.019830,-0.022640,-1.538210,ndi
1786508712.069742,15.150352,-0.019870,-0.022600,-1.538130,ndi
1786508712.084807,15.165417,-0.019870,-0.022580,-1.538140,ndi
1786508712.102223,15.182833,-0.019930,-0.022580,-1.538090,ndi
1786508712.119736,15.200346,-0.019940,-0.022540,-1.538050,ndi
1786508712.137179,15.217789,-0.019970,-0.022510,-1.538030,ndi
1786508712.152180,15.232790,-0.020010,-0.022510,-1.538020,ndi
1786508712.169652,15.250262,-0.020010,-0.022500,-1.537990,ndi
1786508712.184902,15.265512,-0.020050,-0.022460,-1.537980,ndi
1786508712.202200,15.282810,-0.020080,-0.022430,-1.537920,ndi
1786508712.219656,15.300266,-0.020110,-0.022420,-1.537900,ndi
1786508712.234658,15.315268,-0.020130,-0.022400,-1.537880,ndi
1786508712.252161,15.332771,-0.020160,-0.022370,-1.537840,ndi
1786508712.269688,15.350298,-0.020170,-0.022350,-1.537810,ndi
1786508712.284862,15.365472,-0.020190,-0.022330,-1.537810,ndi
1786508712.302194,15.382804,-0.020250,-0.022310,-1.537780,ndi
1786508712.319665,15.400275,-0.020260,-0.022270,-1.537750,ndi
1786508712.334896,15.415506,-0.020290,-0.022250,-1.537720,ndi
1786508712.352177,15.432787,-0.020320,-0.022240,-1.537710,ndi
1786508712.369647,15.450257,-0.020360,-0.022210,-1.537660,ndi
1786508712.384789,15.465399,-0.020380,-0.022170,-1.537640,ndi
1786508712.402202,15.482812,-0.020410,-0.022160,-1.537600,ndi
1786508712.419663,15.500273,-0.020450,-0.022150,-1.537590,ndi
1786508712.434645,15.515255,-0.020460,-0.022120,-1.537570,ndi
1786508712.452187,15.532797,-0.020480,-0.022090,-1.537550,ndi
1786508712.469684,15.550294,-0.020490,-0.022080,-1.537520,ndi
1786508712.487179,15.567789,-0.020520,-0.022080,-1.537510,ndi
1786508712.502196,15.582806,-0.020510,-0.022060,-1.537500,ndi
1786508712.519646,15.600256,-0.020520,-0.022050,-1.537490,ndi
1786508712.534866,15.615476,-0.020540,-0.022060,-1.537480,ndi
1786508712.552149,15.632759,-0.020550,-0.022050,-1.537470,ndi
1786508712.569668,15.650278,-0.020570,-0.022020,-1.537470,ndi
1786508712.584775,15.665385,-0.020570,-0.022010,-1.537460,ndi
1786508712.602172,15.682782,-0.020580,-0.022020,-1.537470,ndi
1786508712.619647,15.700257,-0.020600,-0.022020,-1.537460,ndi
1786508712.634650,15.715260,-0.020570,-0.022000,-1.537460,ndi
1786508712.652229,15.732839,-0.020590,-0.021990,-1.537430,ndi
1786508712.669679,15.750289,-0.020590,-0.022000,-1.537440,ndi
1786508712.684785,15.765395,-0.020590,-0.022000,-1.537450,ndi
1786508712.702195,15.782805,-0.020600,-0.021990,-1.537430,ndi
1786508712.719687,15.800297,-0.020600,-0.021990,-1.537420,ndi
1786508712.734841,15.815451,-0.020590,-0.022010,-1.537420,ndi
1786508712.752189,15.832799,-0.020590,-0.022000,-1.537420,ndi
1786508712.769664,15.850274,-0.020620,-0.021980,-1.537420,ndi
1786508712.784771,15.865381,-0.020610,-0.022000,-1.537450,ndi
1786508712.802163,15.882773,-0.020620,-0.022010,-1.537450,ndi
1786508712.819648,15.900258,-0.020620,-0.022010,-1.537470,ndi
1786508712.837136,15.917746,-0.020610,-0.021990,-1.537480,ndi
1786508712.852190,15.932800,-0.020620,-0.022010,-1.537460,ndi
1786508712.869702,15.950312,-0.020600,-0.022020,-1.537450,ndi
1786508712.884788,15.965398,-0.020620,-0.022000,-1.537460,ndi
1786508712.902210,15.982820,-0.020620,-0.021990,-1.537470,ndi
1786508712.919708,16.000318,-0.020610,-0.022010,-1.537450,ndi
1786508712.934852,16.015462,-0.020630,-0.022020,-1.537450,ndi
1786508712.952190,16.032800,-0.020630,-0.022000,-1.537440,ndi
1786508712.969668,16.050278,-0.020630,-0.021990,-1.537460,ndi
1786508712.984790,16.065400,-0.020630,-0.022020,-1.537450,ndi
1786508713.002153,16.082763,-0.020630,-0.022010,-1.537460,ndi
1786508713.019655,16.100265,-0.020630,-0.021990,-1.537460,ndi
1786508713.037225,16.117835,-0.020620,-0.022000,-1.537460,ndi
1786508713.052252,16.132862,-0.020620,-0.022010,-1.537460,ndi
1786508713.069729,16.150339,-0.020620,-0.022000,-1.537440,ndi
1786508713.087200,16.167810,-0.020630,-0.021990,-1.537430,ndi
1786508713.102187,16.182797,-0.020620,-0.022010,-1.537470,ndi
1786508713.119727,16.200337,-0.020630,-0.022010,-1.537450,ndi
1786508713.134850,16.215460,-0.020640,-0.022000,-1.537480,ndi
1786508713.152189,16.232799,-0.020630,-0.022000,-1.537450,ndi
1786508713.169703,16.250313,-0.020640,-0.022010,-1.537430,ndi
1786508713.184884,16.265494,-0.020640,-0.022010,-1.537460,ndi
1786508713.202173,16.282783,-0.020630,-0.022000,-1.537480,ndi
1786508713.219652,16.300262,-0.020640,-0.022010,-1.537460,ndi
1786508713.234709,16.315319,-0.020630,-0.022020,-1.537470,ndi
1786508713.252182,16.332792,-0.020630,-0.022010,-1.537460,ndi
1786508713.269676,16.350286,-0.020640,-0.022000,-1.537450,ndi
1786508713.284804,16.365414,-0.020630,-0.022010,-1.537450,ndi
1786508713.302169,16.382779,-0.020640,-0.022020,-1.537490,ndi
1786508713.319659,16.400270,-0.020640,-0.022000,-1.537470,ndi
1786508713.334849,16.415459,-0.020640,-0.022000,-1.537470,ndi
1786508713.352209,16.432819,-0.020640,-0.022020,-1.537480,ndi
1786508713.369683,16.450293,-0.020650,-0.022020,-1.537470,ndi
1786508713.387167,16.467777,-0.020650,-0.022000,-1.537440,ndi
1786508713.402178,16.482788,-0.020640,-0.022010,-1.537470,ndi
1786508713.419682,16.500292,-0.020650,-0.022030,-1.537470,ndi
1786508713.434788,16.515398,-0.020630,-0.022020,-1.537440,ndi
1786508713.452201,16.532811,-0.020640,-0.022000,-1.537460,ndi
1786508713.469713,16.550323,-0.020660,-0.022010,-1.537470,ndi
1786508713.484802,16.565412,-0.020640,-0.022030,-1.537470,ndi
1786508713.502204,16.582814,-0.020640,-0.022010,-1.537450,ndi
1786508713.519673,16.600283,-0.020650,-0.022000,-1.537480,ndi
1786508713.534850,16.615460,-0.020640,-0.022020,-1.537470,ndi
1786508713.552214,16.632824,-0.020660,-0.022020,-1.537460,ndi
1786508713.569695,16.650305,-0.020660,-0.022000,-1.537460,ndi
1786508713.584699,16.665309,-0.020650,-0.022010,-1.537460,ndi
1786508713.602180,16.682790,-0.020660,-0.022030,-1.537480,ndi
1786508713.619693,16.700303,-0.020650,-0.022020,-1.537480,ndi
1786508713.634786,16.715396,-0.020650,-0.022000,-1.537460,ndi
1786508713.652231,16.732841,-0.020650,-0.022020,-1.537470,ndi
1786508713.669736,16.750346,-0.020650,-0.022030,-1.537470,ndi
1786508713.684786,16.765396,-0.020650,-0.022010,-1.537470,ndi
1786508713.702192,16.782802,-0.020660,-0.022000,-1.537470,ndi
1786508713.719687,16.800297,-0.020660,-0.022020,-1.537470,ndi
1786508713.734861,16.815471,-0.020660,-0.022030,-1.537480,ndi
1786508713.752210,16.832820,-0.020670,-0.022020,-1.537450,ndi
1786508713.769691,16.850301,-0.020670,-0.022010,-1.537450,ndi
1786508713.784788,16.865398,-0.020660,-0.022020,-1.537500,ndi
1786508713.802180,16.882790,-0.020670,-0.022030,-1.537510,ndi
1786508713.819720,16.900330,-0.020660,-0.022010,-1.537470,ndi
1786508713.834795,16.915405,-0.020660,-0.022010,-1.537460,ndi
1786508713.852226,16.932837,-0.020660,-0.022030,-1.537470,ndi
1786508713.869802,16.950413,-0.020660,-0.022030,-1.537470,ndi
1786508713.884806,16.965416,-0.020670,-0.022020,-1.537450,ndi
1786508713.902220,16.982830,-0.020660,-0.022010,-1.537450,ndi
1786508713.919698,17.000308,-0.020660,-0.022030,-1.537500,ndi
1786508713.934770,17.015380,-0.020660,-0.022030,-1.537490,ndi
1786508713.952220,17.032830,-0.020680,-0.022010,-1.537480,ndi
1786508713.969703,17.050313,-0.020680,-0.022010,-1.537480,ndi
1786508713.984798,17.065408,-0.020680,-0.022030,-1.537480,ndi
1786508714.002192,17.082803,-0.020660,-0.022030,-1.537490,ndi
1786508714.019711,17.100321,-0.020670,-0.022020,-1.537490,ndi
1786508714.034800,17.115410,-0.020670,-0.022020,-1.537490,ndi
1786508714.052312,17.132922,-0.020660,-0.022030,-1.537480,ndi
1786508714.069764,17.150374,-0.020670,-0.022030,-1.537490,ndi
1786508714.084821,17.165431,-0.020670,-0.022020,-1.537480,ndi
1786508714.102210,17.182820,-0.020670,-0.022020,-1.537480,ndi
1786508714.119694,17.200304,-0.020680,-0.022030,-1.537470,ndi
1786508714.134787,17.215397,-0.020680,-0.022030,-1.537480,ndi
1786508714.152228,17.232838,-0.020680,-0.022020,-1.537470,ndi
1786508714.169664,17.250274,-0.020680,-0.022030,-1.537490,ndi
1786508714.187187,17.267797,-0.020690,-0.022030,-1.537480,ndi
1786508714.202198,17.282808,-0.020680,-0.022030,-1.537460,ndi
1786508714.219691,17.300301,-0.020670,-0.022020,-1.537460,ndi
1786508714.234850,17.315460,-0.020670,-0.022030,-1.537460,ndi
1786508714.252235,17.332845,-0.020660,-0.022030,-1.537460,ndi
1786508714.269712,17.350322,-0.020680,-0.022020,-1.537460,ndi
1786508714.284832,17.365442,-0.020670,-0.022030,-1.537470,ndi
1786508714.302227,17.382837,-0.020670,-0.022040,-1.537480,ndi
1786508714.319696,17.400306,-0.020690,-0.022030,-1.537480,ndi
1786508714.334815,17.415425,-0.020680,-0.022030,-1.537460,ndi
1786508714.352221,17.432831,-0.020680,-0.022030,-1.537460,ndi
1786508714.369690,17.450300,-0.020690,-0.022030,-1.537450,ndi
1786508714.384792,17.465402,-0.020680,-0.022020,-1.537460,ndi
1786508714.402229,17.482839,-0.020670,-0.022030,-1.537450,ndi
1786508714.419702,17.500312,-0.020680,-0.022040,-1.537470,ndi
1786508714.434808,17.515418,-0.020670,-0.022030,-1.537460,ndi
1786508714.452225,17.532835,-0.020670,-0.022020,-1.537450,ndi
1786508714.469700,17.550310,-0.020670,-0.022030,-1.537470,ndi
1786508714.484851,17.565461,-0.020670,-0.022030,-1.537470,ndi
1786508714.502254,17.582864,-0.020680,-0.022030,-1.537470,ndi
1786508714.519713,17.600323,-0.020680,-0.022020,-1.537460,ndi
1786508714.534812,17.615422,-0.020680,-0.022020,-1.537480,ndi
1786508714.552205,17.632815,-0.020690,-0.022030,-1.537460,ndi
1786508714.569677,17.650287,-0.020680,-0.022030,-1.537450,ndi
1786508714.587236,17.667846,-0.020680,-0.022020,-1.537470,ndi
1786508714.602246,17.682856,-0.020680,-0.022030,-1.537460,ndi
1786508714.619725,17.700335,-0.020670,-0.022030,-1.537470,ndi
1786508714.634818,17.715428,-0.020680,-0.022020,-1.537480,ndi
1786508714.652221,17.732831,-0.020690,-0.022020,-1.537460,ndi
1786508714.669722,17.750332,-0.020680,-0.022040,-1.537460,ndi
1786508714.684858,17.765468,-0.020680,-0.022030,-1.537470,ndi
1786508714.702218,17.782828,-0.020680,-0.022020,-1.537460,ndi
1786508714.719719,17.800329,-0.020690,-0.022020,-1.537470,ndi
1786508714.734833,17.815443,-0.020690,-0.022040,-1.537460,ndi
1786508714.752199,17.832809,-0.020690,-0.022040,-1.537480,ndi
1786508714.769715,17.850325,-0.020690,-0.022030,-1.537480,ndi
1786508714.787199,17.867809,-0.020690,-0.022030,-1.537460,ndi
1786508714.802234,17.882844,-0.020690,-0.022030,-1.537470,ndi
1786508714.819729,17.900339,-0.020680,-0.022040,-1.537500,ndi
1786508714.834812,17.915422,-0.020680,-0.022030,-1.537470,ndi
1786508714.852215,17.932825,-0.020690,-0.022030,-1.537460,ndi
1786508714.869716,17.950326,-0.020680,-0.022040,-1.537470,ndi
1786508714.887182,17.967792,-0.020690,-0.022040,-1.537480,ndi
1786508714.902206,17.982816,-0.020690,-0.022040,-1.537470,ndi
1786508714.919731,18.000341,-0.020690,-0.022030,-1.537460,ndi
1786508714.934812,18.015422,-0.020700,-0.022040,-1.537470,ndi
1786508714.952199,18.032809,-0.020700,-0.022050,-1.537470,ndi
1786508714.969676,18.050286,-0.020700,-0.022030,-1.537460,ndi
1786508714.987201,18.067811,-0.020680,-0.022030,-1.537440,ndi
1786508715.002245,18.082855,-0.020690,-0.022040,-1.537470,ndi
1786508715.019743,18.100353,-0.020690,-0.022050,-1.537460,ndi
1786508715.034837,18.115447,-0.020680,-0.022030,-1.537450,ndi
1786508715.052328,18.132938,-0.020700,-0.022030,-1.537440,ndi
1786508715.069725,18.150335,-0.020680,-0.022050,-1.537470,ndi
1786508715.084894,18.165504,-0.020700,-0.022050,-1.537460,ndi
1786508715.102212,18.182822,-0.020700,-0.022020,-1.537470,ndi
1786508715.119740,18.200350,-0.020700,-0.022030,-1.537470,ndi
1786508715.134820,18.215430,-0.020710,-0.022050,-1.537470,ndi
1786508715.152213,18.232823,-0.020690,-0.022050,-1.537480,ndi
1786508715.169703,18.250313,-0.020710,-0.022030,-1.537460,ndi
1786508715.184850,18.265460,-0.020690,-0.022040,-1.537450,ndi
1786508715.202242,18.282852,-0.020690,-0.022050,-1.537460,ndi
1786508715.219728,18.300338,-0.020700,-0.022040,-1.537450,ndi
1786508715.234819,18.315429,-0.020690,-0.022030,-1.537460,ndi
1786508715.252220,18.332830,-0.020700,-0.022040,-1.537430,ndi
1786508715.269708,18.350318,-0.020700,-0.022050,-1.537450,ndi
1786508715.284923,18.365533,-0.020700,-0.022050,-1.537450,ndi
1786508715.302229,18.382839,-0.020710,-0.022040,-1.537460,ndi
1786508715.319728,18.400338,-0.020700,-0.022050,-1.537450,ndi
1786508715.337204,18.417814,-0.020710,-0.022050,-1.537450,ndi
1786508715.352217,18.432827,-0.020710,-0.022050,-1.537470,ndi
1786508715.369710,18.450320,-0.020710,-0.022040,-1.537460,ndi
1786508715.387227,18.467837,-0.020700,-0.022050,-1.537470,ndi
1786508715.402248,18.482858,-0.020690,-0.022050,-1.537470,ndi
1786508715.419734,18.500344,-0.020710,-0.022040,-1.537450,ndi
1786508715.434804,18.515414,-0.020690,-0.022050,-1.537450,ndi
1786508715.452240,18.532850,-0.020710,-0.022050,-1.537470,ndi
1786508715.469705,18.550315,-0.020710,-0.022040,-1.537450,ndi
1786508715.484864,18.565474,-0.020700,-0.022050,-1.537440,ndi
1786508715.502235,18.582845,-0.020720,-0.022050,-1.537460,ndi
1786508715.519739,18.600349,-0.020710,-0.022040,-1.537450,ndi
1786508715.534792,18.615402,-0.020710,-0.022040,-1.537470,ndi
1786508715.552221,18.632831,-0.020720,-0.022050,-1.537460,ndi
1786508715.569748,18.650358,-0.020710,-0.022050,-1.537430,ndi
1786508715.584863,18.665473,-0.020700,-0.022050,-1.537440,ndi
1786508715.602252,18.682863,-0.020700,-0.022050,-1.537460,ndi
1786508715.619723,18.700333,-0.020710,-0.022060,-1.537450,ndi
1786508715.637216,18.717826,-0.020700,-0.022040,-1.537450,ndi
1786508715.652244,18.732854,-0.020710,-0.022040,-1.537440,ndi
1786508715.669717,18.750327,-0.020710,-0.022060,-1.537470,ndi
1786508715.684785,18.765395,-0.020710,-0.022070,-1.537440,ndi
1786508715.702256,18.782866,-0.020710,-0.022050,-1.537460,ndi
1786508715.719751,18.800361,-0.020720,-0.022040,-1.537440,ndi
1786508715.737206,18.817816,-0.020720,-0.022060,-1.537460,ndi
1786508715.752259,18.832869,-0.020710,-0.022060,-1.537450,ndi
1786508715.769729,18.850339,-0.020720,-0.022050,-1.537440,ndi
1786508715.787257,18.867867,-0.020720,-0.022050,-1.537450,ndi
1786508715.802250,18.882860,-0.020700,-0.022060,-1.537460,ndi
1786508715.819730,18.900340,-0.020710,-0.022060,-1.537450,ndi
1786508715.834806,18.915416,-0.020710,-0.022050,-1.537460,ndi
1786508715.852251,18.932861,-0.020710,-0.022050,-1.537430,ndi
1786508715.869716,18.950326,-0.020720,-0.022060,-1.537440,ndi
1786508715.887215,18.967825,-0.020720,-0.022060,-1.537460,ndi
1786508715.902250,18.982860,-0.020720,-0.022040,-1.537450,ndi
1786508715.919734,19.000344,-0.020720,-0.022050,-1.537440,ndi
1786508715.934810,19.015420,-0.020720,-0.022060,-1.537440,ndi
1786508715.952220,19.032830,-0.020720,-0.022060,-1.537450,ndi
1786508715.969734,19.050344,-0.020700,-0.022040,-1.537430,ndi
1786508715.987282,19.067892,-0.020720,-0.022050,-1.537450,ndi
1786508716.002254,19.082864,-0.020710,-0.022060,-1.537440,ndi
1786508716.019743,19.100353,-0.020720,-0.022060,-1.537440,ndi
1786508716.034814,19.115424,-0.020720,-0.022040,-1.537450,ndi
1786508716.052324,19.132934,-0.020710,-0.022050,-1.537480,ndi
1786508716.069724,19.150334,-0.020720,-0.022060,-1.537420,ndi
1786508716.084817,19.165427,-0.020720,-0.022050,-1.537450,ndi
1786508716.102262,19.182872,-0.020730,-0.022040,-1.537440,ndi
1786508716.119704,19.200314,-0.020730,-0.022060,-1.537450,ndi
1786508716.137209,19.217819,-0.020730,-0.022070,-1.537470,ndi
1786508716.152240,19.232850,-0.020720,-0.022050,-1.537450,ndi
1786508716.169753,19.250363,-0.020720,-0.022040,-1.537460,ndi
1786508716.184819,19.265429,-0.020720,-0.022060,-1.537440,ndi
1786508716.202264,19.282874,-0.020720,-0.022060,-1.537470,ndi
1786508716.219747,19.300357,-0.020720,-0.022050,-1.537420,ndi
1786508716.237242,19.317852,-0.020720,-0.022040,-1.537450,ndi
1786508716.252244,19.332854,-0.020730,-0.022050,-1.537470,ndi
1786508716.269728,19.350338,-0.020730,-0.022050,-1.537470,ndi
1786508716.284815,19.365425,-0.020730,-0.022050,-1.537450,ndi
1786508716.302269,19.382879,-0.020740,-0.022050,-1.537450,ndi
1786508716.319722,19.400332,-0.020740,-0.022050,-1.537450,ndi
1786508716.334800,19.415410,-0.020740,-0.022040,-1.537480,ndi
1786508716.352285,19.432895,-0.020740,-0.022040,-1.537450,ndi
1786508716.369747,19.450357,-0.020740,-0.022050,-1.537450,ndi
1786508716.384835,19.465445,-0.020740,-0.022040,-1.537470,ndi
1786508716.402282,19.482892,-0.020750,-0.022030,-1.537440,ndi
1786508716.419734,19.500344,-0.020760,-0.022020,-1.537500,ndi
1786508716.434815,19.515425,-0.020770,-0.022000,-1.537510,ndi
1786508716.452255,19.532865,-0.020790,-0.021960,-1.537530,ndi
1786508716.469723,19.550333,-0.020810,-0.021920,-1.537580,ndi
1786508716.484824,19.565434,-0.020830,-0.021880,-1.537620,ndi
1786508716.502239,19.582849,-0.020870,-0.021830,-1.537700,ndi
1786508716.519719,19.600329,-0.020880,-0.021770,-1.537740,ndi
1786508716.534799,19.615409,-0.020900,-0.021730,-1.537790,ndi
1786508716.552265,19.632875,-0.020920,-0.021690,-1.537900,ndi
1786508716.569749,19.650359,-0.020930,-0.021650,-1.537940,ndi
1786508716.584815,19.665425,-0.020960,-0.021590,-1.538000,ndi
1786508716.602254,19.682864,-0.020970,-0.021550,-1.538090,ndi
1786508716.619763,19.700373,-0.021000,-0.021510,-1.538160,ndi
1786508716.634963,19.715573,-0.021010,-0.021470,-1.538190,ndi
1786508716.652273,19.732883,-0.021030,-0.021400,-1.538270,ndi
1786508716.669739,19.750349,-0.021060,-0.021370,-1.538320,ndi
1786508716.687241,19.767851,-0.021070,-0.021330,-1.538330,ndi
1786508716.702226,19.782836,-0.021090,-0.021290,-1.538380,ndi
1786508716.719733,19.800344,-0.021110,-0.021250,-1.538430,ndi
1786508716.734824,19.815434,-0.021110,-0.021220,-1.538480,ndi
1786508716.752277,19.832887,-0.021120,-0.021200,-1.538520,ndi
1786508716.769754,19.850364,-0.021130,-0.021130,-1.538590,ndi
1786508716.784811,19.865421,-0.021150,-0.021080,-1.538620,ndi
1786508716.802262,19.882872,-0.021160,-0.021050,-1.538660,ndi
1786508716.819770,19.900380,-0.021190,-0.021020,-1.538720,ndi
1786508716.834828,19.915438,-0.021190,-0.020970,-1.538750,ndi
1786508716.852234,19.932844,-0.021210,-0.020910,-1.538810,ndi
1786508716.869732,19.950342,-0.021230,-0.020890,-1.538860,ndi
1786508716.884834,19.965444,-0.021240,-0.020860,-1.538920,ndi
1786508716.902237,19.982847,-0.021250,-0.020810,-1.538930,ndi
1786508716.919727,20.000337,-0.021260,-0.020750,-1.539020,ndi
1786508716.934801,20.015411,-0.021260,-0.020740,-1.539040,ndi
1786508716.952270,20.032880,-0.021270,-0.020700,-1.539110,ndi
1786508716.969731,20.050341,-0.021290,-0.020640,-1.539180,ndi
1786508716.984823,20.065433,-0.021280,-0.020610,-1.539210,ndi
1786508717.002268,20.082878,-0.021300,-0.020580,-1.539280,ndi
1786508717.019779,20.100389,-0.021320,-0.020540,-1.539330,ndi
1786508717.034752,20.115362,-0.021330,-0.020480,-1.539380,ndi
1786508717.052268,20.132878,-0.021350,-0.020440,-1.539480,ndi
1786508717.069754,20.150364,-0.021350,-0.020410,-1.539540,ndi
1786508717.084881,20.165491,-0.021360,-0.020360,-1.539580,ndi
1786508717.102249,20.182859,-0.021370,-0.020300,-1.539690,ndi
1786508717.119730,20.200340,-0.021370,-0.020260,-1.539680,ndi
1786508717.134848,20.215458,-0.021380,-0.020240,-1.539720,ndi
1786508717.152287,20.232897,-0.021380,-0.020180,-1.539790,ndi
1786508717.169742,20.250352,-0.021390,-0.020110,-1.539840,ndi
1786508717.184831,20.265441,-0.021400,-0.020090,-1.539870,ndi
1786508717.202262,20.282872,-0.021400,-0.020050,-1.539950,ndi
1786508717.219758,20.300368,-0.021420,-0.019990,-1.540020,ndi
1786508717.234773,20.315383,-0.021410,-0.019930,-1.540080,ndi
1786508717.252275,20.332885,-0.021430,-0.019900,-1.540130,ndi
1786508717.269742,20.350353,-0.021440,-0.019870,-1.540190,ndi
1786508717.287213,20.367823,-0.021450,-0.019800,-1.540250,ndi
1786508717.302243,20.382853,-0.021450,-0.019750,-1.540370,ndi
1786508717.319731,20.400342,-0.021450,-0.019740,-1.540390,ndi
1786508717.334832,20.415442,-0.021440,-0.019700,-1.540430,ndi
1786508717.352272,20.432882,-0.021450,-0.019640,-1.540500,ndi
1786508717.369761,20.450371,-0.021460,-0.019580,-1.540580,ndi
1786508717.384871,20.465481,-0.021460,-0.019580,-1.540610,ndi
1786508717.402303,20.482913,-0.021460,-0.019530,-1.540660,ndi
1786508717.419743,20.500353,-0.021470,-0.019460,-1.540720,ndi
1786508717.437249,20.517859,-0.021480,-0.019430,-1.540790,ndi
1786508717.452266,20.532876,-0.021470,-0.019400,-1.540820,ndi
1786508717.469770,20.550380,-0.021480,-0.019340,-1.540900,ndi
1786508717.484814,20.565424,-0.021480,-0.019280,-1.540920,ndi
1786508717.502237,20.582847,-0.021480,-0.019260,-1.541030,ndi
1786508717.519760,20.600370,-0.021470,-0.019230,-1.541070,ndi
1786508717.534830,20.615440,-0.021470,-0.019180,-1.541120,ndi
1786508717.552291,20.632901,-0.021470,-0.019120,-1.541180,ndi
1786508717.569764,20.650374,-0.021460,-0.019100,-1.541220,ndi
1786508717.587233,20.667843,-0.021470,-0.019060,-1.541290,ndi
1786508717.602314,20.682925,-0.021460,-0.019010,-1.541340,ndi
1786508717.619757,20.700367,-0.021470,-0.018960,-1.541430,ndi
1786508717.637246,20.717856,-0.021470,-0.018930,-1.541500,ndi
1786508717.652293,20.732903,-0.021460,-0.018900,-1.541550,ndi
1786508717.669770,20.750380,-0.021470,-0.018830,-1.541590,ndi
1786508717.684792,20.765402,-0.021460,-0.018800,-1.541650,ndi
1786508717.702247,20.782857,-0.021460,-0.018770,-1.541680,ndi
1786508717.719759,20.800369,-0.021450,-0.018730,-1.541740,ndi
1786508717.734840,20.815450,-0.021440,-0.018680,-1.541790,ndi
1786508717.752285,20.832895,-0.021450,-0.018640,-1.541850,ndi
1786508717.769770,20.850380,-0.021430,-0.018620,-1.541910,ndi
1786508717.784800,20.865410,-0.021440,-0.018570,-1.541960,ndi
1786508717.802315,20.882925,-0.021440,-0.018500,-1.542030,ndi
1786508717.819759,20.900369,-0.021420,-0.018460,-1.542130,ndi
1786508717.834827,20.915437,-0.021430,-0.018430,-1.542170,ndi
1786508717.852272,20.932882,-0.021420,-0.018370,-1.542260,ndi
1786508717.869737,20.950347,-0.021400,-0.018320,-1.542310,ndi
1786508717.884802,20.965412,-0.021410,-0.018280,-1.542390,ndi
1786508717.902243,20.982853,-0.021400,-0.018240,-1.542420,ndi
1786508717.919776,21.000386,-0.021380,-0.018190,-1.542490,ndi
1786508717.934852,21.015462,-0.021370,-0.018140,-1.542520,ndi
1786508717.952290,21.032900,-0.021370,-0.018100,-1.542580,ndi
1786508717.969771,21.050381,-0.021350,-0.018070,-1.542640,ndi
1786508717.984830,21.065440,-0.021350,-0.018030,-1.542660,ndi
1786508718.002332,21.082942,-0.021340,-0.017960,-1.542730,ndi
1786508718.019752,21.100362,-0.021320,-0.017920,-1.542770,ndi
1786508718.034846,21.115456,-0.021320,-0.017900,-1.542820,ndi
1786508718.052385,21.132995,-0.021320,-0.017860,-1.542900,ndi
1786508718.069744,21.150354,-0.021300,-0.017790,-1.542960,ndi
1786508718.084803,21.165413,-0.021290,-0.017760,-1.543020,ndi
1786508718.102268,21.182878,-0.021280,-0.017740,-1.543070,ndi
1786508718.119798,21.200408,-0.021250,-0.017700,-1.543160,ndi
1786508718.134857,21.215467,-0.021250,-0.017640,-1.543190,ndi
1786508718.152287,21.232897,-0.021240,-0.017610,-1.543250,ndi
1786508718.169763,21.250373,-0.021230,-0.017590,-1.543320,ndi
1786508718.187264,21.267874,-0.021220,-0.017540,-1.543380,ndi
1786508718.202351,21.282961,-0.021210,-0.017490,-1.543420,ndi
1786508718.219768,21.300378,-0.021190,-0.017470,-1.543500,ndi
1786508718.234820,21.315430,-0.021200,-0.017450,-1.543510,ndi
1786508718.252286,21.332896,-0.021180,-0.017390,-1.543570,ndi
1786508718.269757,21.350367,-0.021170,-0.017340,-1.543610,ndi
1786508718.284831,21.365441,-0.021150,-0.017320,-1.543680,ndi
1786508718.302303,21.382913,-0.021120,-0.017280,-1.543710,ndi
1786508718.319781,21.400391,-0.021100,-0.017220,-1.543800,ndi
1786508718.334839,21.415449,-0.021090,-0.017190,-1.543820,ndi
1786508718.352310,21.432920,-0.021080,-0.017160,-1.543900,ndi
1786508718.369736,21.450346,-0.021070,-0.017120,-1.543950,ndi
1786508718.384877,21.465487,-0.021060,-0.017070,-1.543970,ndi
1786508718.402426,21.483036,-0.021030,-0.017030,-1.544020,ndi
1786508718.419799,21.500409,-0.021030,-0.017000,-1.544070,ndi
1786508718.434871,21.515481,-0.021020,-0.016950,-1.544120,ndi
1786508718.452303,21.532913,-0.020990,-0.016890,-1.544210,ndi
1786508718.469767,21.550377,-0.020970,-0.016850,-1.544270,ndi
1786508718.484804,21.565414,-0.020960,-0.016820,-1.544350,ndi
1786508718.502297,21.582907,-0.020920,-0.016770,-1.544380,ndi
1786508718.519781,21.600391,-0.020900,-0.016710,-1.544480,ndi
1786508718.534859,21.615469,-0.020900,-0.016680,-1.544530,ndi
1786508718.552276,21.632886,-0.020880,-0.016650,-1.544590,ndi
1786508718.569791,21.650401,-0.020860,-0.016610,-1.544620,ndi
1786508718.584859,21.665469,-0.020830,-0.016560,-1.544700,ndi
1786508718.602267,21.682877,-0.020820,-0.016520,-1.544720,ndi
1786508718.619793,21.700403,-0.020800,-0.016480,-1.544770,ndi
1786508718.634825,21.715435,-0.020790,-0.016450,-1.544850,ndi
1786508718.652277,21.732887,-0.020780,-0.016400,-1.544890,ndi
1786508718.669779,21.750389,-0.020740,-0.016370,-1.544980,ndi
1786508718.684828,21.765438,-0.020720,-0.016340,-1.545000,ndi
1786508718.702308,21.782918,-0.020700,-0.016300,-1.545060,ndi
1786508718.719801,21.800411,-0.020680,-0.016260,-1.545100,ndi
1786508718.737273,21.817883,-0.020660,-0.016220,-1.545170,ndi
1786508718.752288,21.832898,-0.020640,-0.016190,-1.545220,ndi
1786508718.769793,21.850403,-0.020620,-0.016150,-1.545280,ndi
1786508718.787266,21.867876,-0.020590,-0.016110,-1.545300,ndi
1786508718.802269,21.882879,-0.020590,-0.016080,-1.545350,ndi
1786508718.819780,21.900390,-0.020560,-0.016050,-1.545380,ndi
1786508718.834833,21.915443,-0.020550,-0.016010,-1.545440,ndi
1786508718.852253,21.932863,-0.020520,-0.015980,-1.545470,ndi
1786508718.869779,21.950389,-0.020500,-0.015950,-1.545530,ndi
1786508718.887272,21.967882,-0.020460,-0.015920,-1.545550,ndi
1786508718.902290,21.982900,-0.020440,-0.015880,-1.545580,ndi
1786508718.919791,22.000401,-0.020420,-0.015830,-1.545630,ndi
1786508718.937255,22.017865,-0.020390,-0.015800,-1.545690,ndi
1786508718.952273,22.032883,-0.020370,-0.015770,-1.545720,ndi
1786508718.969768,22.050378,-0.020340,-0.015730,-1.545780,ndi
1786508718.987261,22.067871,-0.020310,-0.015690,-1.545830,ndi
1786508719.002274,22.082884,-0.020310,-0.015660,-1.545890,ndi
1786508719.019789,22.100399,-0.020280,-0.015620,-1.545970,ndi
1786508719.034838,22.115448,-0.020250,-0.015590,-1.546020,ndi
1786508719.054782,22.135392,-0.020220,-0.015540,-1.546080,ndi
1786508719.069785,22.150395,-0.020190,-0.015510,-1.546140,ndi
1786508719.084775,22.165385,-0.020170,-0.015470,-1.546180,ndi
1786508719.102312,22.182922,-0.020140,-0.015420,-1.546270,ndi
1786508719.119800,22.200410,-0.020100,-0.015380,-1.546280,ndi
1786508719.137293,22.217903,-0.020070,-0.015340,-1.546370,ndi
1786508719.152296,22.232906,-0.020040,-0.015310,-1.546380,ndi
1786508719.169784,22.250394,-0.020010,-0.015250,-1.546480,ndi
1786508719.187276,22.267886,-0.019970,-0.015200,-1.546520,ndi
1786508719.202311,22.282921,-0.019960,-0.015180,-1.546570,ndi
1786508719.219792,22.300402,-0.019920,-0.015150,-1.546620,ndi
1786508719.234831,22.315441,-0.019900,-0.015110,-1.546670,ndi
1786508719.252288,22.332898,-0.019880,-0.015060,-1.546730,ndi
1786508719.269773,22.350383,-0.019830,-0.015030,-1.546800,ndi
1786508719.284783,22.365393,-0.019810,-0.015010,-1.546820,ndi
1786508719.302294,22.382904,-0.019770,-0.014960,-1.546880,ndi
1786508719.319786,22.400396,-0.019740,-0.014900,-1.546940,ndi
1786508719.337260,22.417870,-0.019710,-0.014880,-1.547010,ndi
1786508719.352297,22.432907,-0.019670,-0.014860,-1.547050,ndi
1786508719.369766,22.450377,-0.019650,-0.014800,-1.547130,ndi
1786508719.387259,22.467869,-0.019610,-0.014750,-1.547170,ndi
1786508719.402305,22.482915,-0.019580,-0.014750,-1.547200,ndi
1786508719.419793,22.500403,-0.019560,-0.014720,-1.547260,ndi
1786508719.434828,22.515438,-0.019520,-0.014670,-1.547310,ndi
1786508719.452269,22.532879,-0.019500,-0.014640,-1.547340,ndi
1786508719.469801,22.550411,-0.019460,-0.014630,-1.547380,ndi
1786508719.487279,22.567889,-0.019430,-0.014590,-1.547410,ndi
1786508719.502325,22.582935,-0.019400,-0.014540,-1.547490,ndi
1786508719.519832,22.600442,-0.019370,-0.014520,-1.547530,ndi
1786508719.534818,22.615428,-0.019340,-0.014510,-1.547560,ndi
1786508719.552316,22.632926,-0.019310,-0.014460,-1.547610,ndi
1786508719.569767,22.650377,-0.019270,-0.014400,-1.547690,ndi
1786508719.587264,22.667874,-0.019240,-0.014370,-1.547750,ndi
1786508719.602297,22.682907,-0.019200,-0.014360,-1.547810,ndi
1786508719.619802,22.700413,-0.019170,-0.014300,-1.547830,ndi
1786508719.634817,22.715427,-0.019130,-0.014250,-1.547930,ndi
1786508719.652306,22.732916,-0.019090,-0.014230,-1.547930,ndi
1786508719.669786,22.750396,-0.019050,-0.014210,-1.548020,ndi
1786508719.684820,22.765430,-0.019020,-0.014170,-1.548050,ndi
1786508719.702306,22.782916,-0.018980,-0.014110,-1.548100,ndi
1786508719.719986,22.800596,-0.018930,-0.014100,-1.548160,ndi
1786508719.734853,22.815463,-0.018890,-0.014070,-1.548190,ndi
1786508719.752324,22.832934,-0.018850,-0.014010,-1.548290,ndi
1786508719.769808,22.850418,-0.018800,-0.013970,-1.548320,ndi
1786508719.784819,22.865429,-0.018770,-0.013950,-1.548390,ndi
1786508719.802301,22.882911,-0.018730,-0.013930,-1.548420,ndi
1786508719.819780,22.900390,-0.018690,-0.013870,-1.548460,ndi
1786508719.834818,22.915428,-0.018640,-0.013830,-1.548510,ndi
1786508719.852292,22.932902,-0.018610,-0.013820,-1.548570,ndi
1786508719.869795,22.950405,-0.018570,-0.013780,-1.548610,ndi
1786508719.887284,22.967894,-0.018520,-0.013740,-1.548690,ndi
1786508719.902303,22.982913,-0.018490,-0.013700,-1.548750,ndi
1786508719.919832,23.000442,-0.018450,-0.013690,-1.548790,ndi
1786508719.937277,23.017887,-0.018420,-0.013660,-1.548810,ndi
1786508719.952296,23.032906,-0.018380,-0.013620,-1.548840,ndi
1786508719.969767,23.050377,-0.018340,-0.013590,-1.548900,ndi
1786508719.987272,23.067882,-0.018310,-0.013570,-1.548940,ndi
1786508720.002288,23.082898,-0.018270,-0.013550,-1.548990,ndi
1786508720.019772,23.100382,-0.018250,-0.013500,-1.549020,ndi
1786508720.034837,23.115447,-0.018210,-0.013480,-1.549060,ndi
1786508720.052380,23.132990,-0.018160,-0.013450,-1.549080,ndi
1786508720.069790,23.150400,-0.018120,-0.013430,-1.549150,ndi
1786508720.087287,23.167897,-0.018070,-0.013390,-1.549180,ndi
1786508720.102327,23.182937,-0.018040,-0.013370,-1.549210,ndi
1786508720.119859,23.200469,-0.017990,-0.013350,-1.549260,ndi
1786508720.137310,23.217920,-0.017960,-0.013320,-1.549290,ndi
1786508720.152313,23.232923,-0.017920,-0.013280,-1.549320,ndi
1786508720.169764,23.250374,-0.017890,-0.013260,-1.549350,ndi
1786508720.184795,23.265405,-0.017860,-0.013240,-1.549420,ndi
1786508720.202278,23.282888,-0.017800,-0.013200,-1.549460,ndi
1786508720.219785,23.300395,-0.017760,-0.013170,-1.549530,ndi
1786508720.234823,23.315433,-0.017720,-0.013140,-1.549560,ndi
1786508720.252344,23.332954,-0.017670,-0.013110,-1.549600,ndi
1786508720.269806,23.350416,-0.017630,-0.013070,-1.549620,ndi
1786508720.287307,23.367917,-0.017560,-0.013030,-1.549680,ndi
1786508720.302324,23.382934,-0.017530,-0.013020,-1.549740,ndi
1786508720.319829,23.400439,-0.017480,-0.012990,-1.549750,ndi
1786508720.337299,23.417909,-0.017440,-0.012950,-1.549850,ndi
1786508720.352278,23.432888,-0.017400,-0.012920,-1.549910,ndi
1786508720.369821,23.450431,-0.017330,-0.012880,-1.549930,ndi
1786508720.387296,23.467906,-0.017290,-0.012850,-1.549990,ndi
1786508720.402300,23.482910,-0.017240,-0.012830,-1.550030,ndi
1786508720.419792,23.500402,-0.017180,-0.012790,-1.550090,ndi
1786508720.437265,23.517875,-0.017130,-0.012760,-1.550150,ndi
1786508720.452329,23.532939,-0.017090,-0.012740,-1.550210,ndi
1786508720.469818,23.550428,-0.017030,-0.012710,-1.550240,ndi
1786508720.487290,23.567900,-0.016990,-0.012690,-1.550310,ndi
1786508720.502331,23.582942,-0.016960,-0.012660,-1.550360,ndi
1786508720.519878,23.600488,-0.016920,-0.012640,-1.550350,ndi
1786508720.534828,23.615438,-0.016870,-0.012630,-1.550410,ndi
1786508720.552316,23.632926,-0.016820,-0.012590,-1.550450,ndi
1786508720.569815,23.650425,-0.016780,-0.012560,-1.550500,ndi
1786508720.587309,23.667919,-0.016730,-0.012540,-1.550510,ndi
1786508720.602301,23.682911,-0.016700,-0.012510,-1.550570,ndi
1786508720.619795,23.700405,-0.016640,-0.012470,-1.550580,ndi
1786508720.637273,23.717883,-0.016580,-0.012440,-1.550640,ndi
1786508720.652343,23.732953,-0.016530,-0.012430,-1.550660,ndi
1786508720.669811,23.750421,-0.016480,-0.012400,-1.550680,ndi
1786508720.684798,23.765408,-0.016440,-0.012370,-1.550720,ndi
1786508720.702311,23.782921,-0.016390,-0.012330,-1.550800,ndi
1786508720.719985,23.800595,-0.016330,-0.012310,-1.550780,ndi
1786508720.737286,23.817896,-0.016290,-0.012280,-1.550880,ndi
1786508720.752308,23.832918,-0.016250,-0.012250,-1.550900,ndi
1786508720.769912,23.850522,-0.016200,-0.012220,-1.550940,ndi
1786508720.784798,23.865408,-0.016160,-0.012200,-1.550950,ndi
1786508720.802316,23.882926,-0.016100,-0.012180,-1.551010,ndi
1786508720.819809,23.900419,-0.016050,-0.012160,-1.551080,ndi
1786508720.834858,23.915468,-0.016000,-0.012130,-1.551100,ndi
1786508720.852328,23.932938,-0.015930,-0.012100,-1.551160,ndi
1786508720.869978,23.950588,-0.015870,-0.012070,-1.551180,ndi
1786508720.884793,23.965403,-0.015810,-0.012050,-1.551200,ndi
1786508720.902286,23.982896,-0.015760,-0.012020,-1.551270,ndi
1786508720.919818,24.000428,-0.015710,-0.011990,-1.551270,ndi
1786508720.934910,24.015520,-0.015660,-0.011980,-1.551300,ndi
1786508720.952321,24.032931,-0.015610,-0.011960,-1.551350,ndi
1786508720.969812,24.050422,-0.015550,-0.011930,-1.551400,ndi
1786508720.987301,24.067911,-0.015490,-0.011890,-1.551460,ndi
1786508721.002320,24.082930,-0.015440,-0.011870,-1.551510,ndi
1786508721.019822,24.100432,-0.015370,-0.011860,-1.551560,ndi
1786508721.034849,24.115459,-0.015310,-0.011830,-1.551560,ndi
1786508721.052365,24.132975,-0.015260,-0.011800,-1.551620,ndi
1786508721.069819,24.150429,-0.015210,-0.011780,-1.551660,ndi
1786508721.084949,24.165559,-0.015150,-0.011770,-1.551700,ndi
1786508721.102380,24.182990,-0.015090,-0.011730,-1.551770,ndi
1786508721.119803,24.200413,-0.015030,-0.011700,-1.551820,ndi
1786508721.134861,24.215471,-0.014980,-0.011700,-1.551820,ndi
1786508721.152343,24.232953,-0.014940,-0.011680,-1.551870,ndi
1786508721.169804,24.250414,-0.014880,-0.011630,-1.551920,ndi
1786508721.187275,24.267885,-0.014820,-0.011610,-1.551940,ndi
1786508721.202305,24.282915,-0.014790,-0.011610,-1.552010,ndi
1786508721.219809,24.300419,-0.014710,-0.011570,-1.552040,ndi
1786508721.234813,24.315423,-0.014670,-0.011550,-1.552070,ndi
1786508721.252343,24.332953,-0.014600,-0.011530,-1.552110,ndi
1786508721.269829,24.350439,-0.014540,-0.011520,-1.552170,ndi
1786508721.287300,24.367910,-0.014480,-0.011490,-1.552150,ndi
1786508721.302322,24.382932,-0.014440,-0.011460,-1.552200,ndi
1786508721.319799,24.400409,-0.014370,-0.011450,-1.552220,ndi
1786508721.334843,24.415453,-0.014320,-0.011440,-1.552250,ndi
1786508721.352358,24.432968,-0.014270,-0.011410,-1.552290,ndi
1786508721.369827,24.450437,-0.014220,-0.011390,-1.552310,ndi
1786508721.384817,24.465427,-0.014170,-0.011380,-1.552340,ndi
1786508721.402326,24.482936,-0.014100,-0.011360,-1.552390,ndi
1786508721.419798,24.500408,-0.014030,-0.011330,-1.552430,ndi
1786508721.434832,24.515442,-0.013970,-0.011310,-1.552450,ndi
1786508721.452349,24.532959,-0.013920,-0.011290,-1.552500,ndi
1786508721.469808,24.550418,-0.013860,-0.011270,-1.552490,ndi
1786508721.484816,24.565426,-0.013800,-0.011250,-1.552530,ndi
1786508721.502341,24.582951,-0.013750,-0.011230,-1.552520,ndi
1786508721.519816,24.600426,-0.013670,-0.011200,-1.552590,ndi
1786508721.537308,24.617918,-0.013620,-0.011180,-1.552630,ndi
1786508721.552353,24.632963,-0.013570,-0.011160,-1.552680,ndi
1786508721.569824,24.650434,-0.013490,-0.011140,-1.552720,ndi
1786508721.584844,24.665454,-0.013430,-0.011110,-1.552760,ndi
1786508721.602330,24.682940,-0.013350,-0.011100,-1.552750,ndi
1786508721.619852,24.700462,-0.013290,-0.011080,-1.552790,ndi
1786508721.634924,24.715534,-0.013230,-0.011060,-1.552850,ndi
1786508721.652372,24.732982,-0.013160,-0.011040,-1.552880,ndi
1786508721.669857,24.750467,-0.013100,-0.011020,-1.552930,ndi
1786508721.687305,24.767915,-0.013040,-0.011000,-1.552950,ndi
1786508721.702347,24.782957,-0.012990,-0.010980,-1.552990,ndi
1786508721.719812,24.800422,-0.012920,-0.010960,-1.553030,ndi
1786508721.734892,24.815502,-0.012860,-0.010950,-1.553020,ndi
1786508721.752346,24.832956,-0.012800,-0.010930,-1.553080,ndi
1786508721.769822,24.850432,-0.012730,-0.010910,-1.553100,ndi
1786508721.784815,24.865425,-0.012680,-0.010900,-1.553140,ndi
1786508721.802339,24.882949,-0.012600,-0.010890,-1.553170,ndi
1786508721.819847,24.900457,-0.012530,-0.010860,-1.553190,ndi
1786508721.834838,24.915448,-0.012470,-0.010860,-1.553210,ndi
1786508721.852339,24.932949,-0.012400,-0.010830,-1.553250,ndi
1786508721.869849,24.950459,-0.012350,-0.010810,-1.553270,ndi
1786508721.884830,24.965440,-0.012290,-0.010800,-1.553290,ndi
1786508721.902384,24.982994,-0.012220,-0.010780,-1.553320,ndi
1786508721.919813,25.000423,-0.012150,-0.010760,-1.553350,ndi
1786508721.934937,25.015547,-0.012100,-0.010750,-1.553390,ndi
1786508721.952336,25.032946,-0.012050,-0.010740,-1.553450,ndi
1786508721.969822,25.050432,-0.011970,-0.010720,-1.553490,ndi
1786508721.984823,25.065434,-0.011900,-0.010700,-1.553490,ndi
1786508722.002328,25.082938,-0.011840,-0.010690,-1.553520,ndi
1786508722.019843,25.100453,-0.011770,-0.010680,-1.553560,ndi
1786508722.034836,25.115446,-0.011710,-0.010660,-1.553540,ndi
1786508722.052363,25.132973,-0.011650,-0.010640,-1.553590,ndi
1786508722.069842,25.150452,-0.011560,-0.010630,-1.553600,ndi
1786508722.084827,25.165437,-0.011530,-0.010630,-1.553620,ndi
1786508722.102359,25.182969,-0.011450,-0.010600,-1.553680,ndi
1786508722.119815,25.200425,-0.011380,-0.010580,-1.553680,ndi
1786508722.137342,25.217952,-0.011320,-0.010580,-1.553720,ndi
1786508722.152367,25.232977,-0.011250,-0.010570,-1.553750,ndi
1786508722.169840,25.250450,-0.011200,-0.010550,-1.553810,ndi
1786508722.187317,25.267927,-0.011120,-0.010530,-1.553790,ndi
1786508722.202354,25.282964,-0.011040,-0.010520,-1.553820,ndi
1786508722.219845,25.300455,-0.010970,-0.010520,-1.553880,ndi
1786508722.238772,25.319382,-0.010900,-0.010490,-1.553900,ndi
1786508722.252345,25.332955,-0.010820,-0.010480,-1.553930,ndi
1786508722.269832,25.350442,-0.010750,-0.010470,-1.553960,ndi
1786508722.284837,25.365447,-0.010690,-0.010450,-1.554000,ndi
1786508722.302359,25.382969,-0.010600,-0.010430,-1.554020,ndi
1786508722.319825,25.400435,-0.010550,-0.010420,-1.554020,ndi
1786508722.334990,25.415600,-0.010490,-0.010420,-1.554040,ndi
1786508722.352370,25.432980,-0.010410,-0.010400,-1.554050,ndi
1786508722.369813,25.450423,-0.010340,-0.010380,-1.554070,ndi
1786508722.387349,25.467959,-0.010260,-0.010380,-1.554080,ndi
1786508722.402385,25.482996,-0.010190,-0.010370,-1.554130,ndi
1786508722.419862,25.500472,-0.010130,-0.010350,-1.554170,ndi
1786508722.434870,25.515480,-0.010050,-0.010350,-1.554180,ndi
1786508722.452370,25.532980,-0.009980,-0.010340,-1.554230,ndi
1786508722.469829,25.550439,-0.009900,-0.010320,-1.554250,ndi
1786508722.484848,25.565458,-0.009840,-0.010300,-1.554280,ndi
1786508722.502327,25.582937,-0.009770,-0.010300,-1.554300,ndi
1786508722.519843,25.600453,-0.009700,-0.010300,-1.554310,ndi
1786508722.537345,25.617955,-0.009640,-0.010280,-1.554280,ndi
1786508722.552331,25.632941,-0.009580,-0.010270,-1.554320,ndi
1786508722.569823,25.650433,-0.009520,-0.010270,-1.554300,ndi
1786508722.587317,25.667927,-0.009420,-0.010260,-1.554360,ndi
1786508722.602358,25.682968,-0.009360,-0.010250,-1.554380,ndi
1786508722.619837,25.700447,-0.009280,-0.010230,-1.554380,ndi
1786508722.634866,25.715476,-0.009210,-0.010230,-1.554440,ndi
1786508722.652355,25.732965,-0.009150,-0.010230,-1.554500,ndi
1786508722.669855,25.750465,-0.009070,-0.010210,-1.554450,ndi
1786508722.684859,25.765469,-0.008990,-0.010190,-1.554490,ndi
1786508722.702365,25.782975,-0.008920,-0.010190,-1.554530,ndi
1786508722.719832,25.800442,-0.008860,-0.010190,-1.554520,ndi
1786508722.734966,25.815576,-0.008800,-0.010180,-1.554540,ndi
1786508722.752341,25.832951,-0.008730,-0.010170,-1.554520,ndi
1786508722.769821,25.850431,-0.008650,-0.010170,-1.554550,ndi
1786508722.784916,25.865526,-0.008570,-0.010160,-1.554550,ndi
1786508722.802365,25.882975,-0.008490,-0.010140,-1.554630,ndi
1786508722.819855,25.900465,-0.008410,-0.010130,-1.554630,ndi
1786508722.834864,25.915474,-0.008330,-0.010140,-1.554630,ndi
1786508722.852335,25.932945,-0.008260,-0.010130,-1.554650,ndi
1786508722.869831,25.950441,-0.008160,-0.010110,-1.554690,ndi
1786508722.884857,25.965467,-0.008110,-0.010110,-1.554660,ndi
1786508722.902348,25.982958,-0.008030,-0.010110,-1.554670,ndi
1786508722.919927,26.000537,-0.007940,-0.010110,-1.554710,ndi
1786508722.934851,26.015461,-0.007890,-0.010090,-1.554730,ndi
1786508722.952410,26.033020,-0.007810,-0.010080,-1.554710,ndi
1786508722.969829,26.050439,-0.007720,-0.010100,-1.554730,ndi
1786508722.984879,26.065489,-0.007660,-0.010090,-1.554760,ndi
1786508723.002386,26.082996,-0.007570,-0.010060,-1.554800,ndi
1786508723.019864,26.100474,-0.007510,-0.010060,-1.554750,ndi
1786508723.034853,26.115463,-0.007420,-0.010080,-1.554790,ndi
1786508723.052412,26.133022,-0.007350,-0.010070,-1.554790,ndi
1786508723.069849,26.150459,-0.007260,-0.010050,-1.554790,ndi
1786508723.084842,26.165452,-0.007200,-0.010050,-1.554810,ndi
1786508723.102360,26.182971,-0.007110,-0.010060,-1.554810,ndi
1786508723.119848,26.200459,-0.007030,-0.010040,-1.554880,ndi
1786508723.134857,26.215467,-0.006970,-0.010030,-1.554850,ndi
1786508723.152381,26.232991,-0.006890,-0.010040,-1.554900,ndi
1786508723.169826,26.250436,-0.006830,-0.010040,-1.554880,ndi
1786508723.184870,26.265480,-0.006760,-0.010040,-1.554900,ndi
1786508723.202371,26.282981,-0.006670,-0.010030,-1.554880,ndi
1786508723.219885,26.300495,-0.006600,-0.010030,-1.554930,ndi
1786508723.234846,26.315456,-0.006530,-0.010030,-1.554910,ndi
1786508723.252364,26.332974,-0.006450,-0.010020,-1.554930,ndi
1786508723.269840,26.350451,-0.006370,-0.010020,-1.554950,ndi
1786508723.284860,26.365470,-0.006300,-0.010020,-1.554930,ndi
1786508723.302353,26.382963,-0.006250,-0.010020,-1.554900,ndi
1786508723.319856,26.400466,-0.006160,-0.010010,-1.554930,ndi
1786508723.334839,26.415449,-0.006120,-0.010010,-1.554950,ndi
1786508723.352376,26.432986,-0.006040,-0.010020,-1.554950,ndi
1786508723.369872,26.450482,-0.005950,-0.010020,-1.555010,ndi
1786508723.384903,26.465513,-0.005890,-0.010010,-1.555020,ndi
1786508723.402370,26.482980,-0.005800,-0.010020,-1.555030,ndi
1786508723.419874,26.500484,-0.005710,-0.010030,-1.555020,ndi
1786508723.434866,26.515476,-0.005640,-0.010020,-1.555020,ndi
1786508723.452350,26.532960,-0.005550,-0.010020,-1.555040,ndi
1786508723.469950,26.550560,-0.005470,-0.010020,-1.555030,ndi
1786508723.484944,26.565554,-0.005420,-0.010030,-1.555040,ndi
1786508723.502363,26.582973,-0.005320,-0.010020,-1.555040,ndi
1786508723.519868,26.600478,-0.005230,-0.010010,-1.555010,ndi
1786508723.534864,26.615474,-0.005180,-0.010030,-1.555030,ndi
1786508723.552390,26.633000,-0.005080,-0.010030,-1.555020,ndi
1786508723.569874,26.650484,-0.005010,-0.010030,-1.555050,ndi
1786508723.584889,26.665499,-0.004950,-0.010020,-1.555050,ndi
1786508723.602395,26.683005,-0.004860,-0.010030,-1.555060,ndi
1786508723.619884,26.700494,-0.004800,-0.010040,-1.555060,ndi
1786508723.637332,26.717942,-0.004720,-0.010040,-1.555040,ndi
1786508723.652375,26.732985,-0.004640,-0.010030,-1.555060,ndi
1786508723.669847,26.750457,-0.004550,-0.010040,-1.555080,ndi
1786508723.684871,26.765481,-0.004480,-0.010050,-1.555070,ndi
1786508723.702382,26.782992,-0.004410,-0.010040,-1.555050,ndi
1786508723.719834,26.800444,-0.004340,-0.010050,-1.555060,ndi
1786508723.734876,26.815486,-0.004280,-0.010060,-1.555070,ndi
1786508723.752397,26.833007,-0.004190,-0.010070,-1.555070,ndi
1786508723.769854,26.850464,-0.004120,-0.010060,-1.555080,ndi
1786508723.784870,26.865480,-0.004070,-0.010060,-1.555110,ndi
1786508723.802368,26.882978,-0.003980,-0.010090,-1.555080,ndi
1786508723.819868,26.900478,-0.003910,-0.010080,-1.555050,ndi
1786508723.834863,26.915473,-0.003850,-0.010070,-1.555050,ndi
1786508723.852360,26.932970,-0.003770,-0.010090,-1.555060,ndi
1786508723.869846,26.950456,-0.003710,-0.010100,-1.555090,ndi
1786508723.884863,26.965473,-0.003640,-0.010100,-1.555020,ndi
1786508723.902365,26.982975,-0.003580,-0.010090,-1.555080,ndi
1786508723.919848,27.000458,-0.003500,-0.010120,-1.555080,ndi
1786508723.934866,27.015476,-0.003430,-0.010130,-1.555070,ndi
1786508723.952395,27.033005,-0.003360,-0.010120,-1.555090,ndi
1786508723.969880,27.050490,-0.003250,-0.010120,-1.555070,ndi
1786508723.984883,27.065493,-0.003180,-0.010140,-1.555050,ndi
1786508724.002412,27.083022,-0.003100,-0.010150,-1.555050,ndi
1786508724.019879,27.100489,-0.003000,-0.010150,-1.555050,ndi
1786508724.034869,27.115479,-0.002940,-0.010150,-1.555060,ndi
1786508724.052400,27.133010,-0.002840,-0.010180,-1.555040,ndi
1786508724.069851,27.150461,-0.002780,-0.010190,-1.555050,ndi
1786508724.084910,27.165520,-0.002700,-0.010180,-1.555070,ndi
1786508724.102370,27.182980,-0.002610,-0.010190,-1.555020,ndi
1786508724.119852,27.200462,-0.002550,-0.010210,-1.555050,ndi
1786508724.134934,27.215544,-0.002470,-0.010200,-1.555000,ndi
1786508724.152437,27.233047,-0.002390,-0.010200,-1.555030,ndi
1786508724.169863,27.250473,-0.002320,-0.010230,-1.554980,ndi
1786508724.184858,27.265468,-0.002250,-0.010250,-1.555010,ndi
1786508724.202381,27.282991,-0.002160,-0.010240,-1.554960,ndi
1786508724.219851,27.300461,-0.002070,-0.010250,-1.554980,ndi
1786508724.234861,27.315471,-0.002010,-0.010280,-1.554980,ndi
1786508724.252378,27.332988,-0.001910,-0.010290,-1.554990,ndi
1786508724.269886,27.350496,-0.001860,-0.010290,-1.555010,ndi
1786508724.284887,27.365497,-0.001800,-0.010300,-1.554990,ndi
1786508724.302375,27.382985,-0.001710,-0.010330,-1.554970,ndi
1786508724.319860,27.400470,-0.001630,-0.010320,-1.554930,ndi
1786508724.334985,27.415595,-0.001570,-0.010320,-1.554900,ndi
1786508724.352444,27.433054,-0.001490,-0.010350,-1.554920,ndi
1786508724.369884,27.450494,-0.001430,-0.010360,-1.554930,ndi
1786508724.384900,27.465510,-0.001350,-0.010360,-1.554900,ndi
1786508724.402380,27.482991,-0.001290,-0.010380,-1.554900,ndi
1786508724.419862,27.500472,-0.001220,-0.010400,-1.554890,ndi
1786508724.434863,27.515473,-0.001160,-0.010400,-1.554900,ndi
1786508724.452369,27.532979,-0.001080,-0.010400,-1.554880,ndi
1786508724.469867,27.550477,-0.001020,-0.010420,-1.554870,ndi
1786508724.484892,27.565502,-0.000940,-0.010440,-1.554860,ndi
1786508724.502377,27.582987,-0.000870,-0.010440,-1.554800,ndi
1786508724.519869,27.600479,-0.000800,-0.010440,-1.554770,ndi
1786508724.534945,27.615555,-0.000730,-0.010470,-1.554820,ndi
1786508724.552459,27.633069,-0.000650,-0.010490,-1.554800,ndi
1786508724.569875,27.650485,-0.000550,-0.010500,-1.554790,ndi
1786508724.584877,27.665487,-0.000470,-0.010510,-1.554770,ndi
1786508724.602380,27.682990,-0.000380,-0.010530,-1.554770,ndi
1786508724.619866,27.700476,-0.000290,-0.010550,-1.554730,ndi
1786508724.634879,27.715489,-0.000230,-0.010570,-1.554720,ndi
1786508724.652717,27.733327,-0.000160,-0.010580,-1.554750,ndi
1786508724.669893,27.750503,-0.000060,-0.010590,-1.554710,ndi
1786508724.684901,27.765511,0.000000,-0.010610,-1.554750,ndi
1786508724.702350,27.782960,0.000070,-0.010620,-1.554700,ndi
1786508724.719859,27.800469,0.000140,-0.010640,-1.554700,ndi
1786508724.734888,27.815498,0.000220,-0.010660,-1.554690,ndi
1786508724.752414,27.833024,0.000280,-0.010670,-1.554660,ndi
1786508724.769881,27.850491,0.000380,-0.010680,-1.554600,ndi
1786508724.784900,27.865510,0.000450,-0.010700,-1.554620,ndi
1786508724.802426,27.883036,0.000530,-0.010730,-1.554560,ndi
1786508724.819866,27.900476,0.000600,-0.010730,-1.554560,ndi
1786508724.834869,27.915479,0.000670,-0.010740,-1.554540,ndi
1786508724.852453,27.933063,0.000740,-0.010770,-1.554530,ndi
1786508724.869876,27.950486,0.000820,-0.010790,-1.554540,ndi
1786508724.884881,27.965492,0.000870,-0.010790,-1.554520,ndi
1786508724.902383,27.982993,0.000950,-0.010810,-1.554490,ndi
1786508724.919842,28.000452,0.001020,-0.010840,-1.554500,ndi
1786508724.934885,28.015495,0.001080,-0.010850,-1.554470,ndi
1786508724.952388,28.032998,0.001160,-0.010860,-1.554450,ndi
1786508724.969873,28.050483,0.001220,-0.010880,-1.554430,ndi
1786508724.984888,28.065498,0.001280,-0.010900,-1.554410,ndi
1786508725.002365,28.082975,0.001350,-0.010920,-1.554360,ndi
1786508725.019878,28.100488,0.001410,-0.010930,-1.554380,ndi
1786508725.034877,28.115487,0.001480,-0.010950,-1.554380,ndi
1786508725.054945,28.135556,0.001560,-0.010980,-1.554300,ndi
1786508725.069942,28.150552,0.001620,-0.010990,-1.554290,ndi
1786508725.084882,28.165492,0.001680,-0.011000,-1.554260,ndi
1786508725.102394,28.183004,0.001740,-0.011030,-1.554270,ndi
1786508725.119853,28.200463,0.001830,-0.011050,-1.554280,ndi
1786508725.134888,28.215498,0.001890,-0.011070,-1.554230,ndi
1786508725.152398,28.233008,0.001980,-0.011080,-1.554220,ndi
1786508725.169895,28.250505,0.002060,-0.011120,-1.554210,ndi
1786508725.187376,28.267986,0.002150,-0.011150,-1.554170,ndi
1786508725.202395,28.283005,0.002220,-0.011150,-1.554160,ndi
1786508725.219873,28.300483,0.002290,-0.011180,-1.554120,ndi
1786508725.234887,28.315497,0.002360,-0.011210,-1.554090,ndi
1786508725.252413,28.333023,0.002440,-0.011230,-1.554080,ndi
1786508725.269881,28.350492,0.002520,-0.011240,-1.554020,ndi
1786508725.284902,28.365512,0.002600,-0.011260,-1.554010,ndi
1786508725.302418,28.383028,0.002660,-0.011300,-1.553980,ndi
1786508725.319952,28.400562,0.002750,-0.011320,-1.553970,ndi
1786508725.334913,28.415524,0.002830,-0.011330,-1.553950,ndi
1786508725.352426,28.433036,0.002910,-0.011370,-1.553870,ndi
1786508725.369894,28.450504,0.002980,-0.011400,-1.553860,ndi
1786508725.384949,28.465559,0.003030,-0.011410,-1.553840,ndi
1786508725.402411,28.483021,0.003110,-0.011430,-1.553800,ndi
1786508725.419875,28.500485,0.003200,-0.011470,-1.553770,ndi
1786508725.434900,28.515510,0.003260,-0.011500,-1.553720,ndi
1786508725.452405,28.533015,0.003320,-0.011500,-1.553710,ndi
1786508725.469893,28.550503,0.003390,-0.011530,-1.553690,ndi
1786508725.484893,28.565503,0.003450,-0.011570,-1.553650,ndi
1786508725.502410,28.583020,0.003510,-0.011590,-1.553650,ndi
1786508725.519898,28.600508,0.003600,-0.011600,-1.553610,ndi
1786508725.534910,28.615520,0.003650,-0.011620,-1.553600,ndi
1786508725.552401,28.633011,0.003710,-0.011650,-1.553550,ndi
1786508725.569897,28.650507,0.003780,-0.011660,-1.553520,ndi
1786508725.584898,28.665508,0.003830,-0.011690,-1.553510,ndi
1786508725.602414,28.683024,0.003910,-0.011720,-1.553500,ndi
1786508725.619870,28.700480,0.003960,-0.011750,-1.553500,ndi
1786508725.634892,28.715502,0.004030,-0.011760,-1.553430,ndi
1786508725.652438,28.733048,0.004100,-0.011790,-1.553410,ndi
1786508725.669906,28.750516,0.004160,-0.011820,-1.553400,ndi
1786508725.684888,28.765498,0.004230,-0.011840,-1.553400,ndi
1786508725.702386,28.782996,0.004290,-0.011870,-1.553350,ndi
1786508725.719898,28.800508,0.004380,-0.011910,-1.553280,ndi
1786508725.734899,28.815509,0.004440,-0.011940,-1.553270,ndi
1786508725.752413,28.833023,0.004530,-0.011950,-1.553230,ndi
1786508725.769915,28.850525,0.004610,-0.011990,-1.553200,ndi
1786508725.784904,28.865514,0.004650,-0.012040,-1.553150,ndi
1786508725.802399,28.883009,0.004740,-0.012060,-1.553130,ndi
1786508725.819873,28.900483,0.004790,-0.012080,-1.553110,ndi
1786508725.834920,28.915530,0.004860,-0.012110,-1.553080,ndi
1786508725.852418,28.933028,0.004940,-0.012150,-1.553030,ndi
1786508725.869909,28.950519,0.004990,-0.012180,-1.553020,ndi
1786508725.884917,28.965527,0.005070,-0.012200,-1.552960,ndi
1786508725.902405,28.983015,0.005130,-0.012230,-1.552910,ndi
1786508725.919904,29.000514,0.005210,-0.012270,-1.552970,ndi
1786508725.934900,29.015510,0.005270,-0.012290,-1.552910,ndi
1786508725.952417,29.033027,0.005330,-0.012310,-1.552890,ndi
1786508725.969910,29.050520,0.005400,-0.012350,-1.552840,ndi
1786508725.984893,29.065503,0.005450,-0.012380,-1.552800,ndi
1786508726.002395,29.083005,0.005530,-0.012400,-1.552770,ndi
1786508726.019902,29.100512,0.005580,-0.012420,-1.552730,ndi
1786508726.034908,29.115518,0.005630,-0.012450,-1.552710,ndi
1786508726.052408,29.133018,0.005700,-0.012500,-1.552670,ndi
1786508726.069915,29.150525,0.005750,-0.012520,-1.552630,ndi
1786508726.084903,29.165513,0.005810,-0.012530,-1.552590,ndi
1786508726.102439,29.183049,0.005860,-0.012560,-1.552540,ndi
1786508726.119997,29.200607,0.005920,-0.012600,-1.552550,ndi
1786508726.134909,29.215519,0.005980,-0.012620,-1.552520,ndi
1786508726.152402,29.233012,0.006030,-0.012640,-1.552470,ndi
1786508726.169875,29.250485,0.006100,-0.012690,-1.552470,ndi
1786508726.184907,29.265517,0.006140,-0.012710,-1.552410,ndi
1786508726.202411,29.283021,0.006210,-0.012730,-1.552370,ndi
1786508726.219907,29.300517,0.006260,-0.012760,-1.552320,ndi
1786508726.234911,29.315521,0.006320,-0.012800,-1.552260,ndi
1786508726.252423,29.333033,0.006380,-0.012830,-1.552250,ndi
1786508726.269907,29.350517,0.006420,-0.012850,-1.552220,ndi
1786508726.285022,29.365632,0.006490,-0.012880,-1.552160,ndi
1786508726.302413,29.383023,0.006560,-0.012930,-1.552130,ndi
1786508726.319925,29.400535,0.006630,-0.012960,-1.552090,ndi
1786508726.334899,29.415509,0.006700,-0.012980,-1.552050,ndi
1786508726.352425,29.433035,0.006750,-0.013030,-1.552010,ndi
1786508726.369889,29.450499,0.006820,-0.013070,-1.551970,ndi
1786508726.384941,29.465551,0.006870,-0.013090,-1.551960,ndi
1786508726.402433,29.483043,0.006920,-0.013120,-1.551930,ndi
1786508726.419925,29.500535,0.007000,-0.013170,-1.551890,ndi
1786508726.434916,29.515527,0.007060,-0.013210,-1.551870,ndi
1786508726.452422,29.533032,0.007140,-0.013240,-1.551820,ndi
1786508726.469918,29.550529,0.007180,-0.013270,-1.551810,ndi
1786508726.484872,29.565482,0.007250,-0.013310,-1.551740,ndi
1786508726.502433,29.583043,0.007310,-0.013340,-1.551730,ndi
1786508726.519908,29.600518,0.007360,-0.013370,-1.551650,ndi
1786508726.534923,29.615533,0.007420,-0.013410,-1.551650,ndi
1786508726.552444,29.633054,0.007480,-0.013450,-1.551580,ndi
1786508726.569894,29.650504,0.007540,-0.013500,-1.551530,ndi
1786508726.584897,29.665507,0.007580,-0.013520,-1.551510,ndi
1786508726.602400,29.683010,0.007640,-0.013550,-1.551450,ndi
1786508726.619904,29.700514,0.007700,-0.013590,-1.551400,ndi
1786508726.634901,29.715511,0.007730,-0.013620,-1.551370,ndi
1786508726.652467,29.733077,0.007790,-0.013650,-1.551330,ndi
1786508726.669918,29.750528,0.007830,-0.013680,-1.551280,ndi
1786508726.684912,29.765522,0.007890,-0.013710,-1.551260,ndi
1786508726.702420,29.783031,0.007940,-0.013740,-1.551200,ndi
1786508726.719922,29.800532,0.007990,-0.013780,-1.551190,ndi
1786508726.734910,29.815520,0.008040,-0.013800,-1.551130,ndi
1786508726.752411,29.833021,0.008090,-0.013840,-1.551120,ndi
1786508726.769915,29.850525,0.008140,-0.013870,-1.551110,ndi
1786508726.784896,29.865506,0.008180,-0.013900,-1.551030,ndi
1786508726.802438,29.883048,0.008230,-0.013940,-1.551010,ndi
1786508726.819903,29.900513,0.008300,-0.013980,-1.550940,ndi
1786508726.834926,29.915536,0.008340,-0.014010,-1.550940,ndi
1786508726.852422,29.933032,0.008380,-0.014050,-1.550890,ndi
1786508726.869942,29.950552,0.008440,-0.014080,-1.550830,ndi
1786508726.884927,29.965537,0.008520,-0.014120,-1.550790,ndi
1786508726.902440,29.983050,0.008550,-0.014170,-1.550790,ndi
1786508726.919963,30.000573,0.008610,-0.014210,-1.550710,ndi
1786508726.934917,30.015527,0.008690,-0.014250,-1.550670,ndi
1786508726.952425,30.033035,0.008730,-0.014290,-1.550590,ndi
1786508726.969898,30.050508,0.008790,-0.014350,-1.550560,ndi
1786508726.984902,30.065512,0.008830,-0.014380,-1.550480,ndi
1786508727.002442,30.083052,0.008890,-0.014410,-1.550440,ndi
1786508727.019933,30.100543,0.008970,-0.014470,-1.550400,ndi
1786508727.034909,30.115519,0.009000,-0.014500,-1.550340,ndi
1786508727.052437,30.133047,0.009050,-0.014530,-1.550300,ndi
1786508727.069943,30.150553,0.009120,-0.014560,-1.550260,ndi
1786508727.084946,30.165556,0.009150,-0.014620,-1.550210,ndi
1786508727.102438,30.183048,0.009210,-0.014650,-1.550180,ndi
1786508727.119939,30.200549,0.009270,-0.014680,-1.550130,ndi
1786508727.134932,30.215542,0.009290,-0.014720,-1.550080,ndi
1786508727.152437,30.233047,0.009360,-0.014770,-1.550040,ndi
1786508727.169901,30.250511,0.009410,-0.014810,-1.549980,ndi
1786508727.184920,30.265530,0.009430,-0.014850,-1.549950,ndi
1786508727.202421,30.283031,0.009490,-0.014880,-1.549880,ndi
1786508727.219931,30.300541,0.009530,-0.014920,-1.549790,ndi
1786508727.234955,30.315565,0.009560,-0.014950,-1.549780,ndi
1786508727.252422,30.333032,0.009610,-0.014980,-1.549730,ndi
1786508727.269960,30.350570,0.009670,-0.015020,-1.549710,ndi
1786508727.284981,30.365592,0.009690,-0.015060,-1.549670,ndi
1786508727.302458,30.383068,0.009750,-0.015100,-1.549590,ndi
1786508727.319927,30.400537,0.009790,-0.015140,-1.549590,ndi
1786508727.334936,30.415546,0.009820,-0.015170,-1.549530,ndi
1786508727.352408,30.433018,0.009880,-0.015220,-1.549510,ndi
1786508727.369900,30.450510,0.009910,-0.015260,-1.549420,ndi
1786508727.384959,30.465569,0.009950,-0.015290,-1.549370,ndi
1786508727.402441,30.483051,0.010000,-0.015330,-1.549340,ndi
1786508727.419923,30.500533,0.010030,-0.015370,-1.549270,ndi
1786508727.434925,30.515535,0.010060,-0.015410,-1.549230,ndi
1786508727.452442,30.533052,0.010110,-0.015440,-1.549160,ndi
1786508727.469923,30.550533,0.010160,-0.015500,-1.549090,ndi
1786508727.484966,30.565576,0.010200,-0.015550,-1.549050,ndi
1786508727.502430,30.583040,0.010250,-0.015580,-1.548960,ndi
1786508727.519937,30.600547,0.010300,-0.015630,-1.548890,ndi
1786508727.534940,30.615550,0.010320,-0.015670,-1.548860,ndi
1786508727.552422,30.633032,0.010370,-0.015720,-1.548780,ndi
1786508727.569920,30.650530,0.010420,-0.015770,-1.548720,ndi
1786508727.584942,30.665552,0.010460,-0.015800,-1.548710,ndi
1786508727.602436,30.683046,0.010500,-0.015850,-1.548670,ndi
1786508727.619907,30.700517,0.010540,-0.015890,-1.548610,ndi
1786508727.634887,30.715497,0.010560,-0.015920,-1.548550,ndi
1786508727.652453,30.733063,0.010620,-0.015960,-1.548540,ndi
1786508727.669936,30.750546,0.010660,-0.016020,-1.548470,ndi
1786508727.684941,30.765551,0.010700,-0.016060,-1.548420,ndi
1786508727.702463,30.783073,0.010740,-0.016090,-1.548370,ndi
1786508727.719944,30.800554,0.010780,-0.016140,-1.548300,ndi
1786508727.734937,30.815547,0.010800,-0.016180,-1.548230,ndi
1786508727.752423,30.833033,0.010840,-0.016230,-1.548210,ndi
1786508727.769911,30.850521,0.010870,-0.016250,-1.548110,ndi
1786508727.784921,30.865531,0.010890,-0.016290,-1.548120,ndi
1786508727.802443,30.883053,0.010920,-0.016330,-1.548030,ndi
1786508727.819915,30.900525,0.010960,-0.016370,-1.548000,ndi
1786508727.834937,30.915547,0.010980,-0.016400,-1.547960,ndi
1786508727.852371,30.932981,0.011020,-0.016430,-1.547930,ndi
1786508727.869945,30.950555,0.011070,-0.016490,-1.547870,ndi
1786508727.884957,30.965567,0.011090,-0.016520,-1.547810,ndi
1786508727.902465,30.983075,0.011120,-0.016550,-1.547770,ndi
1786508727.919940,31.000550,0.011160,-0.016600,-1.547690,ndi
1786508727.934915,31.015525,0.011180,-0.016640,-1.547670,ndi
1786508727.952419,31.033029,0.011230,-0.016680,-1.547590,ndi
1786508727.969921,31.050531,0.011240,-0.016720,-1.547500,ndi
1786508727.984946,31.065556,0.011270,-0.016760,-1.547460,ndi
1786508728.002458,31.083068,0.011300,-0.016800,-1.547410,ndi
1786508728.019957,31.100567,0.011330,-0.016850,-1.547360,ndi
1786508728.034907,31.115517,0.011360,-0.016900,-1.547310,ndi
1786508728.052451,31.133061,0.011410,-0.016940,-1.547250,ndi
1786508728.069949,31.150559,0.011440,-0.016990,-1.547220,ndi
1786508728.084984,31.165594,0.011480,-0.017040,-1.547140,ndi
1786508728.102471,31.183081,0.011510,-0.017100,-1.547100,ndi
1786508728.119945,31.200555,0.011540,-0.017130,-1.547000,ndi
1786508728.134917,31.215527,0.011560,-0.017180,-1.546930,ndi
1786508728.152436,31.233046,0.011610,-0.017240,-1.546900,ndi
1786508728.169933,31.250543,0.011620,-0.017280,-1.546880,ndi
1786508728.184945,31.265555,0.011650,-0.017320,-1.546790,ndi
1786508728.202430,31.283040,0.011670,-0.017370,-1.546740,ndi
1786508728.219893,31.300503,0.011690,-0.017420,-1.546680,ndi
1786508728.234935,31.315545,0.011730,-0.017450,-1.546630,ndi
1786508728.252463,31.333073,0.011750,-0.017510,-1.546530,ndi
1786508728.269937,31.350547,0.011770,-0.017560,-1.546480,ndi
1786508728.284969,31.365579,0.011820,-0.017590,-1.546430,ndi
1786508728.302471,31.383081,0.011830,-0.017630,-1.546350,ndi
1786508728.319937,31.400547,0.011850,-0.017680,-1.546290,ndi
1786508728.334911,31.415521,0.011870,-0.017720,-1.546240,ndi
1786508728.352418,31.433028,0.011880,-0.017770,-1.546170,ndi
1786508728.369937,31.450547,0.011910,-0.017800,-1.546130,ndi
1786508728.384996,31.465606,0.011930,-0.017840,-1.546100,ndi
1786508728.402441,31.483051,0.011950,-0.017890,-1.546030,ndi
1786508728.419937,31.500547,0.011970,-0.017920,-1.546010,ndi
1786508728.434900,31.515510,0.012010,-0.017960,-1.545950,ndi
1786508728.452462,31.533072,0.012020,-0.018020,-1.545880,ndi
1786508728.469944,31.550555,0.012040,-0.018060,-1.545840,ndi
1786508728.484974,31.565584,0.012070,-0.018090,-1.545800,ndi
1786508728.502476,31.583086,0.012070,-0.018140,-1.545690,ndi
1786508728.519942,31.600552,0.012100,-0.018200,-1.545660,ndi
1786508728.534930,31.615540,0.012120,-0.018240,-1.545600,ndi
1786508728.552438,31.633049,0.012130,-0.018280,-1.545550,ndi
1786508728.569928,31.650538,0.012160,-0.018330,-1.545480,ndi
1786508728.584943,31.665553,0.012160,-0.018370,-1.545400,ndi
1786508728.602432,31.683042,0.012190,-0.018410,-1.545360,ndi
1786508728.619930,31.700540,0.012200,-0.018470,-1.545340,ndi
1786508728.634931,31.715541,0.012240,-0.018500,-1.545230,ndi
1786508728.652461,31.733071,0.012260,-0.018550,-1.545140,ndi
1786508728.669950,31.750561,0.012260,-0.018600,-1.545090,ndi
1786508728.684983,31.765593,0.012300,-0.018670,-1.545020,ndi
1786508728.702429,31.783039,0.012280,-0.018710,-1.544930,ndi
1786508728.719943,31.800553,0.012330,-0.018740,-1.544850,ndi
1786508728.734960,31.815570,0.012350,-0.018800,-1.544820,ndi
1786508728.752438,31.833048,0.012310,-0.018860,-1.544700,ndi
1786508728.769952,31.850562,0.012400,-0.018890,-1.544640,ndi
1786508728.784930,31.865540,0.012360,-0.018930,-1.544620,ndi
1786508728.802479,31.883089,0.012370,-0.018980,-1.544550,ndi
1786508728.819923,31.900533,0.012410,-0.019040,-1.544540,ndi
1786508728.834952,31.915562,0.012410,-0.019060,-1.544420,ndi
1786508728.852457,31.933067,0.012450,-0.019120,-1.544350,ndi
1786508728.869951,31.950561,0.012440,-0.019170,-1.544300,ndi
1786508728.884986,31.965596,0.012460,-0.019210,-1.544250,ndi
1786508728.902452,31.983062,0.012480,-0.019240,-1.544180,ndi
1786508728.919932,32.000542,0.012470,-0.019290,-1.544110,ndi
1786508728.934929,32.015539,0.012480,-0.019340,-1.544080,ndi
1786508728.952482,32.033092,0.012490,-0.019380,-1.544000,ndi
1786508728.969932,32.050542,0.012490,-0.019420,-1.543910,ndi
1786508728.984948,32.065558,0.012500,-0.019450,-1.543890,ndi
1786508729.002444,32.083054,0.012510,-0.019500,-1.543810,ndi
1786508729.019923,32.100533,0.012530,-0.019530,-1.543730,ndi
1786508729.034976,32.115586,0.012510,-0.019580,-1.543710,ndi
1786508729.052516,32.133126,0.012550,-0.019610,-1.543650,ndi
1786508729.069929,32.150539,0.012550,-0.019670,-1.543550,ndi
1786508729.085029,32.165639,0.012550,-0.019710,-1.543530,ndi
1786508729.102471,32.183081,0.012580,-0.019760,-1.543460,ndi
1786508729.119981,32.200591,0.012550,-0.019790,-1.543420,ndi
1786508729.134968,32.215578,0.012570,-0.019820,-1.543350,ndi
1786508729.152457,32.233067,0.012580,-0.019880,-1.543300,ndi
1786508729.169955,32.250565,0.012580,-0.019930,-1.543270,ndi
1786508729.184955,32.265565,0.012590,-0.019950,-1.543150,ndi
1786508729.202455,32.283065,0.012590,-0.020010,-1.543060,ndi
1786508729.219939,32.300549,0.012610,-0.020070,-1.543000,ndi
1786508729.234959,32.315569,0.012600,-0.020110,-1.542940,ndi
1786508729.252474,32.333084,0.012610,-0.020160,-1.542870,ndi
1786508729.269954,32.350564,0.012620,-0.020220,-1.542830,ndi
1786508729.285175,32.365785,0.012610,-0.020270,-1.542730,ndi
1786508729.302453,32.383063,0.012620,-0.020310,-1.542650,ndi
1786508729.319947,32.400557,0.012620,-0.020340,-1.542590,ndi
1786508729.334947,32.415557,0.012620,-0.020390,-1.542540,ndi
1786508729.352463,32.433073,0.012630,-0.020450,-1.542460,ndi
1786508729.369955,32.450565,0.012610,-0.020490,-1.542380,ndi
1786508729.385015,32.465625,0.012620,-0.020520,-1.542350,ndi
1786508729.402471,32.483081,0.012620,-0.020570,-1.542280,ndi
1786508729.419960,32.500570,0.012620,-0.020630,-1.542200,ndi
1786508729.434964,32.515574,0.012630,-0.020660,-1.542130,ndi
1786508729.452465,32.533075,0.012630,-0.020700,-1.542050,ndi
1786508729.469968,32.550578,0.012630,-0.020750,-1.541990,ndi
1786508729.484950,32.565560,0.012620,-0.020810,-1.541930,ndi
1786508729.502491,32.583102,0.012630,-0.020830,-1.541870,ndi
1786508729.519949,32.600559,0.012610,-0.020860,-1.541790,ndi
1786508729.534971,32.615581,0.012610,-0.020920,-1.541780,ndi
1786508729.552479,32.633089,0.012610,-0.020980,-1.541690,ndi
1786508729.569956,32.650566,0.012610,-0.020990,-1.541640,ndi
1786508729.584937,32.665547,0.012610,-0.021020,-1.541620,ndi
1786508729.602494,32.683104,0.012600,-0.021080,-1.541550,ndi
1786508729.619977,32.700588,0.012610,-0.021130,-1.541480,ndi
1786508729.634970,32.715580,0.012610,-0.021160,-1.541440,ndi
1786508729.652477,32.733087,0.012600,-0.021190,-1.541390,ndi
1786508729.669974,32.750584,0.012590,-0.021250,-1.541300,ndi
1786508729.684948,32.765558,0.012580,-0.021300,-1.541230,ndi
1786508729.702464,32.783074,0.012580,-0.021320,-1.541190,ndi
1786508729.719944,32.800554,0.012570,-0.021360,-1.541110,ndi
1786508729.734981,32.815591,0.012560,-0.021410,-1.541070,ndi
1786508729.752481,32.833091,0.012560,-0.021470,-1.540980,ndi
1786508729.769957,32.850567,0.012560,-0.021500,-1.540870,ndi
1786508729.784959,32.865569,0.012540,-0.021530,-1.540860,ndi
1786508729.802467,32.883077,0.012530,-0.021620,-1.540760,ndi
1786508729.819976,32.900586,0.012530,-0.021680,-1.540700,ndi
1786508729.834966,32.915576,0.012520,-0.021680,-1.540650,ndi
1786508729.852471,32.933081,0.012520,-0.021720,-1.540540,ndi
1786508729.869989,32.950599,0.012500,-0.021820,-1.540480,ndi
1786508729.884943,32.965553,0.012490,-0.021850,-1.540410,ndi
1786508729.902453,32.983063,0.012490,-0.021860,-1.540350,ndi
1786508729.919965,33.000575,0.012470,-0.021920,-1.540300,ndi
1786508729.935003,33.015613,0.012450,-0.021990,-1.540200,ndi
1786508729.952475,33.033085,0.012450,-0.022030,-1.540190,ndi
1786508729.969949,33.050559,0.012420,-0.022050,-1.540100,ndi
1786508729.984947,33.065557,0.012420,-0.022090,-1.540060,ndi
1786508730.002490,33.083100,0.012420,-0.022170,-1.540000,ndi
1786508730.019990,33.100600,0.012400,-0.022200,-1.539910,ndi
1786508730.034964,33.115574,0.012390,-0.022220,-1.539850,ndi
1786508730.052507,33.133117,0.012390,-0.022260,-1.539790,ndi
1786508730.069960,33.150570,0.012370,-0.022330,-1.539700,ndi
1786508730.084947,33.165557,0.012360,-0.022370,-1.539710,ndi
1786508730.102452,33.183062,0.012340,-0.022390,-1.539600,ndi
1786508730.119971,33.200581,0.012310,-0.022450,-1.539530,ndi
1786508730.134970,33.215580,0.012310,-0.022480,-1.539470,ndi
1786508730.152476,33.233086,0.012300,-0.022510,-1.539410,ndi
1786508730.169977,33.250587,0.012270,-0.022540,-1.539330,ndi
1786508730.184956,33.265566,0.012270,-0.022590,-1.539280,ndi
1786508730.202525,33.283135,0.012270,-0.022650,-1.539220,ndi
1786508730.219990,33.300601,0.012240,-0.022670,-1.539110,ndi
1786508730.234982,33.315593,0.012250,-0.022690,-1.539080,ndi
1786508730.252490,33.333100,0.012210,-0.022750,-1.539020,ndi
1786508730.269978,33.350588,0.012180,-0.022800,-1.538940,ndi
1786508730.284973,33.365583,0.012180,-0.022830,-1.538910,ndi
1786508730.302459,33.383069,0.012150,-0.022850,-1.538860,ndi
1786508730.319975,33.400585,0.012140,-0.022910,-1.538770,ndi
1786508730.334978,33.415588,0.012120,-0.022960,-1.538710,ndi
1786508730.352523,33.433133,0.012090,-0.023000,-1.538680,ndi
1786508730.369968,33.450578,0.012080,-0.023040,-1.538580,ndi
1786508730.385005,33.465615,0.012050,-0.023090,-1.538490,ndi
1786508730.402507,33.483117,0.012040,-0.023150,-1.538390,ndi
1786508730.420021,33.500631,0.012020,-0.023180,-1.538340,ndi
1786508730.434968,33.515578,0.012010,-0.023210,-1.538290,ndi
1786508730.452475,33.533085,0.011970,-0.023270,-1.538230,ndi
1786508730.469961,33.550571,0.011940,-0.023320,-1.538190,ndi
1786508730.484958,33.565568,0.011930,-0.023340,-1.538090,ndi
1786508730.502463,33.583073,0.011890,-0.023380,-1.538030,ndi
1786508730.519968,33.600578,0.011870,-0.023440,-1.537990,ndi
1786508730.534983,33.615593,0.011850,-0.023480,-1.537910,ndi
1786508730.552486,33.633096,0.011820,-0.023500,-1.537850,ndi
1786508730.569963,33.650573,0.011800,-0.023540,-1.537810,ndi
1786508730.584967,33.665577,0.011790,-0.023590,-1.537710,ndi
1786508730.602540,33.683151,0.011760,-0.023630,-1.537640,ndi
1786508730.619993,33.700603,0.011740,-0.023660,-1.537570,ndi
1786508730.634961,33.715571,0.011720,-0.023700,-1.537510,ndi
1786508730.652462,33.733072,0.011680,-0.023750,-1.537410,ndi
1786508730.669967,33.750577,0.011680,-0.023790,-1.537370,ndi
1786508730.684973,33.765583,0.011650,-0.023810,-1.537370,ndi
1786508730.702470,33.783080,0.011610,-0.023850,-1.537250,ndi
1786508730.719974,33.800584,0.011590,-0.023890,-1.537180,ndi
1786508730.734964,33.815574,0.011570,-0.023920,-1.537160,ndi
1786508730.752503,33.833113,0.011540,-0.023950,-1.537080,ndi
1786508730.769963,33.850573,0.011510,-0.023990,-1.537030,ndi
1786508730.784957,33.865567,0.011510,-0.024030,-1.536960,ndi
1786508730.802524,33.883134,0.011470,-0.024070,-1.536880,ndi
1786508730.820003,33.900613,0.011440,-0.024090,-1.536830,ndi
1786508730.834979,33.915589,0.011440,-0.024140,-1.536740,ndi
1786508730.852470,33.933080,0.011400,-0.024190,-1.536700,ndi
1786508730.869980,33.950590,0.011350,-0.024230,-1.536620,ndi
1786508730.884974,33.965584,0.011320,-0.024260,-1.536590,ndi
1786508730.902480,33.983090,0.011300,-0.024300,-1.536500,ndi
1786508730.919989,34.000599,0.011250,-0.024350,-1.536410,ndi
1786508730.934996,34.015606,0.011220,-0.024390,-1.536350,ndi
1786508730.952508,34.033118,0.011190,-0.024430,-1.536330,ndi
1786508730.969934,34.050544,0.011160,-0.024460,-1.536240,ndi
1786508730.984972,34.065582,0.011130,-0.024510,-1.536170,ndi
1786508731.002540,34.083150,0.011100,-0.024550,-1.536120,ndi
1786508731.020005,34.100615,0.011060,-0.024580,-1.536010,ndi
1786508731.034984,34.115594,0.011020,-0.024620,-1.535970,ndi
1786508731.052507,34.133117,0.010980,-0.024660,-1.535900,ndi
1786508731.069958,34.150568,0.010970,-0.024700,-1.535850,ndi
1786508731.084967,34.165577,0.010910,-0.024730,-1.535750,ndi
1786508731.102539,34.183149,0.010880,-0.024770,-1.535730,ndi
1786508731.119981,34.200591,0.010850,-0.024810,-1.535640,ndi
1786508731.134985,34.215595,0.010820,-0.024840,-1.535620,ndi
1786508731.152497,34.233107,0.010780,-0.024880,-1.535520,ndi
1786508731.169983,34.250593,0.010760,-0.024920,-1.535430,ndi
1786508731.185000,34.265610,0.010730,-0.024950,-1.535410,ndi
1786508731.202532,34.283142,0.010690,-0.024980,-1.535320,ndi
1786508731.219993,34.300603,0.010650,-0.025030,-1.535310,ndi
1786508731.234980,34.315590,0.010630,-0.025060,-1.535250,ndi
1786508731.252486,34.333096,0.010590,-0.025090,-1.535190,ndi
1786508731.269964,34.350574,0.010540,-0.025120,-1.535130,ndi
1786508731.284961,34.365571,0.010510,-0.025150,-1.535090,ndi
1786508731.302500,34.383110,0.010480,-0.025190,-1.535010,ndi
1786508731.319992,34.400602,0.010430,-0.025220,-1.534960,ndi
1786508731.334987,34.415597,0.010410,-0.025240,-1.534910,ndi
1786508731.352492,34.433102,0.010350,-0.025290,-1.534900,ndi
1786508731.369976,34.450586,0.010330,-0.025330,-1.534830,ndi
1786508731.385023,34.465633,0.010300,-0.025350,-1.534760,ndi
1786508731.402615,34.483225,0.010260,-0.025390,-1.534700,ndi
1786508731.420012,34.500622,0.010210,-0.025430,-1.534660,ndi
1786508731.434984,34.515594,0.010180,-0.025460,-1.534590,ndi
1786508731.452500,34.533110,0.010150,-0.025500,-1.534500,ndi
1786508731.469976,34.550586,0.010080,-0.025530,-1.534430,ndi
1786508731.485008,34.565618,0.010060,-0.025570,-1.534390,ndi
1786508731.502486,34.583096,0.010010,-0.025600,-1.534290,ndi
1786508731.520018,34.600628,0.009950,-0.025650,-1.534230,ndi
1786508731.534972,34.615582,0.009930,-0.025680,-1.534150,ndi
1786508731.552484,34.633094,0.009870,-0.025730,-1.534130,ndi
1786508731.569982,34.650592,0.009820,-0.025750,-1.534000,ndi
1786508731.584984,34.665594,0.009800,-0.025780,-1.533980,ndi
1786508731.602507,34.683117,0.009750,-0.025830,-1.533910,ndi
1786508731.620008,34.700619,0.009700,-0.025860,-1.533870,ndi
1786508731.634999,34.715609,0.009660,-0.025890,-1.533780,ndi
1786508731.652517,34.733127,0.009610,-0.025930,-1.533730,ndi
1786508731.669991,34.750601,0.009550,-0.025960,-1.533690,ndi
1786508731.685008,34.765618,0.009530,-0.025980,-1.533660,ndi
1786508731.702506,34.783116,0.009490,-0.026010,-1.533590,ndi
1786508731.719970,34.800580,0.009440,-0.026050,-1.533520,ndi
1786508731.734995,34.815605,0.009400,-0.026070,-1.533490,ndi
1786508731.752485,34.833095,0.009360,-0.026110,-1.533460,ndi
1786508731.770000,34.850610,0.009320,-0.026140,-1.533390,ndi
1786508731.785000,34.865610,0.009290,-0.026180,-1.533340,ndi
1786508731.802506,34.883116,0.009230,-0.026200,-1.533290,ndi
1786508731.820021,34.900631,0.009190,-0.026230,-1.533200,ndi
1786508731.834989,34.915599,0.009150,-0.026270,-1.533150,ndi
1786508731.852498,34.933108,0.009100,-0.026300,-1.533090,ndi
1786508731.869987,34.950597,0.009050,-0.026320,-1.533060,ndi
1786508731.884992,34.965602,0.009020,-0.026350,-1.533000,ndi
1786508731.902505,34.983115,0.008970,-0.026380,-1.532960,ndi
1786508731.919990,35.000600,0.008910,-0.026410,-1.532910,ndi
1786508731.935066,35.015676,0.008870,-0.026440,-1.532920,ndi
1786508731.952544,35.033154,0.008820,-0.026480,-1.532860,ndi
1786508731.969998,35.050608,0.008790,-0.026510,-1.532750,ndi
1786508731.984974,35.065584,0.008740,-0.026520,-1.532720,ndi
1786508732.002500,35.083110,0.008690,-0.026560,-1.532680,ndi
1786508732.019996,35.100606,0.008630,-0.026600,-1.532600,ndi
1786508732.035004,35.115614,0.008600,-0.026630,-1.532590,ndi
1786508732.052500,35.133110,0.008540,-0.026650,-1.532520,ndi
1786508732.069996,35.150606,0.008490,-0.026680,-1.532490,ndi
1786508732.084991,35.165601,0.008440,-0.026720,-1.532400,ndi
1786508732.102519,35.183129,0.008390,-0.026740,-1.532330,ndi
1786508732.119979,35.200589,0.008320,-0.026760,-1.532260,ndi
1786508732.134990,35.215600,0.008260,-0.026810,-1.532220,ndi
1786508732.152545,35.233155,0.008210,-0.026860,-1.532160,ndi
1786508732.170004,35.250614,0.008150,-0.026880,-1.532100,ndi
1786508732.185016,35.265626,0.008110,-0.026900,-1.532040,ndi
1786508732.202545,35.283155,0.008060,-0.026940,-1.531990,ndi
1786508732.220008,35.300618,0.007990,-0.026970,-1.531950,ndi
1786508732.234998,35.315609,0.007950,-0.026990,-1.531880,ndi
1786508732.252520,35.333130,0.007890,-0.027020,-1.531860,ndi
1786508732.270004,35.350614,0.007850,-0.027050,-1.531810,ndi
1786508732.285003,35.365613,0.007800,-0.027080,-1.531800,ndi
1786508732.302501,35.383111,0.007750,-0.027100,-1.531750,ndi
1786508732.320005,35.400615,0.007690,-0.027140,-1.531700,ndi
1786508732.334960,35.415570,0.007640,-0.027170,-1.531660,ndi
1786508732.352540,35.433151,0.007590,-0.027190,-1.531620,ndi
1786508732.370022,35.450632,0.007540,-0.027220,-1.531560,ndi
1786508732.385063,35.465673,0.007480,-0.027250,-1.531520,ndi
1786508732.402540,35.483150,0.007430,-0.027270,-1.531480,ndi
1786508732.420043,35.500653,0.007360,-0.027290,-1.531420,ndi
1786508732.435014,35.515624,0.007320,-0.027320,-1.531370,ndi
1786508732.452502,35.533112,0.007270,-0.027360,-1.531320,ndi
1786508732.470007,35.550617,0.007200,-0.027370,-1.531280,ndi
1786508732.485000,35.565610,0.007170,-0.027400,-1.531240,ndi
1786508732.502522,35.583132,0.007110,-0.027430,-1.531200,ndi
1786508732.520002,35.600612,0.007040,-0.027460,-1.531180,ndi
1786508732.535003,35.615613,0.007020,-0.027480,-1.531110,ndi
1786508732.552536,35.633146,0.006940,-0.027510,-1.531070,ndi
1786508732.569998,35.650608,0.006880,-0.027540,-1.531010,ndi
1786508732.585011,35.665622,0.006830,-0.027550,-1.530940,ndi
1786508732.602492,35.683102,0.006770,-0.027590,-1.530880,ndi
1786508732.620002,35.700612,0.006710,-0.027610,-1.530850,ndi
1786508732.635009,35.715619,0.006650,-0.027630,-1.530860,ndi
1786508732.652549,35.733159,0.006590,-0.027660,-1.530790,ndi
1786508732.670111,35.750721,0.006530,-0.027680,-1.530770,ndi
1786508732.685007,35.765617,0.006480,-0.027720,-1.530740,ndi
1786508732.702518,35.783128,0.006400,-0.027740,-1.530690,ndi
1786508732.720014,35.800624,0.006320,-0.027770,-1.530670,ndi
1786508732.735020,35.815630,0.006290,-0.027800,-1.530560,ndi
1786508732.752536,35.833146,0.006200,-0.027830,-1.530520,ndi
1786508732.770020,35.850630,0.006140,-0.027850,-1.530460,ndi
1786508732.785017,35.865627,0.006100,-0.027870,-1.530450,ndi
1786508732.802504,35.883114,0.006020,-0.027890,-1.530370,ndi
1786508732.820026,35.900636,0.005960,-0.027920,-1.530330,ndi
1786508732.834997,35.915607,0.005890,-0.027930,-1.530300,ndi
1786508732.852533,35.933143,0.005850,-0.027950,-1.530270,ndi
1786508732.870020,35.950630,0.005790,-0.027990,-1.530220,ndi
1786508732.885025,35.965635,0.005740,-0.028010,-1.530180,ndi
1786508732.902524,35.983134,0.005670,-0.028030,-1.530120,ndi
1786508732.920012,36.000622,0.005610,-0.028050,-1.530090,ndi
1786508732.935022,36.015632,0.005570,-0.028070,-1.530060,ndi
1786508732.952548,36.033158,0.005510,-0.028100,-1.530020,ndi
1786508732.970015,36.050625,0.005440,-0.028110,-1.529980,ndi
1786508732.985010,36.065620,0.005390,-0.028130,-1.529910,ndi
1786508733.002546,36.083156,0.005310,-0.028170,-1.529900,ndi
1786508733.020031,36.100641,0.005250,-0.028190,-1.529870,ndi
1786508733.035011,36.115621,0.005180,-0.028200,-1.529820,ndi
1786508733.052532,36.133142,0.005120,-0.028220,-1.529810,ndi
1786508733.070015,36.150625,0.005070,-0.028250,-1.529770,ndi
1786508733.085011,36.165622,0.005020,-0.028270,-1.529710,ndi
1786508733.102510,36.183120,0.004950,-0.028280,-1.529690,ndi
1786508733.120022,36.200632,0.004900,-0.028300,-1.529630,ndi
1786508733.135046,36.215656,0.004820,-0.028330,-1.529580,ndi
1786508733.152526,36.233136,0.004770,-0.028360,-1.529550,ndi
1786508733.170025,36.250635,0.004700,-0.028360,-1.529530,ndi
1786508733.185023,36.265633,0.004620,-0.028390,-1.529480,ndi
1786508733.202518,36.283128,0.004560,-0.028430,-1.529470,ndi
1786508733.220012,36.300622,0.004490,-0.028450,-1.529420,ndi
1786508733.235018,36.315628,0.004420,-0.028450,-1.529390,ndi
1786508733.252533,36.333143,0.004350,-0.028480,-1.529380,ndi
1786508733.270023,36.350633,0.004280,-0.028510,-1.529330,ndi
1786508733.285011,36.365621,0.004210,-0.028520,-1.529260,ndi
1786508733.302505,36.383115,0.004140,-0.028540,-1.529300,ndi
1786508733.320026,36.400636,0.004080,-0.028560,-1.529210,ndi
1786508733.334987,36.415597,0.004010,-0.028590,-1.529150,ndi
1786508733.352522,36.433132,0.003940,-0.028610,-1.529150,ndi
1786508733.370014,36.450624,0.003870,-0.028610,-1.529090,ndi
1786508733.385049,36.465659,0.003820,-0.028630,-1.529100,ndi
1786508733.402508,36.483118,0.003750,-0.028670,-1.529030,ndi
1786508733.420041,36.500651,0.003660,-0.028670,-1.529020,ndi
1786508733.435028,36.515638,0.003610,-0.028680,-1.529000,ndi
1786508733.452517,36.533127,0.003540,-0.028710,-1.528960,ndi
1786508733.470001,36.550611,0.003480,-0.028740,-1.528910,ndi
1786508733.485000,36.565610,0.003420,-0.028740,-1.528910,ndi
1786508733.502501,36.583111,0.003350,-0.028750,-1.528900,ndi
1786508733.520062,36.600672,0.003300,-0.028770,-1.528790,ndi
1786508733.535020,36.615630,0.003260,-0.028790,-1.528760,ndi
1786508733.552521,36.633131,0.003180,-0.028810,-1.528760,ndi
1786508733.569999,36.650609,0.003110,-0.028810,-1.528690,ndi
1786508733.585012,36.665622,0.003050,-0.028840,-1.528720,ndi
1786508733.602504,36.683114,0.002980,-0.028860,-1.528640,ndi
1786508733.620049,36.700660,0.002910,-0.028870,-1.528630,ndi
1786508733.635031,36.715641,0.002870,-0.028880,-1.528580,ndi
1786508733.652556,36.733166,0.002790,-0.028900,-1.528590,ndi
1786508733.670022,36.750633,0.002730,-0.028910,-1.528510,ndi
1786508733.684988,36.765598,0.002670,-0.028920,-1.528520,ndi
1786508733.702488,36.783098,0.002610,-0.028930,-1.528480,ndi
1786508733.720028,36.800638,0.002550,-0.028950,-1.528460,ndi
1786508733.735006,36.815616,0.002480,-0.028970,-1.528430,ndi
1786508733.752532,36.833142,0.002420,-0.028970,-1.528380,ndi
1786508733.770021,36.850631,0.002350,-0.028980,-1.528360,ndi
1786508733.785051,36.865661,0.002280,-0.029010,-1.528340,ndi
1786508733.802524,36.883134,0.002210,-0.029030,-1.528300,ndi
1786508733.820078,36.900688,0.002130,-0.029020,-1.528290,ndi
1786508733.835014,36.915624,0.002080,-0.029030,-1.528250,ndi
1786508733.852516,36.933126,0.001990,-0.029060,-1.528230,ndi
1786508733.870005,36.950615,0.001930,-0.029070,-1.528200,ndi
1786508733.885026,36.965636,0.001860,-0.029080,-1.528190,ndi
1786508733.902534,36.983144,0.001780,-0.029090,-1.528160,ndi
1786508733.920017,37.000627,0.001720,-0.029120,-1.528130,ndi
1786508733.935005,37.015615,0.001650,-0.029130,-1.528100,ndi
1786508733.952521,37.033131,0.001580,-0.029130,-1.528070,ndi
1786508733.970004,37.050614,0.001520,-0.029150,-1.528070,ndi
1786508733.985007,37.065617,0.001440,-0.029170,-1.528050,ndi
1786508734.002506,37.083116,0.001370,-0.029170,-1.528010,ndi
1786508734.020076,37.100686,0.001310,-0.029170,-1.527970,ndi
1786508734.035033,37.115643,0.001230,-0.029190,-1.527920,ndi
1786508734.052556,37.133166,0.001180,-0.029210,-1.527910,ndi
1786508734.070003,37.150613,0.001090,-0.029200,-1.527880,ndi
1786508734.085028,37.165638,0.001040,-0.029220,-1.527880,ndi
1786508734.102557,37.183167,0.000980,-0.029240,-1.527850,ndi
1786508734.120042,37.200652,0.000910,-0.029250,-1.527830,ndi
1786508734.135005,37.215615,0.000860,-0.029240,-1.527810,ndi
1786508734.152514,37.233124,0.000780,-0.029260,-1.527790,ndi
1786508734.170020,37.250630,0.000720,-0.029280,-1.527780,ndi
1786508734.185015,37.265625,0.000650,-0.029280,-1.527760,ndi
1786508734.202518,37.283128,0.000570,-0.029280,-1.527730,ndi
1786508734.220032,37.300642,0.000500,-0.029300,-1.527730,ndi
1786508734.235051,37.315661,0.000460,-0.029320,-1.527690,ndi
1786508734.252564,37.333174,0.000390,-0.029310,-1.527680,ndi
1786508734.270013,37.350623,0.000300,-0.029310,-1.527680,ndi
1786508734.285014,37.365624,0.000270,-0.029340,-1.527640,ndi
1786508734.302572,37.383182,0.000190,-0.029350,-1.527620,ndi
1786508734.320054,37.400664,0.000110,-0.029350,-1.527570,ndi
1786508734.335035,37.415645,0.000060,-0.029350,-1.527540,ndi
1786508734.352555,37.433165,-0.000020,-0.029370,-1.527540,ndi
1786508734.370007,37.450617,-0.000090,-0.029380,-1.527550,ndi
1786508734.385071,37.465681,-0.000130,-0.029380,-1.527520,ndi
1786508734.402517,37.483127,-0.000210,-0.029380,-1.527510,ndi
1786508734.420042,37.500652,-0.000300,-0.029400,-1.527470,ndi
1786508734.435053,37.515663,-0.000360,-0.029410,-1.527460,ndi
1786508734.452530,37.533140,-0.000430,-0.029400,-1.527420,ndi
1786508734.470014,37.550624,-0.000520,-0.029420,-1.527420,ndi
1786508734.485056,37.565666,-0.000560,-0.029430,-1.527380,ndi
1786508734.502539,37.583149,-0.000640,-0.029430,-1.527340,ndi
1786508734.520032,37.600642,-0.000710,-0.029430,-1.527350,ndi
1786508734.535092,37.615702,-0.000760,-0.029440,-1.527340,ndi
1786508734.552526,37.633136,-0.000850,-0.029460,-1.527340,ndi
1786508734.570035,37.650645,-0.000940,-0.029460,-1.527310,ndi
1786508734.585037,37.665647,-0.001000,-0.029460,-1.527290,ndi
1786508734.602531,37.683141,-0.001080,-0.029470,-1.527260,ndi
1786508734.620029,37.700639,-0.001150,-0.029480,-1.527250,ndi
1786508734.635046,37.715657,-0.001220,-0.029480,-1.527220,ndi
1786508734.652569,37.733179,-0.001290,-0.029480,-1.527250,ndi
1786508734.670015,37.750625,-0.001370,-0.029500,-1.527240,ndi
1786508734.685023,37.765633,-0.001420,-0.029510,-1.527210,ndi
1786508734.702535,37.783145,-0.001480,-0.029510,-1.527230,ndi
1786508734.720039,37.800649,-0.001560,-0.029500,-1.527210,ndi
1786508734.735049,37.815659,-0.001630,-0.029510,-1.527200,ndi
1786508734.752526,37.833136,-0.001700,-0.029530,-1.527200,ndi
1786508734.770018,37.850628,-0.001770,-0.029520,-1.527170,ndi
1786508734.785027,37.865637,-0.001840,-0.029520,-1.527160,ndi
1786508734.802531,37.883141,-0.001920,-0.029530,-1.527110,ndi
1786508734.820040,37.900650,-0.001990,-0.029550,-1.527110,ndi
1786508734.835052,37.915662,-0.002060,-0.029540,-1.527120,ndi
1786508734.852542,37.933152,-0.002130,-0.029530,-1.527100,ndi
1786508734.869999,37.950609,-0.002190,-0.029550,-1.527090,ndi
1786508734.885033,37.965643,-0.002260,-0.029560,-1.527080,ndi
1786508734.902552,37.983162,-0.002310,-0.029540,-1.527030,ndi
1786508734.920033,38.000643,-0.002370,-0.029540,-1.527040,ndi
1786508734.935047,38.015657,-0.002440,-0.029560,-1.527050,ndi
1786508734.952563,38.033173,-0.002510,-0.029570,-1.527040,ndi
1786508734.970031,38.050641,-0.002600,-0.029560,-1.526980,ndi
1786508734.985010,38.065620,-0.002670,-0.029550,-1.526980,ndi
1786508735.002533,38.083143,-0.002740,-0.029570,-1.526970,ndi
1786508735.020054,38.100664,-0.002840,-0.029580,-1.526940,ndi
1786508735.035037,38.115647,-0.002910,-0.029560,-1.526940,ndi
1786508735.052551,38.133161,-0.002990,-0.029560,-1.526970,ndi
1786508735.070056,38.150666,-0.003040,-0.029570,-1.526940,ndi
1786508735.085049,38.165659,-0.003100,-0.029580,-1.526940,ndi
1786508735.102568,38.183178,-0.003160,-0.029570,-1.526920,ndi
1786508735.120051,38.200661,-0.003260,-0.029560,-1.526880,ndi
1786508735.135065,38.215675,-0.003330,-0.029570,-1.526940,ndi
1786508735.152580,38.233190,-0.003410,-0.029580,-1.526860,ndi
1786508735.170016,38.250626,-0.003510,-0.029570,-1.526870,ndi
1786508735.185024,38.265634,-0.003590,-0.029570,-1.526890,ndi
1786508735.202549,38.283159,-0.003680,-0.029570,-1.526860,ndi
1786508735.220021,38.300631,-0.003770,-0.029580,-1.526890,ndi
1786508735.235034,38.315644,-0.003820,-0.029580,-1.526880,ndi
1786508735.252577,38.333187,-0.003920,-0.029570,-1.526880,ndi
1786508735.270052,38.350662,-0.003980,-0.029570,-1.526870,ndi
1786508735.285044,38.365654,-0.004030,-0.029580,-1.526840,ndi
1786508735.302566,38.383176,-0.004110,-0.029570,-1.526870,ndi
1786508735.320046,38.400656,-0.004170,-0.029560,-1.526820,ndi
1786508735.335062,38.415672,-0.004230,-0.029580,-1.526870,ndi
1786508735.352558,38.433168,-0.004320,-0.029580,-1.526820,ndi
1786508735.370042,38.450652,-0.004400,-0.029570,-1.526810,ndi
1786508735.385105,38.465715,-0.004460,-0.029560,-1.526830,ndi
1786508735.402565,38.483176,-0.004560,-0.029570,-1.526820,ndi
1786508735.420056,38.500666,-0.004630,-0.029570,-1.526830,ndi
1786508735.435029,38.515639,-0.004690,-0.029560,-1.526830,ndi
1786508735.452537,38.533147,-0.004760,-0.029560,-1.526840,ndi
1786508735.470063,38.550673,-0.004820,-0.029560,-1.526810,ndi
1786508735.485067,38.565677,-0.004870,-0.029560,-1.526830,ndi
1786508735.502550,38.583160,-0.004930,-0.029550,-1.526820,ndi
1786508735.520049,38.600659,-0.005000,-0.029560,-1.526800,ndi
1786508735.535121,38.615731,-0.005070,-0.029560,-1.526800,ndi
1786508735.552550,38.633160,-0.005140,-0.029550,-1.526790,ndi
1786508735.570026,38.650636,-0.005210,-0.029540,-1.526790,ndi
1786508735.585043,38.665653,-0.005290,-0.029540,-1.526800,ndi
1786508735.602546,38.683156,-0.005370,-0.029540,-1.526770,ndi
1786508735.620029,38.700639,-0.005430,-0.029530,-1.526770,ndi
1786508735.635056,38.715667,-0.005490,-0.029530,-1.526820,ndi
1786508735.652567,38.733177,-0.005570,-0.029520,-1.526780,ndi
1786508735.670071,38.750681,-0.005660,-0.029520,-1.526810,ndi
1786508735.685059,38.765669,-0.005720,-0.029520,-1.526820,ndi
1786508735.702570,38.783180,-0.005790,-0.029510,-1.526790,ndi
1786508735.720037,38.800647,-0.005860,-0.029500,-1.526830,ndi
1786508735.735128,38.815738,-0.005950,-0.029500,-1.526800,ndi
1786508735.752542,38.833152,-0.006020,-0.029500,-1.526810,ndi
1786508735.770031,38.850641,-0.006120,-0.029480,-1.526830,ndi
1786508735.785044,38.865654,-0.006200,-0.029470,-1.526850,ndi
1786508735.802561,38.883171,-0.006280,-0.029480,-1.526860,ndi
1786508735.820072,38.900682,-0.006370,-0.029470,-1.526850,ndi
1786508735.837535,38.918145,-0.006440,-0.029450,-1.526880,ndi
1786508735.852586,38.933196,-0.006510,-0.029440,-1.526880,ndi
1786508735.870049,38.950659,-0.006580,-0.029450,-1.526890,ndi
1786508735.885067,38.965677,-0.006640,-0.029450,-1.526870,ndi
1786508735.902577,38.983187,-0.006740,-0.029420,-1.526860,ndi
1786508735.920039,39.000649,-0.006810,-0.029410,-1.526860,ndi
1786508735.935097,39.015707,-0.006890,-0.029430,-1.526850,ndi
1786508735.952573,39.033183,-0.006970,-0.029420,-1.526880,ndi
1786508735.970042,39.050652,-0.007050,-0.029390,-1.526870,ndi
1786508735.985041,39.065651,-0.007120,-0.029380,-1.526900,ndi
1786508736.002577,39.083187,-0.007190,-0.029400,-1.526900,ndi
1786508736.020041,39.100651,-0.007280,-0.029380,-1.526960,ndi
1786508736.035043,39.115653,-0.007310,-0.029360,-1.526950,ndi
1786508736.052580,39.133190,-0.007400,-0.029360,-1.526920,ndi
1786508736.070067,39.150677,-0.007460,-0.029360,-1.526950,ndi
1786508736.085066,39.165676,-0.007510,-0.029360,-1.526990,ndi
1786508736.102570,39.183180,-0.007600,-0.029330,-1.526960,ndi
1786508736.120054,39.200664,-0.007670,-0.029330,-1.527000,ndi
1786508736.135030,39.215640,-0.007730,-0.029330,-1.526960,ndi
1786508736.152620,39.233230,-0.007810,-0.029310,-1.526980,ndi
1786508736.170099,39.250710,-0.007880,-0.029300,-1.526970,ndi
1786508736.185069,39.265679,-0.007950,-0.029290,-1.526990,ndi
1786508736.202551,39.283161,-0.008020,-0.029290,-1.526990,ndi
1786508736.220053,39.300663,-0.008080,-0.029280,-1.527040,ndi
1786508736.235057,39.315667,-0.008130,-0.029260,-1.527040,ndi
1786508736.252580,39.333190,-0.008210,-0.029250,-1.527020,ndi
1786508736.270061,39.350671,-0.008290,-0.029250,-1.527060,ndi
1786508736.285049,39.365659,-0.008350,-0.029230,-1.527060,ndi
1786508736.302589,39.383199,-0.008430,-0.029220,-1.527090,ndi
1786508736.320035,39.400645,-0.008500,-0.029210,-1.527100,ndi
1786508736.335038,39.415648,-0.008580,-0.029200,-1.527090,ndi
1786508736.352588,39.433198,-0.008650,-0.029180,-1.527100,ndi
1786508736.370098,39.450708,-0.008720,-0.029170,-1.527090,ndi
1786508736.385127,39.465737,-0.008800,-0.029170,-1.527140,ndi
1786508736.402570,39.483180,-0.008870,-0.029150,-1.527120,ndi
1786508736.420068,39.500678,-0.008940,-0.029130,-1.527180,ndi
1786508736.435074,39.515684,-0.009030,-0.029110,-1.527160,ndi
1786508736.452579,39.533189,-0.009110,-0.029110,-1.527200,ndi
1786508736.470075,39.550685,-0.009220,-0.029090,-1.527200,ndi
1786508736.485052,39.565662,-0.009280,-0.029060,-1.527230,ndi
1786508736.502540,39.583150,-0.009370,-0.029050,-1.527230,ndi
1786508736.520050,39.600660,-0.009460,-0.029050,-1.527250,ndi
1786508736.535048,39.615658,-0.009510,-0.029030,-1.527270,ndi
1786508736.552586,39.633196,-0.009590,-0.029000,-1.527260,ndi
1786508736.570080,39.650690,-0.009650,-0.028990,-1.527320,ndi
1786508736.585057,39.665667,-0.009720,-0.028990,-1.527320,ndi
1786508736.602571,39.683182,-0.009780,-0.028980,-1.527310,ndi
1786508736.620050,39.700660,-0.009830,-0.028950,-1.527340,ndi
1786508736.635062,39.715672,-0.009900,-0.028940,-1.527350,ndi
1786508736.652580,39.733190,-0.009960,-0.028940,-1.527360,ndi
1786508736.670065,39.750675,-0.010060,-0.028910,-1.527380,ndi
1786508736.685069,39.765679,-0.010100,-0.028900,-1.527430,ndi
1786508736.702569,39.783179,-0.010180,-0.028890,-1.527420,ndi
1786508736.720050,39.800660,-0.010280,-0.028870,-1.527470,ndi
1786508736.735071,39.815681,-0.010320,-0.028850,-1.527480,ndi
1786508736.752593,39.833203,-0.010400,-0.028830,-1.527520,ndi
1786508736.770054,39.850664,-0.010460,-0.028840,-1.527530,ndi
1786508736.785062,39.865672,-0.010500,-0.028820,-1.527540,ndi
1786508736.802575,39.883185,-0.010580,-0.028790,-1.527580,ndi
1786508736.820053,39.900663,-0.010630,-0.028780,-1.527550,ndi
1786508736.835072,39.915682,-0.010680,-0.028780,-1.527560,ndi
1786508736.852582,39.933192,-0.010730,-0.028760,-1.527600,ndi
1786508736.870062,39.950672,-0.010800,-0.028730,-1.527610,ndi
1786508736.885054,39.965664,-0.010890,-0.028720,-1.527670,ndi
1786508736.902599,39.983209,-0.010950,-0.028720,-1.527690,ndi
1786508736.920044,40.000654,-0.011030,-0.028680,-1.527680,ndi
1786508736.935070,40.015680,-0.011070,-0.028660,-1.527710,ndi
1786508736.952654,40.033264,-0.011150,-0.028670,-1.527780,ndi
1786508736.970071,40.050681,-0.011240,-0.028650,-1.527770,ndi
1786508736.985051,40.065661,-0.011280,-0.028610,-1.527800,ndi
1786508737.002579,40.083189,-0.011380,-0.028590,-1.527820,ndi
1786508737.020098,40.100708,-0.011440,-0.028590,-1.527820,ndi
1786508737.035094,40.115704,-0.011490,-0.028570,-1.527850,ndi
1786508737.052603,40.133213,-0.011570,-0.028530,-1.527890,ndi
1786508737.070081,40.150691,-0.011650,-0.028520,-1.527940,ndi
1786508737.085056,40.165666,-0.011720,-0.028510,-1.527970,ndi
1786508737.102569,40.183179,-0.011810,-0.028480,-1.527990,ndi
1786508737.120069,40.200679,-0.011880,-0.028450,-1.528030,ndi
1786508737.135073,40.215683,-0.011960,-0.028440,-1.528040,ndi
1786508737.152617,40.233227,-0.012040,-0.028420,-1.528090,ndi
1786508737.170065,40.250675,-0.012100,-0.028380,-1.528130,ndi
1786508737.185087,40.265697,-0.012160,-0.028360,-1.528150,ndi
1786508737.202579,40.283189,-0.012220,-0.028350,-1.528190,ndi
1786508737.220114,40.300724,-0.012280,-0.028340,-1.528200,ndi
1786508737.235097,40.315707,-0.012350,-0.028310,-1.528200,ndi
1786508737.252591,40.333201,-0.012410,-0.028290,-1.528270,ndi
1786508737.270089,40.350699,-0.012470,-0.028270,-1.528260,ndi
1786508737.285064,40.365674,-0.012540,-0.028260,-1.528280,ndi
1786508737.302594,40.383204,-0.012610,-0.028220,-1.528310,ndi
1786508737.320052,40.400662,-0.012680,-0.028190,-1.528370,ndi
1786508737.335088,40.415698,-0.012730,-0.028190,-1.528360,ndi
1786508737.352635,40.433245,-0.012800,-0.028180,-1.528380,ndi
1786508737.370077,40.450687,-0.012850,-0.028140,-1.528410,ndi
1786508737.385115,40.465725,-0.012900,-0.028120,-1.528420,ndi
1786508737.402578,40.483188,-0.012950,-0.028120,-1.528450,ndi
1786508737.420096,40.500706,-0.013000,-0.028100,-1.528470,ndi
1786508737.435065,40.515675,-0.013070,-0.028060,-1.528500,ndi
1786508737.452596,40.533206,-0.013120,-0.028040,-1.528550,ndi
1786508737.470078,40.550689,-0.013190,-0.028030,-1.528580,ndi
1786508737.485119,40.565729,-0.013250,-0.028010,-1.528630,ndi
1786508737.502589,40.583199,-0.013300,-0.027970,-1.528630,ndi
1786508737.520068,40.600678,-0.013360,-0.027960,-1.528650,ndi
1786508737.535089,40.615699,-0.013440,-0.027950,-1.528680,ndi
1786508737.552633,40.633243,-0.013510,-0.027910,-1.528710,ndi
1786508737.570065,40.650675,-0.013580,-0.027880,-1.528780,ndi
1786508737.585080,40.665690,-0.013630,-0.027870,-1.528790,ndi
1786508737.602584,40.683194,-0.013690,-0.027850,-1.528830,ndi
1786508737.620090,40.700701,-0.013750,-0.027810,-1.528900,ndi
1786508737.635089,40.715699,-0.013810,-0.027770,-1.528920,ndi
1786508737.652612,40.733222,-0.013870,-0.027770,-1.528960,ndi
1786508737.670097,40.750707,-0.013930,-0.027740,-1.528980,ndi
1786508737.685070,40.765680,-0.014000,-0.027700,-1.529010,ndi
1786508737.702570,40.783180,-0.014050,-0.027680,-1.529070,ndi
1786508737.720083,40.800693,-0.014160,-0.027670,-1.529090,ndi
1786508737.735085,40.815695,-0.014220,-0.027630,-1.529160,ndi
1786508737.752638,40.833248,-0.014310,-0.027590,-1.529200,ndi
1786508737.770066,40.850676,-0.014380,-0.027570,-1.529240,ndi
1786508737.785073,40.865683,-0.014430,-0.027560,-1.529280,ndi
1786508737.802608,40.883218,-0.014500,-0.027510,-1.529310,ndi
1786508737.820093,40.900703,-0.014570,-0.027480,-1.529350,ndi
1786508737.835073,40.915684,-0.014620,-0.027460,-1.529360,ndi
1786508737.852621,40.933231,-0.014680,-0.027440,-1.529420,ndi
1786508737.870070,40.950680,-0.014740,-0.027390,-1.529460,ndi
1786508737.885080,40.965690,-0.014810,-0.027360,-1.529470,ndi
1786508737.902573,40.983183,-0.014880,-0.027360,-1.529560,ndi
1786508737.920073,41.000683,-0.014950,-0.027320,-1.529560,ndi
1786508737.935076,41.015686,-0.014980,-0.027280,-1.529580,ndi
1786508737.952647,41.033257,-0.015050,-0.027270,-1.529610,ndi
1786508737.970101,41.050711,-0.015100,-0.027270,-1.529680,ndi
1786508737.985068,41.065678,-0.015130,-0.027220,-1.529690,ndi
1786508738.002628,41.083238,-0.015190,-0.027180,-1.529720,ndi
1786508738.020101,41.100711,-0.015250,-0.027180,-1.529760,ndi
1786508738.035076,41.115686,-0.015290,-0.027160,-1.529800,ndi
1786508738.052595,41.133205,-0.015350,-0.027120,-1.529830,ndi
1786508738.070074,41.150684,-0.015410,-0.027080,-1.529910,ndi
1786508738.085060,41.165670,-0.015450,-0.027080,-1.529910,ndi
1786508738.102592,41.183202,-0.015500,-0.027050,-1.529970,ndi
1786508738.120080,41.200690,-0.015570,-0.027010,-1.529980,ndi
1786508738.135084,41.215694,-0.015620,-0.026990,-1.530020,ndi
1786508738.152675,41.233285,-0.015680,-0.026970,-1.530050,ndi
1786508738.170087,41.250697,-0.015730,-0.026940,-1.530090,ndi
1786508738.185081,41.265691,-0.015770,-0.026900,-1.530120,ndi
1786508738.202613,41.283223,-0.015820,-0.026890,-1.530160,ndi
1786508738.220101,41.300711,-0.015890,-0.026840,-1.530200,ndi
1786508738.235090,41.315700,-0.015950,-0.026810,-1.530250,ndi
1786508738.252598,41.333208,-0.016010,-0.026780,-1.530320,ndi
1786508738.270113,41.350723,-0.016080,-0.026760,-1.530340,ndi
1786508738.285085,41.365695,-0.016130,-0.026720,-1.530350,ndi
1786508738.302590,41.383200,-0.016200,-0.026670,-1.530440,ndi
1786508738.320093,41.400703,-0.016260,-0.026650,-1.530460,ndi
1786508738.335096,41.415706,-0.016310,-0.026630,-1.530500,ndi
1786508738.352608,41.433218,-0.016370,-0.026580,-1.530560,ndi
1786508738.370097,41.450707,-0.016430,-0.026530,-1.530580,ndi
1786508738.385144,41.465754,-0.016490,-0.026520,-1.530640,ndi
1786508738.402632,41.483242,-0.016550,-0.026490,-1.530690,ndi
1786508738.420104,41.500714,-0.016620,-0.026430,-1.530730,ndi
1786508738.435091,41.515701,-0.016680,-0.026400,-1.530790,ndi
1786508738.452587,41.533197,-0.016730,-0.026380,-1.530850,ndi
1786508738.470095,41.550705,-0.016810,-0.026340,-1.530930,ndi
1786508738.485080,41.565691,-0.016850,-0.026300,-1.530950,ndi
1786508738.502578,41.583189,-0.016890,-0.026280,-1.530980,ndi
1786508738.520089,41.600699,-0.016940,-0.026260,-1.531050,ndi
1786508738.535101,41.615711,-0.016980,-0.026240,-1.531090,ndi
1786508738.552603,41.633213,-0.017030,-0.026190,-1.531120,ndi
1786508738.570109,41.650719,-0.017070,-0.026160,-1.531130,ndi
1786508738.585122,41.665732,-0.017110,-0.026150,-1.531190,ndi
1786508738.602619,41.683229,-0.017160,-0.026110,-1.531220,ndi
1786508738.620109,41.700719,-0.017210,-0.026070,-1.531270,ndi
1786508738.635100,41.715710,-0.017250,-0.026040,-1.531320,ndi
1786508738.652613,41.733223,-0.017300,-0.026020,-1.531340,ndi
1786508738.670087,41.750697,-0.017360,-0.025990,-1.531390,ndi
1786508738.685083,41.765693,-0.017400,-0.025940,-1.531430,ndi
1786508738.702615,41.783225,-0.017450,-0.025910,-1.531450,ndi
1786508738.720105,41.800715,-0.017510,-0.025900,-1.531480,ndi
1786508738.735109,41.815719,-0.017540,-0.025870,-1.531540,ndi
1786508738.752612,41.833222,-0.017590,-0.025820,-1.531580,ndi
1786508738.770110,41.850720,-0.017630,-0.025800,-1.531590,ndi
1786508738.785109,41.865719,-0.017650,-0.025800,-1.531650,ndi
1786508738.802649,41.883259,-0.017690,-0.025760,-1.531690,ndi
1786508738.820102,41.900712,-0.017730,-0.025720,-1.531730,ndi
1786508738.835104,41.915714,-0.017760,-0.025700,-1.531780,ndi
1786508738.852607,41.933217,-0.017800,-0.025690,-1.531800,ndi
1786508738.870082,41.950692,-0.017830,-0.025640,-1.531840,ndi
1786508738.885082,41.965692,-0.017870,-0.025610,-1.531880,ndi
1786508738.902608,41.983218,-0.017920,-0.025590,-1.531910,ndi
1786508738.920078,42.000688,-0.017970,-0.025560,-1.531960,ndi
1786508738.935088,42.015698,-0.017990,-0.025520,-1.532010,ndi
1786508738.952620,42.033230,-0.018050,-0.025490,-1.532080,ndi
1786508738.970132,42.050742,-0.018070,-0.025470,-1.532130,ndi
1786508738.985121,42.065731,-0.018100,-0.025440,-1.532160,ndi
1786508739.002639,42.083249,-0.018160,-0.025400,-1.532190,ndi
1786508739.020109,42.100719,-0.018190,-0.025370,-1.532210,ndi
1786508739.035114,42.115724,-0.018230,-0.025360,-1.532270,ndi
1786508739.052642,42.133252,-0.018290,-0.025310,-1.532320,ndi
1786508739.070143,42.150753,-0.018320,-0.025280,-1.532340,ndi
1786508739.085097,42.165707,-0.018360,-0.025260,-1.532380,ndi
1786508739.102614,42.183224,-0.018400,-0.025220,-1.532450,ndi
1786508739.120107,42.200717,-0.018450,-0.025180,-1.532430,ndi
1786508739.135113,42.215723,-0.018480,-0.025150,-1.532500,ndi
1786508739.152591,42.233201,-0.018510,-0.025130,-1.532550,ndi
1786508739.170141,42.250751,-0.018540,-0.025100,-1.532550,ndi
1786508739.185107,42.265717,-0.018570,-0.025070,-1.532630,ndi
1786508739.202641,42.283251,-0.018620,-0.025040,-1.532690,ndi
1786508739.220110,42.300720,-0.018640,-0.025010,-1.532710,ndi
1786508739.235116,42.315726,-0.018680,-0.024980,-1.532770,ndi
1786508739.252615,42.333225,-0.018700,-0.024950,-1.532800,ndi
1786508739.270096,42.350706,-0.018730,-0.024930,-1.532820,ndi
1786508739.285106,42.365716,-0.018780,-0.024900,-1.532870,ndi
1786508739.302622,42.383232,-0.018810,-0.024860,-1.532920,ndi
1786508739.320117,42.400727,-0.018840,-0.024830,-1.532990,ndi
1786508739.335131,42.415741,-0.018880,-0.024820,-1.533020,ndi
1786508739.352612,42.433222,-0.018900,-0.024780,-1.533040,ndi
1786508739.370146,42.450756,-0.018940,-0.024740,-1.533100,ndi
1786508739.385168,42.465778,-0.018970,-0.024720,-1.533110,ndi
1786508739.402636,42.483246,-0.019000,-0.024700,-1.533160,ndi
1786508739.420112,42.500722,-0.019030,-0.024660,-1.533180,ndi
1786508739.435111,42.515721,-0.019070,-0.024630,-1.533230,ndi
1786508739.452612,42.533222,-0.019080,-0.024610,-1.533290,ndi
1786508739.470097,42.550707,-0.019110,-0.024590,-1.533280,ndi
1786508739.485106,42.565716,-0.019160,-0.024560,-1.533340,ndi
1786508739.502621,42.583231,-0.019180,-0.024520,-1.533370,ndi
1786508739.520103,42.600713,-0.019230,-0.024490,-1.533420,ndi
1786508739.535098,42.615708,-0.019250,-0.024470,-1.533500,ndi
1786508739.552632,42.633242,-0.019280,-0.024430,-1.533530,ndi
1786508739.570154,42.650764,-0.019320,-0.024390,-1.533580,ndi
1786508739.585114,42.665724,-0.019350,-0.024350,-1.533610,ndi
1786508739.602647,42.683257,-0.019380,-0.024330,-1.533680,ndi
1786508739.620122,42.700732,-0.019430,-0.024290,-1.533720,ndi
1786508739.635116,42.715726,-0.019450,-0.024260,-1.533760,ndi
1786508739.652660,42.733270,-0.019480,-0.024220,-1.533840,ndi
1786508739.670450,42.751060,-0.019530,-0.024190,-1.533880,ndi
1786508739.685172,42.765782,-0.019550,-0.024150,-1.533940,ndi
1786508739.702643,42.783253,-0.019590,-0.024100,-1.534000,ndi
1786508739.720119,42.800729,-0.019640,-0.024070,-1.534080,ndi
1786508739.735122,42.815732,-0.019660,-0.024040,-1.534120,ndi
1786508739.752632,42.833242,-0.019690,-0.024010,-1.534180,ndi
1786508739.770142,42.850752,-0.019720,-0.023950,-1.534230,ndi
1786508739.785141,42.865751,-0.019750,-0.023940,-1.534270,ndi
1786508739.802634,42.883244,-0.019800,-0.023910,-1.534340,ndi
1786508739.820095,42.900705,-0.019820,-0.023850,-1.534370,ndi
1786508739.835122,42.915732,-0.019870,-0.023810,-1.534410,ndi
1786508739.852629,42.933239,-0.019890,-0.023800,-1.534440,ndi
1786508739.870133,42.950743,-0.019920,-0.023780,-1.534510,ndi
1786508739.885118,42.965728,-0.019950,-0.023720,-1.534560,ndi
1786508739.902620,42.983230,-0.019980,-0.023690,-1.534590,ndi
1786508739.920118,43.000728,-0.020000,-0.023690,-1.534630,ndi
1786508739.935109,43.015719,-0.020020,-0.023640,-1.534680,ndi
1786508739.952634,43.033244,-0.020050,-0.023600,-1.534720,ndi
1786508739.970121,43.050731,-0.020060,-0.023570,-1.534780,ndi
1786508739.985109,43.065719,-0.020080,-0.023560,-1.534820,ndi
1786508740.002626,43.083236,-0.020120,-0.023520,-1.534860,ndi
1786508740.020136,43.100746,-0.020140,-0.023480,-1.534880,ndi
1786508740.035113,43.115723,-0.020160,-0.023460,-1.534950,ndi
1786508740.052640,43.133250,-0.020180,-0.023440,-1.534950,ndi
1786508740.070163,43.150773,-0.020210,-0.023400,-1.535010,ndi
1786508740.085113,43.165723,-0.020230,-0.023370,-1.535030,ndi
1786508740.102642,43.183252,-0.020250,-0.023350,-1.535090,ndi
1786508740.120133,43.200743,-0.020280,-0.023320,-1.535140,ndi
1786508740.135146,43.215756,-0.020300,-0.023290,-1.535170,ndi
1786508740.152646,43.233256,-0.020320,-0.023250,-1.535200,ndi
1786508740.170138,43.250748,-0.020340,-0.023220,-1.535240,ndi
1786508740.185126,43.265736,-0.020360,-0.023190,-1.535300,ndi
1786508740.202649,43.283259,-0.020380,-0.023160,-1.535350,ndi
1786508740.220122,43.300732,-0.020420,-0.023120,-1.535380,ndi
1786508740.235115,43.315725,-0.020440,-0.023080,-1.535450,ndi
1786508740.252627,43.333237,-0.020470,-0.023050,-1.535500,ndi
1786508740.270167,43.350777,-0.020500,-0.023020,-1.535550,ndi
1786508740.285131,43.365741,-0.020520,-0.022980,-1.535590,ndi
1786508740.302615,43.383225,-0.020550,-0.022930,-1.535680,ndi
1786508740.320139,43.400749,-0.020580,-0.022890,-1.535730,ndi
1786508740.335150,43.415760,-0.020600,-0.022860,-1.535790,ndi
1786508740.352658,43.433268,-0.020630,-0.022800,-1.535870,ndi
1786508740.370139,43.450749,-0.020660,-0.022750,-1.535900,ndi
1786508740.385229,43.465839,-0.020680,-0.022720,-1.535940,ndi
1786508740.402626,43.483236,-0.020700,-0.022690,-1.535980,ndi
1786508740.420137,43.500747,-0.020740,-0.022630,-1.536060,ndi
1786508740.435113,43.515723,-0.020760,-0.022600,-1.536100,ndi
1786508740.452634,43.533244,-0.020780,-0.022570,-1.536140,ndi
1786508740.470203,43.550813,-0.020810,-0.022550,-1.536170,ndi
1786508740.485111,43.565721,-0.020810,-0.022520,-1.536230,ndi
1786508740.502639,43.583249,-0.020840,-0.022480,-1.536260,ndi
1786508740.520152,43.600762,-0.020860,-0.022450,-1.536320,ndi
1786508740.535138,43.615748,-0.020860,-0.022430,-1.536370,ndi
1786508740.552650,43.633260,-0.020890,-0.022390,-1.536400,ndi
1786508740.570137,43.650747,-0.020910,-0.022350,-1.536470,ndi
1786508740.585123,43.665733,-0.020910,-0.022320,-1.536510,ndi
1786508740.602629,43.683239,-0.020930,-0.022290,-1.536570,ndi
1786508740.620121,43.700731,-0.020960,-0.022250,-1.536610,ndi
1786508740.635138,43.715748,-0.020960,-0.022230,-1.536660,ndi
1786508740.652685,43.733295,-0.020990,-0.022210,-1.536680,ndi
1786508740.670282,43.750892,-0.021000,-0.022190,-1.536690,ndi
1786508740.685143,43.765753,-0.021000,-0.022180,-1.536710,ndi
1786508740.702650,43.783260,-0.021010,-0.022170,-1.536740,ndi
1786508740.720109,43.800719,-0.021010,-0.022160,-1.536730,ndi
1786508740.735148,43.815758,-0.021010,-0.022160,-1.536750,ndi
1786508740.752675,43.833285,-0.021010,-0.022160,-1.536740,ndi
1786508740.770129,43.850739,-0.021000,-0.022150,-1.536750,ndi
1786508740.785156,43.865766,-0.021010,-0.022150,-1.536740,ndi
1786508740.802651,43.883261,-0.021020,-0.022150,-1.536740,ndi
1786508740.820144,43.900754,-0.021020,-0.022150,-1.536770,ndi
1786508740.835140,43.915750,-0.021010,-0.022150,-1.536740,ndi
1786508740.852690,43.933300,-0.021010,-0.022150,-1.536760,ndi
1786508740.870153,43.950763,-0.021020,-0.022150,-1.536810,ndi
1786508740.885158,43.965768,-0.021020,-0.022140,-1.536780,ndi
1786508740.902663,43.983274,-0.021020,-0.022150,-1.536790,ndi
1786508740.920192,44.000802,-0.021010,-0.022160,-1.536770,ndi
1786508740.935160,44.015770,-0.021010,-0.022160,-1.536770,ndi
1786508740.952669,44.033279,-0.021010,-0.022140,-1.536780,ndi
1786508740.970157,44.050767,-0.021010,-0.022150,-1.536780,ndi
1786508740.985150,44.065760,-0.021020,-0.022170,-1.536770,ndi
1786508741.002702,44.083312,-0.021010,-0.022150,-1.536780,ndi
1786508741.020159,44.100769,-0.021010,-0.022140,-1.536770,ndi
1786508741.035162,44.115772,-0.021020,-0.022150,-1.536780,ndi
1786508741.052708,44.133318,-0.021010,-0.022160,-1.536770,ndi
1786508741.070143,44.150753,-0.021020,-0.022140,-1.536750,ndi
1786508741.085175,44.165785,-0.021020,-0.022130,-1.536750,ndi
1786508741.102664,44.183274,-0.021010,-0.022150,-1.536770,ndi
1786508741.120169,44.200779,-0.021010,-0.022160,-1.536750,ndi
1786508741.135162,44.215772,-0.021010,-0.022140,-1.536730,ndi
1786508741.152694,44.233304,-0.021010,-0.022140,-1.536750,ndi
1786508741.170156,44.250766,-0.021010,-0.022150,-1.536730,ndi
1786508741.185156,44.265766,-0.021010,-0.022150,-1.536740,ndi
1786508741.202710,44.283320,-0.021020,-0.022130,-1.536740,ndi
1786508741.220146,44.300756,-0.021020,-0.022140,-1.536740,ndi
1786508741.235178,44.315788,-0.021020,-0.022160,-1.536760,ndi
1786508741.252676,44.333286,-0.021020,-0.022150,-1.536750,ndi
1786508741.270139,44.350749,-0.021030,-0.022130,-1.536740,ndi
1786508741.285140,44.365750,-0.021020,-0.022150,-1.536750,ndi
1786508741.302646,44.383256,-0.021010,-0.022160,-1.536750,ndi
1786508741.320170,44.400780,-0.021010,-0.022140,-1.536730,ndi
1786508741.335169,44.415779,-0.021010,-0.022130,-1.536730,ndi
1786508741.352681,44.433291,-0.021010,-0.022150,-1.536700,ndi
1786508741.370140,44.450750,-0.021020,-0.022160,-1.536760,ndi
1786508741.385211,44.465821,-0.021010,-0.022140,-1.536740,ndi
1786508741.402655,44.483265,-0.021020,-0.022140,-1.536750,ndi
1786508741.420132,44.500742,-0.021010,-0.022160,-1.536730,ndi
1786508741.435157,44.515767,-0.021010,-0.022160,-1.536740,ndi
1786508741.452671,44.533281,-0.021020,-0.022140,-1.536750,ndi
1786508741.470134,44.550745,-0.021020,-0.022140,-1.536750,ndi
1786508741.485148,44.565758,-0.021020,-0.022160,-1.536790,ndi
1786508741.502672,44.583282,-0.021030,-0.022160,-1.536750,ndi
1786508741.520184,44.600794,-0.021010,-0.022140,-1.536730,ndi
1786508741.535160,44.615770,-0.021020,-0.022140,-1.536730,ndi
1786508741.552689,44.633299,-0.021020,-0.022150,-1.536750,ndi
1786508741.570153,44.650763,-0.021010,-0.022150,-1.536720,ndi
1786508741.585161,44.665771,-0.021020,-0.022140,-1.536750,ndi
1786508741.602652,44.683262,-0.021020,-0.022140,-1.536760,ndi
1786508741.620129,44.700739,-0.021020,-0.022160,-1.536750,ndi
1786508741.635152,44.715762,-0.021020,-0.022150,-1.536750,ndi
1786508741.652685,44.733295,-0.021020,-0.022140,-1.536750,ndi
1786508741.670156,44.750766,-0.021030,-0.022140,-1.536740,ndi
1786508741.685151,44.765761,-0.021020,-0.022150,-1.536750,ndi
1786508741.702720,44.783330,-0.021010,-0.022150,-1.536740,ndi
1786508741.720176,44.800786,-0.021010,-0.022130,-1.536750,ndi
1786508741.735162,44.815772,-0.021020,-0.022140,-1.536750,ndi
1786508741.752671,44.833281,-0.021010,-0.022150,-1.536750,ndi
1786508741.770140,44.850750,-0.021000,-0.022150,-1.536740,ndi
1786508741.785167,44.865777,-0.021020,-0.022130,-1.536740,ndi
1786508741.802666,44.883276,-0.021010,-0.022140,-1.536780,ndi
1786508741.820172,44.900782,-0.021020,-0.022150,-1.536760,ndi
1786508741.835160,44.915770,-0.021030,-0.022150,-1.536740,ndi
1786508741.852670,44.933280,-0.021010,-0.022140,-1.536750,ndi
1786508741.870153,44.950763,-0.021020,-0.022150,-1.536760,ndi
1786508741.885140,44.965750,-0.021010,-0.022150,-1.536750,ndi
1786508741.902709,44.983319,-0.021010,-0.022140,-1.536740,ndi
1786508741.920189,45.000799,-0.021010,-0.022140,-1.536760,ndi
1786508741.935176,45.015786,-0.021010,-0.022140,-1.536740,ndi
1786508741.952688,45.033298,-0.021010,-0.022150,-1.536750,ndi
1786508741.970190,45.050800,-0.021010,-0.022140,-1.536760,ndi
1786508741.985150,45.065760,-0.021010,-0.022140,-1.536750,ndi
1786508742.002665,45.083275,-0.021000,-0.022150,-1.536750,ndi
1786508742.020152,45.100762,-0.021020,-0.022140,-1.536750,ndi
1786508742.035157,45.115767,-0.021020,-0.022140,-1.536740,ndi
1786508742.052670,45.133280,-0.021020,-0.022140,-1.536750,ndi
1786508742.070133,45.150743,-0.021020,-0.022150,-1.536750,ndi
1786508742.085191,45.165801,-0.021020,-0.022140,-1.536760,ndi
1786508742.102677,45.183287,-0.021000,-0.022140,-1.536770,ndi
1786508742.120171,45.200781,-0.021010,-0.022150,-1.536740,ndi
1786508742.135153,45.215763,-0.021010,-0.022150,-1.536760,ndi
1786508742.152696,45.233306,-0.021000,-0.022150,-1.536760,ndi
1786508742.170156,45.250766,-0.021020,-0.022150,-1.536780,ndi
1786508742.185167,45.265777,-0.021010,-0.022150,-1.536750,ndi
1786508742.202657,45.283267,-0.021010,-0.022150,-1.536770,ndi
1786508742.220150,45.300760,-0.021020,-0.022140,-1.536760,ndi
1786508742.235174,45.315784,-0.021020,-0.022150,-1.536760,ndi
1786508742.252650,45.333260,-0.021020,-0.022150,-1.536750,ndi
1786508742.270166,45.350776,-0.021020,-0.022140,-1.536770,ndi
1786508742.285216,45.365826,-0.021010,-0.022140,-1.536760,ndi
1786508742.302710,45.383320,-0.021010,-0.022160,-1.536750,ndi
1786508742.320175,45.400785,-0.021020,-0.022150,-1.536760,ndi
1786508742.335184,45.415794,-0.021010,-0.022130,-1.536750,ndi
1786508742.352663,45.433273,-0.021010,-0.022140,-1.536740,ndi
1786508742.370156,45.450766,-0.021030,-0.022160,-1.536740,ndi
1786508742.385206,45.465816,-0.021010,-0.022150,-1.536770,ndi
1786508742.402680,45.483290,-0.021020,-0.022140,-1.536760,ndi
1786508742.420171,45.500781,-0.021030,-0.022150,-1.536760,ndi
1786508742.435152,45.515762,-0.021020,-0.022160,-1.536760,ndi
1786508742.452680,45.533290,-0.021030,-0.022140,-1.536750,ndi
1786508742.470150,45.550760,-0.021020,-0.022130,-1.536770,ndi
1786508742.485247,45.565857,-0.021010,-0.022150,-1.536740,ndi
1786508742.502725,45.583335,-0.021010,-0.022150,-1.536730,ndi
1786508742.520208,45.600818,-0.021020,-0.022140,-1.536740,ndi
1786508742.535194,45.615804,-0.021010,-0.022130,-1.536760,ndi
1786508742.552675,45.633285,-0.021020,-0.022150,-1.536750,ndi
1786508742.570178,45.650788,-0.021020,-0.022150,-1.536750,ndi
1786508742.585155,45.665765,-0.021010,-0.022140,-1.536730,ndi
1786508742.602682,45.683292,-0.021030,-0.022140,-1.536750,ndi
1786508742.620177,45.700787,-0.021030,-0.022150,-1.536740,ndi
1786508742.635167,45.715777,-0.021020,-0.022160,-1.536760,ndi
1786508742.652686,45.733296,-0.021030,-0.022140,-1.536760,ndi
1786508742.670149,45.750759,-0.021030,-0.022130,-1.536720,ndi
1786508742.685335,45.765945,-0.021020,-0.022150,-1.536750,ndi
1786508742.702716,45.783326,-0.021020,-0.022160,-1.536750,ndi
1786508742.720186,45.800796,-0.021010,-0.022150,-1.536760,ndi
1786508742.735180,45.815790,-0.021020,-0.022130,-1.536740,ndi
1786508742.752681,45.833291,-0.021020,-0.022150,-1.536760,ndi
1786508742.770187,45.850797,-0.021020,-0.022160,-1.536750,ndi
1786508742.785152,45.865762,-0.021020,-0.022140,-1.536750,ndi
1786508742.802672,45.883282,-0.021020,-0.022140,-1.536760,ndi
1786508742.820171,45.900781,-0.021030,-0.022160,-1.536750,ndi
1786508742.835170,45.915780,-0.021030,-0.022160,-1.536760,ndi
1786508742.852677,45.933287,-0.021030,-0.022140,-1.536770,ndi
1786508742.870198,45.950808,-0.021010,-0.022140,-1.536740,ndi
1786508742.885192,45.965802,-0.021010,-0.022160,-1.536760,ndi
1786508742.902708,45.983318,-0.021020,-0.022160,-1.536780,ndi
1786508742.920180,46.000790,-0.021010,-0.022130,-1.536790,ndi
1786508742.935166,46.015776,-0.021010,-0.022140,-1.536760,ndi
1786508742.952721,46.033331,-0.021020,-0.022160,-1.536780,ndi
1786508742.970149,46.050759,-0.021030,-0.022160,-1.536760,ndi
1786508742.985156,46.065766,-0.021030,-0.022130,-1.536750,ndi
1786508743.002672,46.083282,-0.021030,-0.022140,-1.536740,ndi
1786508743.020162,46.100772,-0.021030,-0.022170,-1.536760,ndi
1786508743.035197,46.115807,-0.021030,-0.022150,-1.536780,ndi
1786508743.052702,46.133312,-0.021020,-0.022140,-1.536770,ndi
1786508743.070189,46.150799,-0.021020,-0.022150,-1.536770,ndi
1786508743.085167,46.165777,-0.021010,-0.022160,-1.536760,ndi
1786508743.102718,46.183328,-0.021010,-0.022150,-1.536760,ndi
1786508743.120191,46.200801,-0.021010,-0.022140,-1.536760,ndi
1786508743.135199,46.215809,-0.021010,-0.022150,-1.536760,ndi
1786508743.152714,46.233324,-0.021020,-0.022160,-1.536740,ndi
1786508743.170180,46.250790,-0.021010,-0.022150,-1.536730,ndi
1786508743.185184,46.265794,-0.021020,-0.022140,-1.536740,ndi
1786508743.202697,46.283307,-0.021020,-0.022150,-1.536760,ndi
1786508743.220183,46.300793,-0.021020,-0.022150,-1.536760,ndi
1786508743.235174,46.315784,-0.021030,-0.022150,-1.536750,ndi
1786508743.252675,46.333285,-0.021020,-0.022140,-1.536740,ndi
1786508743.270193,46.350803,-0.021020,-0.022150,-1.536740,ndi
1786508743.285215,46.365825,-0.021010,-0.022150,-1.536750,ndi
1786508743.302738,46.383348,-0.021010,-0.022140,-1.536750,ndi
1786508743.320212,46.400822,-0.021010,-0.022140,-1.536740,ndi
1786508743.335278,46.415888,-0.021020,-0.022160,-1.536740,ndi
1786508743.352696,46.433306,-0.021020,-0.022150,-1.536740,ndi
1786508743.370174,46.450784,-0.021010,-0.022140,-1.536740,ndi
1786508743.385237,46.465847,-0.021020,-0.022140,-1.536750,ndi
1786508743.402720,46.483330,-0.021020,-0.022150,-1.536740,ndi
1786508743.420170,46.500780,-0.021030,-0.022140,-1.536730,ndi
1786508743.435153,46.515763,-0.021020,-0.022150,-1.536740,ndi
1786508743.452677,46.533287,-0.021010,-0.022150,-1.536750,ndi
1786508743.470184,46.550794,-0.021030,-0.022150,-1.536750,ndi
1786508743.485183,46.565793,-0.021020,-0.022140,-1.536730,ndi
1786508743.502722,46.583332,-0.021010,-0.022140,-1.536730,ndi
1786508743.520189,46.600799,-0.021030,-0.022150,-1.536760,ndi
1786508743.535184,46.615794,-0.021010,-0.022150,-1.536760,ndi
1786508743.552706,46.633316,-0.021020,-0.022140,-1.536740,ndi
1786508743.570174,46.650784,-0.021030,-0.022140,-1.536760,ndi
1786508743.585188,46.665798,-0.021010,-0.022140,-1.536760,ndi
1786508743.602713,46.683323,-0.021030,-0.022150,-1.536770,ndi
1786508743.620173,46.700783,-0.021040,-0.022140,-1.536740,ndi
1786508743.635163,46.715773,-0.021020,-0.022140,-1.536750,ndi
1786508743.652728,46.733338,-0.021020,-0.022140,-1.536740,ndi
1786508743.670173,46.750783,-0.021010,-0.022150,-1.536730,ndi
1786508743.685191,46.765801,-0.021010,-0.022140,-1.536740,ndi
1786508743.702755,46.783365,-0.021030,-0.022140,-1.536760,ndi
1786508743.720184,46.800794,-0.021020,-0.022160,-1.536760,ndi
1786508743.735205,46.815815,-0.021020,-0.022150,-1.536750,ndi
1786508743.752695,46.833305,-0.021020,-0.022140,-1.536750,ndi
1786508743.770198,46.850808,-0.021030,-0.022140,-1.536760,ndi
1786508743.785188,46.865798,-0.021030,-0.022150,-1.536760,ndi
1786508743.802709,46.883319,-0.021030,-0.022150,-1.536740,ndi
1786508743.820197,46.900807,-0.021030,-0.022140,-1.536770,ndi
1786508743.835178,46.915788,-0.021020,-0.022150,-1.536740,ndi
1786508743.852722,46.933332,-0.021020,-0.022150,-1.536740,ndi
1786508743.870193,46.950804,-0.021020,-0.022140,-1.536760,ndi
1786508743.885196,46.965806,-0.021010,-0.022130,-1.536750,ndi
