stamp,elapsed,x,y,z,frame_id
1786509833.820349,0.000000,-0.008430,-0.044310,-1.558020,ndi
1786509833.836586,0.016238,-0.008430,-0.044310,-1.558020,ndi
1786509833.851595,0.031247,-0.008430,-0.044310,-1.557980,ndi
1786509833.869042,0.048693,-0.008430,-0.044300,-1.558020,ndi
1786509833.886548,0.066199,-0.008420,-0.044310,-1.558000,ndi
1786509833.901606,0.081258,-0.008410,-0.044310,-1.558010,ndi
1786509833.919074,0.098725,-0.008420,-0.044310,-1.558010,ndi
1786509833.936570,0.116222,-0.008420,-0.044300,-1.558020,ndi
1786509833.951571,0.131222,-0.008420,-0.044310,-1.558010,ndi
1786509833.969179,0.148831,-0.008420,-0.044320,-1.558000,ndi
1786509833.986578,0.166230,-0.008430,-0.044310,-1.558020,ndi
1786509834.001607,0.181259,-0.008430,-0.044300,-1.558000,ndi
1786509834.019104,0.198756,-0.008430,-0.044310,-1.558000,ndi
1786509834.036558,0.216210,-0.008420,-0.044310,-1.558040,ndi
1786509834.051593,0.231244,-0.008440,-0.044310,-1.558020,ndi
1786509834.069027,0.248679,-0.008430,-0.044310,-1.558010,ndi
1786509834.086573,0.266224,-0.008410,-0.044310,-1.558020,ndi
1786509834.101586,0.281237,-0.008420,-0.044310,-1.558000,ndi
1786509834.119075,0.298727,-0.008420,-0.044300,-1.558000,ndi
1786509834.136571,0.316223,-0.008410,-0.044310,-1.558030,ndi
1786509834.151582,0.331234,-0.008430,-0.044320,-1.558020,ndi
1786509834.169072,0.348724,-0.008420,-0.044310,-1.558010,ndi
1786509834.186595,0.366246,-0.008400,-0.044300,-1.557990,ndi
1786509834.201682,0.381333,-0.008430,-0.044300,-1.558010,ndi
1786509834.219118,0.398770,-0.008420,-0.044310,-1.558000,ndi
1786509834.236610,0.416261,-0.008410,-0.044310,-1.558030,ndi
1786509834.251608,0.431259,-0.008430,-0.044300,-1.558010,ndi
1786509834.269087,0.448739,-0.008400,-0.044310,-1.557990,ndi
1786509834.286571,0.466222,-0.008420,-0.044310,-1.558020,ndi
1786509834.301607,0.481259,-0.008420,-0.044310,-1.558010,ndi
1786509834.319092,0.498744,-0.008410,-0.044300,-1.558020,ndi
1786509834.336596,0.516248,-0.008420,-0.044310,-1.558000,ndi
1786509834.351562,0.531213,-0.008410,-0.044320,-1.557990,ndi
1786509834.369075,0.548726,-0.008410,-0.044300,-1.557990,ndi
1786509834.386586,0.566237,-0.008420,-0.044300,-1.557980,ndi
1786509834.401698,0.581349,-0.008430,-0.044310,-1.558010,ndi
1786509834.419089,0.598740,-0.008420,-0.044320,-1.558010,ndi
1786509834.436583,0.616234,-0.008430,-0.044310,-1.557990,ndi
1786509834.451541,0.631193,-0.008430,-0.044310,-1.557990,ndi
1786509834.469059,0.648711,-0.008410,-0.044310,-1.558040,ndi
1786509834.486578,0.666230,-0.008420,-0.044310,-1.557990,ndi
1786509834.501608,0.681259,-0.008420,-0.044300,-1.557990,ndi
1786509834.519094,0.698745,-0.008410,-0.044310,-1.558010,ndi
1786509834.536562,0.716213,-0.008430,-0.044310,-1.558010,ndi
1786509834.551595,0.731246,-0.008420,-0.044310,-1.558010,ndi
1786509834.569074,0.748725,-0.008420,-0.044300,-1.558010,ndi
1786509834.586578,0.766230,-0.008430,-0.044310,-1.558010,ndi
1786509834.601590,0.781241,-0.008420,-0.044310,-1.557980,ndi
1786509834.619084,0.798736,-0.008420,-0.044310,-1.557990,ndi
1786509834.636536,0.816188,-0.008430,-0.044310,-1.558000,ndi
1786509834.651573,0.831224,-0.008420,-0.044310,-1.558000,ndi
1786509834.669024,0.848675,-0.008420,-0.044310,-1.558000,ndi
1786509834.686617,0.866269,-0.008410,-0.044310,-1.558000,ndi
1786509834.701594,0.881246,-0.008420,-0.044310,-1.558000,ndi
1786509834.719064,0.898715,-0.008430,-0.044310,-1.557990,ndi
1786509834.736561,0.916213,-0.008420,-0.044310,-1.557990,ndi
1786509834.751556,0.931207,-0.008420,-0.044310,-1.557970,ndi
1786509834.769073,0.948725,-0.008430,-0.044310,-1.558010,ndi
1786509834.786626,0.966278,-0.008430,-0.044310,-1.558010,ndi
1786509834.801569,0.981221,-0.008410,-0.044310,-1.557990,ndi
1786509834.819064,0.998715,-0.008430,-0.044310,-1.558010,ndi
1786509834.836531,1.016183,-0.008440,-0.044310,-1.558020,ndi
1786509834.851543,1.031195,-0.008400,-0.044310,-1.558010,ndi
1786509834.869087,1.048738,-0.008430,-0.044310,-1.557990,ndi
1786509834.886595,1.066247,-0.008420,-0.044310,-1.557980,ndi
1786509834.901591,1.081242,-0.008410,-0.044310,-1.558030,ndi
1786509834.919091,1.098742,-0.008430,-0.044310,-1.558000,ndi
1786509834.936531,1.116183,-0.008410,-0.044310,-1.558000,ndi
1786509834.951589,1.131241,-0.008420,-0.044310,-1.557990,ndi
1786509834.969091,1.148742,-0.008430,-0.044310,-1.557990,ndi
1786509834.986582,1.166233,-0.008430,-0.044310,-1.558010,ndi
1786509835.001580,1.181231,-0.008420,-0.044310,-1.557990,ndi
1786509835.019080,1.198732,-0.008430,-0.044310,-1.557990,ndi
1786509835.036531,1.216183,-0.008430,-0.044310,-1.558000,ndi
1786509835.051573,1.231225,-0.008410,-0.044320,-1.558030,ndi
1786509835.069067,1.248719,-0.008420,-0.044310,-1.557990,ndi
1786509835.086582,1.266234,-0.008420,-0.044310,-1.557980,ndi
1786509835.101578,1.281229,-0.008410,-0.044310,-1.557990,ndi
1786509835.119086,1.298737,-0.008410,-0.044310,-1.558000,ndi
1786509835.136553,1.316204,-0.008420,-0.044310,-1.557990,ndi
1786509835.151561,1.331213,-0.008430,-0.044310,-1.558010,ndi
1786509835.169078,1.348730,-0.008420,-0.044310,-1.558010,ndi
1786509835.186562,1.366213,-0.008420,-0.044310,-1.558000,ndi
1786509835.201572,1.381223,-0.008430,-0.044310,-1.558010,ndi
1786509835.219100,1.398751,-0.008420,-0.044310,-1.558020,ndi
1786509835.236550,1.416202,-0.008420,-0.044310,-1.558020,ndi
1786509835.251560,1.431212,-0.008420,-0.044310,-1.558010,ndi
1786509835.269083,1.448734,-0.008420,-0.044310,-1.557990,ndi
1786509835.286588,1.466239,-0.008420,-0.044310,-1.557990,ndi
1786509835.301595,1.481247,-0.008410,-0.044310,-1.557980,ndi
1786509835.319093,1.498744,-0.008420,-0.044310,-1.558000,ndi
1786509835.336558,1.516209,-0.008410,-0.044310,-1.558010,ndi
1786509835.351580,1.531232,-0.008420,-0.044310,-1.558000,ndi
1786509835.369080,1.548731,-0.008420,-0.044310,-1.558020,ndi
1786509835.386581,1.566232,-0.008420,-0.044310,-1.557990,ndi
1786509835.401588,1.581240,-0.008420,-0.044310,-1.557960,ndi
1786509835.419051,1.598702,-0.008420,-0.044310,-1.557960,ndi
1786509835.436554,1.616205,-0.008420,-0.044310,-1.558020,ndi
1786509835.451581,1.631232,-0.008410,-0.044310,-1.558010,ndi
1786509835.469115,1.648766,-0.008420,-0.044320,-1.558000,ndi
1786509835.486617,1.666268,-0.008420,-0.044300,-1.557980,ndi
1786509835.501608,1.681260,-0.008410,-0.044310,-1.557990,ndi
1786509835.519059,1.698711,-0.008420,-0.044320,-1.558000,ndi
1786509835.536567,1.716218,-0.008420,-0.044310,-1.557990,ndi
1786509835.551586,1.731238,-0.008420,-0.044300,-1.558020,ndi
1786509835.569067,1.748719,-0.008430,-0.044310,-1.558000,ndi
1786509835.586588,1.766239,-0.008430,-0.044320,-1.558000,ndi
1786509835.601585,1.781236,-0.008430,-0.044310,-1.558010,ndi
1786509835.619020,1.798672,-0.008420,-0.044300,-1.558000,ndi
1786509835.636565,1.816216,-0.008420,-0.044310,-1.558010,ndi
1786509835.651621,1.831273,-0.008420,-0.044310,-1.557990,ndi
1786509835.669073,1.848725,-0.008420,-0.044310,-1.558000,ndi
1786509835.686623,1.866275,-0.008430,-0.044300,-1.558000,ndi
1786509835.701603,1.881255,-0.008420,-0.044310,-1.558020,ndi
1786509835.719033,1.898685,-0.008410,-0.044320,-1.558010,ndi
1786509835.736574,1.916226,-0.008430,-0.044310,-1.558010,ndi
1786509835.751601,1.931253,-0.008430,-0.044300,-1.557980,ndi
1786509835.769095,1.948746,-0.008420,-0.044300,-1.558000,ndi
1786509835.786593,1.966244,-0.008420,-0.044320,-1.558010,ndi
1786509835.801609,1.981261,-0.008430,-0.044310,-1.558000,ndi
1786509835.819063,1.998714,-0.008420,-0.044310,-1.558010,ndi
1786509835.836581,2.016233,-0.008420,-0.044300,-1.558010,ndi
1786509835.851607,2.031258,-0.008420,-0.044310,-1.558020,ndi
1786509835.869097,2.048749,-0.008410,-0.044320,-1.558010,ndi
1786509835.886660,2.066312,-0.008420,-0.044300,-1.558010,ndi
1786509835.901597,2.081249,-0.008420,-0.044300,-1.558020,ndi
1786509835.919075,2.098727,-0.008420,-0.044320,-1.558020,ndi
1786509835.936573,2.116224,-0.008430,-0.044310,-1.557990,ndi
1786509835.951586,2.131237,-0.008420,-0.044300,-1.557980,ndi
1786509835.969100,2.148752,-0.008420,-0.044300,-1.557990,ndi
1786509835.986587,2.166238,-0.008420,-0.044320,-1.557980,ndi
1786509836.001627,2.181279,-0.008430,-0.044310,-1.557990,ndi
1786509836.019064,2.198715,-0.008420,-0.044300,-1.558010,ndi
1786509836.036571,2.216222,-0.008420,-0.044310,-1.557990,ndi
1786509836.051576,2.231227,-0.008420,-0.044320,-1.558020,ndi
1786509836.069093,2.248745,-0.008410,-0.044310,-1.558030,ndi
1786509836.086757,2.266408,-0.008420,-0.044300,-1.558000,ndi
1786509836.101613,2.281265,-0.008410,-0.044310,-1.558010,ndi
1786509836.119053,2.298705,-0.008420,-0.044320,-1.558000,ndi
1786509836.136599,2.316250,-0.008430,-0.044310,-1.558010,ndi
1786509836.151590,2.331242,-0.008420,-0.044300,-1.558020,ndi
1786509836.169087,2.348739,-0.008430,-0.044310,-1.557990,ndi
1786509836.186602,2.366253,-0.008420,-0.044320,-1.558010,ndi
1786509836.201589,2.381241,-0.008430,-0.044310,-1.558030,ndi
1786509836.219074,2.398725,-0.008410,-0.044300,-1.558030,ndi
1786509836.236576,2.416227,-0.008410,-0.044310,-1.558010,ndi
1786509836.251606,2.431257,-0.008420,-0.044320,-1.557990,ndi
1786509836.269099,2.448750,-0.008420,-0.044300,-1.557990,ndi
1786509836.286603,2.466255,-0.008420,-0.044300,-1.558010,ndi
1786509836.301599,2.481251,-0.008410,-0.044310,-1.557980,ndi
1786509836.319094,2.498746,-0.008410,-0.044320,-1.558000,ndi
1786509836.336590,2.516241,-0.008420,-0.044310,-1.558010,ndi
1786509836.351622,2.531273,-0.008420,-0.044310,-1.557980,ndi
1786509836.369102,2.548754,-0.008420,-0.044310,-1.558010,ndi
1786509836.386594,2.566246,-0.008420,-0.044310,-1.558010,ndi
1786509836.401530,2.581181,-0.008430,-0.044300,-1.557990,ndi
1786509836.419071,2.598722,-0.008420,-0.044310,-1.558000,ndi
1786509836.436591,2.616242,-0.008420,-0.044320,-1.558010,ndi
1786509836.451612,2.631264,-0.008420,-0.044310,-1.557980,ndi
1786509836.469098,2.648750,-0.008410,-0.044310,-1.558000,ndi
1786509836.486586,2.666238,-0.008420,-0.044300,-1.558000,ndi
1786509836.501626,2.681278,-0.008420,-0.044320,-1.558010,ndi
1786509836.519110,2.698761,-0.008420,-0.044310,-1.557990,ndi
1786509836.536629,2.716280,-0.008430,-0.044300,-1.558000,ndi
1786509836.551624,2.731275,-0.008420,-0.044300,-1.558000,ndi
1786509836.569088,2.748739,-0.008420,-0.044320,-1.558000,ndi
1786509836.586579,2.766230,-0.008430,-0.044320,-1.558000,ndi
1786509836.601599,2.781250,-0.008420,-0.044300,-1.557990,ndi
1786509836.619063,2.798714,-0.008420,-0.044310,-1.558010,ndi
1786509836.636603,2.816255,-0.008420,-0.044320,-1.557980,ndi
1786509836.651615,2.831266,-0.008420,-0.044310,-1.557980,ndi
1786509836.669082,2.848733,-0.008420,-0.044300,-1.557990,ndi
1786509836.686569,2.866220,-0.008420,-0.044310,-1.557990,ndi
1786509836.701623,2.881275,-0.008410,-0.044320,-1.558020,ndi
1786509836.719109,2.898761,-0.008420,-0.044310,-1.558000,ndi
1786509836.736681,2.916333,-0.008430,-0.044300,-1.557990,ndi
1786509836.751606,2.931257,-0.008430,-0.044310,-1.558010,ndi
1786509836.769114,2.948766,-0.008430,-0.044320,-1.558000,ndi
1786509836.786562,2.966214,-0.008420,-0.044310,-1.558020,ndi
1786509836.801652,2.981303,-0.008410,-0.044310,-1.558030,ndi
1786509836.819114,2.998766,-0.008420,-0.044310,-1.558010,ndi
1786509836.836602,3.016254,-0.008420,-0.044310,-1.557990,ndi
1786509836.851617,3.031268,-0.008420,-0.044300,-1.558010,ndi
1786509836.869085,3.048736,-0.008420,-0.044310,-1.558050,ndi
1786509836.886562,3.066214,-0.008410,-0.044320,-1.558000,ndi
1786509836.901627,3.081278,-0.008420,-0.044310,-1.558020,ndi
1786509836.919116,3.098768,-0.008430,-0.044300,-1.557980,ndi
1786509836.936602,3.116253,-0.008430,-0.044310,-1.557990,ndi
1786509836.951606,3.131257,-0.008430,-0.044310,-1.558000,ndi
1786509836.969102,3.148753,-0.008430,-0.044310,-1.558010,ndi
1786509836.986570,3.166222,-0.008420,-0.044310,-1.558020,ndi
1786509837.001583,3.181234,-0.008410,-0.044310,-1.558040,ndi
1786509837.019104,3.198756,-0.008420,-0.044310,-1.558000,ndi
1786509837.036614,3.216265,-0.008420,-0.044310,-1.558000,ndi
1786509837.051628,3.231279,-0.008410,-0.044300,-1.557990,ndi
1786509837.069126,3.248777,-0.008420,-0.044310,-1.557990,ndi
1786509837.086616,3.266267,-0.008420,-0.044320,-1.558010,ndi
1786509837.101650,3.281301,-0.008420,-0.044310,-1.558000,ndi
1786509837.119118,3.298770,-0.008430,-0.044300,-1.558000,ndi
1786509837.136614,3.316266,-0.008430,-0.044310,-1.558000,ndi
1786509837.151632,3.331283,-0.008420,-0.044310,-1.558020,ndi
1786509837.169083,3.348735,-0.008430,-0.044310,-1.558000,ndi
1786509837.186584,3.366235,-0.008420,-0.044300,-1.557990,ndi
1786509837.201597,3.381249,-0.008420,-0.044310,-1.557990,ndi
1786509837.219119,3.398771,-0.008420,-0.044320,-1.558000,ndi
1786509837.236604,3.416255,-0.008410,-0.044310,-1.557980,ndi
1786509837.251609,3.431260,-0.008420,-0.044300,-1.558010,ndi
1786509837.269097,3.448748,-0.008420,-0.044310,-1.558000,ndi
1786509837.286583,3.466235,-0.008420,-0.044320,-1.558000,ndi
1786509837.301645,3.481296,-0.008430,-0.044300,-1.558000,ndi
1786509837.319138,3.498789,-0.008430,-0.044300,-1.557990,ndi
1786509837.336636,3.516288,-0.008430,-0.044320,-1.558000,ndi
1786509837.351649,3.531301,-0.008420,-0.044310,-1.557970,ndi
1786509837.369107,3.548758,-0.008410,-0.044300,-1.557970,ndi
1786509837.386591,3.566242,-0.008410,-0.044300,-1.558000,ndi
1786509837.401614,3.581265,-0.008410,-0.044290,-1.558080,ndi
1786509837.419118,3.598769,-0.008440,-0.044260,-1.558110,ndi
1786509837.436610,3.616261,-0.008480,-0.044240,-1.558130,ndi
1786509837.451791,3.631442,-0.008510,-0.044230,-1.558170,ndi
1786509837.469061,3.648712,-0.008500,-0.044240,-1.558180,ndi
1786509837.486598,3.666249,-0.008500,-0.044230,-1.558180,ndi
1786509837.501810,3.681461,-0.008520,-0.044220,-1.558190,ndi
1786509837.519133,3.698785,-0.008540,-0.044220,-1.558170,ndi
1786509837.536626,3.716277,-0.008550,-0.044230,-1.558170,ndi
1786509837.551611,3.731262,-0.008530,-0.044230,-1.558160,ndi
1786509837.569080,3.748731,-0.008530,-0.044240,-1.558130,ndi
1786509837.586598,3.766250,-0.008530,-0.044250,-1.558160,ndi
1786509837.601629,3.781281,-0.008540,-0.044250,-1.558130,ndi
1786509837.619125,3.798776,-0.008540,-0.044250,-1.558110,ndi
1786509837.636624,3.816275,-0.008510,-0.044270,-1.558100,ndi
1786509837.651646,3.831297,-0.008520,-0.044270,-1.558100,ndi
1786509837.669102,3.848754,-0.008530,-0.044270,-1.558070,ndi
1786509837.686611,3.866263,-0.008520,-0.044280,-1.558020,ndi
1786509837.701669,3.881321,-0.008540,-0.044290,-1.558000,ndi
1786509837.719133,3.898785,-0.008520,-0.044310,-1.557980,ndi
1786509837.736625,3.916276,-0.008510,-0.044300,-1.557950,ndi
1786509837.751643,3.931295,-0.008540,-0.044300,-1.557940,ndi
1786509837.769072,3.948724,-0.008530,-0.044320,-1.557940,ndi
1786509837.786585,3.966236,-0.008510,-0.044320,-1.557900,ndi
1786509837.801627,3.981279,-0.008500,-0.044320,-1.557870,ndi
1786509837.819114,3.998766,-0.008510,-0.044320,-1.557840,ndi
1786509837.836604,4.016255,-0.008520,-0.044330,-1.557790,ndi
1786509837.851638,4.031290,-0.008510,-0.044340,-1.557800,ndi
1786509837.869112,4.048764,-0.008500,-0.044330,-1.557750,ndi
1786509837.886615,4.066266,-0.008510,-0.044330,-1.557760,ndi
1786509837.901714,4.081365,-0.008520,-0.044350,-1.557740,ndi
1786509837.919142,4.098794,-0.008520,-0.044350,-1.557680,ndi
1786509837.936636,4.116288,-0.008500,-0.044350,-1.557690,ndi
1786509837.951631,4.131283,-0.008510,-0.044350,-1.557680,ndi
1786509837.969096,4.148748,-0.008500,-0.044370,-1.557650,ndi
1786509837.986610,4.166261,-0.008500,-0.044380,-1.557620,ndi
1786509838.001633,4.181285,-0.008510,-0.044370,-1.557610,ndi
1786509838.019130,4.198781,-0.008490,-0.044380,-1.557570,ndi
1786509838.036608,4.216260,-0.008500,-0.044390,-1.557560,ndi
1786509838.051635,4.231287,-0.008490,-0.044390,-1.557500,ndi
1786509838.069101,4.248752,-0.008500,-0.044360,-1.557520,ndi
1786509838.086611,4.266263,-0.008510,-0.044340,-1.557480,ndi
1786509838.101763,4.281414,-0.008510,-0.044320,-1.557480,ndi
1786509838.119140,4.298791,-0.008520,-0.044260,-1.557470,ndi
1786509838.136632,4.316283,-0.008540,-0.044220,-1.557440,ndi
1786509838.151624,4.331275,-0.008540,-0.044210,-1.557420,ndi
1786509838.169107,4.348758,-0.008520,-0.044170,-1.557350,ndi
1786509838.186630,4.366282,-0.008540,-0.044110,-1.557350,ndi
1786509838.201644,4.381296,-0.008550,-0.044070,-1.557330,ndi
1786509838.219126,4.398777,-0.008550,-0.044050,-1.557300,ndi
1786509838.236637,4.416289,-0.008570,-0.044010,-1.557260,ndi
1786509838.251602,4.431253,-0.008560,-0.043950,-1.557250,ndi
1786509838.269111,4.448762,-0.008580,-0.043920,-1.557160,ndi
1786509838.286654,4.466305,-0.008600,-0.043910,-1.557160,ndi
1786509838.301632,4.481284,-0.008600,-0.043870,-1.557150,ndi
1786509838.319166,4.498818,-0.008600,-0.043820,-1.557110,ndi
1786509838.336639,4.516290,-0.008610,-0.043810,-1.557080,ndi
1786509838.351640,4.531291,-0.008610,-0.043820,-1.557100,ndi
1786509838.369101,4.548752,-0.008610,-0.043810,-1.557070,ndi
1786509838.386673,4.566324,-0.008610,-0.043790,-1.557050,ndi
1786509838.401649,4.581300,-0.008600,-0.043800,-1.557080,ndi
1786509838.419142,4.598793,-0.008600,-0.043790,-1.557020,ndi
1786509838.436638,4.616290,-0.008630,-0.043730,-1.556950,ndi
1786509838.451650,4.631302,-0.008630,-0.043680,-1.556930,ndi
1786509838.469130,4.648781,-0.008650,-0.043630,-1.556840,ndi
1786509838.486664,4.666315,-0.008660,-0.043590,-1.556790,ndi
1786509838.501626,4.681278,-0.008660,-0.043540,-1.556760,ndi
1786509838.519142,4.698793,-0.008690,-0.043480,-1.556770,ndi
1786509838.536629,4.716280,-0.008700,-0.043450,-1.556730,ndi
1786509838.551672,4.731324,-0.008690,-0.043420,-1.556690,ndi
1786509838.569112,4.748764,-0.008700,-0.043350,-1.556640,ndi
1786509838.586617,4.766268,-0.008710,-0.043310,-1.556620,ndi
1786509838.601638,4.781289,-0.008730,-0.043290,-1.556580,ndi
1786509838.619147,4.798799,-0.008730,-0.043250,-1.556520,ndi
1786509838.636634,4.816285,-0.008730,-0.043190,-1.556520,ndi
1786509838.651702,4.831353,-0.008740,-0.043170,-1.556460,ndi
1786509838.669139,4.848790,-0.008760,-0.043140,-1.556460,ndi
1786509838.686714,4.866365,-0.008770,-0.043110,-1.556420,ndi
1786509838.701632,4.881284,-0.008770,-0.043060,-1.556410,ndi
1786509838.719150,4.898802,-0.008780,-0.043030,-1.556380,ndi
1786509838.736613,4.916264,-0.008780,-0.043000,-1.556330,ndi
1786509838.751601,4.931253,-0.008780,-0.042970,-1.556300,ndi
1786509838.769146,4.948798,-0.008800,-0.042920,-1.556320,ndi
1786509838.786641,4.966292,-0.008800,-0.042910,-1.556290,ndi
1786509838.801682,4.981334,-0.008810,-0.042900,-1.556280,ndi
1786509838.819153,4.998804,-0.008810,-0.042870,-1.556280,ndi
1786509838.836622,5.016273,-0.008820,-0.042850,-1.556280,ndi
1786509838.851640,5.031292,-0.008820,-0.042860,-1.556280,ndi
1786509838.869133,5.048785,-0.008820,-0.042830,-1.556250,ndi
1786509838.886755,5.066407,-0.008850,-0.042780,-1.556230,ndi
1786509838.901628,5.081280,-0.008840,-0.042750,-1.556190,ndi
1786509838.919152,5.098804,-0.008870,-0.042720,-1.556150,ndi
1786509838.936596,5.116248,-0.008860,-0.042690,-1.556150,ndi
1786509838.951652,5.131304,-0.008840,-0.042650,-1.556120,ndi
1786509838.969146,5.148797,-0.008860,-0.042610,-1.556070,ndi
1786509838.986625,5.166277,-0.008880,-0.042580,-1.556090,ndi
1786509839.001653,5.181304,-0.008880,-0.042550,-1.556040,ndi
1786509839.019143,5.198794,-0.008890,-0.042500,-1.556020,ndi
1786509839.036625,5.216276,-0.008900,-0.042470,-1.555980,ndi
1786509839.051636,5.231287,-0.008910,-0.042450,-1.555950,ndi
1786509839.069121,5.248773,-0.008920,-0.042400,-1.555930,ndi
1786509839.086762,5.266413,-0.008930,-0.042360,-1.555940,ndi
1786509839.101631,5.281283,-0.008930,-0.042340,-1.555900,ndi
1786509839.119141,5.298793,-0.008940,-0.042300,-1.555880,ndi
1786509839.136633,5.316285,-0.008950,-0.042250,-1.555850,ndi
1786509839.151639,5.331291,-0.008950,-0.042200,-1.555810,ndi
1786509839.169169,5.348821,-0.008960,-0.042170,-1.555770,ndi
1786509839.186640,5.366292,-0.008960,-0.042150,-1.555750,ndi
1786509839.201659,5.381310,-0.008970,-0.042110,-1.555730,ndi
1786509839.219143,5.398795,-0.008990,-0.042060,-1.555710,ndi
1786509839.236635,5.416286,-0.009000,-0.042040,-1.555680,ndi
1786509839.251657,5.431308,-0.009010,-0.042030,-1.555680,ndi
1786509839.269150,5.448801,-0.009010,-0.041970,-1.555610,ndi
1786509839.286644,5.466295,-0.009020,-0.041890,-1.555530,ndi
1786509839.301669,5.481321,-0.009050,-0.041790,-1.555400,ndi
1786509839.319135,5.498786,-0.009070,-0.041760,-1.555380,ndi
1786509839.336640,5.516292,-0.009050,-0.041700,-1.555340,ndi
1786509839.351653,5.531305,-0.009050,-0.041670,-1.555320,ndi
1786509839.369152,5.548804,-0.009070,-0.041660,-1.555300,ndi
1786509839.386653,5.566305,-0.009080,-0.041610,-1.555240,ndi
1786509839.401654,5.581306,-0.009090,-0.041560,-1.555240,ndi
1786509839.419108,5.598759,-0.009090,-0.041530,-1.555200,ndi
1786509839.436672,5.616324,-0.009100,-0.041490,-1.555140,ndi
1786509839.451663,5.631314,-0.009120,-0.041460,-1.555120,ndi
1786509839.469161,5.648812,-0.009140,-0.041400,-1.555070,ndi
1786509839.486658,5.666309,-0.009150,-0.041370,-1.555040,ndi
1786509839.501643,5.681294,-0.009140,-0.041350,-1.554990,ndi
1786509839.519125,5.698776,-0.009150,-0.041300,-1.554960,ndi
1786509839.536627,5.716279,-0.009150,-0.041260,-1.554940,ndi
1786509839.551682,5.731333,-0.009170,-0.041230,-1.554940,ndi
1786509839.569134,5.748786,-0.009180,-0.041190,-1.554870,ndi
1786509839.586648,5.766299,-0.009190,-0.041150,-1.554840,ndi
1786509839.601647,5.781298,-0.009190,-0.041120,-1.554840,ndi
1786509839.619242,5.798893,-0.009210,-0.041070,-1.554810,ndi
1786509839.636685,5.816337,-0.009240,-0.041030,-1.554760,ndi
1786509839.651679,5.831331,-0.009250,-0.041000,-1.554750,ndi
1786509839.669136,5.848788,-0.009250,-0.040950,-1.554720,ndi
1786509839.686651,5.866302,-0.009270,-0.040910,-1.554680,ndi
1786509839.701663,5.881315,-0.009280,-0.040890,-1.554650,ndi
1786509839.719142,5.898793,-0.009290,-0.040860,-1.554630,ndi
1786509839.736632,5.916284,-0.009290,-0.040810,-1.554640,ndi
1786509839.751667,5.931319,-0.009290,-0.040790,-1.554610,ndi
1786509839.769147,5.948798,-0.009300,-0.040770,-1.554570,ndi
1786509839.786649,5.966300,-0.009330,-0.040730,-1.554560,ndi
1786509839.801648,5.981299,-0.009320,-0.040700,-1.554540,ndi
1786509839.819181,5.998832,-0.009340,-0.040670,-1.554510,ndi
1786509839.836658,6.016310,-0.009360,-0.040650,-1.554520,ndi
1786509839.851673,6.031325,-0.009370,-0.040610,-1.554450,ndi
1786509839.869162,6.048814,-0.009380,-0.040560,-1.554470,ndi
1786509839.886648,6.066300,-0.009380,-0.040550,-1.554450,ndi
1786509839.901640,6.081292,-0.009380,-0.040540,-1.554410,ndi
1786509839.919132,6.098783,-0.009400,-0.040500,-1.554410,ndi
1786509839.936642,6.116294,-0.009410,-0.040460,-1.554370,ndi
1786509839.951666,6.131317,-0.009410,-0.040460,-1.554370,ndi
1786509839.969167,6.148818,-0.009410,-0.040430,-1.554360,ndi
1786509839.986658,6.166309,-0.009420,-0.040390,-1.554360,ndi
1786509840.001677,6.181328,-0.009430,-0.040370,-1.554310,ndi
1786509840.019209,6.198861,-0.009450,-0.040330,-1.554280,ndi
1786509840.036663,6.216314,-0.009470,-0.040290,-1.554230,ndi
1786509840.051681,6.231332,-0.009480,-0.040250,-1.554240,ndi
1786509840.069167,6.248818,-0.009480,-0.040220,-1.554190,ndi
1786509840.086658,6.266310,-0.009490,-0.040180,-1.554130,ndi
1786509840.101617,6.281269,-0.009500,-0.040140,-1.554100,ndi
1786509840.119132,6.298783,-0.009500,-0.040120,-1.554080,ndi
1786509840.136672,6.316324,-0.009520,-0.040090,-1.554080,ndi
1786509840.151679,6.331330,-0.009520,-0.040020,-1.553990,ndi
1786509840.169175,6.348826,-0.009560,-0.039950,-1.553920,ndi
1786509840.186651,6.366303,-0.009580,-0.039930,-1.553900,ndi
1786509840.201631,6.381283,-0.009580,-0.039890,-1.553880,ndi
1786509840.219255,6.398906,-0.009590,-0.039850,-1.553860,ndi
1786509840.236722,6.416374,-0.009600,-0.039820,-1.553780,ndi
1786509840.251692,6.431343,-0.009630,-0.039800,-1.553770,ndi
1786509840.269151,6.448803,-0.009640,-0.039740,-1.553750,ndi
1786509840.286670,6.466321,-0.009650,-0.039700,-1.553700,ndi
1786509840.301625,6.481276,-0.009660,-0.039680,-1.553670,ndi
1786509840.319131,6.498782,-0.009670,-0.039630,-1.553660,ndi
1786509840.336669,6.516320,-0.009690,-0.039580,-1.553620,ndi
1786509840.351655,6.531306,-0.009690,-0.039550,-1.553580,ndi
1786509840.369167,6.548818,-0.009700,-0.039520,-1.553560,ndi
1786509840.386630,6.566282,-0.009710,-0.039470,-1.553510,ndi
1786509840.401648,6.581300,-0.009730,-0.039440,-1.553500,ndi
1786509840.419161,6.598812,-0.009760,-0.039400,-1.553440,ndi
1786509840.436665,6.616317,-0.009760,-0.039370,-1.553390,ndi
1786509840.451698,6.631350,-0.009770,-0.039340,-1.553380,ndi
1786509840.469182,6.648833,-0.009780,-0.039290,-1.553360,ndi
1786509840.486680,6.666332,-0.009800,-0.039260,-1.553350,ndi
1786509840.501673,6.681324,-0.009810,-0.039230,-1.553280,ndi
1786509840.519135,6.698787,-0.009800,-0.039190,-1.553270,ndi
1786509840.536673,6.716324,-0.009810,-0.039160,-1.553250,ndi
1786509840.551702,6.731353,-0.009830,-0.039130,-1.553200,ndi
1786509840.569176,6.748827,-0.009850,-0.039090,-1.553180,ndi
1786509840.586651,6.766302,-0.009860,-0.039050,-1.553190,ndi
1786509840.601665,6.781316,-0.009870,-0.039020,-1.553140,ndi
1786509840.619172,6.798824,-0.009880,-0.038990,-1.553100,ndi
1786509840.636693,6.816344,-0.009890,-0.038960,-1.553060,ndi
1786509840.651699,6.831350,-0.009910,-0.038920,-1.553010,ndi
1786509840.669180,6.848832,-0.009910,-0.038890,-1.553000,ndi
1786509840.686660,6.866311,-0.009920,-0.038860,-1.553020,ndi
1786509840.701659,6.881310,-0.009920,-0.038830,-1.552980,ndi
1786509840.719161,6.898813,-0.009940,-0.038790,-1.552940,ndi
1786509840.736669,6.916321,-0.009960,-0.038750,-1.552900,ndi
1786509840.751703,6.931355,-0.009960,-0.038720,-1.552870,ndi
1786509840.769174,6.948826,-0.009970,-0.038690,-1.552830,ndi
1786509840.786642,6.966293,-0.010000,-0.038650,-1.552810,ndi
1786509840.801681,6.981332,-0.010010,-0.038630,-1.552790,ndi
1786509840.819189,6.998841,-0.010020,-0.038590,-1.552770,ndi
1786509840.836692,7.016343,-0.010040,-0.038550,-1.552740,ndi
1786509840.851681,7.031333,-0.010050,-0.038520,-1.552710,ndi
1786509840.869181,7.048833,-0.010070,-0.038480,-1.552660,ndi
1786509840.886646,7.066298,-0.010080,-0.038440,-1.552630,ndi
1786509840.901674,7.081325,-0.010080,-0.038410,-1.552610,ndi
1786509840.919190,7.098841,-0.010100,-0.038370,-1.552580,ndi
1786509840.936676,7.116327,-0.010120,-0.038330,-1.552570,ndi
1786509840.951695,7.131347,-0.010130,-0.038300,-1.552540,ndi
1786509840.969184,7.148836,-0.010140,-0.038260,-1.552510,ndi
1786509840.986658,7.166309,-0.010160,-0.038230,-1.552510,ndi
1786509841.001682,7.181333,-0.010170,-0.038200,-1.552490,ndi
1786509841.019203,7.198855,-0.010200,-0.038150,-1.552450,ndi
1786509841.036703,7.216355,-0.010210,-0.038110,-1.552420,ndi
1786509841.051688,7.231340,-0.010220,-0.038090,-1.552400,ndi
1786509841.069189,7.248841,-0.010230,-0.038060,-1.552320,ndi
1786509841.086671,7.266322,-0.010250,-0.038010,-1.552320,ndi
1786509841.101674,7.281326,-0.010250,-0.037980,-1.552320,ndi
1786509841.119183,7.298835,-0.010270,-0.037950,-1.552250,ndi
1786509841.136669,7.316321,-0.010290,-0.037910,-1.552230,ndi
1786509841.151690,7.331342,-0.010290,-0.037860,-1.552200,ndi
1786509841.169172,7.348824,-0.010320,-0.037830,-1.552180,ndi
1786509841.186656,7.366307,-0.010340,-0.037800,-1.552130,ndi
1786509841.201678,7.381330,-0.010360,-0.037770,-1.552110,ndi
1786509841.219249,7.398900,-0.010360,-0.037730,-1.552050,ndi
1786509841.236689,7.416340,-0.010390,-0.037690,-1.552020,ndi
1786509841.251696,7.431348,-0.010400,-0.037670,-1.552000,ndi
1786509841.269172,7.448824,-0.010430,-0.037630,-1.551960,ndi
1786509841.286664,7.466316,-0.010410,-0.037570,-1.551950,ndi
1786509841.301711,7.481363,-0.010450,-0.037550,-1.551940,ndi
1786509841.319186,7.498837,-0.010450,-0.037550,-1.551880,ndi
1786509841.336674,7.516326,-0.010460,-0.037500,-1.551870,ndi
1786509841.351702,7.531353,-0.010480,-0.037450,-1.551850,ndi
1786509841.369123,7.548775,-0.010490,-0.037430,-1.551790,ndi
1786509841.386697,7.566348,-0.010500,-0.037400,-1.551740,ndi
1786509841.401709,7.581361,-0.010520,-0.037360,-1.551710,ndi
1786509841.419263,7.598914,-0.010550,-0.037310,-1.551680,ndi
1786509841.436707,7.616358,-0.010550,-0.037300,-1.551670,ndi
1786509841.451717,7.631369,-0.010570,-0.037270,-1.551640,ndi
1786509841.469175,7.648826,-0.010590,-0.037200,-1.551610,ndi
1786509841.486672,7.666324,-0.010590,-0.037170,-1.551550,ndi
1786509841.501697,7.681349,-0.010620,-0.037150,-1.551550,ndi
1786509841.519193,7.698845,-0.010620,-0.037120,-1.551530,ndi
1786509841.536669,7.716320,-0.010630,-0.037090,-1.551500,ndi
1786509841.551725,7.731377,-0.010650,-0.037070,-1.551490,ndi
1786509841.569150,7.748801,-0.010650,-0.037040,-1.551480,ndi
1786509841.586663,7.766315,-0.010690,-0.037000,-1.551420,ndi
1786509841.601712,7.781363,-0.010700,-0.036970,-1.551400,ndi
1786509841.619164,7.798816,-0.010710,-0.036940,-1.551380,ndi
1786509841.636680,7.816331,-0.010720,-0.036910,-1.551350,ndi
1786509841.651665,7.831316,-0.010740,-0.036870,-1.551320,ndi
1786509841.669154,7.848806,-0.010750,-0.036830,-1.551290,ndi
1786509841.686669,7.866321,-0.010750,-0.036820,-1.551250,ndi
1786509841.701700,7.881352,-0.010780,-0.036790,-1.551270,ndi
1786509841.719190,7.898841,-0.010790,-0.036750,-1.551210,ndi
1786509841.736668,7.916319,-0.010800,-0.036710,-1.551170,ndi
1786509841.751714,7.931365,-0.010820,-0.036690,-1.551160,ndi
1786509841.769165,7.948816,-0.010830,-0.036670,-1.551130,ndi
1786509841.786659,7.966310,-0.010860,-0.036630,-1.551130,ndi
1786509841.801712,7.981364,-0.010870,-0.036580,-1.551070,ndi
1786509841.819219,7.998871,-0.010890,-0.036550,-1.551030,ndi
1786509841.836707,8.016359,-0.010910,-0.036520,-1.551020,ndi
1786509841.851692,8.031343,-0.010930,-0.036490,-1.550990,ndi
1786509841.869159,8.048810,-0.010940,-0.036430,-1.550950,ndi
1786509841.886678,8.066330,-0.010960,-0.036400,-1.550940,ndi
1786509841.901710,8.081361,-0.010970,-0.036380,-1.550920,ndi
1786509841.919182,8.098833,-0.010990,-0.036330,-1.550870,ndi
1786509841.936686,8.116337,-0.011000,-0.036280,-1.550800,ndi
1786509841.951698,8.131349,-0.011020,-0.036260,-1.550780,ndi
1786509841.969177,8.148829,-0.011040,-0.036230,-1.550740,ndi
1786509841.986681,8.166332,-0.011060,-0.036180,-1.550730,ndi
1786509842.001695,8.181347,-0.011070,-0.036140,-1.550690,ndi
1786509842.019167,8.198818,-0.011100,-0.036120,-1.550670,ndi
1786509842.036721,8.216373,-0.011110,-0.036080,-1.550610,ndi
1786509842.051662,8.231314,-0.011130,-0.036050,-1.550620,ndi
1786509842.069179,8.248831,-0.011130,-0.036020,-1.550610,ndi
1786509842.086731,8.266383,-0.011140,-0.036000,-1.550560,ndi
1786509842.101710,8.281362,-0.011180,-0.035970,-1.550560,ndi
1786509842.119189,8.298841,-0.011190,-0.035920,-1.550510,ndi
1786509842.136688,8.316340,-0.011200,-0.035880,-1.550510,ndi
1786509842.151673,8.331325,-0.011230,-0.035860,-1.550500,ndi
1786509842.169198,8.348849,-0.011240,-0.035820,-1.550430,ndi
1786509842.186698,8.366349,-0.011270,-0.035770,-1.550370,ndi
1786509842.201696,8.381348,-0.011300,-0.035740,-1.550350,ndi
1786509842.219172,8.398823,-0.011310,-0.035720,-1.550290,ndi
1786509842.236781,8.416433,-0.011330,-0.035680,-1.550270,ndi
1786509842.251669,8.431321,-0.011340,-0.035650,-1.550260,ndi
1786509842.269172,8.448824,-0.011350,-0.035630,-1.550220,ndi
1786509842.286711,8.466363,-0.011370,-0.035600,-1.550190,ndi
1786509842.301717,8.481368,-0.011390,-0.035560,-1.550120,ndi
1786509842.319211,8.498863,-0.011400,-0.035530,-1.550100,ndi
1786509842.336705,8.516356,-0.011410,-0.035510,-1.550080,ndi
1786509842.351719,8.531370,-0.011430,-0.035480,-1.550040,ndi
1786509842.369187,8.548838,-0.011450,-0.035440,-1.550020,ndi
1786509842.386704,8.566356,-0.011470,-0.035420,-1.550020,ndi
1786509842.401693,8.581345,-0.011480,-0.035400,-1.549940,ndi
1786509842.419193,8.598844,-0.011500,-0.035360,-1.549930,ndi
1786509842.436755,8.616406,-0.011520,-0.035310,-1.549880,ndi
1786509842.451706,8.631357,-0.011530,-0.035300,-1.549890,ndi
1786509842.469177,8.648828,-0.011540,-0.035270,-1.549850,ndi
1786509842.486702,8.666353,-0.011560,-0.035230,-1.549820,ndi
1786509842.501715,8.681367,-0.011570,-0.035210,-1.549800,ndi
1786509842.519214,8.698865,-0.011590,-0.035180,-1.549820,ndi
1786509842.536687,8.716339,-0.011610,-0.035150,-1.549780,ndi
1786509842.551723,8.731374,-0.011640,-0.035110,-1.549720,ndi
1786509842.569209,8.748860,-0.011660,-0.035070,-1.549680,ndi
1786509842.586720,8.766372,-0.011670,-0.035050,-1.549640,ndi
1786509842.601824,8.781476,-0.011690,-0.035020,-1.549660,ndi
1786509842.619235,8.798886,-0.011700,-0.034990,-1.549620,ndi
1786509842.636810,8.816462,-0.011720,-0.034960,-1.549600,ndi
1786509842.651733,8.831384,-0.011730,-0.034930,-1.549570,ndi
1786509842.669222,8.848873,-0.011770,-0.034900,-1.549530,ndi
1786509842.686718,8.866370,-0.011780,-0.034860,-1.549490,ndi
1786509842.701714,8.881366,-0.011790,-0.034830,-1.549460,ndi
1786509842.719204,8.898856,-0.011820,-0.034800,-1.549450,ndi
1786509842.736661,8.916313,-0.011830,-0.034770,-1.549420,ndi
1786509842.751704,8.931355,-0.011860,-0.034740,-1.549370,ndi
1786509842.769191,8.948843,-0.011900,-0.034690,-1.549330,ndi
1786509842.786680,8.966332,-0.011920,-0.034670,-1.549350,ndi
1786509842.801701,8.981352,-0.011930,-0.034640,-1.549320,ndi
1786509842.819197,8.998848,-0.011950,-0.034590,-1.549260,ndi
1786509842.836660,9.016312,-0.011980,-0.034570,-1.549250,ndi
1786509842.851722,9.031373,-0.011970,-0.034550,-1.549260,ndi
1786509842.869222,9.048873,-0.012000,-0.034510,-1.549190,ndi
1786509842.886727,9.066378,-0.012030,-0.034460,-1.549160,ndi
1786509842.901723,9.081374,-0.012030,-0.034450,-1.549130,ndi
1786509842.919224,9.098875,-0.012060,-0.034430,-1.549100,ndi
1786509842.936687,9.116338,-0.012100,-0.034370,-1.549040,ndi
1786509842.951698,9.131349,-0.012100,-0.034340,-1.548990,ndi
1786509842.969198,9.148849,-0.012120,-0.034320,-1.549000,ndi
1786509842.986721,9.166373,-0.012150,-0.034270,-1.548960,ndi
1786509843.001712,9.181364,-0.012160,-0.034240,-1.548960,ndi
1786509843.019211,9.198862,-0.012190,-0.034220,-1.548910,ndi
1786509843.036683,9.216335,-0.012200,-0.034200,-1.548890,ndi
1786509843.051717,9.231369,-0.012210,-0.034150,-1.548850,ndi
1786509843.069235,9.248887,-0.012230,-0.034100,-1.548850,ndi
1786509843.086741,9.266393,-0.012250,-0.034080,-1.548780,ndi
1786509843.101748,9.281399,-0.012260,-0.034060,-1.548780,ndi
1786509843.119218,9.298869,-0.012280,-0.034020,-1.548740,ndi
1786509843.136703,9.316355,-0.012310,-0.033970,-1.548740,ndi
1786509843.151733,9.331385,-0.012320,-0.033960,-1.548690,ndi
1786509843.169284,9.348935,-0.012350,-0.033940,-1.548640,ndi
1786509843.186723,9.366375,-0.012370,-0.033890,-1.548610,ndi
1786509843.201736,9.381387,-0.012370,-0.033870,-1.548590,ndi
1786509843.219226,9.398878,-0.012390,-0.033850,-1.548550,ndi
1786509843.236699,9.416350,-0.012400,-0.033820,-1.548570,ndi
1786509843.251750,9.431402,-0.012410,-0.033790,-1.548490,ndi
1786509843.269222,9.448873,-0.012430,-0.033770,-1.548490,ndi
1786509843.286723,9.466374,-0.012450,-0.033740,-1.548460,ndi
1786509843.301729,9.481381,-0.012480,-0.033700,-1.548420,ndi
1786509843.319165,9.498816,-0.012490,-0.033660,-1.548370,ndi
1786509843.336707,9.516359,-0.012530,-0.033610,-1.548360,ndi
1786509843.351717,9.531369,-0.012540,-0.033590,-1.548320,ndi
1786509843.369204,9.548855,-0.012580,-0.033560,-1.548290,ndi
1786509843.386727,9.566378,-0.012590,-0.033530,-1.548270,ndi
1786509843.401731,9.581382,-0.012600,-0.033520,-1.548240,ndi
1786509843.419203,9.598854,-0.012630,-0.033490,-1.548250,ndi
1786509843.436702,9.616354,-0.012630,-0.033450,-1.548210,ndi
1786509843.451762,9.631414,-0.012650,-0.033420,-1.548140,ndi
1786509843.469219,9.648870,-0.012670,-0.033400,-1.548140,ndi
1786509843.486748,9.666399,-0.012700,-0.033370,-1.548120,ndi
1786509843.501730,9.681381,-0.012710,-0.033340,-1.548060,ndi
1786509843.519195,9.698846,-0.012730,-0.033310,-1.548080,ndi
1786509843.536693,9.716345,-0.012770,-0.033270,-1.548010,ndi
1786509843.551736,9.731388,-0.012780,-0.033230,-1.548010,ndi
1786509843.569210,9.748862,-0.012810,-0.033200,-1.547960,ndi
1786509843.586713,9.766365,-0.012820,-0.033180,-1.547940,ndi
1786509843.601739,9.781390,-0.012840,-0.033160,-1.547920,ndi
1786509843.619203,9.798855,-0.012860,-0.033130,-1.547930,ndi
1786509843.636711,9.816363,-0.012880,-0.033080,-1.547870,ndi
1786509843.651745,9.831397,-0.012900,-0.033060,-1.547840,ndi
1786509843.669244,9.848895,-0.012920,-0.033020,-1.547830,ndi
1786509843.686719,9.866371,-0.012940,-0.032980,-1.547800,ndi
1786509843.701712,9.881363,-0.012970,-0.032940,-1.547780,ndi
1786509843.719205,9.898856,-0.012980,-0.032930,-1.547770,ndi
1786509843.736687,9.916339,-0.013010,-0.032900,-1.547730,ndi
1786509843.751714,9.931366,-0.013040,-0.032860,-1.547700,ndi
1786509843.769211,9.948863,-0.013050,-0.032820,-1.547690,ndi
1786509843.786725,9.966376,-0.013070,-0.032810,-1.547640,ndi
1786509843.801677,9.981328,-0.013090,-0.032770,-1.547610,ndi
1786509843.819219,9.998871,-0.013110,-0.032720,-1.547590,ndi
1786509843.836714,10.016366,-0.013130,-0.032680,-1.547560,ndi
1786509843.851767,10.031419,-0.013150,-0.032680,-1.547520,ndi
1786509843.869237,10.048888,-0.013160,-0.032640,-1.547480,ndi
1786509843.886730,10.066382,-0.013190,-0.032590,-1.547450,ndi
1786509843.901738,10.081389,-0.013210,-0.032570,-1.547450,ndi
1786509843.919214,10.098865,-0.013230,-0.032550,-1.547380,ndi
1786509843.936747,10.116399,-0.013260,-0.032500,-1.547380,ndi
1786509843.951759,10.131410,-0.013270,-0.032460,-1.547330,ndi
1786509843.969230,10.148882,-0.013290,-0.032450,-1.547300,ndi
1786509843.986729,10.166381,-0.013320,-0.032420,-1.547270,ndi
1786509844.001681,10.181332,-0.013330,-0.032380,-1.547260,ndi
1786509844.019203,10.198854,-0.013340,-0.032330,-1.547270,ndi
1786509844.036731,10.216382,-0.013380,-0.032320,-1.547190,ndi
1786509844.051782,10.231433,-0.013390,-0.032300,-1.547160,ndi
1786509844.069234,10.248886,-0.013420,-0.032240,-1.547120,ndi
1786509844.086740,10.266392,-0.013440,-0.032210,-1.547090,ndi
1786509844.101681,10.281332,-0.013440,-0.032200,-1.547090,ndi
1786509844.119188,10.298840,-0.013470,-0.032180,-1.547050,ndi
1786509844.136708,10.316359,-0.013500,-0.032130,-1.546990,ndi
1786509844.151731,10.331382,-0.013530,-0.032100,-1.546960,ndi
1786509844.169218,10.348869,-0.013540,-0.032090,-1.546940,ndi
1786509844.186727,10.366378,-0.013560,-0.032060,-1.546910,ndi
1786509844.201701,10.381353,-0.013580,-0.032020,-1.546890,ndi
1786509844.219210,10.398861,-0.013590,-0.032000,-1.546870,ndi
1786509844.236740,10.416391,-0.013610,-0.031970,-1.546860,ndi
1786509844.251804,10.431456,-0.013640,-0.031920,-1.546830,ndi
1786509844.269231,10.448883,-0.013660,-0.031880,-1.546780,ndi
1786509844.286715,10.466366,-0.013690,-0.031860,-1.546740,ndi
1786509844.301725,10.481377,-0.013710,-0.031840,-1.546720,ndi
1786509844.319199,10.498851,-0.013730,-0.031810,-1.546740,ndi
1786509844.336730,10.516381,-0.013740,-0.031780,-1.546660,ndi
1786509844.351739,10.531391,-0.013780,-0.031750,-1.546620,ndi
1786509844.369223,10.548875,-0.013790,-0.031710,-1.546610,ndi
1786509844.386675,10.566327,-0.013810,-0.031690,-1.546580,ndi
1786509844.401711,10.581362,-0.013830,-0.031670,-1.546560,ndi
1786509844.419222,10.598874,-0.013840,-0.031630,-1.546490,ndi
1786509844.436735,10.616387,-0.013850,-0.031590,-1.546480,ndi
1786509844.451836,10.631487,-0.013880,-0.031580,-1.546440,ndi
1786509844.469267,10.648918,-0.013890,-0.031550,-1.546430,ndi
1786509844.486740,10.666391,-0.013910,-0.031500,-1.546400,ndi
1786509844.501745,10.681396,-0.013940,-0.031480,-1.546350,ndi
1786509844.519231,10.698883,-0.013960,-0.031460,-1.546330,ndi
1786509844.536733,10.716385,-0.013980,-0.031430,-1.546310,ndi
1786509844.551866,10.731518,-0.013990,-0.031380,-1.546260,ndi
1786509844.569262,10.748913,-0.014010,-0.031360,-1.546260,ndi
1786509844.586696,10.766347,-0.014060,-0.031360,-1.546250,ndi
1786509844.601727,10.781379,-0.014030,-0.031310,-1.546240,ndi
1786509844.619230,10.798881,-0.014060,-0.031270,-1.546160,ndi
1786509844.636740,10.816391,-0.014100,-0.031250,-1.546140,ndi
1786509844.651761,10.831413,-0.014100,-0.031230,-1.546130,ndi
1786509844.670754,10.850405,-0.014130,-0.031190,-1.546130,ndi
1786509844.686709,10.866360,-0.014140,-0.031150,-1.546090,ndi
1786509844.701721,10.881372,-0.014170,-0.031130,-1.546050,ndi
1786509844.719254,10.898906,-0.014200,-0.031110,-1.546070,ndi
1786509844.736753,10.916405,-0.014230,-0.031060,-1.546030,ndi
1786509844.751766,10.931417,-0.014250,-0.031020,-1.545960,ndi
1786509844.769230,10.948882,-0.014270,-0.031000,-1.545920,ndi
1786509844.786719,10.966371,-0.014290,-0.030990,-1.545920,ndi
1786509844.801722,10.981374,-0.014300,-0.030950,-1.545860,ndi
1786509844.819254,10.998905,-0.014330,-0.030910,-1.545850,ndi
1786509844.836739,11.016391,-0.014350,-0.030890,-1.545830,ndi
1786509844.851765,11.031417,-0.014370,-0.030870,-1.545810,ndi
1786509844.869246,11.048898,-0.014400,-0.030830,-1.545770,ndi
1786509844.886724,11.066375,-0.014410,-0.030780,-1.545760,ndi
1786509844.901727,11.081379,-0.014440,-0.030760,-1.545730,ndi
1786509844.919240,11.098891,-0.014460,-0.030750,-1.545720,ndi
1786509844.936755,11.116407,-0.014480,-0.030710,-1.545650,ndi
1786509844.951763,11.131414,-0.014510,-0.030670,-1.545640,ndi
1786509844.969248,11.148899,-0.014530,-0.030640,-1.545580,ndi
1786509844.986741,11.166393,-0.014540,-0.030620,-1.545590,ndi
1786509845.001741,11.181393,-0.014570,-0.030580,-1.545530,ndi
1786509845.019237,11.198889,-0.014580,-0.030540,-1.545500,ndi
1786509845.036747,11.216399,-0.014600,-0.030520,-1.545480,ndi
1786509845.051763,11.231414,-0.014620,-0.030510,-1.545450,ndi
1786509845.069244,11.248895,-0.014640,-0.030460,-1.545410,ndi
1786509845.086735,11.266387,-0.014660,-0.030420,-1.545370,ndi
1786509845.101754,11.281406,-0.014690,-0.030420,-1.545340,ndi
1786509845.119247,11.298898,-0.014700,-0.030400,-1.545330,ndi
1786509845.136735,11.316386,-0.014710,-0.030360,-1.545270,ndi
1786509845.151745,11.331397,-0.014740,-0.030330,-1.545260,ndi
1786509845.169246,11.348898,-0.014760,-0.030310,-1.545260,ndi
1786509845.186723,11.366374,-0.014760,-0.030280,-1.545230,ndi
1786509845.201738,11.381390,-0.014780,-0.030240,-1.545210,ndi
1786509845.219243,11.398895,-0.014810,-0.030210,-1.545130,ndi
1786509845.236740,11.416391,-0.014820,-0.030200,-1.545140,ndi
1786509845.251798,11.431449,-0.014840,-0.030170,-1.545100,ndi
1786509845.269197,11.448849,-0.014860,-0.030140,-1.545110,ndi
1786509845.286732,11.466384,-0.014870,-0.030110,-1.545070,ndi
1786509845.301761,11.481412,-0.014900,-0.030090,-1.545050,ndi
1786509845.319233,11.498884,-0.014920,-0.030050,-1.545000,ndi
1786509845.336743,11.516394,-0.014950,-0.030010,-1.545000,ndi
1786509845.351757,11.531409,-0.014970,-0.029990,-1.544950,ndi
1786509845.369227,11.548878,-0.014980,-0.029960,-1.544920,ndi
1786509845.386733,11.566384,-0.015000,-0.029930,-1.544870,ndi
1786509845.401754,11.581406,-0.015030,-0.029900,-1.544870,ndi
1786509845.419254,11.598906,-0.015040,-0.029870,-1.544860,ndi
1786509845.436754,11.616405,-0.015060,-0.029840,-1.544820,ndi
1786509845.451767,11.631419,-0.015100,-0.029810,-1.544800,ndi
1786509845.469221,11.648872,-0.015100,-0.029770,-1.544760,ndi
1786509845.486739,11.666391,-0.015140,-0.029750,-1.544730,ndi
1786509845.501784,11.681435,-0.015170,-0.029720,-1.544700,ndi
1786509845.519310,11.698962,-0.015180,-0.029690,-1.544680,ndi
1786509845.536767,11.716418,-0.015220,-0.029660,-1.544660,ndi
1786509845.551761,11.731412,-0.015240,-0.029640,-1.544640,ndi
1786509845.569227,11.748878,-0.015240,-0.029610,-1.544580,ndi
1786509845.586742,11.766393,-0.015270,-0.029580,-1.544550,ndi
1786509845.601775,11.781427,-0.015290,-0.029550,-1.544550,ndi
1786509845.619266,11.798918,-0.015310,-0.029520,-1.544520,ndi
1786509845.636744,11.816396,-0.015330,-0.029490,-1.544480,ndi
1786509845.651764,11.831415,-0.015360,-0.029470,-1.544480,ndi
1786509845.669223,11.848875,-0.015370,-0.029430,-1.544450,ndi
1786509845.686735,11.866386,-0.015410,-0.029400,-1.544420,ndi
1786509845.701773,11.881425,-0.015430,-0.029380,-1.544360,ndi
1786509845.719242,11.898893,-0.015450,-0.029340,-1.544350,ndi
1786509845.736726,11.916377,-0.015470,-0.029300,-1.544320,ndi
1786509845.751741,11.931392,-0.015490,-0.029280,-1.544290,ndi
1786509845.769253,11.948905,-0.015510,-0.029270,-1.544260,ndi
1786509845.786789,11.966440,-0.015530,-0.029220,-1.544220,ndi
1786509845.801779,11.981430,-0.015530,-0.029190,-1.544190,ndi
1786509845.819268,11.998919,-0.015570,-0.029160,-1.544140,ndi
1786509845.836740,12.016392,-0.015590,-0.029130,-1.544140,ndi
1786509845.851760,12.031412,-0.015590,-0.029100,-1.544120,ndi
1786509845.869230,12.048882,-0.015630,-0.029070,-1.544060,ndi
1786509845.886753,12.066404,-0.015660,-0.029040,-1.544040,ndi
1786509845.901842,12.081494,-0.015680,-0.029010,-1.544010,ndi
1786509845.919255,12.098906,-0.015710,-0.028970,-1.543990,ndi
1786509845.936752,12.116404,-0.015730,-0.028950,-1.543950,ndi
1786509845.951755,12.131406,-0.015740,-0.028920,-1.543910,ndi
1786509845.969261,12.148913,-0.015760,-0.028880,-1.543890,ndi
1786509845.986764,12.166416,-0.015790,-0.028860,-1.543850,ndi
1786509846.001773,12.181425,-0.015800,-0.028840,-1.543840,ndi
1786509846.019261,12.198912,-0.015840,-0.028820,-1.543810,ndi
1786509846.036766,12.216417,-0.015840,-0.028780,-1.543770,ndi
1786509846.051768,12.231420,-0.015860,-0.028760,-1.543790,ndi
1786509846.069230,12.248881,-0.015900,-0.028740,-1.543740,ndi
1786509846.086750,12.266402,-0.015920,-0.028700,-1.543750,ndi
1786509846.101748,12.281399,-0.015940,-0.028680,-1.543690,ndi
1786509846.119239,12.298891,-0.015970,-0.028660,-1.543660,ndi
1786509846.136754,12.316406,-0.015990,-0.028620,-1.543620,ndi
1786509846.151725,12.331376,-0.016020,-0.028580,-1.543620,ndi
1786509846.169266,12.348917,-0.016020,-0.028570,-1.543570,ndi
1786509846.186760,12.366411,-0.016040,-0.028550,-1.543560,ndi
1786509846.201771,12.381422,-0.016060,-0.028520,-1.543500,ndi
1786509846.219271,12.398923,-0.016080,-0.028470,-1.543470,ndi
1786509846.236751,12.416403,-0.016120,-0.028460,-1.543430,ndi
1786509846.251746,12.431397,-0.016130,-0.028450,-1.543420,ndi
1786509846.269259,12.448911,-0.016150,-0.028400,-1.543420,ndi
1786509846.286750,12.466401,-0.016180,-0.028350,-1.543410,ndi
1786509846.301754,12.481406,-0.016200,-0.028350,-1.543330,ndi
1786509846.319264,12.498916,-0.016230,-0.028320,-1.543300,ndi
1786509846.336720,12.516372,-0.016250,-0.028280,-1.543270,ndi
1786509846.351752,12.531404,-0.016260,-0.028240,-1.543260,ndi
1786509846.369294,12.548946,-0.016280,-0.028230,-1.543200,ndi
1786509846.386767,12.566418,-0.016300,-0.028220,-1.543200,ndi
1786509846.401762,12.581413,-0.016320,-0.028190,-1.543170,ndi
1786509846.419271,12.598922,-0.016330,-0.028150,-1.543150,ndi
1786509846.436763,12.616414,-0.016350,-0.028130,-1.543130,ndi
1786509846.451753,12.631404,-0.016380,-0.028120,-1.543080,ndi
1786509846.469259,12.648911,-0.016410,-0.028070,-1.543090,ndi
1786509846.486753,12.666404,-0.016430,-0.028030,-1.543020,ndi
1786509846.501754,12.681405,-0.016440,-0.028010,-1.543010,ndi
1786509846.519251,12.698902,-0.016470,-0.028000,-1.543010,ndi
1786509846.536733,12.716385,-0.016500,-0.027950,-1.542970,ndi
1786509846.551774,12.731425,-0.016510,-0.027910,-1.542940,ndi
1786509846.569326,12.748978,-0.016520,-0.027900,-1.542900,ndi
1786509846.586783,12.766435,-0.016550,-0.027880,-1.542900,ndi
1786509846.601787,12.781438,-0.016570,-0.027830,-1.542890,ndi
1786509846.619269,12.798920,-0.016600,-0.027790,-1.542840,ndi
1786509846.636720,12.816371,-0.016620,-0.027780,-1.542800,ndi
1786509846.651766,12.831418,-0.016650,-0.027770,-1.542750,ndi
1786509846.669268,12.848919,-0.016680,-0.027720,-1.542730,ndi
1786509846.686771,12.866422,-0.016700,-0.027680,-1.542740,ndi
1786509846.701770,12.881421,-0.016720,-0.027670,-1.542700,ndi
1786509846.719269,12.898920,-0.016750,-0.027650,-1.542670,ndi
1786509846.736726,12.916377,-0.016770,-0.027590,-1.542640,ndi
1786509846.751778,12.931429,-0.016790,-0.027560,-1.542660,ndi
1786509846.769466,12.949117,-0.016820,-0.027560,-1.542580,ndi
1786509846.786777,12.966429,-0.016830,-0.027520,-1.542550,ndi
1786509846.801802,12.981454,-0.016860,-0.027470,-1.542510,ndi
1786509846.819284,12.998935,-0.016880,-0.027440,-1.542490,ndi
1786509846.836788,13.016440,-0.016910,-0.027440,-1.542460,ndi
1786509846.851780,13.031432,-0.016920,-0.027410,-1.542440,ndi
1786509846.869259,13.048911,-0.016970,-0.027350,-1.542410,ndi
1786509846.886734,13.066386,-0.016980,-0.027340,-1.542390,ndi
1786509846.901768,13.081419,-0.017000,-0.027330,-1.542350,ndi
1786509846.919266,13.098917,-0.017030,-0.027280,-1.542330,ndi
1786509846.936758,13.116410,-0.017040,-0.027240,-1.542290,ndi
1786509846.951761,13.131413,-0.017060,-0.027230,-1.542270,ndi
1786509846.969283,13.148935,-0.017070,-0.027230,-1.542250,ndi
1786509846.986791,13.166442,-0.017090,-0.027190,-1.542210,ndi
1786509847.001804,13.181456,-0.017120,-0.027140,-1.542180,ndi
1786509847.019280,13.198931,-0.017130,-0.027130,-1.542140,ndi
1786509847.036743,13.216395,-0.017150,-0.027120,-1.542110,ndi
1786509847.051764,13.231416,-0.017190,-0.027080,-1.542110,ndi
1786509847.069265,13.248916,-0.017200,-0.027050,-1.542110,ndi
1786509847.086779,13.266430,-0.017220,-0.027030,-1.542050,ndi
1786509847.101801,13.281452,-0.017240,-0.027010,-1.542010,ndi
1786509847.119249,13.298901,-0.017250,-0.026980,-1.541970,ndi
1786509847.136756,13.316408,-0.017280,-0.026950,-1.541950,ndi
1786509847.151790,13.331441,-0.017290,-0.026930,-1.541920,ndi
1786509847.169292,13.348943,-0.017320,-0.026900,-1.541900,ndi
1786509847.186802,13.366454,-0.017340,-0.026860,-1.541870,ndi
1786509847.201786,13.381437,-0.017350,-0.026840,-1.541850,ndi
1786509847.219240,13.398891,-0.017390,-0.026820,-1.541800,ndi
1786509847.236758,13.416409,-0.017410,-0.026780,-1.541760,ndi
1786509847.251776,13.431427,-0.017440,-0.026740,-1.541750,ndi
1786509847.269273,13.448925,-0.017470,-0.026730,-1.541710,ndi
1786509847.286768,13.466420,-0.017490,-0.026710,-1.541720,ndi
1786509847.301783,13.481434,-0.017530,-0.026680,-1.541690,ndi
1786509847.319241,13.498893,-0.017530,-0.026650,-1.541650,ndi
1786509847.336765,13.516416,-0.017540,-0.026630,-1.541620,ndi
1786509847.351804,13.531455,-0.017570,-0.026600,-1.541610,ndi
1786509847.369272,13.548923,-0.017590,-0.026560,-1.541560,ndi
1786509847.386817,13.566468,-0.017630,-0.026550,-1.541560,ndi
1786509847.401811,13.581463,-0.017640,-0.026530,-1.541530,ndi
1786509847.419255,13.598907,-0.017670,-0.026490,-1.541490,ndi
1786509847.436773,13.616424,-0.017710,-0.026450,-1.541480,ndi
1786509847.451794,13.631446,-0.017710,-0.026440,-1.541440,ndi
1786509847.469270,13.648921,-0.017760,-0.026410,-1.541450,ndi
1786509847.486784,13.666435,-0.017770,-0.026360,-1.541400,ndi
1786509847.501791,13.681443,-0.017790,-0.026340,-1.541380,ndi
1786509847.519275,13.698927,-0.017830,-0.026320,-1.541330,ndi
1786509847.536777,13.716428,-0.017840,-0.026290,-1.541300,ndi
1786509847.551812,13.731463,-0.017860,-0.026260,-1.541250,ndi
1786509847.569273,13.748924,-0.017880,-0.026230,-1.541260,ndi
1786509847.586792,13.766443,-0.017910,-0.026200,-1.541210,ndi
1786509847.601813,13.781465,-0.017930,-0.026170,-1.541200,ndi
1786509847.619274,13.798925,-0.017960,-0.026130,-1.541140,ndi
1786509847.636840,13.816492,-0.018000,-0.026120,-1.541110,ndi
1786509847.651809,13.831460,-0.018000,-0.026110,-1.541090,ndi
1786509847.669301,13.848952,-0.018030,-0.026070,-1.541090,ndi
1786509847.686810,13.866462,-0.018060,-0.026020,-1.541040,ndi
1786509847.701778,13.881430,-0.018070,-0.026010,-1.541010,ndi
1786509847.719274,13.898926,-0.018100,-0.025990,-1.540990,ndi
1786509847.736781,13.916432,-0.018110,-0.025950,-1.540970,ndi
1786509847.751820,13.931472,-0.018130,-0.025920,-1.540930,ndi
1786509847.769298,13.948949,-0.018180,-0.025900,-1.540910,ndi
1786509847.786805,13.966457,-0.018190,-0.025880,-1.540880,ndi
1786509847.801808,13.981459,-0.018220,-0.025840,-1.540850,ndi
1786509847.819284,13.998935,-0.018240,-0.025810,-1.540850,ndi
1786509847.836804,14.016455,-0.018280,-0.025800,-1.540800,ndi
1786509847.851820,14.031471,-0.018310,-0.025780,-1.540780,ndi
1786509847.869296,14.048948,-0.018330,-0.025730,-1.540760,ndi
1786509847.886792,14.066444,-0.018360,-0.025710,-1.540730,ndi
1786509847.901851,14.081502,-0.018380,-0.025700,-1.540700,ndi
1786509847.919292,14.098943,-0.018390,-0.025670,-1.540650,ndi
1786509847.936799,14.116450,-0.018420,-0.025640,-1.540630,ndi
1786509847.951813,14.131465,-0.018440,-0.025630,-1.540630,ndi
1786509847.969307,14.148959,-0.018460,-0.025600,-1.540580,ndi
1786509847.986819,14.166470,-0.018490,-0.025560,-1.540530,ndi
1786509848.001753,14.181405,-0.018500,-0.025540,-1.540510,ndi
1786509848.019290,14.198942,-0.018540,-0.025530,-1.540480,ndi
1786509848.036806,14.216457,-0.018570,-0.025500,-1.540460,ndi
1786509848.051801,14.231453,-0.018580,-0.025470,-1.540430,ndi
1786509848.069304,14.248955,-0.018600,-0.025440,-1.540380,ndi
1786509848.086805,14.266457,-0.018640,-0.025430,-1.540380,ndi
1786509848.101763,14.281414,-0.018650,-0.025410,-1.540350,ndi
1786509848.119292,14.298944,-0.018670,-0.025360,-1.540310,ndi
1786509848.136800,14.316452,-0.018710,-0.025340,-1.540280,ndi
1786509848.151819,14.331470,-0.018720,-0.025330,-1.540240,ndi
1786509848.169315,14.348967,-0.018760,-0.025290,-1.540250,ndi
1786509848.186823,14.366475,-0.018780,-0.025250,-1.540170,ndi
1786509848.201805,14.381456,-0.018820,-0.025240,-1.540160,ndi
1786509848.219284,14.398936,-0.018830,-0.025210,-1.540140,ndi
1786509848.236789,14.416441,-0.018850,-0.025170,-1.540120,ndi
1786509848.251825,14.431476,-0.018880,-0.025150,-1.540080,ndi
1786509848.269309,14.448961,-0.018910,-0.025140,-1.540060,ndi
1786509848.286795,14.466447,-0.018930,-0.025110,-1.540020,ndi
1786509848.301789,14.481441,-0.018960,-0.025080,-1.539980,ndi
1786509848.319265,14.498917,-0.018970,-0.025050,-1.539970,ndi
1786509848.336806,14.516457,-0.018990,-0.025030,-1.539920,ndi
1786509848.351822,14.531474,-0.019020,-0.025000,-1.539920,ndi
1786509848.369284,14.548936,-0.019050,-0.024960,-1.539880,ndi
1786509848.386843,14.566494,-0.019080,-0.024950,-1.539830,ndi
1786509848.401804,14.581455,-0.019100,-0.024930,-1.539820,ndi
1786509848.419293,14.598944,-0.019130,-0.024890,-1.539790,ndi
1786509848.434464,14.614115,-0.019160,-0.024850,-1.539750,ndi
1786509848.451816,14.631468,-0.019200,-0.024840,-1.539750,ndi
1786509848.469309,14.648960,-0.019210,-0.024830,-1.539730,ndi
1786509848.486767,14.666418,-0.019240,-0.024780,-1.539720,ndi
1786509848.501768,14.681420,-0.019260,-0.024750,-1.539710,ndi
1786509848.519315,14.698966,-0.019270,-0.024740,-1.539690,ndi
1786509848.536817,14.716469,-0.019310,-0.024720,-1.539640,ndi
1786509848.551824,14.731475,-0.019330,-0.024680,-1.539640,ndi
1786509848.569307,14.748958,-0.019360,-0.024640,-1.539590,ndi
1786509848.586811,14.766463,-0.019390,-0.024640,-1.539550,ndi
1786509848.601815,14.781466,-0.019400,-0.024620,-1.539560,ndi
1786509848.619300,14.798951,-0.019450,-0.024580,-1.539520,ndi
1786509848.636819,14.816471,-0.019480,-0.024540,-1.539510,ndi
1786509848.651835,14.831486,-0.019500,-0.024530,-1.539470,ndi
1786509848.669299,14.848950,-0.019540,-0.024510,-1.539430,ndi
1786509848.686775,14.866426,-0.019570,-0.024460,-1.539410,ndi
1786509848.701799,14.881450,-0.019580,-0.024440,-1.539390,ndi
1786509848.719306,14.898958,-0.019600,-0.024440,-1.539350,ndi
1786509848.736784,14.916436,-0.019640,-0.024400,-1.539310,ndi
1786509848.751831,14.931483,-0.019670,-0.024350,-1.539290,ndi
1786509848.769302,14.948954,-0.019690,-0.024340,-1.539270,ndi
1786509848.786860,14.966511,-0.019720,-0.024340,-1.539260,ndi
1786509848.801827,14.981479,-0.019760,-0.024310,-1.539180,ndi
1786509848.819329,14.998981,-0.019780,-0.024260,-1.539150,ndi
1786509848.836808,15.016459,-0.019810,-0.024250,-1.539180,ndi
1786509848.851843,15.031494,-0.019820,-0.024250,-1.539120,ndi
1786509848.869277,15.048928,-0.019860,-0.024210,-1.539120,ndi
1786509848.886803,15.066455,-0.019890,-0.024170,-1.539090,ndi
1786509848.901825,15.081476,-0.019900,-0.024170,-1.539040,ndi
1786509848.919326,15.098978,-0.019920,-0.024160,-1.539040,ndi
1786509848.936823,15.116475,-0.019950,-0.024120,-1.539000,ndi
1786509848.951832,15.131484,-0.019980,-0.024090,-1.539020,ndi
1786509848.969331,15.148983,-0.020010,-0.024100,-1.539000,ndi
1786509848.986894,15.166546,-0.020040,-0.024070,-1.538990,ndi
1786509849.001813,15.181464,-0.020060,-0.024040,-1.538950,ndi
1786509849.019306,15.198958,-0.020090,-0.024010,-1.538940,ndi
1786509849.036830,15.216481,-0.020130,-0.024000,-1.538890,ndi
1786509849.051829,15.231481,-0.020150,-0.023980,-1.538850,ndi
1786509849.069281,15.248933,-0.020180,-0.023930,-1.538830,ndi
1786509849.086828,15.266480,-0.020200,-0.023920,-1.538780,ndi
1786509849.101838,15.281489,-0.020220,-0.023900,-1.538770,ndi
1786509849.119320,15.298971,-0.020260,-0.023870,-1.538710,ndi
1786509849.136822,15.316473,-0.020300,-0.023830,-1.538680,ndi
1786509849.151839,15.331491,-0.020330,-0.023810,-1.538660,ndi
1786509849.169290,15.348941,-0.020340,-0.023800,-1.538650,ndi
1786509849.186801,15.366453,-0.020370,-0.023760,-1.538610,ndi
1786509849.201827,15.381479,-0.020400,-0.023730,-1.538570,ndi
1786509849.219332,15.398983,-0.020430,-0.023710,-1.538520,ndi
1786509849.236830,15.416482,-0.020450,-0.023700,-1.538510,ndi
1786509849.251842,15.431494,-0.020470,-0.023670,-1.538490,ndi
1786509849.269268,15.448919,-0.020520,-0.023630,-1.538430,ndi
1786509849.286820,15.466471,-0.020540,-0.023610,-1.538390,ndi
1786509849.301837,15.481488,-0.020570,-0.023590,-1.538380,ndi
1786509849.319322,15.498973,-0.020590,-0.023550,-1.538380,ndi
1786509849.336815,15.516466,-0.020620,-0.023530,-1.538350,ndi
1786509849.351837,15.531489,-0.020650,-0.023500,-1.538330,ndi
1786509849.369268,15.548919,-0.020670,-0.023470,-1.538270,ndi
1786509849.386802,15.566453,-0.020740,-0.023450,-1.538270,ndi
1786509849.401882,15.581534,-0.020760,-0.023420,-1.538250,ndi
1786509849.419344,15.598995,-0.020760,-0.023400,-1.538220,ndi
1786509849.436829,15.616480,-0.020810,-0.023380,-1.538160,ndi
1786509849.451835,15.631487,-0.020830,-0.023360,-1.538130,ndi
1786509849.469308,15.648959,-0.020850,-0.023330,-1.538130,ndi
1786509849.486839,15.666491,-0.020890,-0.023310,-1.538090,ndi
1786509849.501850,15.681501,-0.020910,-0.023280,-1.538070,ndi
1786509849.519343,15.698995,-0.020940,-0.023260,-1.538030,ndi
1786509849.536819,15.716471,-0.020970,-0.023240,-1.538010,ndi
1786509849.551845,15.731497,-0.021000,-0.023220,-1.538000,ndi
1786509849.569314,15.748966,-0.021030,-0.023180,-1.537980,ndi
1786509849.586819,15.766471,-0.021050,-0.023160,-1.537980,ndi
1786509849.601855,15.781507,-0.021070,-0.023150,-1.537920,ndi
1786509849.619338,15.798990,-0.021130,-0.023120,-1.537870,ndi
1786509849.636836,15.816488,-0.021160,-0.023070,-1.537850,ndi
1786509849.651837,15.831489,-0.021170,-0.023060,-1.537800,ndi
1786509849.669295,15.848946,-0.021220,-0.023050,-1.537780,ndi
1786509849.686833,15.866485,-0.021250,-0.023010,-1.537740,ndi
1786509849.701896,15.881548,-0.021260,-0.022990,-1.537700,ndi
1786509849.719345,15.898996,-0.021300,-0.022990,-1.537700,ndi
1786509849.736888,15.916540,-0.021320,-0.022960,-1.537620,ndi
1786509849.751850,15.931501,-0.021340,-0.022920,-1.537600,ndi
1786509849.769332,15.948984,-0.021380,-0.022900,-1.537570,ndi
1786509849.786811,15.966463,-0.021420,-0.022890,-1.537560,ndi
1786509849.801847,15.981499,-0.021440,-0.022880,-1.537530,ndi
1786509849.819361,15.999013,-0.021460,-0.022840,-1.537510,ndi
1786509849.836825,16.016477,-0.021510,-0.022810,-1.537490,ndi
1786509849.851822,16.031474,-0.021520,-0.022810,-1.537470,ndi
1786509849.869303,16.048954,-0.021550,-0.022790,-1.537420,ndi
1786509849.886836,16.066487,-0.021580,-0.022750,-1.537370,ndi
1786509849.901884,16.081536,-0.021600,-0.022740,-1.537330,ndi
1786509849.919351,16.099002,-0.021640,-0.022730,-1.537330,ndi
1786509849.936833,16.116484,-0.021650,-0.022700,-1.537310,ndi
1786509849.951816,16.131467,-0.021680,-0.022660,-1.537300,ndi
1786509849.969319,16.148970,-0.021700,-0.022640,-1.537260,ndi
1786509849.986832,16.166484,-0.021740,-0.022630,-1.537200,ndi
1786509850.001867,16.181519,-0.021800,-0.022610,-1.537190,ndi
1786509850.019345,16.198996,-0.021800,-0.022560,-1.537150,ndi
1786509850.036843,16.216494,-0.021840,-0.022550,-1.537130,ndi
1786509850.051819,16.231471,-0.021880,-0.022540,-1.537090,ndi
1786509850.069302,16.248954,-0.021870,-0.022510,-1.537090,ndi
1786509850.086831,16.266483,-0.021910,-0.022480,-1.537050,ndi
1786509850.101876,16.281528,-0.021930,-0.022450,-1.537010,ndi
1786509850.119347,16.298999,-0.021980,-0.022440,-1.536980,ndi
1786509850.136843,16.316495,-0.021990,-0.022400,-1.536980,ndi
1786509850.151843,16.331494,-0.022020,-0.022370,-1.536950,ndi
1786509850.169316,16.348967,-0.022080,-0.022350,-1.536920,ndi
1786509850.186856,16.366508,-0.022080,-0.022360,-1.536890,ndi
1786509850.201866,16.381517,-0.022100,-0.022340,-1.536900,ndi
1786509850.219342,16.398993,-0.022100,-0.022310,-1.536920,ndi
1786509850.236822,16.416474,-0.022120,-0.022310,-1.536880,ndi
1786509850.251803,16.431455,-0.022120,-0.022320,-1.536900,ndi
1786509850.269316,16.448968,-0.022120,-0.022300,-1.536910,ndi
1786509850.286845,16.466497,-0.022140,-0.022270,-1.536890,ndi
1786509850.301895,16.481547,-0.022150,-0.022270,-1.536890,ndi
1786509850.319362,16.499013,-0.022150,-0.022290,-1.536900,ndi
1786509850.336811,16.516463,-0.022160,-0.022270,-1.536900,ndi
1786509850.351836,16.531488,-0.022170,-0.022250,-1.536900,ndi
1786509850.369339,16.548991,-0.022180,-0.022280,-1.536890,ndi
1786509850.386912,16.566564,-0.022180,-0.022290,-1.536900,ndi
1786509850.401845,16.581496,-0.022190,-0.022260,-1.536890,ndi
1786509850.419332,16.598983,-0.022190,-0.022260,-1.536910,ndi
1786509850.436795,16.616447,-0.022190,-0.022290,-1.536900,ndi
1786509850.451824,16.631475,-0.022180,-0.022300,-1.536890,ndi
1786509850.469349,16.649001,-0.022180,-0.022270,-1.536880,ndi
1786509850.486861,16.666512,-0.022190,-0.022270,-1.536890,ndi
1786509850.501909,16.681560,-0.022180,-0.022290,-1.536890,ndi
1786509850.519362,16.699013,-0.022180,-0.022290,-1.536900,ndi
1786509850.536822,16.716474,-0.022190,-0.022270,-1.536900,ndi
1786509850.551864,16.731515,-0.022180,-0.022270,-1.536890,ndi
1786509850.569348,16.749000,-0.022190,-0.022290,-1.536880,ndi
1786509850.586932,16.766583,-0.022190,-0.022290,-1.536880,ndi
1786509850.601863,16.781515,-0.022200,-0.022280,-1.536880,ndi
1786509850.619325,16.798977,-0.022190,-0.022280,-1.536890,ndi
1786509850.636793,16.816445,-0.022200,-0.022290,-1.536890,ndi
1786509850.651833,16.831485,-0.022200,-0.022290,-1.536900,ndi
1786509850.669348,16.848999,-0.022190,-0.022280,-1.536890,ndi
1786509850.686841,16.866492,-0.022200,-0.022290,-1.536870,ndi
1786509850.701917,16.881568,-0.022200,-0.022290,-1.536870,ndi
1786509850.719365,16.899016,-0.022190,-0.022280,-1.536890,ndi
1786509850.736832,16.916484,-0.022200,-0.022280,-1.536910,ndi
1786509850.751859,16.931511,-0.022200,-0.022290,-1.536900,ndi
1786509850.769348,16.948999,-0.022210,-0.022290,-1.536880,ndi
1786509850.786835,16.966487,-0.022200,-0.022280,-1.536860,ndi
1786509850.801855,16.981507,-0.022210,-0.022280,-1.536890,ndi
1786509850.819327,16.998978,-0.022220,-0.022290,-1.536900,ndi
1786509850.836823,17.016475,-0.022210,-0.022290,-1.536910,ndi
1786509850.851844,17.031496,-0.022200,-0.022280,-1.536850,ndi
1786509850.869364,17.049016,-0.022200,-0.022290,-1.536890,ndi
1786509850.886859,17.066510,-0.022210,-0.022300,-1.536900,ndi
1786509850.901948,17.081599,-0.022200,-0.022290,-1.536880,ndi
1786509850.919350,17.099002,-0.022200,-0.022290,-1.536890,ndi
1786509850.936848,17.116500,-0.022210,-0.022290,-1.536870,ndi
1786509850.951855,17.131506,-0.022220,-0.022300,-1.536890,ndi
1786509850.969342,17.148993,-0.022210,-0.022290,-1.536870,ndi
1786509850.986854,17.166505,-0.022210,-0.022290,-1.536880,ndi
1786509851.001842,17.181494,-0.022220,-0.022290,-1.536890,ndi
1786509851.019331,17.198983,-0.022220,-0.022300,-1.536880,ndi
1786509851.036855,17.216506,-0.022210,-0.022290,-1.536890,ndi
1786509851.051869,17.231520,-0.022210,-0.022290,-1.536870,ndi
1786509851.069357,17.249009,-0.022210,-0.022290,-1.536890,ndi
1786509851.086875,17.266527,-0.022220,-0.022300,-1.536870,ndi
1786509851.101915,17.281566,-0.022220,-0.022300,-1.536880,ndi
1786509851.119336,17.298988,-0.022220,-0.022290,-1.536860,ndi
1786509851.136860,17.316512,-0.022220,-0.022300,-1.536880,ndi
1786509851.151869,17.331520,-0.022220,-0.022300,-1.536900,ndi
1786509851.169354,17.349006,-0.022230,-0.022300,-1.536870,ndi
1786509851.186856,17.366508,-0.022230,-0.022280,-1.536880,ndi
1786509851.201837,17.381488,-0.022230,-0.022300,-1.536880,ndi
1786509851.219314,17.398965,-0.022230,-0.022300,-1.536900,ndi
1786509851.236827,17.416478,-0.022220,-0.022290,-1.536890,ndi
1786509851.251893,17.431544,-0.022230,-0.022290,-1.536880,ndi
1786509851.269323,17.448975,-0.022220,-0.022310,-1.536900,ndi
1786509851.286857,17.466508,-0.022230,-0.022300,-1.536900,ndi
1786509851.301874,17.481525,-0.022230,-0.022290,-1.536890,ndi
1786509851.319348,17.498999,-0.022220,-0.022300,-1.536890,ndi
1786509851.336861,17.516512,-0.022240,-0.022300,-1.536900,ndi
1786509851.351880,17.531532,-0.022240,-0.022300,-1.536890,ndi
1786509851.369360,17.549012,-0.022240,-0.022300,-1.536880,ndi
1786509851.386847,17.566499,-0.022240,-0.022300,-1.536890,ndi
1786509851.401861,17.581513,-0.022240,-0.022300,-1.536890,ndi
1786509851.419323,17.598974,-0.022240,-0.022300,-1.536890,ndi
1786509851.436851,17.616502,-0.022230,-0.022300,-1.536900,ndi
1786509851.451867,17.631518,-0.022240,-0.022300,-1.536890,ndi
1786509851.469340,17.648992,-0.022230,-0.022300,-1.536920,ndi
1786509851.486865,17.666516,-0.022230,-0.022300,-1.536870,ndi
1786509851.501861,17.681513,-0.022230,-0.022300,-1.536900,ndi
1786509851.519376,17.699028,-0.022240,-0.022300,-1.536900,ndi
1786509851.536847,17.716498,-0.022250,-0.022290,-1.536920,ndi
1786509851.551879,17.731531,-0.022240,-0.022300,-1.536900,ndi
1786509851.569356,17.749007,-0.022240,-0.022300,-1.536880,ndi
1786509851.586875,17.766526,-0.022240,-0.022290,-1.536890,ndi
1786509851.601852,17.781503,-0.022240,-0.022290,-1.536870,ndi
1786509851.619340,17.798991,-0.022250,-0.022310,-1.536870,ndi
1786509851.636869,17.816520,-0.022240,-0.022300,-1.536840,ndi
1786509851.651899,17.831551,-0.022240,-0.022290,-1.536870,ndi
1786509851.669358,17.849010,-0.022240,-0.022300,-1.536890,ndi
1786509851.686864,17.866515,-0.022240,-0.022300,-1.536870,ndi
1786509851.701883,17.881534,-0.022240,-0.022290,-1.536860,ndi
1786509851.719379,17.899031,-0.022240,-0.022290,-1.536860,ndi
1786509851.736866,17.916518,-0.022250,-0.022300,-1.536880,ndi
1786509851.751878,17.931529,-0.022240,-0.022310,-1.536850,ndi
1786509851.769356,17.949008,-0.022250,-0.022300,-1.536870,ndi
1786509851.786843,17.966494,-0.022250,-0.022300,-1.536880,ndi
1786509851.801818,17.981469,-0.022250,-0.022310,-1.536920,ndi
1786509851.819348,17.998999,-0.022250,-0.022310,-1.536910,ndi
1786509851.836859,18.016511,-0.022240,-0.022300,-1.536880,ndi
1786509851.851911,18.031563,-0.022250,-0.022300,-1.536900,ndi
1786509851.869359,18.049011,-0.022250,-0.022320,-1.536910,ndi
1786509851.884418,18.064070,-0.022250,-0.022310,-1.536910,ndi
1786509851.901843,18.081494,-0.022240,-0.022300,-1.536880,ndi
1786509851.919360,18.099011,-0.022240,-0.022300,-1.536890,ndi
1786509851.936891,18.116543,-0.022260,-0.022320,-1.536870,ndi
1786509851.951885,18.131536,-0.022260,-0.022310,-1.536890,ndi
1786509851.969366,18.149017,-0.022260,-0.022290,-1.536890,ndi
1786509851.986862,18.166513,-0.022260,-0.022310,-1.536880,ndi
1786509852.001822,18.181474,-0.022260,-0.022320,-1.536900,ndi
1786509852.019352,18.199003,-0.022240,-0.022300,-1.536880,ndi
1786509852.036872,18.216524,-0.022250,-0.022290,-1.536880,ndi
1786509852.051922,18.231573,-0.022250,-0.022310,-1.536880,ndi
1786509852.069403,18.249054,-0.022250,-0.022320,-1.536890,ndi
1786509852.086920,18.266572,-0.022250,-0.022300,-1.536890,ndi
1786509852.101913,18.281564,-0.022260,-0.022300,-1.536890,ndi
1786509852.119435,18.299086,-0.022260,-0.022320,-1.536860,ndi
1786509852.136936,18.316588,-0.022270,-0.022320,-1.536870,ndi
1786509852.154427,18.334078,-0.022270,-0.022300,-1.536880,ndi
1786509852.169395,18.349046,-0.022260,-0.022300,-1.536880,ndi
1786509852.186933,18.366584,-0.022270,-0.022320,-1.536900,ndi
1786509852.201890,18.381542,-0.022260,-0.022320,-1.536890,ndi
1786509852.219419,18.399071,-0.022260,-0.022300,-1.536890,ndi
1786509852.236903,18.416555,-0.022250,-0.022310,-1.536880,ndi
1786509852.251897,18.431548,-0.022250,-0.022320,-1.536880,ndi
1786509852.269403,18.449055,-0.022270,-0.022310,-1.536870,ndi
1786509852.286924,18.466576,-0.022260,-0.022300,-1.536890,ndi
1786509852.301856,18.481508,-0.022260,-0.022310,-1.536900,ndi
1786509852.319393,18.499044,-0.022270,-0.022320,-1.536860,ndi
1786509852.336883,18.516534,-0.022270,-0.022310,-1.536870,ndi
1786509852.351893,18.531545,-0.022270,-0.022300,-1.536890,ndi
1786509852.369378,18.549029,-0.022270,-0.022310,-1.536860,ndi
1786509852.386886,18.566537,-0.022260,-0.022320,-1.536900,ndi
1786509852.401854,18.581505,-0.022260,-0.022310,-1.536850,ndi
1786509852.419381,18.599033,-0.022260,-0.022300,-1.536870,ndi
1786509852.436902,18.616554,-0.022260,-0.022320,-1.536870,ndi
1786509852.451913,18.631565,-0.022260,-0.022320,-1.536890,ndi
1786509852.469391,18.649042,-0.022270,-0.022310,-1.536870,ndi
1786509852.486836,18.666487,-0.022260,-0.022300,-1.536880,ndi
1786509852.501879,18.681530,-0.022260,-0.022310,-1.536860,ndi
1786509852.519413,18.699065,-0.022280,-0.022320,-1.536890,ndi
1786509852.536890,18.716542,-0.022270,-0.022310,-1.536880,ndi
1786509852.551923,18.731575,-0.022280,-0.022300,-1.536860,ndi
1786509852.569365,18.749016,-0.022270,-0.022320,-1.536870,ndi
1786509852.586814,18.766466,-0.022270,-0.022320,-1.536880,ndi
1786509852.601840,18.781492,-0.022270,-0.022300,-1.536870,ndi
1786509852.619390,18.799041,-0.022260,-0.022300,-1.536850,ndi
1786509852.636879,18.816531,-0.022270,-0.022330,-1.536860,ndi
1786509852.651898,18.831550,-0.022260,-0.022320,-1.536880,ndi
1786509852.669387,18.849038,-0.022270,-0.022300,-1.536890,ndi
1786509852.686866,18.866517,-0.022270,-0.022310,-1.536880,ndi
1786509852.701893,18.881545,-0.022270,-0.022330,-1.536880,ndi
1786509852.719411,18.899063,-0.022280,-0.022320,-1.536880,ndi
1786509852.736896,18.916548,-0.022270,-0.022310,-1.536890,ndi
1786509852.751897,18.931549,-0.022270,-0.022310,-1.536880,ndi
1786509852.769363,18.949014,-0.022280,-0.022320,-1.536860,ndi
1786509852.784422,18.964074,-0.022270,-0.022310,-1.536880,ndi
1786509852.801888,18.981539,-0.022270,-0.022310,-1.536880,ndi
1786509852.819385,18.999036,-0.022270,-0.022320,-1.536870,ndi
1786509852.836894,19.016545,-0.022260,-0.022320,-1.536900,ndi
1786509852.851875,19.031526,-0.022270,-0.022310,-1.536880,ndi
1786509852.869349,19.049000,-0.022260,-0.022310,-1.536860,ndi
1786509852.886870,19.066522,-0.022270,-0.022320,-1.536890,ndi
1786509852.901879,19.081530,-0.022280,-0.022320,-1.536890,ndi
1786509852.919533,19.099184,-0.022270,-0.022310,-1.536860,ndi
1786509852.936908,19.116559,-0.022280,-0.022320,-1.536900,ndi
1786509852.951899,19.131551,-0.022280,-0.022320,-1.536880,ndi
1786509852.969373,19.149025,-0.022280,-0.022320,-1.536870,ndi
1786509852.984431,19.164083,-0.022280,-0.022310,-1.536890,ndi
1786509853.001914,19.181565,-0.022260,-0.022320,-1.536870,ndi
1786509853.019391,19.199043,-0.022270,-0.022320,-1.536900,ndi
1786509853.036939,19.216591,-0.022280,-0.022320,-1.536870,ndi
1786509853.051936,19.231588,-0.022270,-0.022310,-1.536880,ndi
1786509853.069370,19.249021,-0.022270,-0.022320,-1.536880,ndi
1786509853.086879,19.266531,-0.022270,-0.022330,-1.536890,ndi
1786509853.101907,19.281558,-0.022280,-0.022320,-1.536900,ndi
1786509853.119519,19.299171,-0.022280,-0.022310,-1.536890,ndi
1786509853.136896,19.316547,-0.022290,-0.022320,-1.536880,ndi
1786509853.151901,19.331552,-0.022280,-0.022330,-1.536870,ndi
1786509853.169389,19.349040,-0.022280,-0.022310,-1.536880,ndi
1786509853.184482,19.364133,-0.022280,-0.022310,-1.536890,ndi
1786509853.201900,19.381551,-0.022270,-0.022320,-1.536900,ndi
1786509853.219396,19.399047,-0.022280,-0.022330,-1.536880,ndi
1786509853.236904,19.416555,-0.022280,-0.022310,-1.536860,ndi
1786509853.251924,19.431576,-0.022270,-0.022310,-1.536880,ndi
1786509853.269361,19.449012,-0.022280,-0.022330,-1.536890,ndi
1786509853.286899,19.466550,-0.022300,-0.022330,-1.536900,ndi
1786509853.301904,19.481556,-0.022290,-0.022310,-1.536890,ndi
1786509853.319479,19.499130,-0.022290,-0.022310,-1.536880,ndi
1786509853.336905,19.516557,-0.022290,-0.022330,-1.536880,ndi
1786509853.351892,19.531543,-0.022300,-0.022330,-1.536880,ndi
1786509853.369347,19.548998,-0.022280,-0.022320,-1.536890,ndi
1786509853.386883,19.566534,-0.022290,-0.022320,-1.536850,ndi
1786509853.401904,19.581556,-0.022280,-0.022330,-1.536870,ndi
1786509853.419405,19.599057,-0.022280,-0.022330,-1.536880,ndi
1786509853.436921,19.616572,-0.022280,-0.022310,-1.536870,ndi
1786509853.451923,19.631574,-0.022280,-0.022310,-1.536860,ndi
1786509853.469391,19.649042,-0.022290,-0.022340,-1.536880,ndi
1786509853.486888,19.666539,-0.022290,-0.022330,-1.536870,ndi
1786509853.501912,19.681563,-0.022300,-0.022310,-1.536890,ndi
1786509853.519444,19.699096,-0.022300,-0.022320,-1.536890,ndi
1786509853.536928,19.716579,-0.022290,-0.022330,-1.536880,ndi
1786509853.551896,19.731548,-0.022290,-0.022330,-1.536880,ndi
1786509853.569358,19.749009,-0.022300,-0.022320,-1.536900,ndi
1786509853.586891,19.766542,-0.022290,-0.022320,-1.536900,ndi
1786509853.601909,19.781561,-0.022280,-0.022330,-1.536890,ndi
1786509853.619372,19.799024,-0.022290,-0.022330,-1.536870,ndi
1786509853.636905,19.816557,-0.022280,-0.022320,-1.536880,ndi
1786509853.651916,19.831567,-0.022280,-0.022320,-1.536890,ndi
1786509853.669378,19.849029,-0.022300,-0.022330,-1.536880,ndi
1786509853.686870,19.866521,-0.022290,-0.022320,-1.536890,ndi
1786509853.701987,19.881639,-0.022290,-0.022320,-1.536870,ndi
1786509853.719415,19.899066,-0.022300,-0.022320,-1.536880,ndi
1786509853.736914,19.916565,-0.022290,-0.022330,-1.536880,ndi
1786509853.751871,19.931522,-0.022310,-0.022330,-1.536890,ndi
1786509853.769385,19.949036,-0.022290,-0.022320,-1.536860,ndi
1786509853.786895,19.966546,-0.022290,-0.022310,-1.536880,ndi
1786509853.801919,19.981570,-0.022290,-0.022320,-1.536870,ndi
1786509853.819401,19.999053,-0.022290,-0.022330,-1.536880,ndi
1786509853.836897,20.016549,-0.022290,-0.022320,-1.536890,ndi
1786509853.851902,20.031554,-0.022290,-0.022320,-1.536890,ndi
1786509853.869392,20.049044,-0.022290,-0.022330,-1.536890,ndi
1786509853.886904,20.066556,-0.022300,-0.022330,-1.536910,ndi
1786509853.901942,20.081593,-0.022300,-0.022310,-1.536890,ndi
1786509853.919424,20.099075,-0.022300,-0.022310,-1.536920,ndi
1786509853.936907,20.116559,-0.022290,-0.022320,-1.536890,ndi
1786509853.951871,20.131523,-0.022310,-0.022320,-1.536910,ndi
1786509853.969418,20.149070,-0.022300,-0.022300,-1.536900,ndi
1786509853.986905,20.166556,-0.022300,-0.022300,-1.536880,ndi
1786509854.001925,20.181576,-0.022310,-0.022310,-1.536920,ndi
1786509854.019403,20.199054,-0.022300,-0.022300,-1.536910,ndi
1786509854.036952,20.216604,-0.022310,-0.022290,-1.536950,ndi
1786509854.051933,20.231585,-0.022310,-0.022300,-1.536940,ndi
1786509854.069401,20.249052,-0.022320,-0.022310,-1.536940,ndi
1786509854.086915,20.266567,-0.022320,-0.022300,-1.536930,ndi
1786509854.101931,20.281583,-0.022310,-0.022300,-1.536910,ndi
1786509854.119398,20.299050,-0.022320,-0.022300,-1.536930,ndi
1786509854.134475,20.314127,-0.022320,-0.022300,-1.536940,ndi
1786509854.151908,20.331559,-0.022320,-0.022300,-1.536920,ndi
1786509854.169394,20.349046,-0.022310,-0.022300,-1.536920,ndi
1786509854.186900,20.366552,-0.022310,-0.022290,-1.536940,ndi
1786509854.201936,20.381588,-0.022310,-0.022290,-1.536930,ndi
1786509854.219416,20.399068,-0.022310,-0.022300,-1.536940,ndi
1786509854.236923,20.416574,-0.022310,-0.022290,-1.536950,ndi
1786509854.251909,20.431561,-0.022320,-0.022280,-1.536940,ndi
1786509854.269392,20.449044,-0.022340,-0.022280,-1.536940,ndi
1786509854.286908,20.466559,-0.022330,-0.022290,-1.536910,ndi
1786509854.301927,20.481579,-0.022340,-0.022280,-1.536960,ndi
1786509854.319418,20.499070,-0.022340,-0.022270,-1.536980,ndi
1786509854.334465,20.514117,-0.022340,-0.022270,-1.536960,ndi
1786509854.351894,20.531545,-0.022340,-0.022270,-1.536960,ndi
1786509854.369429,20.549080,-0.022350,-0.022260,-1.536990,ndi
1786509854.386912,20.566564,-0.022340,-0.022240,-1.536970,ndi
1786509854.401926,20.581578,-0.022350,-0.022250,-1.536970,ndi
1786509854.419421,20.599073,-0.022360,-0.022250,-1.536990,ndi
1786509854.436878,20.616529,-0.022350,-0.022230,-1.537000,ndi
1786509854.451903,20.631555,-0.022370,-0.022220,-1.536970,ndi
1786509854.469428,20.649079,-0.022380,-0.022230,-1.536990,ndi
1786509854.486917,20.666569,-0.022370,-0.022230,-1.537020,ndi
1786509854.501995,20.681647,-0.022400,-0.022200,-1.537010,ndi
1786509854.519433,20.699084,-0.022390,-0.022190,-1.537010,ndi
1786509854.534501,20.714153,-0.022410,-0.022200,-1.537020,ndi
1786509854.551906,20.731557,-0.022400,-0.022200,-1.537010,ndi
1786509854.569439,20.749090,-0.022400,-0.022180,-1.537000,ndi
1786509854.586924,20.766575,-0.022400,-0.022180,-1.537010,ndi
1786509854.601943,20.781594,-0.022420,-0.022180,-1.537010,ndi
1786509854.619439,20.799090,-0.022420,-0.022170,-1.537030,ndi
1786509854.634709,20.814361,-0.022420,-0.022160,-1.537010,ndi
1786509854.651960,20.831611,-0.022440,-0.022160,-1.537020,ndi
1786509854.669434,20.849086,-0.022440,-0.022160,-1.537030,ndi
1786509854.686927,20.866578,-0.022450,-0.022150,-1.537050,ndi
1786509854.701937,20.881588,-0.022460,-0.022130,-1.537030,ndi
1786509854.719395,20.899047,-0.022450,-0.022140,-1.537050,ndi
1786509854.734468,20.914119,-0.022450,-0.022150,-1.537060,ndi
1786509854.751932,20.931584,-0.022460,-0.022130,-1.537060,ndi
1786509854.769442,20.949094,-0.022450,-0.022120,-1.537040,ndi
1786509854.786967,20.966618,-0.022460,-0.022110,-1.537070,ndi
1786509854.801941,20.981593,-0.022460,-0.022120,-1.537030,ndi
1786509854.819448,20.999100,-0.022470,-0.022110,-1.537060,ndi
1786509854.836962,21.016613,-0.022470,-0.022090,-1.537050,ndi
1786509854.851944,21.031595,-0.022490,-0.022090,-1.537070,ndi
1786509854.869421,21.049073,-0.022490,-0.022090,-1.537090,ndi
1786509854.886931,21.066583,-0.022490,-0.022090,-1.537070,ndi
1786509854.901941,21.081593,-0.022500,-0.022070,-1.537080,ndi
1786509854.919424,21.099075,-0.022500,-0.022060,-1.537060,ndi
1786509854.934451,21.114102,-0.022510,-0.022070,-1.537100,ndi
1786509854.951945,21.131597,-0.022510,-0.022060,-1.537100,ndi
1786509854.969456,21.149108,-0.022510,-0.022040,-1.537080,ndi
1786509854.986956,21.166608,-0.022530,-0.022040,-1.537110,ndi
1786509855.001986,21.181638,-0.022530,-0.022040,-1.537100,ndi
1786509855.019440,21.199091,-0.022520,-0.022020,-1.537110,ndi
1786509855.037018,21.216670,-0.022540,-0.022020,-1.537090,ndi
1786509855.052003,21.231654,-0.022550,-0.022020,-1.537120,ndi
1786509855.069463,21.249114,-0.022560,-0.022000,-1.537100,ndi
1786509855.087015,21.266667,-0.022560,-0.021990,-1.537100,ndi
1786509855.101988,21.281640,-0.022570,-0.021980,-1.537090,ndi
1786509855.119456,21.299107,-0.022570,-0.021990,-1.537130,ndi
1786509855.136940,21.316591,-0.022570,-0.021980,-1.537120,ndi
1786509855.151997,21.331649,-0.022570,-0.021960,-1.537130,ndi
1786509855.169471,21.349123,-0.022580,-0.021950,-1.537100,ndi
1786509855.186917,21.366568,-0.022590,-0.021950,-1.537100,ndi
1786509855.201952,21.381603,-0.022580,-0.021950,-1.537150,ndi
1786509855.219397,21.399049,-0.022590,-0.021930,-1.537130,ndi
1786509855.236999,21.416651,-0.022600,-0.021930,-1.537120,ndi
1786509855.251961,21.431613,-0.022620,-0.021930,-1.537150,ndi
1786509855.269438,21.449090,-0.022620,-0.021920,-1.537160,ndi
1786509855.286960,21.466611,-0.022610,-0.021910,-1.537160,ndi
1786509855.301968,21.481619,-0.022620,-0.021910,-1.537140,ndi
1786509855.319427,21.499079,-0.022620,-0.021910,-1.537140,ndi
1786509855.336942,21.516594,-0.022630,-0.021900,-1.537160,ndi
1786509855.351934,21.531586,-0.022630,-0.021890,-1.537140,ndi
1786509855.369464,21.549115,-0.022620,-0.021890,-1.537140,ndi
1786509855.386955,21.566607,-0.022640,-0.021880,-1.537180,ndi
1786509855.401963,21.581614,-0.022640,-0.021870,-1.537160,ndi
1786509855.419432,21.599083,-0.022650,-0.021870,-1.537170,ndi
1786509855.437110,21.616761,-0.022660,-0.021860,-1.537210,ndi
1786509855.451942,21.631594,-0.022670,-0.021850,-1.537180,ndi
1786509855.469442,21.649093,-0.022660,-0.021840,-1.537220,ndi
1786509855.486964,21.666615,-0.022670,-0.021840,-1.537230,ndi
1786509855.501923,21.681574,-0.022680,-0.021830,-1.537190,ndi
1786509855.519428,21.699080,-0.022680,-0.021820,-1.537250,ndi
1786509855.536959,21.716611,-0.022680,-0.021810,-1.537220,ndi
1786509855.551957,21.731609,-0.022690,-0.021810,-1.537250,ndi
1786509855.569444,21.749096,-0.022690,-0.021800,-1.537270,ndi
1786509855.586947,21.766598,-0.022710,-0.021790,-1.537250,ndi
1786509855.601949,21.781600,-0.022700,-0.021790,-1.537250,ndi
1786509855.619451,21.799103,-0.022700,-0.021780,-1.537280,ndi
1786509855.636935,21.816587,-0.022730,-0.021770,-1.537280,ndi
1786509855.652036,21.831687,-0.022730,-0.021750,-1.537280,ndi
1786509855.669457,21.849109,-0.022730,-0.021740,-1.537290,ndi
1786509855.686948,21.866600,-0.022740,-0.021750,-1.537300,ndi
1786509855.701894,21.881546,-0.022750,-0.021740,-1.537310,ndi
1786509855.719447,21.899099,-0.022740,-0.021720,-1.537290,ndi
1786509855.736974,21.916625,-0.022740,-0.021710,-1.537310,ndi
1786509855.751999,21.931651,-0.022760,-0.021720,-1.537310,ndi
1786509855.769453,21.949104,-0.022760,-0.021710,-1.537330,ndi
1786509855.786991,21.966643,-0.022760,-0.021690,-1.537330,ndi
1786509855.801971,21.981622,-0.022770,-0.021690,-1.537370,ndi
1786509855.819499,21.999151,-0.022770,-0.021690,-1.537370,ndi
1786509855.836964,22.016615,-0.022780,-0.021680,-1.537350,ndi
1786509855.851987,22.031639,-0.022780,-0.021670,-1.537380,ndi
1786509855.869453,22.049104,-0.022790,-0.021670,-1.537400,ndi
1786509855.886952,22.066604,-0.022800,-0.021670,-1.537410,ndi
1786509855.901906,22.081558,-0.022800,-0.021660,-1.537370,ndi
1786509855.919432,22.099084,-0.022800,-0.021640,-1.537430,ndi
1786509855.936949,22.116600,-0.022800,-0.021640,-1.537400,ndi
1786509855.951964,22.131616,-0.022810,-0.021650,-1.537430,ndi
1786509855.969446,22.149098,-0.022820,-0.021620,-1.537450,ndi
1786509855.986960,22.166612,-0.022810,-0.021620,-1.537440,ndi
1786509856.001945,22.181596,-0.022820,-0.021620,-1.537460,ndi
1786509856.019457,22.199109,-0.022840,-0.021610,-1.537480,ndi
1786509856.036955,22.216607,-0.022840,-0.021580,-1.537470,ndi
1786509856.052002,22.231653,-0.022850,-0.021580,-1.537490,ndi
1786509856.069501,22.249153,-0.022850,-0.021590,-1.537460,ndi
1786509856.087025,22.266676,-0.022860,-0.021580,-1.537510,ndi
1786509856.101963,22.281615,-0.022860,-0.021560,-1.537510,ndi
1786509856.119479,22.299130,-0.022860,-0.021550,-1.537530,ndi
1786509856.136963,22.316614,-0.022870,-0.021550,-1.537540,ndi
1786509856.151993,22.331644,-0.022870,-0.021540,-1.537570,ndi
1786509856.169449,22.349100,-0.022880,-0.021520,-1.537570,ndi
1786509856.186954,22.366605,-0.022880,-0.021510,-1.537560,ndi
1786509856.201937,22.381588,-0.022890,-0.021510,-1.537570,ndi
1786509856.219468,22.399120,-0.022900,-0.021480,-1.537580,ndi
1786509856.236964,22.416615,-0.022910,-0.021470,-1.537630,ndi
1786509856.251995,22.431646,-0.022920,-0.021470,-1.537630,ndi
1786509856.269462,22.449114,-0.022920,-0.021450,-1.537640,ndi
1786509856.286903,22.466555,-0.022930,-0.021450,-1.537670,ndi
1786509856.301934,22.481585,-0.022920,-0.021430,-1.537670,ndi
1786509856.319460,22.499112,-0.022930,-0.021430,-1.537660,ndi
1786509856.336961,22.516612,-0.022940,-0.021420,-1.537680,ndi
1786509856.352053,22.531704,-0.022940,-0.021400,-1.537670,ndi
1786509856.369483,22.549135,-0.022950,-0.021390,-1.537690,ndi
1786509856.386927,22.566578,-0.022950,-0.021380,-1.537700,ndi
1786509856.401987,22.581638,-0.022950,-0.021380,-1.537710,ndi
1786509856.419455,22.599106,-0.022960,-0.021370,-1.537720,ndi
1786509856.436970,22.616621,-0.022970,-0.021350,-1.537730,ndi
1786509856.451997,22.631649,-0.022980,-0.021350,-1.537770,ndi
1786509856.469466,22.649117,-0.022980,-0.021350,-1.537750,ndi
1786509856.486911,22.666562,-0.022980,-0.021330,-1.537770,ndi
1786509856.501934,22.681586,-0.022980,-0.021320,-1.537760,ndi
1786509856.519472,22.699124,-0.022990,-0.021310,-1.537770,ndi
1786509856.536966,22.716617,-0.022990,-0.021310,-1.537760,ndi
1786509856.551983,22.731635,-0.022980,-0.021300,-1.537760,ndi
1786509856.569469,22.749121,-0.022990,-0.021290,-1.537780,ndi
1786509856.586942,22.766593,-0.023000,-0.021290,-1.537820,ndi
1786509856.601975,22.781627,-0.023010,-0.021280,-1.537810,ndi
1786509856.619458,22.799110,-0.023020,-0.021250,-1.537830,ndi
1786509856.636959,22.816611,-0.023020,-0.021250,-1.537830,ndi
1786509856.652008,22.831659,-0.023020,-0.021260,-1.537860,ndi
1786509856.669441,22.849093,-0.023030,-0.021230,-1.537840,ndi
1786509856.686938,22.866589,-0.023030,-0.021220,-1.537870,ndi
1786509856.701960,22.881611,-0.023030,-0.021220,-1.537860,ndi
1786509856.719455,22.899107,-0.023030,-0.021210,-1.537880,ndi
1786509856.736963,22.916614,-0.023040,-0.021190,-1.537880,ndi
1786509856.751994,22.931645,-0.023040,-0.021160,-1.537870,ndi
1786509856.769446,22.949097,-0.023040,-0.021180,-1.537890,ndi
1786509856.786958,22.966609,-0.023060,-0.021170,-1.537910,ndi
1786509856.801972,22.981623,-0.023060,-0.021140,-1.537940,ndi
1786509856.819464,22.999115,-0.023060,-0.021120,-1.537920,ndi
1786509856.836983,23.016634,-0.023070,-0.021140,-1.537950,ndi
1786509856.852013,23.031664,-0.023070,-0.021130,-1.537970,ndi
1786509856.869455,23.049106,-0.023080,-0.021100,-1.537970,ndi
1786509856.886958,23.066610,-0.023070,-0.021090,-1.537980,ndi
1786509856.901987,23.081638,-0.023070,-0.021100,-1.538000,ndi
1786509856.919481,23.099133,-0.023080,-0.021090,-1.538020,ndi
1786509856.934520,23.114171,-0.023090,-0.021060,-1.538000,ndi
1786509856.951985,23.131636,-0.023080,-0.021040,-1.538020,ndi
1786509856.969404,23.149056,-0.023090,-0.021050,-1.538080,ndi
1786509856.986960,23.166612,-0.023090,-0.021040,-1.538040,ndi
1786509857.001927,23.181579,-0.023110,-0.021020,-1.538060,ndi
1786509857.019467,23.199119,-0.023110,-0.021020,-1.538060,ndi
1786509857.037008,23.216659,-0.023110,-0.021020,-1.538090,ndi
1786509857.052042,23.231694,-0.023110,-0.021010,-1.538090,ndi
1786509857.069514,23.249166,-0.023110,-0.020990,-1.538120,ndi
1786509857.086980,23.266632,-0.023110,-0.021000,-1.538130,ndi
1786509857.102011,23.281662,-0.023110,-0.020990,-1.538120,ndi
1786509857.119528,23.299180,-0.023110,-0.020970,-1.538140,ndi
1786509857.137025,23.316677,-0.023120,-0.020950,-1.538170,ndi
1786509857.152009,23.331661,-0.023120,-0.020960,-1.538180,ndi
1786509857.169442,23.349093,-0.023130,-0.020950,-1.538180,ndi
1786509857.186965,23.366617,-0.023130,-0.020930,-1.538170,ndi
1786509857.201992,23.381644,-0.023140,-0.020920,-1.538190,ndi
1786509857.219471,23.399122,-0.023140,-0.020910,-1.538220,ndi
1786509857.236972,23.416624,-0.023150,-0.020900,-1.538250,ndi
1786509857.252154,23.431806,-0.023150,-0.020890,-1.538250,ndi
1786509857.269457,23.449108,-0.023140,-0.020880,-1.538280,ndi
1786509857.286951,23.466603,-0.023140,-0.020870,-1.538270,ndi
1786509857.301985,23.481636,-0.023150,-0.020860,-1.538280,ndi
1786509857.319472,23.499124,-0.023150,-0.020860,-1.538300,ndi
1786509857.336971,23.516622,-0.023150,-0.020850,-1.538310,ndi
1786509857.351988,23.531639,-0.023150,-0.020840,-1.538320,ndi
1786509857.369472,23.549124,-0.023160,-0.020820,-1.538360,ndi
1786509857.386950,23.566602,-0.023180,-0.020810,-1.538390,ndi
1786509857.401986,23.581637,-0.023180,-0.020800,-1.538380,ndi
1786509857.419489,23.599141,-0.023170,-0.020790,-1.538380,ndi
1786509857.436983,23.616635,-0.023170,-0.020770,-1.538420,ndi
1786509857.452017,23.631668,-0.023190,-0.020770,-1.538390,ndi
1786509857.469467,23.649118,-0.023190,-0.020770,-1.538440,ndi
1786509857.486983,23.666634,-0.023180,-0.020750,-1.538450,ndi
1786509857.501986,23.681638,-0.023180,-0.020730,-1.538450,ndi
1786509857.519576,23.699228,-0.023190,-0.020730,-1.538450,ndi
1786509857.536989,23.716641,-0.023190,-0.020730,-1.538470,ndi
1786509857.552005,23.731656,-0.023200,-0.020700,-1.538480,ndi
1786509857.569463,23.749115,-0.023190,-0.020690,-1.538470,ndi
1786509857.586971,23.766622,-0.023200,-0.020700,-1.538500,ndi
1786509857.602047,23.781698,-0.023210,-0.020700,-1.538520,ndi
1786509857.619489,23.799140,-0.023210,-0.020660,-1.538510,ndi
1786509857.636971,23.816623,-0.023210,-0.020660,-1.538520,ndi
1786509857.651958,23.831609,-0.023230,-0.020670,-1.538550,ndi
1786509857.669459,23.849111,-0.023210,-0.020650,-1.538560,ndi
1786509857.686975,23.866627,-0.023220,-0.020620,-1.538560,ndi
1786509857.701999,23.881650,-0.023210,-0.020620,-1.538550,ndi
1786509857.719480,23.899132,-0.023210,-0.020640,-1.538570,ndi
1786509857.736958,23.916610,-0.023220,-0.020610,-1.538560,ndi
1786509857.751958,23.931610,-0.023220,-0.020580,-1.538590,ndi
1786509857.769471,23.949123,-0.023220,-0.020590,-1.538600,ndi
1786509857.786976,23.966628,-0.023230,-0.020600,-1.538630,ndi
1786509857.801989,23.981640,-0.023240,-0.020570,-1.538630,ndi
1786509857.819492,23.999144,-0.023240,-0.020540,-1.538630,ndi
1786509857.834496,24.014147,-0.023240,-0.020550,-1.538640,ndi
1786509857.851936,24.031588,-0.023250,-0.020560,-1.538700,ndi
1786509857.869465,24.049116,-0.023230,-0.020520,-1.538700,ndi
1786509857.886974,24.066626,-0.023240,-0.020500,-1.538710,ndi
1786509857.902008,24.081660,-0.023230,-0.020520,-1.538720,ndi
1786509857.919493,24.099145,-0.023240,-0.020510,-1.538700,ndi
1786509857.934775,24.114427,-0.023240,-0.020470,-1.538710,ndi
1786509857.951983,24.131634,-0.023250,-0.020470,-1.538730,ndi
1786509857.969484,24.149135,-0.023270,-0.020490,-1.538750,ndi
1786509857.986984,24.166635,-0.023260,-0.020470,-1.538750,ndi
1786509858.001993,24.181645,-0.023260,-0.020440,-1.538740,ndi
1786509858.019481,24.199133,-0.023260,-0.020440,-1.538770,ndi
1786509858.036942,24.216593,-0.023260,-0.020450,-1.538760,ndi
1786509858.051975,24.231627,-0.023260,-0.020440,-1.538810,ndi
1786509858.069473,24.249124,-0.023260,-0.020400,-1.538800,ndi
1786509858.086977,24.266629,-0.023260,-0.020400,-1.538810,ndi
1786509858.101970,24.281621,-0.023260,-0.020410,-1.538820,ndi
1786509858.119470,24.299121,-0.023250,-0.020380,-1.538810,ndi
1786509858.136982,24.316633,-0.023260,-0.020360,-1.538840,ndi
1786509858.151977,24.331628,-0.023260,-0.020370,-1.538820,ndi
1786509858.169477,24.349129,-0.023280,-0.020370,-1.538850,ndi
1786509858.186981,24.366633,-0.023270,-0.020350,-1.538870,ndi
1786509858.202133,24.381784,-0.023270,-0.020340,-1.538890,ndi
1786509858.219490,24.399141,-0.023280,-0.020340,-1.538900,ndi
1786509858.236937,24.416588,-0.023280,-0.020340,-1.538900,ndi
1786509858.251953,24.431604,-0.023280,-0.020320,-1.538900,ndi
1786509858.269505,24.449156,-0.023270,-0.020300,-1.538890,ndi
1786509858.287001,24.466653,-0.023270,-0.020310,-1.538890,ndi
1786509858.302002,24.481654,-0.023280,-0.020300,-1.538940,ndi
1786509858.319475,24.499126,-0.023270,-0.020290,-1.538950,ndi
1786509858.336961,24.516612,-0.023280,-0.020270,-1.538960,ndi
1786509858.351996,24.531648,-0.023280,-0.020270,-1.538970,ndi
1786509858.369461,24.549113,-0.023280,-0.020260,-1.538980,ndi
1786509858.386993,24.566645,-0.023290,-0.020250,-1.539010,ndi
1786509858.402007,24.581659,-0.023290,-0.020240,-1.539040,ndi
1786509858.419481,24.599132,-0.023290,-0.020230,-1.539020,ndi
1786509858.436937,24.616588,-0.023300,-0.020220,-1.539050,ndi
1786509858.451961,24.631612,-0.023290,-0.020210,-1.539040,ndi
1786509858.469567,24.649219,-0.023290,-0.020200,-1.539070,ndi
1786509858.487008,24.666660,-0.023280,-0.020190,-1.539060,ndi
1786509858.501992,24.681644,-0.023300,-0.020190,-1.539070,ndi
1786509858.519504,24.699156,-0.023280,-0.020170,-1.539100,ndi
1786509858.536989,24.716640,-0.023300,-0.020160,-1.539120,ndi
1786509858.551981,24.731633,-0.023300,-0.020160,-1.539150,ndi
1786509858.569482,24.749134,-0.023300,-0.020150,-1.539170,ndi
1786509858.586997,24.766649,-0.023310,-0.020140,-1.539180,ndi
1786509858.602014,24.781665,-0.023300,-0.020130,-1.539180,ndi
1786509858.619473,24.799124,-0.023310,-0.020120,-1.539180,ndi
1786509858.634527,24.814179,-0.023300,-0.020110,-1.539210,ndi
1786509858.652007,24.831659,-0.023290,-0.020100,-1.539200,ndi
1786509858.669525,24.849177,-0.023310,-0.020090,-1.539250,ndi
1786509858.686983,24.866634,-0.023310,-0.020080,-1.539220,ndi
1786509858.702002,24.881654,-0.023310,-0.020070,-1.539270,ndi
1786509858.719490,24.899142,-0.023310,-0.020070,-1.539260,ndi
1786509858.737005,24.916656,-0.023310,-0.020060,-1.539300,ndi
1786509858.751998,24.931649,-0.023320,-0.020040,-1.539300,ndi
1786509858.769514,24.949165,-0.023320,-0.020040,-1.539300,ndi
1786509858.787003,24.966655,-0.023310,-0.020040,-1.539320,ndi
1786509858.801992,24.981643,-0.023320,-0.020020,-1.539290,ndi
1786509858.819462,24.999114,-0.023330,-0.020010,-1.539330,ndi
1786509858.834500,25.014151,-0.023310,-0.020010,-1.539360,ndi
1786509858.852023,25.031674,-0.023310,-0.020000,-1.539370,ndi
1786509858.869524,25.049176,-0.023320,-0.019980,-1.539370,ndi
1786509858.886986,25.066638,-0.023310,-0.019970,-1.539370,ndi
1786509858.901987,25.081639,-0.023310,-0.019970,-1.539380,ndi
1786509858.919473,25.099124,-0.023310,-0.019960,-1.539390,ndi
1786509858.936986,25.116637,-0.023310,-0.019940,-1.539420,ndi
1786509858.952019,25.131670,-0.023320,-0.019930,-1.539450,ndi
1786509858.969492,25.149143,-0.023330,-0.019930,-1.539440,ndi
1786509858.987021,25.166672,-0.023320,-0.019920,-1.539470,ndi
1786509859.001996,25.181647,-0.023320,-0.019900,-1.539490,ndi
1786509859.019449,25.199100,-0.023330,-0.019880,-1.539490,ndi
1786509859.036968,25.216620,-0.023310,-0.019890,-1.539510,ndi
1786509859.052017,25.231668,-0.023320,-0.019880,-1.539500,ndi
1786509859.069528,25.249180,-0.023310,-0.019860,-1.539510,ndi
1786509859.087027,25.266678,-0.023310,-0.019850,-1.539550,ndi
1786509859.102024,25.281675,-0.023320,-0.019850,-1.539540,ndi
1786509859.119472,25.299124,-0.023320,-0.019830,-1.539560,ndi
1786509859.136994,25.316646,-0.023330,-0.019820,-1.539570,ndi
1786509859.152017,25.331669,-0.023330,-0.019820,-1.539580,ndi
1786509859.169504,25.349155,-0.023330,-0.019810,-1.539580,ndi
1786509859.184599,25.364251,-0.023320,-0.019790,-1.539590,ndi
1786509859.201984,25.381636,-0.023330,-0.019780,-1.539620,ndi
1786509859.219483,25.399135,-0.023330,-0.019780,-1.539630,ndi
1786509859.236993,25.416644,-0.023310,-0.019760,-1.539620,ndi
1786509859.252039,25.431691,-0.023320,-0.019750,-1.539650,ndi
1786509859.269641,25.449293,-0.023310,-0.019740,-1.539640,ndi
1786509859.287007,25.466659,-0.023310,-0.019730,-1.539660,ndi
1786509859.302035,25.481687,-0.023320,-0.019730,-1.539680,ndi
1786509859.319501,25.499153,-0.023320,-0.019720,-1.539680,ndi
1786509859.336992,25.516643,-0.023330,-0.019710,-1.539680,ndi
1786509859.352014,25.531666,-0.023330,-0.019700,-1.539680,ndi
1786509859.369511,25.549163,-0.023320,-0.019690,-1.539710,ndi
1786509859.384604,25.564255,-0.023330,-0.019690,-1.539710,ndi
1786509859.401967,25.581619,-0.023330,-0.019680,-1.539730,ndi
1786509859.419482,25.599134,-0.023330,-0.019670,-1.539740,ndi
1786509859.436990,25.616642,-0.023320,-0.019660,-1.539740,ndi
1786509859.452007,25.631658,-0.023320,-0.019660,-1.539750,ndi
1786509859.469579,25.649231,-0.023320,-0.019640,-1.539760,ndi
1786509859.487020,25.666672,-0.023310,-0.019620,-1.539780,ndi
1786509859.502021,25.681672,-0.023330,-0.019620,-1.539780,ndi
1786509859.519564,25.699216,-0.023320,-0.019620,-1.539800,ndi
1786509859.536996,25.716648,-0.023330,-0.019600,-1.539830,ndi
1786509859.552039,25.731690,-0.023330,-0.019590,-1.539830,ndi
1786509859.571150,25.750802,-0.023330,-0.019580,-1.539830,ndi
1786509859.584671,25.764323,-0.023320,-0.019570,-1.539830,ndi
1786509859.601984,25.781636,-0.023330,-0.019570,-1.539900,ndi
1786509859.619449,25.799100,-0.023320,-0.019550,-1.539880,ndi
1786509859.634596,25.814248,-0.023320,-0.019540,-1.539860,ndi
1786509859.652025,25.831676,-0.023320,-0.019540,-1.539900,ndi
1786509859.669507,25.849159,-0.023320,-0.019530,-1.539900,ndi
1786509859.684608,25.864259,-0.023320,-0.019520,-1.539910,ndi
1786509859.701971,25.881623,-0.023320,-0.019500,-1.539940,ndi
1786509859.719503,25.899154,-0.023320,-0.019500,-1.539960,ndi
1786509859.734604,25.914256,-0.023320,-0.019500,-1.539970,ndi
1786509859.752036,25.931688,-0.023330,-0.019480,-1.539960,ndi
1786509859.769725,25.949377,-0.023320,-0.019470,-1.539970,ndi
1786509859.787063,25.966715,-0.023320,-0.019460,-1.540020,ndi
1786509859.801989,25.981640,-0.023330,-0.019450,-1.540040,ndi
1786509859.819498,25.999149,-0.023300,-0.019440,-1.540020,ndi
1786509859.837020,26.016672,-0.023310,-0.019430,-1.540030,ndi
1786509859.852025,26.031676,-0.023310,-0.019420,-1.540080,ndi
1786509859.869491,26.049143,-0.023300,-0.019420,-1.540060,ndi
1786509859.887037,26.066689,-0.023320,-0.019400,-1.540100,ndi
1786509859.902027,26.081678,-0.023310,-0.019400,-1.540090,ndi
1786509859.919490,26.099142,-0.023320,-0.019400,-1.540090,ndi
1786509859.937009,26.116661,-0.023320,-0.019380,-1.540080,ndi
1786509859.952044,26.131695,-0.023320,-0.019370,-1.540130,ndi
1786509859.969519,26.149171,-0.023320,-0.019370,-1.540150,ndi
1786509859.987024,26.166675,-0.023320,-0.019370,-1.540120,ndi
1786509860.002002,26.181653,-0.023320,-0.019350,-1.540170,ndi
1786509860.019621,26.199273,-0.023300,-0.019330,-1.540130,ndi
1786509860.037017,26.216668,-0.023310,-0.019340,-1.540190,ndi
1786509860.052054,26.231705,-0.023300,-0.019330,-1.540170,ndi
1786509860.069587,26.249238,-0.023300,-0.019300,-1.540180,ndi
1786509860.087058,26.266709,-0.023300,-0.019300,-1.540200,ndi
1786509860.102039,26.281691,-0.023300,-0.019290,-1.540220,ndi
1786509860.119558,26.299209,-0.023320,-0.019280,-1.540250,ndi
1786509860.137054,26.316705,-0.023310,-0.019260,-1.540260,ndi
1786509860.152040,26.331692,-0.023300,-0.019250,-1.540250,ndi
1786509860.169546,26.349197,-0.023310,-0.019250,-1.540290,ndi
1786509860.184629,26.364281,-0.023310,-0.019240,-1.540290,ndi
1786509860.202000,26.381651,-0.023300,-0.019230,-1.540290,ndi
1786509860.219533,26.399184,-0.023300,-0.019220,-1.540300,ndi
1786509860.234601,26.414253,-0.023290,-0.019210,-1.540300,ndi
1786509860.252049,26.431701,-0.023290,-0.019210,-1.540350,ndi
1786509860.269529,26.449180,-0.023290,-0.019200,-1.540360,ndi
1786509860.287002,26.466653,-0.023290,-0.019180,-1.540380,ndi
1786509860.302019,26.481671,-0.023280,-0.019180,-1.540370,ndi
1786509860.319558,26.499210,-0.023300,-0.019170,-1.540380,ndi
1786509860.337037,26.516688,-0.023300,-0.019160,-1.540380,ndi
1786509860.352046,26.531698,-0.023300,-0.019150,-1.540420,ndi
1786509860.369506,26.549158,-0.023300,-0.019150,-1.540390,ndi
1786509860.386983,26.566635,-0.023300,-0.019140,-1.540410,ndi
1786509860.402001,26.581653,-0.023280,-0.019120,-1.540440,ndi
1786509860.419524,26.599176,-0.023280,-0.019110,-1.540440,ndi
1786509860.434714,26.614365,-0.023280,-0.019100,-1.540450,ndi
1786509860.452050,26.631701,-0.023280,-0.019090,-1.540490,ndi
1786509860.469579,26.649230,-0.023280,-0.019080,-1.540500,ndi
1786509860.487054,26.666705,-0.023280,-0.019080,-1.540500,ndi
1786509860.502018,26.681670,-0.023290,-0.019070,-1.540490,ndi
1786509860.519551,26.699202,-0.023290,-0.019060,-1.540500,ndi
1786509860.537028,26.716680,-0.023280,-0.019050,-1.540520,ndi
1786509860.552043,26.731695,-0.023280,-0.019050,-1.540540,ndi
1786509860.569517,26.749169,-0.023280,-0.019050,-1.540550,ndi
1786509860.587031,26.766683,-0.023280,-0.019030,-1.540560,ndi
1786509860.602044,26.781695,-0.023270,-0.019020,-1.540540,ndi
1786509860.619537,26.799188,-0.023270,-0.019030,-1.540570,ndi
1786509860.634621,26.814272,-0.023260,-0.019020,-1.540580,ndi
1786509860.653593,26.833245,-0.023270,-0.018990,-1.540610,ndi
1786509860.669525,26.849176,-0.023270,-0.018980,-1.540620,ndi
1786509860.684619,26.864271,-0.023270,-0.018980,-1.540630,ndi
1786509860.702022,26.881674,-0.023280,-0.018980,-1.540620,ndi
1786509860.719536,26.899188,-0.023270,-0.018960,-1.540650,ndi
1786509860.734613,26.914264,-0.023260,-0.018950,-1.540640,ndi
1786509860.752038,26.931690,-0.023270,-0.018950,-1.540670,ndi
1786509860.769487,26.949138,-0.023260,-0.018940,-1.540680,ndi
1786509860.787029,26.966680,-0.023250,-0.018920,-1.540670,ndi
1786509860.802048,26.981700,-0.023250,-0.018920,-1.540730,ndi
1786509860.819521,26.999173,-0.023250,-0.018920,-1.540710,ndi
1786509860.834630,27.014281,-0.023250,-0.018910,-1.540720,ndi
1786509860.852060,27.031712,-0.023250,-0.018890,-1.540730,ndi
1786509860.869503,27.049155,-0.023240,-0.018880,-1.540760,ndi
1786509860.884712,27.064364,-0.023240,-0.018880,-1.540780,ndi
1786509860.902048,27.081700,-0.023260,-0.018870,-1.540740,ndi
1786509860.919551,27.099202,-0.023250,-0.018860,-1.540770,ndi
1786509860.934674,27.114326,-0.023240,-0.018860,-1.540810,ndi
1786509860.952035,27.131687,-0.023250,-0.018840,-1.540790,ndi
1786509860.969491,27.149143,-0.023250,-0.018840,-1.540840,ndi
1786509860.987014,27.166665,-0.023230,-0.018830,-1.540830,ndi
1786509861.002039,27.181691,-0.023220,-0.018830,-1.540850,ndi
1786509861.019552,27.199204,-0.023230,-0.018800,-1.540860,ndi
1786509861.034621,27.214272,-0.023220,-0.018790,-1.540850,ndi
1786509861.052067,27.231718,-0.023220,-0.018780,-1.540870,ndi
1786509861.069516,27.249167,-0.023220,-0.018770,-1.540860,ndi
1786509861.087054,27.266706,-0.023230,-0.018780,-1.540870,ndi
1786509861.102065,27.281716,-0.023220,-0.018770,-1.540870,ndi
1786509861.119529,27.299181,-0.023230,-0.018760,-1.540880,ndi
1786509861.134623,27.314274,-0.023230,-0.018740,-1.540880,ndi
1786509861.152040,27.331691,-0.023210,-0.018740,-1.540910,ndi
1786509861.169513,27.349164,-0.023220,-0.018740,-1.540920,ndi
1786509861.184657,27.364308,-0.023200,-0.018730,-1.540900,ndi
1786509861.202050,27.381702,-0.023200,-0.018710,-1.540890,ndi
1786509861.219522,27.399173,-0.023200,-0.018710,-1.540900,ndi
1786509861.234615,27.414267,-0.023200,-0.018700,-1.540910,ndi
1786509861.252051,27.431702,-0.023190,-0.018690,-1.540920,ndi
1786509861.269519,27.449170,-0.023200,-0.018680,-1.540950,ndi
1786509861.284640,27.464292,-0.023210,-0.018690,-1.540970,ndi
1786509861.302024,27.481676,-0.023200,-0.018670,-1.540950,ndi
1786509861.319550,27.499202,-0.023200,-0.018650,-1.540970,ndi
1786509861.334718,27.514370,-0.023200,-0.018650,-1.540980,ndi
1786509861.352045,27.531697,-0.023200,-0.018650,-1.541010,ndi
1786509861.369522,27.549174,-0.023190,-0.018640,-1.541040,ndi
1786509861.384688,27.564340,-0.023180,-0.018620,-1.540990,ndi
1786509861.402060,27.581711,-0.023180,-0.018620,-1.541040,ndi
1786509861.419555,27.599206,-0.023170,-0.018610,-1.541040,ndi
1786509861.434627,27.614278,-0.023170,-0.018590,-1.541060,ndi
1786509861.452060,27.631711,-0.023170,-0.018590,-1.541050,ndi
1786509861.469549,27.649200,-0.023160,-0.018590,-1.541080,ndi
1786509861.484635,27.664287,-0.023180,-0.018570,-1.541080,ndi
1786509861.502054,27.681705,-0.023180,-0.018560,-1.541100,ndi
1786509861.519568,27.699220,-0.023160,-0.018560,-1.541120,ndi
1786509861.534717,27.714368,-0.023180,-0.018550,-1.541120,ndi
1786509861.552026,27.731677,-0.023160,-0.018550,-1.541140,ndi
1786509861.569504,27.749156,-0.023150,-0.018540,-1.541140,ndi
1786509861.587059,27.766710,-0.023150,-0.018520,-1.541160,ndi
1786509861.602053,27.781704,-0.023140,-0.018510,-1.541140,ndi
1786509861.619546,27.799197,-0.023140,-0.018500,-1.541170,ndi
1786509861.634656,27.814307,-0.023140,-0.018490,-1.541160,ndi
1786509861.652000,27.831651,-0.023140,-0.018490,-1.541180,ndi
1786509861.669541,27.849193,-0.023130,-0.018470,-1.541190,ndi
1786509861.684701,27.864352,-0.023150,-0.018480,-1.541210,ndi
1786509861.702026,27.881677,-0.023140,-0.018480,-1.541210,ndi
1786509861.719543,27.899194,-0.023140,-0.018460,-1.541230,ndi
1786509861.734614,27.914266,-0.023140,-0.018450,-1.541230,ndi
1786509861.752032,27.931684,-0.023130,-0.018460,-1.541250,ndi
1786509861.769517,27.949169,-0.023120,-0.018440,-1.541220,ndi
1786509861.784756,27.964407,-0.023120,-0.018430,-1.541240,ndi
1786509861.802099,27.981751,-0.023110,-0.018430,-1.541270,ndi
1786509861.819555,27.999207,-0.023110,-0.018430,-1.541280,ndi
1786509861.834625,28.014276,-0.023110,-0.018410,-1.541290,ndi
1786509861.852053,28.031705,-0.023100,-0.018400,-1.541270,ndi
1786509861.869535,28.049187,-0.023120,-0.018390,-1.541290,ndi
1786509861.887038,28.066690,-0.023110,-0.018390,-1.541330,ndi
1786509861.902100,28.081751,-0.023100,-0.018380,-1.541310,ndi
1786509861.919590,28.099242,-0.023110,-0.018370,-1.541320,ndi
1786509861.937037,28.116689,-0.023100,-0.018370,-1.541320,ndi
1786509861.952030,28.131681,-0.023100,-0.018360,-1.541380,ndi
1786509861.969530,28.149181,-0.023080,-0.018350,-1.541380,ndi
1786509861.984643,28.164294,-0.023090,-0.018340,-1.541360,ndi
1786509862.002062,28.181714,-0.023090,-0.018340,-1.541380,ndi
1786509862.019565,28.199217,-0.023070,-0.018330,-1.541390,ndi
1786509862.034634,28.214285,-0.023080,-0.018310,-1.541390,ndi
1786509862.052061,28.231713,-0.023070,-0.018300,-1.541400,ndi
1786509862.069553,28.249205,-0.023080,-0.018310,-1.541420,ndi
1786509862.084734,28.264386,-0.023070,-0.018300,-1.541410,ndi
1786509862.102071,28.281722,-0.023060,-0.018280,-1.541430,ndi
1786509862.119563,28.299215,-0.023080,-0.018270,-1.541460,ndi
1786509862.137027,28.316678,-0.023060,-0.018280,-1.541460,ndi
1786509862.152033,28.331684,-0.023060,-0.018270,-1.541460,ndi
1786509862.169589,28.349241,-0.023050,-0.018250,-1.541480,ndi
1786509862.187058,28.366710,-0.023050,-0.018250,-1.541500,ndi
1786509862.202098,28.381749,-0.023050,-0.018250,-1.541500,ndi
1786509862.219572,28.399224,-0.023040,-0.018240,-1.541500,ndi
1786509862.234705,28.414356,-0.023030,-0.018210,-1.541550,ndi
1786509862.252056,28.431708,-0.023030,-0.018210,-1.541540,ndi
1786509862.269547,28.449199,-0.023040,-0.018220,-1.541530,ndi
1786509862.284710,28.464362,-0.023040,-0.018210,-1.541560,ndi
1786509862.302061,28.481713,-0.023040,-0.018190,-1.541570,ndi
1786509862.319568,28.499220,-0.023040,-0.018190,-1.541560,ndi
1786509862.336998,28.516650,-0.023030,-0.018200,-1.541600,ndi
1786509862.352034,28.531686,-0.023010,-0.018180,-1.541600,ndi
1786509862.369559,28.549210,-0.023020,-0.018160,-1.541570,ndi
1786509862.384716,28.564367,-0.023010,-0.018170,-1.541590,ndi
1786509862.402065,28.581716,-0.023010,-0.018180,-1.541620,ndi
1786509862.419592,28.599244,-0.023000,-0.018150,-1.541620,ndi
1786509862.434633,28.614284,-0.023000,-0.018130,-1.541650,ndi
1786509862.452062,28.631714,-0.023010,-0.018150,-1.541640,ndi
1786509862.469573,28.649225,-0.023000,-0.018150,-1.541630,ndi
1786509862.484739,28.664391,-0.023000,-0.018120,-1.541670,ndi
1786509862.502079,28.681730,-0.023000,-0.018100,-1.541660,ndi
1786509862.519557,28.699209,-0.022990,-0.018120,-1.541680,ndi
1786509862.537029,28.716680,-0.022990,-0.018120,-1.541700,ndi
1786509862.552073,28.731725,-0.022980,-0.018080,-1.541690,ndi
1786509862.569539,28.749190,-0.022980,-0.018080,-1.541700,ndi
1786509862.584671,28.764322,-0.022970,-0.018100,-1.541710,ndi
1786509862.602113,28.781765,-0.022960,-0.018080,-1.541730,ndi
1786509862.619532,28.799184,-0.022960,-0.018050,-1.541750,ndi
1786509862.634645,28.814296,-0.022960,-0.018050,-1.541750,ndi
1786509862.652065,28.831716,-0.022960,-0.018070,-1.541770,ndi
1786509862.669561,28.849212,-0.022970,-0.018050,-1.541740,ndi
1786509862.687070,28.866722,-0.022950,-0.018030,-1.541790,ndi
1786509862.702089,28.881741,-0.022950,-0.018040,-1.541780,ndi
1786509862.719556,28.899208,-0.022960,-0.018040,-1.541790,ndi
1786509862.737013,28.916665,-0.022930,-0.018010,-1.541800,ndi
1786509862.752058,28.931710,-0.022930,-0.018000,-1.541840,ndi
1786509862.769566,28.949217,-0.022930,-0.018020,-1.541830,ndi
1786509862.784648,28.964300,-0.022920,-0.018010,-1.541830,ndi
1786509862.802110,28.981762,-0.022920,-0.017980,-1.541840,ndi
1786509862.819540,28.999191,-0.022910,-0.017980,-1.541860,ndi
1786509862.837047,29.016698,-0.022900,-0.017980,-1.541850,ndi
1786509862.852034,29.031685,-0.022910,-0.017970,-1.541920,ndi
1786509862.869572,29.049224,-0.022910,-0.017950,-1.541900,ndi
1786509862.887075,29.066726,-0.022910,-0.017950,-1.541880,ndi
1786509862.902092,29.081744,-0.022910,-0.017950,-1.541890,ndi
1786509862.919532,29.099183,-0.022900,-0.017950,-1.541890,ndi
1786509862.937019,29.116670,-0.022880,-0.017930,-1.541920,ndi
1786509862.952092,29.131744,-0.022880,-0.017930,-1.541920,ndi
1786509862.969564,29.149215,-0.022880,-0.017930,-1.541920,ndi
1786509862.984656,29.164308,-0.022880,-0.017920,-1.541930,ndi
1786509863.002110,29.181761,-0.022880,-0.017910,-1.541940,ndi
1786509863.019533,29.199184,-0.022870,-0.017910,-1.541940,ndi
1786509863.034654,29.214305,-0.022860,-0.017900,-1.541940,ndi
1786509863.052093,29.231745,-0.022880,-0.017890,-1.541950,ndi
1786509863.069564,29.249216,-0.022860,-0.017880,-1.541950,ndi
1786509863.084760,29.264412,-0.022860,-0.017880,-1.541990,ndi
1786509863.102076,29.281727,-0.022860,-0.017880,-1.542000,ndi
1786509863.119551,29.299203,-0.022850,-0.017860,-1.542030,ndi
1786509863.137054,29.316705,-0.022850,-0.017850,-1.542020,ndi
1786509863.152076,29.331728,-0.022830,-0.017850,-1.542050,ndi
1786509863.169559,29.349211,-0.022830,-0.017840,-1.542020,ndi
1786509863.187062,29.366714,-0.022830,-0.017820,-1.542040,ndi
1786509863.202103,29.381754,-0.022820,-0.017820,-1.542050,ndi
1786509863.219593,29.399245,-0.022820,-0.017830,-1.542070,ndi
1786509863.234668,29.414319,-0.022830,-0.017810,-1.542060,ndi
1786509863.252084,29.431736,-0.022820,-0.017800,-1.542040,ndi
1786509863.269575,29.449227,-0.022820,-0.017790,-1.542090,ndi
1786509863.287071,29.466723,-0.022810,-0.017800,-1.542070,ndi
1786509863.302057,29.481709,-0.022810,-0.017780,-1.542090,ndi
1786509863.319566,29.499217,-0.022810,-0.017770,-1.542130,ndi
1786509863.334632,29.514284,-0.022800,-0.017770,-1.542110,ndi
1786509863.352081,29.531732,-0.022780,-0.017780,-1.542130,ndi
1786509863.369576,29.549227,-0.022790,-0.017750,-1.542120,ndi
1786509863.387074,29.566725,-0.022790,-0.017740,-1.542130,ndi
1786509863.402121,29.581773,-0.022770,-0.017760,-1.542120,ndi
1786509863.419585,29.599236,-0.022760,-0.017760,-1.542150,ndi
1786509863.437074,29.616725,-0.022770,-0.017720,-1.542130,ndi
1786509863.452083,29.631735,-0.022760,-0.017710,-1.542140,ndi
1786509863.469571,29.649222,-0.022760,-0.017730,-1.542180,ndi
1786509863.487079,29.666730,-0.022760,-0.017720,-1.542170,ndi
1786509863.502033,29.681684,-0.022760,-0.017690,-1.542190,ndi
1786509863.519541,29.699193,-0.022740,-0.017700,-1.542170,ndi
1786509863.537063,29.716714,-0.022740,-0.017720,-1.542170,ndi
1786509863.552104,29.731755,-0.022730,-0.017700,-1.542220,ndi
1786509863.569572,29.749224,-0.022720,-0.017670,-1.542210,ndi
1786509863.587067,29.766718,-0.022730,-0.017690,-1.542210,ndi
1786509863.602093,29.781744,-0.022710,-0.017690,-1.542210,ndi
1786509863.619566,29.799217,-0.022710,-0.017670,-1.542200,ndi
1786509863.637083,29.816735,-0.022730,-0.017650,-1.542210,ndi
1786509863.652099,29.831751,-0.022710,-0.017660,-1.542260,ndi
1786509863.669577,29.849228,-0.022710,-0.017660,-1.542260,ndi
1786509863.684570,29.864221,-0.022700,-0.017640,-1.542280,ndi
1786509863.702055,29.881707,-0.022700,-0.017630,-1.542270,ndi
1786509863.719574,29.899226,-0.022680,-0.017640,-1.542250,ndi
1786509863.737050,29.916702,-0.022680,-0.017630,-1.542270,ndi
1786509863.752137,29.931789,-0.022680,-0.017610,-1.542280,ndi
1786509863.769558,29.949209,-0.022670,-0.017610,-1.542290,ndi
1786509863.787055,29.966706,-0.022670,-0.017620,-1.542330,ndi
1786509863.802179,29.981830,-0.022670,-0.017600,-1.542310,ndi
1786509863.819602,29.999254,-0.022670,-0.017580,-1.542330,ndi
1786509863.837068,30.016719,-0.022670,-0.017590,-1.542350,ndi
1786509863.852096,30.031748,-0.022660,-0.017590,-1.542340,ndi
1786509863.869567,30.049219,-0.022660,-0.017580,-1.542350,ndi
1786509863.884574,30.064226,-0.022650,-0.017560,-1.542330,ndi
1786509863.902066,30.081717,-0.022640,-0.017570,-1.542390,ndi
1786509863.919572,30.099223,-0.022640,-0.017560,-1.542370,ndi
1786509863.937080,30.116731,-0.022630,-0.017550,-1.542380,ndi
1786509863.952099,30.131751,-0.022620,-0.017540,-1.542370,ndi
1786509863.969579,30.149230,-0.022610,-0.017560,-1.542400,ndi
1786509863.987079,30.166731,-0.022620,-0.017540,-1.542390,ndi
1786509864.002157,30.181809,-0.022610,-0.017530,-1.542370,ndi
1786509864.019588,30.199239,-0.022610,-0.017520,-1.542450,ndi
1786509864.037082,30.216733,-0.022600,-0.017530,-1.542400,ndi
1786509864.052109,30.231760,-0.022600,-0.017520,-1.542420,ndi
1786509864.069569,30.249221,-0.022590,-0.017500,-1.542440,ndi
1786509864.087018,30.266670,-0.022590,-0.017500,-1.542430,ndi
1786509864.102057,30.281709,-0.022570,-0.017510,-1.542440,ndi
1786509864.119581,30.299233,-0.022570,-0.017500,-1.542440,ndi
1786509864.137083,30.316734,-0.022570,-0.017480,-1.542440,ndi
1786509864.152094,30.331746,-0.022570,-0.017480,-1.542430,ndi
1786509864.169584,30.349235,-0.022550,-0.017500,-1.542460,ndi
1786509864.187053,30.366704,-0.022560,-0.017480,-1.542480,ndi
1786509864.202070,30.381721,-0.022540,-0.017460,-1.542440,ndi
1786509864.219605,30.399257,-0.022550,-0.017460,-1.542450,ndi
1786509864.237097,30.416749,-0.022550,-0.017470,-1.542490,ndi
1786509864.252126,30.431777,-0.022540,-0.017460,-1.542490,ndi
1786509864.269598,30.449249,-0.022540,-0.017440,-1.542500,ndi
1786509864.287015,30.466666,-0.022530,-0.017450,-1.542500,ndi
1786509864.302059,30.481711,-0.022520,-0.017450,-1.542510,ndi
1786509864.319607,30.499258,-0.022520,-0.017420,-1.542490,ndi
1786509864.337073,30.516725,-0.022510,-0.017430,-1.542540,ndi
1786509864.352092,30.531743,-0.022510,-0.017440,-1.542520,ndi
1786509864.369601,30.549253,-0.022500,-0.017430,-1.542480,ndi
1786509864.387090,30.566742,-0.022500,-0.017400,-1.542540,ndi
1786509864.402088,30.581739,-0.022500,-0.017400,-1.542520,ndi
1786509864.419636,30.599287,-0.022480,-0.017420,-1.542560,ndi
1786509864.437106,30.616758,-0.022490,-0.017390,-1.542550,ndi
1786509864.452102,30.631754,-0.022470,-0.017370,-1.542550,ndi
1786509864.469589,30.649240,-0.022490,-0.017400,-1.542550,ndi
1786509864.487068,30.666719,-0.022470,-0.017410,-1.542580,ndi
1786509864.502097,30.681749,-0.022450,-0.017370,-1.542590,ndi
1786509864.519586,30.699237,-0.022460,-0.017350,-1.542550,ndi
1786509864.537103,30.716754,-0.022430,-0.017390,-1.542560,ndi
1786509864.552122,30.731773,-0.022440,-0.017390,-1.542590,ndi
1786509864.569618,30.749270,-0.022440,-0.017340,-1.542580,ndi
1786509864.587064,30.766715,-0.022430,-0.017340,-1.542580,ndi
1786509864.602107,30.781759,-0.022440,-0.017370,-1.542600,ndi
1786509864.619673,30.799325,-0.022440,-0.017360,-1.542640,ndi
1786509864.637116,30.816767,-0.022420,-0.017330,-1.542610,ndi
1786509864.652105,30.831756,-0.022420,-0.017330,-1.542610,ndi
1786509864.669587,30.849238,-0.022410,-0.017350,-1.542610,ndi
1786509864.684597,30.864249,-0.022400,-0.017330,-1.542650,ndi
1786509864.702104,30.881755,-0.022390,-0.017300,-1.542680,ndi
1786509864.719634,30.899285,-0.022390,-0.017320,-1.542630,ndi
1786509864.734702,30.914353,-0.022380,-0.017330,-1.542650,ndi
1786509864.752132,30.931783,-0.022370,-0.017320,-1.542630,ndi
1786509864.769571,30.949223,-0.022370,-0.017300,-1.542650,ndi
1786509864.787070,30.966722,-0.022360,-0.017310,-1.542660,ndi
1786509864.802113,30.981765,-0.022370,-0.017310,-1.542660,ndi
1786509864.819647,30.999298,-0.022370,-0.017300,-1.542670,ndi
1786509864.837084,31.016735,-0.022360,-0.017290,-1.542670,ndi
1786509864.852090,31.031742,-0.022350,-0.017290,-1.542690,ndi
1786509864.869556,31.049208,-0.022340,-0.017300,-1.542640,ndi
1786509864.884588,31.064239,-0.022330,-0.017280,-1.542690,ndi
1786509864.902102,31.081753,-0.022320,-0.017270,-1.542700,ndi
1786509864.919636,31.099287,-0.022320,-0.017270,-1.542690,ndi
1786509864.937106,31.116758,-0.022320,-0.017290,-1.542670,ndi
1786509864.952107,31.131759,-0.022300,-0.017270,-1.542670,ndi
1786509864.969539,31.149191,-0.022310,-0.017250,-1.542710,ndi
1786509864.987062,31.166713,-0.022290,-0.017260,-1.542730,ndi
1786509865.002124,31.181775,-0.022300,-0.017260,-1.542730,ndi
1786509865.019622,31.199274,-0.022290,-0.017240,-1.542740,ndi
1786509865.037111,31.216763,-0.022270,-0.017240,-1.542730,ndi
1786509865.052108,31.231760,-0.022280,-0.017240,-1.542750,ndi
1786509865.069578,31.249229,-0.022260,-0.017250,-1.542740,ndi
1786509865.084756,31.264408,-0.022260,-0.017230,-1.542740,ndi
1786509865.102128,31.281779,-0.022250,-0.017220,-1.542760,ndi
1786509865.119627,31.299278,-0.022240,-0.017230,-1.542760,ndi
1786509865.137107,31.316758,-0.022240,-0.017220,-1.542750,ndi
1786509865.152127,31.331779,-0.022220,-0.017210,-1.542750,ndi
1786509865.169601,31.349253,-0.022220,-0.017210,-1.542770,ndi
1786509865.187114,31.366766,-0.022230,-0.017210,-1.542770,ndi
1786509865.202118,31.381769,-0.022220,-0.017200,-1.542810,ndi
1786509865.219606,31.399257,-0.022210,-0.017200,-1.542780,ndi
1786509865.237097,31.416748,-0.022200,-0.017190,-1.542790,ndi
1786509865.252073,31.431725,-0.022210,-0.017190,-1.542800,ndi
1786509865.269544,31.449195,-0.022180,-0.017180,-1.542820,ndi
1786509865.284586,31.464237,-0.022180,-0.017180,-1.542800,ndi
1786509865.302117,31.481768,-0.022180,-0.017180,-1.542810,ndi
1786509865.319632,31.499284,-0.022150,-0.017170,-1.542800,ndi
1786509865.334660,31.514312,-0.022170,-0.017170,-1.542810,ndi
1786509865.352143,31.531794,-0.022150,-0.017180,-1.542820,ndi
1786509865.369601,31.549253,-0.022140,-0.017170,-1.542820,ndi
1786509865.387098,31.566750,-0.022160,-0.017160,-1.542810,ndi
1786509865.402154,31.581806,-0.022140,-0.017160,-1.542840,ndi
1786509865.419617,31.599268,-0.022150,-0.017160,-1.542830,ndi
1786509865.437099,31.616751,-0.022140,-0.017150,-1.542810,ndi
1786509865.452063,31.631714,-0.022130,-0.017140,-1.542860,ndi
1786509865.469579,31.649231,-0.022120,-0.017150,-1.542840,ndi
1786509865.487112,31.666764,-0.022100,-0.017150,-1.542810,ndi
1786509865.502118,31.681769,-0.022090,-0.017140,-1.542840,ndi
1786509865.519638,31.699290,-0.022100,-0.017120,-1.542820,ndi
1786509865.537101,31.716752,-0.022090,-0.017140,-1.542830,ndi
1786509865.552097,31.731748,-0.022070,-0.017140,-1.542840,ndi
1786509865.569602,31.749254,-0.022080,-0.017130,-1.542830,ndi
1786509865.587109,31.766760,-0.022080,-0.017110,-1.542850,ndi
1786509865.602124,31.781775,-0.022070,-0.017130,-1.542830,ndi
1786509865.619605,31.799256,-0.022080,-0.017140,-1.542830,ndi
1786509865.634598,31.814250,-0.022070,-0.017120,-1.542840,ndi
1786509865.652066,31.831718,-0.022060,-0.017120,-1.542860,ndi
1786509865.669576,31.849227,-0.022060,-0.017130,-1.542830,ndi
1786509865.684834,31.864485,-0.022050,-0.017140,-1.542850,ndi
1786509865.702129,31.881781,-0.022060,-0.017120,-1.542840,ndi
1786509865.719657,31.899309,-0.022060,-0.017130,-1.542860,ndi
1786509865.737085,31.916737,-0.022050,-0.017130,-1.542840,ndi
1786509865.752119,31.931771,-0.022050,-0.017130,-1.542850,ndi
1786509865.769606,31.949257,-0.022070,-0.017120,-1.542850,ndi
1786509865.787103,31.966754,-0.022060,-0.017130,-1.542830,ndi
1786509865.802134,31.981785,-0.022060,-0.017130,-1.542830,ndi
1786509865.819609,31.999261,-0.022050,-0.017130,-1.542810,ndi
1786509865.837052,32.016703,-0.022060,-0.017130,-1.542840,ndi
1786509865.852104,32.031756,-0.022050,-0.017130,-1.542820,ndi
1786509865.869620,32.049271,-0.022050,-0.017140,-1.542830,ndi
1786509865.884800,32.064451,-0.022050,-0.017130,-1.542850,ndi
1786509865.902153,32.081805,-0.022050,-0.017130,-1.542830,ndi
1786509865.919684,32.099336,-0.022040,-0.017130,-1.542840,ndi
1786509865.934830,32.114481,-0.022050,-0.017130,-1.542810,ndi
1786509865.952108,32.131760,-0.022050,-0.017130,-1.542840,ndi
1786509865.969615,32.149266,-0.022060,-0.017130,-1.542810,ndi
1786509865.984816,32.164468,-0.022050,-0.017130,-1.542820,ndi
1786509866.002141,32.181793,-0.022050,-0.017140,-1.542820,ndi
1786509866.019621,32.199273,-0.022060,-0.017130,-1.542830,ndi
1786509866.034589,32.214240,-0.022060,-0.017120,-1.542830,ndi
1786509866.052096,32.231748,-0.022040,-0.017130,-1.542840,ndi
1786509866.069627,32.249279,-0.022050,-0.017140,-1.542800,ndi
1786509866.084805,32.264456,-0.022040,-0.017140,-1.542800,ndi
1786509866.102146,32.281797,-0.022040,-0.017120,-1.542800,ndi
1786509866.119681,32.299333,-0.022040,-0.017130,-1.542820,ndi
1786509866.137093,32.316744,-0.022050,-0.017140,-1.542800,ndi
1786509866.152131,32.331782,-0.022040,-0.017140,-1.542840,ndi
1786509866.169606,32.349257,-0.022060,-0.017120,-1.542820,ndi
1786509866.184806,32.364458,-0.022060,-0.017140,-1.542840,ndi
1786509866.202114,32.381766,-0.022050,-0.017150,-1.542810,ndi
1786509866.219631,32.399282,-0.022060,-0.017140,-1.542840,ndi
1786509866.237053,32.416704,-0.022050,-0.017130,-1.542840,ndi
1786509866.252095,32.431747,-0.022040,-0.017140,-1.542830,ndi
1786509866.269621,32.449272,-0.022050,-0.017150,-1.542830,ndi
1786509866.284809,32.464460,-0.022040,-0.017130,-1.542830,ndi
1786509866.302135,32.481787,-0.022050,-0.017130,-1.542840,ndi
1786509866.319764,32.499416,-0.022040,-0.017150,-1.542810,ndi
1786509866.337124,32.516775,-0.022040,-0.017150,-1.542850,ndi
1786509866.352118,32.531769,-0.022060,-0.017130,-1.542850,ndi
1786509866.369632,32.549283,-0.022050,-0.017130,-1.542830,ndi
1786509866.384824,32.564475,-0.022050,-0.017150,-1.542820,ndi
1786509866.402154,32.581805,-0.022050,-0.017150,-1.542800,ndi
1786509866.419605,32.599257,-0.022050,-0.017130,-1.542810,ndi
1786509866.434620,32.614271,-0.022050,-0.017130,-1.542810,ndi
1786509866.452138,32.631789,-0.022040,-0.017160,-1.542800,ndi
1786509866.469642,32.649293,-0.022040,-0.017150,-1.542830,ndi
1786509866.484818,32.664469,-0.022040,-0.017140,-1.542820,ndi
1786509866.502141,32.681792,-0.022050,-0.017140,-1.542800,ndi
1786509866.519650,32.699302,-0.022040,-0.017160,-1.542820,ndi
1786509866.534882,32.714533,-0.022040,-0.017150,-1.542820,ndi
1786509866.552160,32.731812,-0.022060,-0.017130,-1.542840,ndi
1786509866.569654,32.749305,-0.022050,-0.017140,-1.542830,ndi
1786509866.587123,32.766775,-0.022040,-0.017150,-1.542830,ndi
1786509866.602130,32.781782,-0.022060,-0.017150,-1.542840,ndi
1786509866.619631,32.799282,-0.022060,-0.017140,-1.542810,ndi
1786509866.637139,32.816791,-0.022040,-0.017150,-1.542840,ndi
1786509866.652163,32.831814,-0.022050,-0.017150,-1.542800,ndi
1786509866.669627,32.849278,-0.022040,-0.017150,-1.542820,ndi
1786509866.687116,32.866768,-0.022050,-0.017140,-1.542800,ndi
1786509866.702123,32.881774,-0.022040,-0.017140,-1.542790,ndi
1786509866.719592,32.899244,-0.022040,-0.017150,-1.542810,ndi
1786509866.734872,32.914524,-0.022040,-0.017140,-1.542790,ndi
1786509866.752158,32.931809,-0.022050,-0.017140,-1.542820,ndi
1786509866.769626,32.949277,-0.022060,-0.017140,-1.542790,ndi
1786509866.787122,32.966774,-0.022050,-0.017150,-1.542820,ndi
1786509866.802147,32.981799,-0.022050,-0.017140,-1.542810,ndi
1786509866.819614,32.999265,-0.022050,-0.017140,-1.542810,ndi
1786509866.834857,33.014508,-0.022050,-0.017150,-1.542800,ndi
1786509866.852152,33.031804,-0.022040,-0.017150,-1.542830,ndi
1786509866.869625,33.049277,-0.022040,-0.017140,-1.542800,ndi
1786509866.887121,33.066772,-0.022040,-0.017150,-1.542800,ndi
1786509866.902137,33.081788,-0.022050,-0.017160,-1.542790,ndi
1786509866.919643,33.099295,-0.022040,-0.017150,-1.542800,ndi
1786509866.934897,33.114548,-0.022040,-0.017130,-1.542790,ndi
1786509866.952175,33.131826,-0.022050,-0.017150,-1.542790,ndi
1786509866.969634,33.149285,-0.022060,-0.017160,-1.542820,ndi
1786509866.984881,33.164532,-0.022050,-0.017150,-1.542780,ndi
1786509867.002127,33.181778,-0.022050,-0.017140,-1.542800,ndi
1786509867.019618,33.199270,-0.022050,-0.017160,-1.542790,ndi
1786509867.037107,33.216758,-0.022050,-0.017160,-1.542820,ndi
1786509867.052158,33.231810,-0.022040,-0.017140,-1.542770,ndi
1786509867.069639,33.249291,-0.022050,-0.017150,-1.542790,ndi
1786509867.084741,33.264392,-0.022040,-0.017160,-1.542780,ndi
1786509867.102152,33.281803,-0.022040,-0.017150,-1.542780,ndi
1786509867.119624,33.299275,-0.022050,-0.017150,-1.542780,ndi
1786509867.134837,33.314489,-0.022050,-0.017150,-1.542780,ndi
1786509867.152158,33.331809,-0.022060,-0.017160,-1.542780,ndi
1786509867.169651,33.349302,-0.022060,-0.017140,-1.542770,ndi
1786509867.184850,33.364502,-0.022050,-0.017140,-1.542800,ndi
1786509867.202127,33.381778,-0.022060,-0.017160,-1.542770,ndi
1786509867.219614,33.399265,-0.022060,-0.017160,-1.542790,ndi
1786509867.234622,33.414273,-0.022040,-0.017140,-1.542780,ndi
1786509867.252160,33.431811,-0.022040,-0.017150,-1.542800,ndi
1786509867.269646,33.449298,-0.022060,-0.017170,-1.542800,ndi
1786509867.287146,33.466797,-0.022050,-0.017160,-1.542790,ndi
1786509867.302145,33.481797,-0.022040,-0.017140,-1.542800,ndi
1786509867.319644,33.499296,-0.022050,-0.017150,-1.542800,ndi
1786509867.334757,33.514409,-0.022050,-0.017170,-1.542790,ndi
1786509867.352212,33.531863,-0.022060,-0.017150,-1.542790,ndi
1786509867.369643,33.549294,-0.022060,-0.017130,-1.542790,ndi
1786509867.387127,33.566778,-0.022050,-0.017160,-1.542790,ndi
1786509867.402104,33.581756,-0.022060,-0.017170,-1.542780,ndi
1786509867.419663,33.599314,-0.022040,-0.017150,-1.542800,ndi
1786509867.434793,33.614444,-0.022050,-0.017140,-1.542790,ndi
1786509867.452182,33.631834,-0.022040,-0.017160,-1.542810,ndi
1786509867.469652,33.649303,-0.022040,-0.017170,-1.542800,ndi
1786509867.484732,33.664384,-0.022040,-0.017150,-1.542800,ndi
1786509867.502100,33.681752,-0.022040,-0.017140,-1.542790,ndi
1786509867.519651,33.699303,-0.022040,-0.017170,-1.542790,ndi
1786509867.537164,33.716816,-0.022050,-0.017170,-1.542790,ndi
1786509867.552173,33.731825,-0.022060,-0.017140,-1.542820,ndi
1786509867.569651,33.749302,-0.022060,-0.017140,-1.542790,ndi
1786509867.584760,33.764411,-0.022050,-0.017170,-1.542790,ndi
1786509867.602104,33.781755,-0.022060,-0.017170,-1.542800,ndi
1786509867.619613,33.799265,-0.022040,-0.017140,-1.542800,ndi
1786509867.634760,33.814412,-0.022040,-0.017140,-1.542800,ndi
1786509867.652165,33.831817,-0.022050,-0.017170,-1.542790,ndi
1786509867.669637,33.849289,-0.022050,-0.017170,-1.542770,ndi
1786509867.684749,33.864401,-0.022040,-0.017140,-1.542790,ndi
1786509867.702154,33.881806,-0.022050,-0.017150,-1.542790,ndi
1786509867.719654,33.899305,-0.022070,-0.017170,-1.542800,ndi
1786509867.734779,33.914431,-0.022050,-0.017170,-1.542780,ndi
1786509867.752175,33.931826,-0.022060,-0.017140,-1.542800,ndi
1786509867.769656,33.949308,-0.022060,-0.017150,-1.542790,ndi
1786509867.784738,33.964390,-0.022060,-0.017180,-1.542810,ndi
1786509867.802134,33.981785,-0.022050,-0.017170,-1.542790,ndi
1786509867.819622,33.999273,-0.022050,-0.017140,-1.542800,ndi
1786509867.834754,34.014406,-0.022050,-0.017150,-1.542790,ndi
1786509867.852170,34.031822,-0.022040,-0.017180,-1.542810,ndi
1786509867.869655,34.049307,-0.022050,-0.017160,-1.542800,ndi
1786509867.884750,34.064401,-0.022050,-0.017140,-1.542820,ndi
1786509867.902151,34.081802,-0.022060,-0.017160,-1.542790,ndi
1786509867.919651,34.099302,-0.022050,-0.017180,-1.542770,ndi
1786509867.934822,34.114474,-0.022060,-0.017160,-1.542780,ndi
1786509867.952192,34.131843,-0.022060,-0.017140,-1.542780,ndi
1786509867.969672,34.149323,-0.022050,-0.017160,-1.542800,ndi
1786509867.984748,34.164399,-0.022060,-0.017170,-1.542770,ndi
1786509868.002131,34.181782,-0.022050,-0.017150,-1.542780,ndi
1786509868.019629,34.199280,-0.022050,-0.017150,-1.542790,ndi
1786509868.034770,34.214422,-0.022040,-0.017160,-1.542750,ndi
1786509868.052175,34.231827,-0.022040,-0.017170,-1.542780,ndi
1786509868.069653,34.249304,-0.022050,-0.017150,-1.542790,ndi
1786509868.084852,34.264504,-0.022040,-0.017150,-1.542800,ndi
1786509868.102173,34.281825,-0.022040,-0.017170,-1.542780,ndi
1786509868.119644,34.299295,-0.022060,-0.017160,-1.542770,ndi
1786509868.137179,34.316831,-0.022060,-0.017150,-1.542790,ndi
1786509868.152194,34.331846,-0.022060,-0.017150,-1.542780,ndi
1786509868.169650,34.349302,-0.022050,-0.017160,-1.542810,ndi
1786509868.184616,34.364267,-0.022060,-0.017160,-1.542790,ndi
1786509868.202146,34.381798,-0.022040,-0.017150,-1.542780,ndi
1786509868.219635,34.399287,-0.022040,-0.017160,-1.542800,ndi
1786509868.234767,34.414419,-0.022060,-0.017170,-1.542770,ndi
1786509868.252189,34.431841,-0.022030,-0.017170,-1.542790,ndi
1786509868.269649,34.449301,-0.022030,-0.017160,-1.542760,ndi
1786509868.284816,34.464468,-0.022030,-0.017160,-1.542790,ndi
1786509868.302154,34.481805,-0.022050,-0.017160,-1.542800,ndi
1786509868.319675,34.499326,-0.022020,-0.017130,-1.542830,ndi
1786509868.337178,34.516830,-0.022030,-0.017100,-1.542890,ndi
1786509868.352186,34.531838,-0.022030,-0.017080,-1.542880,ndi
1786509868.369629,34.549281,-0.022010,-0.017070,-1.542900,ndi
1786509868.384739,34.564391,-0.022020,-0.017070,-1.542900,ndi
1786509868.402155,34.581806,-0.022000,-0.017050,-1.542910,ndi
1786509868.419656,34.599308,-0.021980,-0.017030,-1.542970,ndi
1786509868.434772,34.614423,-0.022000,-0.017030,-1.542950,ndi
1786509868.452177,34.631828,-0.021990,-0.017020,-1.542970,ndi
1786509868.469671,34.649323,-0.021980,-0.017000,-1.543010,ndi
1786509868.484831,34.664482,-0.021980,-0.016970,-1.543000,ndi
1786509868.502187,34.681839,-0.021990,-0.016960,-1.543040,ndi
1786509868.519672,34.699324,-0.021980,-0.016950,-1.543040,ndi
1786509868.534774,34.714425,-0.021980,-0.016940,-1.543060,ndi
1786509868.552187,34.731839,-0.021970,-0.016920,-1.543060,ndi
1786509868.569642,34.749293,-0.021980,-0.016920,-1.543030,ndi
1786509868.584742,34.764393,-0.021960,-0.016920,-1.543060,ndi
1786509868.602191,34.781842,-0.021960,-0.016890,-1.543050,ndi
1786509868.619648,34.799299,-0.021960,-0.016850,-1.543080,ndi
1786509868.634764,34.814416,-0.021960,-0.016840,-1.543080,ndi
1786509868.652177,34.831828,-0.021960,-0.016810,-1.543060,ndi
1786509868.669636,34.849287,-0.021960,-0.016790,-1.543060,ndi
1786509868.684817,34.864469,-0.021970,-0.016770,-1.543050,ndi
1786509868.702183,34.881835,-0.021980,-0.016750,-1.543070,ndi
1786509868.719664,34.899315,-0.021980,-0.016750,-1.543070,ndi
1786509868.734772,34.914424,-0.021990,-0.016730,-1.543080,ndi
1786509868.752191,34.931842,-0.021990,-0.016700,-1.543060,ndi
1786509868.769684,34.949336,-0.022000,-0.016690,-1.543050,ndi
1786509868.784759,34.964410,-0.021990,-0.016680,-1.543020,ndi
1786509868.802191,34.981843,-0.022000,-0.016660,-1.542990,ndi
1786509868.819652,34.999303,-0.022010,-0.016640,-1.543000,ndi
1786509868.834793,35.014444,-0.022000,-0.016610,-1.543010,ndi
1786509868.852197,35.031848,-0.022020,-0.016600,-1.543000,ndi
1786509868.869644,35.049296,-0.022030,-0.016590,-1.543010,ndi
1786509868.884851,35.064502,-0.022020,-0.016570,-1.542970,ndi
1786509868.902218,35.081869,-0.022040,-0.016560,-1.542980,ndi
1786509868.919691,35.099343,-0.022040,-0.016550,-1.542950,ndi
1786509868.934776,35.114427,-0.022050,-0.016540,-1.542970,ndi
1786509868.952205,35.131856,-0.022050,-0.016500,-1.542930,ndi
1786509868.969659,35.149311,-0.022070,-0.016480,-1.542910,ndi
1786509868.984770,35.164422,-0.022090,-0.016460,-1.542870,ndi
1786509869.002180,35.181831,-0.022090,-0.016430,-1.542840,ndi
1786509869.019801,35.199453,-0.022130,-0.016380,-1.542880,ndi
1786509869.037172,35.216824,-0.022130,-0.016360,-1.542850,ndi
1786509869.052186,35.231837,-0.022130,-0.016340,-1.542820,ndi
1786509869.069665,35.249316,-0.022180,-0.016280,-1.542790,ndi
1786509869.087175,35.266826,-0.022190,-0.016260,-1.542800,ndi
1786509869.102165,35.281817,-0.022200,-0.016240,-1.542780,ndi
1786509869.119676,35.299328,-0.022220,-0.016200,-1.542760,ndi
1786509869.134769,35.314421,-0.022240,-0.016170,-1.542780,ndi
1786509869.152172,35.331823,-0.022270,-0.016140,-1.542750,ndi
1786509869.169660,35.349311,-0.022280,-0.016100,-1.542770,ndi
1786509869.187186,35.366838,-0.022290,-0.016060,-1.542710,ndi
1786509869.202188,35.381839,-0.022300,-0.016040,-1.542720,ndi
1786509869.219678,35.399330,-0.022320,-0.016000,-1.542700,ndi
1786509869.234758,35.414409,-0.022340,-0.015980,-1.542690,ndi
1786509869.252192,35.431843,-0.022350,-0.015950,-1.542650,ndi
1786509869.269659,35.449311,-0.022350,-0.015920,-1.542640,ndi
1786509869.284785,35.464436,-0.022360,-0.015900,-1.542640,ndi
1786509869.302202,35.481854,-0.022360,-0.015870,-1.542640,ndi
1786509869.319669,35.499321,-0.022360,-0.015860,-1.542600,ndi
1786509869.334769,35.514420,-0.022370,-0.015840,-1.542590,ndi
1786509869.352159,35.531810,-0.022380,-0.015800,-1.542590,ndi
1786509869.369652,35.549303,-0.022380,-0.015780,-1.542560,ndi
1786509869.384803,35.564455,-0.022390,-0.015760,-1.542560,ndi
1786509869.402189,35.581841,-0.022390,-0.015720,-1.542540,ndi
1786509869.419690,35.599341,-0.022420,-0.015680,-1.542540,ndi
1786509869.434798,35.614450,-0.022430,-0.015650,-1.542520,ndi
1786509869.452146,35.631797,-0.022450,-0.015620,-1.542490,ndi
1786509869.469676,35.649327,-0.022470,-0.015570,-1.542450,ndi
1786509869.484754,35.664406,-0.022500,-0.015540,-1.542460,ndi
1786509869.502197,35.681848,-0.022520,-0.015500,-1.542450,ndi
1786509869.519685,35.699337,-0.022550,-0.015470,-1.542460,ndi
1786509869.534783,35.714434,-0.022560,-0.015430,-1.542450,ndi
1786509869.552211,35.731863,-0.022580,-0.015400,-1.542420,ndi
1786509869.569674,35.749326,-0.022590,-0.015360,-1.542430,ndi
1786509869.584780,35.764431,-0.022610,-0.015330,-1.542410,ndi
1786509869.602179,35.781830,-0.022630,-0.015290,-1.542400,ndi
1786509869.619696,35.799347,-0.022680,-0.015250,-1.542350,ndi
1786509869.634782,35.814433,-0.022690,-0.015210,-1.542310,ndi
1786509869.652313,35.831964,-0.022720,-0.015150,-1.542290,ndi
1786509869.669672,35.849324,-0.022770,-0.015100,-1.542280,ndi
1786509869.684785,35.864436,-0.022780,-0.015060,-1.542240,ndi
1786509869.702198,35.881850,-0.022830,-0.014980,-1.542190,ndi
1786509869.719684,35.899335,-0.022870,-0.014890,-1.542140,ndi
1786509869.734752,35.914403,-0.022910,-0.014850,-1.542120,ndi
1786509869.752179,35.931830,-0.022960,-0.014790,-1.542110,ndi
1786509869.769657,35.949308,-0.023000,-0.014700,-1.542100,ndi
1786509869.787162,35.966813,-0.023030,-0.014640,-1.542070,ndi
1786509869.802205,35.981856,-0.023050,-0.014630,-1.542040,ndi
1786509869.819708,35.999360,-0.023080,-0.014570,-1.542050,ndi
1786509869.834788,36.014440,-0.023090,-0.014520,-1.542060,ndi
1786509869.852231,36.031883,-0.023120,-0.014500,-1.542000,ndi
1786509869.869691,36.049342,-0.023150,-0.014490,-1.541990,ndi
1786509869.887166,36.066817,-0.023170,-0.014430,-1.542000,ndi
1786509869.902227,36.081878,-0.023190,-0.014390,-1.541950,ndi
1786509869.919706,36.099358,-0.023220,-0.014370,-1.541960,ndi
1786509869.937126,36.116778,-0.023230,-0.014350,-1.541940,ndi
1786509869.952144,36.131795,-0.023250,-0.014290,-1.541910,ndi
1786509869.969686,36.149338,-0.023270,-0.014240,-1.541880,ndi
1786509869.987169,36.166820,-0.023280,-0.014230,-1.541870,ndi
1786509870.002198,36.181849,-0.023300,-0.014200,-1.541870,ndi
1786509870.019696,36.199348,-0.023330,-0.014140,-1.541810,ndi
1786509870.034814,36.214465,-0.023360,-0.014100,-1.541800,ndi
1786509870.052239,36.231890,-0.023370,-0.014090,-1.541790,ndi
1786509870.069679,36.249331,-0.023390,-0.014060,-1.541800,ndi
1786509870.084793,36.264444,-0.023430,-0.014000,-1.541790,ndi
1786509870.102228,36.281879,-0.023450,-0.013960,-1.541760,ndi
1786509870.119685,36.299337,-0.023470,-0.013960,-1.541740,ndi
1786509870.134767,36.314419,-0.023500,-0.013920,-1.541740,ndi
1786509870.152190,36.331841,-0.023510,-0.013860,-1.541710,ndi
1786509870.169696,36.349347,-0.023530,-0.013820,-1.541700,ndi
1786509870.184772,36.364423,-0.023560,-0.013800,-1.541720,ndi
1786509870.202202,36.381854,-0.023590,-0.013750,-1.541710,ndi
1786509870.219682,36.399333,-0.023610,-0.013700,-1.541690,ndi
1786509870.234753,36.414405,-0.023610,-0.013660,-1.541660,ndi
1786509870.252248,36.431900,-0.023670,-0.013650,-1.541660,ndi
1786509870.269699,36.449350,-0.023660,-0.013600,-1.541640,ndi
1786509870.284791,36.464443,-0.023700,-0.013550,-1.541630,ndi
1786509870.302200,36.481852,-0.023720,-0.013520,-1.541590,ndi
1786509870.319663,36.499314,-0.023730,-0.013490,-1.541580,ndi
1786509870.334767,36.514418,-0.023760,-0.013460,-1.541540,ndi
1786509870.352232,36.531883,-0.023760,-0.013390,-1.541520,ndi
1786509870.369703,36.549354,-0.023800,-0.013370,-1.541490,ndi
1786509870.384771,36.564422,-0.023810,-0.013360,-1.541510,ndi
1786509870.402213,36.581864,-0.023830,-0.013310,-1.541500,ndi
1786509870.419698,36.599349,-0.023860,-0.013250,-1.541500,ndi
1786509870.434842,36.614494,-0.023870,-0.013230,-1.541460,ndi
1786509870.452278,36.631930,-0.023910,-0.013220,-1.541460,ndi
1786509870.469696,36.649348,-0.023910,-0.013170,-1.541430,ndi
1786509870.484825,36.664476,-0.023940,-0.013120,-1.541400,ndi
1786509870.502225,36.681877,-0.023950,-0.013100,-1.541420,ndi
1786509870.519684,36.699335,-0.023980,-0.013080,-1.541400,ndi
1786509870.534748,36.714399,-0.023990,-0.013040,-1.541430,ndi
1786509870.552217,36.731869,-0.024000,-0.012990,-1.541380,ndi
1786509870.569680,36.749332,-0.024030,-0.012980,-1.541370,ndi
1786509870.587184,36.766836,-0.024040,-0.012940,-1.541390,ndi
1786509870.602214,36.781866,-0.024070,-0.012890,-1.541360,ndi
1786509870.619700,36.799351,-0.024090,-0.012860,-1.541300,ndi
1786509870.634813,36.814464,-0.024090,-0.012840,-1.541300,ndi
1786509870.652382,36.832034,-0.024140,-0.012790,-1.541290,ndi
1786509870.669713,36.849364,-0.024170,-0.012730,-1.541250,ndi
1786509870.684787,36.864439,-0.024170,-0.012710,-1.541230,ndi
1786509870.702214,36.881866,-0.024200,-0.012700,-1.541230,ndi
1786509870.719655,36.899306,-0.024220,-0.012630,-1.541240,ndi
1786509870.734755,36.914406,-0.024230,-0.012590,-1.541210,ndi
1786509870.752226,36.931878,-0.024250,-0.012570,-1.541190,ndi
1786509870.769704,36.949355,-0.024280,-0.012550,-1.541180,ndi
1786509870.784793,36.964444,-0.024290,-0.012500,-1.541180,ndi
1786509870.802212,36.981863,-0.024310,-0.012460,-1.541140,ndi
1786509870.819652,36.999304,-0.024330,-0.012440,-1.541160,ndi
1786509870.834873,37.014524,-0.024340,-0.012420,-1.541110,ndi
1786509870.852228,37.031880,-0.024380,-0.012370,-1.541100,ndi
1786509870.869735,37.049387,-0.024390,-0.012330,-1.541090,ndi
1786509870.887197,37.066849,-0.024410,-0.012310,-1.541090,ndi
1786509870.902196,37.081848,-0.024440,-0.012280,-1.541080,ndi
1786509870.919677,37.099329,-0.024450,-0.012240,-1.541080,ndi
1786509870.934776,37.114428,-0.024450,-0.012200,-1.541060,ndi
1786509870.952229,37.131880,-0.024490,-0.012170,-1.541040,ndi
1786509870.969708,37.149360,-0.024510,-0.012140,-1.541090,ndi
1786509870.984780,37.164431,-0.024530,-0.012090,-1.541010,ndi
1786509871.002221,37.181872,-0.024550,-0.012050,-1.541020,ndi
1786509871.019693,37.199344,-0.024570,-0.012010,-1.540990,ndi
1786509871.037178,37.216830,-0.024600,-0.011980,-1.540960,ndi
1786509871.052213,37.231864,-0.024630,-0.011930,-1.540940,ndi
1786509871.069728,37.249379,-0.024650,-0.011900,-1.540930,ndi
1786509871.084917,37.264569,-0.024660,-0.011870,-1.540910,ndi
1786509871.102200,37.281851,-0.024700,-0.011830,-1.540870,ndi
1786509871.119695,37.299347,-0.024700,-0.011780,-1.540880,ndi
1786509871.134802,37.314454,-0.024730,-0.011750,-1.540890,ndi
1786509871.152306,37.331958,-0.024750,-0.011720,-1.540880,ndi
1786509871.169715,37.349367,-0.024750,-0.011680,-1.540880,ndi
1786509871.184808,37.364459,-0.024800,-0.011650,-1.540880,ndi
1786509871.202225,37.381877,-0.024790,-0.011590,-1.540860,ndi
1786509871.219712,37.399364,-0.024820,-0.011570,-1.540840,ndi
1786509871.234800,37.414451,-0.024860,-0.011540,-1.540860,ndi
1786509871.252207,37.431859,-0.024870,-0.011510,-1.540850,ndi
1786509871.269721,37.449373,-0.024890,-0.011470,-1.540840,ndi
1786509871.284794,37.464445,-0.024920,-0.011440,-1.540820,ndi
1786509871.302192,37.481843,-0.024920,-0.011400,-1.540790,ndi
1786509871.319671,37.499322,-0.024930,-0.011360,-1.540790,ndi
1786509871.334780,37.514431,-0.024970,-0.011330,-1.540770,ndi
1786509871.352240,37.531891,-0.024980,-0.011280,-1.540760,ndi
1786509871.369717,37.549368,-0.025000,-0.011250,-1.540700,ndi
1786509871.384791,37.564442,-0.025020,-0.011220,-1.540720,ndi
1786509871.402190,37.581841,-0.025040,-0.011170,-1.540670,ndi
1786509871.419711,37.599363,-0.025060,-0.011130,-1.540680,ndi
1786509871.434799,37.614451,-0.025090,-0.011110,-1.540680,ndi
1786509871.452229,37.631881,-0.025110,-0.011070,-1.540640,ndi
1786509871.469727,37.649378,-0.025120,-0.011020,-1.540650,ndi
1786509871.484854,37.664506,-0.025140,-0.010990,-1.540640,ndi
1786509871.502214,37.681865,-0.025160,-0.010970,-1.540660,ndi
1786509871.519723,37.699375,-0.025180,-0.010930,-1.540640,ndi
1786509871.534810,37.714461,-0.025190,-0.010890,-1.540640,ndi
1786509871.552237,37.731888,-0.025210,-0.010860,-1.540630,ndi
1786509871.569717,37.749369,-0.025230,-0.010830,-1.540630,ndi
1786509871.584802,37.764453,-0.025240,-0.010780,-1.540600,ndi
1786509871.602219,37.781871,-0.025270,-0.010750,-1.540610,ndi
1786509871.619701,37.799353,-0.025290,-0.010710,-1.540600,ndi
1786509871.634778,37.814429,-0.025320,-0.010700,-1.540560,ndi
1786509871.652238,37.831890,-0.025330,-0.010650,-1.540560,ndi
1786509871.669749,37.849400,-0.025350,-0.010600,-1.540550,ndi
1786509871.684794,37.864446,-0.025370,-0.010600,-1.540540,ndi
1786509871.702205,37.881856,-0.025380,-0.010570,-1.540520,ndi
1786509871.719705,37.899356,-0.025400,-0.010510,-1.540530,ndi
1786509871.734797,37.914448,-0.025410,-0.010470,-1.540510,ndi
1786509871.752241,37.931892,-0.025430,-0.010460,-1.540480,ndi
1786509871.769710,37.949361,-0.025440,-0.010420,-1.540480,ndi
1786509871.784802,37.964453,-0.025480,-0.010370,-1.540440,ndi
1786509871.802235,37.981887,-0.025500,-0.010330,-1.540400,ndi
1786509871.819734,37.999386,-0.025520,-0.010320,-1.540430,ndi
1786509871.834824,38.014475,-0.025540,-0.010280,-1.540400,ndi
1786509871.852250,38.031902,-0.025550,-0.010220,-1.540360,ndi
1786509871.869723,38.049375,-0.025580,-0.010200,-1.540360,ndi
1786509871.884773,38.064425,-0.025590,-0.010180,-1.540350,ndi
1786509871.902202,38.081853,-0.025610,-0.010130,-1.540330,ndi
1786509871.919707,38.099358,-0.025630,-0.010080,-1.540360,ndi
1786509871.934812,38.114464,-0.025640,-0.010060,-1.540340,ndi
1786509871.952253,38.131904,-0.025660,-0.010040,-1.540320,ndi
1786509871.969729,38.149381,-0.025670,-0.009980,-1.540350,ndi
1786509871.984777,38.164429,-0.025700,-0.009940,-1.540320,ndi
1786509872.002189,38.181841,-0.025720,-0.009920,-1.540310,ndi
1786509872.019732,38.199383,-0.025750,-0.009890,-1.540320,ndi
1786509872.034790,38.214441,-0.025770,-0.009850,-1.540310,ndi
1786509872.052211,38.231863,-0.025790,-0.009800,-1.540270,ndi
1786509872.069741,38.249393,-0.025810,-0.009770,-1.540260,ndi
1786509872.084746,38.264397,-0.025830,-0.009750,-1.540270,ndi
1786509872.102204,38.281855,-0.025840,-0.009690,-1.540200,ndi
1786509872.119735,38.299387,-0.025860,-0.009650,-1.540210,ndi
1786509872.134805,38.314456,-0.025870,-0.009630,-1.540190,ndi
1786509872.152246,38.331898,-0.025900,-0.009600,-1.540160,ndi
1786509872.169731,38.349383,-0.025910,-0.009550,-1.540170,ndi
1786509872.184767,38.364419,-0.025930,-0.009510,-1.540130,ndi
1786509872.202239,38.381890,-0.025970,-0.009480,-1.540140,ndi
1786509872.219745,38.399397,-0.025980,-0.009450,-1.540150,ndi
1786509872.234789,38.414440,-0.026010,-0.009400,-1.540110,ndi
1786509872.252231,38.431882,-0.026020,-0.009350,-1.540080,ndi
1786509872.269724,38.449376,-0.026050,-0.009340,-1.540080,ndi
1786509872.284758,38.464410,-0.026060,-0.009300,-1.540050,ndi
1786509872.302243,38.481894,-0.026080,-0.009240,-1.540110,ndi
1786509872.319740,38.499391,-0.026100,-0.009200,-1.540060,ndi
1786509872.334801,38.514453,-0.026120,-0.009190,-1.540080,ndi
1786509872.352237,38.531889,-0.026130,-0.009150,-1.540090,ndi
1786509872.369742,38.549394,-0.026150,-0.009090,-1.540110,ndi
1786509872.384739,38.564391,-0.026170,-0.009060,-1.540060,ndi
1786509872.402241,38.581892,-0.026210,-0.009040,-1.540060,ndi
1786509872.419796,38.599447,-0.026220,-0.009000,-1.540060,ndi
1786509872.434818,38.614470,-0.026230,-0.008950,-1.540040,ndi
1786509872.452255,38.631906,-0.026250,-0.008910,-1.540050,ndi
1786509872.469743,38.649394,-0.026270,-0.008890,-1.540020,ndi
1786509872.487200,38.666852,-0.026280,-0.008850,-1.540010,ndi
1786509872.502246,38.681897,-0.026290,-0.008800,-1.540000,ndi
1786509872.519740,38.699391,-0.026300,-0.008770,-1.539960,ndi
1786509872.534813,38.714464,-0.026320,-0.008760,-1.539950,ndi
1786509872.552237,38.731888,-0.026340,-0.008710,-1.539950,ndi
1786509872.569703,38.749354,-0.026350,-0.008660,-1.539930,ndi
1786509872.587222,38.766873,-0.026380,-0.008640,-1.539920,ndi
1786509872.602221,38.781873,-0.026400,-0.008620,-1.539890,ndi
1786509872.619741,38.799393,-0.026420,-0.008560,-1.539900,ndi
1786509872.634807,38.814459,-0.026440,-0.008530,-1.539880,ndi
1786509872.652236,38.831888,-0.026460,-0.008500,-1.539880,ndi
1786509872.669726,38.849378,-0.026470,-0.008460,-1.539890,ndi
1786509872.684792,38.864444,-0.026490,-0.008420,-1.539880,ndi
1786509872.702260,38.881911,-0.026510,-0.008390,-1.539880,ndi
1786509872.719735,38.899387,-0.026520,-0.008360,-1.539880,ndi
1786509872.737240,38.916892,-0.026540,-0.008310,-1.539890,ndi
1786509872.752245,38.931897,-0.026560,-0.008280,-1.539870,ndi
1786509872.769693,38.949345,-0.026570,-0.008250,-1.539860,ndi
1786509872.784751,38.964403,-0.026590,-0.008220,-1.539840,ndi
1786509872.802248,38.981899,-0.026620,-0.008180,-1.539840,ndi
1786509872.819745,38.999396,-0.026640,-0.008140,-1.539810,ndi
1786509872.834833,39.014485,-0.026650,-0.008120,-1.539810,ndi
1786509872.852239,39.031891,-0.026670,-0.008080,-1.539790,ndi
1786509872.869769,39.049420,-0.026690,-0.008030,-1.539740,ndi
1786509872.884772,39.064424,-0.026710,-0.007990,-1.539730,ndi
1786509872.902238,39.081889,-0.026720,-0.007970,-1.539730,ndi
1786509872.919743,39.099395,-0.026730,-0.007920,-1.539730,ndi
1786509872.934810,39.114462,-0.026760,-0.007890,-1.539700,ndi
1786509872.952260,39.131911,-0.026780,-0.007850,-1.539650,ndi
1786509872.969729,39.149381,-0.026800,-0.007810,-1.539670,ndi
1786509872.987226,39.166878,-0.026840,-0.007770,-1.539680,ndi
1786509873.002247,39.181899,-0.026850,-0.007730,-1.539670,ndi
1786509873.019740,39.199391,-0.026870,-0.007700,-1.539670,ndi
1786509873.034804,39.214456,-0.026900,-0.007680,-1.539670,ndi
1786509873.052237,39.231888,-0.026910,-0.007640,-1.539650,ndi
1786509873.069798,39.249450,-0.026910,-0.007590,-1.539650,ndi
1786509873.085011,39.264662,-0.026930,-0.007560,-1.539650,ndi
1786509873.102278,39.281929,-0.026950,-0.007540,-1.539670,ndi
1786509873.119747,39.299398,-0.026960,-0.007490,-1.539680,ndi
1786509873.137225,39.316876,-0.026990,-0.007450,-1.539630,ndi
1786509873.152264,39.331915,-0.027000,-0.007430,-1.539630,ndi
1786509873.169745,39.349396,-0.027020,-0.007400,-1.539610,ndi
1786509873.187227,39.366878,-0.027050,-0.007340,-1.539600,ndi
1786509873.202272,39.381923,-0.027090,-0.007300,-1.539600,ndi
1786509873.219748,39.399400,-0.027090,-0.007280,-1.539590,ndi
1786509873.237222,39.416873,-0.027110,-0.007240,-1.539570,ndi
1786509873.252253,39.431905,-0.027130,-0.007190,-1.539560,ndi
1786509873.269723,39.449374,-0.027130,-0.007130,-1.539510,ndi
1786509873.284758,39.464409,-0.027160,-0.007120,-1.539530,ndi
1786509873.302269,39.481921,-0.027200,-0.007100,-1.539500,ndi
1786509873.319752,39.499403,-0.027190,-0.007020,-1.539480,ndi
1786509873.337229,39.516880,-0.027230,-0.006970,-1.539500,ndi
1786509873.352223,39.531875,-0.027250,-0.006970,-1.539500,ndi
1786509873.369721,39.549373,-0.027260,-0.006930,-1.539460,ndi
1786509873.387233,39.566884,-0.027300,-0.006860,-1.539480,ndi
1786509873.402260,39.581912,-0.027300,-0.006830,-1.539500,ndi
1786509873.419753,39.599405,-0.027320,-0.006830,-1.539490,ndi
1786509873.437221,39.616872,-0.027350,-0.006780,-1.539470,ndi
1786509873.452209,39.631860,-0.027360,-0.006720,-1.539500,ndi
1786509873.469746,39.649397,-0.027370,-0.006690,-1.539490,ndi
1786509873.487260,39.666911,-0.027390,-0.006680,-1.539460,ndi
1786509873.502292,39.681943,-0.027400,-0.006630,-1.539490,ndi
1786509873.519777,39.699429,-0.027420,-0.006570,-1.539480,ndi
1786509873.537250,39.716901,-0.027460,-0.006530,-1.539470,ndi
1786509873.552275,39.731926,-0.027460,-0.006520,-1.539470,ndi
1786509873.569736,39.749388,-0.027500,-0.006480,-1.539450,ndi
1786509873.584791,39.764442,-0.027510,-0.006420,-1.539440,ndi
1786509873.602276,39.781927,-0.027520,-0.006390,-1.539400,ndi
1786509873.619769,39.799420,-0.027540,-0.006370,-1.539370,ndi
1786509873.637237,39.816888,-0.027570,-0.006310,-1.539350,ndi
1786509873.652244,39.831895,-0.027570,-0.006270,-1.539380,ndi
1786509873.669727,39.849379,-0.027590,-0.006240,-1.539340,ndi
1786509873.684856,39.864508,-0.027610,-0.006220,-1.539310,ndi
1786509873.702250,39.881901,-0.027610,-0.006170,-1.539320,ndi
1786509873.719763,39.899415,-0.027650,-0.006120,-1.539350,ndi
1786509873.737226,39.916877,-0.027670,-0.006090,-1.539330,ndi
1786509873.752269,39.931921,-0.027680,-0.006080,-1.539290,ndi
1786509873.769756,39.949408,-0.027710,-0.006030,-1.539330,ndi
1786509873.784849,39.964500,-0.027710,-0.005980,-1.539330,ndi
1786509873.802276,39.981927,-0.027740,-0.005960,-1.539310,ndi
1786509873.819759,39.999410,-0.027750,-0.005930,-1.539300,ndi
1786509873.834825,40.014476,-0.027770,-0.005890,-1.539330,ndi
1786509873.852235,40.031887,-0.027780,-0.005830,-1.539310,ndi
1786509873.869754,40.049406,-0.027800,-0.005810,-1.539290,ndi
1786509873.884799,40.064451,-0.027820,-0.005800,-1.539270,ndi
1786509873.902297,40.081949,-0.027820,-0.005740,-1.539230,ndi
1786509873.919771,40.099422,-0.027850,-0.005680,-1.539240,ndi
1786509873.934820,40.114471,-0.027860,-0.005660,-1.539260,ndi
1786509873.952274,40.131925,-0.027880,-0.005640,-1.539210,ndi
1786509873.969762,40.149413,-0.027930,-0.005570,-1.539210,ndi
1786509873.984892,40.164544,-0.027930,-0.005520,-1.539180,ndi
1786509874.002273,40.181925,-0.027950,-0.005510,-1.539190,ndi
1786509874.019758,40.199409,-0.027970,-0.005470,-1.539200,ndi
1786509874.034760,40.214411,-0.027980,-0.005420,-1.539200,ndi
1786509874.052292,40.231944,-0.028000,-0.005370,-1.539190,ndi
1786509874.069754,40.249406,-0.028010,-0.005350,-1.539150,ndi
1786509874.087295,40.266947,-0.028040,-0.005320,-1.539160,ndi
1786509874.102274,40.281926,-0.028050,-0.005270,-1.539160,ndi
1786509874.119768,40.299420,-0.028070,-0.005220,-1.539180,ndi
1786509874.134809,40.314461,-0.028080,-0.005200,-1.539150,ndi
1786509874.152261,40.331912,-0.028120,-0.005160,-1.539170,ndi
1786509874.169766,40.349417,-0.028140,-0.005110,-1.539160,ndi
1786509874.187252,40.366904,-0.028160,-0.005060,-1.539150,ndi
1786509874.202288,40.381940,-0.028170,-0.005030,-1.539150,ndi
1786509874.219729,40.399381,-0.028200,-0.004980,-1.539160,ndi
1786509874.234769,40.414420,-0.028200,-0.004950,-1.539130,ndi
1786509874.252271,40.431922,-0.028220,-0.004900,-1.539140,ndi
1786509874.269747,40.449399,-0.028240,-0.004860,-1.539140,ndi
1786509874.287280,40.466932,-0.028260,-0.004820,-1.539110,ndi
1786509874.302273,40.481925,-0.028270,-0.004770,-1.539100,ndi
1786509874.319802,40.499454,-0.028290,-0.004740,-1.539120,ndi
1786509874.334792,40.514443,-0.028320,-0.004690,-1.539120,ndi
1786509874.352260,40.531912,-0.028340,-0.004660,-1.539100,ndi
1786509874.369759,40.549410,-0.028350,-0.004620,-1.539080,ndi
1786509874.384804,40.564455,-0.028370,-0.004580,-1.539080,ndi
1786509874.402279,40.581930,-0.028380,-0.004540,-1.539060,ndi
1786509874.419707,40.599359,-0.028400,-0.004510,-1.539080,ndi
1786509874.434773,40.614424,-0.028400,-0.004470,-1.539060,ndi
1786509874.452265,40.631916,-0.028420,-0.004430,-1.539090,ndi
1786509874.469779,40.649431,-0.028430,-0.004400,-1.539080,ndi
1786509874.487274,40.666926,-0.028450,-0.004360,-1.539070,ndi
1786509874.502304,40.681955,-0.028470,-0.004310,-1.539060,ndi
1786509874.519737,40.699389,-0.028480,-0.004270,-1.539060,ndi
1786509874.534788,40.714439,-0.028500,-0.004240,-1.539080,ndi
1786509874.552300,40.731952,-0.028520,-0.004200,-1.539080,ndi
1786509874.569761,40.749412,-0.028550,-0.004140,-1.539060,ndi
1786509874.587445,40.767097,-0.028550,-0.004120,-1.539050,ndi
1786509874.602309,40.781960,-0.028560,-0.004090,-1.539040,ndi
1786509874.619731,40.799383,-0.028590,-0.004050,-1.539010,ndi
1786509874.634791,40.814442,-0.028590,-0.004000,-1.538970,ndi
1786509874.652263,40.831914,-0.028610,-0.003970,-1.539000,ndi
1786509874.669779,40.849431,-0.028620,-0.003940,-1.538990,ndi
1786509874.684799,40.864450,-0.028640,-0.003900,-1.538970,ndi
1786509874.702296,40.881948,-0.028660,-0.003840,-1.538940,ndi
1786509874.719755,40.899407,-0.028670,-0.003810,-1.538930,ndi
1786509874.734795,40.914447,-0.028690,-0.003790,-1.538970,ndi
1786509874.752294,40.931946,-0.028720,-0.003740,-1.538940,ndi
1786509874.769769,40.949420,-0.028720,-0.003690,-1.538940,ndi
1786509874.787283,40.966935,-0.028740,-0.003670,-1.538930,ndi
1786509874.802259,40.981910,-0.028760,-0.003650,-1.538970,ndi
1786509874.819757,40.999409,-0.028770,-0.003590,-1.538960,ndi
1786509874.837500,41.017152,-0.028760,-0.003550,-1.538930,ndi
1786509874.852305,41.031956,-0.028800,-0.003530,-1.538930,ndi
1786509874.869774,41.049425,-0.028810,-0.003490,-1.538960,ndi
1786509874.884797,41.064449,-0.028820,-0.003440,-1.538920,ndi
1786509874.902282,41.081933,-0.028840,-0.003400,-1.538920,ndi
1786509874.919772,41.099424,-0.028870,-0.003380,-1.538900,ndi
1786509874.934885,41.114537,-0.028900,-0.003340,-1.538920,ndi
1786509874.952318,41.131970,-0.028910,-0.003280,-1.538890,ndi
1786509874.969778,41.149430,-0.028930,-0.003240,-1.538880,ndi
1786509874.984868,41.164519,-0.028930,-0.003220,-1.538870,ndi
1786509875.002269,41.181921,-0.028960,-0.003180,-1.538880,ndi
1786509875.019766,41.199418,-0.028980,-0.003110,-1.538880,ndi
1786509875.034865,41.214516,-0.028970,-0.003080,-1.538850,ndi
1786509875.052299,41.231951,-0.029010,-0.003060,-1.538850,ndi
1786509875.069765,41.249417,-0.029020,-0.003010,-1.538820,ndi
1786509875.084804,41.264456,-0.029020,-0.002960,-1.538800,ndi
1786509875.102327,41.281978,-0.029060,-0.002930,-1.538810,ndi
1786509875.119787,41.299439,-0.029060,-0.002900,-1.538800,ndi
1786509875.134786,41.314437,-0.029080,-0.002860,-1.538790,ndi
1786509875.152319,41.331971,-0.029110,-0.002810,-1.538820,ndi
1786509875.169785,41.349436,-0.029120,-0.002780,-1.538800,ndi
1786509875.187419,41.367070,-0.029130,-0.002750,-1.538780,ndi
1786509875.202271,41.381923,-0.029160,-0.002690,-1.538790,ndi
1786509875.219754,41.399405,-0.029170,-0.002640,-1.538800,ndi
1786509875.234807,41.414458,-0.029170,-0.002630,-1.538780,ndi
1786509875.252304,41.431956,-0.029210,-0.002590,-1.538770,ndi
1786509875.269781,41.449432,-0.029210,-0.002520,-1.538820,ndi
1786509875.284800,41.464451,-0.029220,-0.002480,-1.538780,ndi
1786509875.302265,41.481917,-0.029250,-0.002460,-1.538770,ndi
1786509875.319792,41.499443,-0.029260,-0.002420,-1.538740,ndi
1786509875.334804,41.514456,-0.029290,-0.002350,-1.538730,ndi
1786509875.352302,41.531953,-0.029300,-0.002320,-1.538720,ndi
1786509875.369774,41.549426,-0.029310,-0.002300,-1.538700,ndi
1786509875.387271,41.566923,-0.029330,-0.002240,-1.538690,ndi
1786509875.402262,41.581913,-0.029350,-0.002190,-1.538670,ndi
1786509875.419790,41.599441,-0.029340,-0.002160,-1.538680,ndi
1786509875.434821,41.614472,-0.029360,-0.002140,-1.538650,ndi
1786509875.452309,41.631960,-0.029380,-0.002090,-1.538680,ndi
1786509875.469787,41.649438,-0.029390,-0.002030,-1.538670,ndi
1786509875.484825,41.664476,-0.029410,-0.002020,-1.538680,ndi
1786509875.502297,41.681949,-0.029420,-0.001990,-1.538680,ndi
1786509875.519812,41.699464,-0.029450,-0.001930,-1.538720,ndi
1786509875.534810,41.714462,-0.029450,-0.001890,-1.538680,ndi
1786509875.552322,41.731973,-0.029470,-0.001860,-1.538700,ndi
1786509875.569791,41.749443,-0.029480,-0.001830,-1.538690,ndi
1786509875.587241,41.766892,-0.029510,-0.001770,-1.538690,ndi
1786509875.602300,41.781951,-0.029510,-0.001730,-1.538660,ndi
1786509875.619784,41.799436,-0.029510,-0.001710,-1.538660,ndi
1786509875.634832,41.814483,-0.029540,-0.001690,-1.538670,ndi
1786509875.652313,41.831965,-0.029550,-0.001620,-1.538640,ndi
1786509875.669781,41.849433,-0.029560,-0.001580,-1.538640,ndi
1786509875.684813,41.864465,-0.029580,-0.001560,-1.538650,ndi
1786509875.702293,41.881945,-0.029600,-0.001510,-1.538600,ndi
1786509875.719784,41.899436,-0.029610,-0.001460,-1.538630,ndi
1786509875.734812,41.914464,-0.029640,-0.001430,-1.538600,ndi
1786509875.752307,41.931959,-0.029650,-0.001400,-1.538600,ndi
1786509875.769791,41.949442,-0.029660,-0.001350,-1.538600,ndi
1786509875.784765,41.964417,-0.029690,-0.001320,-1.538590,ndi
1786509875.802291,41.981942,-0.029670,-0.001290,-1.538570,ndi
1786509875.819801,41.999453,-0.029690,-0.001260,-1.538580,ndi
1786509875.837265,42.016917,-0.029700,-0.001210,-1.538590,ndi
1786509875.852308,42.031959,-0.029720,-0.001170,-1.538590,ndi
1786509875.869789,42.049441,-0.029750,-0.001150,-1.538580,ndi
1786509875.887263,42.066915,-0.029750,-0.001100,-1.538570,ndi
1786509875.902303,42.081955,-0.029770,-0.001060,-1.538590,ndi
1786509875.919803,42.099455,-0.029810,-0.001020,-1.538580,ndi
1786509875.934819,42.114470,-0.029810,-0.000990,-1.538580,ndi
1786509875.952318,42.131969,-0.029820,-0.000940,-1.538570,ndi
1786509875.969777,42.149428,-0.029850,-0.000880,-1.538560,ndi
1786509875.987248,42.166900,-0.029870,-0.000850,-1.538590,ndi
1786509876.002308,42.181960,-0.029870,-0.000830,-1.538580,ndi
1786509876.019802,42.199454,-0.029910,-0.000770,-1.538560,ndi
1786509876.034808,42.214459,-0.029900,-0.000720,-1.538560,ndi
1786509876.052320,42.231971,-0.029920,-0.000700,-1.538520,ndi
1786509876.069786,42.249438,-0.029950,-0.000660,-1.538530,ndi
1786509876.084803,42.264455,-0.029950,-0.000620,-1.538530,ndi
1786509876.102304,42.281956,-0.029990,-0.000560,-1.538520,ndi
1786509876.119786,42.299437,-0.029990,-0.000540,-1.538520,ndi
1786509876.134821,42.314473,-0.030000,-0.000510,-1.538490,ndi
1786509876.152333,42.331984,-0.030020,-0.000450,-1.538500,ndi
1786509876.169782,42.349434,-0.030040,-0.000410,-1.538490,ndi
1786509876.187274,42.366926,-0.030040,-0.000390,-1.538490,ndi
1786509876.202351,42.382003,-0.030060,-0.000350,-1.538480,ndi
1786509876.219801,42.399453,-0.030070,-0.000300,-1.538500,ndi
1786509876.234834,42.414486,-0.030080,-0.000270,-1.538500,ndi
1786509876.252327,42.431978,-0.030110,-0.000240,-1.538500,ndi
1786509876.269800,42.449452,-0.030100,-0.000180,-1.538520,ndi
1786509876.284829,42.464480,-0.030130,-0.000130,-1.538480,ndi
1786509876.302303,42.481954,-0.030170,-0.000100,-1.538540,ndi
1786509876.319844,42.499495,-0.030160,-0.000070,-1.538470,ndi
1786509876.334806,42.514457,-0.030180,-0.000020,-1.538490,ndi
1786509876.352322,42.531974,-0.030190,0.000030,-1.538480,ndi
1786509876.369767,42.549418,-0.030200,0.000060,-1.538470,ndi
1786509876.384784,42.564435,-0.030220,0.000090,-1.538440,ndi
1786509876.402333,42.581985,-0.030230,0.000140,-1.538430,ndi
1786509876.419801,42.599452,-0.030230,0.000190,-1.538410,ndi
1786509876.434833,42.614484,-0.030260,0.000200,-1.538420,ndi
1786509876.452325,42.631977,-0.030260,0.000240,-1.538430,ndi
1786509876.469778,42.649430,-0.030260,0.000290,-1.538450,ndi
1786509876.484824,42.664476,-0.030300,0.000330,-1.538410,ndi
1786509876.502335,42.681987,-0.030310,0.000360,-1.538450,ndi
1786509876.519819,42.699470,-0.030320,0.000400,-1.538430,ndi
1786509876.534843,42.714495,-0.030350,0.000450,-1.538450,ndi
1786509876.552303,42.731955,-0.030350,0.000480,-1.538420,ndi
1786509876.569747,42.749399,-0.030370,0.000510,-1.538440,ndi
1786509876.587257,42.766909,-0.030380,0.000560,-1.538450,ndi
1786509876.602349,42.782000,-0.030380,0.000610,-1.538420,ndi
1786509876.619826,42.799478,-0.030400,0.000640,-1.538430,ndi
1786509876.637291,42.816943,-0.030420,0.000670,-1.538420,ndi
1786509876.652319,42.831971,-0.030410,0.000720,-1.538410,ndi
1786509876.669784,42.849436,-0.030430,0.000760,-1.538410,ndi
1786509876.684820,42.864472,-0.030440,0.000780,-1.538420,ndi
1786509876.702353,42.882005,-0.030470,0.000820,-1.538430,ndi
1786509876.719817,42.899469,-0.030480,0.000870,-1.538400,ndi
1786509876.734818,42.914469,-0.030500,0.000910,-1.538380,ndi
1786509876.752328,42.931979,-0.030500,0.000940,-1.538370,ndi
1786509876.769782,42.949433,-0.030520,0.000980,-1.538380,ndi
1786509876.784824,42.964475,-0.030540,0.001030,-1.538380,ndi
1786509876.802367,42.982018,-0.030540,0.001060,-1.538390,ndi
1786509876.819814,42.999465,-0.030560,0.001100,-1.538360,ndi
1786509876.834924,43.014575,-0.030560,0.001130,-1.538360,ndi
1786509876.852324,43.031975,-0.030580,0.001180,-1.538370,ndi
1786509876.869813,43.049464,-0.030610,0.001210,-1.538360,ndi
1786509876.884831,43.064482,-0.030630,0.001240,-1.538380,ndi
1786509876.902342,43.081993,-0.030630,0.001280,-1.538360,ndi
1786509876.919810,43.099461,-0.030640,0.001330,-1.538340,ndi
1786509876.934827,43.114479,-0.030670,0.001370,-1.538350,ndi
1786509876.952308,43.131960,-0.030680,0.001390,-1.538350,ndi
1786509876.969792,43.149443,-0.030700,0.001440,-1.538330,ndi
1786509876.984838,43.164490,-0.030700,0.001500,-1.538340,ndi
1786509877.002400,43.182052,-0.030720,0.001530,-1.538370,ndi
1786509877.019835,43.199487,-0.030740,0.001560,-1.538340,ndi
1786509877.034833,43.214484,-0.030730,0.001600,-1.538310,ndi
1786509877.052331,43.231983,-0.030770,0.001660,-1.538290,ndi
1786509877.069801,43.249453,-0.030790,0.001690,-1.538320,ndi
1786509877.084822,43.264474,-0.030800,0.001710,-1.538340,ndi
1786509877.102369,43.282020,-0.030820,0.001770,-1.538310,ndi
1786509877.119829,43.299481,-0.030830,0.001830,-1.538280,ndi
1786509877.134824,43.314476,-0.030850,0.001840,-1.538300,ndi
1786509877.152292,43.331944,-0.030860,0.001870,-1.538300,ndi
1786509877.169788,43.349439,-0.030870,0.001940,-1.538280,ndi
1786509877.184834,43.364486,-0.030880,0.001990,-1.538250,ndi
1786509877.202559,43.382210,-0.030900,0.001990,-1.538290,ndi
1786509877.219854,43.399506,-0.030910,0.002030,-1.538260,ndi
1786509877.234841,43.414493,-0.030920,0.002090,-1.538280,ndi
1786509877.252313,43.431965,-0.030940,0.002140,-1.538270,ndi
1786509877.269810,43.449461,-0.030940,0.002150,-1.538300,ndi
1786509877.284831,43.464483,-0.030970,0.002190,-1.538290,ndi
1786509877.302349,43.482000,-0.030980,0.002270,-1.538290,ndi
1786509877.319806,43.499457,-0.030990,0.002310,-1.538280,ndi
1786509877.334803,43.514455,-0.031020,0.002320,-1.538290,ndi
1786509877.352284,43.531935,-0.031020,0.002370,-1.538300,ndi
1786509877.369799,43.549451,-0.031030,0.002450,-1.538280,ndi
1786509877.384818,43.564470,-0.031040,0.002470,-1.538300,ndi
1786509877.402324,43.581976,-0.031040,0.002500,-1.538270,ndi
1786509877.419807,43.599458,-0.031060,0.002560,-1.538240,ndi
1786509877.434836,43.614488,-0.031070,0.002610,-1.538240,ndi
1786509877.452336,43.631988,-0.031090,0.002640,-1.538280,ndi
1786509877.469831,43.649482,-0.031110,0.002670,-1.538260,ndi
1786509877.484853,43.664505,-0.031110,0.002710,-1.538260,ndi
1786509877.502350,43.682001,-0.031110,0.002770,-1.538270,ndi
1786509877.519835,43.699487,-0.031120,0.002790,-1.538260,ndi
1786509877.534805,43.714456,-0.031150,0.002820,-1.538270,ndi
1786509877.552326,43.731978,-0.031150,0.002880,-1.538260,ndi
1786509877.569795,43.749446,-0.031160,0.002920,-1.538280,ndi
1786509877.584841,43.764493,-0.031170,0.002960,-1.538280,ndi
1786509877.602339,43.781990,-0.031190,0.002990,-1.538270,ndi
1786509877.619829,43.799481,-0.031200,0.003040,-1.538270,ndi
1786509877.634827,43.814478,-0.031210,0.003090,-1.538240,ndi
1786509877.652344,43.831995,-0.031230,0.003120,-1.538260,ndi
1786509877.669813,43.849464,-0.031240,0.003150,-1.538280,ndi
1786509877.684824,43.864475,-0.031250,0.003200,-1.538290,ndi
1786509877.702305,43.881957,-0.031270,0.003250,-1.538280,ndi
1786509877.719824,43.899475,-0.031280,0.003270,-1.538230,ndi
1786509877.734784,43.914436,-0.031280,0.003300,-1.538260,ndi
1786509877.752316,43.931967,-0.031290,0.003360,-1.538230,ndi
1786509877.769843,43.949494,-0.031300,0.003400,-1.538240,ndi
1786509877.784816,43.964467,-0.031310,0.003420,-1.538250,ndi
1786509877.802359,43.982011,-0.031340,0.003450,-1.538250,ndi
1786509877.819855,43.999507,-0.031340,0.003520,-1.538210,ndi
1786509877.834837,44.014488,-0.031340,0.003560,-1.538230,ndi
1786509877.852353,44.032004,-0.031360,0.003570,-1.538220,ndi
1786509877.869835,44.049486,-0.031370,0.003610,-1.538230,ndi
1786509877.884830,44.064481,-0.031390,0.003670,-1.538220,ndi
1786509877.902361,44.082013,-0.031410,0.003710,-1.538220,ndi
1786509877.919791,44.099443,-0.031420,0.003720,-1.538250,ndi
1786509877.934800,44.114451,-0.031430,0.003780,-1.538240,ndi
1786509877.952311,44.131962,-0.031440,0.003830,-1.538220,ndi
1786509877.969834,44.149486,-0.031450,0.003870,-1.538230,ndi
1786509877.987323,44.166974,-0.031450,0.003900,-1.538250,ndi
1786509878.002359,44.182011,-0.031470,0.003940,-1.538220,ndi
1786509878.019898,44.199550,-0.031480,0.004000,-1.538250,ndi
1786509878.034829,44.214481,-0.031500,0.004030,-1.538230,ndi
1786509878.052342,44.231993,-0.031530,0.004060,-1.538240,ndi
1786509878.069831,44.249483,-0.031520,0.004120,-1.538220,ndi
1786509878.084836,44.264487,-0.031540,0.004170,-1.538180,ndi
1786509878.102340,44.281991,-0.031550,0.004200,-1.538220,ndi
1786509878.119787,44.299439,-0.031560,0.004230,-1.538180,ndi
1786509878.134832,44.314484,-0.031560,0.004280,-1.538230,ndi
1786509878.152349,44.332001,-0.031570,0.004320,-1.538210,ndi
1786509878.169836,44.349487,-0.031580,0.004360,-1.538210,ndi
1786509878.187307,44.366959,-0.031600,0.004400,-1.538190,ndi
1786509878.202324,44.381976,-0.031600,0.004450,-1.538200,ndi
1786509878.219828,44.399479,-0.031610,0.004490,-1.538210,ndi
1786509878.234826,44.414478,-0.031630,0.004520,-1.538220,ndi
1786509878.252364,44.432016,-0.031650,0.004580,-1.538210,ndi
1786509878.269867,44.449518,-0.031650,0.004620,-1.538180,ndi
1786509878.284882,44.464533,-0.031670,0.004660,-1.538200,ndi
1786509878.302366,44.482017,-0.031680,0.004700,-1.538190,ndi
1786509878.319808,44.499460,-0.031690,0.004750,-1.538190,ndi
1786509878.334826,44.514478,-0.031700,0.004790,-1.538180,ndi
1786509878.352360,44.532012,-0.031700,0.004840,-1.538220,ndi
1786509878.369828,44.549479,-0.031710,0.004900,-1.538200,ndi
1786509878.384842,44.564493,-0.031720,0.004920,-1.538190,ndi
1786509878.402343,44.581994,-0.031730,0.004980,-1.538200,ndi
1786509878.419828,44.599480,-0.031730,0.005020,-1.538220,ndi
1786509878.434874,44.614525,-0.031750,0.005060,-1.538200,ndi
1786509878.452364,44.632016,-0.031760,0.005100,-1.538200,ndi
1786509878.469848,44.649500,-0.031770,0.005150,-1.538220,ndi
1786509878.484835,44.664486,-0.031780,0.005190,-1.538180,ndi
1786509878.502354,44.682006,-0.031780,0.005230,-1.538200,ndi
1786509878.519825,44.699476,-0.031790,0.005270,-1.538210,ndi
1786509878.537301,44.716952,-0.031790,0.005320,-1.538170,ndi
1786509878.552369,44.732021,-0.031790,0.005360,-1.538190,ndi
1786509878.569839,44.749490,-0.031810,0.005390,-1.538200,ndi
1786509878.587309,44.766960,-0.031810,0.005430,-1.538220,ndi
1786509878.602370,44.782022,-0.031810,0.005480,-1.538190,ndi
1786509878.619832,44.799483,-0.031830,0.005540,-1.538200,ndi
1786509878.634856,44.814508,-0.031830,0.005570,-1.538210,ndi
1786509878.652383,44.832034,-0.031840,0.005600,-1.538200,ndi
1786509878.669843,44.849494,-0.031860,0.005660,-1.538250,ndi
1786509878.684854,44.864505,-0.031870,0.005710,-1.538210,ndi
1786509878.702348,44.881999,-0.031870,0.005740,-1.538220,ndi
1786509878.719817,44.899469,-0.031880,0.005790,-1.538220,ndi
1786509878.734839,44.914491,-0.031870,0.005840,-1.538210,ndi
1786509878.752368,44.932019,-0.031880,0.005880,-1.538210,ndi
1786509878.769852,44.949503,-0.031890,0.005910,-1.538160,ndi
1786509878.787337,44.966989,-0.031890,0.005960,-1.538150,ndi
1786509878.802358,44.982009,-0.031900,0.006010,-1.538150,ndi
1786509878.819878,44.999529,-0.031910,0.006040,-1.538180,ndi
1786509878.834879,45.014531,-0.031910,0.006080,-1.538170,ndi
1786509878.852365,45.032017,-0.031920,0.006120,-1.538150,ndi
1786509878.869848,45.049500,-0.031930,0.006160,-1.538160,ndi
1786509878.884863,45.064514,-0.031920,0.006200,-1.538150,ndi
1786509878.902335,45.081986,-0.031940,0.006240,-1.538180,ndi
1786509878.919816,45.099468,-0.031940,0.006280,-1.538190,ndi
1786509878.934851,45.114503,-0.031930,0.006330,-1.538170,ndi
1786509878.952369,45.132021,-0.031960,0.006380,-1.538160,ndi
1786509878.969844,45.149495,-0.031960,0.006410,-1.538190,ndi
1786509878.984857,45.164509,-0.031960,0.006450,-1.538180,ndi
1786509879.002370,45.182022,-0.031980,0.006520,-1.538200,ndi
1786509879.019887,45.199539,-0.031980,0.006570,-1.538220,ndi
1786509879.034855,45.214506,-0.032000,0.006610,-1.538190,ndi
1786509879.052410,45.232061,-0.032020,0.006650,-1.538190,ndi
1786509879.069873,45.249525,-0.031990,0.006720,-1.538170,ndi
1786509879.084865,45.264516,-0.032010,0.006750,-1.538170,ndi
1786509879.102328,45.281980,-0.032020,0.006780,-1.538180,ndi
1786509879.119825,45.299476,-0.032010,0.006830,-1.538180,ndi
1786509879.134868,45.314520,-0.032010,0.006880,-1.538190,ndi
1786509879.152355,45.332006,-0.032030,0.006930,-1.538200,ndi
1786509879.169861,45.349513,-0.032030,0.006960,-1.538190,ndi
1786509879.184860,45.364511,-0.032030,0.007000,-1.538240,ndi
1786509879.202329,45.381981,-0.032040,0.007060,-1.538210,ndi
1786509879.219925,45.399576,-0.032030,0.007100,-1.538220,ndi
1786509879.234873,45.414524,-0.032060,0.007130,-1.538210,ndi
1786509879.252355,45.432006,-0.032060,0.007200,-1.538230,ndi
1786509879.269856,45.449507,-0.032050,0.007260,-1.538210,ndi
1786509879.284837,45.464488,-0.032070,0.007280,-1.538240,ndi
1786509879.302300,45.481951,-0.032060,0.007330,-1.538260,ndi
1786509879.319840,45.499491,-0.032050,0.007400,-1.538270,ndi
1786509879.334857,45.514508,-0.032060,0.007450,-1.538250,ndi
1786509879.352377,45.532029,-0.032050,0.007480,-1.538270,ndi
1786509879.369864,45.549515,-0.032070,0.007530,-1.538250,ndi
1786509879.384858,45.564510,-0.032060,0.007580,-1.538240,ndi
1786509879.402371,45.582023,-0.032060,0.007640,-1.538220,ndi
1786509879.419939,45.599590,-0.032070,0.007680,-1.538250,ndi
1786509879.437349,45.617000,-0.032060,0.007720,-1.538250,ndi
1786509879.452369,45.632020,-0.032060,0.007770,-1.538270,ndi
1786509879.469859,45.649511,-0.032060,0.007810,-1.538270,ndi
1786509879.484839,45.664491,-0.032070,0.007850,-1.538290,ndi
1786509879.502337,45.681988,-0.032070,0.007890,-1.538290,ndi
1786509879.519890,45.699541,-0.032050,0.007940,-1.538290,ndi
1786509879.534864,45.714516,-0.032060,0.007980,-1.538270,ndi
1786509879.552376,45.732028,-0.032060,0.008020,-1.538290,ndi
1786509879.569852,45.749503,-0.032060,0.008070,-1.538280,ndi
1786509879.584870,45.764521,-0.032060,0.008110,-1.538290,ndi
1786509879.602423,45.782074,-0.032050,0.008170,-1.538300,ndi
1786509879.619957,45.799608,-0.032070,0.008210,-1.538290,ndi
1786509879.634891,45.814543,-0.032060,0.008260,-1.538310,ndi
1786509879.652373,45.832024,-0.032060,0.008310,-1.538320,ndi
1786509879.669853,45.849504,-0.032070,0.008360,-1.538300,ndi
1786509879.684845,45.864497,-0.032070,0.008400,-1.538300,ndi
1786509879.702340,45.881991,-0.032060,0.008440,-1.538290,ndi
1786509879.720247,45.899899,-0.032060,0.008490,-1.538270,ndi
1786509879.734928,45.914579,-0.032060,0.008520,-1.538280,ndi
1786509879.752391,45.932043,-0.032060,0.008570,-1.538310,ndi
1786509879.769862,45.949514,-0.032060,0.008610,-1.538260,ndi
1786509879.784831,45.964483,-0.032060,0.008650,-1.538320,ndi
1786509879.802380,45.982032,-0.032050,0.008690,-1.538300,ndi
1786509879.819872,45.999523,-0.032060,0.008740,-1.538300,ndi
1786509879.834878,46.014530,-0.032060,0.008780,-1.538290,ndi
1786509879.852368,46.032020,-0.032060,0.008820,-1.538300,ndi
1786509879.869868,46.049520,-0.032060,0.008870,-1.538320,ndi
1786509879.884828,46.064480,-0.032050,0.008930,-1.538320,ndi
1786509879.902356,46.082007,-0.032050,0.008970,-1.538340,ndi
1786509879.919873,46.099525,-0.032040,0.009010,-1.538370,ndi
1786509879.934890,46.114542,-0.032040,0.009050,-1.538360,ndi
1786509879.952407,46.132058,-0.032040,0.009120,-1.538330,ndi
1786509879.969867,46.149518,-0.032040,0.009180,-1.538310,ndi
1786509879.984837,46.164489,-0.032040,0.009200,-1.538320,ndi
1786509880.002368,46.182019,-0.032050,0.009260,-1.538320,ndi
1786509880.019869,46.199521,-0.032040,0.009330,-1.538320,ndi
1786509880.034882,46.214534,-0.032050,0.009360,-1.538330,ndi
1786509880.052385,46.232037,-0.032040,0.009380,-1.538310,ndi
1786509880.069840,46.249492,-0.032050,0.009450,-1.538320,ndi
1786509880.084855,46.264506,-0.032020,0.009510,-1.538350,ndi
1786509880.102402,46.282054,-0.032040,0.009540,-1.538360,ndi
1786509880.119896,46.299548,-0.032030,0.009570,-1.538310,ndi
1786509880.134891,46.314542,-0.032020,0.009630,-1.538340,ndi
1786509880.152410,46.332061,-0.032030,0.009690,-1.538340,ndi
1786509880.169884,46.349536,-0.032020,0.009710,-1.538340,ndi
1786509880.184904,46.364556,-0.032020,0.009750,-1.538350,ndi
1786509880.202395,46.382046,-0.032030,0.009830,-1.538370,ndi
1786509880.219872,46.399523,-0.032020,0.009890,-1.538340,ndi
1786509880.234863,46.414515,-0.032020,0.009910,-1.538380,ndi
1786509880.252376,46.432027,-0.032020,0.009970,-1.538380,ndi
1786509880.269830,46.449481,-0.032020,0.010050,-1.538350,ndi
1786509880.284846,46.464498,-0.032000,0.010080,-1.538320,ndi
1786509880.302389,46.482041,-0.031990,0.010110,-1.538340,ndi
1786509880.319874,46.499526,-0.031980,0.010180,-1.538310,ndi
1786509880.334905,46.514556,-0.031980,0.010240,-1.538310,ndi
1786509880.352405,46.532057,-0.031980,0.010270,-1.538330,ndi
1786509880.369828,46.549479,-0.031960,0.010310,-1.538330,ndi
1786509880.384883,46.564534,-0.031960,0.010370,-1.538340,ndi
1786509880.402385,46.582037,-0.031970,0.010430,-1.538330,ndi
1786509880.419864,46.599515,-0.031960,0.010450,-1.538360,ndi
1786509880.434889,46.614541,-0.031950,0.010490,-1.538340,ndi
1786509880.452384,46.632035,-0.031940,0.010570,-1.538380,ndi
1786509880.469866,46.649517,-0.031950,0.010620,-1.538370,ndi
1786509880.484863,46.664514,-0.031940,0.010650,-1.538390,ndi
1786509880.502395,46.682046,-0.031930,0.010700,-1.538400,ndi
1786509880.519892,46.699544,-0.031920,0.010770,-1.538360,ndi
1786509880.534913,46.714564,-0.031910,0.010810,-1.538360,ndi
1786509880.552392,46.732043,-0.031920,0.010840,-1.538370,ndi
1786509880.569861,46.749513,-0.031910,0.010900,-1.538360,ndi
1786509880.584880,46.764531,-0.031900,0.010950,-1.538360,ndi
1786509880.602412,46.782064,-0.031910,0.010990,-1.538340,ndi
1786509880.619884,46.799535,-0.031910,0.011020,-1.538310,ndi
1786509880.634886,46.814538,-0.031900,0.011080,-1.538350,ndi
1786509880.652409,46.832061,-0.031900,0.011140,-1.538340,ndi
1786509880.669860,46.849511,-0.031890,0.011180,-1.538360,ndi
1786509880.684874,46.864526,-0.031870,0.011200,-1.538340,ndi
1786509880.702383,46.882035,-0.031870,0.011260,-1.538380,ndi
1786509880.719886,46.899538,-0.031880,0.011310,-1.538380,ndi
1786509880.734904,46.914556,-0.031870,0.011340,-1.538340,ndi
1786509880.752413,46.932064,-0.031870,0.011380,-1.538350,ndi
1786509880.769866,46.949518,-0.031860,0.011440,-1.538380,ndi
1786509880.784885,46.964537,-0.031870,0.011480,-1.538390,ndi
1786509880.802408,46.982059,-0.031870,0.011520,-1.538400,ndi
1786509880.819882,46.999534,-0.031870,0.011570,-1.538400,ndi
1786509880.834893,47.014545,-0.031860,0.011620,-1.538400,ndi
1786509880.852368,47.032020,-0.031860,0.011660,-1.538360,ndi
1786509880.869842,47.049493,-0.031850,0.011700,-1.538360,ndi
1786509880.884883,47.064534,-0.031850,0.011750,-1.538370,ndi
1786509880.902377,47.082029,-0.031840,0.011800,-1.538330,ndi
1786509880.919894,47.099545,-0.031830,0.011830,-1.538330,ndi
1786509880.934917,47.114569,-0.031840,0.011870,-1.538330,ndi
1786509880.952401,47.132052,-0.031840,0.011920,-1.538320,ndi
1786509880.969888,47.149539,-0.031840,0.011980,-1.538320,ndi
1786509880.984888,47.164539,-0.031850,0.012000,-1.538340,ndi
1786509881.002430,47.182081,-0.031840,0.012050,-1.538350,ndi
1786509881.019905,47.199556,-0.031840,0.012110,-1.538320,ndi
1786509881.034860,47.214512,-0.031840,0.012150,-1.538310,ndi
1786509881.052332,47.231983,-0.031830,0.012190,-1.538320,ndi
1786509881.069900,47.249551,-0.031830,0.012230,-1.538330,ndi
1786509881.084900,47.264552,-0.031820,0.012280,-1.538330,ndi
1786509881.102436,47.282088,-0.031810,0.012330,-1.538320,ndi
1786509881.119895,47.299547,-0.031830,0.012370,-1.538340,ndi
1786509881.134928,47.314580,-0.031820,0.012420,-1.538320,ndi
1786509881.152395,47.332047,-0.031810,0.012470,-1.538310,ndi
1786509881.169878,47.349530,-0.031810,0.012520,-1.538300,ndi
1786509881.184897,47.364549,-0.031830,0.012550,-1.538300,ndi
1786509881.202401,47.382052,-0.031830,0.012610,-1.538310,ndi
1786509881.219879,47.399530,-0.031820,0.012670,-1.538280,ndi
1786509881.234891,47.414543,-0.031820,0.012700,-1.538270,ndi
1786509881.252348,47.431999,-0.031820,0.012740,-1.538270,ndi
1786509881.269876,47.449528,-0.031800,0.012800,-1.538250,ndi
1786509881.284906,47.464558,-0.031810,0.012840,-1.538280,ndi
1786509881.302380,47.482031,-0.031810,0.012880,-1.538270,ndi
1786509881.319901,47.499553,-0.031810,0.012930,-1.538300,ndi
1786509881.337410,47.517062,-0.031810,0.012990,-1.538250,ndi
1786509881.352396,47.532048,-0.031810,0.013030,-1.538290,ndi
1786509881.369880,47.549532,-0.031820,0.013070,-1.538290,ndi
1786509881.384899,47.564551,-0.031820,0.013100,-1.538300,ndi
1786509881.402401,47.582052,-0.031810,0.013180,-1.538290,ndi
1786509881.419896,47.599547,-0.031820,0.013220,-1.538290,ndi
1786509881.434888,47.614540,-0.031820,0.013240,-1.538310,ndi
1786509881.452415,47.632067,-0.031800,0.013290,-1.538280,ndi
1786509881.469897,47.649549,-0.031800,0.013360,-1.538250,ndi
1786509881.484895,47.664546,-0.031800,0.013390,-1.538270,ndi
1786509881.502405,47.682057,-0.031790,0.013410,-1.538250,ndi
1786509881.519892,47.699544,-0.031790,0.013460,-1.538260,ndi
1786509881.534983,47.714635,-0.031800,0.013520,-1.538250,ndi
1786509881.552410,47.732062,-0.031790,0.013560,-1.538240,ndi
1786509881.569900,47.749551,-0.031790,0.013590,-1.538220,ndi
1786509881.584901,47.764552,-0.031800,0.013630,-1.538230,ndi
1786509881.602408,47.782059,-0.031790,0.013680,-1.538240,ndi
1786509881.619898,47.799550,-0.031790,0.013730,-1.538270,ndi
1786509881.634873,47.814525,-0.031790,0.013750,-1.538240,ndi
1786509881.652377,47.832029,-0.031790,0.013810,-1.538250,ndi
1786509881.669884,47.849536,-0.031780,0.013860,-1.538260,ndi
1786509881.684892,47.864543,-0.031790,0.013890,-1.538210,ndi
1786509881.702427,47.882078,-0.031780,0.013910,-1.538240,ndi
1786509881.719909,47.899561,-0.031780,0.013970,-1.538260,ndi
1786509881.734903,47.914554,-0.031790,0.014010,-1.538240,ndi
1786509881.752420,47.932072,-0.031790,0.014060,-1.538230,ndi
1786509881.769904,47.949555,-0.031800,0.014090,-1.538210,ndi
1786509881.784904,47.964556,-0.031800,0.014140,-1.538240,ndi
1786509881.802411,47.982063,-0.031810,0.014190,-1.538190,ndi
1786509881.819872,47.999523,-0.031800,0.014220,-1.538210,ndi
1786509881.834945,48.014596,-0.031810,0.014260,-1.538200,ndi
1786509881.852358,48.032009,-0.031800,0.014300,-1.538190,ndi
1786509881.869883,48.049534,-0.031790,0.014350,-1.538160,ndi
1786509881.884900,48.064551,-0.031800,0.014380,-1.538190,ndi
1786509881.902435,48.082087,-0.031800,0.014420,-1.538210,ndi
1786509881.919911,48.099563,-0.031800,0.014460,-1.538200,ndi
1786509881.934887,48.114538,-0.031810,0.014510,-1.538170,ndi
1786509881.952411,48.132062,-0.031820,0.014550,-1.538180,ndi
1786509881.969918,48.149570,-0.031820,0.014580,-1.538170,ndi
1786509881.984928,48.164579,-0.031820,0.014620,-1.538170,ndi
1786509882.002427,48.182078,-0.031830,0.014640,-1.538150,ndi
1786509882.019858,48.199510,-0.031840,0.014650,-1.538150,ndi
1786509882.034879,48.214530,-0.031820,0.014660,-1.538140,ndi
1786509882.052412,48.232063,-0.031820,0.014660,-1.538180,ndi
1786509882.069911,48.249562,-0.031820,0.014650,-1.538170,ndi
1786509882.084915,48.264567,-0.031810,0.014650,-1.538160,ndi
1786509882.102412,48.282064,-0.031820,0.014670,-1.538180,ndi
1786509882.119889,48.299541,-0.031820,0.014660,-1.538160,ndi
1786509882.134915,48.314567,-0.031820,0.014660,-1.538170,ndi
1786509882.152436,48.332088,-0.031830,0.014670,-1.538190,ndi
1786509882.169905,48.349557,-0.031820,0.014670,-1.538190,ndi
1786509882.184914,48.364566,-0.031820,0.014660,-1.538170,ndi
1786509882.202425,48.382077,-0.031830,0.014660,-1.538160,ndi
1786509882.219867,48.399519,-0.031820,0.014670,-1.538170,ndi
1786509882.234903,48.414555,-0.031820,0.014670,-1.538160,ndi
1786509882.252430,48.432081,-0.031820,0.014650,-1.538190,ndi
1786509882.269907,48.449559,-0.031810,0.014660,-1.538170,ndi
1786509882.284880,48.464531,-0.031810,0.014670,-1.538200,ndi
1786509882.302418,48.482070,-0.031820,0.014660,-1.538160,ndi
1786509882.319888,48.499540,-0.031800,0.014650,-1.538140,ndi
1786509882.334934,48.514585,-0.031810,0.014660,-1.538170,ndi
1786509882.352449,48.532101,-0.031830,0.014670,-1.538160,ndi
1786509882.369914,48.549566,-0.031820,0.014660,-1.538160,ndi
1786509882.384913,48.564564,-0.031810,0.014650,-1.538160,ndi
1786509882.402408,48.582059,-0.031820,0.014660,-1.538180,ndi
1786509882.419831,48.599483,-0.031820,0.014670,-1.538170,ndi
1786509882.434916,48.614568,-0.031810,0.014660,-1.538190,ndi
1786509882.452416,48.632067,-0.031810,0.014660,-1.538200,ndi
1786509882.469904,48.649555,-0.031800,0.014660,-1.538180,ndi
1786509882.484901,48.664552,-0.031800,0.014670,-1.538170,ndi
1786509882.502437,48.682089,-0.031800,0.014660,-1.538190,ndi
1786509882.519878,48.699529,-0.031800,0.014660,-1.538180,ndi
1786509882.534931,48.714583,-0.031810,0.014670,-1.538200,ndi
1786509882.552448,48.732099,-0.031820,0.014670,-1.538180,ndi
1786509882.569917,48.749568,-0.031810,0.014660,-1.538160,ndi
1786509882.584924,48.764575,-0.031810,0.014650,-1.538150,ndi
1786509882.602420,48.782072,-0.031830,0.014670,-1.538150,ndi
1786509882.619889,48.799541,-0.031810,0.014680,-1.538180,ndi
1786509882.634909,48.814560,-0.031800,0.014670,-1.538200,ndi
1786509882.652434,48.832086,-0.031800,0.014650,-1.538170,ndi
1786509882.669906,48.849557,-0.031800,0.014670,-1.538170,ndi
1786509882.684923,48.864575,-0.031810,0.014680,-1.538190,ndi
1786509882.702422,48.882073,-0.031810,0.014660,-1.538170,ndi
1786509882.719913,48.899564,-0.031800,0.014650,-1.538170,ndi
1786509882.734907,48.914559,-0.031810,0.014680,-1.538180,ndi
1786509882.752466,48.932117,-0.031810,0.014680,-1.538180,ndi
1786509882.769932,48.949583,-0.031820,0.014660,-1.538180,ndi
1786509882.784917,48.964569,-0.031820,0.014650,-1.538220,ndi
1786509882.802415,48.982066,-0.031810,0.014670,-1.538180,ndi
1786509882.819875,48.999527,-0.031800,0.014680,-1.538160,ndi
1786509882.834935,49.014586,-0.031800,0.014660,-1.538200,ndi
1786509882.852422,49.032073,-0.031810,0.014650,-1.538200,ndi
1786509882.869905,49.049557,-0.031790,0.014670,-1.538180,ndi
1786509882.884917,49.064568,-0.031810,0.014680,-1.538200,ndi
1786509882.902444,49.082095,-0.031790,0.014660,-1.538170,ndi
1786509882.919910,49.099562,-0.031790,0.014660,-1.538180,ndi
1786509882.934932,49.114584,-0.031820,0.014680,-1.538170,ndi
1786509882.952448,49.132099,-0.031800,0.014670,-1.538200,ndi
1786509882.969913,49.149565,-0.031810,0.014660,-1.538150,ndi
1786509882.984924,49.164576,-0.031800,0.014670,-1.538200,ndi
1786509883.002403,49.182055,-0.031800,0.014680,-1.538210,ndi
1786509883.019883,49.199535,-0.031800,0.014660,-1.538180,ndi
1786509883.034984,49.214635,-0.031800,0.014660,-1.538180,ndi
1786509883.052433,49.232084,-0.031790,0.014670,-1.538190,ndi
1786509883.069923,49.249574,-0.031790,0.014670,-1.538200,ndi
1786509883.084931,49.264582,-0.031800,0.014670,-1.538190,ndi
1786509883.102415,49.282066,-0.031790,0.014660,-1.538200,ndi
1786509883.119925,49.299577,-0.031790,0.014670,-1.538190,ndi
1786509883.134926,49.314578,-0.031800,0.014670,-1.538180,ndi
1786509883.152466,49.332117,-0.031800,0.014670,-1.538190,ndi
1786509883.169918,49.349569,-0.031800,0.014670,-1.538180,ndi
1786509883.184911,49.364563,-0.031800,0.014670,-1.538190,ndi
1786509883.202396,49.382048,-0.031790,0.014670,-1.538180,ndi
1786509883.219899,49.399550,-0.031800,0.014660,-1.538210,ndi
1786509883.234930,49.414582,-0.031800,0.014660,-1.538170,ndi
1786509883.252472,49.432124,-0.031790,0.014670,-1.538190,ndi
1786509883.269930,49.449581,-0.031790,0.014670,-1.538200,ndi
1786509883.284950,49.464601,-0.031790,0.014670,-1.538210,ndi
1786509883.302452,49.482104,-0.031800,0.014670,-1.538190,ndi
1786509883.319939,49.499590,-0.031810,0.014680,-1.538230,ndi
1786509883.334971,49.514623,-0.031800,0.014670,-1.538220,ndi
1786509883.352526,49.532178,-0.031800,0.014670,-1.538190,ndi
1786509883.369949,49.549600,-0.031800,0.014660,-1.538190,ndi
1786509883.384949,49.564601,-0.031800,0.014680,-1.538210,ndi
1786509883.402418,49.582070,-0.031800,0.014680,-1.538170,ndi
1786509883.419948,49.599599,-0.031790,0.014660,-1.538210,ndi
1786509883.434968,49.614620,-0.031790,0.014660,-1.538200,ndi
1786509883.452485,49.632136,-0.031790,0.014680,-1.538180,ndi
1786509883.469941,49.649592,-0.031790,0.014670,-1.538190,ndi
1786509883.484959,49.664610,-0.031780,0.014660,-1.538210,ndi
1786509883.502441,49.682092,-0.031790,0.014670,-1.538190,ndi
1786509883.519972,49.699624,-0.031800,0.014680,-1.538190,ndi
1786509883.534962,49.714613,-0.031790,0.014670,-1.538190,ndi
1786509883.552528,49.732179,-0.031790,0.014660,-1.538200,ndi
1786509883.569988,49.749640,-0.031800,0.014670,-1.538210,ndi
1786509883.584962,49.764613,-0.031800,0.014680,-1.538200,ndi
1786509883.602428,49.782080,-0.031790,0.014670,-1.538200,ndi
1786509883.619963,49.799615,-0.031790,0.014670,-1.538190,ndi
1786509883.634929,49.814581,-0.031790,0.014670,-1.538210,ndi
1786509883.652461,49.832113,-0.031780,0.014680,-1.538190,ndi
1786509883.669943,49.849594,-0.031780,0.014670,-1.538190,ndi
1786509883.684914,49.864566,-0.031790,0.014670,-1.538190,ndi
1786509883.702420,49.882071,-0.031780,0.014670,-1.538200,ndi
1786509883.719936,49.899587,-0.031800,0.014670,-1.538220,ndi
1786509883.734936,49.914587,-0.031790,0.014670,-1.538190,ndi
1786509883.752481,49.932132,-0.031790,0.014670,-1.538200,ndi
1786509883.769909,49.949560,-0.031800,0.014680,-1.538210,ndi
1786509883.784919,49.964571,-0.031790,0.014670,-1.538200,ndi
1786509883.802408,49.982060,-0.031790,0.014670,-1.538210,ndi
1786509883.819963,49.999615,-0.031790,0.014670,-1.538220,ndi
1786509883.834990,50.014642,-0.031780,0.014680,-1.538200,ndi
1786509883.852462,50.032114,-0.031780,0.014670,-1.538200,ndi
1786509883.869915,50.049567,-0.031780,0.014670,-1.538220,ndi
1786509883.884910,50.064562,-0.031780,0.014670,-1.538190,ndi
1786509883.902448,50.082100,-0.031790,0.014670,-1.538240,ndi
1786509883.919947,50.099598,-0.031780,0.014670,-1.538210,ndi
1786509883.934943,50.114595,-0.031790,0.014680,-1.538190,ndi
1786509883.952554,50.132205,-0.031790,0.014670,-1.538190,ndi
1786509883.969906,50.149558,-0.031790,0.014670,-1.538200,ndi
1786509883.984897,50.164549,-0.031770,0.014670,-1.538210,ndi
1786509884.002491,50.182142,-0.031780,0.014680,-1.538200,ndi
1786509884.019952,50.199603,-0.031780,0.014670,-1.538190,ndi
1786509884.034944,50.214595,-0.031780,0.014670,-1.538210,ndi
1786509884.052425,50.232076,-0.031780,0.014680,-1.538190,ndi
1786509884.069948,50.249600,-0.031780,0.014680,-1.538210,ndi
1786509884.084965,50.264616,-0.031790,0.014680,-1.538220,ndi
1786509884.102469,50.282121,-0.031790,0.014680,-1.538230,ndi
1786509884.119971,50.299623,-0.031780,0.014680,-1.538190,ndi
1786509884.134948,50.314600,-0.031790,0.014680,-1.538210,ndi
1786509884.152464,50.332115,-0.031780,0.014680,-1.538200,ndi
1786509884.169910,50.349561,-0.031790,0.014670,-1.538190,ndi
1786509884.184941,50.364593,-0.031780,0.014680,-1.538220,ndi
1786509884.202457,50.382109,-0.031770,0.014680,-1.538210,ndi
1786509884.219937,50.399589,-0.031780,0.014680,-1.538210,ndi
1786509884.234917,50.414568,-0.031780,0.014670,-1.538190,ndi
1786509884.252452,50.432104,-0.031770,0.014670,-1.538200,ndi
1786509884.269916,50.449567,-0.031780,0.014680,-1.538200,ndi
1786509884.284949,50.464600,-0.031770,0.014680,-1.538230,ndi
1786509884.302446,50.482097,-0.031780,0.014670,-1.538210,ndi
1786509884.319937,50.499589,-0.031780,0.014680,-1.538220,ndi
1786509884.334956,50.514607,-0.031780,0.014690,-1.538220,ndi
1786509884.352466,50.532118,-0.031790,0.014680,-1.538230,ndi
1786509884.369914,50.549565,-0.031780,0.014670,-1.538220,ndi
1786509884.384931,50.564582,-0.031770,0.014680,-1.538210,ndi
1786509884.402464,50.582115,-0.031770,0.014690,-1.538220,ndi
1786509884.419936,50.599587,-0.031770,0.014680,-1.538220,ndi
1786509884.434948,50.614600,-0.031770,0.014670,-1.538200,ndi
1786509884.452462,50.632114,-0.031770,0.014680,-1.538220,ndi
1786509884.469936,50.649587,-0.031770,0.014690,-1.538220,ndi
1786509884.484953,50.664604,-0.031770,0.014680,-1.538230,ndi
1786509884.502468,50.682119,-0.031780,0.014670,-1.538210,ndi
1786509884.519941,50.699593,-0.031780,0.014690,-1.538210,ndi
1786509884.534967,50.714618,-0.031780,0.014680,-1.538220,ndi
1786509884.552444,50.732095,-0.031780,0.014670,-1.538230,ndi
1786509884.569927,50.749578,-0.031760,0.014680,-1.538200,ndi
1786509884.584940,50.764592,-0.031770,0.014690,-1.538230,ndi
1786509884.602471,50.782122,-0.031770,0.014680,-1.538230,ndi
1786509884.619982,50.799633,-0.031760,0.014670,-1.538210,ndi
1786509884.634926,50.814577,-0.031770,0.014680,-1.538210,ndi
1786509884.652463,50.832115,-0.031770,0.014680,-1.538200,ndi
1786509884.669979,50.849631,-0.031770,0.014670,-1.538220,ndi
1786509884.684969,50.864620,-0.031780,0.014680,-1.538210,ndi
1786509884.702480,50.882132,-0.031780,0.014680,-1.538210,ndi
1786509884.719973,50.899624,-0.031770,0.014690,-1.538210,ndi
1786509884.734953,50.914605,-0.031770,0.014680,-1.538220,ndi
1786509884.752440,50.932091,-0.031780,0.014670,-1.538200,ndi
1786509884.769893,50.949544,-0.031760,0.014690,-1.538190,ndi
1786509884.784947,50.964598,-0.031770,0.014690,-1.538210,ndi
1786509884.802440,50.982091,-0.031760,0.014680,-1.538200,ndi
1786509884.819963,50.999615,-0.031760,0.014680,-1.538210,ndi
1786509884.834959,51.014611,-0.031760,0.014680,-1.538200,ndi
1786509884.852466,51.032117,-0.031760,0.014680,-1.538220,ndi
1786509884.869971,51.049623,-0.031760,0.014690,-1.538210,ndi
1786509884.884975,51.064626,-0.031770,0.014680,-1.538190,ndi
1786509884.902474,51.082126,-0.031770,0.014680,-1.538220,ndi
1786509884.919955,51.099607,-0.031770,0.014680,-1.538180,ndi
1786509884.934963,51.114614,-0.031770,0.014680,-1.538210,ndi
1786509884.952420,51.132071,-0.031770,0.014680,-1.538190,ndi
1786509884.969923,51.149574,-0.031760,0.014680,-1.538190,ndi
1786509884.984956,51.164607,-0.031760,0.014690,-1.538210,ndi
1786509885.002466,51.182117,-0.031760,0.014690,-1.538200,ndi
1786509885.019966,51.199618,-0.031760,0.014680,-1.538210,ndi
1786509885.034963,51.214615,-0.031760,0.014680,-1.538190,ndi
1786509885.052428,51.232080,-0.031750,0.014690,-1.538210,ndi
1786509885.069972,51.249624,-0.031750,0.014690,-1.538220,ndi
1786509885.084932,51.264583,-0.031770,0.014680,-1.538190,ndi
1786509885.102492,51.282143,-0.031760,0.014690,-1.538180,ndi
1786509885.119954,51.299605,-0.031770,0.014690,-1.538200,ndi
1786509885.135029,51.314680,-0.031760,0.014690,-1.538180,ndi
1786509885.152466,51.332118,-0.031760,0.014680,-1.538200,ndi
1786509885.169951,51.349602,-0.031760,0.014690,-1.538230,ndi
1786509885.184930,51.364582,-0.031760,0.014680,-1.538190,ndi
1786509885.202467,51.382118,-0.031760,0.014680,-1.538210,ndi
1786509885.219957,51.399608,-0.031750,0.014680,-1.538200,ndi
1786509885.234953,51.414604,-0.031760,0.014690,-1.538180,ndi
1786509885.252471,51.432122,-0.031760,0.014690,-1.538210,ndi
1786509885.269972,51.449623,-0.031770,0.014690,-1.538230,ndi
1786509885.285003,51.464654,-0.031770,0.014680,-1.538190,ndi
1786509885.302460,51.482112,-0.031760,0.014680,-1.538220,ndi
1786509885.319953,51.499605,-0.031770,0.014690,-1.538180,ndi
1786509885.334936,51.514588,-0.031770,0.014690,-1.538210,ndi
1786509885.352445,51.532096,-0.031760,0.014680,-1.538170,ndi
1786509885.369943,51.549594,-0.031760,0.014680,-1.538200,ndi
1786509885.384966,51.564617,-0.031750,0.014690,-1.538220,ndi
1786509885.402453,51.582104,-0.031760,0.014690,-1.538210,ndi
1786509885.420000,51.599651,-0.031750,0.014690,-1.538220,ndi
1786509885.434976,51.614628,-0.031760,0.014680,-1.538190,ndi
1786509885.452459,51.632111,-0.031760,0.014690,-1.538220,ndi
1786509885.470000,51.649652,-0.031760,0.014690,-1.538200,ndi
1786509885.484989,51.664641,-0.031770,0.014680,-1.538210,ndi
1786509885.502495,51.682147,-0.031760,0.014680,-1.538200,ndi
1786509885.519978,51.699630,-0.031760,0.014700,-1.538200,ndi
