stamp,elapsed,x,y,z,frame_id
1786511714.201737,0.000000,-0.007480,-0.044110,-1.557590,ndi
1786511714.219207,0.017470,-0.007480,-0.044130,-1.557590,ndi
1786511714.236733,0.034996,-0.007480,-0.044150,-1.557590,ndi
1786511714.251697,0.049960,-0.007480,-0.044120,-1.557570,ndi
1786511714.269211,0.067473,-0.007490,-0.044110,-1.557570,ndi
1786511714.286735,0.084998,-0.007490,-0.044140,-1.557580,ndi
1786511714.301767,0.100029,-0.007480,-0.044140,-1.557590,ndi
1786511714.319227,0.117490,-0.007490,-0.044120,-1.557590,ndi
1786511714.336717,0.134980,-0.007480,-0.044120,-1.557590,ndi
1786511714.351701,0.149964,-0.007480,-0.044140,-1.557580,ndi
1786511714.369211,0.167473,-0.007480,-0.044130,-1.557560,ndi
1786511714.386746,0.185009,-0.007480,-0.044110,-1.557570,ndi
1786511714.401723,0.199986,-0.007470,-0.044120,-1.557570,ndi
1786511714.419230,0.217493,-0.007470,-0.044140,-1.557550,ndi
1786511714.436721,0.234983,-0.007480,-0.044130,-1.557520,ndi
1786511714.451750,0.250013,-0.007480,-0.044110,-1.557570,ndi
1786511714.469229,0.267492,-0.007480,-0.044130,-1.557570,ndi
1786511714.486770,0.285033,-0.007480,-0.044140,-1.557560,ndi
1786511714.501767,0.300030,-0.007480,-0.044120,-1.557570,ndi
1786511714.519273,0.317536,-0.007470,-0.044120,-1.557580,ndi
1786511714.536749,0.335012,-0.007480,-0.044130,-1.557570,ndi
1786511714.551729,0.349992,-0.007480,-0.044140,-1.557590,ndi
1786511714.569229,0.367492,-0.007470,-0.044120,-1.557550,ndi
1786511714.586770,0.385032,-0.007470,-0.044120,-1.557580,ndi
1786511714.601737,0.400000,-0.007470,-0.044140,-1.557600,ndi
1786511714.619264,0.417526,-0.007470,-0.044140,-1.557580,ndi
1786511714.636760,0.435023,-0.007470,-0.044110,-1.557590,ndi
1786511714.651714,0.449977,-0.007490,-0.044130,-1.557620,ndi
1786511714.669264,0.467526,-0.007480,-0.044150,-1.557620,ndi
1786511714.686740,0.485003,-0.007480,-0.044140,-1.557630,ndi
1786511714.701735,0.499998,-0.007480,-0.044110,-1.557600,ndi
1786511714.721710,0.519972,-0.007480,-0.044130,-1.557610,ndi
1786511714.736740,0.535003,-0.007480,-0.044150,-1.557610,ndi
1786511714.751713,0.549976,-0.007460,-0.044130,-1.557600,ndi
1786511714.769231,0.567494,-0.007480,-0.044110,-1.557580,ndi
1786511714.786765,0.585028,-0.007490,-0.044130,-1.557590,ndi
1786511714.801740,0.600003,-0.007480,-0.044150,-1.557570,ndi
1786511714.819244,0.617506,-0.007470,-0.044120,-1.557610,ndi
1786511714.836727,0.634990,-0.007480,-0.044120,-1.557590,ndi
1786511714.851824,0.650087,-0.007490,-0.044130,-1.557600,ndi
1786511714.869225,0.667487,-0.007480,-0.044150,-1.557630,ndi
1786511714.886732,0.684994,-0.007490,-0.044130,-1.557610,ndi
1786511714.901710,0.699972,-0.007490,-0.044120,-1.557580,ndi
1786511714.919219,0.717482,-0.007490,-0.044140,-1.557600,ndi
1786511714.936733,0.734996,-0.007490,-0.044140,-1.557600,ndi
1786511714.951737,0.750000,-0.007470,-0.044130,-1.557600,ndi
1786511714.969236,0.767499,-0.007480,-0.044130,-1.557610,ndi
1786511714.986742,0.785004,-0.007480,-0.044150,-1.557590,ndi
1786511715.001705,0.799968,-0.007480,-0.044140,-1.557580,ndi
1786511715.019268,0.817531,-0.007480,-0.044120,-1.557580,ndi
1786511715.036743,0.835005,-0.007490,-0.044130,-1.557590,ndi
1786511715.051724,0.849987,-0.007500,-0.044150,-1.557580,ndi
1786511715.069228,0.867490,-0.007490,-0.044140,-1.557560,ndi
1786511715.086730,0.884993,-0.007490,-0.044120,-1.557560,ndi
1786511715.101717,0.899980,-0.007490,-0.044130,-1.557580,ndi
1786511715.122787,0.921049,-0.007490,-0.044150,-1.557550,ndi
1786511715.136728,0.934990,-0.007490,-0.044130,-1.557570,ndi
1786511715.151736,0.949998,-0.007480,-0.044120,-1.557570,ndi
1786511715.169225,0.967488,-0.007490,-0.044140,-1.557570,ndi
1786511715.186721,0.984984,-0.007480,-0.044150,-1.557590,ndi
1786511715.201712,0.999975,-0.007480,-0.044130,-1.557580,ndi
1786511715.219245,1.017508,-0.007480,-0.044130,-1.557590,ndi
1786511715.236733,1.034995,-0.007490,-0.044140,-1.557600,ndi
1786511715.251735,1.049998,-0.007490,-0.044150,-1.557610,ndi
1786511715.269227,1.067490,-0.007490,-0.044140,-1.557600,ndi
1786511715.286739,1.085001,-0.007490,-0.044130,-1.557600,ndi
1786511715.301721,1.099983,-0.007490,-0.044150,-1.557600,ndi
1786511715.319234,1.117496,-0.007490,-0.044150,-1.557610,ndi
1786511715.336730,1.134993,-0.007470,-0.044140,-1.557600,ndi
1786511715.351727,1.149990,-0.007480,-0.044140,-1.557610,ndi
1786511715.369233,1.167495,-0.007480,-0.044150,-1.557570,ndi
1786511715.386729,1.184992,-0.007480,-0.044140,-1.557590,ndi
1786511715.401712,1.199975,-0.007470,-0.044130,-1.557580,ndi
1786511715.419238,1.217500,-0.007480,-0.044140,-1.557600,ndi
1786511715.436739,1.235002,-0.007480,-0.044140,-1.557590,ndi
1786511715.451745,1.250008,-0.007480,-0.044130,-1.557560,ndi
1786511715.469228,1.267491,-0.007490,-0.044130,-1.557570,ndi
1786511715.486786,1.285048,-0.007490,-0.044140,-1.557590,ndi
1786511715.501733,1.299995,-0.007480,-0.044140,-1.557560,ndi
1786511715.519237,1.317499,-0.007480,-0.044130,-1.557580,ndi
1786511715.536755,1.335017,-0.007470,-0.044140,-1.557570,ndi
1786511715.551741,1.350003,-0.007490,-0.044140,-1.557580,ndi
1786511715.569238,1.367501,-0.007480,-0.044140,-1.557580,ndi
1786511715.586740,1.385003,-0.007470,-0.044130,-1.557590,ndi
1786511715.601719,1.399982,-0.007480,-0.044140,-1.557570,ndi
1786511715.619251,1.417513,-0.007490,-0.044140,-1.557520,ndi
1786511715.636750,1.435013,-0.007490,-0.044130,-1.557550,ndi
1786511715.651758,1.450021,-0.007490,-0.044130,-1.557550,ndi
1786511715.669240,1.467502,-0.007500,-0.044140,-1.557590,ndi
1786511715.686733,1.484996,-0.007490,-0.044150,-1.557570,ndi
1786511715.701745,1.500008,-0.007480,-0.044140,-1.557580,ndi
1786511715.719243,1.517505,-0.007500,-0.044130,-1.557570,ndi
1786511715.736751,1.535013,-0.007480,-0.044140,-1.557570,ndi
1786511715.751757,1.550020,-0.007490,-0.044140,-1.557570,ndi
1786511715.769244,1.567507,-0.007480,-0.044130,-1.557570,ndi
1786511715.786782,1.585044,-0.007480,-0.044130,-1.557580,ndi
1786511715.801745,1.600007,-0.007490,-0.044130,-1.557560,ndi
1786511715.819257,1.617520,-0.007480,-0.044140,-1.557570,ndi
1786511715.836753,1.635016,-0.007500,-0.044130,-1.557550,ndi
1786511715.851746,1.650009,-0.007500,-0.044140,-1.557550,ndi
1786511715.869251,1.667514,-0.007480,-0.044140,-1.557580,ndi
1786511715.886726,1.684988,-0.007490,-0.044140,-1.557580,ndi
1786511715.901712,1.699974,-0.007490,-0.044130,-1.557580,ndi
1786511715.919241,1.717504,-0.007490,-0.044140,-1.557590,ndi
1786511715.936761,1.735023,-0.007480,-0.044150,-1.557550,ndi
1786511715.951753,1.750015,-0.007480,-0.044140,-1.557560,ndi
1786511715.969234,1.767497,-0.007490,-0.044130,-1.557570,ndi
1786511715.986736,1.784998,-0.007480,-0.044150,-1.557590,ndi
1786511716.001776,1.800039,-0.007480,-0.044150,-1.557580,ndi
1786511716.019326,1.817589,-0.007490,-0.044130,-1.557580,ndi
1786511716.036773,1.835036,-0.007490,-0.044130,-1.557570,ndi
1786511716.051749,1.850012,-0.007490,-0.044150,-1.557580,ndi
1786511716.069255,1.867517,-0.007480,-0.044150,-1.557610,ndi
1786511716.086755,1.885018,-0.007490,-0.044130,-1.557570,ndi
1786511716.101739,1.900001,-0.007480,-0.044130,-1.557580,ndi
1786511716.119244,1.917507,-0.007470,-0.044150,-1.557580,ndi
1786511716.136761,1.935024,-0.007480,-0.044150,-1.557590,ndi
1786511716.151754,1.950016,-0.007470,-0.044130,-1.557560,ndi
1786511716.169232,1.967495,-0.007480,-0.044130,-1.557590,ndi
1786511716.186742,1.985005,-0.007480,-0.044150,-1.557570,ndi
1786511716.201736,1.999998,-0.007480,-0.044150,-1.557580,ndi
1786511716.219457,2.017720,-0.007480,-0.044140,-1.557570,ndi
1786511716.236773,2.035036,-0.007490,-0.044140,-1.557590,ndi
1786511716.251749,2.050012,-0.007500,-0.044150,-1.557580,ndi
1786511716.269247,2.067510,-0.007490,-0.044140,-1.557560,ndi
1786511716.284380,2.082643,-0.007490,-0.044130,-1.557580,ndi
1786511716.301749,2.100012,-0.007490,-0.044140,-1.557590,ndi
1786511716.319249,2.117511,-0.007480,-0.044150,-1.557560,ndi
1786511716.336738,2.135001,-0.007480,-0.044140,-1.557570,ndi
1786511716.351770,2.150033,-0.007480,-0.044130,-1.557560,ndi
1786511716.369246,2.167508,-0.007480,-0.044150,-1.557600,ndi
1786511716.386759,2.185021,-0.007500,-0.044150,-1.557560,ndi
1786511716.401738,2.200000,-0.007490,-0.044130,-1.557570,ndi
1786511716.419245,2.217508,-0.007490,-0.044130,-1.557580,ndi
1786511716.436776,2.235039,-0.007490,-0.044140,-1.557570,ndi
1786511716.451767,2.250029,-0.007500,-0.044140,-1.557580,ndi
1786511716.469262,2.267525,-0.007490,-0.044130,-1.557560,ndi
1786511716.486752,2.285015,-0.007490,-0.044130,-1.557580,ndi
1786511716.501747,2.300009,-0.007490,-0.044140,-1.557560,ndi
1786511716.519244,2.317506,-0.007480,-0.044140,-1.557560,ndi
1786511716.536789,2.335052,-0.007480,-0.044130,-1.557560,ndi
1786511716.551755,2.350018,-0.007490,-0.044130,-1.557560,ndi
1786511716.569242,2.367504,-0.007480,-0.044140,-1.557610,ndi
1786511716.586747,2.385009,-0.007490,-0.044140,-1.557580,ndi
1786511716.601749,2.400012,-0.007500,-0.044140,-1.557600,ndi
1786511716.619260,2.417522,-0.007500,-0.044150,-1.557620,ndi
1786511716.636768,2.435030,-0.007490,-0.044150,-1.557620,ndi
1786511716.651762,2.450025,-0.007490,-0.044140,-1.557590,ndi
1786511716.669266,2.467528,-0.007490,-0.044130,-1.557600,ndi
1786511716.686775,2.485038,-0.007490,-0.044150,-1.557610,ndi
1786511716.701748,2.500010,-0.007470,-0.044150,-1.557580,ndi
1786511716.719298,2.517561,-0.007480,-0.044140,-1.557570,ndi
1786511716.736767,2.535029,-0.007490,-0.044130,-1.557600,ndi
1786511716.751745,2.550008,-0.007480,-0.044150,-1.557590,ndi
1786511716.769251,2.567514,-0.007480,-0.044150,-1.557590,ndi
1786511716.786804,2.585067,-0.007490,-0.044140,-1.557570,ndi
1786511716.801771,2.600034,-0.007490,-0.044140,-1.557580,ndi
1786511716.819287,2.617550,-0.007490,-0.044160,-1.557580,ndi
1786511716.836777,2.635040,-0.007490,-0.044140,-1.557570,ndi
1786511716.851757,2.650019,-0.007490,-0.044130,-1.557580,ndi
1786511716.869260,2.667523,-0.007480,-0.044140,-1.557590,ndi
1786511716.886763,2.685025,-0.007470,-0.044150,-1.557590,ndi
1786511716.901733,2.699996,-0.007480,-0.044140,-1.557580,ndi
1786511716.919267,2.717530,-0.007470,-0.044130,-1.557580,ndi
1786511716.936782,2.735045,-0.007490,-0.044150,-1.557580,ndi
1786511716.951768,2.750031,-0.007460,-0.044150,-1.557580,ndi
1786511716.969250,2.767512,-0.007480,-0.044140,-1.557570,ndi
1786511716.986777,2.785039,-0.007500,-0.044130,-1.557590,ndi
1786511717.001871,2.800134,-0.007480,-0.044150,-1.557570,ndi
1786511717.019275,2.817538,-0.007510,-0.044150,-1.557580,ndi
1786511717.036782,2.835045,-0.007480,-0.044130,-1.557590,ndi
1786511717.051756,2.850019,-0.007490,-0.044140,-1.557610,ndi
1786511717.069291,2.867554,-0.007490,-0.044150,-1.557570,ndi
1786511717.086756,2.885018,-0.007480,-0.044140,-1.557590,ndi
1786511717.101755,2.900018,-0.007480,-0.044120,-1.557580,ndi
1786511717.119280,2.917543,-0.007500,-0.044130,-1.557590,ndi
1786511717.136756,2.935019,-0.007490,-0.044150,-1.557580,ndi
1786511717.151754,2.950017,-0.007480,-0.044150,-1.557590,ndi
1786511717.169253,2.967515,-0.007490,-0.044130,-1.557570,ndi
1786511717.186771,2.985034,-0.007470,-0.044130,-1.557600,ndi
1786511717.201754,3.000017,-0.007500,-0.044150,-1.557610,ndi
1786511717.219260,3.017523,-0.007500,-0.044140,-1.557570,ndi
1786511717.236797,3.035059,-0.007480,-0.044120,-1.557580,ndi
1786511717.251777,3.050039,-0.007490,-0.044140,-1.557590,ndi
1786511717.269263,3.067526,-0.007500,-0.044160,-1.557570,ndi
1786511717.286771,3.085034,-0.007480,-0.044140,-1.557580,ndi
1786511717.301749,3.100012,-0.007490,-0.044120,-1.557570,ndi
1786511717.319279,3.117542,-0.007480,-0.044140,-1.557570,ndi
1786511717.334375,3.132637,-0.007480,-0.044160,-1.557590,ndi
1786511717.351769,3.150032,-0.007500,-0.044140,-1.557560,ndi
1786511717.369250,3.167512,-0.007500,-0.044130,-1.557550,ndi
1786511717.386754,3.185017,-0.007490,-0.044140,-1.557580,ndi
1786511717.401748,3.200011,-0.007480,-0.044150,-1.557600,ndi
1786511717.419261,3.217523,-0.007490,-0.044130,-1.557570,ndi
1786511717.436793,3.235055,-0.007500,-0.044120,-1.557570,ndi
1786511717.451774,3.250037,-0.007490,-0.044140,-1.557560,ndi
1786511717.469259,3.267522,-0.007490,-0.044160,-1.557560,ndi
1786511717.486779,3.285042,-0.007470,-0.044150,-1.557580,ndi
1786511717.501786,3.300049,-0.007480,-0.044130,-1.557560,ndi
1786511717.519296,3.317559,-0.007490,-0.044140,-1.557590,ndi
1786511717.536775,3.335037,-0.007480,-0.044140,-1.557580,ndi
1786511717.551770,3.350033,-0.007460,-0.044140,-1.557580,ndi
1786511717.569267,3.367530,-0.007480,-0.044130,-1.557560,ndi
1786511717.586816,3.385078,-0.007500,-0.044140,-1.557580,ndi
1786511717.601826,3.400088,-0.007480,-0.044150,-1.557570,ndi
1786511717.619284,3.417546,-0.007490,-0.044140,-1.557570,ndi
1786511717.636786,3.435049,-0.007480,-0.044140,-1.557590,ndi
1786511717.651767,3.450029,-0.007480,-0.044140,-1.557580,ndi
1786511717.669261,3.467524,-0.007500,-0.044150,-1.557600,ndi
1786511717.686777,3.485040,-0.007480,-0.044140,-1.557570,ndi
1786511717.701784,3.500046,-0.007460,-0.044140,-1.557580,ndi
1786511717.719327,3.517590,-0.007480,-0.044140,-1.557570,ndi
1786511717.736785,3.535048,-0.007480,-0.044140,-1.557580,ndi
1786511717.751771,3.550034,-0.007480,-0.044140,-1.557570,ndi
1786511717.769281,3.567544,-0.007480,-0.044140,-1.557580,ndi
1786511717.786828,3.585090,-0.007480,-0.044150,-1.557580,ndi
1786511717.801778,3.600040,-0.007500,-0.044140,-1.557560,ndi
1786511717.819292,3.617554,-0.007490,-0.044140,-1.557550,ndi
1786511717.836811,3.635074,-0.007480,-0.044140,-1.557590,ndi
1786511717.851795,3.650058,-0.007490,-0.044140,-1.557570,ndi
1786511717.869309,3.667572,-0.007480,-0.044140,-1.557570,ndi
1786511717.886784,3.685046,-0.007490,-0.044140,-1.557580,ndi
1786511717.901773,3.700036,-0.007490,-0.044140,-1.557580,ndi
1786511717.919274,3.717536,-0.007480,-0.044140,-1.557590,ndi
1786511717.936773,3.735035,-0.007480,-0.044150,-1.557570,ndi
1786511717.951771,3.750034,-0.007490,-0.044140,-1.557590,ndi
1786511717.969263,3.767525,-0.007500,-0.044140,-1.557570,ndi
1786511717.986779,3.785042,-0.007490,-0.044140,-1.557580,ndi
1786511718.001767,3.800029,-0.007500,-0.044150,-1.557580,ndi
1786511718.019466,3.817729,-0.007490,-0.044140,-1.557570,ndi
1786511718.034477,3.832740,-0.007490,-0.044140,-1.557560,ndi
1786511718.051828,3.850091,-0.007500,-0.044150,-1.557590,ndi
1786511718.069350,3.867612,-0.007480,-0.044150,-1.557580,ndi
1786511718.086839,3.885102,-0.007490,-0.044140,-1.557560,ndi
1786511718.101801,3.900064,-0.007490,-0.044140,-1.557590,ndi
1786511718.119325,3.917588,-0.007480,-0.044150,-1.557560,ndi
1786511718.136818,3.935080,-0.007490,-0.044150,-1.557590,ndi
1786511718.151811,3.950073,-0.007500,-0.044140,-1.557580,ndi
1786511718.169319,3.967582,-0.007500,-0.044130,-1.557580,ndi
1786511718.186799,3.985062,-0.007490,-0.044150,-1.557570,ndi
1786511718.201804,4.000067,-0.007500,-0.044150,-1.557590,ndi
1786511718.219299,4.017561,-0.007500,-0.044140,-1.557560,ndi
1786511718.234516,4.032779,-0.007490,-0.044140,-1.557550,ndi
1786511718.251817,4.050080,-0.007490,-0.044150,-1.557590,ndi
1786511718.269314,4.067576,-0.007490,-0.044150,-1.557550,ndi
1786511718.286813,4.085076,-0.007490,-0.044140,-1.557550,ndi
1786511718.301809,4.100071,-0.007490,-0.044130,-1.557550,ndi
1786511718.319304,4.117566,-0.007480,-0.044150,-1.557590,ndi
1786511718.336792,4.135055,-0.007490,-0.044150,-1.557580,ndi
1786511718.351795,4.150057,-0.007490,-0.044140,-1.557580,ndi
1786511718.369281,4.167544,-0.007500,-0.044140,-1.557540,ndi
1786511718.384388,4.182651,-0.007490,-0.044150,-1.557530,ndi
1786511718.401796,4.200059,-0.007490,-0.044150,-1.557550,ndi
1786511718.419287,4.217550,-0.007490,-0.044130,-1.557580,ndi
1786511718.436884,4.235147,-0.007490,-0.044140,-1.557560,ndi
1786511718.451795,4.250058,-0.007490,-0.044150,-1.557580,ndi
1786511718.469290,4.267553,-0.007480,-0.044140,-1.557530,ndi
1786511718.484374,4.282636,-0.007490,-0.044140,-1.557550,ndi
1786511718.501779,4.300042,-0.007480,-0.044140,-1.557550,ndi
1786511718.519274,4.317537,-0.007480,-0.044150,-1.557550,ndi
1786511718.536788,4.335050,-0.007490,-0.044140,-1.557550,ndi
1786511718.551819,4.350081,-0.007490,-0.044130,-1.557550,ndi
1786511718.569279,4.367542,-0.007480,-0.044140,-1.557560,ndi
1786511718.586789,4.385052,-0.007500,-0.044150,-1.557540,ndi
1786511718.601796,4.400059,-0.007490,-0.044150,-1.557550,ndi
1786511718.619309,4.417571,-0.007490,-0.044130,-1.557560,ndi
1786511718.636805,4.435068,-0.007490,-0.044140,-1.557570,ndi
1786511718.651798,4.450061,-0.007470,-0.044150,-1.557570,ndi
1786511718.669310,4.467572,-0.007480,-0.044140,-1.557560,ndi
1786511718.684375,4.482637,-0.007490,-0.044130,-1.557590,ndi
1786511718.701788,4.500051,-0.007480,-0.044140,-1.557570,ndi
1786511718.719325,4.517587,-0.007480,-0.044160,-1.557550,ndi
1786511718.734370,4.532632,-0.007490,-0.044130,-1.557570,ndi
1786511718.751801,4.550063,-0.007500,-0.044120,-1.557560,ndi
1786511718.769291,4.567554,-0.007490,-0.044150,-1.557580,ndi
1786511718.784383,4.582646,-0.007500,-0.044160,-1.557580,ndi
1786511718.801772,4.600034,-0.007500,-0.044140,-1.557580,ndi
1786511718.819303,4.617566,-0.007500,-0.044130,-1.557580,ndi
1786511718.834352,4.632615,-0.007500,-0.044150,-1.557600,ndi
1786511718.851797,4.650059,-0.007480,-0.044160,-1.557600,ndi
1786511718.869310,4.667572,-0.007490,-0.044130,-1.557570,ndi
1786511718.884367,4.682630,-0.007490,-0.044130,-1.557570,ndi
1786511718.901778,4.700041,-0.007490,-0.044150,-1.557570,ndi
1786511718.919320,4.717582,-0.007490,-0.044150,-1.557570,ndi
1786511718.934366,4.732628,-0.007490,-0.044130,-1.557560,ndi
1786511718.951797,4.750060,-0.007500,-0.044130,-1.557550,ndi
1786511718.969296,4.767559,-0.007500,-0.044160,-1.557570,ndi
1786511718.984364,4.782626,-0.007490,-0.044160,-1.557560,ndi
1786511719.001781,4.800043,-0.007490,-0.044130,-1.557570,ndi
1786511719.019278,4.817540,-0.007500,-0.044140,-1.557560,ndi
1786511719.036818,4.835081,-0.007490,-0.044150,-1.557590,ndi
1786511719.051833,4.850096,-0.007490,-0.044150,-1.557570,ndi
1786511719.069313,4.867576,-0.007490,-0.044130,-1.557580,ndi
1786511719.086801,4.885064,-0.007480,-0.044150,-1.557590,ndi
1786511719.101779,4.900042,-0.007480,-0.044160,-1.557580,ndi
1786511719.119298,4.917561,-0.007490,-0.044140,-1.557560,ndi
1786511719.134402,4.932665,-0.007490,-0.044140,-1.557580,ndi
1786511719.151795,4.950058,-0.007490,-0.044150,-1.557600,ndi
1786511719.169285,4.967547,-0.007490,-0.044150,-1.557600,ndi
1786511719.186825,4.985087,-0.007490,-0.044140,-1.557590,ndi
1786511719.201803,5.000065,-0.007490,-0.044130,-1.557580,ndi
1786511719.219303,5.017565,-0.007490,-0.044160,-1.557580,ndi
1786511719.234356,5.032619,-0.007490,-0.044150,-1.557590,ndi
1786511719.251826,5.050088,-0.007480,-0.044130,-1.557580,ndi
1786511719.269300,5.067563,-0.007480,-0.044130,-1.557590,ndi
1786511719.286798,5.085060,-0.007480,-0.044150,-1.557580,ndi
1786511719.301791,5.100054,-0.007470,-0.044150,-1.557580,ndi
1786511719.319283,5.117546,-0.007480,-0.044130,-1.557580,ndi
1786511719.334386,5.132649,-0.007490,-0.044130,-1.557560,ndi
1786511719.351812,5.150075,-0.007490,-0.044160,-1.557570,ndi
1786511719.369295,5.167557,-0.007490,-0.044140,-1.557570,ndi
1786511719.384372,5.182634,-0.007490,-0.044120,-1.557590,ndi
1786511719.401793,5.200055,-0.007490,-0.044140,-1.557570,ndi
1786511719.419302,5.217565,-0.007480,-0.044160,-1.557580,ndi
1786511719.434360,5.232623,-0.007480,-0.044150,-1.557570,ndi
1786511719.451902,5.250164,-0.007490,-0.044120,-1.557560,ndi
1786511719.469322,5.267585,-0.007480,-0.044140,-1.557540,ndi
1786511719.486796,5.285059,-0.007480,-0.044150,-1.557590,ndi
1786511719.501789,5.300052,-0.007480,-0.044140,-1.557560,ndi
1786511719.519306,5.317568,-0.007490,-0.044130,-1.557560,ndi
1786511719.534380,5.332642,-0.007500,-0.044140,-1.557560,ndi
1786511719.551807,5.350070,-0.007500,-0.044150,-1.557560,ndi
1786511719.569311,5.367573,-0.007490,-0.044130,-1.557590,ndi
1786511719.586810,5.385072,-0.007490,-0.044130,-1.557570,ndi
1786511719.601797,5.400060,-0.007500,-0.044140,-1.557580,ndi
1786511719.619306,5.417568,-0.007490,-0.044150,-1.557570,ndi
1786511719.634385,5.432647,-0.007490,-0.044140,-1.557560,ndi
1786511719.651854,5.450117,-0.007490,-0.044140,-1.557570,ndi
1786511719.669338,5.467600,-0.007480,-0.044160,-1.557540,ndi
1786511719.686813,5.485076,-0.007490,-0.044140,-1.557570,ndi
1786511719.701796,5.500059,-0.007490,-0.044120,-1.557560,ndi
1786511719.719382,5.517644,-0.007500,-0.044140,-1.557560,ndi
1786511719.734405,5.532667,-0.007490,-0.044160,-1.557570,ndi
1786511719.751960,5.550222,-0.007500,-0.044150,-1.557550,ndi
1786511719.769338,5.567601,-0.007490,-0.044130,-1.557560,ndi
1786511719.786857,5.585119,-0.007490,-0.044140,-1.557560,ndi
1786511719.801793,5.600056,-0.007480,-0.044150,-1.557580,ndi
1786511719.819318,5.617581,-0.007490,-0.044130,-1.557570,ndi
1786511719.834378,5.632641,-0.007480,-0.044130,-1.557570,ndi
1786511719.851834,5.650096,-0.007480,-0.044150,-1.557570,ndi
1786511719.869304,5.667567,-0.007480,-0.044150,-1.557560,ndi
1786511719.886810,5.685072,-0.007480,-0.044130,-1.557580,ndi
1786511719.901806,5.700069,-0.007480,-0.044130,-1.557580,ndi
1786511719.919316,5.717579,-0.007490,-0.044150,-1.557590,ndi
1786511719.934381,5.732644,-0.007480,-0.044150,-1.557580,ndi
1786511719.951852,5.750115,-0.007480,-0.044130,-1.557570,ndi
1786511719.969337,5.767600,-0.007490,-0.044130,-1.557570,ndi
1786511719.986812,5.785074,-0.007490,-0.044150,-1.557580,ndi
1786511720.001825,5.800088,-0.007490,-0.044150,-1.557590,ndi
1786511720.019316,5.817579,-0.007470,-0.044130,-1.557570,ndi
1786511720.036874,5.835136,-0.007480,-0.044140,-1.557570,ndi
1786511720.051867,5.850130,-0.007480,-0.044150,-1.557560,ndi
1786511720.069335,5.867597,-0.007480,-0.044140,-1.557570,ndi
1786511720.086801,5.885064,-0.007480,-0.044120,-1.557570,ndi
1786511720.101799,5.900061,-0.007480,-0.044130,-1.557560,ndi
1786511720.119331,5.917593,-0.007490,-0.044140,-1.557560,ndi
1786511720.136826,5.935088,-0.007500,-0.044140,-1.557570,ndi
1786511720.151855,5.950118,-0.007480,-0.044130,-1.557580,ndi
1786511720.169307,5.967570,-0.007490,-0.044140,-1.557580,ndi
1786511720.184402,5.982664,-0.007490,-0.044140,-1.557600,ndi
1786511720.201798,6.000061,-0.007480,-0.044140,-1.557590,ndi
1786511720.219336,6.017599,-0.007480,-0.044140,-1.557600,ndi
1786511720.236826,6.035089,-0.007480,-0.044140,-1.557600,ndi
1786511720.251835,6.050097,-0.007480,-0.044140,-1.557580,ndi
1786511720.269302,6.067565,-0.007480,-0.044140,-1.557590,ndi
1786511720.286807,6.085070,-0.007490,-0.044140,-1.557590,ndi
1786511720.301814,6.100077,-0.007490,-0.044140,-1.557590,ndi
1786511720.319348,6.117610,-0.007490,-0.044140,-1.557580,ndi
1786511720.334401,6.132663,-0.007500,-0.044140,-1.557570,ndi
1786511720.351924,6.150187,-0.007490,-0.044150,-1.557600,ndi
1786511720.369334,6.167596,-0.007490,-0.044140,-1.557580,ndi
1786511720.384384,6.182647,-0.007490,-0.044140,-1.557590,ndi
1786511720.401806,6.200069,-0.007490,-0.044140,-1.557580,ndi
1786511720.419325,6.217587,-0.007490,-0.044140,-1.557580,ndi
1786511720.434387,6.232650,-0.007480,-0.044140,-1.557580,ndi
1786511720.451822,6.250084,-0.007480,-0.044130,-1.557580,ndi
1786511720.469313,6.267576,-0.007480,-0.044140,-1.557570,ndi
1786511720.486841,6.285103,-0.007490,-0.044140,-1.557560,ndi
1786511720.501879,6.300142,-0.007490,-0.044140,-1.557570,ndi
1786511720.519327,6.317590,-0.007500,-0.044140,-1.557610,ndi
1786511720.536831,6.335094,-0.007500,-0.044150,-1.557590,ndi
1786511720.551894,6.350157,-0.007510,-0.044140,-1.557590,ndi
1786511720.569345,6.367608,-0.007520,-0.044140,-1.557550,ndi
1786511720.584388,6.382650,-0.007530,-0.044140,-1.557530,ndi
1786511720.601825,6.400087,-0.007520,-0.044150,-1.557550,ndi
1786511720.619366,6.417628,-0.007530,-0.044150,-1.557520,ndi
1786511720.634415,6.432678,-0.007520,-0.044140,-1.557520,ndi
1786511720.651819,6.450081,-0.007540,-0.044140,-1.557530,ndi
1786511720.669326,6.467589,-0.007540,-0.044160,-1.557520,ndi
1786511720.684383,6.482646,-0.007520,-0.044160,-1.557520,ndi
1786511720.701810,6.500073,-0.007530,-0.044160,-1.557450,ndi
1786511720.719404,6.517667,-0.007550,-0.044170,-1.557490,ndi
1786511720.734437,6.532699,-0.007540,-0.044190,-1.557470,ndi
1786511720.751839,6.550102,-0.007530,-0.044190,-1.557430,ndi
1786511720.769408,6.567671,-0.007520,-0.044180,-1.557410,ndi
1786511720.786882,6.585144,-0.007530,-0.044200,-1.557380,ndi
1786511720.801855,6.600118,-0.007520,-0.044210,-1.557390,ndi
1786511720.819359,6.617621,-0.007530,-0.044210,-1.557360,ndi
1786511720.836878,6.635140,-0.007520,-0.044200,-1.557320,ndi
1786511720.851928,6.650191,-0.007520,-0.044220,-1.557340,ndi
1786511720.869375,6.667638,-0.007520,-0.044230,-1.557300,ndi
1786511720.886886,6.685148,-0.007530,-0.044230,-1.557280,ndi
1786511720.901845,6.700108,-0.007540,-0.044230,-1.557260,ndi
1786511720.919370,6.717633,-0.007530,-0.044250,-1.557260,ndi
1786511720.934411,6.732674,-0.007530,-0.044260,-1.557220,ndi
1786511720.951825,6.750087,-0.007530,-0.044260,-1.557210,ndi
1786511720.969329,6.767591,-0.007530,-0.044260,-1.557190,ndi
1786511720.984411,6.782673,-0.007550,-0.044280,-1.557210,ndi
1786511721.001824,6.800086,-0.007510,-0.044300,-1.557190,ndi
1786511721.019355,6.817617,-0.007520,-0.044290,-1.557150,ndi
1786511721.034437,6.832700,-0.007530,-0.044290,-1.557120,ndi
1786511721.051829,6.850092,-0.007520,-0.044310,-1.557100,ndi
1786511721.069325,6.867587,-0.007520,-0.044330,-1.557070,ndi
1786511721.084436,6.882698,-0.007520,-0.044330,-1.557040,ndi
1786511721.101856,6.900118,-0.007520,-0.044330,-1.557020,ndi
1786511721.119342,6.917604,-0.007520,-0.044350,-1.557030,ndi
1786511721.134416,6.932679,-0.007540,-0.044350,-1.557000,ndi
1786511721.151841,6.950103,-0.007510,-0.044360,-1.556950,ndi
1786511721.169339,6.967602,-0.007510,-0.044370,-1.556900,ndi
1786511721.184406,6.982668,-0.007530,-0.044380,-1.556910,ndi
1786511721.201829,7.000092,-0.007510,-0.044390,-1.556830,ndi
1786511721.219346,7.017608,-0.007500,-0.044380,-1.556820,ndi
1786511721.236845,7.035107,-0.007500,-0.044380,-1.556800,ndi
1786511721.251821,7.050084,-0.007500,-0.044380,-1.556780,ndi
1786511721.269330,7.067592,-0.007520,-0.044340,-1.556740,ndi
1786511721.286855,7.085117,-0.007530,-0.044300,-1.556700,ndi
1786511721.301852,7.100115,-0.007530,-0.044270,-1.556680,ndi
1786511721.319363,7.117625,-0.007530,-0.044230,-1.556680,ndi
1786511721.336833,7.135096,-0.007540,-0.044180,-1.556640,ndi
1786511721.351830,7.150092,-0.007550,-0.044140,-1.556630,ndi
1786511721.369357,7.167620,-0.007550,-0.044110,-1.556630,ndi
1786511721.384409,7.182672,-0.007540,-0.044080,-1.556650,ndi
1786511721.401855,7.200118,-0.007550,-0.044040,-1.556570,ndi
1786511721.419357,7.217619,-0.007560,-0.043990,-1.556570,ndi
1786511721.436846,7.235109,-0.007550,-0.043960,-1.556530,ndi
1786511721.451826,7.250088,-0.007560,-0.043940,-1.556480,ndi
1786511721.469320,7.267582,-0.007560,-0.043900,-1.556430,ndi
1786511721.486851,7.285113,-0.007580,-0.043870,-1.556390,ndi
1786511721.501880,7.300143,-0.007590,-0.043840,-1.556380,ndi
1786511721.519383,7.317645,-0.007600,-0.043800,-1.556370,ndi
1786511721.536854,7.335116,-0.007600,-0.043770,-1.556340,ndi
1786511721.551912,7.350175,-0.007590,-0.043730,-1.556300,ndi
1786511721.569390,7.367653,-0.007610,-0.043680,-1.556310,ndi
1786511721.584454,7.382716,-0.007610,-0.043660,-1.556270,ndi
1786511721.601911,7.400174,-0.007620,-0.043630,-1.556230,ndi
1786511721.619368,7.417630,-0.007620,-0.043570,-1.556210,ndi
1786511721.636851,7.435114,-0.007620,-0.043530,-1.556160,ndi
1786511721.651839,7.450102,-0.007640,-0.043510,-1.556130,ndi
1786511721.669333,7.467595,-0.007640,-0.043460,-1.556080,ndi
1786511721.686853,7.485116,-0.007650,-0.043410,-1.556060,ndi
1786511721.701840,7.500102,-0.007670,-0.043380,-1.556040,ndi
1786511721.719376,7.517639,-0.007670,-0.043360,-1.556000,ndi
1786511721.736865,7.535128,-0.007670,-0.043320,-1.556020,ndi
1786511721.751834,7.550097,-0.007690,-0.043270,-1.555930,ndi
1786511721.769361,7.567624,-0.007690,-0.043240,-1.555960,ndi
1786511721.784457,7.582720,-0.007690,-0.043220,-1.555880,ndi
1786511721.801854,7.600117,-0.007700,-0.043180,-1.555850,ndi
1786511721.819363,7.617626,-0.007710,-0.043110,-1.555820,ndi
1786511721.836853,7.635116,-0.007710,-0.043080,-1.555800,ndi
1786511721.851843,7.650106,-0.007730,-0.043070,-1.555760,ndi
1786511721.869441,7.667703,-0.007740,-0.043010,-1.555750,ndi
1786511721.886854,7.685117,-0.007750,-0.042970,-1.555720,ndi
1786511721.901852,7.700115,-0.007760,-0.042950,-1.555680,ndi
1786511721.919339,7.717602,-0.007760,-0.042920,-1.555670,ndi
1786511721.936873,7.735135,-0.007760,-0.042870,-1.555630,ndi
1786511721.951855,7.750118,-0.007770,-0.042840,-1.555600,ndi
1786511721.969361,7.767624,-0.007770,-0.042820,-1.555610,ndi
1786511721.986853,7.785116,-0.007780,-0.042790,-1.555550,ndi
1786511722.001871,7.800134,-0.007790,-0.042750,-1.555540,ndi
1786511722.019343,7.817605,-0.007790,-0.042710,-1.555490,ndi
1786511722.036881,7.835144,-0.007810,-0.042680,-1.555440,ndi
1786511722.051852,7.850115,-0.007830,-0.042640,-1.555400,ndi
1786511722.069442,7.867704,-0.007820,-0.042580,-1.555350,ndi
1786511722.084486,7.882748,-0.007830,-0.042550,-1.555310,ndi
1786511722.101918,7.900181,-0.007840,-0.042520,-1.555290,ndi
1786511722.119379,7.917642,-0.007860,-0.042480,-1.555250,ndi
1786511722.134436,7.932698,-0.007850,-0.042430,-1.555220,ndi
1786511722.151853,7.950116,-0.007860,-0.042390,-1.555230,ndi
1786511722.169368,7.967630,-0.007870,-0.042370,-1.555190,ndi
1786511722.186875,7.985138,-0.007880,-0.042330,-1.555170,ndi
1786511722.201861,8.000123,-0.007890,-0.042280,-1.555150,ndi
1786511722.219346,8.017608,-0.007890,-0.042240,-1.555130,ndi
1786511722.236849,8.035111,-0.007910,-0.042210,-1.555100,ndi
1786511722.251842,8.050104,-0.007910,-0.042170,-1.555090,ndi
1786511722.269352,8.067614,-0.007930,-0.042120,-1.555060,ndi
1786511722.286876,8.085138,-0.007920,-0.042090,-1.555010,ndi
1786511722.301853,8.100116,-0.007940,-0.042060,-1.555030,ndi
1786511722.319364,8.117627,-0.007950,-0.042030,-1.555010,ndi
1786511722.334413,8.132676,-0.007940,-0.041990,-1.554930,ndi
1786511722.351830,8.150092,-0.007960,-0.041940,-1.554900,ndi
1786511722.369400,8.167662,-0.007970,-0.041920,-1.554920,ndi
1786511722.386866,8.185128,-0.007970,-0.041880,-1.554880,ndi
1786511722.401857,8.200120,-0.007970,-0.041830,-1.554810,ndi
1786511722.419380,8.217643,-0.007980,-0.041790,-1.554810,ndi
1786511722.434453,8.232715,-0.007990,-0.041770,-1.554760,ndi
1786511722.451857,8.250120,-0.008010,-0.041740,-1.554700,ndi
1786511722.469369,8.267632,-0.008010,-0.041690,-1.554680,ndi
1786511722.486864,8.285127,-0.008020,-0.041630,-1.554630,ndi
1786511722.501878,8.300141,-0.008030,-0.041620,-1.554600,ndi
1786511722.519372,8.317634,-0.008040,-0.041590,-1.554570,ndi
1786511722.536874,8.335137,-0.008040,-0.041530,-1.554540,ndi
1786511722.551862,8.350125,-0.008040,-0.041490,-1.554520,ndi
1786511722.569445,8.367707,-0.008070,-0.041460,-1.554460,ndi
1786511722.586877,8.385140,-0.008070,-0.041420,-1.554430,ndi
1786511722.601867,8.400129,-0.008070,-0.041360,-1.554390,ndi
1786511722.619388,8.417650,-0.008090,-0.041320,-1.554360,ndi
1786511722.636851,8.435113,-0.008100,-0.041290,-1.554310,ndi
1786511722.651864,8.450127,-0.008120,-0.041260,-1.554280,ndi
1786511722.669366,8.467628,-0.008130,-0.041200,-1.554260,ndi
1786511722.686857,8.485120,-0.008140,-0.041160,-1.554230,ndi
1786511722.701850,8.500113,-0.008150,-0.041140,-1.554200,ndi
1786511722.719437,8.517699,-0.008150,-0.041100,-1.554190,ndi
1786511722.736868,8.535131,-0.008170,-0.041030,-1.554210,ndi
1786511722.751857,8.550120,-0.008180,-0.041000,-1.554160,ndi
1786511722.769454,8.567716,-0.008190,-0.040990,-1.554150,ndi
1786511722.786915,8.585178,-0.008200,-0.040940,-1.554100,ndi
1786511722.801887,8.600150,-0.008200,-0.040890,-1.554070,ndi
1786511722.819374,8.617636,-0.008220,-0.040860,-1.554050,ndi
1786511722.836867,8.635129,-0.008240,-0.040850,-1.554000,ndi
1786511722.851878,8.650141,-0.008240,-0.040820,-1.553980,ndi
1786511722.869371,8.667633,-0.008240,-0.040770,-1.553950,ndi
1786511722.886888,8.685150,-0.008270,-0.040740,-1.553890,ndi
1786511722.901880,8.700143,-0.008260,-0.040730,-1.553880,ndi
1786511722.919369,8.717631,-0.008280,-0.040680,-1.553860,ndi
1786511722.936856,8.735118,-0.008290,-0.040630,-1.553810,ndi
1786511722.951866,8.750129,-0.008290,-0.040610,-1.553790,ndi
1786511722.969600,8.767863,-0.008300,-0.040580,-1.553760,ndi
1786511722.986869,8.785132,-0.008310,-0.040520,-1.553730,ndi
1786511723.001868,8.800130,-0.008320,-0.040480,-1.553680,ndi
1786511723.019381,8.817643,-0.008340,-0.040460,-1.553670,ndi
1786511723.036920,8.835182,-0.008350,-0.040420,-1.553650,ndi
1786511723.051877,8.850140,-0.008350,-0.040370,-1.553610,ndi
1786511723.069425,8.867687,-0.008370,-0.040320,-1.553600,ndi
1786511723.086901,8.885164,-0.008380,-0.040300,-1.553560,ndi
1786511723.101900,8.900163,-0.008380,-0.040280,-1.553530,ndi
1786511723.119400,8.917663,-0.008400,-0.040220,-1.553520,ndi
1786511723.136859,8.935122,-0.008400,-0.040180,-1.553490,ndi
1786511723.151898,8.950160,-0.008410,-0.040160,-1.553500,ndi
1786511723.169386,8.967649,-0.008430,-0.040130,-1.553430,ndi
1786511723.186896,8.985158,-0.008420,-0.040070,-1.553410,ndi
1786511723.201876,9.000139,-0.008430,-0.040050,-1.553390,ndi
1786511723.219352,9.017615,-0.008460,-0.040030,-1.553370,ndi
1786511723.236893,9.035156,-0.008470,-0.039990,-1.553340,ndi
1786511723.251872,9.050134,-0.008480,-0.039940,-1.553300,ndi
1786511723.269384,9.067647,-0.008500,-0.039910,-1.553270,ndi
1786511723.284402,9.082665,-0.008500,-0.039880,-1.553260,ndi
1786511723.301862,9.100125,-0.008510,-0.039840,-1.553200,ndi
1786511723.319367,9.117630,-0.008520,-0.039800,-1.553180,ndi
1786511723.336858,9.135120,-0.008520,-0.039760,-1.553140,ndi
1786511723.351881,9.150144,-0.008540,-0.039740,-1.553120,ndi
1786511723.369389,9.167652,-0.008560,-0.039690,-1.553090,ndi
1786511723.386913,9.185176,-0.008560,-0.039650,-1.553030,ndi
1786511723.401911,9.200174,-0.008580,-0.039620,-1.552980,ndi
1786511723.419400,9.217662,-0.008590,-0.039580,-1.552940,ndi
1786511723.436995,9.235258,-0.008600,-0.039540,-1.552910,ndi
1786511723.451901,9.250164,-0.008620,-0.039510,-1.552880,ndi
1786511723.469387,9.267650,-0.008630,-0.039460,-1.552820,ndi
1786511723.486903,9.285166,-0.008650,-0.039430,-1.552820,ndi
1786511723.501887,9.300150,-0.008650,-0.039410,-1.552780,ndi
1786511723.519372,9.317635,-0.008670,-0.039370,-1.552740,ndi
1786511723.536875,9.335138,-0.008670,-0.039330,-1.552700,ndi
1786511723.551913,9.350176,-0.008680,-0.039300,-1.552710,ndi
1786511723.569381,9.367644,-0.008700,-0.039270,-1.552680,ndi
1786511723.586907,9.385170,-0.008700,-0.039240,-1.552660,ndi
1786511723.601875,9.400137,-0.008740,-0.039200,-1.552600,ndi
1786511723.619382,9.417644,-0.008740,-0.039160,-1.552570,ndi
1786511723.636910,9.435172,-0.008760,-0.039130,-1.552530,ndi
1786511723.651911,9.450174,-0.008770,-0.039100,-1.552530,ndi
1786511723.669400,9.467663,-0.008780,-0.039050,-1.552490,ndi
1786511723.684482,9.482744,-0.008800,-0.039010,-1.552480,ndi
1786511723.701892,9.500154,-0.008800,-0.038990,-1.552460,ndi
1786511723.719423,9.517686,-0.008820,-0.038960,-1.552420,ndi
1786511723.736916,9.535178,-0.008830,-0.038900,-1.552380,ndi
1786511723.751888,9.550151,-0.008840,-0.038870,-1.552360,ndi
1786511723.769374,9.567636,-0.008850,-0.038840,-1.552340,ndi
1786511723.786917,9.585180,-0.008860,-0.038820,-1.552320,ndi
1786511723.801868,9.600130,-0.008880,-0.038780,-1.552280,ndi
1786511723.819380,9.617643,-0.008900,-0.038740,-1.552250,ndi
1786511723.836890,9.635153,-0.008910,-0.038710,-1.552190,ndi
1786511723.851885,9.650148,-0.008920,-0.038680,-1.552180,ndi
1786511723.869395,9.667657,-0.008920,-0.038650,-1.552110,ndi
1786511723.886890,9.685153,-0.008950,-0.038610,-1.552080,ndi
1786511723.901860,9.700122,-0.008950,-0.038580,-1.552060,ndi
1786511723.919385,9.717648,-0.008950,-0.038540,-1.552010,ndi
1786511723.936910,9.735173,-0.008970,-0.038500,-1.551990,ndi
1786511723.951901,9.750164,-0.008980,-0.038470,-1.551940,ndi
1786511723.969367,9.767629,-0.008990,-0.038450,-1.551920,ndi
1786511723.986903,9.785166,-0.009010,-0.038400,-1.551900,ndi
1786511724.001891,9.800154,-0.009030,-0.038360,-1.551890,ndi
1786511724.019391,9.817653,-0.009050,-0.038330,-1.551850,ndi
1786511724.036899,9.835161,-0.009060,-0.038300,-1.551820,ndi
1786511724.051887,9.850149,-0.009070,-0.038260,-1.551780,ndi
1786511724.069372,9.867635,-0.009090,-0.038220,-1.551780,ndi
1786511724.086888,9.885150,-0.009100,-0.038190,-1.551740,ndi
1786511724.101886,9.900149,-0.009100,-0.038160,-1.551720,ndi
1786511724.119386,9.917649,-0.009130,-0.038110,-1.551690,ndi
1786511724.136911,9.935174,-0.009140,-0.038070,-1.551660,ndi
1786511724.151911,9.950174,-0.009150,-0.038050,-1.551610,ndi
1786511724.169379,9.967641,-0.009160,-0.038020,-1.551600,ndi
1786511724.184489,9.982752,-0.009170,-0.037980,-1.551550,ndi
1786511724.201937,10.000200,-0.009200,-0.037930,-1.551540,ndi
1786511724.219407,10.017669,-0.009220,-0.037910,-1.551490,ndi
1786511724.236901,10.035164,-0.009220,-0.037870,-1.551470,ndi
1786511724.251908,10.050170,-0.009230,-0.037840,-1.551440,ndi
1786511724.269395,10.067658,-0.009260,-0.037790,-1.551400,ndi
1786511724.284456,10.082719,-0.009270,-0.037770,-1.551380,ndi
1786511724.301881,10.100144,-0.009280,-0.037740,-1.551350,ndi
1786511724.319396,10.117659,-0.009300,-0.037690,-1.551320,ndi
1786511724.336903,10.135165,-0.009310,-0.037660,-1.551300,ndi
1786511724.351888,10.150151,-0.009320,-0.037640,-1.551280,ndi
1786511724.369384,10.167647,-0.009340,-0.037600,-1.551240,ndi
1786511724.386911,10.185174,-0.009350,-0.037560,-1.551180,ndi
1786511724.401910,10.200172,-0.009360,-0.037530,-1.551140,ndi
1786511724.419397,10.217660,-0.009390,-0.037490,-1.551120,ndi
1786511724.436900,10.235162,-0.009400,-0.037450,-1.551070,ndi
1786511724.451892,10.250154,-0.009410,-0.037430,-1.551030,ndi
1786511724.469425,10.267688,-0.009420,-0.037390,-1.551020,ndi
1786511724.484440,10.282703,-0.009430,-0.037370,-1.551000,ndi
1786511724.501893,10.300155,-0.009440,-0.037330,-1.550970,ndi
1786511724.519420,10.317682,-0.009470,-0.037280,-1.550940,ndi
1786511724.536932,10.335195,-0.009480,-0.037250,-1.550890,ndi
1786511724.551892,10.350154,-0.009500,-0.037230,-1.550850,ndi
1786511724.569411,10.367673,-0.009520,-0.037180,-1.550870,ndi
1786511724.584592,10.382855,-0.009530,-0.037140,-1.550820,ndi
1786511724.601898,10.400161,-0.009550,-0.037110,-1.550770,ndi
1786511724.619408,10.417671,-0.009570,-0.037070,-1.550740,ndi
1786511724.636906,10.435169,-0.009590,-0.037030,-1.550730,ndi
1786511724.651886,10.450148,-0.009610,-0.037010,-1.550710,ndi
1786511724.669418,10.467681,-0.009610,-0.036980,-1.550700,ndi
1786511724.684774,10.483037,-0.009630,-0.036940,-1.550710,ndi
1786511724.701948,10.500211,-0.009630,-0.036920,-1.550660,ndi
1786511724.719480,10.517742,-0.009650,-0.036880,-1.550630,ndi
1786511724.736950,10.535213,-0.009670,-0.036840,-1.550610,ndi
1786511724.751914,10.550177,-0.009690,-0.036810,-1.550580,ndi
1786511724.769408,10.567671,-0.009700,-0.036770,-1.550550,ndi
1786511724.786950,10.585213,-0.009720,-0.036740,-1.550520,ndi
1786511724.801906,10.600169,-0.009740,-0.036710,-1.550510,ndi
1786511724.819437,10.617700,-0.009760,-0.036690,-1.550460,ndi
1786511724.836916,10.635179,-0.009770,-0.036650,-1.550430,ndi
1786511724.851889,10.650151,-0.009790,-0.036600,-1.550390,ndi
1786511724.869410,10.667673,-0.009790,-0.036560,-1.550340,ndi
1786511724.884617,10.682879,-0.009820,-0.036550,-1.550300,ndi
1786511724.901908,10.700171,-0.009830,-0.036510,-1.550300,ndi
1786511724.919411,10.717674,-0.009840,-0.036470,-1.550250,ndi
1786511724.936916,10.735179,-0.009860,-0.036430,-1.550210,ndi
1786511724.951930,10.750192,-0.009870,-0.036410,-1.550200,ndi
1786511724.969384,10.767647,-0.009890,-0.036380,-1.550200,ndi
1786511724.986961,10.785224,-0.009910,-0.036320,-1.550150,ndi
1786511725.001924,10.800187,-0.009920,-0.036290,-1.550110,ndi
1786511725.019434,10.817697,-0.009950,-0.036270,-1.550100,ndi
1786511725.036933,10.835196,-0.009940,-0.036240,-1.550100,ndi
1786511725.051938,10.850200,-0.009970,-0.036180,-1.550050,ndi
1786511725.069454,10.867716,-0.009990,-0.036140,-1.550010,ndi
1786511725.084493,10.882755,-0.010000,-0.036140,-1.549990,ndi
1786511725.101971,10.900233,-0.010000,-0.036110,-1.549960,ndi
1786511725.119471,10.917733,-0.010020,-0.036040,-1.549960,ndi
1786511725.136939,10.935201,-0.010050,-0.036010,-1.549890,ndi
1786511725.151910,10.950172,-0.010050,-0.036010,-1.549890,ndi
1786511725.169375,10.967638,-0.010070,-0.035970,-1.549870,ndi
1786511725.186928,10.985191,-0.010100,-0.035900,-1.549850,ndi
1786511725.201913,11.000175,-0.010120,-0.035870,-1.549790,ndi
1786511725.219411,11.017674,-0.010140,-0.035870,-1.549750,ndi
1786511725.236923,11.035185,-0.010150,-0.035830,-1.549720,ndi
1786511725.251938,11.050201,-0.010150,-0.035780,-1.549680,ndi
1786511725.269402,11.067664,-0.010180,-0.035750,-1.549660,ndi
1786511725.286950,11.085213,-0.010190,-0.035730,-1.549620,ndi
1786511725.301938,11.100201,-0.010220,-0.035700,-1.549570,ndi
1786511725.319420,11.117683,-0.010220,-0.035630,-1.549540,ndi
1786511725.336914,11.135176,-0.010250,-0.035620,-1.549510,ndi
1786511725.351897,11.150160,-0.010260,-0.035620,-1.549490,ndi
1786511725.369390,11.167652,-0.010290,-0.035570,-1.549480,ndi
1786511725.386909,11.185171,-0.010320,-0.035520,-1.549430,ndi
1786511725.401907,11.200169,-0.010320,-0.035520,-1.549390,ndi
1786511725.419399,11.217661,-0.010340,-0.035500,-1.549360,ndi
1786511725.436914,11.235177,-0.010360,-0.035440,-1.549340,ndi
1786511725.451904,11.250167,-0.010360,-0.035400,-1.549310,ndi
1786511725.469388,11.267651,-0.010400,-0.035390,-1.549240,ndi
1786511725.484461,11.282724,-0.010390,-0.035370,-1.549220,ndi
1786511725.501954,11.300216,-0.010410,-0.035310,-1.549200,ndi
1786511725.519445,11.317708,-0.010430,-0.035270,-1.549150,ndi
1786511725.536909,11.335172,-0.010440,-0.035250,-1.549140,ndi
1786511725.551909,11.350172,-0.010460,-0.035230,-1.549120,ndi
1786511725.569401,11.367663,-0.010480,-0.035180,-1.549090,ndi
1786511725.586911,11.385174,-0.010500,-0.035140,-1.549060,ndi
1786511725.601909,11.400172,-0.010520,-0.035130,-1.549040,ndi
1786511725.619426,11.417688,-0.010540,-0.035080,-1.549010,ndi
1786511725.636910,11.435173,-0.010550,-0.035020,-1.549010,ndi
1786511725.651908,11.450171,-0.010580,-0.034980,-1.548940,ndi
1786511725.669385,11.467648,-0.010590,-0.034980,-1.548920,ndi
1786511725.686929,11.485192,-0.010600,-0.034940,-1.548880,ndi
1786511725.701936,11.500199,-0.010620,-0.034890,-1.548850,ndi
1786511725.719435,11.517698,-0.010650,-0.034850,-1.548840,ndi
1786511725.736912,11.535174,-0.010660,-0.034830,-1.548830,ndi
1786511725.751913,11.550176,-0.010680,-0.034810,-1.548800,ndi
1786511725.769424,11.567687,-0.010710,-0.034760,-1.548750,ndi
1786511725.786966,11.585228,-0.010720,-0.034720,-1.548700,ndi
1786511725.801936,11.600199,-0.010740,-0.034700,-1.548700,ndi
1786511725.819417,11.617680,-0.010760,-0.034680,-1.548720,ndi
1786511725.836923,11.635185,-0.010770,-0.034640,-1.548640,ndi
1786511725.851959,11.650222,-0.010790,-0.034600,-1.548630,ndi
1786511725.869435,11.667698,-0.010800,-0.034580,-1.548580,ndi
1786511725.886945,11.685208,-0.010820,-0.034540,-1.548560,ndi
1786511725.901942,11.700205,-0.010830,-0.034510,-1.548520,ndi
1786511725.919439,11.717701,-0.010850,-0.034470,-1.548490,ndi
1786511725.934542,11.732805,-0.010870,-0.034460,-1.548470,ndi
1786511725.951928,11.750191,-0.010890,-0.034420,-1.548460,ndi
1786511725.969447,11.767709,-0.010920,-0.034370,-1.548430,ndi
1786511725.984668,11.782931,-0.010930,-0.034350,-1.548390,ndi
1786511726.001919,11.800182,-0.010950,-0.034330,-1.548360,ndi
1786511726.019423,11.817686,-0.010980,-0.034290,-1.548320,ndi
1786511726.036967,11.835229,-0.010980,-0.034250,-1.548300,ndi
1786511726.051953,11.850215,-0.010990,-0.034220,-1.548270,ndi
1786511726.069492,11.867754,-0.011030,-0.034200,-1.548200,ndi
1786511726.086995,11.885257,-0.011040,-0.034160,-1.548200,ndi
1786511726.101978,11.900240,-0.011040,-0.034110,-1.548160,ndi
1786511726.119467,11.917729,-0.011070,-0.034080,-1.548120,ndi
1786511726.136925,11.935188,-0.011110,-0.034060,-1.548110,ndi
1786511726.152004,11.950266,-0.011120,-0.034020,-1.548070,ndi
1786511726.169416,11.967679,-0.011140,-0.033970,-1.548030,ndi
1786511726.186936,11.985199,-0.011170,-0.033950,-1.548020,ndi
1786511726.201925,12.000187,-0.011190,-0.033940,-1.548010,ndi
1786511726.219423,12.017685,-0.011190,-0.033900,-1.547950,ndi
1786511726.234441,12.032704,-0.011220,-0.033870,-1.547960,ndi
1786511726.251909,12.050171,-0.011240,-0.033840,-1.547930,ndi
1786511726.269402,12.067665,-0.011240,-0.033810,-1.547880,ndi
1786511726.284560,12.082822,-0.011260,-0.033780,-1.547870,ndi
1786511726.301947,12.100210,-0.011270,-0.033750,-1.547850,ndi
1786511726.319480,12.117743,-0.011280,-0.033730,-1.547830,ndi
1786511726.336926,12.135189,-0.011320,-0.033700,-1.547790,ndi
1786511726.351945,12.150208,-0.011320,-0.033660,-1.547730,ndi
1786511726.369429,12.167691,-0.011350,-0.033630,-1.547700,ndi
1786511726.384554,12.182817,-0.011380,-0.033600,-1.547630,ndi
1786511726.401933,12.200196,-0.011390,-0.033560,-1.547600,ndi
1786511726.419444,12.217707,-0.011400,-0.033520,-1.547580,ndi
1786511726.434548,12.232810,-0.011430,-0.033490,-1.547530,ndi
1786511726.451921,12.250183,-0.011430,-0.033460,-1.547510,ndi
1786511726.469437,12.267699,-0.011450,-0.033430,-1.547530,ndi
1786511726.486923,12.285185,-0.011480,-0.033380,-1.547460,ndi
1786511726.501997,12.300260,-0.011500,-0.033350,-1.547460,ndi
1786511726.519426,12.317688,-0.011510,-0.033330,-1.547410,ndi
1786511726.536931,12.335193,-0.011550,-0.033290,-1.547390,ndi
1786511726.551937,12.350200,-0.011580,-0.033250,-1.547350,ndi
1786511726.569436,12.367699,-0.011590,-0.033220,-1.547350,ndi
1786511726.584499,12.382761,-0.011610,-0.033180,-1.547300,ndi
1786511726.601933,12.400196,-0.011640,-0.033140,-1.547310,ndi
1786511726.619451,12.417713,-0.011650,-0.033100,-1.547280,ndi
1786511726.636916,12.435178,-0.011670,-0.033080,-1.547230,ndi
1786511726.651922,12.450185,-0.011680,-0.033050,-1.547210,ndi
1786511726.669438,12.467701,-0.011700,-0.033010,-1.547200,ndi
1786511726.684536,12.482799,-0.011730,-0.032980,-1.547160,ndi
1786511726.701975,12.500237,-0.011750,-0.032960,-1.547130,ndi
1786511726.719486,12.517749,-0.011760,-0.032910,-1.547100,ndi
1786511726.736985,12.535248,-0.011800,-0.032880,-1.547080,ndi
1786511726.751919,12.550182,-0.011820,-0.032870,-1.547050,ndi
1786511726.769453,12.567715,-0.011840,-0.032850,-1.547040,ndi
1786511726.786989,12.585252,-0.011850,-0.032830,-1.547030,ndi
1786511726.801930,12.600193,-0.011850,-0.032820,-1.547030,ndi
1786511726.819432,12.617695,-0.011860,-0.032820,-1.547050,ndi
1786511726.836934,12.635196,-0.011860,-0.032840,-1.547050,ndi
1786511726.851949,12.650212,-0.011850,-0.032820,-1.547030,ndi
1786511726.869460,12.667722,-0.011850,-0.032820,-1.547040,ndi
1786511726.886921,12.685184,-0.011860,-0.032830,-1.547050,ndi
1786511726.901993,12.700256,-0.011850,-0.032830,-1.547060,ndi
1786511726.919434,12.717697,-0.011860,-0.032820,-1.547040,ndi
1786511726.934562,12.732825,-0.011870,-0.032830,-1.547010,ndi
1786511726.951953,12.750215,-0.011870,-0.032830,-1.547020,ndi
1786511726.969448,12.767711,-0.011880,-0.032830,-1.547010,ndi
1786511726.984630,12.782893,-0.011870,-0.032820,-1.547040,ndi
1786511727.001930,12.800193,-0.011860,-0.032830,-1.547040,ndi
1786511727.019464,12.817726,-0.011880,-0.032830,-1.547030,ndi
1786511727.036946,12.835208,-0.011860,-0.032830,-1.547020,ndi
1786511727.051945,12.850208,-0.011860,-0.032830,-1.547050,ndi
1786511727.069483,12.867745,-0.011870,-0.032830,-1.547010,ndi
1786511727.086936,12.885199,-0.011880,-0.032830,-1.547020,ndi
1786511727.101980,12.900243,-0.011860,-0.032830,-1.547020,ndi
1786511727.119462,12.917725,-0.011870,-0.032830,-1.547020,ndi
1786511727.134565,12.932828,-0.011880,-0.032830,-1.547030,ndi
1786511727.151957,12.950219,-0.011880,-0.032830,-1.547030,ndi
1786511727.169456,12.967719,-0.011880,-0.032830,-1.547020,ndi
1786511727.184535,12.982798,-0.011890,-0.032820,-1.547010,ndi
1786511727.201937,13.000199,-0.011880,-0.032830,-1.547020,ndi
1786511727.219416,13.017679,-0.011880,-0.032840,-1.547020,ndi
1786511727.236944,13.035207,-0.011860,-0.032830,-1.547020,ndi
1786511727.251963,13.050226,-0.011880,-0.032830,-1.547040,ndi
1786511727.269446,13.067708,-0.011880,-0.032840,-1.547020,ndi
1786511727.286955,13.085218,-0.011880,-0.032830,-1.547050,ndi
1786511727.302003,13.100266,-0.011880,-0.032820,-1.547010,ndi
1786511727.319462,13.117725,-0.011900,-0.032830,-1.547030,ndi
1786511727.336953,13.135215,-0.011890,-0.032830,-1.547030,ndi
1786511727.351958,13.150221,-0.011890,-0.032840,-1.547050,ndi
1786511727.369453,13.167715,-0.011890,-0.032840,-1.547050,ndi
1786511727.384623,13.182886,-0.011890,-0.032830,-1.547040,ndi
1786511727.401946,13.200208,-0.011910,-0.032830,-1.547040,ndi
1786511727.419436,13.217698,-0.011890,-0.032830,-1.547070,ndi
1786511727.434615,13.232878,-0.011890,-0.032840,-1.547040,ndi
1786511727.451940,13.250203,-0.011900,-0.032840,-1.547060,ndi
1786511727.469455,13.267717,-0.011890,-0.032830,-1.547050,ndi
1786511727.484534,13.282796,-0.011890,-0.032830,-1.547040,ndi
1786511727.501951,13.300214,-0.011900,-0.032830,-1.547040,ndi
1786511727.519495,13.317758,-0.011900,-0.032830,-1.547060,ndi
1786511727.534588,13.332851,-0.011910,-0.032830,-1.547040,ndi
1786511727.551967,13.350229,-0.011910,-0.032830,-1.547030,ndi
1786511727.569453,13.367715,-0.011900,-0.032830,-1.547030,ndi
1786511727.584634,13.382896,-0.011900,-0.032830,-1.547040,ndi
1786511727.601926,13.400189,-0.011910,-0.032830,-1.547080,ndi
1786511727.619457,13.417720,-0.011900,-0.032830,-1.547040,ndi
1786511727.636975,13.435237,-0.011900,-0.032840,-1.547060,ndi
1786511727.651968,13.450231,-0.011900,-0.032830,-1.547040,ndi
1786511727.669440,13.467703,-0.011900,-0.032820,-1.547030,ndi
1786511727.684551,13.482813,-0.011890,-0.032830,-1.547060,ndi
1786511727.701947,13.500209,-0.011910,-0.032840,-1.547040,ndi
1786511727.719491,13.517754,-0.011910,-0.032830,-1.547050,ndi
1786511727.734578,13.532841,-0.011910,-0.032830,-1.547050,ndi
1786511727.751978,13.550241,-0.011910,-0.032840,-1.547060,ndi
1786511727.769461,13.567724,-0.011900,-0.032840,-1.547060,ndi
1786511727.784578,13.582841,-0.011910,-0.032830,-1.547040,ndi
1786511727.801962,13.600224,-0.011910,-0.032830,-1.547060,ndi
1786511727.819446,13.617709,-0.011890,-0.032840,-1.547070,ndi
1786511727.834569,13.632832,-0.011910,-0.032840,-1.547090,ndi
1786511727.851986,13.650249,-0.011910,-0.032820,-1.547060,ndi
1786511727.869444,13.667706,-0.011890,-0.032830,-1.547070,ndi
1786511727.884621,13.682884,-0.011900,-0.032830,-1.547070,ndi
1786511727.901963,13.700225,-0.011910,-0.032830,-1.547050,ndi
1786511727.919474,13.717736,-0.011910,-0.032820,-1.547040,ndi
1786511727.936989,13.735251,-0.011910,-0.032830,-1.547070,ndi
1786511727.951962,13.750224,-0.011920,-0.032840,-1.547060,ndi
1786511727.969438,13.767701,-0.011910,-0.032840,-1.547070,ndi
1786511727.986972,13.785234,-0.011910,-0.032820,-1.547100,ndi
1786511728.001939,13.800201,-0.011920,-0.032830,-1.547070,ndi
1786511728.019451,13.817713,-0.011900,-0.032840,-1.547070,ndi
1786511728.034580,13.832842,-0.011910,-0.032830,-1.547090,ndi
1786511728.051973,13.850235,-0.011910,-0.032820,-1.547090,ndi
1786511728.069446,13.867708,-0.011910,-0.032840,-1.547050,ndi
1786511728.084569,13.882832,-0.011900,-0.032840,-1.547080,ndi
1786511728.101962,13.900225,-0.011920,-0.032830,-1.547090,ndi
1786511728.119488,13.917750,-0.011920,-0.032820,-1.547050,ndi
1786511728.136985,13.935248,-0.011910,-0.032830,-1.547050,ndi
1786511728.151968,13.950231,-0.011930,-0.032840,-1.547030,ndi
1786511728.169490,13.967752,-0.011910,-0.032830,-1.547050,ndi
1786511728.186968,13.985231,-0.011920,-0.032820,-1.547050,ndi
1786511728.201949,14.000211,-0.011940,-0.032840,-1.547070,ndi
1786511728.219459,14.017721,-0.011920,-0.032840,-1.547070,ndi
1786511728.236987,14.035249,-0.011910,-0.032830,-1.547060,ndi
1786511728.251965,14.050228,-0.011920,-0.032830,-1.547050,ndi
1786511728.269450,14.067713,-0.011920,-0.032840,-1.547050,ndi
1786511728.284566,14.082829,-0.011930,-0.032840,-1.547060,ndi
1786511728.301987,14.100250,-0.011940,-0.032830,-1.547050,ndi
1786511728.319481,14.117744,-0.011920,-0.032830,-1.547060,ndi
1786511728.334569,14.132832,-0.011940,-0.032850,-1.547060,ndi
1786511728.351957,14.150220,-0.011930,-0.032840,-1.547030,ndi
1786511728.369457,14.167720,-0.011920,-0.032830,-1.547050,ndi
1786511728.386945,14.185208,-0.011930,-0.032840,-1.547060,ndi
1786511728.401947,14.200210,-0.011920,-0.032850,-1.547060,ndi
1786511728.419502,14.217765,-0.011920,-0.032840,-1.547080,ndi
1786511728.436977,14.235239,-0.011930,-0.032830,-1.547060,ndi
1786511728.451974,14.250236,-0.011930,-0.032840,-1.547050,ndi
1786511728.469453,14.267716,-0.011910,-0.032850,-1.547070,ndi
1786511728.486953,14.285216,-0.011930,-0.032840,-1.547050,ndi
1786511728.501959,14.300222,-0.011930,-0.032830,-1.547030,ndi
1786511728.519496,14.317759,-0.011930,-0.032840,-1.547070,ndi
1786511728.534575,14.332838,-0.011930,-0.032850,-1.547050,ndi
1786511728.551979,14.350241,-0.011930,-0.032840,-1.547040,ndi
1786511728.569468,14.367731,-0.011940,-0.032830,-1.547050,ndi
1786511728.586945,14.385208,-0.011930,-0.032850,-1.547050,ndi
1786511728.601949,14.400212,-0.011920,-0.032850,-1.547060,ndi
1786511728.619450,14.417713,-0.011920,-0.032840,-1.547050,ndi
1786511728.636959,14.435221,-0.011930,-0.032840,-1.547020,ndi
1786511728.651951,14.450213,-0.011920,-0.032850,-1.547060,ndi
1786511728.669453,14.467716,-0.011920,-0.032850,-1.547090,ndi
1786511728.686964,14.485226,-0.011940,-0.032840,-1.547060,ndi
1786511728.702014,14.500277,-0.011930,-0.032840,-1.547060,ndi
1786511728.719523,14.517785,-0.011950,-0.032850,-1.547040,ndi
1786511728.736970,14.535233,-0.011950,-0.032840,-1.547070,ndi
1786511728.751955,14.550218,-0.011920,-0.032840,-1.547040,ndi
1786511728.769446,14.567709,-0.011940,-0.032850,-1.547060,ndi
1786511728.786978,14.585241,-0.011940,-0.032850,-1.547060,ndi
1786511728.801958,14.600221,-0.011940,-0.032840,-1.547040,ndi
1786511728.819498,14.617760,-0.011930,-0.032850,-1.547050,ndi
1786511728.836969,14.635231,-0.011930,-0.032850,-1.547070,ndi
1786511728.851952,14.650215,-0.011950,-0.032850,-1.547060,ndi
1786511728.869473,14.667735,-0.011920,-0.032840,-1.547050,ndi
1786511728.884562,14.682825,-0.011960,-0.032840,-1.547060,ndi
1786511728.901968,14.700231,-0.011950,-0.032860,-1.547060,ndi
1786511728.919509,14.717772,-0.011950,-0.032850,-1.547040,ndi
1786511728.936995,14.735257,-0.011960,-0.032840,-1.547070,ndi
1786511728.951988,14.750251,-0.011940,-0.032840,-1.547050,ndi
1786511728.969472,14.767734,-0.011960,-0.032850,-1.547050,ndi
1786511728.986964,14.785226,-0.011940,-0.032850,-1.547070,ndi
1786511729.001968,14.800231,-0.011940,-0.032850,-1.547050,ndi
1786511729.019486,14.817749,-0.011960,-0.032850,-1.547050,ndi
1786511729.034581,14.832844,-0.011930,-0.032840,-1.547020,ndi
1786511729.051962,14.850224,-0.011960,-0.032850,-1.547070,ndi
1786511729.069424,14.867687,-0.011950,-0.032850,-1.547020,ndi
1786511729.086966,14.885228,-0.011950,-0.032850,-1.547030,ndi
1786511729.101985,14.900248,-0.011970,-0.032850,-1.547030,ndi
1786511729.119513,14.917776,-0.011950,-0.032860,-1.547010,ndi
1786511729.134658,14.932920,-0.011960,-0.032850,-1.547040,ndi
1786511729.151974,14.950237,-0.011960,-0.032840,-1.547010,ndi
1786511729.169462,14.967725,-0.011960,-0.032850,-1.547050,ndi
1786511729.186957,14.985219,-0.011940,-0.032860,-1.547020,ndi
1786511729.201999,15.000262,-0.011950,-0.032860,-1.547030,ndi
1786511729.219527,15.017790,-0.011960,-0.032840,-1.547020,ndi
1786511729.234595,15.032858,-0.011940,-0.032850,-1.547030,ndi
1786511729.251967,15.050229,-0.011940,-0.032860,-1.547020,ndi
1786511729.269477,15.067739,-0.011960,-0.032850,-1.547010,ndi
1786511729.286980,15.085243,-0.011950,-0.032840,-1.547020,ndi
1786511729.301985,15.100247,-0.011960,-0.032850,-1.547010,ndi
1786511729.319546,15.117809,-0.011960,-0.032860,-1.547030,ndi
1786511729.334589,15.132852,-0.011940,-0.032850,-1.547010,ndi
1786511729.351979,15.150242,-0.011950,-0.032840,-1.547030,ndi
1786511729.369466,15.167729,-0.011960,-0.032860,-1.547050,ndi
1786511729.386968,15.185231,-0.011940,-0.032870,-1.547030,ndi
1786511729.401988,15.200251,-0.011940,-0.032850,-1.547020,ndi
1786511729.423880,15.222143,-0.011950,-0.032840,-1.547030,ndi
1786511729.434571,15.232834,-0.011950,-0.032850,-1.547030,ndi
1786511729.451971,15.250234,-0.011960,-0.032870,-1.547040,ndi
1786511729.469482,15.267745,-0.011960,-0.032850,-1.547020,ndi
1786511729.487016,15.285279,-0.011950,-0.032840,-1.547050,ndi
1786511729.501991,15.300254,-0.011970,-0.032860,-1.547030,ndi
1786511729.519601,15.317864,-0.011960,-0.032870,-1.547060,ndi
1786511729.536996,15.335259,-0.011960,-0.032840,-1.547040,ndi
1786511729.551979,15.350242,-0.011960,-0.032850,-1.547020,ndi
1786511729.569485,15.367748,-0.011960,-0.032870,-1.547050,ndi
1786511729.584505,15.382768,-0.011960,-0.032870,-1.547030,ndi
1786511729.601990,15.400253,-0.011960,-0.032840,-1.547020,ndi
1786511729.619836,15.418098,-0.011960,-0.032850,-1.547040,ndi
1786511729.634734,15.432997,-0.011960,-0.032860,-1.547040,ndi
1786511729.651992,15.450255,-0.011950,-0.032860,-1.547020,ndi
1786511729.669469,15.467731,-0.011960,-0.032850,-1.547050,ndi
1786511729.686993,15.485255,-0.011970,-0.032850,-1.547030,ndi
1786511729.701975,15.500238,-0.011970,-0.032870,-1.547050,ndi
1786511729.719552,15.517814,-0.011970,-0.032860,-1.547040,ndi
1786511729.736993,15.535256,-0.011970,-0.032840,-1.547050,ndi
1786511729.751987,15.550249,-0.011970,-0.032860,-1.547060,ndi
1786511729.769542,15.567805,-0.011960,-0.032870,-1.547050,ndi
1786511729.787021,15.585284,-0.011970,-0.032850,-1.547050,ndi
1786511729.801998,15.600260,-0.011970,-0.032840,-1.547060,ndi
1786511729.819489,15.617752,-0.011950,-0.032860,-1.547060,ndi
1786511729.834704,15.632967,-0.011970,-0.032860,-1.547030,ndi
1786511729.851997,15.650259,-0.011980,-0.032850,-1.547060,ndi
1786511729.869480,15.667743,-0.011970,-0.032850,-1.547050,ndi
1786511729.886982,15.685244,-0.011970,-0.032860,-1.547050,ndi
1786511729.902004,15.700266,-0.011980,-0.032860,-1.547040,ndi
1786511729.919485,15.717748,-0.011980,-0.032850,-1.547020,ndi
1786511729.934509,15.732771,-0.011970,-0.032860,-1.547030,ndi
1786511729.951970,15.750232,-0.011970,-0.032860,-1.547020,ndi
1786511729.969481,15.767743,-0.011970,-0.032860,-1.547050,ndi
1786511729.987010,15.785272,-0.011980,-0.032850,-1.547050,ndi
1786511730.002021,15.800283,-0.011970,-0.032850,-1.547020,ndi
1786511730.019497,15.817759,-0.011960,-0.032860,-1.547030,ndi
1786511730.037011,15.835274,-0.011970,-0.032850,-1.547000,ndi
1786511730.052002,15.850265,-0.011990,-0.032850,-1.547010,ndi
1786511730.069540,15.867803,-0.011980,-0.032860,-1.547010,ndi
1786511730.086998,15.885260,-0.011980,-0.032860,-1.547010,ndi
1786511730.101985,15.900248,-0.011970,-0.032850,-1.547000,ndi
1786511730.119498,15.917761,-0.011970,-0.032850,-1.547040,ndi
1786511730.136987,15.935250,-0.011980,-0.032870,-1.547020,ndi
1786511730.151973,15.950235,-0.011970,-0.032870,-1.547040,ndi
1786511730.169503,15.967766,-0.011970,-0.032850,-1.547050,ndi
1786511730.184588,15.982851,-0.011960,-0.032850,-1.547020,ndi
1786511730.201980,16.000243,-0.011960,-0.032870,-1.547040,ndi
1786511730.219505,16.017767,-0.011960,-0.032860,-1.547040,ndi
1786511730.237015,16.035278,-0.011960,-0.032850,-1.547020,ndi
1786511730.252006,16.050268,-0.011970,-0.032850,-1.547020,ndi
1786511730.269529,16.067792,-0.011980,-0.032860,-1.547040,ndi
1786511730.287008,16.085271,-0.011980,-0.032850,-1.547040,ndi
1786511730.301999,16.100262,-0.011970,-0.032850,-1.547030,ndi
1786511730.319502,16.117764,-0.011970,-0.032850,-1.547000,ndi
1786511730.336992,16.135254,-0.011980,-0.032870,-1.547020,ndi
1786511730.351996,16.150259,-0.011950,-0.032860,-1.547030,ndi
1786511730.369507,16.167770,-0.011970,-0.032850,-1.547010,ndi
1786511730.384511,16.182774,-0.011980,-0.032850,-1.547010,ndi
1786511730.401981,16.200243,-0.011960,-0.032870,-1.547010,ndi
1786511730.419499,16.217761,-0.011970,-0.032850,-1.547040,ndi
1786511730.434544,16.232806,-0.011970,-0.032850,-1.547030,ndi
1786511730.452010,16.250272,-0.011980,-0.032860,-1.547040,ndi
1786511730.469507,16.267770,-0.011990,-0.032860,-1.547040,ndi
1786511730.484537,16.282800,-0.011980,-0.032850,-1.547020,ndi
1786511730.502002,16.300265,-0.011980,-0.032860,-1.547030,ndi
1786511730.519524,16.317787,-0.011970,-0.032870,-1.547030,ndi
1786511730.537017,16.335279,-0.011980,-0.032850,-1.547040,ndi
1786511730.552022,16.350284,-0.011980,-0.032850,-1.547050,ndi
1786511730.569524,16.367786,-0.011970,-0.032860,-1.547040,ndi
1786511730.587015,16.385278,-0.011980,-0.032860,-1.547030,ndi
1786511730.601994,16.400256,-0.011980,-0.032860,-1.547020,ndi
1786511730.619509,16.417771,-0.011980,-0.032850,-1.547040,ndi
1786511730.634634,16.432897,-0.011990,-0.032850,-1.547010,ndi
1786511730.652017,16.450279,-0.011980,-0.032860,-1.547050,ndi
1786511730.669500,16.467762,-0.011990,-0.032860,-1.547020,ndi
1786511730.687001,16.485263,-0.011990,-0.032860,-1.547050,ndi
1786511730.701989,16.500252,-0.012000,-0.032850,-1.547040,ndi
1786511730.719545,16.517808,-0.011990,-0.032860,-1.547040,ndi
1786511730.736998,16.535260,-0.011990,-0.032860,-1.547060,ndi
1786511730.752014,16.550276,-0.011990,-0.032850,-1.547040,ndi
1786511730.769531,16.567793,-0.011980,-0.032850,-1.547050,ndi
1786511730.784667,16.582930,-0.011980,-0.032850,-1.547050,ndi
1786511730.802016,16.600279,-0.011980,-0.032860,-1.547070,ndi
1786511730.819508,16.617771,-0.011980,-0.032850,-1.547060,ndi
1786511730.837028,16.635290,-0.011990,-0.032840,-1.547070,ndi
1786511730.852002,16.650265,-0.011990,-0.032840,-1.547050,ndi
1786511730.869529,16.667792,-0.011990,-0.032850,-1.547040,ndi
1786511730.884531,16.682794,-0.011980,-0.032850,-1.547080,ndi
1786511730.901994,16.700257,-0.011980,-0.032830,-1.547060,ndi
1786511730.919503,16.717766,-0.012000,-0.032830,-1.547070,ndi
1786511730.934537,16.732799,-0.011990,-0.032840,-1.547090,ndi
1786511730.952008,16.750270,-0.011990,-0.032830,-1.547040,ndi
1786511730.969522,16.767785,-0.011990,-0.032820,-1.547080,ndi
1786511730.986995,16.785257,-0.012000,-0.032820,-1.547100,ndi
1786511731.001991,16.800253,-0.012000,-0.032820,-1.547070,ndi
1786511731.019507,16.817770,-0.012000,-0.032810,-1.547080,ndi
1786511731.034584,16.832846,-0.012000,-0.032800,-1.547080,ndi
1786511731.052009,16.850272,-0.012010,-0.032800,-1.547090,ndi
1786511731.069510,16.867773,-0.012030,-0.032800,-1.547080,ndi
1786511731.087005,16.885267,-0.012010,-0.032800,-1.547100,ndi
1786511731.101997,16.900260,-0.012020,-0.032780,-1.547100,ndi
1786511731.119506,16.917768,-0.012020,-0.032780,-1.547120,ndi
1786511731.134531,16.932793,-0.012010,-0.032780,-1.547150,ndi
1786511731.152030,16.950293,-0.012020,-0.032770,-1.547130,ndi
1786511731.169509,16.967772,-0.012020,-0.032760,-1.547120,ndi
1786511731.187029,16.985291,-0.012020,-0.032770,-1.547120,ndi
1786511731.202014,17.000277,-0.012030,-0.032770,-1.547140,ndi
1786511731.219506,17.017768,-0.012040,-0.032750,-1.547140,ndi
1786511731.237043,17.035306,-0.012050,-0.032740,-1.547120,ndi
1786511731.252015,17.050278,-0.012040,-0.032740,-1.547130,ndi
1786511731.269501,17.067764,-0.012050,-0.032750,-1.547160,ndi
1786511731.287035,17.085298,-0.012060,-0.032730,-1.547120,ndi
1786511731.302068,17.100330,-0.012060,-0.032720,-1.547140,ndi
1786511731.319517,17.117780,-0.012070,-0.032720,-1.547150,ndi
1786511731.337033,17.135296,-0.012060,-0.032720,-1.547160,ndi
1786511731.352024,17.150286,-0.012060,-0.032710,-1.547160,ndi
1786511731.369527,17.167790,-0.012070,-0.032700,-1.547140,ndi
1786511731.384613,17.182876,-0.012080,-0.032700,-1.547180,ndi
1786511731.402021,17.200283,-0.012090,-0.032700,-1.547180,ndi
1786511731.419543,17.217806,-0.012080,-0.032700,-1.547180,ndi
1786511731.434641,17.232904,-0.012090,-0.032680,-1.547170,ndi
1786511731.452026,17.250288,-0.012100,-0.032680,-1.547160,ndi
1786511731.469506,17.267768,-0.012100,-0.032690,-1.547170,ndi
1786511731.484548,17.282811,-0.012090,-0.032680,-1.547200,ndi
1786511731.502005,17.300268,-0.012100,-0.032660,-1.547220,ndi
1786511731.519515,17.317778,-0.012100,-0.032660,-1.547230,ndi
1786511731.537042,17.335305,-0.012100,-0.032660,-1.547230,ndi
1786511731.552032,17.350294,-0.012100,-0.032660,-1.547230,ndi
1786511731.569507,17.367770,-0.012100,-0.032660,-1.547230,ndi
1786511731.587006,17.385269,-0.012110,-0.032650,-1.547250,ndi
1786511731.602036,17.400299,-0.012110,-0.032650,-1.547230,ndi
1786511731.619538,17.417800,-0.012130,-0.032650,-1.547250,ndi
1786511731.634771,17.433034,-0.012120,-0.032640,-1.547250,ndi
1786511731.652019,17.450282,-0.012130,-0.032630,-1.547250,ndi
1786511731.669536,17.467799,-0.012130,-0.032630,-1.547280,ndi
1786511731.687026,17.485289,-0.012130,-0.032640,-1.547240,ndi
1786511731.702014,17.500277,-0.012130,-0.032620,-1.547270,ndi
1786511731.719538,17.517800,-0.012130,-0.032620,-1.547240,ndi
1786511731.734550,17.532813,-0.012130,-0.032620,-1.547240,ndi
1786511731.752038,17.550301,-0.012130,-0.032620,-1.547250,ndi
1786511731.769515,17.567778,-0.012130,-0.032610,-1.547280,ndi
1786511731.784645,17.582907,-0.012140,-0.032600,-1.547270,ndi
1786511731.802014,17.600277,-0.012140,-0.032600,-1.547280,ndi
1786511731.819524,17.617786,-0.012160,-0.032600,-1.547290,ndi
1786511731.834558,17.632820,-0.012150,-0.032590,-1.547260,ndi
1786511731.852076,17.650338,-0.012150,-0.032590,-1.547290,ndi
1786511731.869523,17.667786,-0.012170,-0.032580,-1.547280,ndi
1786511731.887044,17.685307,-0.012160,-0.032580,-1.547310,ndi
1786511731.902015,17.700277,-0.012150,-0.032570,-1.547300,ndi
1786511731.919534,17.717797,-0.012160,-0.032570,-1.547320,ndi
1786511731.934740,17.733003,-0.012170,-0.032570,-1.547320,ndi
1786511731.952043,17.750305,-0.012170,-0.032570,-1.547310,ndi
1786511731.969520,17.767782,-0.012160,-0.032560,-1.547310,ndi
1786511731.987011,17.785274,-0.012180,-0.032550,-1.547340,ndi
1786511732.002029,17.800292,-0.012180,-0.032560,-1.547330,ndi
1786511732.020799,17.819062,-0.012190,-0.032550,-1.547350,ndi
1786511732.037033,17.835295,-0.012200,-0.032540,-1.547370,ndi
1786511732.052045,17.850308,-0.012200,-0.032540,-1.547360,ndi
1786511732.069523,17.867786,-0.012200,-0.032540,-1.547350,ndi
1786511732.084531,17.882794,-0.012200,-0.032540,-1.547380,ndi
1786511732.102015,17.900277,-0.012200,-0.032520,-1.547360,ndi
1786511732.119539,17.917801,-0.012210,-0.032530,-1.547380,ndi
1786511732.134755,17.933017,-0.012200,-0.032530,-1.547350,ndi
1786511732.152043,17.950306,-0.012220,-0.032520,-1.547370,ndi
1786511732.169521,17.967783,-0.012210,-0.032520,-1.547380,ndi
1786511732.184760,17.983023,-0.012220,-0.032520,-1.547430,ndi
1786511732.202019,18.000282,-0.012220,-0.032510,-1.547430,ndi
1786511732.219549,18.017812,-0.012230,-0.032510,-1.547410,ndi
1786511732.234570,18.032833,-0.012230,-0.032500,-1.547440,ndi
1786511732.252065,18.050328,-0.012230,-0.032500,-1.547430,ndi
1786511732.269537,18.067800,-0.012250,-0.032500,-1.547430,ndi
1786511732.284541,18.082804,-0.012240,-0.032480,-1.547430,ndi
1786511732.302030,18.100292,-0.012240,-0.032470,-1.547440,ndi
1786511732.319544,18.117806,-0.012260,-0.032470,-1.547430,ndi
1786511732.337026,18.135288,-0.012250,-0.032470,-1.547490,ndi
1786511732.352056,18.150318,-0.012260,-0.032460,-1.547460,ndi
1786511732.369520,18.167783,-0.012260,-0.032460,-1.547490,ndi
1786511732.387052,18.185315,-0.012260,-0.032460,-1.547460,ndi
1786511732.402038,18.200300,-0.012290,-0.032450,-1.547470,ndi
1786511732.419519,18.217782,-0.012290,-0.032440,-1.547480,ndi
1786511732.434778,18.233041,-0.012280,-0.032440,-1.547460,ndi
1786511732.452054,18.250317,-0.012290,-0.032430,-1.547470,ndi
1786511732.469550,18.267812,-0.012290,-0.032420,-1.547530,ndi
1786511732.484562,18.282825,-0.012300,-0.032430,-1.547490,ndi
1786511732.502019,18.300282,-0.012280,-0.032420,-1.547510,ndi
1786511732.519543,18.317805,-0.012300,-0.032410,-1.547510,ndi
1786511732.534791,18.333054,-0.012300,-0.032410,-1.547500,ndi
1786511732.552042,18.350305,-0.012300,-0.032410,-1.547520,ndi
1786511732.569522,18.367785,-0.012300,-0.032400,-1.547530,ndi
1786511732.584553,18.382815,-0.012300,-0.032400,-1.547510,ndi
1786511732.602144,18.400406,-0.012320,-0.032400,-1.547510,ndi
1786511732.619542,18.417804,-0.012320,-0.032400,-1.547510,ndi
1786511732.634552,18.432814,-0.012330,-0.032390,-1.547560,ndi
1786511732.652076,18.450338,-0.012330,-0.032390,-1.547520,ndi
1786511732.669515,18.467777,-0.012320,-0.032380,-1.547520,ndi
1786511732.684549,18.482811,-0.012340,-0.032380,-1.547520,ndi
1786511732.702028,18.500290,-0.012320,-0.032380,-1.547530,ndi
1786511732.719619,18.517882,-0.012320,-0.032370,-1.547520,ndi
1786511732.734671,18.532933,-0.012330,-0.032360,-1.547550,ndi
1786511732.752034,18.550297,-0.012330,-0.032370,-1.547560,ndi
1786511732.769533,18.567796,-0.012340,-0.032370,-1.547530,ndi
1786511732.784622,18.582885,-0.012350,-0.032350,-1.547530,ndi
1786511732.802040,18.600303,-0.012360,-0.032350,-1.547570,ndi
1786511732.819555,18.617818,-0.012350,-0.032350,-1.547560,ndi
1786511732.837034,18.635297,-0.012360,-0.032350,-1.547580,ndi
1786511732.852053,18.650316,-0.012360,-0.032340,-1.547560,ndi
1786511732.869528,18.667790,-0.012360,-0.032330,-1.547590,ndi
1786511732.884656,18.682919,-0.012380,-0.032330,-1.547590,ndi
1786511732.902047,18.700310,-0.012360,-0.032330,-1.547590,ndi
1786511732.919719,18.717982,-0.012360,-0.032320,-1.547600,ndi
1786511732.934779,18.733042,-0.012380,-0.032310,-1.547570,ndi
1786511732.952074,18.750337,-0.012370,-0.032310,-1.547570,ndi
1786511732.969522,18.767784,-0.012380,-0.032310,-1.547570,ndi
1786511732.984654,18.782917,-0.012400,-0.032300,-1.547580,ndi
1786511733.002059,18.800322,-0.012390,-0.032290,-1.547610,ndi
1786511733.019551,18.817813,-0.012400,-0.032300,-1.547590,ndi
1786511733.034649,18.832912,-0.012410,-0.032290,-1.547580,ndi
1786511733.052074,18.850336,-0.012400,-0.032270,-1.547600,ndi
1786511733.069552,18.867814,-0.012400,-0.032280,-1.547600,ndi
1786511733.087042,18.885305,-0.012390,-0.032280,-1.547600,ndi
1786511733.102052,18.900315,-0.012410,-0.032260,-1.547600,ndi
1786511733.119545,18.917808,-0.012410,-0.032260,-1.547600,ndi
1786511733.134750,18.933013,-0.012410,-0.032270,-1.547610,ndi
1786511733.152042,18.950304,-0.012410,-0.032260,-1.547590,ndi
1786511733.169540,18.967803,-0.012420,-0.032240,-1.547600,ndi
1786511733.184685,18.982948,-0.012420,-0.032240,-1.547640,ndi
1786511733.202036,19.000299,-0.012430,-0.032250,-1.547620,ndi
1786511733.219528,19.017791,-0.012440,-0.032250,-1.547620,ndi
1786511733.234736,19.032998,-0.012410,-0.032230,-1.547620,ndi
1786511733.252078,19.050340,-0.012440,-0.032230,-1.547600,ndi
1786511733.269556,19.067818,-0.012430,-0.032240,-1.547640,ndi
1786511733.284655,19.082917,-0.012420,-0.032240,-1.547600,ndi
1786511733.302061,19.100324,-0.012420,-0.032210,-1.547620,ndi
1786511733.319563,19.117825,-0.012420,-0.032210,-1.547610,ndi
1786511733.334769,19.133032,-0.012440,-0.032230,-1.547620,ndi
1786511733.352063,19.150326,-0.012430,-0.032220,-1.547620,ndi
1786511733.369545,19.167807,-0.012430,-0.032190,-1.547640,ndi
1786511733.384671,19.182933,-0.012450,-0.032200,-1.547640,ndi
1786511733.402048,19.200311,-0.012440,-0.032220,-1.547650,ndi
1786511733.419547,19.217809,-0.012440,-0.032200,-1.547650,ndi
1786511733.434713,19.232976,-0.012440,-0.032180,-1.547670,ndi
1786511733.452108,19.250371,-0.012440,-0.032180,-1.547650,ndi
1786511733.469545,19.267808,-0.012450,-0.032200,-1.547650,ndi
1786511733.484680,19.282943,-0.012440,-0.032180,-1.547640,ndi
1786511733.502052,19.300315,-0.012440,-0.032170,-1.547670,ndi
1786511733.519542,19.317804,-0.012450,-0.032170,-1.547660,ndi
1786511733.534638,19.332901,-0.012450,-0.032180,-1.547690,ndi
1786511733.552047,19.350309,-0.012460,-0.032170,-1.547660,ndi
1786511733.569553,19.367816,-0.012460,-0.032150,-1.547670,ndi
1786511733.584671,19.382934,-0.012470,-0.032160,-1.547700,ndi
1786511733.602044,19.400307,-0.012480,-0.032170,-1.547700,ndi
1786511733.619545,19.417807,-0.012470,-0.032150,-1.547690,ndi
1786511733.634664,19.432927,-0.012480,-0.032130,-1.547700,ndi
1786511733.652157,19.450419,-0.012480,-0.032150,-1.547690,ndi
1786511733.669549,19.467811,-0.012470,-0.032140,-1.547710,ndi
1786511733.684683,19.482945,-0.012490,-0.032120,-1.547720,ndi
1786511733.702060,19.500322,-0.012470,-0.032120,-1.547700,ndi
1786511733.719610,19.517873,-0.012470,-0.032130,-1.547710,ndi
1786511733.734777,19.533040,-0.012500,-0.032120,-1.547720,ndi
1786511733.752057,19.550319,-0.012500,-0.032110,-1.547710,ndi
1786511733.769555,19.567817,-0.012490,-0.032120,-1.547730,ndi
1786511733.787056,19.585319,-0.012500,-0.032120,-1.547720,ndi
1786511733.802049,19.600311,-0.012510,-0.032100,-1.547710,ndi
1786511733.819557,19.617819,-0.012510,-0.032100,-1.547740,ndi
1786511733.834677,19.632939,-0.012510,-0.032100,-1.547710,ndi
1786511733.852108,19.650370,-0.012510,-0.032110,-1.547740,ndi
1786511733.869570,19.667832,-0.012500,-0.032100,-1.547770,ndi
1786511733.884671,19.682934,-0.012520,-0.032090,-1.547750,ndi
1786511733.902064,19.700327,-0.012510,-0.032090,-1.547760,ndi
1786511733.919568,19.717831,-0.012490,-0.032100,-1.547740,ndi
1786511733.934721,19.732984,-0.012500,-0.032080,-1.547750,ndi
1786511733.952099,19.750361,-0.012520,-0.032070,-1.547800,ndi
1786511733.969599,19.767862,-0.012520,-0.032080,-1.547780,ndi
1786511733.984697,19.782959,-0.012520,-0.032080,-1.547770,ndi
1786511734.002062,19.800324,-0.012520,-0.032060,-1.547780,ndi
1786511734.019571,19.817834,-0.012530,-0.032060,-1.547760,ndi
1786511734.034671,19.832934,-0.012530,-0.032060,-1.547780,ndi
1786511734.052053,19.850316,-0.012530,-0.032060,-1.547810,ndi
1786511734.069603,19.867865,-0.012520,-0.032040,-1.547810,ndi
1786511734.084689,19.882952,-0.012520,-0.032050,-1.547800,ndi
1786511734.102070,19.900333,-0.012520,-0.032050,-1.547800,ndi
1786511734.119560,19.917823,-0.012540,-0.032030,-1.547790,ndi
1786511734.134733,19.932995,-0.012530,-0.032030,-1.547850,ndi
1786511734.152097,19.950359,-0.012540,-0.032040,-1.547830,ndi
1786511734.169561,19.967823,-0.012530,-0.032030,-1.547850,ndi
1786511734.184673,19.982935,-0.012550,-0.032010,-1.547840,ndi
1786511734.202072,20.000334,-0.012540,-0.032010,-1.547830,ndi
1786511734.219573,20.017836,-0.012540,-0.032010,-1.547850,ndi
1786511734.234704,20.032966,-0.012550,-0.032010,-1.547860,ndi
1786511734.252072,20.050334,-0.012530,-0.031990,-1.547870,ndi
1786511734.269594,20.067857,-0.012550,-0.031990,-1.547910,ndi
1786511734.284692,20.082954,-0.012550,-0.032000,-1.547920,ndi
1786511734.302063,20.100325,-0.012540,-0.031990,-1.547900,ndi
1786511734.319573,20.117836,-0.012560,-0.031970,-1.547900,ndi
1786511734.334663,20.132926,-0.012550,-0.031960,-1.547910,ndi
1786511734.352080,20.150342,-0.012560,-0.031970,-1.547920,ndi
1786511734.369549,20.167811,-0.012570,-0.031960,-1.547920,ndi
1786511734.384672,20.182935,-0.012560,-0.031950,-1.547930,ndi
1786511734.402052,20.200315,-0.012580,-0.031950,-1.547940,ndi
1786511734.419566,20.217829,-0.012570,-0.031950,-1.547930,ndi
1786511734.434671,20.232933,-0.012570,-0.031940,-1.547930,ndi
1786511734.452066,20.250328,-0.012560,-0.031940,-1.547970,ndi
1786511734.469611,20.267874,-0.012570,-0.031940,-1.547970,ndi
1786511734.484698,20.282961,-0.012580,-0.031930,-1.547970,ndi
1786511734.502074,20.300336,-0.012570,-0.031910,-1.547990,ndi
1786511734.519567,20.317830,-0.012580,-0.031910,-1.547990,ndi
1786511734.534675,20.332937,-0.012580,-0.031910,-1.548000,ndi
1786511734.552064,20.350327,-0.012600,-0.031920,-1.548030,ndi
1786511734.569568,20.367830,-0.012600,-0.031890,-1.548030,ndi
1786511734.584690,20.382952,-0.012600,-0.031880,-1.548000,ndi
1786511734.602059,20.400322,-0.012600,-0.031890,-1.547990,ndi
1786511734.619565,20.417827,-0.012600,-0.031880,-1.548020,ndi
1786511734.634669,20.432932,-0.012600,-0.031870,-1.548060,ndi
1786511734.652088,20.450351,-0.012600,-0.031870,-1.548060,ndi
1786511734.669593,20.467856,-0.012590,-0.031880,-1.548080,ndi
1786511734.684700,20.482963,-0.012600,-0.031860,-1.548060,ndi
1786511734.702077,20.500340,-0.012590,-0.031840,-1.548050,ndi
1786511734.719586,20.517849,-0.012600,-0.031850,-1.548040,ndi
1786511734.734714,20.532976,-0.012620,-0.031860,-1.548070,ndi
1786511734.752094,20.550356,-0.012610,-0.031850,-1.548070,ndi
1786511734.769657,20.567920,-0.012610,-0.031840,-1.548080,ndi
1786511734.784754,20.583017,-0.012620,-0.031840,-1.548110,ndi
1786511734.802093,20.600356,-0.012620,-0.031840,-1.548100,ndi
1786511734.819576,20.617839,-0.012610,-0.031830,-1.548100,ndi
1786511734.834663,20.632926,-0.012610,-0.031830,-1.548090,ndi
1786511734.852093,20.650356,-0.012600,-0.031830,-1.548130,ndi
1786511734.869578,20.667840,-0.012600,-0.031830,-1.548120,ndi
1786511734.884701,20.682964,-0.012610,-0.031820,-1.548080,ndi
1786511734.902084,20.700347,-0.012600,-0.031810,-1.548130,ndi
1786511734.919549,20.717812,-0.012610,-0.031800,-1.548140,ndi
1786511734.934685,20.732948,-0.012620,-0.031800,-1.548110,ndi
1786511734.952072,20.750335,-0.012600,-0.031800,-1.548140,ndi
1786511734.969609,20.767872,-0.012620,-0.031800,-1.548160,ndi
1786511734.984697,20.782959,-0.012620,-0.031790,-1.548150,ndi
1786511735.002078,20.800340,-0.012600,-0.031780,-1.548180,ndi
1786511735.019583,20.817846,-0.012610,-0.031780,-1.548170,ndi
1786511735.037089,20.835352,-0.012610,-0.031780,-1.548160,ndi
1786511735.052112,20.850374,-0.012600,-0.031780,-1.548170,ndi
1786511735.069588,20.867851,-0.012600,-0.031760,-1.548150,ndi
1786511735.084744,20.883007,-0.012610,-0.031770,-1.548140,ndi
1786511735.102075,20.900338,-0.012600,-0.031770,-1.548160,ndi
1786511735.119581,20.917844,-0.012620,-0.031760,-1.548180,ndi
1786511735.137063,20.935326,-0.012620,-0.031750,-1.548190,ndi
1786511735.152092,20.950354,-0.012620,-0.031750,-1.548190,ndi
1786511735.169632,20.967895,-0.012620,-0.031750,-1.548210,ndi
1786511735.184691,20.982953,-0.012630,-0.031730,-1.548220,ndi
1786511735.202100,21.000363,-0.012620,-0.031720,-1.548200,ndi
1786511735.219589,21.017852,-0.012630,-0.031730,-1.548230,ndi
1786511735.234657,21.032920,-0.012620,-0.031720,-1.548250,ndi
1786511735.252121,21.050383,-0.012620,-0.031700,-1.548220,ndi
1786511735.269602,21.067865,-0.012630,-0.031700,-1.548240,ndi
1786511735.284723,21.082986,-0.012630,-0.031710,-1.548250,ndi
1786511735.302116,21.100378,-0.012630,-0.031710,-1.548270,ndi
1786511735.319622,21.117884,-0.012640,-0.031680,-1.548290,ndi
1786511735.334703,21.132965,-0.012640,-0.031670,-1.548290,ndi
1786511735.352090,21.150352,-0.012640,-0.031680,-1.548290,ndi
1786511735.369648,21.167911,-0.012640,-0.031690,-1.548280,ndi
1786511735.384717,21.182980,-0.012630,-0.031660,-1.548280,ndi
1786511735.402075,21.200337,-0.012640,-0.031660,-1.548280,ndi
1786511735.419577,21.217839,-0.012650,-0.031680,-1.548320,ndi
1786511735.434672,21.232935,-0.012640,-0.031670,-1.548320,ndi
1786511735.452095,21.250357,-0.012640,-0.031650,-1.548310,ndi
1786511735.469575,21.267838,-0.012640,-0.031650,-1.548290,ndi
1786511735.484727,21.282989,-0.012630,-0.031660,-1.548310,ndi
1786511735.502092,21.300355,-0.012650,-0.031640,-1.548300,ndi
1786511735.519599,21.317862,-0.012650,-0.031640,-1.548330,ndi
1786511735.534713,21.332975,-0.012640,-0.031640,-1.548320,ndi
1786511735.552091,21.350353,-0.012660,-0.031640,-1.548340,ndi
1786511735.569643,21.367905,-0.012660,-0.031630,-1.548330,ndi
1786511735.584689,21.382952,-0.012640,-0.031630,-1.548350,ndi
1786511735.602108,21.400371,-0.012640,-0.031640,-1.548340,ndi
1786511735.619589,21.417852,-0.012640,-0.031640,-1.548360,ndi
1786511735.637079,21.435342,-0.012650,-0.031620,-1.548350,ndi
1786511735.652098,21.450361,-0.012640,-0.031610,-1.548390,ndi
1786511735.669580,21.467843,-0.012640,-0.031630,-1.548360,ndi
1786511735.684738,21.483001,-0.012630,-0.031630,-1.548370,ndi
1786511735.702083,21.500346,-0.012650,-0.031600,-1.548390,ndi
1786511735.719659,21.517922,-0.012650,-0.031600,-1.548380,ndi
1786511735.734710,21.532972,-0.012650,-0.031610,-1.548400,ndi
1786511735.752097,21.550359,-0.012660,-0.031590,-1.548400,ndi
1786511735.769688,21.567951,-0.012650,-0.031580,-1.548400,ndi
1786511735.784795,21.583058,-0.012640,-0.031580,-1.548400,ndi
1786511735.802097,21.600360,-0.012660,-0.031590,-1.548400,ndi
1786511735.819611,21.617873,-0.012640,-0.031570,-1.548410,ndi
1786511735.837116,21.635379,-0.012640,-0.031560,-1.548410,ndi
1786511735.852112,21.650375,-0.012640,-0.031560,-1.548420,ndi
1786511735.869599,21.667862,-0.012640,-0.031560,-1.548440,ndi
1786511735.884738,21.683001,-0.012630,-0.031550,-1.548410,ndi
1786511735.902097,21.700360,-0.012650,-0.031540,-1.548430,ndi
1786511735.919603,21.717865,-0.012650,-0.031540,-1.548440,ndi
1786511735.937083,21.735345,-0.012650,-0.031550,-1.548450,ndi
1786511735.952088,21.750350,-0.012650,-0.031530,-1.548440,ndi
1786511735.969610,21.767872,-0.012640,-0.031520,-1.548440,ndi
1786511735.984689,21.782951,-0.012650,-0.031530,-1.548450,ndi
1786511736.002089,21.800351,-0.012640,-0.031530,-1.548480,ndi
1786511736.022770,21.821033,-0.012640,-0.031510,-1.548480,ndi
1786511736.037107,21.835369,-0.012660,-0.031510,-1.548500,ndi
1786511736.052104,21.850367,-0.012640,-0.031510,-1.548540,ndi
1786511736.069591,21.867854,-0.012640,-0.031500,-1.548510,ndi
1786511736.087091,21.885354,-0.012650,-0.031480,-1.548530,ndi
1786511736.102096,21.900358,-0.012650,-0.031500,-1.548510,ndi
1786511736.119595,21.917857,-0.012660,-0.031490,-1.548510,ndi
1786511736.134705,21.932968,-0.012650,-0.031480,-1.548510,ndi
1786511736.152113,21.950375,-0.012660,-0.031470,-1.548530,ndi
1786511736.169595,21.967858,-0.012650,-0.031480,-1.548530,ndi
1786511736.184689,21.982951,-0.012650,-0.031480,-1.548550,ndi
1786511736.202123,22.000386,-0.012640,-0.031460,-1.548550,ndi
1786511736.219612,22.017874,-0.012650,-0.031460,-1.548560,ndi
1786511736.237102,22.035364,-0.012650,-0.031470,-1.548570,ndi
1786511736.252115,22.050378,-0.012650,-0.031460,-1.548580,ndi
1786511736.269584,22.067846,-0.012650,-0.031440,-1.548540,ndi
1786511736.284690,22.082953,-0.012650,-0.031450,-1.548600,ndi
1786511736.302110,22.100373,-0.012650,-0.031450,-1.548600,ndi
1786511736.319611,22.117873,-0.012650,-0.031440,-1.548620,ndi
1786511736.337105,22.135367,-0.012660,-0.031420,-1.548620,ndi
1786511736.352207,22.150470,-0.012650,-0.031430,-1.548610,ndi
1786511736.369609,22.167872,-0.012650,-0.031440,-1.548590,ndi
1786511736.384722,22.182985,-0.012640,-0.031420,-1.548590,ndi
1786511736.402100,22.200363,-0.012640,-0.031400,-1.548630,ndi
1786511736.419639,22.217901,-0.012650,-0.031420,-1.548630,ndi
1786511736.434717,22.232980,-0.012630,-0.031410,-1.548630,ndi
1786511736.452105,22.250368,-0.012630,-0.031390,-1.548660,ndi
1786511736.469624,22.267887,-0.012630,-0.031380,-1.548640,ndi
1786511736.484714,22.282977,-0.012630,-0.031400,-1.548650,ndi
1786511736.502107,22.300370,-0.012650,-0.031390,-1.548660,ndi
1786511736.519628,22.317891,-0.012650,-0.031360,-1.548650,ndi
1786511736.534714,22.332977,-0.012640,-0.031370,-1.548680,ndi
1786511736.552105,22.350368,-0.012650,-0.031380,-1.548660,ndi
1786511736.569592,22.367855,-0.012640,-0.031360,-1.548660,ndi
1786511736.584717,22.382979,-0.012640,-0.031350,-1.548680,ndi
1786511736.602097,22.400359,-0.012620,-0.031350,-1.548690,ndi
1786511736.619673,22.417935,-0.012630,-0.031360,-1.548690,ndi
1786511736.634722,22.432985,-0.012620,-0.031350,-1.548690,ndi
1786511736.652125,22.450388,-0.012620,-0.031330,-1.548720,ndi
1786511736.669608,22.467870,-0.012640,-0.031340,-1.548700,ndi
1786511736.684705,22.482968,-0.012630,-0.031340,-1.548710,ndi
1786511736.702132,22.500395,-0.012640,-0.031330,-1.548720,ndi
1786511736.719666,22.517929,-0.012640,-0.031310,-1.548750,ndi
1786511736.734730,22.532993,-0.012640,-0.031320,-1.548750,ndi
1786511736.752139,22.550402,-0.012640,-0.031330,-1.548720,ndi
1786511736.769610,22.567873,-0.012630,-0.031310,-1.548720,ndi
1786511736.784768,22.583031,-0.012640,-0.031310,-1.548780,ndi
1786511736.802139,22.600402,-0.012630,-0.031320,-1.548770,ndi
1786511736.819632,22.617895,-0.012610,-0.031310,-1.548730,ndi
1786511736.834712,22.632974,-0.012640,-0.031300,-1.548770,ndi
1786511736.852116,22.650378,-0.012620,-0.031290,-1.548780,ndi
1786511736.869601,22.667864,-0.012630,-0.031300,-1.548770,ndi
1786511736.884706,22.682968,-0.012650,-0.031290,-1.548770,ndi
1786511736.902135,22.700398,-0.012640,-0.031290,-1.548790,ndi
1786511736.919600,22.717863,-0.012630,-0.031280,-1.548780,ndi
1786511736.934701,22.732963,-0.012640,-0.031280,-1.548780,ndi
1786511736.952107,22.750370,-0.012630,-0.031280,-1.548810,ndi
1786511736.969606,22.767869,-0.012630,-0.031270,-1.548820,ndi
1786511736.984712,22.782975,-0.012620,-0.031270,-1.548820,ndi
1786511737.002154,22.800416,-0.012630,-0.031270,-1.548810,ndi
1786511737.019628,22.817891,-0.012620,-0.031260,-1.548830,ndi
1786511737.034699,22.832962,-0.012630,-0.031250,-1.548830,ndi
1786511737.052112,22.850374,-0.012620,-0.031250,-1.548840,ndi
1786511737.069582,22.867845,-0.012620,-0.031250,-1.548840,ndi
1786511737.084711,22.882973,-0.012640,-0.031240,-1.548850,ndi
1786511737.102142,22.900404,-0.012630,-0.031240,-1.548860,ndi
1786511737.119645,22.917907,-0.012630,-0.031240,-1.548850,ndi
1786511737.137117,22.935380,-0.012630,-0.031230,-1.548870,ndi
1786511737.152156,22.950419,-0.012630,-0.031220,-1.548910,ndi
1786511737.169617,22.967880,-0.012630,-0.031220,-1.548890,ndi
1786511737.187106,22.985369,-0.012620,-0.031220,-1.548910,ndi
1786511737.202148,23.000411,-0.012610,-0.031210,-1.548910,ndi
1786511737.219648,23.017910,-0.012620,-0.031210,-1.548910,ndi
1786511737.237142,23.035405,-0.012610,-0.031210,-1.548930,ndi
1786511737.252133,23.050396,-0.012620,-0.031200,-1.548970,ndi
1786511737.269630,23.067893,-0.012630,-0.031190,-1.548930,ndi
1786511737.284719,23.082982,-0.012620,-0.031190,-1.548920,ndi
1786511737.302139,23.100401,-0.012620,-0.031190,-1.548940,ndi
1786511737.319625,23.117888,-0.012620,-0.031190,-1.548920,ndi
1786511737.334730,23.132992,-0.012600,-0.031180,-1.548930,ndi
1786511737.352115,23.150378,-0.012610,-0.031170,-1.548950,ndi
1786511737.369619,23.167882,-0.012630,-0.031180,-1.548980,ndi
1786511737.384734,23.182997,-0.012610,-0.031180,-1.548940,ndi
1786511737.402144,23.200406,-0.012600,-0.031170,-1.548970,ndi
1786511737.419646,23.217909,-0.012610,-0.031160,-1.548980,ndi
1786511737.437129,23.235391,-0.012600,-0.031170,-1.549020,ndi
1786511737.452139,23.250401,-0.012610,-0.031160,-1.548980,ndi
1786511737.469713,23.267976,-0.012620,-0.031140,-1.549010,ndi
1786511737.484715,23.282978,-0.012610,-0.031140,-1.549020,ndi
1786511737.502157,23.300420,-0.012610,-0.031150,-1.549020,ndi
1786511737.519631,23.317893,-0.012610,-0.031140,-1.549040,ndi
1786511737.537158,23.335420,-0.012600,-0.031130,-1.549030,ndi
1786511737.552113,23.350376,-0.012610,-0.031130,-1.549050,ndi
1786511737.569624,23.367887,-0.012590,-0.031140,-1.549070,ndi
1786511737.584805,23.383068,-0.012600,-0.031130,-1.549070,ndi
1786511737.602133,23.400395,-0.012600,-0.031110,-1.549050,ndi
1786511737.619616,23.417879,-0.012600,-0.031120,-1.549050,ndi
1786511737.637119,23.435382,-0.012590,-0.031130,-1.549050,ndi
1786511737.652125,23.450388,-0.012590,-0.031120,-1.549080,ndi
1786511737.669637,23.467900,-0.012610,-0.031100,-1.549070,ndi
1786511737.684710,23.482972,-0.012610,-0.031090,-1.549100,ndi
1786511737.702141,23.500404,-0.012610,-0.031110,-1.549060,ndi
1786511737.719670,23.517932,-0.012610,-0.031100,-1.549100,ndi
1786511737.734736,23.532998,-0.012590,-0.031080,-1.549090,ndi
1786511737.752139,23.550401,-0.012610,-0.031090,-1.549120,ndi
1786511737.769634,23.567896,-0.012600,-0.031090,-1.549120,ndi
1786511737.787272,23.585534,-0.012590,-0.031070,-1.549120,ndi
1786511737.802106,23.600369,-0.012590,-0.031070,-1.549150,ndi
1786511737.819626,23.617889,-0.012580,-0.031080,-1.549150,ndi
1786511737.834649,23.632912,-0.012590,-0.031080,-1.549160,ndi
1786511737.852123,23.650385,-0.012590,-0.031060,-1.549160,ndi
1786511737.869625,23.667887,-0.012600,-0.031050,-1.549180,ndi
1786511737.887116,23.685379,-0.012600,-0.031060,-1.549150,ndi
1786511737.902133,23.700396,-0.012590,-0.031060,-1.549170,ndi
1786511737.919636,23.717899,-0.012600,-0.031040,-1.549160,ndi
1786511737.934714,23.732976,-0.012580,-0.031040,-1.549170,ndi
1786511737.952144,23.750406,-0.012600,-0.031050,-1.549170,ndi
1786511737.969617,23.767880,-0.012580,-0.031040,-1.549170,ndi
1786511737.984733,23.782996,-0.012580,-0.031030,-1.549220,ndi
1786511738.002136,23.800399,-0.012590,-0.031030,-1.549220,ndi
1786511738.019635,23.817898,-0.012580,-0.031030,-1.549210,ndi
1786511738.034725,23.832988,-0.012580,-0.031030,-1.549230,ndi
1786511738.052170,23.850432,-0.012580,-0.031010,-1.549210,ndi
1786511738.069801,23.868063,-0.012580,-0.031020,-1.549240,ndi
1786511738.087178,23.885440,-0.012580,-0.031010,-1.549250,ndi
1786511738.102130,23.900393,-0.012580,-0.031010,-1.549230,ndi
1786511738.119655,23.917917,-0.012580,-0.031010,-1.549240,ndi
1786511738.134719,23.932981,-0.012570,-0.031010,-1.549270,ndi
1786511738.152150,23.950412,-0.012560,-0.031000,-1.549260,ndi
1786511738.169645,23.967908,-0.012570,-0.030990,-1.549270,ndi
1786511738.184733,23.982996,-0.012560,-0.031000,-1.549280,ndi
1786511738.202173,24.000436,-0.012550,-0.031000,-1.549260,ndi
1786511738.219632,24.017894,-0.012560,-0.030990,-1.549280,ndi
1786511738.234716,24.032979,-0.012570,-0.030980,-1.549290,ndi
1786511738.252151,24.050414,-0.012570,-0.030980,-1.549300,ndi
1786511738.269645,24.067908,-0.012560,-0.030990,-1.549330,ndi
1786511738.284699,24.082962,-0.012570,-0.030970,-1.549310,ndi
1786511738.302149,24.100411,-0.012560,-0.030960,-1.549340,ndi
1786511738.319654,24.117917,-0.012560,-0.030970,-1.549310,ndi
1786511738.334666,24.132929,-0.012570,-0.030970,-1.549340,ndi
1786511738.352121,24.150384,-0.012540,-0.030960,-1.549330,ndi
1786511738.369643,24.167906,-0.012560,-0.030950,-1.549350,ndi
1786511738.384725,24.182987,-0.012550,-0.030950,-1.549330,ndi
1786511738.402154,24.200416,-0.012540,-0.030960,-1.549330,ndi
1786511738.419628,24.217890,-0.012540,-0.030940,-1.549360,ndi
1786511738.434724,24.232987,-0.012560,-0.030930,-1.549350,ndi
1786511738.452128,24.250390,-0.012560,-0.030940,-1.549340,ndi
1786511738.469644,24.267907,-0.012550,-0.030940,-1.549370,ndi
1786511738.484732,24.282994,-0.012560,-0.030930,-1.549370,ndi
1786511738.502139,24.300402,-0.012560,-0.030920,-1.549370,ndi
1786511738.519623,24.317885,-0.012560,-0.030930,-1.549380,ndi
1786511738.534702,24.332965,-0.012550,-0.030930,-1.549380,ndi
1786511738.552133,24.350396,-0.012550,-0.030920,-1.549350,ndi
1786511738.569658,24.367921,-0.012550,-0.030920,-1.549390,ndi
1786511738.587128,24.385391,-0.012540,-0.030920,-1.549380,ndi
1786511738.602177,24.400440,-0.012540,-0.030920,-1.549400,ndi
1786511738.619642,24.417904,-0.012540,-0.030910,-1.549420,ndi
1786511738.634738,24.433000,-0.012540,-0.030900,-1.549400,ndi
1786511738.652158,24.450420,-0.012550,-0.030900,-1.549420,ndi
1786511738.669638,24.467900,-0.012540,-0.030910,-1.549420,ndi
1786511738.687138,24.485400,-0.012540,-0.030900,-1.549420,ndi
1786511738.702154,24.500417,-0.012540,-0.030890,-1.549470,ndi
1786511738.719689,24.517951,-0.012540,-0.030890,-1.549440,ndi
1786511738.737172,24.535434,-0.012520,-0.030890,-1.549450,ndi
1786511738.752167,24.550430,-0.012530,-0.030880,-1.549440,ndi
1786511738.769643,24.567906,-0.012520,-0.030880,-1.549430,ndi
1786511738.784713,24.582975,-0.012510,-0.030880,-1.549440,ndi
1786511738.802189,24.600451,-0.012520,-0.030870,-1.549470,ndi
1786511738.819627,24.617890,-0.012530,-0.030870,-1.549480,ndi
1786511738.834738,24.633001,-0.012510,-0.030870,-1.549450,ndi
1786511738.852155,24.650418,-0.012530,-0.030860,-1.549490,ndi
1786511738.869643,24.667906,-0.012530,-0.030860,-1.549490,ndi
1786511738.887149,24.685412,-0.012520,-0.030860,-1.549470,ndi
1786511738.902157,24.700420,-0.012520,-0.030850,-1.549460,ndi
1786511738.919634,24.717896,-0.012510,-0.030850,-1.549490,ndi
1786511738.934701,24.732963,-0.012500,-0.030850,-1.549500,ndi
1786511738.952135,24.750398,-0.012500,-0.030840,-1.549510,ndi
1786511738.969663,24.767926,-0.012500,-0.030830,-1.549490,ndi
1786511738.984766,24.783028,-0.012500,-0.030840,-1.549530,ndi
1786511739.002184,24.800447,-0.012490,-0.030840,-1.549480,ndi
1786511739.019655,24.817918,-0.012500,-0.030820,-1.549530,ndi
1786511739.037156,24.835419,-0.012510,-0.030820,-1.549550,ndi
1786511739.052160,24.850423,-0.012510,-0.030830,-1.549550,ndi
1786511739.069646,24.867908,-0.012500,-0.030830,-1.549520,ndi
1786511739.087134,24.885397,-0.012500,-0.030820,-1.549530,ndi
1786511739.102152,24.900414,-0.012490,-0.030810,-1.549540,ndi
1786511739.119637,24.917900,-0.012490,-0.030820,-1.549540,ndi
1786511739.134682,24.932945,-0.012500,-0.030830,-1.549570,ndi
1786511739.152187,24.950450,-0.012480,-0.030820,-1.549550,ndi
1786511739.169670,24.967932,-0.012470,-0.030810,-1.549520,ndi
1786511739.187145,24.985408,-0.012490,-0.030820,-1.549560,ndi
1786511739.202174,25.000437,-0.012490,-0.030820,-1.549550,ndi
1786511739.219658,25.017920,-0.012480,-0.030810,-1.549520,ndi
1786511739.234762,25.033025,-0.012490,-0.030790,-1.549560,ndi
1786511739.252203,25.050466,-0.012480,-0.030810,-1.549530,ndi
1786511739.269664,25.067927,-0.012490,-0.030810,-1.549550,ndi
1786511739.287153,25.085416,-0.012480,-0.030790,-1.549540,ndi
1786511739.302163,25.100426,-0.012480,-0.030790,-1.549510,ndi
1786511739.319650,25.117913,-0.012480,-0.030800,-1.549600,ndi
1786511739.334710,25.132972,-0.012470,-0.030790,-1.549580,ndi
1786511739.352188,25.150450,-0.012470,-0.030780,-1.549610,ndi
1786511739.369650,25.167912,-0.012460,-0.030790,-1.549590,ndi
1786511739.387160,25.185423,-0.012470,-0.030790,-1.549620,ndi
1786511739.402189,25.200451,-0.012470,-0.030780,-1.549630,ndi
1786511739.419685,25.217947,-0.012480,-0.030780,-1.549640,ndi
1786511739.437167,25.235430,-0.012470,-0.030780,-1.549660,ndi
1786511739.452163,25.250426,-0.012470,-0.030780,-1.549650,ndi
1786511739.469663,25.267925,-0.012480,-0.030780,-1.549660,ndi
1786511739.487162,25.285424,-0.012460,-0.030760,-1.549690,ndi
1786511739.502157,25.300420,-0.012460,-0.030770,-1.549700,ndi
1786511739.519665,25.317928,-0.012450,-0.030790,-1.549670,ndi
1786511739.537182,25.335444,-0.012450,-0.030780,-1.549700,ndi
1786511739.552186,25.350448,-0.012460,-0.030770,-1.549700,ndi
1786511739.569656,25.367918,-0.012440,-0.030770,-1.549720,ndi
1786511739.587163,25.385425,-0.012430,-0.030780,-1.549660,ndi
1786511739.602210,25.400472,-0.012440,-0.030770,-1.549700,ndi
1786511739.619690,25.417953,-0.012440,-0.030760,-1.549740,ndi
1786511739.637171,25.435434,-0.012440,-0.030760,-1.549740,ndi
1786511739.652168,25.450430,-0.012450,-0.030770,-1.549720,ndi
1786511739.669638,25.467901,-0.012440,-0.030760,-1.549740,ndi
1786511739.687161,25.485424,-0.012430,-0.030750,-1.549700,ndi
1786511739.702273,25.500535,-0.012430,-0.030760,-1.549720,ndi
1786511739.719716,25.517978,-0.012420,-0.030760,-1.549760,ndi
1786511739.737175,25.535438,-0.012420,-0.030760,-1.549740,ndi
1786511739.752188,25.550451,-0.012420,-0.030750,-1.549730,ndi
1786511739.769659,25.567921,-0.012390,-0.030750,-1.549740,ndi
1786511739.787218,25.585480,-0.012410,-0.030750,-1.549750,ndi
1786511739.802179,25.600442,-0.012410,-0.030740,-1.549740,ndi
1786511739.819666,25.617929,-0.012400,-0.030740,-1.549760,ndi
1786511739.837168,25.635431,-0.012420,-0.030740,-1.549750,ndi
1786511739.852180,25.650442,-0.012410,-0.030730,-1.549760,ndi
1786511739.869669,25.667932,-0.012400,-0.030730,-1.549760,ndi
1786511739.884782,25.683044,-0.012410,-0.030730,-1.549770,ndi
1786511739.902376,25.700639,-0.012400,-0.030730,-1.549770,ndi
1786511739.919657,25.717919,-0.012390,-0.030720,-1.549760,ndi
1786511739.937170,25.735433,-0.012390,-0.030720,-1.549780,ndi
1786511739.952181,25.750444,-0.012390,-0.030720,-1.549790,ndi
1786511739.969651,25.767914,-0.012380,-0.030710,-1.549800,ndi
1786511739.987149,25.785412,-0.012390,-0.030710,-1.549820,ndi
1786511740.002171,25.800434,-0.012390,-0.030710,-1.549810,ndi
1786511740.019666,25.817929,-0.012380,-0.030710,-1.549810,ndi
1786511740.037177,25.835439,-0.012390,-0.030710,-1.549830,ndi
1786511740.052169,25.850432,-0.012370,-0.030700,-1.549810,ndi
1786511740.069677,25.867940,-0.012370,-0.030710,-1.549800,ndi
1786511740.084697,25.882960,-0.012380,-0.030710,-1.549830,ndi
1786511740.102171,25.900434,-0.012360,-0.030710,-1.549830,ndi
1786511740.119699,25.917962,-0.012370,-0.030700,-1.549840,ndi
1786511740.134724,25.932987,-0.012360,-0.030700,-1.549850,ndi
1786511740.152188,25.950451,-0.012360,-0.030710,-1.549840,ndi
1786511740.169656,25.967919,-0.012350,-0.030700,-1.549830,ndi
1786511740.184709,25.982971,-0.012360,-0.030680,-1.549900,ndi
1786511740.202164,26.000426,-0.012360,-0.030690,-1.549890,ndi
1786511740.219680,26.017943,-0.012360,-0.030700,-1.549890,ndi
1786511740.237154,26.035417,-0.012350,-0.030690,-1.549870,ndi
1786511740.252159,26.050421,-0.012350,-0.030680,-1.549880,ndi
1786511740.269681,26.067944,-0.012350,-0.030700,-1.549900,ndi
1786511740.284701,26.082963,-0.012340,-0.030700,-1.549920,ndi
1786511740.302158,26.100420,-0.012330,-0.030690,-1.549910,ndi
1786511740.319736,26.117999,-0.012340,-0.030680,-1.549880,ndi
1786511740.337179,26.135442,-0.012330,-0.030690,-1.549920,ndi
1786511740.352157,26.150420,-0.012330,-0.030690,-1.549880,ndi
1786511740.369665,26.167928,-0.012320,-0.030680,-1.549860,ndi
1786511740.384701,26.182963,-0.012310,-0.030670,-1.549920,ndi
1786511740.402172,26.200434,-0.012330,-0.030690,-1.549920,ndi
1786511740.419678,26.217941,-0.012330,-0.030680,-1.549910,ndi
1786511740.437158,26.235420,-0.012310,-0.030680,-1.549900,ndi
1786511740.452161,26.250423,-0.012320,-0.030670,-1.549920,ndi
1786511740.469649,26.267912,-0.012310,-0.030690,-1.549920,ndi
1786511740.484691,26.282954,-0.012300,-0.030680,-1.549920,ndi
1786511740.502187,26.300449,-0.012300,-0.030670,-1.549930,ndi
1786511740.519708,26.317971,-0.012290,-0.030670,-1.549890,ndi
1786511740.534743,26.333005,-0.012290,-0.030680,-1.549920,ndi
1786511740.552171,26.350434,-0.012280,-0.030660,-1.549920,ndi
1786511740.569674,26.367936,-0.012290,-0.030660,-1.549950,ndi
1786511740.587192,26.385455,-0.012280,-0.030670,-1.549960,ndi
1786511740.602171,26.400434,-0.012270,-0.030670,-1.549900,ndi
1786511740.619689,26.417951,-0.012280,-0.030660,-1.549970,ndi
1786511740.634706,26.432969,-0.012270,-0.030660,-1.549940,ndi
1786511740.652189,26.450452,-0.012260,-0.030670,-1.549950,ndi
1786511740.669661,26.467923,-0.012260,-0.030670,-1.549970,ndi
1786511740.684686,26.482949,-0.012270,-0.030670,-1.549980,ndi
1786511740.702192,26.500454,-0.012250,-0.030660,-1.549970,ndi
1786511740.719755,26.518018,-0.012250,-0.030660,-1.549970,ndi
1786511740.734757,26.533020,-0.012260,-0.030660,-1.549960,ndi
1786511740.752199,26.550462,-0.012230,-0.030660,-1.550000,ndi
1786511740.769654,26.567916,-0.012240,-0.030660,-1.550000,ndi
1786511740.787227,26.585489,-0.012250,-0.030650,-1.550000,ndi
1786511740.802203,26.600465,-0.012240,-0.030660,-1.550010,ndi
1786511740.819709,26.617971,-0.012240,-0.030660,-1.550000,ndi
1786511740.837197,26.635460,-0.012240,-0.030660,-1.550010,ndi
1786511740.852217,26.650480,-0.012210,-0.030650,-1.549980,ndi
1786511740.869702,26.667965,-0.012230,-0.030660,-1.549990,ndi
1786511740.887173,26.685436,-0.012220,-0.030650,-1.550010,ndi
1786511740.902196,26.700459,-0.012220,-0.030650,-1.549990,ndi
1786511740.919715,26.717978,-0.012220,-0.030650,-1.550010,ndi
1786511740.934798,26.733061,-0.012220,-0.030650,-1.550010,ndi
1786511740.952181,26.750443,-0.012200,-0.030660,-1.549990,ndi
1786511740.969682,26.767945,-0.012220,-0.030660,-1.550000,ndi
1786511740.984733,26.782995,-0.012220,-0.030640,-1.550030,ndi
1786511741.002211,26.800474,-0.012210,-0.030650,-1.550040,ndi
1786511741.019688,26.817951,-0.012220,-0.030660,-1.550020,ndi
1786511741.037172,26.835435,-0.012220,-0.030650,-1.550030,ndi
1786511741.052191,26.850454,-0.012210,-0.030640,-1.550040,ndi
1786511741.069687,26.867950,-0.012220,-0.030660,-1.550020,ndi
1786511741.087175,26.885437,-0.012180,-0.030650,-1.550030,ndi
1786511741.102227,26.900490,-0.012190,-0.030650,-1.550050,ndi
1786511741.119723,26.917986,-0.012190,-0.030640,-1.550060,ndi
1786511741.137196,26.935459,-0.012180,-0.030660,-1.550080,ndi
1786511741.152193,26.950456,-0.012190,-0.030660,-1.550060,ndi
1786511741.169699,26.967961,-0.012180,-0.030650,-1.550120,ndi
1786511741.184719,26.982982,-0.012180,-0.030640,-1.550110,ndi
1786511741.202198,27.000461,-0.012180,-0.030650,-1.550080,ndi
1786511741.219689,27.017951,-0.012170,-0.030660,-1.550080,ndi
1786511741.234830,27.033092,-0.012160,-0.030660,-1.550080,ndi
1786511741.252180,27.050443,-0.012160,-0.030650,-1.550080,ndi
1786511741.269683,27.067946,-0.012170,-0.030660,-1.550080,ndi
1786511741.287230,27.085492,-0.012150,-0.030660,-1.550110,ndi
1786511741.302215,27.100477,-0.012150,-0.030650,-1.550100,ndi
1786511741.319711,27.117973,-0.012160,-0.030650,-1.550130,ndi
1786511741.334823,27.133086,-0.012130,-0.030660,-1.550090,ndi
1786511741.352204,27.150466,-0.012140,-0.030660,-1.550130,ndi
1786511741.369716,27.167979,-0.012150,-0.030640,-1.550110,ndi
1786511741.384754,27.183017,-0.012130,-0.030640,-1.550080,ndi
1786511741.402223,27.200485,-0.012120,-0.030660,-1.550110,ndi
1786511741.419710,27.217973,-0.012140,-0.030650,-1.550140,ndi
1786511741.434753,27.233016,-0.012130,-0.030650,-1.550130,ndi
1786511741.452200,27.250463,-0.012110,-0.030660,-1.550140,ndi
1786511741.469686,27.267949,-0.012110,-0.030660,-1.550150,ndi
1786511741.484827,27.283089,-0.012110,-0.030660,-1.550140,ndi
1786511741.502202,27.300465,-0.012110,-0.030650,-1.550160,ndi
1786511741.519704,27.317967,-0.012100,-0.030650,-1.550140,ndi
1786511741.534723,27.332986,-0.012090,-0.030670,-1.550100,ndi
1786511741.552201,27.350464,-0.012110,-0.030660,-1.550170,ndi
1786511741.569702,27.367965,-0.012100,-0.030640,-1.550150,ndi
1786511741.587178,27.385440,-0.012100,-0.030660,-1.550170,ndi
1786511741.602183,27.400446,-0.012100,-0.030670,-1.550210,ndi
1786511741.619691,27.417954,-0.012080,-0.030660,-1.550180,ndi
1786511741.634791,27.433053,-0.012090,-0.030650,-1.550190,ndi
1786511741.652205,27.450468,-0.012090,-0.030670,-1.550220,ndi
1786511741.669697,27.467959,-0.012080,-0.030670,-1.550240,ndi
1786511741.684741,27.483004,-0.012070,-0.030660,-1.550250,ndi
1786511741.702226,27.500489,-0.012060,-0.030650,-1.550240,ndi
1786511741.719764,27.518027,-0.012070,-0.030680,-1.550310,ndi
1786511741.734744,27.533006,-0.012050,-0.030670,-1.550240,ndi
1786511741.752248,27.550510,-0.012070,-0.030650,-1.550280,ndi
1786511741.769717,27.567980,-0.012060,-0.030660,-1.550300,ndi
1786511741.784786,27.583049,-0.012060,-0.030680,-1.550280,ndi
1786511741.802225,27.600487,-0.012060,-0.030670,-1.550280,ndi
1786511741.819709,27.617971,-0.012050,-0.030660,-1.550300,ndi
1786511741.834736,27.632999,-0.012050,-0.030670,-1.550290,ndi
1786511741.852192,27.650454,-0.012040,-0.030690,-1.550300,ndi
1786511741.869714,27.667977,-0.012030,-0.030680,-1.550320,ndi
1786511741.884734,27.682997,-0.012020,-0.030660,-1.550300,ndi
1786511741.902202,27.700465,-0.012020,-0.030670,-1.550290,ndi
1786511741.919771,27.718033,-0.012020,-0.030700,-1.550330,ndi
1786511741.934804,27.733067,-0.012010,-0.030680,-1.550310,ndi
1786511741.952223,27.750486,-0.012020,-0.030650,-1.550320,ndi
1786511741.969700,27.767963,-0.012020,-0.030690,-1.550340,ndi
1786511741.984728,27.782990,-0.012000,-0.030700,-1.550360,ndi
1786511742.002203,27.800466,-0.012000,-0.030670,-1.550350,ndi
1786511742.019702,27.817965,-0.012000,-0.030660,-1.550320,ndi
1786511742.034752,27.833015,-0.012000,-0.030680,-1.550340,ndi
1786511742.052204,27.850467,-0.011970,-0.030700,-1.550320,ndi
1786511742.069718,27.867980,-0.011980,-0.030670,-1.550330,ndi
1786511742.084782,27.883045,-0.011970,-0.030670,-1.550330,ndi
1786511742.102216,27.900479,-0.011970,-0.030690,-1.550340,ndi
1786511742.119781,27.918043,-0.011960,-0.030700,-1.550320,ndi
1786511742.137202,27.935465,-0.011970,-0.030670,-1.550320,ndi
1786511742.152214,27.950476,-0.011980,-0.030670,-1.550330,ndi
1786511742.169736,27.967999,-0.011970,-0.030690,-1.550300,ndi
1786511742.184739,27.983002,-0.011960,-0.030700,-1.550310,ndi
1786511742.202204,28.000467,-0.011970,-0.030670,-1.550310,ndi
1786511742.219714,28.017977,-0.011940,-0.030680,-1.550320,ndi
1786511742.234720,28.032982,-0.011960,-0.030700,-1.550330,ndi
1786511742.252195,28.050458,-0.011940,-0.030710,-1.550350,ndi
1786511742.269712,28.067975,-0.011940,-0.030670,-1.550330,ndi
1786511742.284747,28.083009,-0.011940,-0.030680,-1.550320,ndi
1786511742.302196,28.100458,-0.011930,-0.030710,-1.550310,ndi
1786511742.319894,28.118156,-0.011920,-0.030700,-1.550300,ndi
1786511742.337210,28.135473,-0.011930,-0.030680,-1.550330,ndi
1786511742.352208,28.150470,-0.011950,-0.030690,-1.550300,ndi
1786511742.369709,28.167971,-0.011940,-0.030710,-1.550350,ndi
1786511742.384730,28.182992,-0.011950,-0.030690,-1.550310,ndi
1786511742.402216,28.200479,-0.011940,-0.030680,-1.550360,ndi
1786511742.419723,28.217986,-0.011940,-0.030700,-1.550290,ndi
1786511742.434736,28.232998,-0.011950,-0.030710,-1.550320,ndi
1786511742.452221,28.250484,-0.011940,-0.030690,-1.550320,ndi
1786511742.469731,28.267994,-0.011930,-0.030680,-1.550330,ndi
1786511742.484760,28.283023,-0.011950,-0.030700,-1.550310,ndi
1786511742.502207,28.300470,-0.011930,-0.030710,-1.550310,ndi
1786511742.519702,28.317965,-0.011940,-0.030690,-1.550320,ndi
1786511742.537224,28.335486,-0.011940,-0.030680,-1.550300,ndi
1786511742.552212,28.350474,-0.011950,-0.030700,-1.550350,ndi
1786511742.569716,28.367979,-0.011950,-0.030720,-1.550350,ndi
1786511742.584724,28.382987,-0.011950,-0.030680,-1.550320,ndi
1786511742.602216,28.400479,-0.011950,-0.030680,-1.550310,ndi
1786511742.619731,28.417993,-0.011950,-0.030710,-1.550280,ndi
1786511742.634744,28.433007,-0.011950,-0.030710,-1.550300,ndi
1786511742.652232,28.450495,-0.011940,-0.030690,-1.550270,ndi
1786511742.669721,28.467983,-0.011940,-0.030690,-1.550310,ndi
1786511742.684753,28.483015,-0.011940,-0.030700,-1.550320,ndi
1786511742.702206,28.500469,-0.011930,-0.030710,-1.550290,ndi
1786511742.719743,28.518006,-0.011940,-0.030690,-1.550280,ndi
1786511742.734833,28.533096,-0.011940,-0.030690,-1.550300,ndi
1786511742.752213,28.550475,-0.011950,-0.030700,-1.550290,ndi
1786511742.769724,28.567987,-0.011940,-0.030700,-1.550310,ndi
1786511742.784750,28.583012,-0.011940,-0.030690,-1.550310,ndi
1786511742.802227,28.600489,-0.011940,-0.030690,-1.550290,ndi
1786511742.819731,28.617993,-0.011940,-0.030710,-1.550290,ndi
1786511742.834738,28.633001,-0.011920,-0.030700,-1.550300,ndi
1786511742.852252,28.650515,-0.011920,-0.030690,-1.550260,ndi
1786511742.869720,28.667983,-0.011930,-0.030690,-1.550280,ndi
1786511742.884755,28.683018,-0.011940,-0.030660,-1.550270,ndi
1786511742.902229,28.700491,-0.011940,-0.030640,-1.550250,ndi
1786511742.919725,28.717988,-0.011960,-0.030620,-1.550250,ndi
1786511742.934804,28.733067,-0.011950,-0.030610,-1.550270,ndi
1786511742.952248,28.750510,-0.011950,-0.030610,-1.550250,ndi
1786511742.969747,28.768010,-0.011970,-0.030590,-1.550290,ndi
1786511742.984737,28.783000,-0.011950,-0.030570,-1.550240,ndi
1786511743.002242,28.800505,-0.011960,-0.030550,-1.550230,ndi
1786511743.020069,28.818332,-0.011960,-0.030540,-1.550210,ndi
1786511743.034740,28.833003,-0.011950,-0.030510,-1.550230,ndi
1786511743.052220,28.850482,-0.011970,-0.030470,-1.550210,ndi
1786511743.069728,28.867991,-0.011980,-0.030460,-1.550190,ndi
1786511743.084738,28.883000,-0.011980,-0.030440,-1.550210,ndi
1786511743.102220,28.900483,-0.011980,-0.030410,-1.550180,ndi
1786511743.119744,28.918006,-0.012000,-0.030380,-1.550190,ndi
1786511743.134774,28.933036,-0.012010,-0.030370,-1.550190,ndi
1786511743.152218,28.950481,-0.012010,-0.030360,-1.550160,ndi
1786511743.169717,28.967979,-0.012010,-0.030330,-1.550140,ndi
1786511743.184760,28.983022,-0.012010,-0.030310,-1.550160,ndi
1786511743.202206,29.000468,-0.012020,-0.030310,-1.550140,ndi
1786511743.219730,29.017992,-0.012020,-0.030300,-1.550140,ndi
1786511743.234873,29.033136,-0.012020,-0.030250,-1.550100,ndi
1786511743.252228,29.050491,-0.012040,-0.030220,-1.550120,ndi
1786511743.269713,29.067975,-0.012040,-0.030200,-1.550100,ndi
1786511743.284732,29.082995,-0.012040,-0.030190,-1.550050,ndi
1786511743.302203,29.100465,-0.012060,-0.030150,-1.550040,ndi
1786511743.319809,29.118071,-0.012070,-0.030110,-1.550060,ndi
1786511743.334772,29.133035,-0.012080,-0.030080,-1.550050,ndi
1786511743.352244,29.150506,-0.012080,-0.030060,-1.549960,ndi
1786511743.369722,29.167984,-0.012090,-0.030020,-1.549940,ndi
1786511743.384757,29.183019,-0.012100,-0.029990,-1.549940,ndi
1786511743.402238,29.200500,-0.012100,-0.029970,-1.549930,ndi
1786511743.419740,29.218003,-0.012100,-0.029940,-1.549890,ndi
1786511743.434767,29.233030,-0.012110,-0.029900,-1.549870,ndi
1786511743.452236,29.250499,-0.012120,-0.029880,-1.549840,ndi
1786511743.469733,29.267996,-0.012120,-0.029870,-1.549810,ndi
1786511743.484781,29.283044,-0.012130,-0.029830,-1.549750,ndi
1786511743.502231,29.300494,-0.012150,-0.029780,-1.549790,ndi
1786511743.519751,29.318014,-0.012160,-0.029760,-1.549740,ndi
1786511743.534792,29.333055,-0.012160,-0.029750,-1.549750,ndi
1786511743.552241,29.350504,-0.012160,-0.029710,-1.549690,ndi
1786511743.569734,29.367996,-0.012170,-0.029670,-1.549710,ndi
1786511743.584775,29.383038,-0.012170,-0.029660,-1.549680,ndi
1786511743.602222,29.400485,-0.012170,-0.029640,-1.549660,ndi
1786511743.619731,29.417993,-0.012160,-0.029620,-1.549650,ndi
1786511743.634763,29.433026,-0.012140,-0.029600,-1.549640,ndi
1786511743.652251,29.450514,-0.012160,-0.029590,-1.549600,ndi
1786511743.669725,29.467987,-0.012150,-0.029580,-1.549570,ndi
1786511743.684744,29.483007,-0.012130,-0.029560,-1.549540,ndi
1786511743.702236,29.500498,-0.012150,-0.029510,-1.549510,ndi
1786511743.719802,29.518064,-0.012150,-0.029500,-1.549530,ndi
1786511743.734813,29.533076,-0.012150,-0.029480,-1.549510,ndi
1786511743.752321,29.550584,-0.012150,-0.029430,-1.549490,ndi
1786511743.769735,29.567998,-0.012150,-0.029390,-1.549430,ndi
1786511743.784731,29.582994,-0.012150,-0.029380,-1.549400,ndi
1786511743.802218,29.600481,-0.012140,-0.029360,-1.549370,ndi
1786511743.819725,29.617987,-0.012160,-0.029290,-1.549310,ndi
1786511743.834783,29.633046,-0.012150,-0.029260,-1.549350,ndi
1786511743.852246,29.650508,-0.012160,-0.029250,-1.549310,ndi
1786511743.869732,29.667994,-0.012160,-0.029220,-1.549300,ndi
1786511743.884768,29.683030,-0.012170,-0.029170,-1.549240,ndi
1786511743.902282,29.700544,-0.012180,-0.029120,-1.549190,ndi
1786511743.919732,29.717994,-0.012190,-0.029110,-1.549180,ndi
1786511743.934858,29.733120,-0.012190,-0.029090,-1.549130,ndi
1786511743.952281,29.750543,-0.012200,-0.029030,-1.549080,ndi
1786511743.969753,29.768015,-0.012210,-0.028990,-1.549100,ndi
1786511743.984741,29.783004,-0.012220,-0.028980,-1.549040,ndi
1786511744.002217,29.800480,-0.012200,-0.028960,-1.549040,ndi
1786511744.019781,29.818043,-0.012210,-0.028900,-1.549000,ndi
1786511744.034772,29.833034,-0.012220,-0.028880,-1.548990,ndi
1786511744.052250,29.850513,-0.012230,-0.028870,-1.548980,ndi
1786511744.069734,29.867997,-0.012230,-0.028840,-1.548940,ndi
1786511744.084731,29.882994,-0.012250,-0.028790,-1.548960,ndi
1786511744.102262,29.900524,-0.012250,-0.028770,-1.548970,ndi
1786511744.119730,29.917993,-0.012260,-0.028770,-1.548920,ndi
1786511744.134841,29.933103,-0.012270,-0.028720,-1.548910,ndi
1786511744.152238,29.950501,-0.012270,-0.028670,-1.548860,ndi
1786511744.169730,29.967993,-0.012280,-0.028660,-1.548840,ndi
1786511744.184781,29.983043,-0.012270,-0.028650,-1.548870,ndi
1786511744.202230,30.000493,-0.012270,-0.028600,-1.548850,ndi
1786511744.219758,30.018021,-0.012300,-0.028540,-1.548800,ndi
1786511744.234773,30.033036,-0.012290,-0.028530,-1.548810,ndi
1786511744.252247,30.050510,-0.012300,-0.028520,-1.548780,ndi
1786511744.269762,30.068024,-0.012310,-0.028460,-1.548760,ndi
1786511744.284746,30.083009,-0.012320,-0.028410,-1.548750,ndi
1786511744.302238,30.100501,-0.012340,-0.028400,-1.548750,ndi
1786511744.319751,30.118014,-0.012360,-0.028390,-1.548740,ndi
1786511744.334955,30.133218,-0.012340,-0.028330,-1.548710,ndi
1786511744.352252,30.150515,-0.012350,-0.028280,-1.548670,ndi
1786511744.369747,30.168010,-0.012380,-0.028280,-1.548630,ndi
1786511744.384766,30.183029,-0.012360,-0.028260,-1.548630,ndi
1786511744.402245,30.200507,-0.012370,-0.028210,-1.548570,ndi
1786511744.419761,30.218023,-0.012390,-0.028160,-1.548530,ndi
1786511744.434773,30.233036,-0.012370,-0.028150,-1.548520,ndi
1786511744.452245,30.250507,-0.012390,-0.028130,-1.548460,ndi
1786511744.469746,30.268008,-0.012400,-0.028080,-1.548480,ndi
1786511744.484771,30.283033,-0.012400,-0.028040,-1.548460,ndi
1786511744.502260,30.300522,-0.012420,-0.028020,-1.548430,ndi
1786511744.519749,30.318011,-0.012430,-0.028000,-1.548400,ndi
1786511744.534786,30.333048,-0.012430,-0.027960,-1.548400,ndi
1786511744.552275,30.350538,-0.012430,-0.027910,-1.548360,ndi
1786511744.569728,30.367990,-0.012450,-0.027890,-1.548300,ndi
1786511744.584758,30.383020,-0.012450,-0.027860,-1.548320,ndi
1786511744.602259,30.400522,-0.012450,-0.027810,-1.548300,ndi
1786511744.619781,30.418043,-0.012470,-0.027760,-1.548280,ndi
1786511744.634787,30.433050,-0.012470,-0.027750,-1.548280,ndi
1786511744.652291,30.450553,-0.012480,-0.027710,-1.548220,ndi
1786511744.669758,30.468020,-0.012500,-0.027650,-1.548240,ndi
1786511744.684781,30.483044,-0.012500,-0.027620,-1.548220,ndi
1786511744.702251,30.500514,-0.012520,-0.027600,-1.548200,ndi
1786511744.719835,30.518098,-0.012530,-0.027550,-1.548130,ndi
1786511744.734769,30.533032,-0.012530,-0.027510,-1.548110,ndi
1786511744.752277,30.550539,-0.012530,-0.027470,-1.548060,ndi
1786511744.769754,30.568016,-0.012550,-0.027450,-1.548060,ndi
1786511744.787252,30.585514,-0.012540,-0.027410,-1.548040,ndi
1786511744.802291,30.600553,-0.012550,-0.027360,-1.548010,ndi
1786511744.819774,30.618036,-0.012560,-0.027330,-1.547980,ndi
1786511744.834802,30.633065,-0.012570,-0.027310,-1.547980,ndi
1786511744.852247,30.650510,-0.012570,-0.027260,-1.547930,ndi
1786511744.869732,30.667994,-0.012590,-0.027210,-1.547940,ndi
1786511744.884799,30.683062,-0.012600,-0.027190,-1.547880,ndi
1786511744.902269,30.700531,-0.012610,-0.027170,-1.547880,ndi
1786511744.919775,30.718037,-0.012630,-0.027120,-1.547860,ndi
1786511744.937239,30.735502,-0.012630,-0.027080,-1.547860,ndi
1786511744.952263,30.750526,-0.012630,-0.027060,-1.547830,ndi
1786511744.969744,30.768007,-0.012630,-0.027030,-1.547790,ndi
1786511744.984764,30.783027,-0.012640,-0.026970,-1.547760,ndi
1786511745.002282,30.800545,-0.012660,-0.026940,-1.547790,ndi
1786511745.019767,30.818030,-0.012650,-0.026910,-1.547730,ndi
1786511745.034800,30.833063,-0.012660,-0.026880,-1.547700,ndi
1786511745.052295,30.850558,-0.012680,-0.026830,-1.547700,ndi
1786511745.069776,30.868039,-0.012690,-0.026790,-1.547660,ndi
1786511745.084799,30.883062,-0.012700,-0.026770,-1.547650,ndi
1786511745.102286,30.900549,-0.012700,-0.026740,-1.547650,ndi
1786511745.119784,30.918046,-0.012690,-0.026690,-1.547620,ndi
1786511745.134784,30.933046,-0.012710,-0.026670,-1.547580,ndi
1786511745.152257,30.950519,-0.012720,-0.026640,-1.547560,ndi
1786511745.169744,30.968006,-0.012720,-0.026600,-1.547580,ndi
1786511745.184771,30.983034,-0.012720,-0.026560,-1.547570,ndi
1786511745.202278,31.000541,-0.012720,-0.026530,-1.547540,ndi
1786511745.219763,31.018026,-0.012730,-0.026510,-1.547530,ndi
1786511745.234785,31.033047,-0.012730,-0.026470,-1.547510,ndi
1786511745.252290,31.050553,-0.012750,-0.026420,-1.547480,ndi
1786511745.269771,31.068033,-0.012750,-0.026410,-1.547460,ndi
1786511745.284782,31.083045,-0.012760,-0.026380,-1.547460,ndi
1786511745.302259,31.100521,-0.012780,-0.026320,-1.547420,ndi
1786511745.319764,31.118027,-0.012780,-0.026280,-1.547400,ndi
1786511745.334791,31.133054,-0.012780,-0.026270,-1.547380,ndi
1786511745.352257,31.150519,-0.012790,-0.026240,-1.547370,ndi
1786511745.369764,31.168026,-0.012780,-0.026180,-1.547310,ndi
1786511745.384797,31.183059,-0.012790,-0.026160,-1.547290,ndi
1786511745.402284,31.200547,-0.012800,-0.026150,-1.547260,ndi
1786511745.419760,31.218023,-0.012800,-0.026110,-1.547290,ndi
1786511745.437257,31.235520,-0.012800,-0.026050,-1.547220,ndi
1786511745.452263,31.250525,-0.012820,-0.026020,-1.547200,ndi
1786511745.469760,31.268023,-0.012840,-0.026010,-1.547170,ndi
1786511745.484788,31.283051,-0.012840,-0.025980,-1.547150,ndi
1786511745.502292,31.300555,-0.012860,-0.025910,-1.547160,ndi
1786511745.519757,31.318020,-0.012860,-0.025890,-1.547130,ndi
1786511745.534791,31.333054,-0.012870,-0.025880,-1.547080,ndi
1786511745.552262,31.350525,-0.012870,-0.025830,-1.547080,ndi
1786511745.569765,31.368028,-0.012870,-0.025780,-1.547050,ndi
1786511745.584788,31.383050,-0.012890,-0.025770,-1.547090,ndi
1786511745.602324,31.400587,-0.012900,-0.025750,-1.547030,ndi
1786511745.619774,31.418036,-0.012890,-0.025690,-1.547000,ndi
1786511745.634781,31.433043,-0.012900,-0.025640,-1.546990,ndi
1786511745.652297,31.450559,-0.012920,-0.025630,-1.546970,ndi
1786511745.669758,31.468020,-0.012940,-0.025590,-1.546980,ndi
1786511745.684809,31.483071,-0.012940,-0.025540,-1.546960,ndi
1786511745.702274,31.500537,-0.012940,-0.025500,-1.546960,ndi
1786511745.719867,31.518130,-0.012950,-0.025490,-1.546900,ndi
1786511745.734791,31.533054,-0.012960,-0.025450,-1.546880,ndi
1786511745.752274,31.550536,-0.012980,-0.025400,-1.546850,ndi
1786511745.769764,31.568027,-0.012960,-0.025370,-1.546830,ndi
1786511745.784791,31.583054,-0.012990,-0.025350,-1.546790,ndi
1786511745.802321,31.600584,-0.012980,-0.025310,-1.546790,ndi
1786511745.819767,31.618030,-0.012990,-0.025250,-1.546720,ndi
1786511745.834786,31.633049,-0.013000,-0.025220,-1.546670,ndi
1786511745.852330,31.650592,-0.013010,-0.025200,-1.546660,ndi
1786511745.869794,31.668056,-0.013010,-0.025150,-1.546670,ndi
1786511745.884794,31.683056,-0.013020,-0.025100,-1.546630,ndi
1786511745.902272,31.700534,-0.013030,-0.025080,-1.546650,ndi
1786511745.919771,31.718034,-0.013030,-0.025060,-1.546630,ndi
1786511745.934785,31.733048,-0.013030,-0.025010,-1.546580,ndi
1786511745.952290,31.750553,-0.013030,-0.024950,-1.546600,ndi
1786511745.969791,31.768054,-0.013040,-0.024950,-1.546580,ndi
1786511745.984807,31.783070,-0.013030,-0.024920,-1.546560,ndi
1786511746.002281,31.800544,-0.013060,-0.024860,-1.546550,ndi
1786511746.019830,31.818093,-0.013060,-0.024810,-1.546510,ndi
1786511746.034772,31.833035,-0.013070,-0.024790,-1.546510,ndi
1786511746.052405,31.850667,-0.013090,-0.024740,-1.546460,ndi
1786511746.069800,31.868063,-0.013090,-0.024690,-1.546470,ndi
1786511746.084824,31.883086,-0.013090,-0.024690,-1.546480,ndi
1786511746.102291,31.900554,-0.013100,-0.024710,-1.546500,ndi
1786511746.119825,31.918087,-0.013090,-0.024700,-1.546490,ndi
1786511746.134806,31.933068,-0.013070,-0.024670,-1.546490,ndi
1786511746.152278,31.950541,-0.013070,-0.024630,-1.546430,ndi
1786511746.169784,31.968046,-0.013100,-0.024620,-1.546430,ndi
1786511746.184803,31.983065,-0.013090,-0.024580,-1.546420,ndi
1786511746.202285,32.000547,-0.013100,-0.024520,-1.546370,ndi
1786511746.219784,32.018047,-0.013110,-0.024500,-1.546340,ndi
1786511746.234770,32.033032,-0.013120,-0.024480,-1.546310,ndi
1786511746.252385,32.050648,-0.013140,-0.024440,-1.546310,ndi
1786511746.269807,32.068069,-0.013140,-0.024390,-1.546240,ndi
1786511746.284819,32.083081,-0.013140,-0.024370,-1.546250,ndi
1786511746.302278,32.100541,-0.013140,-0.024340,-1.546200,ndi
1786511746.319762,32.118025,-0.013150,-0.024280,-1.546180,ndi
1786511746.334790,32.133053,-0.013160,-0.024250,-1.546170,ndi
1786511746.352263,32.150526,-0.013150,-0.024240,-1.546140,ndi
1786511746.369784,32.168047,-0.013160,-0.024210,-1.546120,ndi
1786511746.384814,32.183077,-0.013170,-0.024160,-1.546140,ndi
1786511746.402321,32.200583,-0.013170,-0.024130,-1.546110,ndi
1786511746.419775,32.218037,-0.013180,-0.024110,-1.546090,ndi
1786511746.434799,32.233062,-0.013200,-0.024070,-1.546080,ndi
1786511746.452384,32.250647,-0.013190,-0.024030,-1.546030,ndi
1786511746.469793,32.268056,-0.013200,-0.023980,-1.546040,ndi
1786511746.484816,32.283079,-0.013210,-0.023970,-1.546040,ndi
1786511746.502299,32.300562,-0.013210,-0.023920,-1.546000,ndi
1786511746.519776,32.318039,-0.013220,-0.023870,-1.545980,ndi
1786511746.534810,32.333072,-0.013230,-0.023840,-1.545970,ndi
1786511746.552279,32.350542,-0.013230,-0.023820,-1.545980,ndi
1786511746.569792,32.368055,-0.013230,-0.023770,-1.545950,ndi
1786511746.584811,32.383073,-0.013240,-0.023730,-1.545900,ndi
1786511746.602279,32.400541,-0.013240,-0.023710,-1.545910,ndi
1786511746.619792,32.418054,-0.013260,-0.023670,-1.545850,ndi
1786511746.634802,32.433065,-0.013270,-0.023620,-1.545840,ndi
1786511746.652579,32.450841,-0.013270,-0.023600,-1.545830,ndi
1786511746.669823,32.468085,-0.013280,-0.023570,-1.545770,ndi
1786511746.684830,32.483093,-0.013280,-0.023530,-1.545780,ndi
1786511746.702304,32.500567,-0.013290,-0.023480,-1.545750,ndi
1786511746.719818,32.518081,-0.013300,-0.023450,-1.545700,ndi
1786511746.734826,32.533089,-0.013280,-0.023430,-1.545730,ndi
1786511746.752325,32.550587,-0.013290,-0.023380,-1.545680,ndi
1786511746.769807,32.568070,-0.013300,-0.023340,-1.545680,ndi
1786511746.784795,32.583058,-0.013300,-0.023310,-1.545650,ndi
1786511746.802307,32.600570,-0.013290,-0.023290,-1.545640,ndi
1786511746.819785,32.618048,-0.013320,-0.023230,-1.545650,ndi
1786511746.834803,32.633065,-0.013330,-0.023170,-1.545610,ndi
1786511746.852305,32.650568,-0.013340,-0.023150,-1.545590,ndi
1786511746.869800,32.668062,-0.013350,-0.023120,-1.545580,ndi
1786511746.884811,32.683073,-0.013340,-0.023080,-1.545540,ndi
1786511746.902304,32.700567,-0.013340,-0.023020,-1.545520,ndi
1786511746.919793,32.718056,-0.013360,-0.023000,-1.545520,ndi
1786511746.934799,32.733062,-0.013350,-0.022970,-1.545490,ndi
1786511746.952320,32.750583,-0.013360,-0.022900,-1.545500,ndi
1786511746.969815,32.768077,-0.013370,-0.022870,-1.545450,ndi
1786511746.984795,32.783057,-0.013360,-0.022870,-1.545430,ndi
1786511747.002308,32.800570,-0.013370,-0.022820,-1.545440,ndi
1786511747.019802,32.818065,-0.013380,-0.022750,-1.545420,ndi
1786511747.034810,32.833073,-0.013390,-0.022740,-1.545400,ndi
1786511747.052304,32.850567,-0.013390,-0.022710,-1.545360,ndi
1786511747.069825,32.868088,-0.013400,-0.022650,-1.545380,ndi
1786511747.084822,32.883084,-0.013400,-0.022610,-1.545350,ndi
1786511747.102287,32.900550,-0.013410,-0.022590,-1.545320,ndi
1786511747.119766,32.918028,-0.013430,-0.022560,-1.545310,ndi
1786511747.134804,32.933067,-0.013420,-0.022520,-1.545310,ndi
1786511747.152298,32.950561,-0.013420,-0.022460,-1.545250,ndi
1786511747.169795,32.968057,-0.013430,-0.022440,-1.545270,ndi
1786511747.184854,32.983116,-0.013430,-0.022420,-1.545230,ndi
1786511747.202292,33.000555,-0.013440,-0.022360,-1.545190,ndi
1786511747.219801,33.018064,-0.013450,-0.022310,-1.545180,ndi
1786511747.234807,33.033070,-0.013450,-0.022300,-1.545160,ndi
1786511747.252295,33.050558,-0.013460,-0.022280,-1.545160,ndi
1786511747.269831,33.068093,-0.013460,-0.022220,-1.545170,ndi
1786511747.284812,33.083075,-0.013450,-0.022170,-1.545130,ndi
1786511747.302275,33.100537,-0.013470,-0.022150,-1.545100,ndi
1786511747.319794,33.118057,-0.013460,-0.022120,-1.545080,ndi
1786511747.334816,33.133079,-0.013470,-0.022060,-1.545040,ndi
1786511747.352314,33.150577,-0.013470,-0.022020,-1.545050,ndi
1786511747.369779,33.168041,-0.013470,-0.022010,-1.545020,ndi
1786511747.384803,33.183065,-0.013470,-0.021980,-1.544990,ndi
1786511747.402279,33.200541,-0.013480,-0.021920,-1.545010,ndi
1786511747.419817,33.218079,-0.013480,-0.021880,-1.544990,ndi
1786511747.434809,33.233072,-0.013490,-0.021870,-1.544980,ndi
1786511747.452320,33.250582,-0.013500,-0.021830,-1.544980,ndi
1786511747.469810,33.268072,-0.013500,-0.021780,-1.544950,ndi
1786511747.484828,33.283091,-0.013500,-0.021750,-1.544920,ndi
1786511747.502299,33.300561,-0.013510,-0.021720,-1.544920,ndi
1786511747.519794,33.318057,-0.013500,-0.021680,-1.544910,ndi
1786511747.534810,33.333072,-0.013500,-0.021630,-1.544860,ndi
1786511747.552300,33.350563,-0.013510,-0.021600,-1.544860,ndi
1786511747.569810,33.368073,-0.013520,-0.021580,-1.544810,ndi
1786511747.584790,33.383052,-0.013500,-0.021540,-1.544780,ndi
1786511747.602335,33.400598,-0.013530,-0.021480,-1.544760,ndi
1786511747.619803,33.418066,-0.013530,-0.021450,-1.544760,ndi
1786511747.634809,33.433072,-0.013530,-0.021430,-1.544720,ndi
1786511747.652320,33.450583,-0.013530,-0.021380,-1.544720,ndi
1786511747.669818,33.468080,-0.013540,-0.021340,-1.544700,ndi
1786511747.684803,33.483065,-0.013540,-0.021320,-1.544700,ndi
1786511747.702308,33.500571,-0.013550,-0.021280,-1.544690,ndi
1786511747.719834,33.518097,-0.013540,-0.021230,-1.544690,ndi
1786511747.734853,33.533115,-0.013540,-0.021190,-1.544680,ndi
1786511747.752308,33.550571,-0.013550,-0.021150,-1.544630,ndi
1786511747.769811,33.568074,-0.013550,-0.021110,-1.544640,ndi
1786511747.784826,33.583088,-0.013550,-0.021070,-1.544630,ndi
1786511747.802306,33.600569,-0.013560,-0.021030,-1.544610,ndi
1786511747.819816,33.618079,-0.013570,-0.020990,-1.544600,ndi
1786511747.834824,33.633087,-0.013570,-0.020950,-1.544600,ndi
1786511747.852319,33.650582,-0.013580,-0.020900,-1.544560,ndi
1786511747.869849,33.668111,-0.013580,-0.020860,-1.544550,ndi
1786511747.884831,33.683093,-0.013580,-0.020830,-1.544520,ndi
1786511747.902294,33.700556,-0.013560,-0.020790,-1.544510,ndi
1786511747.919828,33.718091,-0.013570,-0.020740,-1.544460,ndi
1786511747.934844,33.733107,-0.013590,-0.020710,-1.544450,ndi
1786511747.952327,33.750590,-0.013580,-0.020680,-1.544420,ndi
1786511747.969831,33.768094,-0.013570,-0.020640,-1.544400,ndi
1786511747.984939,33.783202,-0.013590,-0.020600,-1.544390,ndi
1786511748.002322,33.800585,-0.013600,-0.020560,-1.544390,ndi
1786511748.019828,33.818091,-0.013600,-0.020510,-1.544330,ndi
1786511748.034830,33.833092,-0.013610,-0.020470,-1.544320,ndi
1786511748.052288,33.850550,-0.013610,-0.020430,-1.544310,ndi
1786511748.069865,33.868128,-0.013600,-0.020390,-1.544290,ndi
1786511748.084831,33.883093,-0.013600,-0.020360,-1.544290,ndi
1786511748.102297,33.900559,-0.013600,-0.020320,-1.544300,ndi
1786511748.119834,33.918097,-0.013600,-0.020280,-1.544290,ndi
1786511748.134847,33.933109,-0.013610,-0.020240,-1.544240,ndi
1786511748.152303,33.950566,-0.013610,-0.020210,-1.544230,ndi
1786511748.169824,33.968086,-0.013590,-0.020170,-1.544240,ndi
1786511748.184805,33.983068,-0.013610,-0.020130,-1.544230,ndi
1786511748.202312,34.000575,-0.013610,-0.020100,-1.544220,ndi
1786511748.219834,34.018096,-0.013610,-0.020060,-1.544190,ndi
1786511748.234812,34.033074,-0.013610,-0.020020,-1.544140,ndi
1786511748.252301,34.050564,-0.013630,-0.019980,-1.544180,ndi
1786511748.269832,34.068094,-0.013610,-0.019940,-1.544120,ndi
1786511748.284841,34.083103,-0.013610,-0.019900,-1.544110,ndi
1786511748.302321,34.100584,-0.013610,-0.019870,-1.544090,ndi
1786511748.319837,34.118099,-0.013600,-0.019840,-1.544070,ndi
1786511748.334841,34.133104,-0.013610,-0.019800,-1.544030,ndi
1786511748.352309,34.150571,-0.013610,-0.019750,-1.544010,ndi
1786511748.369842,34.168104,-0.013620,-0.019720,-1.543970,ndi
1786511748.384850,34.183113,-0.013620,-0.019690,-1.543980,ndi
1786511748.402330,34.200593,-0.013620,-0.019650,-1.543950,ndi
1786511748.419839,34.218102,-0.013630,-0.019620,-1.543940,ndi
1786511748.434861,34.233123,-0.013620,-0.019580,-1.543950,ndi
1786511748.452332,34.250595,-0.013630,-0.019540,-1.543920,ndi
1786511748.469849,34.268112,-0.013630,-0.019500,-1.543940,ndi
1786511748.484850,34.283113,-0.013620,-0.019470,-1.543920,ndi
1786511748.502338,34.300601,-0.013630,-0.019420,-1.543900,ndi
1786511748.519841,34.318104,-0.013620,-0.019380,-1.543870,ndi
1786511748.534840,34.333102,-0.013630,-0.019350,-1.543910,ndi
1786511748.552328,34.350590,-0.013620,-0.019310,-1.543850,ndi
1786511748.569791,34.368054,-0.013630,-0.019260,-1.543820,ndi
1786511748.584824,34.383086,-0.013650,-0.019220,-1.543840,ndi
1786511748.602334,34.400597,-0.013640,-0.019170,-1.543820,ndi
1786511748.619823,34.418085,-0.013630,-0.019140,-1.543800,ndi
1786511748.634837,34.433100,-0.013650,-0.019100,-1.543850,ndi
1786511748.652328,34.450590,-0.013640,-0.019050,-1.543780,ndi
1786511748.669865,34.468128,-0.013650,-0.019000,-1.543740,ndi
1786511748.684863,34.483126,-0.013650,-0.018980,-1.543730,ndi
1786511748.702334,34.500597,-0.013640,-0.018940,-1.543670,ndi
1786511748.719848,34.518110,-0.013650,-0.018900,-1.543660,ndi
1786511748.734861,34.533123,-0.013650,-0.018860,-1.543660,ndi
1786511748.752316,34.550579,-0.013660,-0.018820,-1.543630,ndi
1786511748.769839,34.568101,-0.013660,-0.018770,-1.543630,ndi
1786511748.784866,34.583129,-0.013680,-0.018730,-1.543630,ndi
1786511748.802366,34.600629,-0.013670,-0.018700,-1.543630,ndi
1786511748.819842,34.618104,-0.013680,-0.018650,-1.543590,ndi
1786511748.834854,34.633117,-0.013680,-0.018600,-1.543590,ndi
1786511748.852325,34.650588,-0.013670,-0.018580,-1.543570,ndi
1786511748.869887,34.668150,-0.013680,-0.018530,-1.543550,ndi
1786511748.884841,34.683104,-0.013680,-0.018490,-1.543530,ndi
1786511748.902330,34.700592,-0.013670,-0.018450,-1.543520,ndi
1786511748.919863,34.718126,-0.013670,-0.018410,-1.543480,ndi
1786511748.934854,34.733116,-0.013680,-0.018370,-1.543450,ndi
1786511748.952323,34.750586,-0.013680,-0.018330,-1.543490,ndi
1786511748.969839,34.768101,-0.013680,-0.018290,-1.543440,ndi
1786511748.984849,34.783111,-0.013680,-0.018250,-1.543420,ndi
1786511749.002337,34.800599,-0.013680,-0.018220,-1.543440,ndi
1786511749.019841,34.818103,-0.013670,-0.018160,-1.543390,ndi
1786511749.034889,34.833151,-0.013680,-0.018130,-1.543350,ndi
1786511749.052340,34.850603,-0.013680,-0.018090,-1.543330,ndi
1786511749.070078,34.868341,-0.013680,-0.018050,-1.543340,ndi
1786511749.084867,34.883129,-0.013670,-0.018000,-1.543350,ndi
1786511749.102336,34.900599,-0.013680,-0.017960,-1.543310,ndi
1786511749.119831,34.918093,-0.013670,-0.017930,-1.543290,ndi
1786511749.134861,34.933123,-0.013670,-0.017890,-1.543260,ndi
1786511749.152322,34.950585,-0.013680,-0.017840,-1.543270,ndi
1786511749.169835,34.968097,-0.013670,-0.017810,-1.543270,ndi
1786511749.184875,34.983137,-0.013670,-0.017790,-1.543250,ndi
1786511749.202344,35.000607,-0.013680,-0.017730,-1.543240,ndi
1786511749.219858,35.018121,-0.013670,-0.017680,-1.543240,ndi
1786511749.234841,35.033103,-0.013670,-0.017660,-1.543210,ndi
1786511749.252339,35.050602,-0.013660,-0.017630,-1.543190,ndi
1786511749.269822,35.068084,-0.013640,-0.017570,-1.543170,ndi
1786511749.284902,35.083165,-0.013650,-0.017520,-1.543120,ndi
1786511749.302397,35.100660,-0.013650,-0.017490,-1.543140,ndi
1786511749.319832,35.118094,-0.013640,-0.017470,-1.543130,ndi
1786511749.334845,35.133107,-0.013640,-0.017410,-1.543090,ndi
1786511749.352315,35.150578,-0.013660,-0.017370,-1.543070,ndi
1786511749.369853,35.168116,-0.013660,-0.017340,-1.543030,ndi
1786511749.384860,35.183122,-0.013660,-0.017310,-1.543040,ndi
1786511749.402494,35.200757,-0.013650,-0.017240,-1.543050,ndi
1786511749.419840,35.218103,-0.013650,-0.017200,-1.543050,ndi
1786511749.434855,35.233118,-0.013650,-0.017200,-1.543010,ndi
1786511749.452345,35.250608,-0.013640,-0.017160,-1.542980,ndi
1786511749.469856,35.268118,-0.013640,-0.017090,-1.542980,ndi
1786511749.484888,35.283151,-0.013640,-0.017060,-1.542980,ndi
1786511749.502527,35.300789,-0.013650,-0.017040,-1.542960,ndi
1786511749.519846,35.318108,-0.013630,-0.016990,-1.542960,ndi
1786511749.534860,35.333123,-0.013640,-0.016940,-1.542940,ndi
1786511749.552349,35.350611,-0.013660,-0.016900,-1.542900,ndi
1786511749.569901,35.368163,-0.013640,-0.016870,-1.542900,ndi
1786511749.584953,35.383216,-0.013630,-0.016840,-1.542880,ndi
1786511749.602376,35.400639,-0.013640,-0.016770,-1.542850,ndi
1786511749.619869,35.418132,-0.013640,-0.016740,-1.542830,ndi
1786511749.634841,35.433104,-0.013640,-0.016720,-1.542850,ndi
1786511749.652338,35.450601,-0.013630,-0.016670,-1.542790,ndi
1786511749.669824,35.468086,-0.013620,-0.016600,-1.542760,ndi
1786511749.684888,35.483150,-0.013620,-0.016590,-1.542780,ndi
1786511749.702345,35.500608,-0.013620,-0.016590,-1.542760,ndi
1786511749.719849,35.518111,-0.013610,-0.016560,-1.542750,ndi
1786511749.734879,35.533142,-0.013630,-0.016550,-1.542800,ndi
1786511749.752372,35.550634,-0.013620,-0.016570,-1.542760,ndi
1786511749.769857,35.568120,-0.013620,-0.016570,-1.542770,ndi
1786511749.784876,35.583139,-0.013630,-0.016550,-1.542760,ndi
1786511749.802390,35.600653,-0.013610,-0.016540,-1.542770,ndi
1786511749.819870,35.618133,-0.013610,-0.016560,-1.542770,ndi
1786511749.834876,35.633138,-0.013610,-0.016560,-1.542750,ndi
1786511749.852369,35.650631,-0.013600,-0.016540,-1.542750,ndi
1786511749.869857,35.668119,-0.013590,-0.016540,-1.542770,ndi
1786511749.884875,35.683137,-0.013590,-0.016560,-1.542760,ndi
1786511749.902349,35.700612,-0.013590,-0.016560,-1.542770,ndi
1786511749.919859,35.718122,-0.013580,-0.016540,-1.542780,ndi
1786511749.934879,35.733142,-0.013600,-0.016530,-1.542780,ndi
1786511749.952376,35.750638,-0.013600,-0.016550,-1.542780,ndi
1786511749.969860,35.768123,-0.013580,-0.016550,-1.542780,ndi
1786511749.984903,35.783166,-0.013600,-0.016530,-1.542800,ndi
1786511750.002354,35.800617,-0.013590,-0.016540,-1.542790,ndi
1786511750.019864,35.818127,-0.013580,-0.016560,-1.542800,ndi
1786511750.034839,35.833102,-0.013580,-0.016550,-1.542800,ndi
1786511750.052319,35.850582,-0.013570,-0.016520,-1.542790,ndi
1786511750.069855,35.868118,-0.013580,-0.016540,-1.542810,ndi
1786511750.084885,35.883147,-0.013560,-0.016550,-1.542790,ndi
1786511750.102363,35.900626,-0.013570,-0.016530,-1.542810,ndi
1786511750.119842,35.918105,-0.013570,-0.016530,-1.542790,ndi
1786511750.134837,35.933100,-0.013570,-0.016540,-1.542810,ndi
1786511750.152355,35.950617,-0.013580,-0.016540,-1.542790,ndi
1786511750.169858,35.968120,-0.013570,-0.016530,-1.542800,ndi
1786511750.184921,35.983183,-0.013580,-0.016530,-1.542800,ndi
1786511750.202369,36.000632,-0.013570,-0.016530,-1.542790,ndi
1786511750.219837,36.018100,-0.013570,-0.016540,-1.542800,ndi
1786511750.234876,36.033138,-0.013570,-0.016530,-1.542800,ndi
1786511750.252352,36.050614,-0.013560,-0.016530,-1.542780,ndi
1786511750.269879,36.068141,-0.013570,-0.016540,-1.542790,ndi
1786511750.284868,36.083131,-0.013560,-0.016540,-1.542810,ndi
1786511750.302345,36.100608,-0.013560,-0.016530,-1.542790,ndi
1786511750.319859,36.118122,-0.013560,-0.016530,-1.542800,ndi
1786511750.334902,36.133165,-0.013560,-0.016540,-1.542790,ndi
1786511750.352389,36.150651,-0.013570,-0.016530,-1.542800,ndi
1786511750.369864,36.168127,-0.013560,-0.016520,-1.542810,ndi
1786511750.384928,36.183191,-0.013570,-0.016540,-1.542810,ndi
1786511750.402373,36.200635,-0.013560,-0.016540,-1.542800,ndi
1786511750.419856,36.218118,-0.013560,-0.016530,-1.542800,ndi
1786511750.434855,36.233117,-0.013570,-0.016530,-1.542820,ndi
1786511750.452374,36.250637,-0.013550,-0.016540,-1.542830,ndi
1786511750.469872,36.268134,-0.013560,-0.016540,-1.542800,ndi
1786511750.484866,36.283129,-0.013560,-0.016530,-1.542820,ndi
1786511750.502357,36.300620,-0.013550,-0.016530,-1.542800,ndi
1786511750.520024,36.318286,-0.013560,-0.016540,-1.542820,ndi
1786511750.534892,36.333155,-0.013560,-0.016530,-1.542820,ndi
1786511750.552334,36.350597,-0.013560,-0.016530,-1.542830,ndi
1786511750.569861,36.368123,-0.013560,-0.016530,-1.542800,ndi
1786511750.584929,36.383191,-0.013560,-0.016530,-1.542810,ndi
1786511750.602373,36.400635,-0.013550,-0.016520,-1.542790,ndi
1786511750.619921,36.418184,-0.013550,-0.016520,-1.542800,ndi
1786511750.634867,36.433129,-0.013550,-0.016530,-1.542790,ndi
1786511750.652377,36.450640,-0.013540,-0.016540,-1.542820,ndi
1786511750.669878,36.468140,-0.013540,-0.016520,-1.542800,ndi
1786511750.684859,36.483121,-0.013540,-0.016510,-1.542790,ndi
1786511750.702363,36.500625,-0.013540,-0.016540,-1.542790,ndi
1786511750.719862,36.518124,-0.013540,-0.016540,-1.542820,ndi
1786511750.734898,36.533161,-0.013550,-0.016520,-1.542810,ndi
1786511750.752363,36.550626,-0.013550,-0.016510,-1.542800,ndi
1786511750.769860,36.568122,-0.013550,-0.016540,-1.542820,ndi
1786511750.784948,36.583211,-0.013540,-0.016540,-1.542800,ndi
1786511750.802381,36.600643,-0.013540,-0.016510,-1.542800,ndi
1786511750.819845,36.618108,-0.013540,-0.016510,-1.542780,ndi
1786511750.834871,36.633133,-0.013530,-0.016540,-1.542810,ndi
1786511750.852379,36.650642,-0.013540,-0.016530,-1.542800,ndi
1786511750.869889,36.668152,-0.013530,-0.016510,-1.542810,ndi
1786511750.884912,36.683174,-0.013520,-0.016520,-1.542790,ndi
1786511750.902358,36.700620,-0.013540,-0.016530,-1.542800,ndi
1786511750.919910,36.718173,-0.013540,-0.016530,-1.542790,ndi
1786511750.934893,36.733156,-0.013530,-0.016510,-1.542790,ndi
1786511750.952393,36.750656,-0.013540,-0.016520,-1.542810,ndi
1786511750.969871,36.768134,-0.013540,-0.016540,-1.542790,ndi
1786511750.984927,36.783190,-0.013530,-0.016530,-1.542800,ndi
1786511751.002368,36.800631,-0.013540,-0.016510,-1.542790,ndi
1786511751.019868,36.818130,-0.013530,-0.016530,-1.542790,ndi
1786511751.034868,36.833131,-0.013530,-0.016540,-1.542750,ndi
1786511751.052388,36.850651,-0.013530,-0.016520,-1.542790,ndi
1786511751.069864,36.868127,-0.013520,-0.016510,-1.542810,ndi
1786511751.084857,36.883120,-0.013530,-0.016530,-1.542800,ndi
1786511751.102350,36.900612,-0.013530,-0.016540,-1.542820,ndi
1786511751.119862,36.918125,-0.013540,-0.016510,-1.542800,ndi
1786511751.134898,36.933161,-0.013540,-0.016510,-1.542770,ndi
1786511751.152426,36.950689,-0.013530,-0.016530,-1.542770,ndi
1786511751.169858,36.968120,-0.013540,-0.016530,-1.542760,ndi
1786511751.184876,36.983138,-0.013530,-0.016510,-1.542780,ndi
1786511751.202380,37.000642,-0.013530,-0.016510,-1.542800,ndi
1786511751.219887,37.018150,-0.013520,-0.016530,-1.542760,ndi
1786511751.234913,37.033175,-0.013520,-0.016530,-1.542790,ndi
1786511751.252364,37.050626,-0.013520,-0.016510,-1.542790,ndi
1786511751.269860,37.068122,-0.013520,-0.016510,-1.542790,ndi
1786511751.284886,37.083148,-0.013510,-0.016530,-1.542780,ndi
1786511751.302348,37.100611,-0.013530,-0.016520,-1.542800,ndi
1786511751.319869,37.118132,-0.013530,-0.016510,-1.542800,ndi
1786511751.334880,37.133143,-0.013530,-0.016510,-1.542790,ndi
1786511751.352370,37.150633,-0.013530,-0.016530,-1.542780,ndi
1786511751.369867,37.168130,-0.013530,-0.016510,-1.542780,ndi
1786511751.384894,37.183157,-0.013530,-0.016510,-1.542790,ndi
1786511751.402376,37.200639,-0.013520,-0.016520,-1.542790,ndi
1786511751.419897,37.218159,-0.013520,-0.016520,-1.542780,ndi
1786511751.434886,37.233149,-0.013520,-0.016500,-1.542800,ndi
1786511751.452389,37.250652,-0.013520,-0.016510,-1.542770,ndi
1786511751.469866,37.268129,-0.013510,-0.016520,-1.542770,ndi
1786511751.484873,37.283136,-0.013510,-0.016520,-1.542800,ndi
1786511751.502365,37.300627,-0.013530,-0.016510,-1.542800,ndi
1786511751.519890,37.318153,-0.013530,-0.016520,-1.542780,ndi
1786511751.534881,37.333144,-0.013520,-0.016520,-1.542800,ndi
1786511751.552393,37.350656,-0.013530,-0.016510,-1.542790,ndi
1786511751.569869,37.368132,-0.013520,-0.016510,-1.542810,ndi
1786511751.584838,37.383101,-0.013510,-0.016520,-1.542780,ndi
1786511751.602369,37.400631,-0.013520,-0.016520,-1.542760,ndi
1786511751.619856,37.418119,-0.013500,-0.016510,-1.542780,ndi
1786511751.634888,37.433151,-0.013500,-0.016510,-1.542800,ndi
1786511751.652384,37.450647,-0.013510,-0.016510,-1.542800,ndi
1786511751.669876,37.468139,-0.013500,-0.016520,-1.542790,ndi
1786511751.684895,37.483158,-0.013510,-0.016510,-1.542780,ndi
1786511751.702393,37.500655,-0.013520,-0.016510,-1.542790,ndi
1786511751.719872,37.518135,-0.013520,-0.016520,-1.542800,ndi
1786511751.734899,37.533162,-0.013510,-0.016510,-1.542800,ndi
1786511751.752373,37.550635,-0.013520,-0.016500,-1.542780,ndi
1786511751.769891,37.568154,-0.013510,-0.016510,-1.542800,ndi
1786511751.784873,37.583136,-0.013510,-0.016520,-1.542760,ndi
1786511751.802408,37.600671,-0.013500,-0.016510,-1.542800,ndi
1786511751.819896,37.618158,-0.013510,-0.016510,-1.542800,ndi
1786511751.834888,37.633151,-0.013500,-0.016520,-1.542790,ndi
1786511751.852379,37.650642,-0.013510,-0.016520,-1.542800,ndi
1786511751.869893,37.668155,-0.013500,-0.016510,-1.542760,ndi
1786511751.884887,37.683150,-0.013510,-0.016510,-1.542800,ndi
1786511751.902400,37.700663,-0.013510,-0.016510,-1.542780,ndi
1786511751.919895,37.718157,-0.013510,-0.016510,-1.542790,ndi
1786511751.934932,37.733195,-0.013520,-0.016510,-1.542800,ndi
1786511751.952402,37.750665,-0.013510,-0.016510,-1.542810,ndi
1786511751.969887,37.768150,-0.013510,-0.016510,-1.542810,ndi
1786511751.984892,37.783155,-0.013510,-0.016520,-1.542800,ndi
1786511752.002392,37.800655,-0.013500,-0.016520,-1.542810,ndi
1786511752.019928,37.818190,-0.013500,-0.016510,-1.542790,ndi
1786511752.034913,37.833175,-0.013510,-0.016510,-1.542810,ndi
1786511752.052384,37.850647,-0.013500,-0.016510,-1.542830,ndi
1786511752.069880,37.868142,-0.013500,-0.016510,-1.542790,ndi
1786511752.084886,37.883149,-0.013520,-0.016510,-1.542780,ndi
1786511752.102411,37.900674,-0.013510,-0.016520,-1.542820,ndi
1786511752.119904,37.918166,-0.013510,-0.016510,-1.542830,ndi
1786511752.134914,37.933177,-0.013520,-0.016510,-1.542800,ndi
1786511752.152391,37.950654,-0.013500,-0.016520,-1.542830,ndi
1786511752.169894,37.968157,-0.013510,-0.016510,-1.542810,ndi
1786511752.184908,37.983171,-0.013520,-0.016510,-1.542810,ndi
1786511752.202465,38.000727,-0.013500,-0.016510,-1.542800,ndi
1786511752.219936,38.018198,-0.013490,-0.016510,-1.542810,ndi
1786511752.234948,38.033211,-0.013500,-0.016510,-1.542820,ndi
1786511752.252408,38.050671,-0.013500,-0.016510,-1.542820,ndi
1786511752.269905,38.068168,-0.013510,-0.016510,-1.542810,ndi
1786511752.284924,38.083186,-0.013500,-0.016510,-1.542790,ndi
1786511752.302414,38.100677,-0.013500,-0.016510,-1.542810,ndi
1786511752.319909,38.118172,-0.013500,-0.016510,-1.542810,ndi
1786511752.334915,38.133178,-0.013510,-0.016510,-1.542790,ndi
1786511752.352383,38.150646,-0.013500,-0.016510,-1.542800,ndi
1786511752.369881,38.168144,-0.013490,-0.016510,-1.542800,ndi
1786511752.384897,38.183159,-0.013500,-0.016510,-1.542800,ndi
1786511752.402470,38.200732,-0.013490,-0.016510,-1.542800,ndi
1786511752.419935,38.218197,-0.013480,-0.016510,-1.542800,ndi
1786511752.434926,38.233189,-0.013490,-0.016500,-1.542780,ndi
1786511752.452420,38.250683,-0.013480,-0.016510,-1.542790,ndi
1786511752.469963,38.268225,-0.013490,-0.016510,-1.542800,ndi
1786511752.484992,38.283254,-0.013490,-0.016510,-1.542800,ndi
1786511752.502435,38.300698,-0.013500,-0.016490,-1.542820,ndi
1786511752.519914,38.318176,-0.013490,-0.016500,-1.542810,ndi
1786511752.534924,38.333186,-0.013490,-0.016520,-1.542780,ndi
1786511752.552438,38.350701,-0.013490,-0.016510,-1.542810,ndi
1786511752.569906,38.368169,-0.013490,-0.016500,-1.542800,ndi
1786511752.584903,38.383166,-0.013490,-0.016510,-1.542780,ndi
1786511752.602463,38.400726,-0.013480,-0.016510,-1.542810,ndi
1786511752.619919,38.418182,-0.013480,-0.016500,-1.542780,ndi
1786511752.634904,38.433167,-0.013480,-0.016500,-1.542830,ndi
1786511752.652412,38.450675,-0.013480,-0.016510,-1.542800,ndi
1786511752.669886,38.468149,-0.013490,-0.016510,-1.542800,ndi
1786511752.684914,38.483176,-0.013490,-0.016510,-1.542800,ndi
1786511752.702402,38.500664,-0.013490,-0.016500,-1.542820,ndi
1786511752.719896,38.518158,-0.013500,-0.016500,-1.542800,ndi
1786511752.734904,38.533167,-0.013500,-0.016510,-1.542780,ndi
1786511752.752425,38.550688,-0.013480,-0.016510,-1.542780,ndi
1786511752.769891,38.568154,-0.013490,-0.016490,-1.542790,ndi
1786511752.784902,38.583164,-0.013500,-0.016500,-1.542820,ndi
1786511752.802488,38.600751,-0.013480,-0.016500,-1.542810,ndi
1786511752.819934,38.618196,-0.013490,-0.016500,-1.542810,ndi
1786511752.834903,38.633166,-0.013480,-0.016500,-1.542830,ndi
1786511752.852401,38.650663,-0.013490,-0.016500,-1.542800,ndi
1786511752.869897,38.668159,-0.013500,-0.016500,-1.542800,ndi
1786511752.884923,38.683186,-0.013500,-0.016500,-1.542800,ndi
1786511752.902390,38.700652,-0.013490,-0.016500,-1.542820,ndi
1786511752.919894,38.718157,-0.013500,-0.016510,-1.542830,ndi
1786511752.934917,38.733180,-0.013490,-0.016510,-1.542800,ndi
1786511752.952389,38.750651,-0.013500,-0.016500,-1.542790,ndi
1786511752.969886,38.768149,-0.013490,-0.016490,-1.542790,ndi
1786511752.984881,38.783144,-0.013480,-0.016500,-1.542790,ndi
1786511753.002493,38.800755,-0.013490,-0.016510,-1.542790,ndi
1786511753.019921,38.818183,-0.013480,-0.016490,-1.542810,ndi
1786511753.034901,38.833163,-0.013480,-0.016490,-1.542800,ndi
1786511753.052410,38.850673,-0.013490,-0.016510,-1.542810,ndi
