stamp,elapsed,x,y,z,frame_id
1786504668.784837,0.000000,0.658620,-0.152480,-2.575720,ndi
1786504668.802460,0.017623,0.658660,-0.152480,-2.575640,ndi
1786504668.820140,0.035303,0.658600,-0.152510,-2.575670,ndi
1786504668.834880,0.050043,0.658620,-0.152490,-2.575650,ndi
1786504668.852359,0.067522,0.658640,-0.152490,-2.575770,ndi
1786504668.869827,0.084990,0.658620,-0.152490,-2.575580,ndi
1786504668.887275,0.102438,0.658630,-0.152500,-2.575660,ndi
1786504668.902454,0.117617,0.658610,-0.152480,-2.575690,ndi
1786504668.920143,0.135306,0.658640,-0.152490,-2.575700,ndi
1786504668.937587,0.152750,0.658610,-0.152510,-2.575600,ndi
1786504668.952577,0.167740,0.658610,-0.152500,-2.575590,ndi
1786504668.969702,0.184865,0.658620,-0.152490,-2.575700,ndi
1786504668.984814,0.199977,0.658640,-0.152480,-2.575660,ndi
1786504669.002376,0.217539,0.658630,-0.152490,-2.575600,ndi
1786504669.019923,0.235086,0.658590,-0.152470,-2.575640,ndi
1786504669.037378,0.252541,0.658610,-0.152480,-2.575610,ndi
1786504669.052353,0.267516,0.658590,-0.152490,-2.575530,ndi
1786504669.069768,0.284931,0.658620,-0.152480,-2.575670,ndi
1786504669.084807,0.299970,0.658610,-0.152490,-2.575680,ndi
1786504669.102511,0.317674,0.658590,-0.152470,-2.575550,ndi
1786504669.120098,0.335261,0.658630,-0.152490,-2.575660,ndi
1786504669.137624,0.352787,0.658630,-0.152500,-2.575690,ndi
1786504669.152619,0.367782,0.658600,-0.152470,-2.575570,ndi
1786504669.169693,0.384856,0.658640,-0.152480,-2.575680,ndi
1786504669.184815,0.399978,0.658640,-0.152480,-2.575630,ndi
1786504669.202600,0.417763,0.658610,-0.152490,-2.575640,ndi
1786504669.220168,0.435331,0.658640,-0.152470,-2.575670,ndi
1786504669.237567,0.452730,0.658650,-0.152490,-2.575670,ndi
1786504669.252515,0.467678,0.658540,-0.152500,-2.575490,ndi
1786504669.269845,0.485008,0.658630,-0.152470,-2.575750,ndi
1786504669.287377,0.502540,0.658580,-0.152470,-2.575540,ndi
1786504669.302440,0.517603,0.658610,-0.152480,-2.575580,ndi
1786504669.319881,0.535044,0.658560,-0.152480,-2.575540,ndi
1786504669.337449,0.552612,0.658610,-0.152470,-2.575670,ndi
1786504669.352372,0.567535,0.658590,-0.152470,-2.575500,ndi
1786504669.369816,0.584979,0.658560,-0.152490,-2.575470,ndi
1786504669.387336,0.602499,0.658600,-0.152470,-2.575630,ndi
1786504669.402352,0.617515,0.658580,-0.152460,-2.575590,ndi
1786504669.420005,0.635168,0.658590,-0.152490,-2.575520,ndi
1786504669.434924,0.650087,0.658590,-0.152490,-2.575620,ndi
1786504669.452325,0.667488,0.658570,-0.152470,-2.575610,ndi
1786504669.469843,0.685006,0.658590,-0.152480,-2.575620,ndi
1786504669.487328,0.702491,0.658610,-0.152480,-2.575680,ndi
1786504669.502327,0.717490,0.658610,-0.152480,-2.575590,ndi
1786504669.520065,0.735228,0.658570,-0.152470,-2.575540,ndi
1786504669.534920,0.750083,0.658610,-0.152490,-2.575660,ndi
1786504669.552331,0.767494,0.658610,-0.152490,-2.575650,ndi
1786504669.570180,0.785343,0.658600,-0.152480,-2.575570,ndi
1786504669.587363,0.802526,0.658580,-0.152470,-2.575530,ndi
1786504669.602466,0.817629,0.658580,-0.152480,-2.575590,ndi
1786504669.619972,0.835135,0.658580,-0.152480,-2.575570,ndi
1786504669.637604,0.852767,0.658570,-0.152480,-2.575520,ndi
1786504669.652551,0.867714,0.658600,-0.152470,-2.575550,ndi
1786504669.669764,0.884927,0.658570,-0.152480,-2.575550,ndi
1786504669.687290,0.902453,0.658600,-0.152490,-2.575620,ndi
1786504669.702314,0.917477,0.658620,-0.152480,-2.575670,ndi
1786504669.720100,0.935263,0.658590,-0.152480,-2.575600,ndi
1786504669.737535,0.952698,0.658630,-0.152500,-2.575740,ndi
1786504669.752517,0.967680,0.658610,-0.152510,-2.575650,ndi
1786504669.769815,0.984978,0.658660,-0.152500,-2.575710,ndi
1786504669.784826,0.999989,0.658630,-0.152520,-2.575690,ndi
1786504669.802491,1.017654,0.658650,-0.152510,-2.575840,ndi
1786504669.819985,1.035148,0.658640,-0.152500,-2.575710,ndi
1786504669.834958,1.050121,0.658630,-0.152500,-2.575700,ndi
1786504669.852614,1.067777,0.658650,-0.152500,-2.575790,ndi
1786504669.869792,1.084955,0.658590,-0.152500,-2.575590,ndi
1786504669.887405,1.102568,0.658640,-0.152480,-2.575730,ndi
1786504669.902635,1.117798,0.658590,-0.152500,-2.575560,ndi
1786504669.920008,1.135171,0.658580,-0.152480,-2.575520,ndi
1786504669.934981,1.150144,0.658550,-0.152480,-2.575490,ndi
1786504669.952505,1.167668,0.658590,-0.152490,-2.575580,ndi
1786504669.969818,1.184981,0.658640,-0.152480,-2.575660,ndi
1786504669.987273,1.202435,0.658570,-0.152490,-2.575510,ndi
1786504670.002445,1.217608,0.658570,-0.152480,-2.575500,ndi
1786504670.019862,1.235025,0.658580,-0.152470,-2.575540,ndi
1786504670.037363,1.252526,0.658590,-0.152470,-2.575480,ndi
1786504670.052575,1.267738,0.658550,-0.152470,-2.575470,ndi
1786504670.069744,1.284907,0.658590,-0.152480,-2.575500,ndi
1786504670.087238,1.302401,0.658590,-0.152480,-2.575610,ndi
1786504670.102250,1.317413,0.658520,-0.152480,-2.575370,ndi
1786504670.119932,1.335095,0.658600,-0.152470,-2.575580,ndi
1786504670.137321,1.352484,0.658560,-0.152470,-2.575570,ndi
1786504670.152622,1.367785,0.658630,-0.152480,-2.575710,ndi
1786504670.169806,1.384969,0.658620,-0.152480,-2.575680,ndi
1786504670.187263,1.402426,0.658590,-0.152480,-2.575570,ndi
1786504670.202391,1.417554,0.658600,-0.152480,-2.575590,ndi
1786504670.219911,1.435074,0.658590,-0.152480,-2.575600,ndi
1786504670.234945,1.450108,0.658610,-0.152470,-2.575550,ndi
1786504670.252583,1.467746,0.658590,-0.152480,-2.575550,ndi
1786504670.269774,1.484937,0.658590,-0.152480,-2.575530,ndi
1786504670.287220,1.502383,0.658580,-0.152480,-2.575570,ndi
1786504670.302402,1.517565,0.658610,-0.152490,-2.575630,ndi
1786504670.320069,1.535232,0.658580,-0.152500,-2.575580,ndi
1786504670.334932,1.550095,0.658580,-0.152480,-2.575580,ndi
1786504670.352327,1.567490,0.658650,-0.152490,-2.575650,ndi
1786504670.369893,1.585056,0.658580,-0.152490,-2.575550,ndi
1786504670.387300,1.602463,0.658600,-0.152480,-2.575610,ndi
1786504670.402446,1.617609,0.658610,-0.152480,-2.575610,ndi
1786504670.420128,1.635291,0.658620,-0.152460,-2.575680,ndi
1786504670.437561,1.652724,0.658600,-0.152480,-2.575660,ndi
1786504670.452425,1.667588,0.658600,-0.152470,-2.575630,ndi
1786504670.469810,1.684973,0.658560,-0.152460,-2.575470,ndi
1786504670.487254,1.702417,0.658620,-0.152490,-2.575690,ndi
1786504670.502428,1.717591,0.658610,-0.152480,-2.575650,ndi
1786504670.520181,1.735344,0.658570,-0.152480,-2.575500,ndi
1786504670.537598,1.752761,0.658610,-0.152490,-2.575630,ndi
1786504670.552650,1.767813,0.658640,-0.152480,-2.575670,ndi
1786504670.571314,1.786477,0.658620,-0.152490,-2.575720,ndi
1786504670.587302,1.802465,0.658590,-0.152480,-2.575510,ndi
1786504670.602438,1.817601,0.658590,-0.152480,-2.575580,ndi
1786504670.620157,1.835320,0.658610,-0.152490,-2.575620,ndi
1786504670.637551,1.852714,0.658610,-0.152490,-2.575650,ndi
1786504670.652521,1.867684,0.658540,-0.152480,-2.575470,ndi
1786504670.669830,1.884993,0.658560,-0.152490,-2.575510,ndi
1786504670.687294,1.902457,0.658600,-0.152480,-2.575630,ndi
1786504670.702416,1.917579,0.658640,-0.152470,-2.575680,ndi
1786504670.719863,1.935026,0.658570,-0.152480,-2.575580,ndi
1786504670.737569,1.952732,0.658620,-0.152490,-2.575650,ndi
1786504670.752517,1.967680,0.658610,-0.152480,-2.575650,ndi
1786504670.769833,1.984996,0.658590,-0.152470,-2.575610,ndi
1786504670.787341,2.002504,0.658630,-0.152490,-2.575660,ndi
1786504670.802320,2.017483,0.658580,-0.152490,-2.575650,ndi
1786504670.819846,2.035009,0.658630,-0.152470,-2.575710,ndi
1786504670.837662,2.052825,0.658600,-0.152470,-2.575610,ndi
1786504670.852626,2.067789,0.658580,-0.152480,-2.575510,ndi
1786504670.869778,2.084941,0.658550,-0.152480,-2.575440,ndi
1786504670.887284,2.102447,0.658610,-0.152480,-2.575700,ndi
1786504670.902492,2.117655,0.658590,-0.152480,-2.575610,ndi
1786504670.920007,2.135170,0.658580,-0.152480,-2.575550,ndi
1786504670.937616,2.152779,0.658620,-0.152470,-2.575590,ndi
1786504670.952603,2.167766,0.658600,-0.152480,-2.575590,ndi
1786504670.969761,2.184924,0.658580,-0.152490,-2.575520,ndi
1786504670.987250,2.202413,0.658580,-0.152510,-2.575590,ndi
1786504671.002277,2.217440,0.658630,-0.152490,-2.575720,ndi
1786504671.019814,2.234977,0.658610,-0.152490,-2.575730,ndi
1786504671.037545,2.252708,0.658580,-0.152490,-2.575610,ndi
1786504671.052704,2.267867,0.658620,-0.152490,-2.575600,ndi
1786504671.069804,2.284967,0.658620,-0.152490,-2.575720,ndi
1786504671.087274,2.302437,0.658610,-0.152490,-2.575700,ndi
1786504671.102299,2.317462,0.658650,-0.152480,-2.575740,ndi
1786504671.119839,2.335002,0.658600,-0.152480,-2.575570,ndi
1786504671.137737,2.352900,0.658630,-0.152480,-2.575740,ndi
1786504671.152634,2.367797,0.658650,-0.152490,-2.575720,ndi
1786504671.169829,2.384992,0.658620,-0.152490,-2.575680,ndi
1786504671.187298,2.402461,0.658580,-0.152490,-2.575530,ndi
1786504671.202326,2.417489,0.658640,-0.152480,-2.575680,ndi
1786504671.219839,2.435002,0.658600,-0.152470,-2.575610,ndi
1786504671.237686,2.452849,0.658600,-0.152470,-2.575590,ndi
1786504671.252660,2.467823,0.658610,-0.152470,-2.575670,ndi
1786504671.269816,2.484979,0.658620,-0.152470,-2.575630,ndi
1786504671.284960,2.500123,0.658600,-0.152480,-2.575630,ndi
1786504671.302307,2.517470,0.658590,-0.152490,-2.575580,ndi
1786504671.320067,2.535230,0.658620,-0.152480,-2.575620,ndi
1786504671.337617,2.552780,0.658580,-0.152470,-2.575460,ndi
1786504671.352628,2.567791,0.658640,-0.152480,-2.575750,ndi
1786504671.369864,2.585027,0.658600,-0.152490,-2.575540,ndi
1786504671.384919,2.600082,0.658600,-0.152480,-2.575630,ndi
1786504671.402430,2.617593,0.658620,-0.152470,-2.575640,ndi
1786504671.420106,2.635269,0.658630,-0.152470,-2.575670,ndi
1786504671.437674,2.652837,0.658590,-0.152480,-2.575540,ndi
1786504671.452674,2.667837,0.658610,-0.152480,-2.575580,ndi
1786504671.469818,2.684981,0.658610,-0.152460,-2.575620,ndi
1786504671.487319,2.702482,0.658620,-0.152480,-2.575680,ndi
1786504671.502405,2.717568,0.658590,-0.152480,-2.575630,ndi
1786504671.519890,2.735053,0.658610,-0.152460,-2.575570,ndi
1786504671.534934,2.750097,0.658600,-0.152470,-2.575520,ndi
1786504671.552685,2.767848,0.658610,-0.152480,-2.575630,ndi
1786504671.569859,2.785022,0.658600,-0.152460,-2.575580,ndi
1786504671.587348,2.802511,0.658590,-0.152470,-2.575550,ndi
1786504671.602435,2.817598,0.658600,-0.152480,-2.575550,ndi
1786504671.620098,2.835261,0.658570,-0.152480,-2.575520,ndi
1786504671.637463,2.852626,0.658610,-0.152470,-2.575580,ndi
1786504671.652659,2.867822,0.658560,-0.152470,-2.575500,ndi
1786504671.669946,2.885109,0.658600,-0.152480,-2.575560,ndi
1786504671.687291,2.902454,0.658570,-0.152480,-2.575530,ndi
1786504671.702519,2.917682,0.658580,-0.152470,-2.575550,ndi
1786504671.720116,2.935279,0.658600,-0.152470,-2.575510,ndi
1786504671.737678,2.952841,0.658580,-0.152460,-2.575530,ndi
1786504671.752672,2.967835,0.658560,-0.152470,-2.575480,ndi
1786504671.769797,2.984960,0.658560,-0.152460,-2.575540,ndi
1786504671.787303,3.002466,0.658590,-0.152460,-2.575470,ndi
1786504671.802310,3.017473,0.658560,-0.152470,-2.575520,ndi
1786504671.819867,3.035030,0.658610,-0.152470,-2.575650,ndi
1786504671.837312,3.052475,0.658550,-0.152460,-2.575500,ndi
1786504671.852320,3.067483,0.658530,-0.152450,-2.575380,ndi
1786504671.869796,3.084959,0.658570,-0.152460,-2.575430,ndi
1786504671.887268,3.102431,0.658540,-0.152460,-2.575460,ndi
1786504671.902297,3.117460,0.658570,-0.152470,-2.575530,ndi
1786504671.920060,3.135223,0.658540,-0.152480,-2.575430,ndi
1786504671.937495,3.152658,0.658590,-0.152470,-2.575580,ndi
1786504671.952604,3.167767,0.658610,-0.152470,-2.575680,ndi
1786504671.969811,3.184974,0.658580,-0.152480,-2.575550,ndi
1786504671.987281,3.202444,0.658590,-0.152480,-2.575590,ndi
1786504672.002324,3.217487,0.658580,-0.152470,-2.575570,ndi
1786504672.019808,3.234971,0.658570,-0.152480,-2.575580,ndi
1786504672.037587,3.252750,0.658600,-0.152490,-2.575670,ndi
1786504672.052667,3.267830,0.658610,-0.152490,-2.575710,ndi
1786504672.069826,3.284989,0.658610,-0.152490,-2.575590,ndi
1786504672.087274,3.302437,0.658620,-0.152480,-2.575670,ndi
1786504672.102286,3.317449,0.658600,-0.152490,-2.575610,ndi
1786504672.120041,3.335204,0.658610,-0.152500,-2.575660,ndi
1786504672.137336,3.352499,0.658630,-0.152490,-2.575670,ndi
1786504672.152437,3.367600,0.658590,-0.152500,-2.575610,ndi
1786504672.169835,3.384998,0.658600,-0.152490,-2.575630,ndi
1786504672.184904,3.400067,0.658620,-0.152490,-2.575710,ndi
1786504672.202663,3.417826,0.658610,-0.152500,-2.575700,ndi
1786504672.220102,3.435265,0.658610,-0.152490,-2.575650,ndi
1786504672.235102,3.450265,0.658610,-0.152490,-2.575720,ndi
1786504672.252625,3.467788,0.658620,-0.152500,-2.575740,ndi
1786504672.269796,3.484959,0.658600,-0.152490,-2.575670,ndi
1786504672.287225,3.502388,0.658560,-0.152490,-2.575520,ndi
1786504672.302395,3.517558,0.658620,-0.152480,-2.575650,ndi
1786504672.320167,3.535330,0.658570,-0.152500,-2.575500,ndi
1786504672.335179,3.550342,0.658590,-0.152490,-2.575660,ndi
1786504672.352686,3.567849,0.658600,-0.152490,-2.575640,ndi
1786504672.369842,3.585005,0.658620,-0.152500,-2.575680,ndi
1786504672.384956,3.600119,0.658640,-0.152500,-2.575790,ndi
1786504672.402428,3.617591,0.658580,-0.152490,-2.575560,ndi
1786504672.420240,3.635403,0.658600,-0.152480,-2.575580,ndi
1786504672.437713,3.652876,0.658590,-0.152490,-2.575630,ndi
1786504672.452733,3.667896,0.658620,-0.152480,-2.575630,ndi
1786504672.469841,3.685004,0.658590,-0.152490,-2.575630,ndi
1786504672.487300,3.702463,0.658610,-0.152480,-2.575650,ndi
1786504672.502363,3.717526,0.658610,-0.152490,-2.575690,ndi
1786504672.519825,3.734988,0.658610,-0.152490,-2.575650,ndi
1786504672.535215,3.750378,0.658590,-0.152480,-2.575650,ndi
1786504672.552678,3.767841,0.658560,-0.152480,-2.575590,ndi
1786504672.569820,3.784983,0.658610,-0.152480,-2.575660,ndi
1786504672.585160,3.800323,0.658610,-0.152490,-2.575700,ndi
1786504672.602381,3.817544,0.658600,-0.152490,-2.575640,ndi
1786504672.620188,3.835351,0.658570,-0.152490,-2.575530,ndi
1786504672.637361,3.852524,0.658610,-0.152490,-2.575670,ndi
1786504672.652562,3.867725,0.658600,-0.152470,-2.575570,ndi
1786504672.669825,3.884988,0.658610,-0.152490,-2.575610,ndi
1786504672.684834,3.899997,0.658620,-0.152480,-2.575630,ndi
1786504672.702455,3.917618,0.658590,-0.152480,-2.575570,ndi
1786504672.720092,3.935255,0.658670,-0.152490,-2.575690,ndi
1786504672.735209,3.950372,0.658600,-0.152500,-2.575530,ndi
1786504672.752666,3.967829,0.658620,-0.152480,-2.575600,ndi
1786504672.769824,3.984987,0.658640,-0.152470,-2.575570,ndi
1786504672.787487,4.002650,0.658620,-0.152480,-2.575550,ndi
1786504672.802444,4.017607,0.658660,-0.152480,-2.575550,ndi
1786504672.819936,4.035099,0.658620,-0.152490,-2.575570,ndi
1786504672.835132,4.050295,0.658640,-0.152480,-2.575590,ndi
1786504672.852666,4.067829,0.658620,-0.152480,-2.575460,ndi
1786504672.869779,4.084942,0.658610,-0.152460,-2.575480,ndi
1786504672.884909,4.100072,0.658630,-0.152460,-2.575480,ndi
1786504672.902383,4.117546,0.658550,-0.152450,-2.575410,ndi
1786504672.919969,4.135132,0.658600,-0.152440,-2.575450,ndi
1786504672.937387,4.152550,0.658610,-0.152460,-2.575510,ndi
1786504672.952664,4.167827,0.658520,-0.152450,-2.575310,ndi
1786504672.969830,4.184993,0.658540,-0.152440,-2.575390,ndi
1786504672.984897,4.200060,0.658530,-0.152430,-2.575300,ndi
1786504673.002504,4.217667,0.658580,-0.152460,-2.575500,ndi
1786504673.020040,4.235203,0.658550,-0.152480,-2.575400,ndi
1786504673.037531,4.252694,0.658570,-0.152470,-2.575480,ndi
1786504673.052502,4.267665,0.658590,-0.152460,-2.575530,ndi
1786504673.069762,4.284925,0.658620,-0.152460,-2.575510,ndi
1786504673.084880,4.300043,0.658620,-0.152470,-2.575600,ndi
1786504673.102669,4.317832,0.658580,-0.152470,-2.575610,ndi
1786504673.120165,4.335328,0.658640,-0.152460,-2.575620,ndi
1786504673.135139,4.350302,0.658580,-0.152470,-2.575460,ndi
1786504673.152668,4.367831,0.658620,-0.152480,-2.575630,ndi
1786504673.169978,4.385141,0.658580,-0.152480,-2.575640,ndi
1786504673.184910,4.400073,0.658580,-0.152480,-2.575530,ndi
1786504673.202426,4.417589,0.658590,-0.152480,-2.575490,ndi
1786504673.220077,4.435240,0.658580,-0.152480,-2.575520,ndi
1786504673.237520,4.452683,0.658620,-0.152480,-2.575670,ndi
1786504673.252491,4.467654,0.658560,-0.152460,-2.575510,ndi
1786504673.269886,4.485049,0.658630,-0.152470,-2.575570,ndi
1786504673.284956,4.500118,0.658610,-0.152490,-2.575620,ndi
1786504673.302446,4.517609,0.658590,-0.152470,-2.575620,ndi
1786504673.320095,4.535258,0.658590,-0.152480,-2.575560,ndi
1786504673.337527,4.552690,0.658640,-0.152500,-2.575650,ndi
1786504673.352514,4.567677,0.658630,-0.152500,-2.575590,ndi
1786504673.369875,4.585038,0.658560,-0.152500,-2.575520,ndi
1786504673.387351,4.602514,0.658560,-0.152480,-2.575420,ndi
1786504673.402399,4.617562,0.658600,-0.152510,-2.575500,ndi
1786504673.420040,4.635203,0.658620,-0.152560,-2.575720,ndi
1786504673.437438,4.652601,0.658620,-0.152530,-2.575730,ndi
1786504673.452740,4.667903,0.658570,-0.152510,-2.575480,ndi
1786504673.469877,4.685040,0.658640,-0.152500,-2.575620,ndi
1786504673.484929,4.700092,0.658590,-0.152490,-2.575540,ndi
1786504673.502812,4.717975,0.658580,-0.152480,-2.575540,ndi
1786504673.519968,4.735131,0.658610,-0.152500,-2.575660,ndi
1786504673.537419,4.752582,0.658550,-0.152490,-2.575430,ndi
1786504673.552403,4.767566,0.658600,-0.152480,-2.575640,ndi
1786504673.569892,4.785055,0.658610,-0.152470,-2.575640,ndi
1786504673.584920,4.800083,0.658590,-0.152490,-2.575600,ndi
1786504673.602442,4.817605,0.658550,-0.152490,-2.575460,ndi
1786504673.619936,4.835099,0.658580,-0.152490,-2.575520,ndi
1786504673.637408,4.852571,0.658600,-0.152490,-2.575620,ndi
1786504673.652366,4.867529,0.658600,-0.152490,-2.575550,ndi
1786504673.669926,4.885089,0.658590,-0.152480,-2.575520,ndi
1786504673.684946,4.900109,0.658620,-0.152470,-2.575610,ndi
1786504673.702384,4.917547,0.658570,-0.152480,-2.575530,ndi
1786504673.719903,4.935066,0.658600,-0.152480,-2.575700,ndi
1786504673.737386,4.952549,0.658600,-0.152470,-2.575610,ndi
1786504673.752374,4.967537,0.658590,-0.152470,-2.575630,ndi
1786504673.769861,4.985024,0.658610,-0.152480,-2.575670,ndi
1786504673.784869,5.000032,0.658580,-0.152490,-2.575570,ndi
1786504673.802384,5.017547,0.658570,-0.152490,-2.575540,ndi
1786504673.819950,5.035113,0.658600,-0.152480,-2.575640,ndi
1786504673.837395,5.052558,0.658670,-0.152500,-2.575800,ndi
1786504673.852410,5.067573,0.658690,-0.152490,-2.575890,ndi
1786504673.869909,5.085072,0.658680,-0.152490,-2.575840,ndi
1786504673.884947,5.100110,0.658690,-0.152490,-2.575850,ndi
1786504673.902339,5.117502,0.658680,-0.152500,-2.575930,ndi
1786504673.919895,5.135058,0.658690,-0.152490,-2.575900,ndi
1786504673.937411,5.152574,0.658630,-0.152480,-2.575720,ndi
1786504673.952719,5.167882,0.658620,-0.152490,-2.575710,ndi
1786504673.969859,5.185022,0.658620,-0.152500,-2.575600,ndi
1786504673.984842,5.200005,0.658600,-0.152500,-2.575570,ndi
1786504674.002419,5.217582,0.658630,-0.152490,-2.575640,ndi
1786504674.019878,5.235041,0.658580,-0.152500,-2.575500,ndi
1786504674.037395,5.252558,0.658630,-0.152500,-2.575690,ndi
1786504674.052382,5.267545,0.658640,-0.152500,-2.575700,ndi
1786504674.069895,5.285058,0.658600,-0.152490,-2.575550,ndi
1786504674.087362,5.302525,0.658620,-0.152500,-2.575630,ndi
1786504674.102462,5.317625,0.658590,-0.152500,-2.575630,ndi
1786504674.120237,5.335400,0.658600,-0.152500,-2.575650,ndi
1786504674.135159,5.350322,0.658580,-0.152490,-2.575540,ndi
1786504674.152772,5.367935,0.658630,-0.152490,-2.575720,ndi
1786504674.169861,5.385024,0.658580,-0.152500,-2.575570,ndi
1786504674.184907,5.400070,0.658620,-0.152490,-2.575700,ndi
1786504674.202535,5.417698,0.658580,-0.152490,-2.575520,ndi
1786504674.220022,5.435185,0.658630,-0.152490,-2.575730,ndi
1786504674.237484,5.452647,0.658640,-0.152490,-2.575750,ndi
1786504674.252491,5.467654,0.658640,-0.152480,-2.575740,ndi
1786504674.269883,5.485046,0.658660,-0.152480,-2.575750,ndi
1786504674.284866,5.500029,0.658680,-0.152490,-2.575850,ndi
1786504674.302541,5.517704,0.658660,-0.152500,-2.575830,ndi
1786504674.320231,5.535394,0.658680,-0.152500,-2.575840,ndi
1786504674.337573,5.552736,0.658650,-0.152500,-2.575760,ndi
1786504674.352651,5.567814,0.658650,-0.152500,-2.575760,ndi
1786504674.369923,5.585086,0.658670,-0.152510,-2.575780,ndi
1786504674.387375,5.602538,0.658620,-0.152500,-2.575790,ndi
1786504674.402418,5.617581,0.658660,-0.152510,-2.575800,ndi
1786504674.420033,5.635195,0.658670,-0.152510,-2.575850,ndi
1786504674.437431,5.652594,0.658660,-0.152520,-2.575840,ndi
1786504674.452488,5.667651,0.658640,-0.152510,-2.575860,ndi
1786504674.469906,5.685069,0.658680,-0.152480,-2.575950,ndi
1786504674.487393,5.702556,0.658670,-0.152500,-2.575880,ndi
1786504674.502820,5.717983,0.658640,-0.152510,-2.575810,ndi
1786504674.520225,5.735388,0.658600,-0.152480,-2.575700,ndi
1786504674.537651,5.752814,0.658620,-0.152480,-2.575730,ndi
1786504674.552657,5.767820,0.658610,-0.152490,-2.575630,ndi
1786504674.569886,5.785049,0.658580,-0.152500,-2.575620,ndi
1786504674.587314,5.802477,0.658610,-0.152470,-2.575630,ndi
1786504674.602486,5.817649,0.658630,-0.152470,-2.575760,ndi
1786504674.620192,5.835355,0.658600,-0.152480,-2.575580,ndi
1786504674.637645,5.852808,0.658600,-0.152480,-2.575550,ndi
1786504674.652669,5.867832,0.658570,-0.152470,-2.575580,ndi
1786504674.669853,5.885016,0.658570,-0.152460,-2.575500,ndi
1786504674.687373,5.902536,0.658590,-0.152480,-2.575570,ndi
1786504674.702711,5.917874,0.658540,-0.152460,-2.575450,ndi
1786504674.720041,5.935204,0.658520,-0.152430,-2.575410,ndi
1786504674.737539,5.952702,0.658560,-0.152450,-2.575560,ndi
1786504674.752537,5.967700,0.658550,-0.152460,-2.575500,ndi
1786504674.769879,5.985042,0.658570,-0.152460,-2.575470,ndi
1786504674.784844,6.000007,0.658570,-0.152460,-2.575570,ndi
1786504674.802429,6.017592,0.658560,-0.152460,-2.575560,ndi
1786504674.819898,6.035061,0.658600,-0.152470,-2.575520,ndi
1786504674.835024,6.050187,0.658600,-0.152470,-2.575670,ndi
1786504674.852510,6.067673,0.658540,-0.152460,-2.575410,ndi
1786504674.869876,6.085039,0.658600,-0.152470,-2.575680,ndi
1786504674.884834,6.099997,0.658580,-0.152490,-2.575520,ndi
1786504674.902427,6.117590,0.658600,-0.152470,-2.575590,ndi
1786504674.919967,6.135130,0.658610,-0.152490,-2.575680,ndi
1786504674.937424,6.152587,0.658650,-0.152500,-2.575820,ndi
1786504674.952623,6.167786,0.658590,-0.152490,-2.575630,ndi
1786504674.969868,6.185031,0.658610,-0.152470,-2.575680,ndi
1786504674.984844,6.200007,0.658610,-0.152490,-2.575620,ndi
1786504675.002388,6.217551,0.658590,-0.152490,-2.575610,ndi
1786504675.019847,6.235010,0.658610,-0.152480,-2.575590,ndi
1786504675.035004,6.250167,0.658620,-0.152470,-2.575590,ndi
1786504675.052416,6.267579,0.658640,-0.152480,-2.575760,ndi
1786504675.069889,6.285052,0.658640,-0.152500,-2.575790,ndi
1786504675.087320,6.302483,0.658660,-0.152480,-2.575780,ndi
1786504675.102385,6.317548,0.658630,-0.152480,-2.575620,ndi
1786504675.119893,6.335056,0.658610,-0.152490,-2.575710,ndi
1786504675.134999,6.350162,0.658570,-0.152490,-2.575510,ndi
1786504675.152413,6.367576,0.658560,-0.152490,-2.575530,ndi
1786504675.169887,6.385050,0.658620,-0.152470,-2.575740,ndi
1786504675.187314,6.402477,0.658630,-0.152490,-2.575750,ndi
1786504675.202609,6.417772,0.658610,-0.152490,-2.575680,ndi
1786504675.220018,6.435181,0.658630,-0.152490,-2.575710,ndi
1786504675.237535,6.452698,0.658610,-0.152480,-2.575650,ndi
1786504675.252522,6.467685,0.658610,-0.152490,-2.575570,ndi
1786504675.269884,6.485047,0.658630,-0.152480,-2.575700,ndi
1786504675.284873,6.500036,0.658570,-0.152470,-2.575560,ndi
1786504675.302386,6.517549,0.658580,-0.152470,-2.575560,ndi
1786504675.319938,6.535101,0.658600,-0.152470,-2.575600,ndi
1786504675.335016,6.550179,0.658610,-0.152470,-2.575630,ndi
1786504675.352421,6.567584,0.658550,-0.152480,-2.575450,ndi
1786504675.369885,6.585048,0.658560,-0.152460,-2.575490,ndi
1786504675.384876,6.600039,0.658560,-0.152470,-2.575500,ndi
1786504675.402310,6.617473,0.658600,-0.152470,-2.575570,ndi
1786504675.420139,6.635302,0.658560,-0.152480,-2.575480,ndi
1786504675.437638,6.652801,0.658610,-0.152480,-2.575620,ndi
1786504675.452509,6.667672,0.658570,-0.152470,-2.575540,ndi
1786504675.469888,6.685051,0.658610,-0.152480,-2.575660,ndi
1786504675.484871,6.700034,0.658570,-0.152480,-2.575500,ndi
1786504675.502405,6.717568,0.658610,-0.152470,-2.575680,ndi
1786504675.519943,6.735106,0.658580,-0.152480,-2.575550,ndi
1786504675.535050,6.750213,0.658590,-0.152480,-2.575620,ndi
1786504675.552508,6.767671,0.658590,-0.152480,-2.575590,ndi
1786504675.569853,6.785016,0.658600,-0.152480,-2.575670,ndi
1786504675.586072,6.801235,0.658570,-0.152470,-2.575500,ndi
1786504675.602325,6.817488,0.658650,-0.152480,-2.575730,ndi
1786504675.620157,6.835320,0.658590,-0.152490,-2.575610,ndi
1786504675.637679,6.852842,0.658600,-0.152480,-2.575670,ndi
1786504675.652611,6.867774,0.658600,-0.152480,-2.575650,ndi
1786504675.669855,6.885018,0.658580,-0.152490,-2.575530,ndi
1786504675.684851,6.900014,0.658590,-0.152490,-2.575650,ndi
1786504675.702409,6.917572,0.658580,-0.152470,-2.575630,ndi
1786504675.720078,6.935241,0.658580,-0.152490,-2.575660,ndi
1786504675.737521,6.952684,0.658630,-0.152500,-2.575740,ndi
1786504675.752687,6.967850,0.658580,-0.152490,-2.575590,ndi
1786504675.769876,6.985039,0.658570,-0.152490,-2.575600,ndi
1786504675.784811,6.999974,0.658590,-0.152480,-2.575650,ndi
1786504675.802331,7.017494,0.658580,-0.152500,-2.575590,ndi
1786504675.820219,7.035382,0.658600,-0.152490,-2.575590,ndi
1786504675.835167,7.050330,0.658570,-0.152470,-2.575580,ndi
1786504675.852665,7.067828,0.658610,-0.152480,-2.575720,ndi
1786504675.869871,7.085034,0.658640,-0.152490,-2.575690,ndi
1786504675.884893,7.100056,0.658570,-0.152480,-2.575640,ndi
1786504675.902473,7.117636,0.658600,-0.152490,-2.575700,ndi
1786504675.920335,7.135498,0.658610,-0.152490,-2.575720,ndi
1786504675.935301,7.150464,0.658610,-0.152500,-2.575650,ndi
1786504675.952680,7.167843,0.658590,-0.152500,-2.575640,ndi
1786504675.969871,7.185034,0.658590,-0.152480,-2.575750,ndi
1786504675.984859,7.200022,0.658580,-0.152490,-2.575610,ndi
1786504676.002356,7.217519,0.658580,-0.152500,-2.575590,ndi
1786504676.019872,7.235035,0.658590,-0.152500,-2.575610,ndi
1786504676.035264,7.250427,0.658580,-0.152480,-2.575640,ndi
1786504676.052681,7.267844,0.658600,-0.152490,-2.575690,ndi
1786504676.069854,7.285017,0.658630,-0.152500,-2.575730,ndi
1786504676.084869,7.300032,0.658570,-0.152490,-2.575550,ndi
1786504676.102432,7.317595,0.658590,-0.152490,-2.575730,ndi
1786504676.120136,7.335299,0.658590,-0.152500,-2.575670,ndi
1786504676.137735,7.352898,0.658630,-0.152490,-2.575600,ndi
1786504676.152762,7.367925,0.658570,-0.152490,-2.575540,ndi
1786504676.169853,7.385016,0.658590,-0.152480,-2.575650,ndi
1786504676.184838,7.400001,0.658640,-0.152490,-2.575640,ndi
1786504676.202382,7.417545,0.658640,-0.152510,-2.575740,ndi
1786504676.220068,7.435231,0.658580,-0.152480,-2.575520,ndi
1786504676.235264,7.450427,0.658610,-0.152480,-2.575660,ndi
1786504676.252776,7.467939,0.658580,-0.152490,-2.575450,ndi
1786504676.269886,7.485049,0.658600,-0.152480,-2.575480,ndi
1786504676.287372,7.502535,0.658590,-0.152480,-2.575610,ndi
1786504676.302403,7.517566,0.658630,-0.152500,-2.575730,ndi
1786504676.320302,7.535465,0.658590,-0.152510,-2.575640,ndi
1786504676.335230,7.550393,0.658610,-0.152500,-2.575590,ndi
1786504676.352788,7.567951,0.658610,-0.152510,-2.575710,ndi
1786504676.369881,7.585044,0.658640,-0.152520,-2.575780,ndi
1786504676.384855,7.600018,0.658640,-0.152520,-2.575800,ndi
1786504676.402653,7.617816,0.658650,-0.152520,-2.575890,ndi
1786504676.420164,7.635327,0.658670,-0.152500,-2.575830,ndi
1786504676.437836,7.652999,0.658560,-0.152510,-2.575670,ndi
1786504676.452733,7.667896,0.658580,-0.152500,-2.575640,ndi
1786504676.469874,7.685037,0.658650,-0.152480,-2.575750,ndi
1786504676.487360,7.702523,0.658630,-0.152500,-2.575760,ndi
1786504676.502456,7.717619,0.658560,-0.152500,-2.575480,ndi
1786504676.520273,7.735436,0.658560,-0.152470,-2.575570,ndi
1786504676.537679,7.752842,0.658620,-0.152480,-2.575590,ndi
1786504676.552654,7.767817,0.658590,-0.152490,-2.575500,ndi
1786504676.569864,7.785027,0.658580,-0.152490,-2.575630,ndi
1786504676.584847,7.800010,0.658610,-0.152490,-2.575630,ndi
1786504676.602457,7.817620,0.658640,-0.152490,-2.575720,ndi
1786504676.619988,7.835151,0.658630,-0.152510,-2.575710,ndi
1786504676.637474,7.852637,0.658610,-0.152490,-2.575690,ndi
1786504676.652451,7.867614,0.658610,-0.152490,-2.575640,ndi
1786504676.669875,7.885038,0.658630,-0.152500,-2.575740,ndi
1786504676.687393,7.902556,0.658660,-0.152490,-2.575830,ndi
1786504676.702406,7.917569,0.658600,-0.152490,-2.575660,ndi
1786504676.719996,7.935159,0.658590,-0.152480,-2.575650,ndi
1786504676.737809,7.952972,0.658610,-0.152480,-2.575670,ndi
1786504676.752733,7.967896,0.658600,-0.152480,-2.575600,ndi
1786504676.769840,7.985003,0.658600,-0.152480,-2.575630,ndi
1786504676.787356,8.002519,0.658590,-0.152480,-2.575590,ndi
1786504676.802405,8.017568,0.658600,-0.152490,-2.575560,ndi
1786504676.820234,8.035397,0.658550,-0.152490,-2.575520,ndi
1786504676.837660,8.052823,0.658590,-0.152480,-2.575650,ndi
1786504676.852611,8.067774,0.658610,-0.152490,-2.575700,ndi
1786504676.869872,8.085035,0.658560,-0.152470,-2.575500,ndi
1786504676.885073,8.100236,0.658570,-0.152480,-2.575440,ndi
1786504676.902823,8.117986,0.658600,-0.152490,-2.575580,ndi
1786504676.920421,8.135584,0.658620,-0.152500,-2.575740,ndi
1786504676.937774,8.152937,0.658610,-0.152500,-2.575720,ndi
1786504676.952735,8.167898,0.658630,-0.152500,-2.575720,ndi
1786504676.969874,8.185037,0.658610,-0.152500,-2.575670,ndi
1786504676.987386,8.202549,0.658610,-0.152500,-2.575620,ndi
1786504677.002478,8.217641,0.658620,-0.152480,-2.575720,ndi
1786504677.020065,8.235228,0.658610,-0.152490,-2.575660,ndi
1786504677.037505,8.252668,0.658610,-0.152490,-2.575660,ndi
1786504677.052499,8.267662,0.658540,-0.152470,-2.575490,ndi
1786504677.069896,8.285059,0.658640,-0.152480,-2.575730,ndi
1786504677.085133,8.300296,0.658590,-0.152490,-2.575640,ndi
1786504677.102407,8.317570,0.658590,-0.152490,-2.575590,ndi
1786504677.120127,8.335290,0.658640,-0.152490,-2.575780,ndi
1786504677.135168,8.350331,0.658580,-0.152490,-2.575620,ndi
1786504677.152526,8.367689,0.658560,-0.152500,-2.575510,ndi
1786504677.169865,8.385028,0.658590,-0.152480,-2.575550,ndi
1786504677.185083,8.400246,0.658590,-0.152480,-2.575570,ndi
1786504677.202398,8.417561,0.658600,-0.152490,-2.575680,ndi
1786504677.219960,8.435123,0.658570,-0.152480,-2.575540,ndi
1786504677.234950,8.450113,0.658600,-0.152490,-2.575630,ndi
1786504677.252675,8.467838,0.658570,-0.152480,-2.575550,ndi
1786504677.269918,8.485081,0.658610,-0.152500,-2.575640,ndi
1786504677.287371,8.502534,0.658570,-0.152470,-2.575610,ndi
1786504677.302414,8.517577,0.658610,-0.152470,-2.575650,ndi
1786504677.319967,8.535130,0.658610,-0.152490,-2.575610,ndi
1786504677.334934,8.550097,0.658540,-0.152500,-2.575540,ndi
1786504677.352765,8.567928,0.658600,-0.152480,-2.575650,ndi
1786504677.369973,8.585136,0.658650,-0.152470,-2.575730,ndi
1786504677.387410,8.602573,0.658620,-0.152490,-2.575640,ndi
1786504677.402605,8.617768,0.658570,-0.152490,-2.575630,ndi
1786504677.420322,8.635485,0.658600,-0.152480,-2.575670,ndi
1786504677.437763,8.652926,0.658600,-0.152480,-2.575700,ndi
1786504677.452724,8.667887,0.658620,-0.152490,-2.575690,ndi
1786504677.469932,8.685095,0.658580,-0.152490,-2.575580,ndi
1786504677.485010,8.700173,0.658550,-0.152480,-2.575540,ndi
1786504677.502507,8.717670,0.658610,-0.152490,-2.575630,ndi
1786504677.520147,8.735310,0.658580,-0.152490,-2.575590,ndi
1786504677.537551,8.752714,0.679280,-0.156470,-2.598330,ndi
1786504677.552452,8.767615,0.679260,-0.156460,-2.598290,ndi
1786504677.569860,8.785023,0.679290,-0.156480,-2.598330,ndi
1786504677.584911,8.800074,0.679280,-0.156470,-2.598240,ndi
1786504677.602387,8.817550,0.679230,-0.156470,-2.598110,ndi
1786504677.619859,8.835022,0.679250,-0.156460,-2.598200,ndi
1786504677.634869,8.850032,0.679250,-0.156460,-2.598190,ndi
1786504677.652536,8.867699,0.679250,-0.156460,-2.598180,ndi
1786504677.669802,8.884965,0.679240,-0.156460,-2.598190,ndi
1786504677.685055,8.900218,0.679260,-0.156460,-2.598290,ndi
1786504677.702372,8.917535,0.679280,-0.156460,-2.598380,ndi
1786504677.719899,8.935062,0.679250,-0.156460,-2.598180,ndi
1786504677.737369,8.952532,0.679240,-0.156450,-2.598180,ndi
1786504677.752405,8.967568,0.679220,-0.156450,-2.598180,ndi
1786504677.769839,8.985002,0.679270,-0.156450,-2.598240,ndi
1786504677.784903,9.000066,0.679230,-0.156450,-2.598110,ndi
1786504677.802356,9.017519,0.679240,-0.156460,-2.598150,ndi
1786504677.819872,9.035035,0.679220,-0.156450,-2.598140,ndi
1786504677.834889,9.050052,0.679240,-0.156440,-2.598190,ndi
1786504677.852385,9.067548,0.679230,-0.156440,-2.598030,ndi
1786504677.869852,9.085015,0.679240,-0.156450,-2.598140,ndi
1786504677.884917,9.100080,0.679220,-0.156430,-2.598050,ndi
1786504677.902390,9.117553,0.679200,-0.156430,-2.598010,ndi
1786504677.919987,9.135150,0.679220,-0.156440,-2.598080,ndi
1786504677.935058,9.150221,0.679240,-0.156450,-2.598090,ndi
1786504677.952459,9.167622,0.679200,-0.156440,-2.598080,ndi
1786504677.969833,9.184996,0.679170,-0.156440,-2.597990,ndi
1786504677.984828,9.199991,0.679190,-0.156430,-2.597950,ndi
1786504678.002365,9.217528,0.679190,-0.156440,-2.597990,ndi
1786504678.019917,9.235080,0.679190,-0.156440,-2.598030,ndi
1786504678.037362,9.252525,0.679260,-0.156460,-2.598190,ndi
1786504678.052345,9.267508,0.679230,-0.156460,-2.598120,ndi
1786504678.069818,9.284981,0.679220,-0.156460,-2.598090,ndi
1786504678.084902,9.300065,0.679250,-0.156450,-2.598170,ndi
1786504678.102352,9.317515,0.679260,-0.156460,-2.598290,ndi
1786504678.120018,9.335181,0.679220,-0.156460,-2.598100,ndi
1786504678.137432,9.352595,0.679230,-0.156460,-2.598160,ndi
1786504678.152466,9.367629,0.679210,-0.156460,-2.598120,ndi
1786504678.169862,9.385025,0.679230,-0.156460,-2.598190,ndi
1786504678.184914,9.400077,0.679250,-0.156470,-2.598280,ndi
1786504678.202372,9.417535,0.679260,-0.156460,-2.598240,ndi
1786504678.219913,9.435076,0.679250,-0.156450,-2.598230,ndi
1786504678.235132,9.450295,0.679260,-0.156470,-2.598210,ndi
1786504678.252425,9.467588,0.679270,-0.156480,-2.598160,ndi
1786504678.269907,9.485070,0.679250,-0.156460,-2.598160,ndi
1786504678.284967,9.500130,0.679230,-0.156450,-2.598110,ndi
1786504678.302432,9.517595,0.679230,-0.156460,-2.598150,ndi
1786504678.320087,9.535250,0.679260,-0.156460,-2.598280,ndi
1786504678.337488,9.552651,0.679240,-0.156460,-2.598270,ndi
1786504678.352467,9.567630,0.679250,-0.156450,-2.598210,ndi
1786504678.369895,9.585057,0.679240,-0.156470,-2.598190,ndi
1786504678.384940,9.600103,0.679210,-0.156470,-2.598180,ndi
1786504678.402381,9.617544,0.679240,-0.156440,-2.598270,ndi
1786504678.420000,9.635163,0.679200,-0.156450,-2.598170,ndi
1786504678.435080,9.650243,0.679220,-0.156480,-2.598240,ndi
1786504678.452502,9.667665,0.679180,-0.156460,-2.598150,ndi
1786504678.469854,9.685017,0.679220,-0.156450,-2.598170,ndi
1786504678.484932,9.700095,0.679230,-0.156460,-2.598180,ndi
1786504678.502476,9.717639,0.679250,-0.156470,-2.598260,ndi
1786504678.519933,9.735096,0.679220,-0.156460,-2.598240,ndi
1786504678.535051,9.750214,0.679260,-0.156440,-2.598260,ndi
1786504678.552443,9.767606,0.679340,-0.156460,-2.598370,ndi
1786504678.569875,9.785038,0.679300,-0.156470,-2.598350,ndi
1786504678.585137,9.800300,0.679350,-0.156460,-2.598420,ndi
1786504678.602428,9.817591,0.679330,-0.156460,-2.598440,ndi
1786504678.619917,9.835080,0.679290,-0.156460,-2.598330,ndi
1786504678.635007,9.850170,0.679300,-0.156480,-2.598400,ndi
1786504678.652539,9.867702,0.679270,-0.156470,-2.598320,ndi
1786504678.669878,9.885041,0.679240,-0.156450,-2.598200,ndi
1786504678.684944,9.900107,0.679210,-0.156440,-2.598110,ndi
1786504678.702374,9.917537,0.679260,-0.156450,-2.598190,ndi
1786504678.720007,9.935170,0.679250,-0.156460,-2.598240,ndi
1786504678.737585,9.952748,0.679290,-0.156470,-2.598360,ndi
1786504678.752485,9.967648,0.679270,-0.156480,-2.598310,ndi
1786504678.769892,9.985055,0.679280,-0.156460,-2.598300,ndi
1786504678.785150,10.000313,0.679280,-0.156470,-2.598270,ndi
1786504678.802364,10.017527,0.679210,-0.156460,-2.598170,ndi
1786504678.819890,10.035053,0.679270,-0.156480,-2.598230,ndi
1786504678.837556,10.052719,0.679270,-0.156470,-2.598250,ndi
1786504678.852553,10.067716,0.679240,-0.156460,-2.598210,ndi
1786504678.869896,10.085059,0.679240,-0.156460,-2.598160,ndi
1786504678.884941,10.100104,0.679260,-0.156470,-2.598280,ndi
1786504678.902380,10.117543,0.679260,-0.156450,-2.598110,ndi
1786504678.919827,10.134990,0.679260,-0.156460,-2.598240,ndi
1786504678.935031,10.150194,0.679210,-0.156460,-2.598170,ndi
1786504678.952524,10.167687,0.679240,-0.156450,-2.598200,ndi
1786504678.969871,10.185034,0.679290,-0.156470,-2.598330,ndi
1786504678.984964,10.200127,0.679260,-0.156470,-2.598210,ndi
1786504679.002406,10.217569,0.679240,-0.156460,-2.598270,ndi
1786504679.020123,10.235286,0.679220,-0.156440,-2.598110,ndi
1786504679.035140,10.250303,0.679240,-0.156470,-2.598190,ndi
1786504679.052491,10.267654,0.679250,-0.156470,-2.598210,ndi
1786504679.069934,10.285097,0.679200,-0.156460,-2.598090,ndi
1786504679.084957,10.300120,0.679220,-0.156450,-2.598110,ndi
1786504679.102394,10.317557,0.679240,-0.156450,-2.598130,ndi
1786504679.120060,10.335223,0.679220,-0.156450,-2.598160,ndi
1786504679.135131,10.350294,0.679220,-0.156460,-2.598120,ndi
1786504679.152592,10.367755,0.679220,-0.156450,-2.598170,ndi
1786504679.169892,10.385055,0.679230,-0.156460,-2.598110,ndi
1786504679.184933,10.400096,0.679210,-0.156450,-2.598100,ndi
1786504679.202379,10.417542,0.679190,-0.156460,-2.598130,ndi
1786504679.220009,10.435172,0.679230,-0.156460,-2.598110,ndi
1786504679.237441,10.452604,0.679190,-0.156450,-2.598040,ndi
1786504679.252496,10.467659,0.679250,-0.156460,-2.598190,ndi
1786504679.269889,10.485052,0.679270,-0.156460,-2.598300,ndi
1786504679.284870,10.500033,0.679250,-0.156460,-2.598260,ndi
1786504679.302390,10.517553,0.679210,-0.156450,-2.598040,ndi
1786504679.320054,10.535217,0.679260,-0.156460,-2.598240,ndi
1786504679.337677,10.552840,0.679230,-0.156460,-2.598240,ndi
1786504679.352587,10.567750,0.679240,-0.156460,-2.598250,ndi
1786504679.369894,10.585057,0.679230,-0.156450,-2.598150,ndi
1786504679.384957,10.600120,0.679250,-0.156450,-2.598190,ndi
1786504679.402467,10.617630,0.679240,-0.156460,-2.598230,ndi
1786504679.420072,10.635235,0.679280,-0.156460,-2.598330,ndi
1786504679.435162,10.650325,0.679250,-0.156460,-2.598170,ndi
1786504679.452516,10.667679,0.679260,-0.156450,-2.598300,ndi
1786504679.469875,10.685038,0.679260,-0.156450,-2.598250,ndi
1786504679.484961,10.700124,0.679250,-0.156450,-2.598270,ndi
1786504679.502360,10.717523,0.679230,-0.156450,-2.598220,ndi
1786504679.520044,10.735207,0.679270,-0.156450,-2.598220,ndi
1786504679.537499,10.752662,0.679250,-0.156450,-2.598240,ndi
1786504679.552544,10.767707,0.679260,-0.156460,-2.598260,ndi
1786504679.569887,10.785050,0.679250,-0.156460,-2.598200,ndi
1786504679.584971,10.800134,0.679220,-0.156450,-2.598170,ndi
1786504679.602568,10.817731,0.679240,-0.156460,-2.598190,ndi
1786504679.620108,10.835271,0.679210,-0.156450,-2.598090,ndi
1786504679.637567,10.852730,0.679250,-0.156460,-2.598200,ndi
1786504679.652606,10.867769,0.679250,-0.156460,-2.598210,ndi
1786504679.669881,10.885044,0.679260,-0.156470,-2.598240,ndi
1786504679.684968,10.900131,0.679230,-0.156460,-2.598110,ndi
1786504679.702450,10.917613,0.679240,-0.156460,-2.598150,ndi
1786504679.720112,10.935275,0.679230,-0.156460,-2.598150,ndi
1786504679.737582,10.952745,0.679210,-0.156450,-2.598050,ndi
1786504679.752543,10.967706,0.679210,-0.156450,-2.598100,ndi
1786504679.769882,10.985045,0.679210,-0.156460,-2.598140,ndi
1786504679.784965,11.000128,0.679230,-0.156450,-2.598130,ndi
1786504679.802426,11.017589,0.679280,-0.156450,-2.598290,ndi
1786504679.819962,11.035125,0.679280,-0.156470,-2.598300,ndi
1786504679.835191,11.050354,0.679280,-0.156460,-2.598270,ndi
1786504679.852598,11.067761,0.679250,-0.156460,-2.598220,ndi
1786504679.869884,11.085047,0.679270,-0.156460,-2.598270,ndi
1786504679.884954,11.100117,0.679230,-0.156450,-2.598110,ndi
1786504679.902440,11.117603,0.679250,-0.156470,-2.598190,ndi
1786504679.920096,11.135259,0.679250,-0.156460,-2.598280,ndi
1786504679.935231,11.150394,0.679200,-0.156460,-2.598080,ndi
1786504679.952596,11.167759,0.679270,-0.156460,-2.598250,ndi
1786504679.969885,11.185048,0.679260,-0.156460,-2.598250,ndi
1786504679.984929,11.200092,0.679200,-0.156440,-2.598080,ndi
1786504680.002434,11.217597,0.679240,-0.156460,-2.598160,ndi
1786504680.019973,11.235136,0.679220,-0.156460,-2.598150,ndi
1786504680.037544,11.252707,0.679250,-0.156460,-2.598160,ndi
1786504680.052631,11.267794,0.679210,-0.156450,-2.598080,ndi
1786504680.069890,11.285053,0.679230,-0.156460,-2.598080,ndi
1786504680.084943,11.300106,0.679250,-0.156460,-2.598190,ndi
1786504680.102417,11.317580,0.679240,-0.156470,-2.598130,ndi
1786504680.120118,11.335281,0.679210,-0.156470,-2.598150,ndi
1786504680.137553,11.352716,0.679220,-0.156470,-2.598200,ndi
1786504680.152578,11.367741,0.679290,-0.156470,-2.598370,ndi
1786504680.169878,11.385041,0.679270,-0.156470,-2.598340,ndi
1786504680.187374,11.402537,0.679260,-0.156480,-2.598260,ndi
1786504680.202477,11.417639,0.679220,-0.156490,-2.598220,ndi
1786504680.220109,11.435272,0.679260,-0.156470,-2.598380,ndi
1786504680.235137,11.450300,0.679290,-0.156470,-2.598350,ndi
1786504680.252629,11.467792,0.679300,-0.156490,-2.598420,ndi
1786504680.269898,11.485061,0.679270,-0.156480,-2.598350,ndi
1786504680.284940,11.500103,0.679290,-0.156470,-2.598410,ndi
1786504680.302401,11.517564,0.679340,-0.156470,-2.598460,ndi
1786504680.319973,11.535136,0.679210,-0.156460,-2.598090,ndi
1786504680.337431,11.552594,0.679220,-0.156450,-2.598130,ndi
1786504680.352429,11.567592,0.679220,-0.156460,-2.598100,ndi
1786504680.369920,11.585083,0.679200,-0.156450,-2.598060,ndi
1786504680.385068,11.600231,0.679260,-0.156450,-2.598220,ndi
1786504680.402435,11.617598,0.679230,-0.156440,-2.598160,ndi
1786504680.420036,11.635199,0.679240,-0.156440,-2.598130,ndi
1786504680.435083,11.650246,0.679260,-0.156450,-2.598220,ndi
1786504680.452492,11.667655,0.679260,-0.156450,-2.598200,ndi
1786504680.469879,11.685042,0.679260,-0.156450,-2.598190,ndi
1786504680.484832,11.699995,0.679290,-0.156470,-2.598300,ndi
1786504680.502398,11.717561,0.679280,-0.156450,-2.598290,ndi
1786504680.520085,11.735248,0.679260,-0.156460,-2.598260,ndi
1786504680.535118,11.750281,0.679240,-0.156450,-2.598190,ndi
1786504680.552491,11.767654,0.679250,-0.156460,-2.598250,ndi
1786504680.569887,11.785050,0.679240,-0.156460,-2.598170,ndi
1786504680.585075,11.800238,0.679270,-0.156460,-2.598290,ndi
1786504680.602423,11.817586,0.679210,-0.156450,-2.598150,ndi
1786504680.619946,11.835109,0.679280,-0.156450,-2.598230,ndi
1786504680.637461,11.852624,0.679260,-0.156480,-2.598300,ndi
1786504680.652543,11.867706,0.679260,-0.156460,-2.598180,ndi
1786504680.669863,11.885026,0.679270,-0.156460,-2.598260,ndi
1786504680.685116,11.900279,0.679300,-0.156470,-2.598340,ndi
1786504680.702405,11.917568,0.679280,-0.156460,-2.598300,ndi
1786504680.720109,11.935272,0.679300,-0.156480,-2.598410,ndi
1786504680.735136,11.950299,0.679310,-0.156480,-2.598310,ndi
1786504680.752537,11.967700,0.679310,-0.156480,-2.598360,ndi
1786504680.769907,11.985070,0.679300,-0.156490,-2.598320,ndi
1786504680.785059,12.000222,0.679290,-0.156480,-2.598360,ndi
1786504680.802411,12.017574,0.679320,-0.156490,-2.598400,ndi
1786504680.819969,12.035132,0.679320,-0.156490,-2.598380,ndi
1786504680.837381,12.052544,0.679320,-0.156490,-2.598360,ndi
1786504680.852441,12.067604,0.679290,-0.156460,-2.598330,ndi
1786504680.869878,12.085041,0.679270,-0.156470,-2.598240,ndi
1786504680.885049,12.100212,0.679310,-0.156480,-2.598350,ndi
1786504680.902404,12.117567,0.679260,-0.156470,-2.598290,ndi
1786504680.920102,12.135265,0.679260,-0.156460,-2.598220,ndi
1786504680.935057,12.150220,0.679290,-0.156470,-2.598330,ndi
1786504680.952550,12.167713,0.679250,-0.156470,-2.598240,ndi
1786504680.969907,12.185070,0.679250,-0.156460,-2.598140,ndi
1786504680.985074,12.200237,0.679240,-0.156450,-2.598200,ndi
1786504681.002426,12.217589,0.679270,-0.156470,-2.598260,ndi
1786504681.020000,12.235163,0.679290,-0.156470,-2.598320,ndi
1786504681.035253,12.250416,0.679260,-0.156470,-2.598320,ndi
1786504681.052600,12.267763,0.679260,-0.156450,-2.598280,ndi
1786504681.069913,12.285076,0.679300,-0.156460,-2.598280,ndi
1786504681.084917,12.300080,0.679260,-0.156460,-2.598190,ndi
1786504681.102386,12.317549,0.679230,-0.156460,-2.598190,ndi
1786504681.119916,12.335079,0.679220,-0.156440,-2.598120,ndi
1786504681.134931,12.350094,0.679230,-0.156460,-2.598170,ndi
1786504681.152406,12.367569,0.679240,-0.156450,-2.598160,ndi
1786504681.169925,12.385088,0.679210,-0.156450,-2.598030,ndi
1786504681.185067,12.400230,0.679260,-0.156460,-2.598260,ndi
1786504681.202446,12.417609,0.679270,-0.156450,-2.598170,ndi
1786504681.219987,12.435150,0.679260,-0.156460,-2.598230,ndi
1786504681.235056,12.450219,0.679260,-0.156460,-2.598270,ndi
1786504681.252574,12.467737,0.679280,-0.156470,-2.598320,ndi
1786504681.269938,12.485101,0.679310,-0.156480,-2.598390,ndi
1786504681.287397,12.502560,0.679270,-0.156490,-2.598430,ndi
1786504681.302465,12.517628,0.679260,-0.156480,-2.598290,ndi
1786504681.320014,12.535177,0.679250,-0.156460,-2.598170,ndi
1786504681.335029,12.550192,0.679250,-0.156470,-2.598210,ndi
1786504681.352496,12.567659,0.679230,-0.156470,-2.598160,ndi
1786504681.369934,12.585097,0.679270,-0.156470,-2.598380,ndi
1786504681.387393,12.602556,0.679260,-0.156470,-2.598310,ndi
1786504681.402525,12.617688,0.679220,-0.156480,-2.598180,ndi
1786504681.420097,12.635260,0.679260,-0.156460,-2.598380,ndi
1786504681.437572,12.652735,0.679270,-0.156460,-2.598340,ndi
1786504681.452668,12.667831,0.679240,-0.156460,-2.598240,ndi
1786504681.469932,12.685095,0.679230,-0.156450,-2.598150,ndi
1786504681.485063,12.700226,0.679210,-0.156450,-2.598140,ndi
1786504681.502446,12.717609,0.679220,-0.156460,-2.598200,ndi
1786504681.519957,12.735120,0.679230,-0.156470,-2.598080,ndi
1786504681.535010,12.750173,0.679220,-0.156470,-2.598120,ndi
1786504681.552568,12.767731,0.679250,-0.156460,-2.598110,ndi
1786504681.569918,12.785081,0.679250,-0.156470,-2.598180,ndi
1786504681.584979,12.800142,0.679240,-0.156470,-2.598190,ndi
1786504681.602462,12.817625,0.679200,-0.156460,-2.598040,ndi
1786504681.619998,12.835160,0.679230,-0.156460,-2.598090,ndi
1786504681.635059,12.850222,0.679200,-0.156460,-2.598040,ndi
1786504681.652526,12.867689,0.679210,-0.156460,-2.598060,ndi
1786504681.669953,12.885116,0.679220,-0.156460,-2.597990,ndi
1786504681.684986,12.900149,0.679250,-0.156460,-2.598140,ndi
1786504681.702635,12.917798,0.679200,-0.156470,-2.598050,ndi
1786504681.720075,12.935238,0.679220,-0.156460,-2.598120,ndi
1786504681.735121,12.950284,0.679270,-0.156470,-2.598260,ndi
1786504681.752637,12.967800,0.679230,-0.156470,-2.598190,ndi
1786504681.769921,12.985084,0.679280,-0.156480,-2.598310,ndi
1786504681.784985,13.000148,0.679260,-0.156460,-2.598240,ndi
1786504681.802413,13.017576,0.679250,-0.156470,-2.598240,ndi
1786504681.819909,13.035072,0.679230,-0.156460,-2.598160,ndi
1786504681.837495,13.052658,0.679230,-0.156450,-2.598180,ndi
1786504681.852412,13.067575,0.679260,-0.156460,-2.598210,ndi
1786504681.869962,13.085124,0.679300,-0.156470,-2.598450,ndi
1786504681.884996,13.100159,0.679260,-0.156460,-2.598250,ndi
1786504681.902610,13.117773,0.679270,-0.156450,-2.598220,ndi
1786504681.920101,13.135264,0.679230,-0.156430,-2.598150,ndi
1786504681.935074,13.150237,0.679230,-0.156450,-2.598090,ndi
1786504681.952528,13.167691,0.679250,-0.156450,-2.598200,ndi
1786504681.969951,13.185114,0.679210,-0.156430,-2.598130,ndi
1786504681.984995,13.200158,0.679270,-0.156460,-2.598290,ndi
1786504682.002530,13.217693,0.679250,-0.156460,-2.598190,ndi
1786504682.020052,13.235215,0.679250,-0.156450,-2.598270,ndi
1786504682.037546,13.252709,0.679260,-0.156430,-2.598230,ndi
1786504682.052637,13.267800,0.679260,-0.156440,-2.598160,ndi
1786504682.069960,13.285123,0.679220,-0.156450,-2.598150,ndi
1786504682.084994,13.300157,0.679220,-0.156440,-2.598110,ndi
1786504682.102418,13.317581,0.679240,-0.156430,-2.598130,ndi
1786504682.119978,13.335141,0.679270,-0.156450,-2.598190,ndi
1786504682.134999,13.350162,0.679280,-0.156460,-2.598270,ndi
1786504682.152411,13.367574,0.679270,-0.156450,-2.598320,ndi
1786504682.169948,13.385111,0.679290,-0.156460,-2.598400,ndi
1786504682.184988,13.400151,0.679270,-0.156470,-2.598280,ndi
1786504682.202428,13.417591,0.679300,-0.156470,-2.598370,ndi
1786504682.219962,13.435125,0.679260,-0.156470,-2.598320,ndi
1786504682.235023,13.450186,0.679280,-0.156460,-2.598350,ndi
1786504682.252571,13.467734,0.679360,-0.156500,-2.598510,ndi
1786504682.269989,13.485152,0.679340,-0.156500,-2.598520,ndi
1786504682.285008,13.500171,0.679260,-0.156470,-2.598260,ndi
1786504682.302489,13.517652,0.679310,-0.156480,-2.598460,ndi
1786504682.320068,13.535231,0.679240,-0.156470,-2.598210,ndi
1786504682.335139,13.550302,0.679260,-0.156460,-2.598240,ndi
1786504682.352435,13.567598,0.679270,-0.156450,-2.598270,ndi
1786504682.369996,13.585159,0.679270,-0.156470,-2.598290,ndi
1786504682.387414,13.602576,0.679300,-0.156480,-2.598420,ndi
1786504682.402410,13.617573,0.679260,-0.156460,-2.598190,ndi
1786504682.419942,13.635105,0.679240,-0.156460,-2.598230,ndi
1786504682.435016,13.650179,0.679270,-0.156470,-2.598270,ndi
1786504682.452451,13.667614,0.679280,-0.156460,-2.598280,ndi
1786504682.470003,13.685166,0.679260,-0.156450,-2.598220,ndi
1786504682.487408,13.702571,0.679240,-0.156450,-2.598200,ndi
1786504682.502524,13.717687,0.679270,-0.156470,-2.598350,ndi
1786504682.520008,13.735171,0.679250,-0.156450,-2.598210,ndi
1786504682.535136,13.750299,0.679270,-0.156460,-2.598240,ndi
1786504682.552479,13.767642,0.679230,-0.156460,-2.598200,ndi
1786504682.569974,13.785137,0.679280,-0.156460,-2.598300,ndi
1786504682.584990,13.800153,0.679260,-0.156450,-2.598270,ndi
1786504682.602508,13.817671,0.679240,-0.156460,-2.598120,ndi
1786504682.620027,13.835190,0.679250,-0.156460,-2.598250,ndi
1786504682.637526,13.852689,0.679240,-0.156450,-2.598170,ndi
1786504682.652549,13.867712,0.679210,-0.156440,-2.598150,ndi
1786504682.669966,13.885129,0.679250,-0.156450,-2.598180,ndi
1786504682.687418,13.902581,0.679240,-0.156450,-2.598110,ndi
1786504682.702570,13.917733,0.679240,-0.156450,-2.598190,ndi
1786504682.720089,13.935252,0.679240,-0.156450,-2.598180,ndi
1786504682.735235,13.950398,0.679240,-0.156470,-2.598220,ndi
1786504682.752675,13.967838,0.679280,-0.156460,-2.598310,ndi
1786504682.769970,13.985133,0.679250,-0.156440,-2.598250,ndi
1786504682.787414,14.002577,0.679240,-0.156450,-2.598190,ndi
1786504682.802471,14.017634,0.679320,-0.156470,-2.598410,ndi
1786504682.820040,14.035203,0.679270,-0.156460,-2.598240,ndi
1786504682.837589,14.052752,0.679270,-0.156470,-2.598280,ndi
1786504682.852468,14.067631,0.679230,-0.156480,-2.598190,ndi
1786504682.870008,14.085171,0.679270,-0.156460,-2.598210,ndi
1786504682.884996,14.100159,0.679270,-0.156450,-2.598270,ndi
1786504682.902487,14.117650,0.679230,-0.156450,-2.598130,ndi
1786504682.920081,14.135244,0.679210,-0.156450,-2.598060,ndi
1786504682.935180,14.150343,0.679220,-0.156430,-2.598090,ndi
1786504682.952603,14.167766,0.679250,-0.156440,-2.598160,ndi
1786504682.969969,14.185132,0.679200,-0.156440,-2.598060,ndi
1786504682.985008,14.200171,0.679200,-0.156440,-2.598020,ndi
1786504683.002434,14.217597,0.679210,-0.156420,-2.598040,ndi
1786504683.020036,14.235199,0.679220,-0.156420,-2.597990,ndi
1786504683.035109,14.250272,0.679220,-0.156440,-2.598040,ndi
1786504683.052573,14.267736,0.679190,-0.156430,-2.597990,ndi
1786504683.070005,14.285168,0.679220,-0.156420,-2.598090,ndi
1786504683.084971,14.300134,0.679210,-0.156440,-2.598030,ndi
1786504683.102525,14.317688,0.679200,-0.156450,-2.598070,ndi
1786504683.120016,14.335179,0.679230,-0.156460,-2.598200,ndi
1786504683.137518,14.352681,0.679260,-0.156450,-2.598230,ndi
1786504683.152537,14.367700,0.679230,-0.156450,-2.598200,ndi
1786504683.169940,14.385103,0.679260,-0.156460,-2.598210,ndi
1786504683.184974,14.400137,0.679220,-0.156450,-2.598160,ndi
1786504683.202476,14.417639,0.679230,-0.156440,-2.598190,ndi
1786504683.220042,14.435205,0.679290,-0.156450,-2.598280,ndi
1786504683.235224,14.450387,0.679220,-0.156450,-2.598170,ndi
1786504683.252638,14.467801,0.679240,-0.156440,-2.598150,ndi
1786504683.270029,14.485192,0.679250,-0.156450,-2.598200,ndi
1786504683.284975,14.500138,0.679230,-0.156460,-2.598090,ndi
1786504683.302473,14.517636,0.679260,-0.156470,-2.598270,ndi
1786504683.319989,14.535152,0.679270,-0.156470,-2.598320,ndi
1786504683.337647,14.552810,0.679300,-0.156470,-2.598330,ndi
1786504683.352638,14.567801,0.679260,-0.156470,-2.598240,ndi
1786504683.369986,14.585149,0.679250,-0.156460,-2.598220,ndi
1786504683.384973,14.600136,0.679270,-0.156460,-2.598250,ndi
1786504683.402435,14.617598,0.679270,-0.156460,-2.598330,ndi
1786504683.420120,14.635283,0.679260,-0.156460,-2.598270,ndi
1786504683.435207,14.650370,0.679240,-0.156460,-2.598270,ndi
1786504683.452566,14.667729,0.679240,-0.156460,-2.598140,ndi
1786504683.470056,14.685219,0.679230,-0.156460,-2.598120,ndi
1786504683.484951,14.700114,0.679230,-0.156470,-2.598150,ndi
1786504683.502509,14.717672,0.679200,-0.156450,-2.598080,ndi
1786504683.520046,14.735209,0.679230,-0.156440,-2.598160,ndi
1786504683.535341,14.750504,0.679260,-0.156450,-2.598200,ndi
1786504683.552670,14.767833,0.679230,-0.156460,-2.598200,ndi
1786504683.569989,14.785152,0.679220,-0.156450,-2.598120,ndi
1786504683.584955,14.800118,0.679240,-0.156440,-2.598160,ndi
1786504683.602470,14.817633,0.679250,-0.156460,-2.598180,ndi
1786504683.620028,14.835191,0.679240,-0.156460,-2.598130,ndi
1786504683.635056,14.850219,0.679220,-0.156450,-2.598160,ndi
1786504683.652511,14.867674,0.679230,-0.156440,-2.598130,ndi
1786504683.669943,14.885106,0.679210,-0.156460,-2.598140,ndi
1786504683.684986,14.900149,0.679230,-0.156450,-2.598170,ndi
1786504683.702532,14.917695,0.679200,-0.156440,-2.598110,ndi
1786504683.720135,14.935298,0.679230,-0.156440,-2.598120,ndi
1786504683.735182,14.950345,0.679260,-0.156470,-2.598240,ndi
1786504683.752592,14.967755,0.679230,-0.156460,-2.598200,ndi
1786504683.769968,14.985131,0.679270,-0.156460,-2.598310,ndi
1786504683.784966,15.000129,0.679260,-0.156460,-2.598300,ndi
1786504683.802518,15.017681,0.679260,-0.156480,-2.598170,ndi
1786504683.820215,15.035378,0.679240,-0.156460,-2.598270,ndi
1786504683.835290,15.050453,0.679250,-0.156440,-2.598230,ndi
1786504683.852702,15.067865,0.679230,-0.156460,-2.598170,ndi
1786504683.869975,15.085138,0.679260,-0.156470,-2.598240,ndi
1786504683.885003,15.100166,0.679280,-0.156450,-2.598240,ndi
1786504683.902573,15.117736,0.679260,-0.156470,-2.598360,ndi
1786504683.920195,15.135358,0.679260,-0.156470,-2.598300,ndi
1786504683.935285,15.150448,0.679270,-0.156470,-2.598260,ndi
1786504683.952671,15.167834,0.679270,-0.156460,-2.598300,ndi
1786504683.969963,15.185126,0.679220,-0.156460,-2.598200,ndi
1786504683.984974,15.200137,0.679270,-0.156470,-2.598270,ndi
1786504684.002581,15.217744,0.679300,-0.156470,-2.598410,ndi
1786504684.020174,15.235337,0.679250,-0.156470,-2.598270,ndi
1786504684.035272,15.250435,0.679270,-0.156460,-2.598250,ndi
1786504684.052654,15.267817,0.679260,-0.156480,-2.598340,ndi
1786504684.069978,15.285141,0.679240,-0.156460,-2.598140,ndi
1786504684.087464,15.302627,0.679220,-0.156450,-2.598140,ndi
1786504684.102575,15.317738,0.679230,-0.156460,-2.598180,ndi
1786504684.120041,15.335204,0.679280,-0.156470,-2.598310,ndi
1786504684.135226,15.350389,0.679240,-0.156450,-2.598200,ndi
1786504684.152478,15.367641,0.679260,-0.156450,-2.598250,ndi
1786504684.169937,15.385100,0.679210,-0.156460,-2.598180,ndi
1786504684.184971,15.400134,0.679250,-0.156470,-2.598260,ndi
1786504684.202569,15.417732,0.679270,-0.156450,-2.598270,ndi
1786504684.220126,15.435289,0.679220,-0.156460,-2.598130,ndi
1786504684.237450,15.452613,0.679220,-0.156460,-2.598120,ndi
1786504684.252505,15.467668,0.679260,-0.156450,-2.598200,ndi
1786504684.269964,15.485127,0.679210,-0.156450,-2.598080,ndi
1786504684.285006,15.500169,0.679260,-0.156460,-2.598260,ndi
1786504684.302662,15.517825,0.679210,-0.156440,-2.598090,ndi
1786504684.320208,15.535371,0.679230,-0.156450,-2.598150,ndi
1786504684.337652,15.552815,0.679260,-0.156470,-2.598310,ndi
1786504684.352629,15.567792,0.679280,-0.156450,-2.598290,ndi
1786504684.369970,15.585133,0.679240,-0.156460,-2.598210,ndi
1786504684.387417,15.602580,0.679270,-0.156450,-2.598190,ndi
1786504684.402493,15.617656,0.679270,-0.156450,-2.598250,ndi
1786504684.420059,15.635222,0.679230,-0.156460,-2.598160,ndi
1786504684.437491,15.652654,0.679260,-0.156460,-2.598270,ndi
1786504684.452471,15.667634,0.679250,-0.156460,-2.598160,ndi
1786504684.469955,15.685118,0.679250,-0.156460,-2.598180,ndi
1786504684.485010,15.700173,0.679260,-0.156470,-2.598240,ndi
1786504684.502499,15.717662,0.679250,-0.156460,-2.598220,ndi
1786504684.520149,15.735312,0.679250,-0.156450,-2.598210,ndi
1786504684.537699,15.752862,0.679260,-0.156470,-2.598250,ndi
1786504684.552619,15.767782,0.679230,-0.156460,-2.598190,ndi
1786504684.569920,15.785083,0.679230,-0.156450,-2.598130,ndi
1786504684.585112,15.800275,0.679260,-0.156450,-2.598190,ndi
1786504684.602605,15.817768,0.679230,-0.156470,-2.598250,ndi
1786504684.620167,15.835330,0.679240,-0.156460,-2.598190,ndi
1786504684.635182,15.850345,0.679230,-0.156450,-2.598130,ndi
1786504684.652517,15.867680,0.679240,-0.156460,-2.598200,ndi
1786504684.669961,15.885124,0.679220,-0.156460,-2.598140,ndi
1786504684.685075,15.900238,0.679240,-0.156450,-2.598190,ndi
1786504684.702522,15.917685,0.679220,-0.156450,-2.598150,ndi
1786504684.720033,15.935196,0.679240,-0.156460,-2.598190,ndi
1786504684.735101,15.950264,0.679240,-0.156460,-2.598120,ndi
1786504684.752617,15.967780,0.679210,-0.156450,-2.598150,ndi
1786504684.769928,15.985090,0.679240,-0.156460,-2.598200,ndi
1786504684.787462,16.002625,0.679230,-0.156460,-2.598110,ndi
1786504684.802472,16.017635,0.679270,-0.156460,-2.598250,ndi
1786504684.820054,16.035217,0.679260,-0.156460,-2.598210,ndi
1786504684.835113,16.050276,0.679250,-0.156460,-2.598220,ndi
1786504684.852576,16.067739,0.679260,-0.156450,-2.598260,ndi
1786504684.869975,16.085138,0.679260,-0.156450,-2.598260,ndi
1786504684.884986,16.100149,0.679240,-0.156450,-2.598250,ndi
1786504684.902512,16.117675,0.679230,-0.156450,-2.598160,ndi
1786504684.919997,16.135160,0.679200,-0.156440,-2.598110,ndi
1786504684.935042,16.150205,0.679190,-0.156450,-2.598060,ndi
1786504684.952634,16.167797,0.679210,-0.156450,-2.598110,ndi
1786504684.969943,16.185106,0.679210,-0.156440,-2.598120,ndi
1786504684.985042,16.200205,0.679220,-0.156440,-2.598200,ndi
1786504685.002490,16.217653,0.679210,-0.156450,-2.598100,ndi
1786504685.020044,16.235207,0.679210,-0.156460,-2.598150,ndi
1786504685.035128,16.250291,0.679180,-0.156440,-2.598030,ndi
1786504685.052591,16.267754,0.679170,-0.156430,-2.597990,ndi
1786504685.069967,16.285130,0.679230,-0.156450,-2.598130,ndi
1786504685.084940,16.300103,0.679240,-0.156440,-2.598210,ndi
1786504685.102494,16.317657,0.679220,-0.156440,-2.598170,ndi
1786504685.120046,16.335209,0.679260,-0.156460,-2.598220,ndi
1786504685.135117,16.350280,0.679240,-0.156450,-2.598190,ndi
1786504685.152617,16.367780,0.679260,-0.156460,-2.598290,ndi
1786504685.170004,16.385167,0.679230,-0.156440,-2.598160,ndi
1786504685.185062,16.400225,0.679210,-0.156450,-2.598190,ndi
1786504685.202577,16.417740,0.679230,-0.156440,-2.598110,ndi
1786504685.220163,16.435326,0.679270,-0.156470,-2.598320,ndi
1786504685.237625,16.452788,0.679260,-0.156460,-2.598250,ndi
1786504685.252651,16.467814,0.679220,-0.156460,-2.598190,ndi
1786504685.269958,16.485121,0.679280,-0.156470,-2.598300,ndi
1786504685.287455,16.502618,0.679300,-0.156480,-2.598360,ndi
1786504685.302567,16.517730,0.679260,-0.156470,-2.598340,ndi
1786504685.320127,16.535290,0.679280,-0.156480,-2.598320,ndi
1786504685.337612,16.552775,0.679250,-0.156460,-2.598190,ndi
1786504685.352567,16.567730,0.679290,-0.156480,-2.598340,ndi
1786504685.369991,16.585154,0.679260,-0.156460,-2.598230,ndi
1786504685.387517,16.602680,0.679230,-0.156460,-2.598190,ndi
1786504685.402523,16.617686,0.679290,-0.156460,-2.598260,ndi
1786504685.420047,16.635210,0.679300,-0.156470,-2.598290,ndi
1786504685.435186,16.650349,0.679250,-0.156460,-2.598230,ndi
1786504685.452588,16.667751,0.679260,-0.156460,-2.598230,ndi
1786504685.469954,16.685117,0.679270,-0.156460,-2.598250,ndi
1786504685.484995,16.700158,0.679260,-0.156450,-2.598180,ndi
1786504685.502493,16.717656,0.679260,-0.156460,-2.598210,ndi
1786504685.520143,16.735306,0.679250,-0.156460,-2.598120,ndi
1786504685.535116,16.750279,0.679240,-0.156460,-2.598240,ndi
1786504685.552599,16.767762,0.679270,-0.156460,-2.598220,ndi
1786504685.569989,16.785152,0.679260,-0.156470,-2.598210,ndi
1786504685.584970,16.800133,0.679260,-0.156470,-2.598290,ndi
1786504685.602506,16.817669,0.679240,-0.156480,-2.598190,ndi
1786504685.620161,16.835324,0.679240,-0.156460,-2.598140,ndi
1786504685.635128,16.850291,0.679260,-0.156460,-2.598290,ndi
1786504685.652620,16.867783,0.679220,-0.156470,-2.598290,ndi
1786504685.670000,16.885163,0.679290,-0.156460,-2.598350,ndi
1786504685.685004,16.900167,0.679260,-0.156470,-2.598300,ndi
1786504685.702554,16.917717,0.679270,-0.156490,-2.598330,ndi
1786504685.720154,16.935317,0.679250,-0.156480,-2.598280,ndi
1786504685.735113,16.950276,0.679270,-0.156450,-2.598330,ndi
1786504685.752654,16.967817,0.679280,-0.156460,-2.598280,ndi
1786504685.769996,16.985159,0.679240,-0.156460,-2.598210,ndi
1786504685.785009,17.000172,0.679230,-0.156460,-2.598150,ndi
1786504685.802547,17.017710,0.679230,-0.156450,-2.598190,ndi
1786504685.820048,17.035211,0.679230,-0.156450,-2.598130,ndi
1786504685.835034,17.050197,0.679250,-0.156460,-2.598200,ndi
1786504685.852691,17.067854,0.679250,-0.156460,-2.598240,ndi
1786504685.870033,17.085196,0.679250,-0.156460,-2.598280,ndi
1786504685.885044,17.100207,0.679230,-0.156450,-2.598150,ndi
1786504685.902556,17.117719,0.679280,-0.156470,-2.598290,ndi
1786504685.920075,17.135238,0.679260,-0.156470,-2.598310,ndi
1786504685.935131,17.150294,0.679230,-0.156450,-2.598200,ndi
1786504685.952727,17.167890,0.679280,-0.156470,-2.598320,ndi
1786504685.970027,17.185190,0.679250,-0.156470,-2.598330,ndi
1786504685.985021,17.200184,0.679270,-0.156480,-2.598260,ndi
1786504686.002532,17.217695,0.679250,-0.156470,-2.598220,ndi
1786504686.020057,17.235220,0.679220,-0.156460,-2.598120,ndi
1786504686.037545,17.252708,0.679280,-0.156470,-2.598250,ndi
1786504686.052652,17.267815,0.679280,-0.156460,-2.598320,ndi
1786504686.070037,17.285200,0.679260,-0.156470,-2.598350,ndi
1786504686.085016,17.300179,0.679250,-0.156460,-2.598180,ndi
1786504686.102748,17.317911,0.679280,-0.156460,-2.598260,ndi
1786504686.120238,17.335401,0.679250,-0.156450,-2.598260,ndi
1786504686.135179,17.350342,0.679270,-0.156460,-2.598270,ndi
1786504686.152681,17.367844,0.679240,-0.156460,-2.598180,ndi
1786504686.170038,17.385201,0.679250,-0.156460,-2.598200,ndi
1786504686.184999,17.400162,0.679300,-0.156460,-2.598310,ndi
1786504686.202521,17.417684,0.679230,-0.156460,-2.598180,ndi
1786504686.220049,17.435212,0.679250,-0.156470,-2.598200,ndi
1786504686.235245,17.450408,0.679260,-0.156460,-2.598180,ndi
1786504686.252713,17.467876,0.679280,-0.156460,-2.598320,ndi
1786504686.270030,17.485193,0.679260,-0.156460,-2.598230,ndi
1786504686.284993,17.500156,0.679240,-0.156460,-2.598190,ndi
1786504686.302581,17.517744,0.679270,-0.156450,-2.598250,ndi
1786504686.320245,17.535408,0.679270,-0.156450,-2.598280,ndi
1786504686.335201,17.550364,0.679250,-0.156470,-2.598180,ndi
1786504686.352701,17.567864,0.679240,-0.156460,-2.598170,ndi
1786504686.370045,17.585208,0.679260,-0.156440,-2.598200,ndi
1786504686.385015,17.600178,0.679280,-0.156460,-2.598270,ndi
1786504686.402527,17.617690,0.679230,-0.156480,-2.598120,ndi
1786504686.420088,17.635251,0.679200,-0.156460,-2.598130,ndi
1786504686.435418,17.650581,0.679230,-0.156440,-2.598100,ndi
1786504686.452711,17.667874,0.679270,-0.156460,-2.598200,ndi
1786504686.470081,17.685244,0.679230,-0.156470,-2.598220,ndi
1786504686.485034,17.700197,0.679260,-0.156460,-2.598240,ndi
1786504686.502561,17.717724,0.679260,-0.156450,-2.598280,ndi
1786504686.520017,17.735180,0.679260,-0.156480,-2.598260,ndi
1786504686.535374,17.750537,0.679240,-0.156460,-2.598210,ndi
1786504686.552645,17.767808,0.679230,-0.156460,-2.598220,ndi
1786504686.569988,17.785151,0.679260,-0.156460,-2.598220,ndi
1786504686.585002,17.800165,0.679250,-0.156460,-2.598230,ndi
1786504686.602557,17.817720,0.679230,-0.156450,-2.598120,ndi
1786504686.620136,17.835299,0.679220,-0.156450,-2.598150,ndi
1786504686.637577,17.852740,0.679250,-0.156460,-2.598200,ndi
1786504686.652566,17.867729,0.679240,-0.156460,-2.598200,ndi
1786504686.670005,17.885168,0.679250,-0.156470,-2.598230,ndi
1786504686.685017,17.900180,0.679250,-0.156450,-2.598280,ndi
1786504686.702548,17.917711,0.679250,-0.156450,-2.598260,ndi
1786504686.720093,17.935256,0.679250,-0.156470,-2.598270,ndi
1786504686.737672,17.952835,0.679260,-0.156450,-2.598200,ndi
1786504686.752764,17.967927,0.679240,-0.156440,-2.598170,ndi
1786504686.770041,17.985204,0.679280,-0.156480,-2.598330,ndi
1786504686.785023,18.000186,0.679280,-0.156460,-2.598270,ndi
1786504686.802620,18.017783,0.679290,-0.156460,-2.598330,ndi
1786504686.820257,18.035420,0.679240,-0.156460,-2.598200,ndi
1786504686.837707,18.052870,0.679260,-0.156470,-2.598270,ndi
1786504686.852725,18.067888,0.679240,-0.156460,-2.598230,ndi
1786504686.870036,18.085199,0.679240,-0.156440,-2.598180,ndi
1786504686.885013,18.100176,0.679230,-0.156460,-2.598180,ndi
1786504686.902597,18.117760,0.679220,-0.156460,-2.598190,ndi
1786504686.920241,18.135404,0.679280,-0.156460,-2.598270,ndi
1786504686.935404,18.150567,0.679260,-0.156470,-2.598240,ndi
1786504686.952726,18.167889,0.679250,-0.156460,-2.598210,ndi
1786504686.970036,18.185199,0.679250,-0.156460,-2.598160,ndi
1786504686.987491,18.202654,0.679240,-0.156460,-2.598210,ndi
1786504687.002548,18.217710,0.679240,-0.156440,-2.598210,ndi
1786504687.020109,18.235272,0.679230,-0.156450,-2.598160,ndi
1786504687.035407,18.250570,0.679270,-0.156460,-2.598230,ndi
1786504687.052753,18.267916,0.679260,-0.156450,-2.598280,ndi
1786504687.070034,18.285197,0.679230,-0.156440,-2.598210,ndi
1786504687.085122,18.300285,0.679280,-0.156450,-2.598250,ndi
1786504687.102583,18.317746,0.679250,-0.156460,-2.598200,ndi
1786504687.120132,18.335295,0.679260,-0.156450,-2.598300,ndi
1786504687.135269,18.350432,0.679260,-0.156440,-2.598270,ndi
1786504687.152634,18.367797,0.679270,-0.156460,-2.598230,ndi
1786504687.170033,18.385195,0.679210,-0.156450,-2.598090,ndi
1786504687.187492,18.402655,0.679260,-0.156450,-2.598280,ndi
1786504687.202609,18.417772,0.679200,-0.156440,-2.598110,ndi
1786504687.220100,18.435263,0.679250,-0.156450,-2.598210,ndi
1786504687.237554,18.452717,0.679270,-0.156450,-2.598310,ndi
1786504687.252609,18.467772,0.679230,-0.156450,-2.598270,ndi
1786504687.270015,18.485178,0.679260,-0.156450,-2.598240,ndi
1786504687.284984,18.500147,0.679260,-0.156460,-2.598230,ndi
1786504687.302490,18.517653,0.679320,-0.156460,-2.598250,ndi
1786504687.320041,18.535204,0.679200,-0.156450,-2.598220,ndi
1786504687.337630,18.552793,0.679250,-0.156430,-2.598130,ndi
1786504687.352610,18.567773,0.679340,-0.156460,-2.598300,ndi
1786504687.370015,18.585178,0.679160,-0.156450,-2.598230,ndi
1786504687.385000,18.600163,0.679260,-0.156430,-2.598190,ndi
1786504687.402606,18.617769,0.679220,-0.156460,-2.598270,ndi
1786504687.420150,18.635313,0.679270,-0.156450,-2.598160,ndi
1786504687.435161,18.650324,0.679280,-0.156460,-2.598280,ndi
1786504687.452773,18.667936,0.679220,-0.156420,-2.598160,ndi
1786504687.470039,18.685202,0.679270,-0.156460,-2.598270,ndi
1786504687.484981,18.700144,0.679220,-0.156460,-2.598210,ndi
1786504687.502534,18.717697,0.679250,-0.156450,-2.598240,ndi
1786504687.520101,18.735264,0.679260,-0.156440,-2.598280,ndi
1786504687.535211,18.750374,0.679270,-0.156460,-2.598250,ndi
1786504687.552623,18.767786,0.679290,-0.156450,-2.598270,ndi
1786504687.569972,18.785135,0.679260,-0.156450,-2.598180,ndi
1786504687.585003,18.800166,0.679210,-0.156450,-2.598160,ndi
1786504687.602604,18.817767,0.679260,-0.156470,-2.598260,ndi
1786504687.620265,18.835428,0.679280,-0.156460,-2.598290,ndi
1786504687.635467,18.850630,0.679270,-0.156450,-2.598270,ndi
1786504687.652787,18.867950,0.679270,-0.156440,-2.598250,ndi
1786504687.670026,18.885189,0.679250,-0.156450,-2.598280,ndi
1786504687.684983,18.900146,0.679290,-0.156470,-2.598260,ndi
1786504687.702526,18.917689,0.679250,-0.156440,-2.598150,ndi
1786504687.720094,18.935257,0.679250,-0.156440,-2.598250,ndi
1786504687.735079,18.950242,0.679290,-0.156460,-2.598270,ndi
1786504687.752586,18.967749,0.679280,-0.156450,-2.598220,ndi
1786504687.770012,18.985175,0.679280,-0.156450,-2.598310,ndi
1786504687.785025,19.000188,0.679210,-0.156430,-2.598070,ndi
1786504687.802555,19.017718,0.679250,-0.156450,-2.598240,ndi
1786504687.820089,19.035252,0.679270,-0.156440,-2.598260,ndi
1786504687.835110,19.050273,0.679240,-0.156420,-2.598160,ndi
1786504687.852713,19.067876,0.679230,-0.156430,-2.598200,ndi
1786504687.870041,19.085204,0.679280,-0.156440,-2.598240,ndi
1786504687.884988,19.100151,0.679190,-0.156430,-2.598030,ndi
1786504687.902554,19.117717,0.679250,-0.156420,-2.598110,ndi
1786504687.920258,19.135421,0.679220,-0.156420,-2.598140,ndi
1786504687.935445,19.150608,0.679220,-0.156430,-2.598050,ndi
1786504687.952600,19.167763,0.679240,-0.156430,-2.598090,ndi
1786504687.970033,19.185196,0.679210,-0.156410,-2.598030,ndi
1786504687.985066,19.200229,0.679240,-0.156440,-2.598120,ndi
1786504688.002590,19.217753,0.679230,-0.156460,-2.598220,ndi
1786504688.020271,19.235434,0.679250,-0.156430,-2.598270,ndi
1786504688.035363,19.250526,0.679250,-0.156440,-2.598100,ndi
1786504688.052799,19.267962,0.679280,-0.156450,-2.598310,ndi
1786504688.070029,19.285192,0.679260,-0.156460,-2.598200,ndi
1786504688.084992,19.300155,0.679290,-0.156440,-2.598310,ndi
1786504688.102550,19.317713,0.679320,-0.156450,-2.598360,ndi
1786504688.120269,19.335432,0.679290,-0.156460,-2.598260,ndi
1786504688.135454,19.350617,0.679270,-0.156450,-2.598200,ndi
1786504688.152748,19.367911,0.679300,-0.156460,-2.598360,ndi
1786504688.170023,19.385186,0.679260,-0.156440,-2.598200,ndi
1786504688.185007,19.400170,0.679280,-0.156450,-2.598170,ndi
1786504688.202590,19.417753,0.679230,-0.156450,-2.598190,ndi
1786504688.220251,19.435414,0.679270,-0.156440,-2.598310,ndi
1786504688.237753,19.452916,0.679290,-0.156450,-2.598220,ndi
1786504688.252786,19.467949,0.679260,-0.156450,-2.598190,ndi
1786504688.270009,19.485172,0.679260,-0.156460,-2.598230,ndi
1786504688.285000,19.500163,0.679250,-0.156420,-2.598040,ndi
1786504688.302541,19.517704,0.679280,-0.156450,-2.598260,ndi
1786504688.320258,19.535421,0.679230,-0.156450,-2.598170,ndi
1786504688.335340,19.550503,0.679270,-0.156440,-2.598260,ndi
1786504688.352796,19.567959,0.679280,-0.156450,-2.598230,ndi
1786504688.370032,19.585195,0.679230,-0.156440,-2.598170,ndi
1786504688.385066,19.600229,0.679300,-0.156450,-2.598230,ndi
1786504688.402560,19.617723,0.679270,-0.156440,-2.598250,ndi
1786504688.420207,19.635370,0.679200,-0.156440,-2.598140,ndi
1786504688.437697,19.652860,0.679300,-0.156440,-2.598250,ndi
1786504688.452646,19.667809,0.679270,-0.156460,-2.598280,ndi
1786504688.469978,19.685141,0.679250,-0.156460,-2.598250,ndi
1786504688.485021,19.700184,0.679270,-0.156440,-2.598230,ndi
1786504688.502590,19.717753,0.679280,-0.156450,-2.598320,ndi
1786504688.520111,19.735274,0.679270,-0.156440,-2.598230,ndi
1786504688.535245,19.750408,0.679260,-0.156450,-2.598240,ndi
1786504688.552677,19.767840,0.679260,-0.156450,-2.598150,ndi
1786504688.570061,19.785224,0.679230,-0.156450,-2.598220,ndi
1786504688.585063,19.800226,0.679290,-0.156450,-2.598230,ndi
1786504688.602566,19.817729,0.679280,-0.156450,-2.598240,ndi
1786504688.620099,19.835262,0.679250,-0.156450,-2.598280,ndi
1786504688.635131,19.850294,0.679280,-0.156460,-2.598260,ndi
1786504688.652582,19.867745,0.679280,-0.156450,-2.598270,ndi
1786504688.669988,19.885151,0.679240,-0.156430,-2.598130,ndi
1786504688.685031,19.900194,0.679220,-0.156440,-2.598210,ndi
1786504688.702680,19.917843,0.679260,-0.156440,-2.598160,ndi
1786504688.720232,19.935395,0.679270,-0.156450,-2.598210,ndi
1786504688.735175,19.950338,0.679230,-0.156450,-2.598120,ndi
1786504688.752674,19.967837,0.679260,-0.156440,-2.598180,ndi
1786504688.770052,19.985215,0.679260,-0.156450,-2.598210,ndi
1786504688.785039,20.000202,0.679300,-0.156450,-2.598290,ndi
1786504688.802593,20.017756,0.679280,-0.156450,-2.598260,ndi
1786504688.820089,20.035252,0.679270,-0.156450,-2.598260,ndi
1786504688.835119,20.050282,0.679270,-0.156450,-2.598210,ndi
1786504688.852553,20.067716,0.679280,-0.156440,-2.598290,ndi
1786504688.870016,20.085179,0.679290,-0.156470,-2.598320,ndi
1786504688.885047,20.100210,0.679260,-0.156440,-2.598230,ndi
1786504688.902591,20.117754,0.679280,-0.156460,-2.598300,ndi
1786504688.920094,20.135257,0.679270,-0.156450,-2.598200,ndi
1786504688.935362,20.150525,0.679260,-0.156460,-2.598280,ndi
1786504688.952744,20.167907,0.679240,-0.156450,-2.598200,ndi
1786504688.970087,20.185250,0.679280,-0.156450,-2.598240,ndi
1786504688.985044,20.200207,0.679260,-0.156460,-2.598260,ndi
1786504689.002639,20.217802,0.679260,-0.156450,-2.598300,ndi
1786504689.020177,20.235340,0.679250,-0.156440,-2.598200,ndi
1786504689.035143,20.250306,0.679260,-0.156450,-2.598280,ndi
1786504689.052709,20.267872,0.679230,-0.156450,-2.598210,ndi
1786504689.070055,20.285218,0.679250,-0.156440,-2.598180,ndi
1786504689.085038,20.300201,0.679240,-0.156440,-2.598180,ndi
1786504689.102770,20.317933,0.679250,-0.156440,-2.598230,ndi
1786504689.120294,20.335457,0.679270,-0.156430,-2.598180,ndi
1786504689.135362,20.350525,0.679210,-0.156420,-2.598080,ndi
1786504689.152776,20.367939,0.679220,-0.156430,-2.598100,ndi
1786504689.170078,20.385241,0.679270,-0.156440,-2.598230,ndi
1786504689.185025,20.400188,0.679240,-0.156440,-2.598170,ndi
1786504689.202733,20.417896,0.679250,-0.156430,-2.598170,ndi
1786504689.220220,20.435383,0.679250,-0.156440,-2.598180,ndi
1786504689.235112,20.450275,0.679270,-0.156450,-2.598230,ndi
1786504689.252696,20.467859,0.679250,-0.156440,-2.598190,ndi
1786504689.270074,20.485237,0.679260,-0.156440,-2.598270,ndi
1786504689.285056,20.500219,0.679270,-0.156450,-2.598310,ndi
1786504689.302738,20.517901,0.679290,-0.156460,-2.598330,ndi
1786504689.320166,20.535329,0.679300,-0.156460,-2.598340,ndi
1786504689.335165,20.550328,0.679250,-0.156430,-2.598130,ndi
1786504689.352658,20.567821,0.679260,-0.156450,-2.598230,ndi
1786504689.370082,20.585245,0.679300,-0.156450,-2.598310,ndi
1786504689.385095,20.600258,0.679280,-0.156450,-2.598280,ndi
1786504689.402596,20.617759,0.679250,-0.156440,-2.598210,ndi
1786504689.420208,20.635371,0.679260,-0.156460,-2.598210,ndi
1786504689.435176,20.650339,0.679280,-0.156450,-2.598230,ndi
1786504689.452720,20.667883,0.679240,-0.156430,-2.598150,ndi
1786504689.470093,20.685256,0.679250,-0.156450,-2.598160,ndi
1786504689.485078,20.700241,0.679260,-0.156460,-2.598180,ndi
1786504689.502604,20.717767,0.679210,-0.156450,-2.598080,ndi
1786504689.520257,20.735420,0.679250,-0.156460,-2.598230,ndi
1786504689.535120,20.750283,0.679220,-0.156440,-2.598110,ndi
1786504689.552737,20.767900,0.679300,-0.156460,-2.598320,ndi
1786504689.570047,20.785210,0.679230,-0.156460,-2.598210,ndi
1786504689.585070,20.800233,0.679280,-0.156450,-2.598240,ndi
1786504689.602678,20.817841,0.679280,-0.156440,-2.598250,ndi
1786504689.620243,20.835406,0.679250,-0.156460,-2.598280,ndi
1786504689.635276,20.850439,0.679280,-0.156460,-2.598200,ndi
1786504689.652740,20.867903,0.679230,-0.156430,-2.598240,ndi
1786504689.670062,20.885225,0.679260,-0.156430,-2.598170,ndi
1786504689.685090,20.900253,0.679220,-0.156450,-2.598090,ndi
1786504689.702674,20.917837,0.679260,-0.156450,-2.598240,ndi
1786504689.720220,20.935383,0.679280,-0.156420,-2.598190,ndi
1786504689.735177,20.950340,0.679230,-0.156450,-2.598180,ndi
1786504689.752601,20.967764,0.679300,-0.156460,-2.598340,ndi
1786504689.770036,20.985199,0.679260,-0.156440,-2.598200,ndi
1786504689.785082,21.000245,0.679250,-0.156440,-2.598170,ndi
1786504689.802599,21.017762,0.679300,-0.156460,-2.598310,ndi
1786504689.820120,21.035283,0.679290,-0.156450,-2.598250,ndi
1786504689.835066,21.050229,0.679290,-0.156440,-2.598300,ndi
1786504689.852602,21.067765,0.679310,-0.156450,-2.598310,ndi
1786504689.870048,21.085211,0.679270,-0.156450,-2.598270,ndi
1786504689.885083,21.100246,0.679310,-0.156460,-2.598300,ndi
1786504689.902591,21.117754,0.679300,-0.156450,-2.598300,ndi
1786504689.920206,21.135369,0.679270,-0.156450,-2.598290,ndi
1786504689.935095,21.150258,0.679310,-0.156450,-2.598310,ndi
1786504689.952589,21.167752,0.679260,-0.156440,-2.598240,ndi
1786504689.970119,21.185282,0.679290,-0.156450,-2.598350,ndi
1786504689.985134,21.200297,0.679300,-0.156450,-2.598320,ndi
1786504690.002599,21.217762,0.679240,-0.156440,-2.598180,ndi
1786504690.020099,21.235262,0.679240,-0.156430,-2.598150,ndi
1786504690.035054,21.250217,0.679280,-0.156440,-2.598230,ndi
1786504690.052775,21.267938,0.679260,-0.156450,-2.598210,ndi
1786504690.070086,21.285249,0.679280,-0.156450,-2.598280,ndi
1786504690.085077,21.300240,0.679270,-0.156450,-2.598200,ndi
1786504690.102586,21.317749,0.679250,-0.156450,-2.598170,ndi
1786504690.120102,21.335265,0.679270,-0.156440,-2.598230,ndi
1786504690.135153,21.350316,0.679240,-0.156440,-2.598160,ndi
1786504690.152602,21.367765,0.679250,-0.156440,-2.598180,ndi
1786504690.170131,21.385294,0.679300,-0.156460,-2.598280,ndi
1786504690.185114,21.400277,0.679250,-0.156430,-2.598170,ndi
1786504690.202576,21.417739,0.679280,-0.156450,-2.598250,ndi
1786504690.220076,21.435239,0.679250,-0.156450,-2.598230,ndi
1786504690.235077,21.450240,0.679230,-0.156420,-2.598100,ndi
1786504690.252622,21.467785,0.679240,-0.156440,-2.598110,ndi
1786504690.270085,21.485248,0.679240,-0.156450,-2.598150,ndi
1786504690.285085,21.500248,0.679260,-0.156430,-2.598170,ndi
1786504690.302546,21.517709,0.679250,-0.156430,-2.598160,ndi
1786504690.320102,21.535265,0.679270,-0.156450,-2.598200,ndi
1786504690.335127,21.550290,0.679290,-0.156450,-2.598290,ndi
1786504690.352585,21.567748,0.679270,-0.156430,-2.598270,ndi
1786504690.370126,21.585289,0.679270,-0.156430,-2.598220,ndi
1786504690.385086,21.600249,0.679270,-0.156440,-2.598210,ndi
1786504690.402585,21.617748,0.679260,-0.156450,-2.598170,ndi
1786504690.420060,21.635223,0.679260,-0.156430,-2.598210,ndi
1786504690.435475,21.650638,0.679320,-0.156450,-2.598310,ndi
1786504690.452639,21.667802,0.679260,-0.156450,-2.598240,ndi
1786504690.470088,21.685251,0.679290,-0.156450,-2.598340,ndi
1786504690.485095,21.700258,0.679280,-0.156440,-2.598210,ndi
1786504690.502686,21.717849,0.679260,-0.156430,-2.598180,ndi
1786504690.520154,21.735317,0.679250,-0.156450,-2.598200,ndi
1786504690.535305,21.750468,0.679300,-0.156440,-2.598280,ndi
1786504690.552792,21.767955,0.679250,-0.156440,-2.598210,ndi
1786504690.570131,21.785294,0.679250,-0.156440,-2.598200,ndi
1786504690.585072,21.800235,0.679280,-0.156440,-2.598230,ndi
1786504690.602572,21.817735,0.679290,-0.156430,-2.598250,ndi
1786504690.620084,21.835247,0.679250,-0.156430,-2.598200,ndi
1786504690.635099,21.850262,0.679270,-0.156450,-2.598230,ndi
1786504690.652777,21.867940,0.679310,-0.156440,-2.598250,ndi
1786504690.670083,21.885246,0.679260,-0.156440,-2.598210,ndi
1786504690.685047,21.900210,0.679290,-0.156440,-2.598320,ndi
1786504690.702580,21.917743,0.679280,-0.156440,-2.598250,ndi
1786504690.720101,21.935264,0.679270,-0.156430,-2.598240,ndi
1786504690.735131,21.950294,0.679280,-0.156440,-2.598350,ndi
1786504690.752673,21.967836,0.679240,-0.156430,-2.598110,ndi
1786504690.770094,21.985257,0.679270,-0.156430,-2.598220,ndi
1786504690.785075,22.000238,0.679270,-0.156440,-2.598210,ndi
1786504690.802555,22.017718,0.679270,-0.156440,-2.598140,ndi
1786504690.820062,22.035225,0.679270,-0.156440,-2.598240,ndi
1786504690.835071,22.050234,0.679270,-0.156430,-2.598240,ndi
1786504690.852631,22.067794,0.679270,-0.156440,-2.598240,ndi
1786504690.870102,22.085265,0.679240,-0.156440,-2.598140,ndi
1786504690.885073,22.100236,0.679240,-0.156430,-2.598120,ndi
1786504690.902544,22.117707,0.679250,-0.156420,-2.598160,ndi
1786504690.920092,22.135255,0.679260,-0.156440,-2.598120,ndi
1786504690.935394,22.150557,0.679240,-0.156440,-2.598160,ndi
1786504690.952802,22.167965,0.679250,-0.156430,-2.598240,ndi
1786504690.970114,22.185277,0.679260,-0.156440,-2.598160,ndi
1786504690.985145,22.200308,0.679250,-0.156450,-2.598170,ndi
1786504691.002604,22.217767,0.679230,-0.156430,-2.598120,ndi
1786504691.020105,22.235268,0.679260,-0.156440,-2.598200,ndi
1786504691.035157,22.250320,0.679250,-0.156440,-2.598210,ndi
1786504691.052723,22.267886,0.679270,-0.156450,-2.598190,ndi
1786504691.070100,22.285263,0.679250,-0.156440,-2.598180,ndi
1786504691.085068,22.300231,0.679220,-0.156440,-2.598120,ndi
1786504691.102582,22.317745,0.679270,-0.156440,-2.598180,ndi
1786504691.120139,22.335302,0.679240,-0.156440,-2.598180,ndi
1786504691.135166,22.350329,0.679240,-0.156430,-2.598160,ndi
1786504691.152660,22.367823,0.679240,-0.156440,-2.598140,ndi
1786504691.170134,22.385297,0.679270,-0.156450,-2.598210,ndi
1786504691.185062,22.400225,0.679240,-0.156450,-2.598120,ndi
1786504691.202666,22.417829,0.679240,-0.156430,-2.598180,ndi
1786504691.220197,22.435360,0.679240,-0.156430,-2.598200,ndi
1786504691.235217,22.450380,0.679200,-0.156430,-2.598040,ndi
1786504691.252683,22.467846,0.679240,-0.156430,-2.598110,ndi
1786504691.270084,22.485247,0.679240,-0.156440,-2.598160,ndi
1786504691.285077,22.500240,0.679240,-0.156430,-2.598150,ndi
1786504691.302556,22.517719,0.679240,-0.156440,-2.598090,ndi
1786504691.320115,22.535278,0.679250,-0.156450,-2.598140,ndi
1786504691.335147,22.550310,0.679220,-0.156440,-2.598100,ndi
1786504691.352618,22.567780,0.679230,-0.156440,-2.598130,ndi
1786504691.370124,22.585287,0.679250,-0.156440,-2.598150,ndi
1786504691.385055,22.600218,0.679220,-0.156440,-2.598020,ndi
1786504691.402609,22.617772,0.679260,-0.156450,-2.598220,ndi
1786504691.420236,22.635399,0.679240,-0.156430,-2.598070,ndi
1786504691.435233,22.650396,0.679250,-0.156450,-2.598240,ndi
1786504691.452807,22.667970,0.679250,-0.156440,-2.598090,ndi
1786504691.470075,22.685238,0.679230,-0.156440,-2.598120,ndi
1786504691.485089,22.700252,0.679240,-0.156440,-2.598130,ndi
1786504691.502777,22.717940,0.679290,-0.156450,-2.598210,ndi
1786504691.520163,22.735326,0.679240,-0.156450,-2.598240,ndi
1786504691.535449,22.750612,0.679230,-0.156430,-2.598150,ndi
1786504691.552800,22.767963,0.679270,-0.156440,-2.598270,ndi
1786504691.570116,22.785279,0.679270,-0.156450,-2.598240,ndi
1786504691.585099,22.800261,0.679280,-0.156450,-2.598280,ndi
1786504691.602645,22.817808,0.679260,-0.156440,-2.598180,ndi
1786504691.620316,22.835479,0.679250,-0.156450,-2.598230,ndi
1786504691.637751,22.852914,0.679270,-0.156460,-2.598260,ndi
1786504691.652773,22.867936,0.679300,-0.156450,-2.598290,ndi
1786504691.670060,22.885223,0.679260,-0.156440,-2.598230,ndi
1786504691.685096,22.900259,0.679250,-0.156450,-2.598170,ndi
1786504691.702634,22.917797,0.679240,-0.156440,-2.598140,ndi
1786504691.720154,22.935317,0.679260,-0.156440,-2.598230,ndi
1786504691.735227,22.950390,0.679280,-0.156450,-2.598280,ndi
1786504691.752670,22.967833,0.679250,-0.156450,-2.598190,ndi
1786504691.770108,22.985271,0.679270,-0.156430,-2.598220,ndi
1786504691.785067,23.000230,0.679260,-0.156430,-2.598180,ndi
1786504691.802621,23.017784,0.679300,-0.156450,-2.598330,ndi
1786504691.820149,23.035312,0.679270,-0.156440,-2.598300,ndi
1786504691.835155,23.050318,0.679260,-0.156440,-2.598180,ndi
1786504691.852589,23.067752,0.679300,-0.156450,-2.598300,ndi
1786504691.870088,23.085251,0.679280,-0.156430,-2.598140,ndi
1786504691.885092,23.100255,0.679240,-0.156430,-2.598070,ndi
1786504691.902610,23.117773,0.679250,-0.156440,-2.598180,ndi
1786504691.920128,23.135291,0.679280,-0.156440,-2.598220,ndi
1786504691.935218,23.150381,0.679260,-0.156440,-2.598230,ndi
1786504691.952644,23.167807,0.679260,-0.156420,-2.598170,ndi
1786504691.970083,23.185246,0.679240,-0.156440,-2.598110,ndi
1786504691.985064,23.200227,0.679260,-0.156430,-2.598230,ndi
1786504692.002732,23.217895,0.679270,-0.156430,-2.598190,ndi
1786504692.020236,23.235399,0.679240,-0.156430,-2.598150,ndi
1786504692.035290,23.250453,0.679250,-0.156430,-2.598130,ndi
1786504692.052748,23.267911,0.679260,-0.156430,-2.598150,ndi
1786504692.070063,23.285226,0.679230,-0.156420,-2.598090,ndi
1786504692.085075,23.300238,0.679260,-0.156460,-2.598270,ndi
1786504692.102624,23.317787,0.679280,-0.156440,-2.598290,ndi
1786504692.120177,23.335340,0.679280,-0.156440,-2.598180,ndi
1786504692.135204,23.350367,0.679250,-0.156440,-2.598210,ndi
1786504692.152658,23.367821,0.679300,-0.156450,-2.598310,ndi
1786504692.170100,23.385263,0.679270,-0.156440,-2.598210,ndi
1786504692.185081,23.400244,0.679260,-0.156440,-2.598220,ndi
1786504692.202631,23.417794,0.679310,-0.156440,-2.598280,ndi
1786504692.220320,23.435483,0.679270,-0.156450,-2.598260,ndi
1786504692.237809,23.452972,0.679300,-0.156440,-2.598330,ndi
1786504692.252765,23.467928,0.679270,-0.156430,-2.598200,ndi
1786504692.270133,23.485296,0.679290,-0.156440,-2.598290,ndi
1786504692.285166,23.500329,0.679260,-0.156450,-2.598210,ndi
1786504692.302775,23.517938,0.679280,-0.156430,-2.598270,ndi
1786504692.320228,23.535391,0.679310,-0.156450,-2.598280,ndi
1786504692.335254,23.550417,0.679270,-0.156460,-2.598220,ndi
1786504692.352709,23.567872,0.679280,-0.156450,-2.598290,ndi
1786504692.370098,23.585261,0.679290,-0.156440,-2.598290,ndi
1786504692.385112,23.600275,0.679280,-0.156440,-2.598200,ndi
1786504692.402751,23.617914,0.679280,-0.156430,-2.598270,ndi
1786504692.420335,23.635498,0.679260,-0.156440,-2.598180,ndi
1786504692.437788,23.652951,0.679250,-0.156450,-2.598120,ndi
1786504692.452748,23.667911,0.679260,-0.156440,-2.598190,ndi
1786504692.470124,23.685287,0.679270,-0.156450,-2.598200,ndi
1786504692.485103,23.700266,0.679260,-0.156440,-2.598230,ndi
1786504692.502604,23.717767,0.679290,-0.156440,-2.598170,ndi
1786504692.520191,23.735354,0.679290,-0.156440,-2.598240,ndi
1786504692.535200,23.750363,0.679270,-0.156440,-2.598200,ndi
1786504692.552642,23.767805,0.679300,-0.156440,-2.598210,ndi
1786504692.570127,23.785290,0.679280,-0.156440,-2.598170,ndi
1786504692.585148,23.800311,0.679270,-0.156440,-2.598180,ndi
1786504692.602654,23.817816,0.679280,-0.156440,-2.598250,ndi
1786504692.620315,23.835478,0.679260,-0.156440,-2.598130,ndi
1786504692.637744,23.852907,0.679260,-0.156450,-2.598160,ndi
1786504692.652635,23.867798,0.679240,-0.156440,-2.598130,ndi
1786504692.670125,23.885288,0.679280,-0.156430,-2.598220,ndi
1786504692.685129,23.900292,0.679250,-0.156430,-2.598190,ndi
1786504692.702713,23.917876,0.679200,-0.156430,-2.598040,ndi
1786504692.720333,23.935496,0.679220,-0.156410,-2.598150,ndi
1786504692.737739,23.952902,0.679240,-0.156420,-2.598110,ndi
1786504692.752721,23.967884,0.679230,-0.156420,-2.598160,ndi
1786504692.770102,23.985265,0.679230,-0.156420,-2.598140,ndi
1786504692.785113,24.000276,0.679240,-0.156410,-2.598070,ndi
1786504692.802658,24.017821,0.679270,-0.156430,-2.598200,ndi
1786504692.820300,24.035463,0.679270,-0.156440,-2.598210,ndi
1786504692.835281,24.050444,0.679240,-0.156430,-2.598150,ndi
1786504692.852765,24.067928,0.679240,-0.156410,-2.598120,ndi
1786504692.870102,24.085265,0.679320,-0.156450,-2.598300,ndi
1786504692.885078,24.100241,0.679260,-0.156440,-2.598190,ndi
1786504692.902718,24.117881,0.679250,-0.156420,-2.598150,ndi
1786504692.920289,24.135452,0.679320,-0.156430,-2.598300,ndi
1786504692.935285,24.150448,0.679290,-0.156450,-2.598250,ndi
1786504692.952808,24.167971,0.679290,-0.156450,-2.598280,ndi
1786504692.970128,24.185291,0.679280,-0.156440,-2.598220,ndi
1786504692.985102,24.200265,0.679270,-0.156440,-2.598260,ndi
1786504693.002715,24.217878,0.679260,-0.156450,-2.598180,ndi
1786504693.020257,24.235420,0.679280,-0.156450,-2.598230,ndi
1786504693.035280,24.250443,0.679270,-0.156430,-2.598240,ndi
1786504693.052767,24.267930,0.679240,-0.156440,-2.598180,ndi
1786504693.070127,24.285290,0.679300,-0.156440,-2.598310,ndi
1786504693.085128,24.300291,0.679270,-0.156430,-2.598260,ndi
1786504693.102749,24.317912,0.679250,-0.156440,-2.598260,ndi
1786504693.120221,24.335384,0.679290,-0.156440,-2.598260,ndi
1786504693.137707,24.352870,0.679290,-0.156440,-2.598290,ndi
1786504693.152630,24.367793,0.679260,-0.156430,-2.598240,ndi
1786504693.170139,24.385302,0.679260,-0.156440,-2.598210,ndi
1786504693.185126,24.400289,0.679250,-0.156430,-2.598240,ndi
1786504693.202639,24.417802,0.679250,-0.156440,-2.598230,ndi
1786504693.220170,24.435333,0.679300,-0.156430,-2.598250,ndi
1786504693.235163,24.450326,0.679270,-0.156420,-2.598170,ndi
1786504693.252654,24.467817,0.679220,-0.156430,-2.598100,ndi
1786504693.270133,24.485296,0.679240,-0.156420,-2.598130,ndi
1786504693.285140,24.500303,0.679270,-0.156410,-2.598190,ndi
1786504693.302744,24.517907,0.679240,-0.156430,-2.598130,ndi
1786504693.320180,24.535343,0.679260,-0.156430,-2.598250,ndi
1786504693.335315,24.550478,0.679260,-0.156410,-2.598170,ndi
1786504693.352727,24.567890,0.679290,-0.156420,-2.598170,ndi
1786504693.370151,24.585314,0.679260,-0.156430,-2.598180,ndi
1786504693.385103,24.600266,0.679250,-0.156420,-2.598110,ndi
1786504693.402661,24.617824,0.679250,-0.156410,-2.598150,ndi
1786504693.420332,24.635495,0.679250,-0.156410,-2.598080,ndi
1786504693.435276,24.650439,0.679250,-0.156430,-2.598080,ndi
1786504693.452879,24.668042,0.679230,-0.156420,-2.598050,ndi
1786504693.470122,24.685285,0.679310,-0.156420,-2.598290,ndi
1786504693.485115,24.700278,0.679280,-0.156430,-2.598200,ndi
1786504693.502608,24.717771,0.679240,-0.156420,-2.598110,ndi
1786504693.520187,24.735350,0.679250,-0.156410,-2.598100,ndi
1786504693.537731,24.752894,0.679260,-0.156410,-2.598200,ndi
1786504693.552804,24.767967,0.679300,-0.156430,-2.598200,ndi
1786504693.570138,24.785301,0.679250,-0.156440,-2.598190,ndi
1786504693.585123,24.800286,0.679240,-0.156430,-2.598150,ndi
1786504693.602769,24.817932,0.679280,-0.156430,-2.598210,ndi
1786504693.620293,24.835456,0.679290,-0.156440,-2.598230,ndi
1786504693.635275,24.850438,0.679260,-0.156440,-2.598170,ndi
1786504693.652749,24.867912,0.679250,-0.156430,-2.598180,ndi
1786504693.670115,24.885278,0.679280,-0.156430,-2.598280,ndi
1786504693.685096,24.900259,0.679240,-0.156420,-2.598050,ndi
1786504693.702623,24.917786,0.679260,-0.156420,-2.598150,ndi
1786504693.720304,24.935467,0.679260,-0.156430,-2.598250,ndi
1786504693.735283,24.950446,0.679250,-0.156430,-2.598200,ndi
1786504693.752783,24.967946,0.679300,-0.156450,-2.598240,ndi
1786504693.770123,24.985286,0.679280,-0.156450,-2.598270,ndi
1786504693.785105,25.000268,0.679300,-0.156440,-2.598300,ndi
1786504693.802602,25.017765,0.679260,-0.156440,-2.598190,ndi
1786504693.820172,25.035335,0.679320,-0.156450,-2.598350,ndi
1786504693.835205,25.050368,0.679270,-0.156440,-2.598150,ndi
1786504693.852765,25.067928,0.679260,-0.156420,-2.598160,ndi
1786504693.870144,25.085307,0.679270,-0.156440,-2.598340,ndi
1786504693.885106,25.100269,0.679280,-0.156440,-2.598270,ndi
1786504693.902660,25.117823,0.679300,-0.156440,-2.598260,ndi
1786504693.920165,25.135328,0.679260,-0.156430,-2.598260,ndi
1786504693.935104,25.150267,0.679240,-0.156430,-2.598210,ndi
1786504693.952847,25.168010,0.679300,-0.156430,-2.598260,ndi
1786504693.970130,25.185293,0.679290,-0.156430,-2.598320,ndi
1786504693.985121,25.200284,0.679300,-0.156450,-2.598350,ndi
1786504694.002732,25.217895,0.679290,-0.156450,-2.598320,ndi
1786504694.020185,25.235348,0.679280,-0.156440,-2.598340,ndi
1786504694.035198,25.250361,0.679320,-0.156450,-2.598420,ndi
1786504694.052672,25.267835,0.679300,-0.156440,-2.598400,ndi
1786504694.070164,25.285327,0.679320,-0.156450,-2.598360,ndi
1786504694.085136,25.300299,0.679280,-0.156450,-2.598310,ndi
1786504694.102712,25.317875,0.679300,-0.156450,-2.598310,ndi
1786504694.120175,25.335338,0.679290,-0.156430,-2.598310,ndi
1786504694.137778,25.352941,0.679310,-0.156450,-2.598370,ndi
1786504694.152872,25.368035,0.679280,-0.156450,-2.598260,ndi
1786504694.170187,25.385350,0.679280,-0.156440,-2.598300,ndi
1786504694.185101,25.400264,0.679280,-0.156440,-2.598240,ndi
1786504694.202704,25.417867,0.679300,-0.156450,-2.598320,ndi
1786504694.220182,25.435345,0.679290,-0.156450,-2.598320,ndi
1786504694.235181,25.450344,0.679270,-0.156450,-2.598300,ndi
1786504694.252703,25.467866,0.679310,-0.156450,-2.598340,ndi
1786504694.270139,25.485302,0.679320,-0.156450,-2.598410,ndi
1786504694.285106,25.500269,0.679260,-0.156430,-2.598240,ndi
1786504694.302728,25.517891,0.679310,-0.156420,-2.598320,ndi
1786504694.320254,25.535417,0.679310,-0.156430,-2.598290,ndi
1786504694.337713,25.552876,0.679310,-0.156450,-2.598320,ndi
1786504694.352751,25.567914,0.679260,-0.156440,-2.598280,ndi
1786504694.370160,25.585323,0.679270,-0.156420,-2.598210,ndi
1786504694.385119,25.600282,0.679270,-0.156440,-2.598250,ndi
1786504694.402675,25.617838,0.679260,-0.156440,-2.598200,ndi
1786504694.420166,25.635329,0.679310,-0.156450,-2.598380,ndi
1786504694.435302,25.650465,0.679300,-0.156450,-2.598360,ndi
1786504694.452871,25.668034,0.679300,-0.156450,-2.598310,ndi
1786504694.470220,25.685383,0.679270,-0.156460,-2.598330,ndi
1786504694.485137,25.700300,0.679290,-0.156440,-2.598350,ndi
1786504694.502673,25.717836,0.679300,-0.156450,-2.598310,ndi
1786504694.520203,25.735366,0.679260,-0.156450,-2.598250,ndi
1786504694.535455,25.750618,0.679280,-0.156440,-2.598310,ndi
1786504694.552682,25.767845,0.679260,-0.156430,-2.598200,ndi
1786504694.570140,25.785303,0.679250,-0.156450,-2.598180,ndi
1786504694.585176,25.800339,0.679270,-0.156450,-2.598270,ndi
1786504694.602713,25.817876,0.679300,-0.156440,-2.598370,ndi
1786504694.620276,25.835439,0.679260,-0.156440,-2.598270,ndi
1786504694.635519,25.850682,0.679250,-0.156440,-2.598190,ndi
1786504694.652901,25.868064,0.679250,-0.156430,-2.598140,ndi
1786504694.670202,25.885365,0.679230,-0.156440,-2.598130,ndi
1786504694.685150,25.900313,0.679250,-0.156440,-2.598120,ndi
1786504694.702636,25.917799,0.679250,-0.156440,-2.598100,ndi
1786504694.720192,25.935355,0.679200,-0.156440,-2.598000,ndi
1786504694.735160,25.950323,0.679240,-0.156450,-2.598060,ndi
1786504694.752689,25.967852,0.679240,-0.156440,-2.598150,ndi
1786504694.770154,25.985317,0.679250,-0.156440,-2.598130,ndi
1786504694.785138,26.000301,0.679200,-0.156430,-2.598080,ndi
1786504694.802632,26.017795,0.679230,-0.156420,-2.598190,ndi
1786504694.820201,26.035364,0.679230,-0.156430,-2.598150,ndi
1786504694.835210,26.050373,0.679250,-0.156440,-2.598260,ndi
1786504694.852737,26.067900,0.679270,-0.156440,-2.598260,ndi
1786504694.870208,26.085371,0.679280,-0.156440,-2.598270,ndi
1786504694.885154,26.100317,0.679260,-0.156440,-2.598330,ndi
1786504694.902834,26.117997,0.679290,-0.156430,-2.598250,ndi
1786504694.920412,26.135575,0.679340,-0.156450,-2.598400,ndi
1786504694.937819,26.152982,0.679280,-0.156450,-2.598330,ndi
1786504694.952859,26.168022,0.679280,-0.156440,-2.598300,ndi
1786504694.970178,26.185341,0.679250,-0.156410,-2.598110,ndi
1786504694.985150,26.200313,0.679260,-0.156400,-2.598100,ndi
1786504695.002635,26.217798,0.679200,-0.156410,-2.597980,ndi
1786504695.020193,26.235356,0.679270,-0.156420,-2.598270,ndi
1786504695.035331,26.250494,0.679280,-0.156430,-2.598230,ndi
1786504695.052858,26.268021,0.679310,-0.156450,-2.598360,ndi
1786504695.070206,26.285369,0.679290,-0.156440,-2.598320,ndi
1786504695.085163,26.300326,0.679280,-0.156440,-2.598390,ndi
1786504695.102747,26.317910,0.679320,-0.156460,-2.598420,ndi
1786504695.120315,26.335478,0.679340,-0.156470,-2.598410,ndi
1786504695.137832,26.352995,0.679280,-0.156460,-2.598330,ndi
1786504695.152856,26.368019,0.679290,-0.156460,-2.598260,ndi
1786504695.170149,26.385312,0.679320,-0.156460,-2.598350,ndi
1786504695.185122,26.400285,0.679310,-0.156450,-2.598330,ndi
1786504695.202719,26.417882,0.679270,-0.156460,-2.598230,ndi
1786504695.220302,26.435465,0.679260,-0.156440,-2.598270,ndi
1786504695.237785,26.452948,0.679270,-0.156450,-2.598210,ndi
1786504695.252827,26.467990,0.679290,-0.156460,-2.598320,ndi
1786504695.270195,26.485358,0.679260,-0.156440,-2.598130,ndi
1786504695.285144,26.500307,0.679240,-0.156440,-2.598150,ndi
1786504695.302786,26.517949,0.679280,-0.156430,-2.598310,ndi
1786504695.320352,26.535515,0.679310,-0.156430,-2.598240,ndi
1786504695.335428,26.550591,0.679300,-0.156430,-2.598330,ndi
1786504695.352753,26.567916,0.679280,-0.156440,-2.598340,ndi
1786504695.370185,26.585348,0.679270,-0.156430,-2.598260,ndi
1786504695.385148,26.600311,0.679270,-0.156420,-2.598200,ndi
1786504695.405647,26.620810,0.679250,-0.156430,-2.598190,ndi
1786504695.420490,26.635653,0.679270,-0.156430,-2.598350,ndi
1786504695.435463,26.650626,0.679270,-0.156430,-2.598360,ndi
1786504695.452737,26.667900,0.679280,-0.156440,-2.598330,ndi
1786504695.470251,26.685414,0.679250,-0.156440,-2.598200,ndi
1786504695.485252,26.700415,0.679250,-0.156450,-2.598250,ndi
1786504695.502788,26.717951,0.679280,-0.156440,-2.598290,ndi
1786504695.520292,26.735455,0.679290,-0.156450,-2.598390,ndi
1786504695.538005,26.753168,0.679300,-0.156450,-2.598380,ndi
1786504695.553028,26.768191,0.679260,-0.156430,-2.598300,ndi
1786504695.570273,26.785436,0.679260,-0.156430,-2.598230,ndi
1786504695.585160,26.800323,0.679280,-0.156440,-2.598290,ndi
1786504695.602713,26.817876,0.679270,-0.156450,-2.598250,ndi
1786504695.620495,26.835658,0.679250,-0.156440,-2.598260,ndi
1786504695.635308,26.850471,0.679250,-0.156430,-2.598210,ndi
1786504695.653103,26.868266,0.679270,-0.156440,-2.598290,ndi
1786504695.670273,26.885436,0.679260,-0.156440,-2.598210,ndi
1786504695.685196,26.900359,0.679280,-0.156440,-2.598290,ndi
1786504695.702926,26.918089,0.679290,-0.156450,-2.598320,ndi
1786504695.720395,26.935558,0.679290,-0.156430,-2.598330,ndi
1786504695.735422,26.950585,0.679260,-0.156430,-2.598220,ndi
1786504695.752851,26.968014,0.679260,-0.156450,-2.598260,ndi
1786504695.770212,26.985375,0.679260,-0.156430,-2.598240,ndi
1786504695.785223,27.000386,0.679280,-0.156430,-2.598190,ndi
1786504695.802757,27.017920,0.679270,-0.156430,-2.598250,ndi
1786504695.820325,27.035488,0.679260,-0.156430,-2.598210,ndi
1786504695.835309,27.050472,0.679260,-0.156420,-2.598230,ndi
1786504695.852768,27.067931,0.679300,-0.156430,-2.598350,ndi
1786504695.870264,27.085427,0.679280,-0.156440,-2.598290,ndi
1786504695.885194,27.100357,0.679250,-0.156430,-2.598230,ndi
1786504695.902892,27.118055,0.679260,-0.156440,-2.598250,ndi
1786504695.920368,27.135531,0.679290,-0.156430,-2.598240,ndi
1786504695.935378,27.150541,0.679280,-0.156440,-2.598240,ndi
1786504695.953050,27.168213,0.679270,-0.156440,-2.598310,ndi
1786504695.970301,27.185464,0.679280,-0.156430,-2.598270,ndi
1786504695.985250,27.200413,0.679310,-0.156440,-2.598340,ndi
1786504696.002798,27.217961,0.679250,-0.156460,-2.598230,ndi
1786504696.020374,27.235537,0.679260,-0.156440,-2.598290,ndi
1786504696.035327,27.250490,0.679290,-0.156430,-2.598280,ndi
1786504696.052832,27.267995,0.679310,-0.156450,-2.598350,ndi
1786504696.070278,27.285441,0.679280,-0.156460,-2.598300,ndi
1786504696.085211,27.300374,0.679270,-0.156440,-2.598260,ndi
1786504696.102932,27.318095,0.679280,-0.156440,-2.598270,ndi
1786504696.120432,27.335595,0.679270,-0.156430,-2.598180,ndi
1786504696.135423,27.350586,0.679280,-0.156450,-2.598290,ndi
1786504696.152861,27.368024,0.679240,-0.156430,-2.598210,ndi
1786504696.170212,27.385375,0.679240,-0.156430,-2.598220,ndi
1786504696.185217,27.400380,0.679290,-0.156440,-2.598250,ndi
1786504696.202823,27.417986,0.679240,-0.156430,-2.598120,ndi
1786504696.220406,27.435569,0.679220,-0.156410,-2.598110,ndi
1786504696.235458,27.450621,0.679250,-0.156420,-2.598200,ndi
1786504696.253104,27.468267,0.679220,-0.156430,-2.598080,ndi
1786504696.270262,27.485425,0.679230,-0.156430,-2.598070,ndi
1786504696.285239,27.500402,0.679200,-0.156420,-2.598090,ndi
1786504696.303017,27.518180,0.679180,-0.156430,-2.598080,ndi
1786504696.320518,27.535681,0.679260,-0.156440,-2.598170,ndi
1786504696.335569,27.550732,0.679200,-0.156420,-2.598070,ndi
1786504696.353122,27.568285,0.679270,-0.156440,-2.598260,ndi
1786504696.370309,27.585472,0.679270,-0.156450,-2.598230,ndi
1786504696.385297,27.600460,0.679310,-0.156440,-2.598300,ndi
1786504696.402987,27.618150,0.679300,-0.156450,-2.598330,ndi
1786504696.420442,27.635605,0.679270,-0.156440,-2.598200,ndi
1786504696.435453,27.650616,0.679320,-0.156470,-2.598400,ndi
1786504696.452902,27.668065,0.679300,-0.156450,-2.598390,ndi
1786504696.470280,27.685443,0.679310,-0.156450,-2.598360,ndi
1786504696.485249,27.700412,0.679270,-0.156430,-2.598180,ndi
1786504696.502804,27.717967,0.679230,-0.156430,-2.598060,ndi
1786504696.520507,27.735670,0.679260,-0.156440,-2.598150,ndi
1786504696.535802,27.750965,0.679270,-0.156440,-2.598200,ndi
1786504696.553057,27.768220,0.679280,-0.156440,-2.598230,ndi
1786504696.570266,27.785429,0.679280,-0.156460,-2.598290,ndi
1786504696.585243,27.800406,0.679300,-0.156460,-2.598390,ndi
1786504696.602993,27.818156,0.679360,-0.156470,-2.598480,ndi
1786504696.620432,27.835595,0.679310,-0.156470,-2.598420,ndi
1786504696.635418,27.850581,0.679330,-0.156460,-2.598410,ndi
1786504696.652864,27.868026,0.679320,-0.156460,-2.598420,ndi
1786504696.670377,27.885540,0.679300,-0.156450,-2.598350,ndi
1786504696.685250,27.900413,0.679320,-0.156450,-2.598310,ndi
1786504696.702941,27.918104,0.679300,-0.156450,-2.598330,ndi
1786504696.720509,27.935672,0.679290,-0.156440,-2.598300,ndi
1786504696.735436,27.950599,0.679310,-0.156460,-2.598380,ndi
1786504696.753069,27.968232,0.679290,-0.156450,-2.598340,ndi
1786504696.770289,27.985452,0.679260,-0.156460,-2.598230,ndi
1786504696.785240,28.000403,0.679260,-0.156450,-2.598250,ndi
1786504696.802909,28.018072,0.679270,-0.156440,-2.598210,ndi
1786504696.820423,28.035586,0.679250,-0.156450,-2.598170,ndi
1786504696.835389,28.050552,0.679270,-0.156450,-2.598220,ndi
1786504696.852952,28.068115,0.679300,-0.156450,-2.598330,ndi
1786504696.870276,28.085439,0.679320,-0.156450,-2.598380,ndi
1786504696.885258,28.100421,0.679300,-0.156460,-2.598400,ndi
1786504696.902810,28.117973,0.679320,-0.156450,-2.598410,ndi
1786504696.920333,28.135496,0.679320,-0.156470,-2.598410,ndi
1786504696.935609,28.150772,0.679310,-0.156480,-2.598440,ndi
1786504696.953151,28.168314,0.679330,-0.156460,-2.598460,ndi
1786504696.970273,28.185436,0.679310,-0.156450,-2.598350,ndi
1786504696.985241,28.200404,0.679240,-0.156420,-2.598210,ndi
1786504697.002811,28.217974,0.679190,-0.156410,-2.598070,ndi
1786504697.020364,28.235527,0.679230,-0.156410,-2.598140,ndi
1786504697.035306,28.250468,0.679190,-0.156410,-2.598050,ndi
1786504697.052740,28.267903,0.679250,-0.156430,-2.598160,ndi
1786504697.070290,28.285453,0.679240,-0.156430,-2.598160,ndi
1786504697.085269,28.300432,0.679230,-0.156420,-2.598220,ndi
1786504697.102964,28.318127,0.679250,-0.156420,-2.598120,ndi
1786504697.120515,28.335678,0.679280,-0.156420,-2.598210,ndi
1786504697.135487,28.350650,0.679230,-0.156410,-2.598060,ndi
1786504697.153063,28.368226,0.679250,-0.156420,-2.598160,ndi
1786504697.170270,28.385433,0.679250,-0.156420,-2.598100,ndi
1786504697.185248,28.400411,0.679280,-0.156430,-2.598200,ndi
1786504697.202915,28.418078,0.679250,-0.156430,-2.598200,ndi
1786504697.220652,28.435815,0.679280,-0.156430,-2.598220,ndi
1786504697.238086,28.453249,0.679280,-0.156440,-2.598240,ndi
1786504697.253044,28.468207,0.679270,-0.156440,-2.598220,ndi
1786504697.270278,28.485441,0.679270,-0.156420,-2.598190,ndi
1786504697.285378,28.500541,0.679240,-0.156430,-2.598120,ndi
1786504697.302945,28.518108,0.679260,-0.156440,-2.598160,ndi
1786504697.320694,28.535857,0.679280,-0.156430,-2.598240,ndi
1786504697.335618,28.550781,0.679260,-0.156420,-2.598170,ndi
1786504697.353065,28.568228,0.679240,-0.156440,-2.598150,ndi
1786504697.370364,28.585527,0.679270,-0.156430,-2.598220,ndi
1786504697.385298,28.600461,0.679300,-0.156430,-2.598300,ndi
1786504697.403070,28.618233,0.679290,-0.156450,-2.598330,ndi
1786504697.420663,28.635826,0.679260,-0.156430,-2.598250,ndi
1786504697.435635,28.650798,0.679290,-0.156430,-2.598290,ndi
1786504697.453011,28.668174,0.679300,-0.156440,-2.598260,ndi
1786504697.470336,28.685499,0.679250,-0.156430,-2.598210,ndi
1786504697.485323,28.700486,0.679280,-0.156440,-2.598260,ndi
1786504697.503050,28.718213,0.679260,-0.156430,-2.598190,ndi
1786504697.520561,28.735724,0.679240,-0.156430,-2.598150,ndi
1786504697.535599,28.750762,0.679270,-0.156440,-2.598250,ndi
1786504697.553023,28.768186,0.679260,-0.156440,-2.598180,ndi
1786504697.570359,28.785522,0.679260,-0.156430,-2.598220,ndi
1786504697.585314,28.800477,0.679300,-0.156430,-2.598270,ndi
1786504697.603063,28.818226,0.679240,-0.156440,-2.598180,ndi
1786504697.620593,28.835756,0.679280,-0.156440,-2.598290,ndi
1786504697.635497,28.850660,0.679250,-0.156430,-2.598230,ndi
1786504697.652975,28.868138,0.679250,-0.156420,-2.598150,ndi
1786504697.670340,28.885503,0.679270,-0.156430,-2.598170,ndi
1786504697.685320,28.900483,0.679260,-0.156440,-2.598220,ndi
1786504697.703124,28.918287,0.679260,-0.156430,-2.598150,ndi
1786504697.720659,28.935822,0.679230,-0.156440,-2.598130,ndi
1786504697.735593,28.950756,0.679270,-0.156440,-2.598220,ndi
1786504697.753105,28.968268,0.679290,-0.156430,-2.598300,ndi
1786504697.770315,28.985478,0.679260,-0.156430,-2.598250,ndi
1786504697.785295,29.000458,0.679300,-0.156440,-2.598290,ndi
1786504697.803068,29.018231,0.679230,-0.156440,-2.598130,ndi
1786504697.820632,29.035795,0.679270,-0.156410,-2.598250,ndi
1786504697.835635,29.050798,0.679250,-0.156430,-2.598180,ndi
1786504697.853034,29.068197,0.679240,-0.156430,-2.598170,ndi
1786504697.870317,29.085480,0.679260,-0.156430,-2.598160,ndi
1786504697.885330,29.100493,0.679270,-0.156440,-2.598260,ndi
1786504697.902967,29.118130,0.679300,-0.156440,-2.598290,ndi
1786504697.920461,29.135624,0.679290,-0.156440,-2.598210,ndi
1786504697.935612,29.150775,0.679280,-0.156450,-2.598250,ndi
1786504697.953065,29.168228,0.679270,-0.156430,-2.598230,ndi
1786504697.970323,29.185486,0.679290,-0.156430,-2.598280,ndi
1786504697.985301,29.200464,0.679280,-0.156450,-2.598250,ndi
1786504698.002776,29.217939,0.679250,-0.156440,-2.598210,ndi
1786504698.020527,29.235690,0.679280,-0.156430,-2.598220,ndi
1786504698.035556,29.250719,0.679280,-0.156450,-2.598170,ndi
1786504698.053155,29.268318,0.679260,-0.156440,-2.598160,ndi
1786504698.070289,29.285452,0.679290,-0.156420,-2.598240,ndi
1786504698.085313,29.300476,0.679270,-0.156430,-2.598230,ndi
1786504698.102787,29.317950,0.679280,-0.156450,-2.598290,ndi
1786504698.120348,29.335511,0.679280,-0.156440,-2.598290,ndi
1786504698.135515,29.350678,0.679270,-0.156430,-2.598220,ndi
1786504698.152935,29.368098,0.679280,-0.156430,-2.598250,ndi
1786504698.170317,29.385480,0.679270,-0.156430,-2.598230,ndi
1786504698.185266,29.400429,0.679290,-0.156420,-2.598230,ndi
1786504698.202973,29.418136,0.679260,-0.156430,-2.598240,ndi
1786504698.220499,29.435662,0.679300,-0.156440,-2.598330,ndi
1786504698.235623,29.450786,0.679270,-0.156430,-2.598230,ndi
1786504698.253078,29.468241,0.679280,-0.156430,-2.598280,ndi
1786504698.270320,29.485483,0.679240,-0.156430,-2.598110,ndi
1786504698.285373,29.500536,0.679260,-0.156450,-2.598250,ndi
1786504698.302818,29.517981,0.679280,-0.156440,-2.598180,ndi
1786504698.320375,29.535538,0.679280,-0.156440,-2.598190,ndi
1786504698.335291,29.550454,0.679290,-0.156440,-2.598290,ndi
1786504698.352840,29.568003,0.679250,-0.156420,-2.598180,ndi
1786504698.370353,29.585516,0.679300,-0.156440,-2.598350,ndi
1786504698.385306,29.600469,0.679300,-0.156440,-2.598300,ndi
1786504698.402932,29.618095,0.679280,-0.156440,-2.598270,ndi
1786504698.420407,29.635570,0.679260,-0.156430,-2.598210,ndi
1786504698.435435,29.650598,0.679310,-0.156440,-2.598340,ndi
1786504698.453004,29.668167,0.679310,-0.156430,-2.598300,ndi
1786504698.470329,29.685492,0.679280,-0.156440,-2.598270,ndi
1786504698.485361,29.700524,0.679290,-0.156450,-2.598270,ndi
1786504698.502989,29.718152,0.679300,-0.156430,-2.598350,ndi
1786504698.520363,29.735526,0.679300,-0.156440,-2.598230,ndi
1786504698.535613,29.750776,0.679300,-0.156440,-2.598310,ndi
1786504698.553126,29.768289,0.679280,-0.156440,-2.598320,ndi
1786504698.570329,29.785492,0.679320,-0.156430,-2.598300,ndi
1786504698.585307,29.800470,0.679290,-0.156440,-2.598210,ndi
1786504698.602963,29.818126,0.679290,-0.156430,-2.598210,ndi
1786504698.620471,29.835634,0.679260,-0.156440,-2.598160,ndi
1786504698.635437,29.850600,0.679270,-0.156420,-2.598140,ndi
1786504698.653205,29.868368,0.679280,-0.156430,-2.598230,ndi
1786504698.670360,29.885523,0.679280,-0.156440,-2.598240,ndi
1786504698.685462,29.900625,0.679250,-0.156430,-2.598160,ndi
1786504698.702806,29.917969,0.679250,-0.156410,-2.598100,ndi
1786504698.720383,29.935546,0.679250,-0.156420,-2.598090,ndi
1786504698.735651,29.950814,0.679280,-0.156440,-2.598290,ndi
1786504698.753144,29.968307,0.679270,-0.156420,-2.598190,ndi
1786504698.770293,29.985456,0.679270,-0.156430,-2.598220,ndi
1786504698.785249,30.000412,0.679250,-0.156430,-2.598200,ndi
1786504698.802877,30.018040,0.679250,-0.156430,-2.598160,ndi
1786504698.820701,30.035864,0.679280,-0.156430,-2.598190,ndi
1786504698.835630,30.050793,0.679270,-0.156430,-2.598250,ndi
1786504698.853087,30.068250,0.679280,-0.156450,-2.598230,ndi
1786504698.870318,30.085481,0.679260,-0.156430,-2.598140,ndi
1786504698.885256,30.100419,0.679260,-0.156430,-2.598170,ndi
1786504698.903010,30.118173,0.679270,-0.156430,-2.598190,ndi
1786504698.920415,30.135578,0.679260,-0.156430,-2.598180,ndi
1786504698.935368,30.150531,0.679270,-0.156440,-2.598130,ndi
1786504698.952844,30.168007,0.679230,-0.156430,-2.598080,ndi
1786504698.970299,30.185462,0.679260,-0.156430,-2.598160,ndi
1786504698.985254,30.200417,0.679210,-0.156430,-2.598090,ndi
1786504699.002855,30.218018,0.679270,-0.156450,-2.598210,ndi
1786504699.020580,30.235743,0.679280,-0.156430,-2.598220,ndi
1786504699.035570,30.250733,0.679240,-0.156420,-2.598160,ndi
1786504699.053149,30.268312,0.679300,-0.156430,-2.598250,ndi
1786504699.070338,30.285501,0.679290,-0.156440,-2.598250,ndi
1786504699.085303,30.300466,0.679300,-0.156430,-2.598350,ndi
1786504699.102946,30.318109,0.679250,-0.156410,-2.598130,ndi
1786504699.120459,30.335622,0.679290,-0.156430,-2.598310,ndi
1786504699.135461,30.350624,0.679270,-0.156430,-2.598250,ndi
1786504699.153293,30.368456,0.679270,-0.156430,-2.598270,ndi
1786504699.170381,30.385544,0.679280,-0.156420,-2.598230,ndi
1786504699.185314,30.400477,0.679260,-0.156430,-2.598180,ndi
1786504699.202964,30.418127,0.679290,-0.156430,-2.598240,ndi
1786504699.220388,30.435551,0.679240,-0.156410,-2.598130,ndi
1786504699.235630,30.450793,0.679260,-0.156420,-2.598210,ndi
1786504699.253174,30.468337,0.679240,-0.156430,-2.598130,ndi
1786504699.270325,30.485488,0.679240,-0.156420,-2.598160,ndi
1786504699.285307,30.500470,0.679240,-0.156410,-2.598110,ndi
1786504699.302938,30.518101,0.679250,-0.156440,-2.598240,ndi
1786504699.320426,30.535589,0.679280,-0.156440,-2.598260,ndi
1786504699.335659,30.550822,0.679240,-0.156420,-2.598210,ndi
1786504699.353129,30.568292,0.679240,-0.156430,-2.598210,ndi
1786504699.370374,30.585537,0.679200,-0.156430,-2.598110,ndi
1786504699.385310,30.600473,0.679240,-0.156430,-2.598200,ndi
1786504699.402996,30.618159,0.679230,-0.156420,-2.598120,ndi
1786504699.420489,30.635652,0.679270,-0.156450,-2.598330,ndi
1786504699.435646,30.650809,0.679260,-0.156440,-2.598200,ndi
1786504699.453261,30.668424,0.679250,-0.156440,-2.598160,ndi
1786504699.470363,30.685526,0.679250,-0.156440,-2.598160,ndi
1786504699.485299,30.700462,0.679240,-0.156440,-2.598150,ndi
1786504699.502831,30.717994,0.679250,-0.156450,-2.598190,ndi
1786504699.520397,30.735560,0.679280,-0.156440,-2.598170,ndi
1786504699.535576,30.750739,0.679320,-0.156460,-2.598330,ndi
1786504699.553145,30.768308,0.679310,-0.156460,-2.598310,ndi
1786504699.570332,30.785495,0.679330,-0.156450,-2.598410,ndi
1786504699.585288,30.800451,0.679320,-0.156440,-2.598350,ndi
1786504699.602995,30.818158,0.679290,-0.156430,-2.598210,ndi
1786504699.620486,30.835649,0.679260,-0.156440,-2.598230,ndi
1786504699.635450,30.850613,0.679290,-0.156440,-2.598240,ndi
1786504699.652927,30.868090,0.679270,-0.156420,-2.598200,ndi
1786504699.670329,30.885492,0.679280,-0.156430,-2.598190,ndi
1786504699.685299,30.900462,0.679280,-0.156430,-2.598170,ndi
1786504699.703003,30.918166,0.679250,-0.156420,-2.598150,ndi
1786504699.720489,30.935652,0.679260,-0.156420,-2.598200,ndi
1786504699.735474,30.950637,0.679280,-0.156430,-2.598220,ndi
1786504699.752952,30.968115,0.679300,-0.156420,-2.598230,ndi
1786504699.770296,30.985459,0.679300,-0.156430,-2.598320,ndi
1786504699.785250,31.000413,0.679240,-0.156420,-2.598100,ndi
1786504699.802976,31.018139,0.679270,-0.156410,-2.598120,ndi
1786504699.820529,31.035692,0.679270,-0.156420,-2.598160,ndi
1786504699.835472,31.050635,0.679290,-0.156440,-2.598220,ndi
1786504699.852938,31.068101,0.679250,-0.156430,-2.598150,ndi
1786504699.870306,31.085469,0.679240,-0.156410,-2.598100,ndi
1786504699.885296,31.100459,0.679280,-0.156420,-2.598100,ndi
1786504699.903033,31.118196,0.679280,-0.156430,-2.598230,ndi
1786504699.920497,31.135660,0.679240,-0.156430,-2.598150,ndi
1786504699.935435,31.150598,0.679290,-0.156410,-2.598210,ndi
1786504699.952960,31.168123,0.679250,-0.156420,-2.598130,ndi
1786504699.970310,31.185473,0.679300,-0.156440,-2.598280,ndi
1786504699.985270,31.200433,0.679220,-0.156420,-2.598130,ndi
1786504700.002979,31.218142,0.679260,-0.156410,-2.598150,ndi
1786504700.020567,31.235730,0.679270,-0.156420,-2.598090,ndi
1786504700.035465,31.250628,0.679230,-0.156440,-2.598120,ndi
1786504700.052911,31.268074,0.679250,-0.156420,-2.598160,ndi
1786504700.070311,31.285474,0.679210,-0.156410,-2.598040,ndi
1786504700.085311,31.300474,0.679230,-0.156430,-2.598010,ndi
1786504700.102887,31.318050,0.679230,-0.156440,-2.598050,ndi
1786504700.120693,31.335856,0.679210,-0.156410,-2.598060,ndi
1786504700.135602,31.350765,0.679260,-0.156420,-2.598090,ndi
1786504700.153107,31.368270,0.679270,-0.156430,-2.598150,ndi
1786504700.170266,31.385429,0.679260,-0.156430,-2.598200,ndi
1786504700.185346,31.400509,0.679260,-0.156420,-2.598150,ndi
1786504700.203164,31.418327,0.679250,-0.156430,-2.598210,ndi
1786504700.220703,31.435866,0.679280,-0.156440,-2.598230,ndi
1786504700.235589,31.450752,0.679270,-0.156440,-2.598120,ndi
1786504700.253102,31.468265,0.679270,-0.156450,-2.598250,ndi
1786504700.270365,31.485528,0.679280,-0.156440,-2.598270,ndi
1786504700.285336,31.500499,0.679300,-0.156440,-2.598310,ndi
1786504700.302970,31.518133,0.679290,-0.156440,-2.598320,ndi
1786504700.320427,31.535590,0.679260,-0.156450,-2.598320,ndi
1786504700.335639,31.550802,0.679300,-0.156440,-2.598320,ndi
1786504700.353181,31.568344,0.679300,-0.156440,-2.598300,ndi
1786504700.370322,31.585485,0.679290,-0.156440,-2.598280,ndi
1786504700.385313,31.600476,0.679300,-0.156450,-2.598340,ndi
1786504700.404931,31.620094,0.679270,-0.156440,-2.598290,ndi
1786504700.420559,31.635722,0.679270,-0.156440,-2.598150,ndi
1786504700.435670,31.650833,0.679280,-0.156460,-2.598250,ndi
1786504700.453019,31.668182,0.679290,-0.156460,-2.598300,ndi
1786504700.470507,31.685670,0.679280,-0.156450,-2.598240,ndi
1786504700.485486,31.700649,0.679280,-0.156440,-2.598120,ndi
1786504700.503024,31.718187,0.679280,-0.156440,-2.598160,ndi
1786504700.520576,31.735739,0.679240,-0.156430,-2.598150,ndi
1786504700.535533,31.750696,0.679270,-0.156430,-2.598220,ndi
1786504700.552991,31.768154,0.679300,-0.156420,-2.598210,ndi
1786504700.570514,31.785677,0.679270,-0.156430,-2.598150,ndi
1786504700.585510,31.800673,0.679240,-0.156420,-2.598130,ndi
1786504700.602978,31.818141,0.679240,-0.156400,-2.598100,ndi
1786504700.620426,31.835589,0.679220,-0.156410,-2.598010,ndi
1786504700.635277,31.850440,0.679220,-0.156420,-2.598050,ndi
1786504700.652913,31.868076,0.679220,-0.156400,-2.598030,ndi
1786504700.670419,31.885582,0.679250,-0.156420,-2.598160,ndi
1786504700.685369,31.900532,0.679260,-0.156420,-2.598170,ndi
1786504700.702890,31.918053,0.679290,-0.156430,-2.598270,ndi
1786504700.720323,31.935486,0.679240,-0.156410,-2.598180,ndi
1786504700.735396,31.950559,0.679280,-0.156430,-2.598240,ndi
1786504700.752827,31.967990,0.679290,-0.156430,-2.598230,ndi
1786504700.770438,31.985601,0.679290,-0.156430,-2.598220,ndi
1786504700.785329,32.000492,0.679280,-0.156430,-2.598270,ndi
1786504700.803194,32.018357,0.679280,-0.156440,-2.598250,ndi
1786504700.820469,32.035632,0.679310,-0.156440,-2.598220,ndi
1786504700.835435,32.050598,0.679310,-0.156430,-2.598350,ndi
1786504700.852844,32.068007,0.679280,-0.156430,-2.598260,ndi
1786504700.870388,32.085551,0.679310,-0.156440,-2.598380,ndi
1786504700.885312,32.100475,0.679310,-0.156430,-2.598330,ndi
1786504700.902903,32.118066,0.679310,-0.156440,-2.598320,ndi
1786504700.920347,32.135510,0.679300,-0.156450,-2.598350,ndi
1786504700.935374,32.150537,0.679300,-0.156450,-2.598290,ndi
1786504700.953211,32.168374,0.679300,-0.156430,-2.598310,ndi
1786504700.970401,32.185564,0.679320,-0.156450,-2.598360,ndi
1786504700.985341,32.200504,0.679290,-0.156450,-2.598320,ndi
1786504701.002917,32.218080,0.679280,-0.156440,-2.598200,ndi
1786504701.020392,32.235555,0.679310,-0.156440,-2.598280,ndi
1786504701.035406,32.250569,0.679330,-0.156440,-2.598310,ndi
1786504701.053284,32.268447,0.679290,-0.156450,-2.598290,ndi
1786504701.070381,32.285544,0.679300,-0.156450,-2.598310,ndi
1786504701.085318,32.300481,0.679320,-0.156440,-2.598280,ndi
1786504701.102853,32.318016,0.679300,-0.156450,-2.598270,ndi
1786504701.120387,32.335550,0.679330,-0.156450,-2.598420,ndi
1786504701.135623,32.350786,0.679300,-0.156440,-2.598240,ndi
1786504701.153018,32.368181,0.679300,-0.156440,-2.598270,ndi
1786504701.170355,32.385518,0.679350,-0.156450,-2.598340,ndi
1786504701.185350,32.400513,0.679310,-0.156450,-2.598390,ndi
1786504701.203063,32.418226,0.679250,-0.156440,-2.598210,ndi
1786504701.220786,32.435949,0.679300,-0.156440,-2.598280,ndi
1786504701.235414,32.450577,0.679310,-0.156440,-2.598230,ndi
1786504701.253193,32.468356,0.679310,-0.156450,-2.598250,ndi
1786504701.270442,32.485605,0.679330,-0.156450,-2.598360,ndi
1786504701.285374,32.500537,0.679330,-0.156440,-2.598360,ndi
1786504701.302869,32.518032,0.679330,-0.156450,-2.598290,ndi
1786504701.320381,32.535544,0.679300,-0.156450,-2.598340,ndi
1786504701.335387,32.550550,0.679310,-0.156450,-2.598280,ndi
1786504701.352857,32.568020,0.679290,-0.156440,-2.598310,ndi
1786504701.370409,32.585572,0.679290,-0.156440,-2.598320,ndi
1786504701.385334,32.600497,0.679290,-0.156450,-2.598220,ndi
1786504701.402902,32.618065,0.679280,-0.156450,-2.598230,ndi
1786504701.420589,32.635752,0.679270,-0.156430,-2.598240,ndi
1786504701.435308,32.650471,0.679260,-0.156440,-2.598130,ndi
1786504701.453117,32.668280,0.679310,-0.156450,-2.598270,ndi
1786504701.470350,32.685513,0.679240,-0.156440,-2.598200,ndi
1786504701.485365,32.700528,0.679260,-0.156430,-2.598230,ndi
