stamp,elapsed,x,y,z,frame_id
1786504317.735650,0.000000,-0.004610,-0.147380,-1.457850,ndi
1786504317.753192,0.017542,-0.004620,-0.147390,-1.457860,ndi
1786504317.770626,0.034976,-0.004620,-0.147380,-1.457870,ndi
1786504317.785655,0.050005,-0.004610,-0.147380,-1.457850,ndi
1786504317.803223,0.067573,-0.004610,-0.147380,-1.457850,ndi
1786504317.820654,0.085004,-0.004620,-0.147390,-1.457840,ndi
1786504317.835796,0.100146,-0.004620,-0.147390,-1.457860,ndi
1786504317.853240,0.117590,-0.004620,-0.147380,-1.457880,ndi
1786504317.870622,0.134972,-0.004620,-0.147380,-1.457860,ndi
1786504317.885687,0.150037,-0.004620,-0.147380,-1.457860,ndi
1786504317.903293,0.167643,-0.004620,-0.147390,-1.457850,ndi
1786504317.920844,0.185194,-0.004620,-0.147370,-1.457860,ndi
1786504317.935760,0.200110,-0.004620,-0.147380,-1.457880,ndi
1786504317.953265,0.217615,-0.004610,-0.147390,-1.457870,ndi
1786504317.968292,0.232641,-0.004610,-0.147380,-1.457850,ndi
1786504317.985641,0.249991,-0.004620,-0.147370,-1.457850,ndi
1786504318.003191,0.267541,-0.004620,-0.147370,-1.457860,ndi
1786504318.020823,0.285173,-0.004610,-0.147390,-1.457860,ndi
1786504318.035803,0.300153,-0.004620,-0.147390,-1.457860,ndi
1786504318.053278,0.317628,-0.004620,-0.147380,-1.457870,ndi
1786504318.070635,0.334985,-0.004620,-0.147370,-1.457880,ndi
1786504318.085664,0.350014,-0.004630,-0.147380,-1.457870,ndi
1786504318.103156,0.367506,-0.004630,-0.147390,-1.457860,ndi
1786504318.120939,0.385289,-0.004620,-0.147380,-1.457880,ndi
1786504318.135874,0.400223,-0.004610,-0.147370,-1.457860,ndi
1786504318.153301,0.417650,-0.004620,-0.147390,-1.457880,ndi
1786504318.168226,0.432576,-0.004610,-0.147390,-1.457890,ndi
1786504318.185661,0.450011,-0.004600,-0.147380,-1.457880,ndi
1786504318.203259,0.467609,-0.004620,-0.147370,-1.457880,ndi
1786504318.220777,0.485127,-0.004620,-0.147390,-1.457850,ndi
1786504318.235816,0.500166,-0.004620,-0.147390,-1.457880,ndi
1786504318.253213,0.517563,-0.004610,-0.147370,-1.457870,ndi
1786504318.268234,0.532584,-0.004620,-0.147370,-1.457880,ndi
1786504318.285671,0.550021,-0.004620,-0.147380,-1.457860,ndi
1786504318.303191,0.567541,-0.004610,-0.147390,-1.457880,ndi
1786504318.318291,0.582641,-0.004620,-0.147380,-1.457860,ndi
1786504318.335846,0.600196,-0.004600,-0.147380,-1.457870,ndi
1786504318.353276,0.617626,-0.004620,-0.147390,-1.457870,ndi
1786504318.368224,0.632574,-0.004610,-0.147380,-1.457870,ndi
1786504318.385630,0.649980,-0.004610,-0.147380,-1.457870,ndi
1786504318.403163,0.667513,-0.004620,-0.147370,-1.457880,ndi
1786504318.420640,0.684990,-0.004610,-0.147380,-1.457890,ndi
1786504318.435784,0.700134,-0.004620,-0.147380,-1.457870,ndi
1786504318.453161,0.717511,-0.004620,-0.147380,-1.457870,ndi
1786504318.468244,0.732594,-0.004620,-0.147380,-1.457880,ndi
1786504318.485589,0.749939,-0.004620,-0.147380,-1.457890,ndi
1786504318.503139,0.767488,-0.004610,-0.147390,-1.457880,ndi
1786504318.520630,0.784980,-0.004620,-0.147380,-1.457860,ndi
1786504318.535726,0.800076,-0.004610,-0.147380,-1.457860,ndi
1786504318.553134,0.817484,-0.004600,-0.147380,-1.457880,ndi
1786504318.570647,0.834997,-0.004610,-0.147380,-1.457890,ndi
1786504318.585659,0.850009,-0.004610,-0.147380,-1.457860,ndi
1786504318.603153,0.867503,-0.004620,-0.147380,-1.457870,ndi
1786504318.620704,0.885054,-0.004620,-0.147380,-1.457870,ndi
1786504318.635705,0.900054,-0.004630,-0.147380,-1.457870,ndi
1786504318.653147,0.917497,-0.004620,-0.147380,-1.457880,ndi
1786504318.670617,0.934967,-0.004610,-0.147380,-1.457870,ndi
1786504318.685623,0.949973,-0.004620,-0.147380,-1.457870,ndi
1786504318.703258,0.967608,-0.004610,-0.147380,-1.457890,ndi
1786504318.718318,0.982667,-0.004620,-0.147380,-1.457880,ndi
1786504318.735693,1.000043,-0.004610,-0.147390,-1.457870,ndi
1786504318.753182,1.017532,-0.004610,-0.147380,-1.457880,ndi
1786504318.770629,1.034979,-0.004610,-0.147370,-1.457870,ndi
1786504318.785658,1.050008,-0.004610,-0.147380,-1.457860,ndi
1786504318.803212,1.067562,-0.004620,-0.147390,-1.457860,ndi
1786504318.818220,1.082570,-0.004620,-0.147380,-1.457870,ndi
1786504318.835778,1.100128,-0.004630,-0.147370,-1.457890,ndi
1786504318.853223,1.117573,-0.004630,-0.147380,-1.457880,ndi
1786504318.870592,1.134942,-0.004620,-0.147390,-1.457890,ndi
1786504318.885628,1.149978,-0.004610,-0.147380,-1.457880,ndi
1786504318.903203,1.167553,-0.004610,-0.147370,-1.457870,ndi
1786504318.920841,1.185191,-0.004600,-0.147390,-1.457890,ndi
1786504318.935886,1.200236,-0.004620,-0.147380,-1.457850,ndi
1786504318.953298,1.217648,-0.004610,-0.147380,-1.457870,ndi
1786504318.970626,1.234976,-0.004610,-0.147370,-1.457850,ndi
1786504318.985652,1.250002,-0.004610,-0.147390,-1.457870,ndi
1786504319.003266,1.267616,-0.004620,-0.147380,-1.457880,ndi
1786504319.020775,1.285125,-0.004620,-0.147380,-1.457880,ndi
1786504319.035800,1.300150,-0.004620,-0.147370,-1.457870,ndi
1786504319.053314,1.317664,-0.004630,-0.147380,-1.457870,ndi
1786504319.070608,1.334958,-0.004620,-0.147390,-1.457850,ndi
1786504319.085643,1.349993,-0.004610,-0.147380,-1.457860,ndi
1786504319.103220,1.367569,-0.004610,-0.147380,-1.457860,ndi
1786504319.120702,1.385052,-0.004610,-0.147390,-1.457870,ndi
1786504319.135843,1.400193,-0.004610,-0.147390,-1.457870,ndi
1786504319.153257,1.417607,-0.004610,-0.147370,-1.457890,ndi
1786504319.168209,1.432559,-0.004620,-0.147370,-1.457870,ndi
1786504319.185650,1.450000,-0.004610,-0.147390,-1.457870,ndi
1786504319.203251,1.467601,-0.004620,-0.147390,-1.457880,ndi
1786504319.218268,1.482618,-0.004620,-0.147370,-1.457860,ndi
1786504319.235683,1.500033,-0.004620,-0.147370,-1.457890,ndi
1786504319.253168,1.517518,-0.004620,-0.147390,-1.457890,ndi
1786504319.270646,1.534996,-0.004620,-0.147390,-1.457870,ndi
1786504319.285657,1.550007,-0.004610,-0.147370,-1.457870,ndi
1786504319.303270,1.567620,-0.004610,-0.147380,-1.457890,ndi
1786504319.320899,1.585249,-0.004610,-0.147390,-1.457880,ndi
1786504319.335766,1.600116,-0.004610,-0.147380,-1.457860,ndi
1786504319.353307,1.617656,-0.004610,-0.147370,-1.457870,ndi
1786504319.370658,1.635008,-0.004610,-0.147380,-1.457870,ndi
1786504319.385648,1.649998,-0.004610,-0.147390,-1.457860,ndi
1786504319.403187,1.667537,-0.004630,-0.147380,-1.457880,ndi
1786504319.418336,1.682686,-0.004610,-0.147370,-1.457860,ndi
1786504319.435718,1.700068,-0.004620,-0.147380,-1.457880,ndi
1786504319.453215,1.717565,-0.004620,-0.147390,-1.457860,ndi
1786504319.470640,1.734990,-0.004610,-0.147380,-1.457870,ndi
1786504319.485679,1.750029,-0.004610,-0.147370,-1.457870,ndi
1786504319.503200,1.767550,-0.004610,-0.147380,-1.457850,ndi
1786504319.518324,1.782674,-0.004610,-0.147390,-1.457860,ndi
1786504319.535747,1.800097,-0.004600,-0.147380,-1.457880,ndi
1786504319.553184,1.817534,-0.004610,-0.147370,-1.457880,ndi
1786504319.568353,1.832703,-0.004610,-0.147390,-1.457870,ndi
1786504319.585654,1.850004,-0.004620,-0.147390,-1.457870,ndi
1786504319.603261,1.867610,-0.004630,-0.147370,-1.457890,ndi
1786504319.618320,1.882669,-0.004620,-0.147370,-1.457860,ndi
1786504319.635895,1.900245,-0.004620,-0.147390,-1.457880,ndi
1786504319.653291,1.917641,-0.004620,-0.147380,-1.457850,ndi
1786504319.670619,1.934969,-0.004610,-0.147380,-1.457890,ndi
1786504319.685656,1.950006,-0.004610,-0.147370,-1.457870,ndi
1786504319.703211,1.967561,-0.004610,-0.147390,-1.457870,ndi
1786504319.718426,1.982776,-0.004610,-0.147390,-1.457870,ndi
1786504319.735715,2.000065,-0.004610,-0.147370,-1.457880,ndi
1786504319.753152,2.017502,-0.004610,-0.147380,-1.457880,ndi
1786504319.768326,2.032676,-0.004610,-0.147390,-1.457860,ndi
1786504319.785667,2.050017,-0.004610,-0.147390,-1.457870,ndi
1786504319.803301,2.067651,-0.004630,-0.147370,-1.457870,ndi
1786504319.818342,2.082692,-0.004620,-0.147380,-1.457870,ndi
1786504319.835917,2.100267,-0.004610,-0.147390,-1.457880,ndi
1786504319.853204,2.117553,-0.004620,-0.147380,-1.457850,ndi
1786504319.870635,2.134985,-0.004610,-0.147370,-1.457880,ndi
1786504319.885707,2.150057,-0.004620,-0.147380,-1.457850,ndi
1786504319.903320,2.167670,-0.004610,-0.147390,-1.457880,ndi
1786504319.920772,2.185122,-0.004610,-0.147380,-1.457880,ndi
1786504319.935783,2.200133,-0.004610,-0.147370,-1.457870,ndi
1786504319.953250,2.217600,-0.004620,-0.147380,-1.457880,ndi
1786504319.970630,2.234980,-0.004620,-0.147390,-1.457860,ndi
1786504319.985639,2.249989,-0.004620,-0.147380,-1.457840,ndi
1786504320.003339,2.267689,-0.004630,-0.147370,-1.457860,ndi
1786504320.020735,2.285085,-0.004620,-0.147380,-1.457860,ndi
1786504320.035869,2.300219,-0.004620,-0.147390,-1.457870,ndi
1786504320.053246,2.317596,-0.004620,-0.147380,-1.457870,ndi
1786504320.070650,2.335000,-0.004610,-0.147370,-1.457870,ndi
1786504320.085647,2.349997,-0.004610,-0.147380,-1.457860,ndi
1786504320.103204,2.367554,-0.004610,-0.147390,-1.457870,ndi
1786504320.118440,2.382790,-0.004610,-0.147390,-1.457890,ndi
1786504320.135812,2.400162,-0.004610,-0.147380,-1.457860,ndi
1786504320.153294,2.417644,-0.004610,-0.147380,-1.457880,ndi
1786504320.168384,2.432734,-0.004620,-0.147380,-1.457860,ndi
1786504320.185660,2.450010,-0.004620,-0.147390,-1.457860,ndi
1786504320.203176,2.467526,-0.004620,-0.147380,-1.457860,ndi
1786504320.218371,2.482721,-0.004620,-0.147380,-1.457870,ndi
1786504320.235800,2.500150,-0.004620,-0.147380,-1.457870,ndi
1786504320.253328,2.517678,-0.004610,-0.147380,-1.457870,ndi
1786504320.270699,2.535049,-0.004620,-0.147380,-1.457880,ndi
1786504320.285679,2.550029,-0.004610,-0.147380,-1.457860,ndi
1786504320.303292,2.567642,-0.004610,-0.147390,-1.457850,ndi
1786504320.320793,2.585143,-0.004620,-0.147380,-1.457890,ndi
1786504320.335795,2.600145,-0.004610,-0.147380,-1.457860,ndi
1786504320.353249,2.617599,-0.004610,-0.147380,-1.457870,ndi
1786504320.368267,2.632617,-0.004630,-0.147380,-1.457870,ndi
1786504320.385677,2.650027,-0.004620,-0.147380,-1.457880,ndi
1786504320.403274,2.667624,-0.004620,-0.147380,-1.457880,ndi
1786504320.418491,2.682841,-0.004620,-0.147380,-1.457880,ndi
1786504320.435801,2.700151,-0.004620,-0.147390,-1.457880,ndi
1786504320.453284,2.717633,-0.004610,-0.147380,-1.457870,ndi
1786504320.470667,2.735017,-0.004610,-0.147380,-1.457880,ndi
1786504320.485688,2.750038,-0.004600,-0.147390,-1.457870,ndi
1786504320.503349,2.767699,-0.004610,-0.147390,-1.457880,ndi
1786504320.518393,2.782743,-0.004620,-0.147380,-1.457850,ndi
1786504320.535810,2.800160,-0.004610,-0.147380,-1.457860,ndi
1786504320.553297,2.817647,-0.004620,-0.147390,-1.457870,ndi
1786504320.568178,2.832528,-0.004620,-0.147380,-1.457870,ndi
1786504320.585662,2.850012,-0.004620,-0.147370,-1.457860,ndi
1786504320.603275,2.867625,-0.004620,-0.147370,-1.457850,ndi
1786504320.620810,2.885160,-0.004610,-0.147390,-1.457870,ndi
1786504320.635822,2.900172,-0.004630,-0.147390,-1.457890,ndi
1786504320.653341,2.917691,-0.004610,-0.147370,-1.457860,ndi
1786504320.670657,2.935007,-0.004610,-0.147380,-1.457870,ndi
1786504320.685685,2.950035,-0.004610,-0.147390,-1.457860,ndi
1786504320.703279,2.967628,-0.004610,-0.147380,-1.457870,ndi
1786504320.720864,2.985214,-0.004620,-0.147370,-1.457860,ndi
1786504320.735845,3.000195,-0.004610,-0.147380,-1.457870,ndi
1786504320.753175,3.017525,-0.004620,-0.147390,-1.457880,ndi
1786504320.768242,3.032592,-0.004620,-0.147380,-1.457860,ndi
1786504320.785710,3.050060,-0.004610,-0.147380,-1.457860,ndi
1786504320.803274,3.067624,-0.004620,-0.147380,-1.457860,ndi
1786504320.820825,3.085175,-0.004620,-0.147390,-1.457870,ndi
1786504320.835849,3.100199,-0.004610,-0.147380,-1.457870,ndi
1786504320.853375,3.117725,-0.004610,-0.147380,-1.457880,ndi
1786504320.870678,3.135028,-0.004610,-0.147390,-1.457870,ndi
1786504320.885719,3.150069,-0.004620,-0.147390,-1.457880,ndi
1786504320.903311,3.167661,-0.004600,-0.147380,-1.457840,ndi
1786504320.918310,3.182660,-0.004620,-0.147380,-1.457880,ndi
1786504320.935870,3.200220,-0.004610,-0.147390,-1.457880,ndi
1786504320.953292,3.217642,-0.004630,-0.147390,-1.457860,ndi
1786504320.970742,3.235092,-0.004620,-0.147380,-1.457880,ndi
1786504320.985689,3.250039,-0.004610,-0.147380,-1.457870,ndi
1786504321.003230,3.267580,-0.004630,-0.147380,-1.457870,ndi
1786504321.018177,3.282527,-0.004620,-0.147390,-1.457880,ndi
1786504321.035699,3.300049,-0.004600,-0.147380,-1.457900,ndi
1786504321.053325,3.317675,-0.004610,-0.147380,-1.457880,ndi
1786504321.070704,3.335053,-0.004600,-0.147390,-1.457880,ndi
1786504321.085648,3.349998,-0.004610,-0.147390,-1.457870,ndi
1786504321.103339,3.367689,-0.004610,-0.147380,-1.457870,ndi
1786504321.120695,3.385045,-0.004610,-0.147370,-1.457880,ndi
1786504321.135793,3.400143,-0.004620,-0.147390,-1.457870,ndi
1786504321.153308,3.417658,-0.004610,-0.147390,-1.457880,ndi
1786504321.170776,3.435126,-0.004620,-0.147370,-1.457870,ndi
1786504321.185692,3.450042,-0.004620,-0.147370,-1.457850,ndi
1786504321.203154,3.467504,-0.004620,-0.147390,-1.457870,ndi
1786504321.220661,3.485011,-0.004620,-0.147380,-1.457870,ndi
1786504321.235805,3.500154,-0.004610,-0.147370,-1.457860,ndi
1786504321.253349,3.517699,-0.004620,-0.147380,-1.457870,ndi
1786504321.270683,3.535033,-0.004610,-0.147390,-1.457860,ndi
1786504321.285678,3.550028,-0.004610,-0.147390,-1.457870,ndi
1786504321.303191,3.567541,-0.004610,-0.147370,-1.457870,ndi
1786504321.318354,3.582704,-0.004610,-0.147380,-1.457870,ndi
1786504321.335692,3.600042,-0.004620,-0.147390,-1.457860,ndi
1786504321.353261,3.617611,-0.004620,-0.147390,-1.457870,ndi
1786504321.370680,3.635030,-0.004620,-0.147370,-1.457860,ndi
1786504321.385744,3.650094,-0.004620,-0.147380,-1.457880,ndi
1786504321.403190,3.667540,-0.004620,-0.147390,-1.457870,ndi
1786504321.420693,3.685043,-0.004610,-0.147380,-1.457870,ndi
1786504321.435709,3.700059,-0.004610,-0.147370,-1.457850,ndi
1786504321.453311,3.717661,-0.004610,-0.147380,-1.457850,ndi
1786504321.470676,3.735026,-0.004620,-0.147400,-1.457870,ndi
1786504321.485662,3.750012,-0.004610,-0.147380,-1.457880,ndi
1786504321.503243,3.767593,-0.004610,-0.147370,-1.457870,ndi
1786504321.518318,3.782668,-0.004610,-0.147380,-1.457870,ndi
1786504321.535729,3.800079,-0.004620,-0.147400,-1.457870,ndi
1786504321.553232,3.817582,-0.004610,-0.147380,-1.457880,ndi
1786504321.568382,3.832731,-0.004620,-0.147370,-1.457870,ndi
1786504321.585701,3.850051,-0.004620,-0.147390,-1.457840,ndi
1786504321.603270,3.867620,-0.004620,-0.147390,-1.457870,ndi
1786504321.620751,3.885101,-0.004600,-0.147380,-1.457880,ndi
1786504321.635809,3.900159,-0.004610,-0.147380,-1.457890,ndi
1786504321.653349,3.917699,-0.004610,-0.147390,-1.457860,ndi
1786504321.668363,3.932713,-0.004610,-0.147390,-1.457880,ndi
1786504321.685688,3.950037,-0.004610,-0.147370,-1.457870,ndi
1786504321.703231,3.967581,-0.004610,-0.147370,-1.457860,ndi
1786504321.720769,3.985119,-0.004620,-0.147390,-1.457880,ndi
1786504321.735765,4.000115,-0.004610,-0.147390,-1.457870,ndi
1786504321.753354,4.017704,-0.004620,-0.147370,-1.457870,ndi
1786504321.768363,4.032713,-0.004630,-0.147370,-1.457860,ndi
1786504321.785712,4.050062,-0.004620,-0.147390,-1.457870,ndi
1786504321.803176,4.067526,-0.004630,-0.147390,-1.457880,ndi
1786504321.818352,4.082701,-0.004600,-0.147370,-1.457860,ndi
1786504321.835752,4.100102,-0.004620,-0.147380,-1.457890,ndi
1786504321.853465,4.117815,-0.004610,-0.147390,-1.457870,ndi
1786504321.870747,4.135097,-0.004600,-0.147380,-1.457880,ndi
1786504321.885806,4.150156,-0.004620,-0.147370,-1.457870,ndi
1786504321.903295,4.167645,-0.004610,-0.147390,-1.457890,ndi
1786504321.920730,4.185080,-0.004610,-0.147390,-1.457870,ndi
1786504321.935773,4.200123,-0.004620,-0.147380,-1.457890,ndi
1786504321.953236,4.217586,-0.004610,-0.147370,-1.457850,ndi
1786504321.968266,4.232616,-0.004620,-0.147380,-1.457880,ndi
1786504321.985658,4.250008,-0.004620,-0.147380,-1.457880,ndi
1786504322.003174,4.267524,-0.004630,-0.147380,-1.457880,ndi
1786504322.020744,4.285094,-0.004610,-0.147380,-1.457870,ndi
1786504322.035756,4.300106,-0.004610,-0.147390,-1.457880,ndi
1786504322.053204,4.317554,-0.004610,-0.147380,-1.457850,ndi
1786504322.068305,4.332655,-0.004610,-0.147380,-1.457870,ndi
1786504322.085707,4.350057,-0.004610,-0.147380,-1.457880,ndi
1786504322.103236,4.367586,-0.004600,-0.147390,-1.457880,ndi
1786504322.118447,4.382797,-0.004620,-0.147380,-1.457870,ndi
1786504322.135731,4.400081,-0.004620,-0.147380,-1.457870,ndi
1786504322.153336,4.417686,-0.004620,-0.147380,-1.457870,ndi
1786504322.168276,4.432626,-0.004620,-0.147380,-1.457860,ndi
1786504322.185683,4.450033,-0.004610,-0.147380,-1.457870,ndi
1786504322.203209,4.467559,-0.004600,-0.147380,-1.457860,ndi
1786504322.220862,4.485212,-0.004610,-0.147380,-1.457850,ndi
1786504322.235790,4.500140,-0.004600,-0.147380,-1.457880,ndi
1786504322.253372,4.517722,-0.004610,-0.147370,-1.457870,ndi
1786504322.270732,4.535082,-0.004610,-0.147380,-1.457870,ndi
1786504322.285709,4.550059,-0.004610,-0.147380,-1.457880,ndi
1786504322.303306,4.567656,-0.004610,-0.147380,-1.457890,ndi
1786504322.320760,4.585110,-0.004620,-0.147370,-1.457860,ndi
1786504322.335777,4.600127,-0.004610,-0.147380,-1.457880,ndi
1786504322.353356,4.617706,-0.004620,-0.147380,-1.457870,ndi
1786504322.368242,4.632592,-0.004610,-0.147380,-1.457860,ndi
1786504322.385659,4.650009,-0.004620,-0.147380,-1.457870,ndi
1786504322.403323,4.667673,-0.004610,-0.147380,-1.457860,ndi
1786504322.418442,4.682792,-0.004600,-0.147390,-1.457870,ndi
1786504322.435886,4.700236,-0.004610,-0.147370,-1.457870,ndi
1786504322.453233,4.717583,-0.004600,-0.147380,-1.457870,ndi
1786504322.468292,4.732642,-0.004620,-0.147390,-1.457870,ndi
1786504322.485725,4.750075,-0.004620,-0.147390,-1.457890,ndi
1786504322.503246,4.767596,-0.004610,-0.147380,-1.457890,ndi
1786504322.518472,4.782822,-0.004620,-0.147370,-1.457890,ndi
1786504322.535890,4.800240,-0.004610,-0.147380,-1.457890,ndi
1786504322.553352,4.817702,-0.004620,-0.147380,-1.457880,ndi
1786504322.568293,4.832643,-0.004630,-0.147370,-1.457870,ndi
1786504322.585669,4.850019,-0.004610,-0.147380,-1.457880,ndi
1786504322.603221,4.867571,-0.004610,-0.147380,-1.457870,ndi
1786504322.618359,4.882709,-0.004610,-0.147380,-1.457880,ndi
1786504322.635776,4.900126,-0.004610,-0.147370,-1.457870,ndi
1786504322.653334,4.917684,-0.004610,-0.147380,-1.457850,ndi
1786504322.668326,4.932676,-0.004610,-0.147390,-1.457860,ndi
1786504322.685709,4.950059,-0.004610,-0.147380,-1.457880,ndi
1786504322.703267,4.967617,-0.004610,-0.147370,-1.457850,ndi
1786504322.718436,4.982786,-0.004620,-0.147380,-1.457880,ndi
1786504322.735818,5.000168,-0.004620,-0.147390,-1.457870,ndi
1786504322.753237,5.017587,-0.004610,-0.147380,-1.457910,ndi
1786504322.768261,5.032611,-0.004620,-0.147370,-1.457870,ndi
1786504322.785685,5.050035,-0.004600,-0.147390,-1.457860,ndi
1786504322.803268,5.067618,-0.004610,-0.147390,-1.457880,ndi
1786504322.818340,5.082690,-0.004610,-0.147370,-1.457870,ndi
1786504322.835821,5.100171,-0.004610,-0.147370,-1.457870,ndi
1786504322.853369,5.117719,-0.004610,-0.147390,-1.457870,ndi
1786504322.870715,5.135065,-0.004610,-0.147390,-1.457880,ndi
1786504322.885798,5.150148,-0.004610,-0.147380,-1.457880,ndi
1786504322.903270,5.167620,-0.004620,-0.147380,-1.457880,ndi
1786504322.918297,5.182647,-0.004620,-0.147380,-1.457880,ndi
1786504322.935824,5.200174,-0.004620,-0.147380,-1.457890,ndi
1786504322.953360,5.217710,-0.004620,-0.147380,-1.457890,ndi
1786504322.968299,5.232649,-0.004610,-0.147380,-1.457860,ndi
1786504322.985698,5.250048,-0.004610,-0.147390,-1.457880,ndi
1786504323.003260,5.267610,-0.004620,-0.147380,-1.457880,ndi
1786504323.018350,5.282700,-0.004600,-0.147380,-1.457890,ndi
1786504323.035792,5.300142,-0.004610,-0.147380,-1.457900,ndi
1786504323.053251,5.317600,-0.004600,-0.147380,-1.457880,ndi
1786504323.068312,5.332662,-0.004610,-0.147380,-1.457900,ndi
1786504323.085757,5.350107,-0.004610,-0.147380,-1.457850,ndi
1786504323.103345,5.367695,-0.004610,-0.147390,-1.457900,ndi
1786504323.118288,5.382638,-0.004620,-0.147380,-1.457880,ndi
1786504323.135766,5.400116,-0.004610,-0.147380,-1.457880,ndi
1786504323.153350,5.417700,-0.004610,-0.147390,-1.457890,ndi
1786504323.168421,5.432771,-0.004620,-0.147390,-1.457880,ndi
1786504323.185753,5.450103,-0.004610,-0.147370,-1.457870,ndi
1786504323.203255,5.467605,-0.004610,-0.147380,-1.457870,ndi
1786504323.218330,5.482680,-0.004600,-0.147390,-1.457870,ndi
1786504323.235859,5.500209,-0.004610,-0.147390,-1.457880,ndi
1786504323.253363,5.517713,-0.004610,-0.147370,-1.457860,ndi
1786504323.268291,5.532640,-0.004620,-0.147380,-1.457890,ndi
1786504323.285738,5.550088,-0.004620,-0.147400,-1.457870,ndi
1786504323.303297,5.567647,-0.004610,-0.147380,-1.457880,ndi
1786504323.318345,5.582695,-0.004620,-0.147370,-1.457880,ndi
1786504323.335786,5.600136,-0.004610,-0.147380,-1.457880,ndi
1786504323.353397,5.617747,-0.004610,-0.147390,-1.457880,ndi
1786504323.368182,5.632532,-0.004620,-0.147380,-1.457900,ndi
1786504323.385738,5.650088,-0.004600,-0.147370,-1.457880,ndi
1786504323.403241,5.667591,-0.004610,-0.147390,-1.457870,ndi
1786504323.420767,5.685117,-0.004610,-0.147390,-1.457870,ndi
1786504323.435784,5.700134,-0.004610,-0.147370,-1.457890,ndi
1786504323.453204,5.717554,-0.004610,-0.147370,-1.457860,ndi
1786504323.468290,5.732640,-0.004610,-0.147390,-1.457880,ndi
1786504323.485731,5.750081,-0.004620,-0.147390,-1.457860,ndi
1786504323.503335,5.767685,-0.004610,-0.147370,-1.457860,ndi
1786504323.520811,5.785161,-0.004620,-0.147370,-1.457890,ndi
1786504323.535857,5.800207,-0.004610,-0.147390,-1.457880,ndi
1786504323.553361,5.817711,-0.004620,-0.147390,-1.457850,ndi
1786504323.568342,5.832692,-0.004610,-0.147370,-1.457880,ndi
1786504323.585751,5.850101,-0.004600,-0.147370,-1.457870,ndi
1786504323.603427,5.867777,-0.004610,-0.147400,-1.457890,ndi
1786504323.618512,5.882862,-0.004600,-0.147400,-1.457880,ndi
1786504323.635959,5.900309,-0.004600,-0.147370,-1.457880,ndi
1786504323.653369,5.917719,-0.004610,-0.147370,-1.457850,ndi
1786504323.668402,5.932752,-0.004600,-0.147400,-1.457880,ndi
1786504323.685753,5.950103,-0.004620,-0.147390,-1.457890,ndi
1786504323.703404,5.967754,-0.004620,-0.147360,-1.457850,ndi
1786504323.720836,5.985186,-0.004620,-0.147380,-1.457880,ndi
1786504323.735885,6.000235,-0.004610,-0.147400,-1.457860,ndi
1786504323.753289,6.017639,-0.004620,-0.147390,-1.457870,ndi
1786504323.768306,6.032656,-0.004620,-0.147360,-1.457870,ndi
1786504323.785751,6.050101,-0.004600,-0.147380,-1.457880,ndi
1786504323.803331,6.067681,-0.004610,-0.147400,-1.457880,ndi
1786504323.820838,6.085188,-0.004610,-0.147370,-1.457860,ndi
1786504323.835897,6.100247,-0.004610,-0.147360,-1.457880,ndi
1786504323.853411,6.117761,-0.004610,-0.147390,-1.457860,ndi
1786504323.868461,6.132811,-0.004600,-0.147400,-1.457850,ndi
1786504323.885904,6.150254,-0.004620,-0.147370,-1.457860,ndi
1786504323.903349,6.167699,-0.004620,-0.147360,-1.457850,ndi
1786504323.920835,6.185185,-0.004610,-0.147390,-1.457880,ndi
1786504323.935796,6.200146,-0.004620,-0.147400,-1.457850,ndi
1786504323.953282,6.217632,-0.004620,-0.147370,-1.457870,ndi
1786504323.968335,6.232685,-0.004610,-0.147360,-1.457840,ndi
1786504323.985753,6.250103,-0.004600,-0.147400,-1.457890,ndi
1786504324.003343,6.267693,-0.004610,-0.147400,-1.457860,ndi
1786504324.020843,6.285192,-0.004610,-0.147370,-1.457850,ndi
1786504324.035860,6.300210,-0.004610,-0.147360,-1.457860,ndi
1786504324.053406,6.317756,-0.004610,-0.147390,-1.457870,ndi
1786504324.068404,6.332754,-0.004620,-0.147400,-1.457880,ndi
1786504324.085799,6.350148,-0.004610,-0.147370,-1.457880,ndi
1786504324.103354,6.367704,-0.004620,-0.147370,-1.457870,ndi
1786504324.118640,6.382990,-0.004620,-0.147390,-1.457880,ndi
1786504324.135879,6.400229,-0.004620,-0.147390,-1.457870,ndi
1786504324.153229,6.417579,-0.004600,-0.147370,-1.457880,ndi
1786504324.168295,6.432645,-0.004610,-0.147370,-1.457860,ndi
1786504324.185755,6.450104,-0.004610,-0.147430,-1.457910,ndi
1786504324.203331,6.467681,-0.004590,-0.147430,-1.457910,ndi
1786504324.220886,6.485236,-0.004600,-0.147420,-1.457900,ndi
1786504324.235852,6.500202,-0.004590,-0.147420,-1.457910,ndi
1786504324.253296,6.517646,-0.004590,-0.147440,-1.457910,ndi
1786504324.268290,6.532640,-0.004610,-0.147430,-1.457890,ndi
1786504324.285752,6.550102,-0.004590,-0.147420,-1.457890,ndi
1786504324.303428,6.567778,-0.004580,-0.147440,-1.457900,ndi
1786504324.318567,6.582917,-0.004600,-0.147440,-1.457890,ndi
1786504324.335944,6.600294,-0.004610,-0.147430,-1.457870,ndi
1786504324.353417,6.617767,-0.004590,-0.147430,-1.457870,ndi
1786504324.368364,6.632714,-0.004580,-0.147440,-1.457870,ndi
1786504324.385757,6.650107,-0.004590,-0.147450,-1.457870,ndi
1786504324.403302,6.667652,-0.004600,-0.147430,-1.457850,ndi
1786504324.420729,6.685079,-0.004600,-0.147430,-1.457840,ndi
1786504324.435870,6.700220,-0.004590,-0.147450,-1.457830,ndi
1786504324.453252,6.717602,-0.004590,-0.147450,-1.457840,ndi
1786504324.468285,6.732635,-0.004610,-0.147440,-1.457840,ndi
1786504324.485768,6.750118,-0.004600,-0.147440,-1.457820,ndi
1786504324.503316,6.767666,-0.004600,-0.147450,-1.457820,ndi
1786504324.520881,6.785231,-0.004600,-0.147450,-1.457800,ndi
1786504324.535845,6.800195,-0.004610,-0.147440,-1.457810,ndi
1786504324.553398,6.817748,-0.004610,-0.147450,-1.457820,ndi
1786504324.568316,6.832665,-0.004600,-0.147460,-1.457790,ndi
1786504324.585789,6.850139,-0.004600,-0.147450,-1.457800,ndi
1786504324.603528,6.867878,-0.004600,-0.147440,-1.457780,ndi
1786504324.618718,6.883068,-0.004600,-0.147450,-1.457780,ndi
1786504324.635949,6.900299,-0.004610,-0.147450,-1.457780,ndi
1786504324.653412,6.917762,-0.004610,-0.147430,-1.457740,ndi
1786504324.668331,6.932681,-0.004610,-0.147420,-1.457750,ndi
1786504324.685758,6.950108,-0.004600,-0.147430,-1.457720,ndi
1786504324.703289,6.967639,-0.004610,-0.147410,-1.457710,ndi
1786504324.718335,6.982685,-0.004630,-0.147390,-1.457720,ndi
1786504324.735782,7.000132,-0.004600,-0.147380,-1.457710,ndi
1786504324.753328,7.017678,-0.004610,-0.147380,-1.457690,ndi
1786504324.768326,7.032676,-0.004610,-0.147350,-1.457680,ndi
1786504324.785761,7.050111,-0.004600,-0.147320,-1.457670,ndi
1786504324.803256,7.067605,-0.004610,-0.147310,-1.457660,ndi
1786504324.818303,7.082653,-0.004610,-0.147310,-1.457640,ndi
1786504324.835766,7.100116,-0.004610,-0.147290,-1.457620,ndi
1786504324.853416,7.117766,-0.004630,-0.147270,-1.457620,ndi
1786504324.868334,7.132684,-0.004630,-0.147270,-1.457620,ndi
1786504324.885892,7.150242,-0.004640,-0.147280,-1.457610,ndi
1786504324.903336,7.167686,-0.004630,-0.147270,-1.457630,ndi
1786504324.918267,7.182617,-0.004620,-0.147250,-1.457600,ndi
1786504324.935774,7.200124,-0.004620,-0.147270,-1.457610,ndi
1786504324.953384,7.217734,-0.004630,-0.147270,-1.457590,ndi
1786504324.968342,7.232692,-0.004620,-0.147250,-1.457590,ndi
1786504324.985757,7.250107,-0.004620,-0.147240,-1.457580,ndi
1786504325.003285,7.267635,-0.004620,-0.147260,-1.457580,ndi
1786504325.020892,7.285242,-0.004630,-0.147250,-1.457570,ndi
1786504325.035881,7.300231,-0.004620,-0.147240,-1.457580,ndi
1786504325.053393,7.317743,-0.004630,-0.147230,-1.457560,ndi
1786504325.068341,7.332691,-0.004630,-0.147250,-1.457570,ndi
1786504325.085726,7.350076,-0.004630,-0.147240,-1.457540,ndi
1786504325.103257,7.367607,-0.004630,-0.147230,-1.457550,ndi
1786504325.118347,7.382697,-0.004640,-0.147230,-1.457550,ndi
1786504325.135895,7.400244,-0.004620,-0.147230,-1.457550,ndi
1786504325.153399,7.417749,-0.004610,-0.147220,-1.457530,ndi
1786504325.168331,7.432681,-0.004620,-0.147200,-1.457520,ndi
1786504325.185755,7.450105,-0.004620,-0.147200,-1.457520,ndi
1786504325.203394,7.467744,-0.004620,-0.147210,-1.457520,ndi
1786504325.218478,7.482828,-0.004620,-0.147200,-1.457500,ndi
1786504325.235899,7.500249,-0.004620,-0.147190,-1.457520,ndi
1786504325.253318,7.517668,-0.004640,-0.147190,-1.457510,ndi
1786504325.270752,7.535102,-0.004640,-0.147200,-1.457510,ndi
1786504325.285796,7.550146,-0.004640,-0.147190,-1.457500,ndi
1786504325.303418,7.567768,-0.004630,-0.147180,-1.457480,ndi
1786504325.320860,7.585210,-0.004620,-0.147200,-1.457490,ndi
1786504325.335957,7.600307,-0.004630,-0.147190,-1.457470,ndi
1786504325.353296,7.617646,-0.004630,-0.147170,-1.457480,ndi
1786504325.368341,7.632691,-0.004630,-0.147170,-1.457480,ndi
1786504325.385808,7.650158,-0.004620,-0.147190,-1.457450,ndi
1786504325.403351,7.667701,-0.004620,-0.147190,-1.457430,ndi
1786504325.420850,7.685199,-0.004630,-0.147160,-1.457400,ndi
1786504325.435876,7.700226,-0.004620,-0.147170,-1.457400,ndi
1786504325.453406,7.717756,-0.004630,-0.147190,-1.457380,ndi
1786504325.468355,7.732705,-0.004620,-0.147190,-1.457390,ndi
1786504325.485759,7.750109,-0.004620,-0.147170,-1.457340,ndi
1786504325.503279,7.767629,-0.004630,-0.147170,-1.457330,ndi
1786504325.518342,7.782692,-0.004600,-0.147190,-1.457310,ndi
1786504325.535783,7.800133,-0.004610,-0.147170,-1.457290,ndi
1786504325.553294,7.817644,-0.004610,-0.147150,-1.457270,ndi
1786504325.568310,7.832659,-0.004620,-0.147130,-1.457280,ndi
1786504325.585766,7.850116,-0.004630,-0.147120,-1.457240,ndi
1786504325.603291,7.867641,-0.004620,-0.147070,-1.457230,ndi
1786504325.618407,7.882757,-0.004630,-0.147030,-1.457190,ndi
1786504325.635927,7.900277,-0.004650,-0.147000,-1.457170,ndi
1786504325.653389,7.917739,-0.004660,-0.146970,-1.457150,ndi
1786504325.668336,7.932686,-0.004660,-0.146940,-1.457130,ndi
1786504325.685751,7.950101,-0.004660,-0.146900,-1.457110,ndi
1786504325.703233,7.967582,-0.004670,-0.146870,-1.457070,ndi
1786504325.720875,7.985225,-0.004670,-0.146850,-1.457060,ndi
1786504325.735877,8.000226,-0.004670,-0.146810,-1.457030,ndi
1786504325.753397,8.017747,-0.004670,-0.146790,-1.457030,ndi
1786504325.768332,8.032682,-0.004670,-0.146760,-1.456990,ndi
1786504325.785809,8.050159,-0.004670,-0.146740,-1.456970,ndi
1786504325.803366,8.067716,-0.004680,-0.146710,-1.456960,ndi
1786504325.818489,8.082839,-0.004690,-0.146680,-1.456950,ndi
1786504325.835906,8.100256,-0.004690,-0.146670,-1.456920,ndi
1786504325.853441,8.117791,-0.004700,-0.146640,-1.456890,ndi
1786504325.868403,8.132753,-0.004700,-0.146610,-1.456890,ndi
1786504325.885716,8.150066,-0.004710,-0.146580,-1.456870,ndi
1786504325.903309,8.167659,-0.004720,-0.146550,-1.456830,ndi
1786504325.918448,8.182798,-0.004700,-0.146530,-1.456850,ndi
1786504325.935924,8.200274,-0.004710,-0.146490,-1.456830,ndi
1786504325.953330,8.217680,-0.004720,-0.146470,-1.456830,ndi
1786504325.970752,8.235102,-0.004720,-0.146440,-1.456820,ndi
1786504325.985883,8.250233,-0.004720,-0.146400,-1.456820,ndi
1786504326.003502,8.267852,-0.004730,-0.146380,-1.456790,ndi
1786504326.018466,8.282815,-0.004740,-0.146350,-1.456790,ndi
1786504326.035959,8.300309,-0.004750,-0.146320,-1.456760,ndi
1786504326.053421,8.317771,-0.004760,-0.146290,-1.456720,ndi
1786504326.070802,8.335152,-0.004750,-0.146260,-1.456700,ndi
1786504326.085750,8.350100,-0.004760,-0.146230,-1.456710,ndi
1786504326.103306,8.367656,-0.004750,-0.146190,-1.456650,ndi
1786504326.118330,8.382680,-0.004760,-0.146170,-1.456660,ndi
1786504326.135953,8.400303,-0.004770,-0.146150,-1.456630,ndi
1786504326.153449,8.417799,-0.004770,-0.146100,-1.456590,ndi
1786504326.168329,8.432678,-0.004780,-0.146060,-1.456560,ndi
1786504326.185722,8.450072,-0.004780,-0.146030,-1.456540,ndi
1786504326.203362,8.467712,-0.004780,-0.146010,-1.456500,ndi
1786504326.218545,8.482895,-0.004800,-0.145970,-1.456470,ndi
1786504326.235884,8.500234,-0.004810,-0.145920,-1.456440,ndi
1786504326.253351,8.517701,-0.004820,-0.145890,-1.456400,ndi
1786504326.268375,8.532725,-0.004820,-0.145860,-1.456390,ndi
1786504326.285739,8.550089,-0.004820,-0.145820,-1.456370,ndi
1786504326.303366,8.567716,-0.004820,-0.145770,-1.456360,ndi
1786504326.320911,8.585261,-0.004830,-0.145760,-1.456330,ndi
1786504326.335937,8.600287,-0.004820,-0.145740,-1.456320,ndi
1786504326.353440,8.617790,-0.004830,-0.145680,-1.456290,ndi
1786504326.368388,8.632738,-0.004840,-0.145630,-1.456300,ndi
1786504326.385739,8.650089,-0.004840,-0.145630,-1.456270,ndi
1786504326.403330,8.667680,-0.004850,-0.145610,-1.456250,ndi
1786504326.418358,8.682708,-0.004870,-0.145550,-1.456210,ndi
1786504326.435957,8.700307,-0.004880,-0.145500,-1.456210,ndi
1786504326.453434,8.717784,-0.004880,-0.145490,-1.456150,ndi
1786504326.468349,8.732699,-0.004880,-0.145460,-1.456130,ndi
1786504326.485686,8.750036,-0.004900,-0.145390,-1.456140,ndi
1786504326.503357,8.767707,-0.004890,-0.145350,-1.456120,ndi
1786504326.518394,8.782744,-0.004890,-0.145350,-1.456100,ndi
1786504326.535911,8.800261,-0.004900,-0.145320,-1.456070,ndi
1786504326.553379,8.817729,-0.004900,-0.145250,-1.456040,ndi
1786504326.570766,8.835116,-0.004910,-0.145220,-1.456000,ndi
1786504326.585754,8.850104,-0.004920,-0.145210,-1.455990,ndi
1786504326.603387,8.867737,-0.004930,-0.145180,-1.455930,ndi
1786504326.618441,8.882791,-0.004930,-0.145100,-1.455920,ndi
1786504326.635934,8.900284,-0.004940,-0.145080,-1.455880,ndi
1786504326.653396,8.917746,-0.004950,-0.145070,-1.455870,ndi
1786504326.668341,8.932691,-0.004960,-0.145030,-1.455820,ndi
1786504326.685764,8.950114,-0.004960,-0.144960,-1.455830,ndi
1786504326.703291,8.967641,-0.004970,-0.144940,-1.455810,ndi
1786504326.720735,8.985085,-0.004970,-0.144930,-1.455810,ndi
1786504326.735812,9.000162,-0.004970,-0.144890,-1.455760,ndi
1786504326.753393,9.017743,-0.004980,-0.144830,-1.455770,ndi
1786504326.770759,9.035109,-0.004990,-0.144810,-1.455720,ndi
1786504326.785788,9.050138,-0.005000,-0.144820,-1.455700,ndi
1786504326.803329,9.067679,-0.005010,-0.144760,-1.455680,ndi
1786504326.820785,9.085135,-0.005020,-0.144700,-1.455670,ndi
1786504326.835808,9.100158,-0.005030,-0.144700,-1.455670,ndi
1786504326.853383,9.117733,-0.005030,-0.144680,-1.455630,ndi
1786504326.868341,9.132691,-0.005040,-0.144640,-1.455620,ndi
1786504326.885769,9.150119,-0.005030,-0.144590,-1.455620,ndi
1786504326.903329,9.167679,-0.005040,-0.144570,-1.455570,ndi
1786504326.920775,9.185125,-0.005050,-0.144560,-1.455570,ndi
1786504326.935891,9.200241,-0.005050,-0.144510,-1.455550,ndi
1786504326.953395,9.217745,-0.005060,-0.144460,-1.455520,ndi
1786504326.968332,9.232682,-0.005060,-0.144450,-1.455520,ndi
1786504326.985773,9.250123,-0.005070,-0.144420,-1.455480,ndi
1786504327.003536,9.267886,-0.005090,-0.144370,-1.455480,ndi
1786504327.020908,9.285258,-0.005090,-0.144310,-1.455420,ndi
1786504327.035875,9.300225,-0.005100,-0.144300,-1.455380,ndi
1786504327.053392,9.317742,-0.005110,-0.144270,-1.455340,ndi
1786504327.068308,9.332658,-0.005120,-0.144230,-1.455340,ndi
1786504327.085775,9.350125,-0.005110,-0.144180,-1.455320,ndi
1786504327.103297,9.367647,-0.005130,-0.144160,-1.455310,ndi
1786504327.120870,9.385220,-0.005140,-0.144130,-1.455270,ndi
1786504327.135888,9.400238,-0.005140,-0.144080,-1.455240,ndi
1786504327.153347,9.417697,-0.005150,-0.144040,-1.455240,ndi
1786504327.170808,9.435158,-0.005160,-0.144010,-1.455220,ndi
1786504327.185786,9.450136,-0.005170,-0.143980,-1.455200,ndi
1786504327.203441,9.467791,-0.005180,-0.143930,-1.455170,ndi
1786504327.218618,9.482968,-0.005190,-0.143890,-1.455150,ndi
1786504327.235955,9.500305,-0.005200,-0.143850,-1.455090,ndi
1786504327.253380,9.517730,-0.005210,-0.143810,-1.455070,ndi
1786504327.268284,9.532634,-0.005230,-0.143760,-1.455040,ndi
1786504327.285807,9.550157,-0.005210,-0.143730,-1.455030,ndi
1786504327.303340,9.567690,-0.005220,-0.143700,-1.454990,ndi
1786504327.318396,9.582746,-0.005240,-0.143670,-1.454960,ndi
1786504327.335820,9.600170,-0.005240,-0.143630,-1.454970,ndi
1786504327.353371,9.617721,-0.005240,-0.143590,-1.454930,ndi
1786504327.370827,9.635177,-0.005260,-0.143540,-1.454910,ndi
1786504327.385787,9.650136,-0.005280,-0.143490,-1.454860,ndi
1786504327.403393,9.667743,-0.005290,-0.143410,-1.454830,ndi
1786504327.418390,9.682740,-0.005320,-0.143340,-1.454760,ndi
1786504327.435949,9.700299,-0.005330,-0.143260,-1.454730,ndi
1786504327.453403,9.717753,-0.005360,-0.143170,-1.454640,ndi
1786504327.468322,9.732672,-0.005360,-0.143110,-1.454590,ndi
1786504327.485788,9.750138,-0.005380,-0.143040,-1.454580,ndi
1786504327.503482,9.767832,-0.005400,-0.143010,-1.454540,ndi
1786504327.520914,9.785264,-0.005400,-0.142980,-1.454510,ndi
1786504327.535935,9.800285,-0.005400,-0.142940,-1.454490,ndi
1786504327.553278,9.817628,-0.005410,-0.142900,-1.454450,ndi
1786504327.568293,9.832643,-0.005420,-0.142870,-1.454440,ndi
1786504327.585805,9.850155,-0.005430,-0.142850,-1.454390,ndi
1786504327.603359,9.867709,-0.005440,-0.142810,-1.454380,ndi
1786504327.618415,9.882765,-0.005450,-0.142760,-1.454340,ndi
1786504327.635865,9.900215,-0.005460,-0.142750,-1.454330,ndi
1786504327.653435,9.917785,-0.005470,-0.142720,-1.454330,ndi
1786504327.670767,9.935117,-0.005470,-0.142670,-1.454290,ndi
1786504327.685796,9.950145,-0.005470,-0.142630,-1.454290,ndi
1786504327.703293,9.967643,-0.005490,-0.142600,-1.454250,ndi
1786504327.718534,9.982884,-0.005500,-0.142580,-1.454240,ndi
1786504327.735849,10.000199,-0.005510,-0.142540,-1.454240,ndi
1786504327.753335,10.017685,-0.005510,-0.142500,-1.454230,ndi
1786504327.768377,10.032727,-0.005520,-0.142470,-1.454210,ndi
1786504327.785800,10.050150,-0.005550,-0.142440,-1.454190,ndi
1786504327.803424,10.067774,-0.005550,-0.142400,-1.454160,ndi
1786504327.820856,10.085206,-0.005560,-0.142350,-1.454120,ndi
1786504327.835828,10.100178,-0.005580,-0.142330,-1.454090,ndi
1786504327.853391,10.117741,-0.005590,-0.142300,-1.454070,ndi
1786504327.870770,10.135119,-0.005580,-0.142260,-1.454030,ndi
1786504327.885814,10.150164,-0.005590,-0.142220,-1.454030,ndi
1786504327.903336,10.167686,-0.005610,-0.142190,-1.453970,ndi
1786504327.918325,10.182675,-0.005610,-0.142160,-1.453960,ndi
1786504327.935838,10.200188,-0.005610,-0.142130,-1.453950,ndi
1786504327.953440,10.217790,-0.005630,-0.142090,-1.453910,ndi
1786504327.968305,10.232655,-0.005640,-0.142060,-1.453910,ndi
1786504327.985795,10.250144,-0.005660,-0.142010,-1.453870,ndi
1786504328.003523,10.267873,-0.005670,-0.141970,-1.453820,ndi
1786504328.020914,10.285264,-0.005680,-0.141930,-1.453810,ndi
1786504328.035931,10.300281,-0.005680,-0.141910,-1.453810,ndi
1786504328.053431,10.317781,-0.005690,-0.141870,-1.453800,ndi
1786504328.070791,10.335141,-0.005700,-0.141820,-1.453730,ndi
1786504328.085825,10.350175,-0.005700,-0.141800,-1.453740,ndi
1786504328.103432,10.367782,-0.005720,-0.141750,-1.453710,ndi
1786504328.120857,10.385207,-0.005730,-0.141710,-1.453690,ndi
1786504328.135973,10.400323,-0.005740,-0.141680,-1.453650,ndi
1786504328.153430,10.417780,-0.005750,-0.141650,-1.453620,ndi
1786504328.170794,10.435143,-0.005770,-0.141610,-1.453620,ndi
1786504328.185814,10.450164,-0.005780,-0.141570,-1.453590,ndi
1786504328.203459,10.467808,-0.005770,-0.141550,-1.453590,ndi
1786504328.220867,10.485217,-0.005790,-0.141510,-1.453550,ndi
1786504328.235835,10.500185,-0.005800,-0.141480,-1.453530,ndi
1786504328.253320,10.517670,-0.005800,-0.141430,-1.453520,ndi
1786504328.268281,10.532630,-0.005820,-0.141400,-1.453480,ndi
1786504328.285825,10.550175,-0.005820,-0.141380,-1.453450,ndi
1786504328.303377,10.567727,-0.005830,-0.141330,-1.453420,ndi
1786504328.318651,10.583001,-0.005840,-0.141300,-1.453380,ndi
1786504328.335852,10.600202,-0.005860,-0.141270,-1.453360,ndi
1786504328.353473,10.617823,-0.005880,-0.141240,-1.453340,ndi
1786504328.370766,10.635116,-0.005890,-0.141180,-1.453320,ndi
1786504328.385804,10.650154,-0.005910,-0.141120,-1.453260,ndi
1786504328.403703,10.668053,-0.005930,-0.141090,-1.453240,ndi
1786504328.418400,10.682750,-0.005940,-0.141070,-1.453210,ndi
1786504328.435891,10.700241,-0.005950,-0.141030,-1.453200,ndi
1786504328.453421,10.717771,-0.005950,-0.140970,-1.453170,ndi
1786504328.470793,10.735143,-0.005970,-0.140940,-1.453150,ndi
1786504328.485788,10.750138,-0.005980,-0.140920,-1.453120,ndi
1786504328.503393,10.767743,-0.005990,-0.140860,-1.453090,ndi
1786504328.518415,10.782765,-0.006000,-0.140830,-1.453090,ndi
1786504328.535846,10.800196,-0.006010,-0.140810,-1.453030,ndi
1786504328.553327,10.817677,-0.006030,-0.140780,-1.453000,ndi
1786504328.568458,10.832808,-0.006040,-0.140730,-1.453000,ndi
1786504328.585829,10.850179,-0.006050,-0.140690,-1.452970,ndi
1786504328.603348,10.867698,-0.006050,-0.140680,-1.452970,ndi
1786504328.618442,10.882792,-0.006070,-0.140650,-1.452930,ndi
1786504328.635825,10.900175,-0.006070,-0.140600,-1.452900,ndi
1786504328.653454,10.917804,-0.006090,-0.140560,-1.452890,ndi
1786504328.670774,10.935124,-0.006100,-0.140550,-1.452870,ndi
1786504328.685794,10.950144,-0.006110,-0.140520,-1.452890,ndi
1786504328.703359,10.967709,-0.006120,-0.140460,-1.452860,ndi
1786504328.720825,10.985175,-0.006140,-0.140430,-1.452850,ndi
1786504328.735842,11.000192,-0.006140,-0.140420,-1.452780,ndi
1786504328.753464,11.017814,-0.006160,-0.140380,-1.452780,ndi
1786504328.768352,11.032701,-0.006180,-0.140340,-1.452770,ndi
1786504328.785800,11.050150,-0.006190,-0.140310,-1.452730,ndi
1786504328.803391,11.067741,-0.006190,-0.140290,-1.452730,ndi
1786504328.818562,11.082911,-0.006210,-0.140250,-1.452700,ndi
1786504328.835908,11.100258,-0.006200,-0.140210,-1.452690,ndi
1786504328.853440,11.117790,-0.006220,-0.140180,-1.452650,ndi
1786504328.870764,11.135114,-0.006240,-0.140150,-1.452600,ndi
1786504328.885814,11.150164,-0.006240,-0.140120,-1.452600,ndi
1786504328.903494,11.167844,-0.006270,-0.140070,-1.452570,ndi
1786504328.918507,11.182857,-0.006270,-0.140050,-1.452540,ndi
1786504328.935975,11.200325,-0.006290,-0.140010,-1.452530,ndi
1786504328.953462,11.217812,-0.006310,-0.139960,-1.452510,ndi
1786504328.968455,11.232805,-0.006320,-0.139930,-1.452490,ndi
1786504328.985842,11.250192,-0.006330,-0.139900,-1.452450,ndi
1786504329.003349,11.267699,-0.006340,-0.139870,-1.452430,ndi
1786504329.018377,11.282727,-0.006370,-0.139820,-1.452410,ndi
1786504329.035916,11.300266,-0.006370,-0.139780,-1.452390,ndi
1786504329.053437,11.317787,-0.006380,-0.139760,-1.452390,ndi
1786504329.070789,11.335139,-0.006390,-0.139720,-1.452340,ndi
1786504329.085819,11.350169,-0.006400,-0.139680,-1.452320,ndi
1786504329.103400,11.367750,-0.006420,-0.139650,-1.452320,ndi
1786504329.120960,11.385310,-0.006420,-0.139630,-1.452280,ndi
1786504329.135977,11.400327,-0.006440,-0.139590,-1.452280,ndi
1786504329.153458,11.417808,-0.006460,-0.139540,-1.452260,ndi
1786504329.168345,11.432695,-0.006470,-0.139530,-1.452220,ndi
1786504329.185781,11.450131,-0.006490,-0.139500,-1.452190,ndi
1786504329.203358,11.467708,-0.006490,-0.139440,-1.452180,ndi
1786504329.218397,11.482747,-0.006510,-0.139410,-1.452170,ndi
1786504329.235876,11.500226,-0.006500,-0.139400,-1.452170,ndi
1786504329.253502,11.517852,-0.006520,-0.139370,-1.452150,ndi
1786504329.268305,11.532655,-0.006530,-0.139320,-1.452100,ndi
1786504329.285804,11.550154,-0.006540,-0.139290,-1.452070,ndi
1786504329.303364,11.567714,-0.006550,-0.139280,-1.452060,ndi
1786504329.320876,11.585226,-0.006560,-0.139240,-1.452030,ndi
1786504329.335854,11.600204,-0.006590,-0.139190,-1.452020,ndi
1786504329.353464,11.617814,-0.006610,-0.139160,-1.451960,ndi
1786504329.370800,11.635149,-0.006610,-0.139150,-1.451950,ndi
1786504329.385871,11.650221,-0.006620,-0.139110,-1.451950,ndi
1786504329.403332,11.667682,-0.006630,-0.139050,-1.451910,ndi
1786504329.418345,11.682695,-0.006640,-0.139030,-1.451890,ndi
1786504329.435891,11.700241,-0.006650,-0.139030,-1.451880,ndi
1786504329.453464,11.717814,-0.006660,-0.138990,-1.451850,ndi
1786504329.468334,11.732684,-0.006680,-0.138940,-1.451840,ndi
1786504329.485841,11.750190,-0.006700,-0.138910,-1.451800,ndi
1786504329.503349,11.767699,-0.006720,-0.138890,-1.451770,ndi
1786504329.520959,11.785309,-0.006720,-0.138850,-1.451770,ndi
1786504329.535976,11.800326,-0.006750,-0.138800,-1.451750,ndi
1786504329.553474,11.817824,-0.006760,-0.138770,-1.451710,ndi
1786504329.570838,11.835188,-0.006770,-0.138760,-1.451700,ndi
1786504329.585836,11.850186,-0.006790,-0.138710,-1.451640,ndi
1786504329.603407,11.867757,-0.006810,-0.138660,-1.451620,ndi
1786504329.618413,11.882763,-0.006820,-0.138640,-1.451610,ndi
1786504329.635976,11.900326,-0.006820,-0.138630,-1.451580,ndi
1786504329.653493,11.917843,-0.006840,-0.138580,-1.451570,ndi
1786504329.668353,11.932703,-0.006860,-0.138540,-1.451540,ndi
1786504329.685819,11.950169,-0.006860,-0.138520,-1.451550,ndi
1786504329.703398,11.967748,-0.006880,-0.138490,-1.451500,ndi
1786504329.718580,11.982930,-0.006890,-0.138450,-1.451460,ndi
1786504329.735910,12.000260,-0.006930,-0.138410,-1.451460,ndi
1786504329.753457,12.017807,-0.006930,-0.138390,-1.451420,ndi
1786504329.768341,12.032691,-0.006940,-0.138370,-1.451410,ndi
1786504329.785856,12.050206,-0.006960,-0.138310,-1.451400,ndi
1786504329.803305,12.067655,-0.006970,-0.138290,-1.451390,ndi
1786504329.818403,12.082753,-0.006970,-0.138270,-1.451360,ndi
1786504329.836039,12.100389,-0.007000,-0.138240,-1.451330,ndi
1786504329.853494,12.117844,-0.007010,-0.138190,-1.451340,ndi
1786504329.868338,12.132688,-0.007020,-0.138160,-1.451300,ndi
1786504329.885839,12.150189,-0.007030,-0.138140,-1.451290,ndi
1786504329.903421,12.167771,-0.007050,-0.138120,-1.451240,ndi
1786504329.920846,12.185195,-0.007060,-0.138080,-1.451220,ndi
1786504329.935863,12.200213,-0.007080,-0.138050,-1.451200,ndi
1786504329.953372,12.217722,-0.007100,-0.138010,-1.451130,ndi
1786504329.968339,12.232689,-0.007120,-0.137980,-1.451130,ndi
1786504329.985847,12.250197,-0.007140,-0.137940,-1.451110,ndi
1786504330.003333,12.267683,-0.007120,-0.137910,-1.451100,ndi
1786504330.020992,12.285342,-0.007150,-0.137880,-1.451050,ndi
1786504330.035991,12.300341,-0.007160,-0.137840,-1.451010,ndi
1786504330.053492,12.317842,-0.007190,-0.137800,-1.450990,ndi
1786504330.068367,12.332717,-0.007190,-0.137780,-1.450970,ndi
1786504330.085812,12.350162,-0.007200,-0.137740,-1.450950,ndi
1786504330.103387,12.367737,-0.007240,-0.137710,-1.450930,ndi
1786504330.118458,12.382808,-0.007250,-0.137680,-1.450930,ndi
1786504330.135912,12.400262,-0.007270,-0.137650,-1.450900,ndi
1786504330.153361,12.417711,-0.007280,-0.137610,-1.450870,ndi
1786504330.168385,12.432735,-0.007300,-0.137570,-1.450870,ndi
1786504330.185838,12.450188,-0.007320,-0.137540,-1.450840,ndi
1786504330.203378,12.467728,-0.007320,-0.137530,-1.450820,ndi
1786504330.218375,12.482725,-0.007330,-0.137490,-1.450810,ndi
1786504330.236023,12.500373,-0.007340,-0.137450,-1.450800,ndi
1786504330.253372,12.517722,-0.007370,-0.137420,-1.450750,ndi
1786504330.268308,12.532658,-0.007380,-0.137390,-1.450720,ndi
1786504330.285835,12.550185,-0.007390,-0.137350,-1.450710,ndi
1786504330.303394,12.567744,-0.007420,-0.137320,-1.450700,ndi
1786504330.318497,12.582847,-0.007430,-0.137310,-1.450690,ndi
1786504330.335939,12.600289,-0.007440,-0.137270,-1.450680,ndi
1786504330.353327,12.617677,-0.007460,-0.137230,-1.450630,ndi
1786504330.368352,12.632702,-0.007480,-0.137200,-1.450630,ndi
1786504330.385783,12.650133,-0.007500,-0.137170,-1.450570,ndi
1786504330.403366,12.667716,-0.007490,-0.137150,-1.450560,ndi
1786504330.418363,12.682713,-0.007520,-0.137100,-1.450520,ndi
1786504330.436011,12.700361,-0.007540,-0.137060,-1.450490,ndi
1786504330.453428,12.717778,-0.007550,-0.137040,-1.450470,ndi
1786504330.468326,12.732676,-0.007570,-0.137020,-1.450430,ndi
1786504330.485830,12.750180,-0.007580,-0.136980,-1.450430,ndi
1786504330.503464,12.767813,-0.007610,-0.136940,-1.450390,ndi
1786504330.518613,12.782963,-0.007620,-0.136930,-1.450360,ndi
1786504330.536027,12.800377,-0.007650,-0.136890,-1.450360,ndi
1786504330.553471,12.817821,-0.007660,-0.136850,-1.450300,ndi
1786504330.568421,12.832771,-0.007670,-0.136830,-1.450290,ndi
1786504330.585819,12.850169,-0.007680,-0.136800,-1.450280,ndi
1786504330.603444,12.867794,-0.007700,-0.136770,-1.450250,ndi
1786504330.618396,12.882746,-0.007720,-0.136730,-1.450240,ndi
1786504330.636009,12.900358,-0.007720,-0.136700,-1.450220,ndi
1786504330.653458,12.917808,-0.007740,-0.136680,-1.450210,ndi
1786504330.668319,12.932669,-0.007760,-0.136650,-1.450160,ndi
1786504330.685838,12.950188,-0.007770,-0.136620,-1.450170,ndi
1786504330.703449,12.967799,-0.007800,-0.136580,-1.450120,ndi
1786504330.718368,12.982718,-0.007810,-0.136560,-1.450120,ndi
1786504330.735914,13.000264,-0.007830,-0.136520,-1.450100,ndi
1786504330.753386,13.017735,-0.007850,-0.136490,-1.450070,ndi
1786504330.768360,13.032710,-0.007850,-0.136460,-1.450070,ndi
1786504330.785826,13.050176,-0.007870,-0.136440,-1.450050,ndi
1786504330.803420,13.067770,-0.007890,-0.136400,-1.450020,ndi
1786504330.818415,13.082765,-0.007910,-0.136370,-1.450010,ndi
1786504330.835971,13.100321,-0.007920,-0.136340,-1.449960,ndi
1786504330.853521,13.117871,-0.007930,-0.136310,-1.449970,ndi
1786504330.870817,13.135167,-0.007950,-0.136280,-1.449920,ndi
1786504330.885830,13.150180,-0.007960,-0.136250,-1.449900,ndi
1786504330.903396,13.167746,-0.008000,-0.136210,-1.449860,ndi
1786504330.920852,13.185202,-0.008010,-0.136190,-1.449870,ndi
1786504330.935895,13.200245,-0.008020,-0.136160,-1.449860,ndi
1786504330.953456,13.217806,-0.008050,-0.136130,-1.449810,ndi
1786504330.970803,13.235153,-0.008060,-0.136100,-1.449790,ndi
1786504330.985826,13.250176,-0.008080,-0.136070,-1.449750,ndi
1786504331.003496,13.267846,-0.008090,-0.136030,-1.449740,ndi
1786504331.018518,13.282868,-0.008120,-0.136010,-1.449720,ndi
1786504331.036000,13.300350,-0.008140,-0.135970,-1.449680,ndi
1786504331.053472,13.317822,-0.008160,-0.135930,-1.449670,ndi
1786504331.068374,13.332724,-0.008170,-0.135920,-1.449630,ndi
1786504331.085852,13.350202,-0.008180,-0.135880,-1.449610,ndi
1786504331.103519,13.367869,-0.008220,-0.135830,-1.449590,ndi
1786504331.118422,13.382772,-0.008240,-0.135810,-1.449590,ndi
1786504331.135913,13.400263,-0.008250,-0.135780,-1.449560,ndi
1786504331.153414,13.417763,-0.008270,-0.135750,-1.449540,ndi
1786504331.168342,13.432692,-0.008290,-0.135720,-1.449550,ndi
1786504331.185881,13.450231,-0.008310,-0.135670,-1.449510,ndi
1786504331.203517,13.467867,-0.008330,-0.135660,-1.449480,ndi
1786504331.220959,13.485309,-0.008350,-0.135620,-1.449440,ndi
1786504331.236061,13.500411,-0.008360,-0.135580,-1.449410,ndi
1786504331.253370,13.517720,-0.008380,-0.135550,-1.449380,ndi
1786504331.268343,13.532693,-0.008410,-0.135530,-1.449350,ndi
1786504331.285867,13.550217,-0.008410,-0.135500,-1.449330,ndi
1786504331.303534,13.567884,-0.008430,-0.135460,-1.449350,ndi
1786504331.320967,13.585317,-0.008450,-0.135440,-1.449310,ndi
1786504331.336017,13.600367,-0.008470,-0.135420,-1.449300,ndi
1786504331.353386,13.617736,-0.008490,-0.135380,-1.449270,ndi
1786504331.370842,13.635191,-0.008490,-0.135340,-1.449280,ndi
1786504331.385881,13.650231,-0.008520,-0.135320,-1.449230,ndi
1786504331.403614,13.667964,-0.008540,-0.135310,-1.449250,ndi
1786504331.418607,13.682957,-0.008540,-0.135270,-1.449220,ndi
1786504331.436105,13.700455,-0.008570,-0.135230,-1.449190,ndi
1786504331.453529,13.717879,-0.008580,-0.135210,-1.449180,ndi
1786504331.468362,13.732712,-0.008610,-0.135200,-1.449140,ndi
1786504331.485859,13.750209,-0.008630,-0.135160,-1.449120,ndi
1786504331.503386,13.767736,-0.008640,-0.135110,-1.449090,ndi
1786504331.518393,13.782743,-0.008670,-0.135100,-1.449050,ndi
1786504331.536048,13.800398,-0.008680,-0.135070,-1.449020,ndi
1786504331.553449,13.817799,-0.008700,-0.135020,-1.449010,ndi
1786504331.568345,13.832695,-0.008710,-0.135000,-1.448980,ndi
1786504331.585882,13.850232,-0.008730,-0.134970,-1.448950,ndi
1786504331.603414,13.867764,-0.008740,-0.134950,-1.448940,ndi
1786504331.618617,13.882967,-0.008760,-0.134900,-1.448890,ndi
1786504331.636030,13.900380,-0.008780,-0.134880,-1.448850,ndi
1786504331.653462,13.917812,-0.008800,-0.134870,-1.448860,ndi
1786504331.668358,13.932708,-0.008820,-0.134830,-1.448840,ndi
1786504331.685849,13.950199,-0.008840,-0.134790,-1.448820,ndi
1786504331.703413,13.967763,-0.008860,-0.134770,-1.448800,ndi
1786504331.718580,13.982929,-0.008870,-0.134760,-1.448740,ndi
1786504331.736023,14.000373,-0.008890,-0.134720,-1.448740,ndi
1786504331.753486,14.017836,-0.008920,-0.134680,-1.448710,ndi
1786504331.768337,14.032687,-0.008920,-0.134660,-1.448700,ndi
1786504331.785862,14.050212,-0.008950,-0.134640,-1.448660,ndi
1786504331.803465,14.067815,-0.008960,-0.134600,-1.448660,ndi
1786504331.818566,14.082916,-0.008970,-0.134570,-1.448630,ndi
1786504331.835997,14.100347,-0.009000,-0.134550,-1.448600,ndi
1786504331.853400,14.117750,-0.009010,-0.134530,-1.448590,ndi
1786504331.868364,14.132714,-0.009050,-0.134490,-1.448560,ndi
1786504331.885877,14.150227,-0.009070,-0.134470,-1.448580,ndi
1786504331.903572,14.167922,-0.009080,-0.134440,-1.448540,ndi
1786504331.918585,14.182935,-0.009100,-0.134410,-1.448520,ndi
1786504331.936039,14.200389,-0.009120,-0.134380,-1.448520,ndi
1786504331.953463,14.217813,-0.009120,-0.134340,-1.448450,ndi
1786504331.968402,14.232752,-0.009150,-0.134330,-1.448460,ndi
1786504331.985875,14.250225,-0.009170,-0.134290,-1.448420,ndi
1786504332.003414,14.267764,-0.009180,-0.134260,-1.448400,ndi
1786504332.018373,14.282723,-0.009210,-0.134230,-1.448390,ndi
1786504332.035876,14.300225,-0.009230,-0.134200,-1.448350,ndi
1786504332.053528,14.317878,-0.009240,-0.134160,-1.448320,ndi
1786504332.068389,14.332739,-0.009280,-0.134120,-1.448300,ndi
1786504332.085875,14.350225,-0.009290,-0.134110,-1.448250,ndi
1786504332.103421,14.367771,-0.009320,-0.134080,-1.448250,ndi
1786504332.121009,14.385359,-0.009330,-0.134030,-1.448210,ndi
1786504332.136031,14.400381,-0.009350,-0.134010,-1.448210,ndi
1786504332.153456,14.417806,-0.009350,-0.133990,-1.448180,ndi
1786504332.168398,14.432748,-0.009370,-0.133970,-1.448150,ndi
1786504332.185887,14.450237,-0.009390,-0.133930,-1.448130,ndi
1786504332.203446,14.467796,-0.009400,-0.133900,-1.448120,ndi
1786504332.220988,14.485338,-0.009430,-0.133880,-1.448080,ndi
1786504332.236049,14.500399,-0.009430,-0.133850,-1.448080,ndi
1786504332.253419,14.517769,-0.009450,-0.133810,-1.448070,ndi
1786504332.268411,14.532761,-0.009490,-0.133790,-1.448050,ndi
1786504332.285894,14.550244,-0.009490,-0.133770,-1.448040,ndi
1786504332.303484,14.567834,-0.009520,-0.133730,-1.448000,ndi
1786504332.318573,14.582922,-0.009540,-0.133700,-1.447990,ndi
1786504332.336059,14.600409,-0.009580,-0.133680,-1.447980,ndi
1786504332.353514,14.617864,-0.009580,-0.133640,-1.447940,ndi
1786504332.368397,14.632746,-0.009580,-0.133620,-1.447920,ndi
1786504332.385896,14.650246,-0.009610,-0.133580,-1.447860,ndi
1786504332.403385,14.667735,-0.009620,-0.133560,-1.447870,ndi
1786504332.418395,14.682745,-0.009630,-0.133530,-1.447860,ndi
1786504332.435899,14.700249,-0.009650,-0.133500,-1.447830,ndi
1786504332.453463,14.717813,-0.009680,-0.133470,-1.447810,ndi
1786504332.468408,14.732758,-0.009710,-0.133440,-1.447780,ndi
1786504332.485903,14.750252,-0.009720,-0.133420,-1.447760,ndi
1786504332.503481,14.767831,-0.009740,-0.133390,-1.447730,ndi
1786504332.518527,14.782876,-0.009770,-0.133360,-1.447720,ndi
1786504332.536139,14.800489,-0.009780,-0.133330,-1.447710,ndi
1786504332.553521,14.817871,-0.009790,-0.133300,-1.447650,ndi
1786504332.568398,14.832747,-0.009810,-0.133280,-1.447660,ndi
1786504332.585909,14.850259,-0.009820,-0.133240,-1.447620,ndi
1786504332.603530,14.867880,-0.009850,-0.133220,-1.447620,ndi
1786504332.620964,14.885314,-0.009880,-0.133190,-1.447590,ndi
1786504332.635941,14.900291,-0.009880,-0.133170,-1.447570,ndi
1786504332.653453,14.917803,-0.009910,-0.133130,-1.447560,ndi
1786504332.668410,14.932760,-0.009930,-0.133100,-1.447510,ndi
1786504332.685905,14.950255,-0.009940,-0.133080,-1.447500,ndi
1786504332.703443,14.967793,-0.009970,-0.133060,-1.447480,ndi
1786504332.718423,14.982773,-0.009980,-0.133030,-1.447460,ndi
1786504332.735900,15.000250,-0.009990,-0.132990,-1.447410,ndi
1786504332.753417,15.017767,-0.010020,-0.132960,-1.447380,ndi
1786504332.768369,15.032719,-0.010030,-0.132940,-1.447400,ndi
1786504332.785887,15.050237,-0.010040,-0.132910,-1.447350,ndi
1786504332.803567,15.067917,-0.010070,-0.132860,-1.447330,ndi
1786504332.818577,15.082927,-0.010090,-0.132840,-1.447310,ndi
1786504332.836010,15.100360,-0.010100,-0.132830,-1.447270,ndi
1786504332.853424,15.117774,-0.010130,-0.132790,-1.447260,ndi
1786504332.868443,15.132792,-0.010150,-0.132740,-1.447250,ndi
1786504332.885882,15.150232,-0.010170,-0.132730,-1.447190,ndi
1786504332.903438,15.167788,-0.010190,-0.132710,-1.447190,ndi
1786504332.918377,15.182727,-0.010210,-0.132680,-1.447190,ndi
1786504332.936018,15.200367,-0.010220,-0.132630,-1.447150,ndi
1786504332.953553,15.217903,-0.010230,-0.132620,-1.447110,ndi
1786504332.968385,15.232735,-0.010250,-0.132610,-1.447120,ndi
1786504332.985888,15.250237,-0.010280,-0.132550,-1.447090,ndi
1786504333.003500,15.267850,-0.010290,-0.132510,-1.447060,ndi
1786504333.018572,15.282922,-0.010310,-0.132510,-1.447060,ndi
1786504333.036035,15.300385,-0.010330,-0.132490,-1.447030,ndi
1786504333.053515,15.317865,-0.010360,-0.132440,-1.447010,ndi
1786504333.068386,15.332736,-0.010390,-0.132410,-1.446980,ndi
1786504333.085900,15.350250,-0.010400,-0.132410,-1.446970,ndi
1786504333.103441,15.367791,-0.010430,-0.132370,-1.446940,ndi
1786504333.118426,15.382776,-0.010450,-0.132340,-1.446940,ndi
1786504333.136019,15.400369,-0.010460,-0.132310,-1.446920,ndi
1786504333.153550,15.417900,-0.010480,-0.132290,-1.446880,ndi
1786504333.168426,15.432776,-0.010510,-0.132260,-1.446900,ndi
1786504333.185933,15.450283,-0.010530,-0.132210,-1.446830,ndi
1786504333.203398,15.467748,-0.010540,-0.132190,-1.446830,ndi
1786504333.218425,15.482775,-0.010560,-0.132190,-1.446830,ndi
1786504333.236019,15.500369,-0.010600,-0.132140,-1.446780,ndi
1786504333.253544,15.517894,-0.010630,-0.132100,-1.446770,ndi
1786504333.268402,15.532752,-0.010640,-0.132080,-1.446720,ndi
1786504333.285873,15.550223,-0.010660,-0.132070,-1.446720,ndi
1786504333.303543,15.567893,-0.010680,-0.132010,-1.446660,ndi
1786504333.318496,15.582846,-0.010690,-0.131980,-1.446650,ndi
1786504333.335998,15.600348,-0.010710,-0.131970,-1.446620,ndi
1786504333.353463,15.617813,-0.010730,-0.131940,-1.446600,ndi
1786504333.368396,15.632746,-0.010770,-0.131900,-1.446550,ndi
1786504333.385945,15.650295,-0.010810,-0.131860,-1.446550,ndi
1786504333.403472,15.667822,-0.010790,-0.131860,-1.446530,ndi
1786504333.421013,15.685363,-0.010820,-0.131830,-1.446520,ndi
1786504333.436035,15.700385,-0.010850,-0.131780,-1.446490,ndi
1786504333.453554,15.717904,-0.010880,-0.131760,-1.446480,ndi
1786504333.468418,15.732768,-0.010900,-0.131750,-1.446450,ndi
1786504333.485911,15.750261,-0.010900,-0.131730,-1.446450,ndi
1786504333.503411,15.767761,-0.010940,-0.131670,-1.446440,ndi
1786504333.518385,15.782735,-0.010930,-0.131660,-1.446420,ndi
1786504333.536039,15.800389,-0.010950,-0.131660,-1.446410,ndi
1786504333.553524,15.817873,-0.010970,-0.131630,-1.446380,ndi
1786504333.568400,15.832750,-0.010990,-0.131570,-1.446350,ndi
1786504333.585914,15.850264,-0.011030,-0.131550,-1.446310,ndi
1786504333.603381,15.867731,-0.011030,-0.131550,-1.446310,ndi
1786504333.618398,15.882748,-0.011060,-0.131520,-1.446290,ndi
1786504333.635922,15.900272,-0.011090,-0.131450,-1.446260,ndi
1786504333.653403,15.917753,-0.011110,-0.131440,-1.446240,ndi
1786504333.668356,15.932706,-0.011140,-0.131430,-1.446190,ndi
1786504333.685879,15.950228,-0.011150,-0.131400,-1.446200,ndi
1786504333.703433,15.967783,-0.011180,-0.131340,-1.446150,ndi
1786504333.718376,15.982726,-0.011190,-0.131330,-1.446130,ndi
1786504333.735976,16.000326,-0.011210,-0.131330,-1.446130,ndi
1786504333.753470,16.017820,-0.011230,-0.131290,-1.446100,ndi
1786504333.768394,16.032744,-0.011250,-0.131250,-1.446100,ndi
1786504333.785903,16.050253,-0.011280,-0.131220,-1.446060,ndi
1786504333.803422,16.067772,-0.011300,-0.131220,-1.446040,ndi
1786504333.818402,16.082752,-0.011340,-0.131180,-1.446000,ndi
1786504333.836036,16.100386,-0.011350,-0.131150,-1.446000,ndi
1786504333.853562,16.117912,-0.011370,-0.131120,-1.445980,ndi
1786504333.868397,16.132747,-0.011400,-0.131110,-1.445960,ndi
1786504333.885873,16.150223,-0.011420,-0.131080,-1.445970,ndi
1786504333.903449,16.167799,-0.011420,-0.131040,-1.445940,ndi
1786504333.918417,16.182767,-0.011450,-0.131040,-1.445930,ndi
1786504333.935924,16.200274,-0.011470,-0.131010,-1.445870,ndi
1786504333.953598,16.217948,-0.011490,-0.130980,-1.445860,ndi
1786504333.968417,16.232767,-0.011510,-0.130940,-1.445830,ndi
1786504333.985866,16.250216,-0.011540,-0.130920,-1.445790,ndi
1786504334.003524,16.267874,-0.011550,-0.130910,-1.445820,ndi
1786504334.018512,16.282862,-0.011580,-0.130890,-1.445800,ndi
1786504334.036045,16.300395,-0.011600,-0.130860,-1.445750,ndi
1786504334.053548,16.317898,-0.011630,-0.130830,-1.445750,ndi
1786504334.068391,16.332741,-0.011660,-0.130810,-1.445710,ndi
1786504334.085886,16.350236,-0.011660,-0.130790,-1.445720,ndi
1786504334.103483,16.367833,-0.011680,-0.130750,-1.445670,ndi
1786504334.120925,16.385275,-0.011710,-0.130720,-1.445650,ndi
1786504334.135921,16.400271,-0.011730,-0.130700,-1.445640,ndi
1786504334.153469,16.417819,-0.011750,-0.130670,-1.445580,ndi
1786504334.168379,16.432729,-0.011760,-0.130650,-1.445590,ndi
1786504334.185902,16.450252,-0.011790,-0.130620,-1.445570,ndi
1786504334.203435,16.467785,-0.011820,-0.130590,-1.445540,ndi
1786504334.218534,16.482884,-0.011850,-0.130570,-1.445500,ndi
1786504334.235968,16.500318,-0.011880,-0.130540,-1.445490,ndi
1786504334.253481,16.517831,-0.011870,-0.130520,-1.445500,ndi
1786504334.268435,16.532785,-0.011910,-0.130500,-1.445450,ndi
1786504334.285891,16.550241,-0.011930,-0.130490,-1.445470,ndi
1786504334.303496,16.567846,-0.011950,-0.130460,-1.445430,ndi
1786504334.318469,16.582819,-0.011970,-0.130420,-1.445380,ndi
1786504334.335961,16.600311,-0.011980,-0.130390,-1.445380,ndi
1786504334.353648,16.617998,-0.012020,-0.130380,-1.445330,ndi
1786504334.368448,16.632798,-0.012040,-0.130360,-1.445340,ndi
1786504334.385909,16.650259,-0.012070,-0.130320,-1.445320,ndi
1786504334.403425,16.667775,-0.012110,-0.130290,-1.445310,ndi
1786504334.418436,16.682786,-0.012110,-0.130270,-1.445300,ndi
1786504334.435948,16.700298,-0.012140,-0.130240,-1.445270,ndi
1786504334.455326,16.719676,-0.012170,-0.130210,-1.445250,ndi
1786504334.468411,16.732761,-0.012190,-0.130170,-1.445210,ndi
1786504334.485931,16.750281,-0.012190,-0.130180,-1.445230,ndi
1786504334.503619,16.767969,-0.012220,-0.130150,-1.445190,ndi
1786504334.518665,16.783015,-0.012240,-0.130100,-1.445180,ndi
1786504334.536160,16.800510,-0.012270,-0.130070,-1.445170,ndi
1786504334.553581,16.817931,-0.012290,-0.130080,-1.445120,ndi
1786504334.568410,16.832760,-0.012310,-0.130050,-1.445120,ndi
1786504334.585906,16.850255,-0.012350,-0.129990,-1.445090,ndi
1786504334.603517,16.867867,-0.012370,-0.129970,-1.445060,ndi
1786504334.618479,16.882829,-0.012400,-0.129980,-1.445040,ndi
1786504334.635976,16.900326,-0.012420,-0.129930,-1.444980,ndi
1786504334.653580,16.917930,-0.012440,-0.129880,-1.444970,ndi
1786504334.668432,16.932782,-0.012470,-0.129870,-1.444970,ndi
1786504334.685912,16.950262,-0.012480,-0.129870,-1.444930,ndi
1786504334.703471,16.967821,-0.012510,-0.129830,-1.444880,ndi
1786504334.718472,16.982822,-0.012530,-0.129780,-1.444860,ndi
1786504334.736141,17.000491,-0.012550,-0.129760,-1.444860,ndi
1786504334.753590,17.017940,-0.012580,-0.129770,-1.444850,ndi
1786504334.768385,17.032735,-0.012620,-0.129730,-1.444800,ndi
1786504334.785904,17.050254,-0.012650,-0.129670,-1.444770,ndi
1786504334.803511,17.067861,-0.012660,-0.129670,-1.444770,ndi
1786504334.818620,17.082970,-0.012700,-0.129660,-1.444770,ndi
1786504334.836071,17.100421,-0.012730,-0.129610,-1.444740,ndi
1786504334.853536,17.117886,-0.012770,-0.129580,-1.444680,ndi
1786504334.868432,17.132782,-0.012790,-0.129570,-1.444680,ndi
1786504334.885923,17.150273,-0.012800,-0.129560,-1.444670,ndi
1786504334.903530,17.167880,-0.012840,-0.129500,-1.444640,ndi
1786504334.918468,17.182818,-0.012860,-0.129470,-1.444620,ndi
1786504334.935957,17.200307,-0.012880,-0.129470,-1.444580,ndi
1786504334.953452,17.217802,-0.012920,-0.129450,-1.444550,ndi
1786504334.968419,17.232769,-0.012940,-0.129400,-1.444530,ndi
1786504334.985945,17.250295,-0.012970,-0.129370,-1.444530,ndi
1786504335.003581,17.267931,-0.013000,-0.129380,-1.444530,ndi
1786504335.018513,17.282863,-0.013020,-0.129350,-1.444500,ndi
1786504335.036047,17.300397,-0.013050,-0.129290,-1.444480,ndi
1786504335.053584,17.317934,-0.013080,-0.129280,-1.444460,ndi
1786504335.068413,17.332763,-0.013120,-0.129280,-1.444410,ndi
1786504335.085960,17.350310,-0.013120,-0.129240,-1.444410,ndi
1786504335.103572,17.367922,-0.013160,-0.129180,-1.444380,ndi
1786504335.121042,17.385392,-0.013180,-0.129170,-1.444360,ndi
1786504335.135965,17.400315,-0.013200,-0.129180,-1.444350,ndi
1786504335.153425,17.417775,-0.013230,-0.129130,-1.444310,ndi
1786504335.168406,17.432756,-0.013250,-0.129090,-1.444310,ndi
1786504335.185935,17.450284,-0.013290,-0.129070,-1.444280,ndi
1786504335.203519,17.467869,-0.013320,-0.129080,-1.444260,ndi
1786504335.218492,17.482842,-0.013330,-0.129040,-1.444230,ndi
1786504335.236163,17.500513,-0.013360,-0.128990,-1.444220,ndi
1786504335.253441,17.517791,-0.013390,-0.128990,-1.444200,ndi
1786504335.268426,17.532776,-0.013420,-0.128980,-1.444160,ndi
1786504335.285958,17.550308,-0.013430,-0.128930,-1.444150,ndi
1786504335.303491,17.567841,-0.013470,-0.128890,-1.444110,ndi
1786504335.318537,17.582887,-0.013510,-0.128890,-1.444070,ndi
1786504335.336037,17.600387,-0.013530,-0.128880,-1.444090,ndi
1786504335.353444,17.617794,-0.013550,-0.128830,-1.444020,ndi
1786504335.368415,17.632765,-0.013580,-0.128800,-1.444050,ndi
1786504335.385941,17.650291,-0.013640,-0.128790,-1.444040,ndi
1786504335.403722,17.668072,-0.013660,-0.128790,-1.443990,ndi
1786504335.418628,17.682977,-0.013670,-0.128740,-1.443960,ndi
1786504335.436150,17.700500,-0.013710,-0.128700,-1.443960,ndi
1786504335.453514,17.717864,-0.013750,-0.128700,-1.443940,ndi
1786504335.468447,17.732797,-0.013750,-0.128680,-1.443880,ndi
1786504335.485947,17.750297,-0.013780,-0.128640,-1.443860,ndi
1786504335.503660,17.768010,-0.013820,-0.128620,-1.443850,ndi
1786504335.521123,17.785473,-0.013850,-0.128620,-1.443840,ndi
1786504335.536154,17.800504,-0.013870,-0.128590,-1.443800,ndi
1786504335.553581,17.817931,-0.013900,-0.128550,-1.443800,ndi
1786504335.568422,17.832772,-0.013900,-0.128520,-1.443790,ndi
1786504335.585967,17.850317,-0.013950,-0.128520,-1.443760,ndi
1786504335.603689,17.868039,-0.013990,-0.128500,-1.443720,ndi
1786504335.618642,17.882992,-0.014000,-0.128450,-1.443690,ndi
1786504335.636034,17.900384,-0.014030,-0.128430,-1.443670,ndi
1786504335.653471,17.917821,-0.014060,-0.128430,-1.443650,ndi
1786504335.668452,17.932802,-0.014080,-0.128400,-1.443630,ndi
1786504335.685967,17.950317,-0.014100,-0.128360,-1.443640,ndi
1786504335.703522,17.967872,-0.014120,-0.128340,-1.443600,ndi
1786504335.718649,17.982999,-0.014160,-0.128340,-1.443570,ndi
1786504335.736126,18.000476,-0.014190,-0.128310,-1.443560,ndi
1786504335.753558,18.017908,-0.014220,-0.128270,-1.443510,ndi
1786504335.768412,18.032762,-0.014250,-0.128260,-1.443510,ndi
1786504335.785974,18.050324,-0.014290,-0.128240,-1.443470,ndi
1786504335.803591,18.067941,-0.014310,-0.128220,-1.443460,ndi
1786504335.818567,18.082916,-0.014340,-0.128190,-1.443440,ndi
1786504335.835993,18.100343,-0.014380,-0.128170,-1.443440,ndi
1786504335.853503,18.117852,-0.014390,-0.128150,-1.443410,ndi
1786504335.868478,18.132828,-0.014420,-0.128120,-1.443370,ndi
1786504335.885980,18.150330,-0.014450,-0.128110,-1.443360,ndi
1786504335.903614,18.167964,-0.014480,-0.128070,-1.443340,ndi
1786504335.918530,18.182879,-0.014500,-0.128060,-1.443310,ndi
1786504335.936022,18.200372,-0.014540,-0.128040,-1.443330,ndi
1786504335.953471,18.217821,-0.014570,-0.128010,-1.443300,ndi
1786504335.968427,18.232777,-0.014600,-0.128000,-1.443290,ndi
1786504335.985964,18.250314,-0.014630,-0.127960,-1.443230,ndi
1786504336.003666,18.268016,-0.014650,-0.127950,-1.443220,ndi
1786504336.018638,18.282988,-0.014680,-0.127940,-1.443220,ndi
1786504336.036114,18.300464,-0.014710,-0.127910,-1.443180,ndi
1786504336.053534,18.317884,-0.014730,-0.127880,-1.443170,ndi
1786504336.068494,18.332844,-0.014760,-0.127870,-1.443130,ndi
1786504336.085968,18.350318,-0.014780,-0.127850,-1.443100,ndi
1786504336.103598,18.367948,-0.014830,-0.127820,-1.443090,ndi
1786504336.118732,18.383082,-0.014850,-0.127800,-1.443040,ndi
1786504336.136161,18.400511,-0.014880,-0.127780,-1.443010,ndi
1786504336.153512,18.417862,-0.014920,-0.127750,-1.443000,ndi
1786504336.168441,18.432791,-0.014960,-0.127730,-1.442980,ndi
1786504336.185984,18.450334,-0.014990,-0.127700,-1.442960,ndi
1786504336.203500,18.467850,-0.015020,-0.127690,-1.442920,ndi
1786504336.218496,18.482846,-0.015050,-0.127660,-1.442900,ndi
1786504336.235963,18.500313,-0.015090,-0.127640,-1.442880,ndi
1786504336.253444,18.517794,-0.015110,-0.127620,-1.442890,ndi
1786504336.268516,18.532866,-0.015140,-0.127600,-1.442850,ndi
1786504336.286003,18.550353,-0.015170,-0.127580,-1.442830,ndi
1786504336.303558,18.567908,-0.015220,-0.127560,-1.442790,ndi
1786504336.318522,18.582872,-0.015230,-0.127540,-1.442790,ndi
1786504336.336016,18.600366,-0.015270,-0.127510,-1.442770,ndi
1786504336.353583,18.617933,-0.015320,-0.127490,-1.442730,ndi
1786504336.368484,18.632834,-0.015330,-0.127480,-1.442710,ndi
1786504336.386003,18.650352,-0.015380,-0.127450,-1.442700,ndi
1786504336.403599,18.667949,-0.015410,-0.127420,-1.442680,ndi
1786504336.418756,18.683105,-0.015440,-0.127400,-1.442670,ndi
1786504336.436109,18.700459,-0.015450,-0.127390,-1.442610,ndi
1786504336.453604,18.717954,-0.015490,-0.127370,-1.442610,ndi
1786504336.468535,18.732885,-0.015540,-0.127340,-1.442600,ndi
1786504336.485977,18.750327,-0.015550,-0.127320,-1.442580,ndi
1786504336.503699,18.768049,-0.015580,-0.127310,-1.442530,ndi
1786504336.518748,18.783098,-0.015620,-0.127290,-1.442540,ndi
1786504336.536153,18.800503,-0.015650,-0.127250,-1.442520,ndi
1786504336.553609,18.817959,-0.015700,-0.127240,-1.442490,ndi
1786504336.568454,18.832804,-0.015730,-0.127230,-1.442490,ndi
1786504336.585965,18.850315,-0.015760,-0.127190,-1.442470,ndi
1786504336.603509,18.867859,-0.015790,-0.127160,-1.442460,ndi
1786504336.618490,18.882840,-0.015830,-0.127160,-1.442430,ndi
1786504336.636168,18.900518,-0.015850,-0.127150,-1.442420,ndi
1786504336.653566,18.917916,-0.015870,-0.127110,-1.442400,ndi
1786504336.668665,18.933015,-0.015910,-0.127080,-1.442370,ndi
1786504336.685975,18.950325,-0.015940,-0.127080,-1.442360,ndi
1786504336.703656,18.968006,-0.015970,-0.127070,-1.442320,ndi
1786504336.721135,18.985485,-0.016010,-0.127020,-1.442310,ndi
1786504336.736166,19.000515,-0.016030,-0.126990,-1.442290,ndi
1786504336.753616,19.017966,-0.016090,-0.126990,-1.442230,ndi
1786504336.768452,19.032802,-0.016100,-0.126990,-1.442250,ndi
1786504336.785951,19.050301,-0.016150,-0.126940,-1.442220,ndi
1786504336.803440,19.067790,-0.016180,-0.126910,-1.442190,ndi
1786504336.818459,19.082809,-0.016210,-0.126920,-1.442180,ndi
1786504336.836111,19.100461,-0.016240,-0.126890,-1.442140,ndi
1786504336.853637,19.117987,-0.016260,-0.126840,-1.442120,ndi
1786504336.868473,19.132823,-0.016310,-0.126830,-1.442090,ndi
1786504336.885987,19.150337,-0.016340,-0.126850,-1.442090,ndi
1786504336.903535,19.167885,-0.016380,-0.126810,-1.442030,ndi
1786504336.918549,19.182899,-0.016410,-0.126770,-1.442030,ndi
1786504336.936166,19.200516,-0.016440,-0.126750,-1.442020,ndi
1786504336.953655,19.218005,-0.016490,-0.126760,-1.441990,ndi
1786504336.968479,19.232829,-0.016520,-0.126750,-1.441970,ndi
1786504336.985986,19.250335,-0.016560,-0.126690,-1.441930,ndi
1786504337.003495,19.267845,-0.016600,-0.126690,-1.441920,ndi
1786504337.018473,19.282823,-0.016620,-0.126690,-1.441910,ndi
1786504337.036163,19.300513,-0.016660,-0.126670,-1.441870,ndi
1786504337.053623,19.317973,-0.016680,-0.126620,-1.441860,ndi
1786504337.068481,19.332831,-0.016710,-0.126630,-1.441850,ndi
1786504337.086024,19.350374,-0.016740,-0.126630,-1.441830,ndi
1786504337.103582,19.367932,-0.016780,-0.126590,-1.441780,ndi
1786504337.118610,19.382960,-0.016820,-0.126560,-1.441790,ndi
1786504337.136093,19.400443,-0.016850,-0.126560,-1.441780,ndi
1786504337.153560,19.417910,-0.016880,-0.126550,-1.441750,ndi
1786504337.168484,19.432834,-0.016910,-0.126530,-1.441770,ndi
1786504337.186026,19.450376,-0.016950,-0.126490,-1.441730,ndi
1786504337.203511,19.467861,-0.016980,-0.126490,-1.441730,ndi
1786504337.218494,19.482844,-0.017000,-0.126480,-1.441670,ndi
1786504337.236123,19.500473,-0.017050,-0.126440,-1.441630,ndi
1786504337.253500,19.517850,-0.017070,-0.126420,-1.441660,ndi
1786504337.268480,19.532830,-0.017110,-0.126410,-1.441600,ndi
1786504337.286012,19.550362,-0.017150,-0.126400,-1.441600,ndi
1786504337.303493,19.567842,-0.017180,-0.126370,-1.441570,ndi
1786504337.318516,19.582866,-0.017210,-0.126340,-1.441540,ndi
1786504337.336144,19.600494,-0.017260,-0.126330,-1.441540,ndi
1786504337.353638,19.617988,-0.017300,-0.126320,-1.441490,ndi
1786504337.368479,19.632829,-0.017330,-0.126300,-1.441480,ndi
1786504337.385988,19.650337,-0.017370,-0.126260,-1.441440,ndi
1786504337.403510,19.667860,-0.017410,-0.126260,-1.441440,ndi
1786504337.418604,19.682954,-0.017420,-0.126240,-1.441430,ndi
1786504337.436161,19.700511,-0.017460,-0.126210,-1.441390,ndi
1786504337.453673,19.718023,-0.017500,-0.126180,-1.441350,ndi
1786504337.468468,19.732818,-0.017540,-0.126170,-1.441330,ndi
1786504337.486035,19.750385,-0.017570,-0.126160,-1.441340,ndi
1786504337.503557,19.767907,-0.017610,-0.126120,-1.441290,ndi
1786504337.518716,19.783066,-0.017640,-0.126100,-1.441300,ndi
1786504337.536189,19.800539,-0.017680,-0.126090,-1.441260,ndi
1786504337.553645,19.817995,-0.017710,-0.126070,-1.441200,ndi
1786504337.568486,19.832836,-0.017750,-0.126050,-1.441230,ndi
1786504337.585922,19.850271,-0.017800,-0.126020,-1.441200,ndi
1786504337.603589,19.867939,-0.017830,-0.126020,-1.441170,ndi
1786504337.618644,19.882994,-0.017840,-0.126000,-1.441170,ndi
1786504337.636194,19.900544,-0.017880,-0.125970,-1.441140,ndi
1786504337.653686,19.918036,-0.017920,-0.125940,-1.441140,ndi
1786504337.668468,19.932818,-0.017940,-0.125940,-1.441100,ndi
1786504337.686009,19.950359,-0.017980,-0.125930,-1.441100,ndi
1786504337.703540,19.967890,-0.018020,-0.125890,-1.441100,ndi
1786504337.718762,19.983112,-0.018050,-0.125870,-1.441070,ndi
1786504337.736045,20.000395,-0.018090,-0.125860,-1.441030,ndi
1786504337.753693,20.018043,-0.018120,-0.125850,-1.440990,ndi
1786504337.768494,20.032844,-0.018150,-0.125820,-1.440990,ndi
1786504337.785971,20.050321,-0.018200,-0.125790,-1.440970,ndi
1786504337.803527,20.067877,-0.018210,-0.125800,-1.440960,ndi
1786504337.818536,20.082886,-0.018240,-0.125790,-1.440930,ndi
1786504337.836161,20.100511,-0.018280,-0.125740,-1.440930,ndi
1786504337.853657,20.118007,-0.018310,-0.125730,-1.440920,ndi
1786504337.868491,20.132841,-0.018340,-0.125720,-1.440880,ndi
1786504337.885999,20.150349,-0.018380,-0.125710,-1.440850,ndi
1786504337.903613,20.167963,-0.018420,-0.125670,-1.440850,ndi
1786504337.918683,20.183033,-0.018450,-0.125640,-1.440820,ndi
1786504337.936059,20.200409,-0.018500,-0.125640,-1.440780,ndi
1786504337.953619,20.217969,-0.018520,-0.125620,-1.440740,ndi
1786504337.968509,20.232859,-0.018550,-0.125600,-1.440770,ndi
1786504337.985991,20.250341,-0.018590,-0.125570,-1.440720,ndi
1786504338.003584,20.267934,-0.018600,-0.125570,-1.440680,ndi
1786504338.018741,20.283091,-0.018640,-0.125550,-1.440670,ndi
1786504338.036190,20.300540,-0.018670,-0.125510,-1.440640,ndi
1786504338.053688,20.318038,-0.018710,-0.125500,-1.440640,ndi
1786504338.068474,20.332824,-0.018750,-0.125490,-1.440610,ndi
1786504338.085979,20.350329,-0.018770,-0.125470,-1.440610,ndi
1786504338.103576,20.367926,-0.018810,-0.125450,-1.440590,ndi
1786504338.118754,20.383104,-0.018850,-0.125430,-1.440550,ndi
1786504338.136159,20.400509,-0.018880,-0.125410,-1.440540,ndi
1786504338.153679,20.418029,-0.018940,-0.125390,-1.440530,ndi
1786504338.168483,20.432833,-0.018950,-0.125380,-1.440490,ndi
1786504338.185928,20.450278,-0.018990,-0.125360,-1.440500,ndi
1786504338.203539,20.467889,-0.019000,-0.125340,-1.440480,ndi
1786504338.218664,20.483014,-0.019040,-0.125320,-1.440470,ndi
1786504338.236174,20.500524,-0.019080,-0.125310,-1.440410,ndi
1786504338.253515,20.517865,-0.019100,-0.125290,-1.440420,ndi
1786504338.268493,20.532843,-0.019140,-0.125260,-1.440390,ndi
1786504338.286016,20.550366,-0.019170,-0.125240,-1.440370,ndi
1786504338.303532,20.567882,-0.019220,-0.125230,-1.440340,ndi
1786504338.318503,20.582853,-0.019240,-0.125210,-1.440330,ndi
1786504338.336006,20.600356,-0.019260,-0.125180,-1.440360,ndi
1786504338.353631,20.617980,-0.019320,-0.125170,-1.440310,ndi
1786504338.368448,20.632797,-0.019340,-0.125160,-1.440320,ndi
1786504338.385939,20.650289,-0.019370,-0.125130,-1.440270,ndi
1786504338.403533,20.667883,-0.019400,-0.125100,-1.440260,ndi
1786504338.418496,20.682846,-0.019420,-0.125090,-1.440240,ndi
1786504338.436130,20.700480,-0.019470,-0.125070,-1.440210,ndi
1786504338.453585,20.717935,-0.019500,-0.125050,-1.440200,ndi
1786504338.468440,20.732790,-0.019540,-0.125020,-1.440190,ndi
1786504338.486012,20.750362,-0.019570,-0.125010,-1.440170,ndi
1786504338.503580,20.767930,-0.019600,-0.124980,-1.440120,ndi
1786504338.518528,20.782878,-0.019650,-0.124960,-1.440130,ndi
1786504338.536086,20.800436,-0.019680,-0.124940,-1.440120,ndi
1786504338.553518,20.817868,-0.019720,-0.124920,-1.440070,ndi
1786504338.568474,20.832824,-0.019750,-0.124900,-1.440060,ndi
1786504338.585953,20.850303,-0.019770,-0.124870,-1.440030,ndi
1786504338.603496,20.867846,-0.019780,-0.124880,-1.440040,ndi
1786504338.618499,20.882849,-0.019790,-0.124870,-1.440030,ndi
1786504338.636178,20.900528,-0.019800,-0.124860,-1.440010,ndi
1786504338.653622,20.917972,-0.019800,-0.124870,-1.440040,ndi
1786504338.668468,20.932818,-0.019800,-0.124870,-1.440030,ndi
1786504338.686012,20.950362,-0.019810,-0.124870,-1.440040,ndi
1786504338.703597,20.967947,-0.019830,-0.124860,-1.440000,ndi
1786504338.718631,20.982981,-0.019830,-0.124870,-1.440010,ndi
1786504338.736076,21.000426,-0.019820,-0.124880,-1.440030,ndi
1786504338.753601,21.017951,-0.019820,-0.124870,-1.440010,ndi
1786504338.768445,21.032795,-0.019830,-0.124860,-1.440030,ndi
1786504338.785989,21.050339,-0.019820,-0.124870,-1.440030,ndi
1786504338.803503,21.067853,-0.019820,-0.124880,-1.440030,ndi
1786504338.818630,21.082980,-0.019820,-0.124870,-1.440030,ndi
1786504338.836110,21.100460,-0.019830,-0.124870,-1.440020,ndi
1786504338.853618,21.117968,-0.019830,-0.124880,-1.440030,ndi
1786504338.868475,21.132825,-0.019830,-0.124870,-1.440030,ndi
1786504338.886067,21.150417,-0.019830,-0.124860,-1.440000,ndi
1786504338.903624,21.167974,-0.019840,-0.124870,-1.440010,ndi
1786504338.918638,21.182988,-0.019840,-0.124880,-1.440020,ndi
1786504338.936139,21.200489,-0.019850,-0.124880,-1.440020,ndi
1786504338.953657,21.218007,-0.019850,-0.124860,-1.440020,ndi
1786504338.968490,21.232840,-0.019840,-0.124870,-1.440040,ndi
1786504338.986010,21.250360,-0.019840,-0.124880,-1.440010,ndi
1786504339.003594,21.267944,-0.019840,-0.124870,-1.440020,ndi
1786504339.018640,21.282990,-0.019840,-0.124860,-1.440030,ndi
1786504339.036042,21.300392,-0.019840,-0.124870,-1.440010,ndi
1786504339.053543,21.317893,-0.019830,-0.124880,-1.440030,ndi
1786504339.068533,21.332883,-0.019850,-0.124870,-1.440020,ndi
1786504339.086022,21.350372,-0.019850,-0.124860,-1.440000,ndi
1786504339.103554,21.367904,-0.019850,-0.124870,-1.440010,ndi
1786504339.118560,21.382910,-0.019860,-0.124890,-1.440030,ndi
1786504339.136048,21.400398,-0.019850,-0.124860,-1.440030,ndi
1786504339.153571,21.417921,-0.019850,-0.124860,-1.440030,ndi
1786504339.168504,21.432853,-0.019850,-0.124880,-1.440020,ndi
1786504339.186033,21.450383,-0.019850,-0.124870,-1.440000,ndi
1786504339.203668,21.468018,-0.019840,-0.124870,-1.440030,ndi
1786504339.218668,21.483018,-0.019850,-0.124870,-1.440030,ndi
1786504339.236127,21.500477,-0.019850,-0.124880,-1.440030,ndi
1786504339.253586,21.517936,-0.019860,-0.124870,-1.440020,ndi
1786504339.268511,21.532861,-0.019850,-0.124860,-1.440010,ndi
1786504339.285999,21.550349,-0.019850,-0.124870,-1.440010,ndi
1786504339.303758,21.568108,-0.019860,-0.124880,-1.440010,ndi
1786504339.318684,21.583034,-0.019860,-0.124870,-1.440010,ndi
1786504339.336233,21.600583,-0.019860,-0.124860,-1.440030,ndi
1786504339.353683,21.618033,-0.019860,-0.124880,-1.440020,ndi
1786504339.368498,21.632848,-0.019850,-0.124890,-1.440020,ndi
1786504339.386025,21.650375,-0.019860,-0.124870,-1.440010,ndi
1786504339.403649,21.667999,-0.019870,-0.124860,-1.440030,ndi
1786504339.418610,21.682960,-0.019860,-0.124880,-1.440010,ndi
1786504339.436089,21.700439,-0.019850,-0.124890,-1.440010,ndi
1786504339.453527,21.717877,-0.019860,-0.124870,-1.440010,ndi
1786504339.468503,21.732853,-0.019860,-0.124860,-1.440000,ndi
1786504339.486041,21.750391,-0.019870,-0.124880,-1.440020,ndi
1786504339.503621,21.767971,-0.019870,-0.124900,-1.440010,ndi
1786504339.518571,21.782921,-0.019870,-0.124870,-1.440000,ndi
1786504339.536198,21.800548,-0.019880,-0.124860,-1.440010,ndi
1786504339.553668,21.818018,-0.019880,-0.124890,-1.440030,ndi
1786504339.568496,21.832846,-0.019860,-0.124900,-1.440020,ndi
1786504339.586020,21.850369,-0.019870,-0.124870,-1.440010,ndi
1786504339.603741,21.868091,-0.019860,-0.124870,-1.440010,ndi
1786504339.618591,21.882941,-0.019870,-0.124890,-1.440020,ndi
1786504339.636142,21.900492,-0.019870,-0.124900,-1.440010,ndi
1786504339.653683,21.918033,-0.019860,-0.124870,-1.440020,ndi
1786504339.668529,21.932879,-0.019880,-0.124860,-1.440030,ndi
1786504339.686003,21.950353,-0.019870,-0.124900,-1.440010,ndi
1786504339.703679,21.968029,-0.019880,-0.124900,-1.440030,ndi
1786504339.718604,21.982954,-0.019880,-0.124870,-1.440010,ndi
1786504339.736071,22.000421,-0.019880,-0.124870,-1.440020,ndi
1786504339.753515,22.017865,-0.019880,-0.124900,-1.440010,ndi
1786504339.768524,22.032874,-0.019870,-0.124890,-1.440010,ndi
1786504339.786003,22.050353,-0.019880,-0.124870,-1.440010,ndi
1786504339.803625,22.067975,-0.019870,-0.124880,-1.440000,ndi
1786504339.818593,22.082943,-0.019870,-0.124900,-1.440020,ndi
1786504339.836071,22.100421,-0.019880,-0.124880,-1.440000,ndi
1786504339.853667,22.118017,-0.019870,-0.124870,-1.440010,ndi
1786504339.868528,22.132878,-0.019890,-0.124880,-1.440000,ndi
1786504339.886063,22.150413,-0.019890,-0.124900,-1.440000,ndi
1786504339.903579,22.167928,-0.019880,-0.124880,-1.439980,ndi
1786504339.918577,22.182927,-0.019890,-0.124870,-1.440010,ndi
1786504339.936121,22.200471,-0.019890,-0.124880,-1.440010,ndi
1786504339.953512,22.217862,-0.019880,-0.124900,-1.440010,ndi
1786504339.968529,22.232879,-0.019880,-0.124880,-1.440010,ndi
1786504339.986021,22.250371,-0.019880,-0.124870,-1.440010,ndi
1786504340.003637,22.267987,-0.019880,-0.124900,-1.440000,ndi
1786504340.018781,22.283131,-0.019890,-0.124900,-1.440000,ndi
1786504340.036056,22.300406,-0.019890,-0.124870,-1.440000,ndi
1786504340.053567,22.317917,-0.019880,-0.124870,-1.440000,ndi
1786504340.068543,22.332893,-0.019900,-0.124880,-1.440010,ndi
1786504340.086209,22.350559,-0.019890,-0.124890,-1.440020,ndi
1786504340.103699,22.368049,-0.019900,-0.124860,-1.440020,ndi
1786504340.118711,22.383061,-0.019920,-0.124850,-1.440040,ndi
1786504340.136185,22.400535,-0.019910,-0.124870,-1.440040,ndi
1786504340.153682,22.418032,-0.019910,-0.124860,-1.440030,ndi
1786504340.168527,22.432877,-0.019910,-0.124840,-1.440040,ndi
1786504340.186005,22.450355,-0.019910,-0.124830,-1.440060,ndi
1786504340.203607,22.467957,-0.019910,-0.124850,-1.440060,ndi
1786504340.218595,22.482944,-0.019910,-0.124850,-1.440070,ndi
1786504340.236067,22.500417,-0.019920,-0.124810,-1.440100,ndi
1786504340.253591,22.517941,-0.019930,-0.124810,-1.440140,ndi
1786504340.268556,22.532906,-0.019940,-0.124820,-1.440090,ndi
1786504340.286027,22.550377,-0.019940,-0.124810,-1.440130,ndi
1786504340.303681,22.568031,-0.019940,-0.124780,-1.440130,ndi
1786504340.318631,22.582981,-0.019950,-0.124780,-1.440150,ndi
1786504340.336121,22.600471,-0.019940,-0.124790,-1.440190,ndi
1786504340.353639,22.617989,-0.019950,-0.124770,-1.440160,ndi
1786504340.368505,22.632855,-0.019940,-0.124750,-1.440180,ndi
1786504340.386032,22.650382,-0.019960,-0.124740,-1.440200,ndi
1786504340.403613,22.667963,-0.019970,-0.124740,-1.440200,ndi
1786504340.418565,22.682915,-0.019960,-0.124720,-1.440230,ndi
1786504340.436041,22.700391,-0.019990,-0.124690,-1.440260,ndi
1786504340.453547,22.717896,-0.019980,-0.124680,-1.440260,ndi
1786504340.468526,22.732876,-0.020000,-0.124670,-1.440290,ndi
1786504340.486059,22.750409,-0.020000,-0.124640,-1.440340,ndi
1786504340.503740,22.768090,-0.020010,-0.124610,-1.440370,ndi
1786504340.518736,22.783086,-0.020050,-0.124590,-1.440380,ndi
1786504340.536199,22.800549,-0.020030,-0.124570,-1.440450,ndi
1786504340.553550,22.817899,-0.020050,-0.124520,-1.440490,ndi
1786504340.568557,22.832907,-0.020070,-0.124480,-1.440560,ndi
1786504340.586044,22.850394,-0.020080,-0.124460,-1.440650,ndi
1786504340.603668,22.868018,-0.020100,-0.124420,-1.440680,ndi
1786504340.618604,22.882954,-0.020110,-0.124380,-1.440740,ndi
1786504340.636098,22.900448,-0.020130,-0.124340,-1.440830,ndi
1786504340.653566,22.917916,-0.020140,-0.124320,-1.440910,ndi
1786504340.668599,22.932949,-0.020160,-0.124280,-1.440990,ndi
1786504340.686030,22.950380,-0.020190,-0.124190,-1.441060,ndi
1786504340.703547,22.967897,-0.020190,-0.124160,-1.441130,ndi
1786504340.718521,22.982871,-0.020210,-0.124130,-1.441160,ndi
1786504340.736090,23.000440,-0.020200,-0.124090,-1.441200,ndi
1786504340.753567,23.017917,-0.020220,-0.124060,-1.441230,ndi
1786504340.768537,23.032887,-0.020220,-0.124020,-1.441310,ndi
1786504340.786048,23.050398,-0.020240,-0.123990,-1.441360,ndi
1786504340.803622,23.067972,-0.020260,-0.123940,-1.441390,ndi
1786504340.818590,23.082940,-0.020250,-0.123910,-1.441470,ndi
1786504340.836054,23.100404,-0.020270,-0.123880,-1.441510,ndi
1786504340.853556,23.117906,-0.020290,-0.123830,-1.441650,ndi
1786504340.868583,23.132933,-0.020300,-0.123780,-1.441680,ndi
1786504340.886061,23.150411,-0.020310,-0.123740,-1.441760,ndi
1786504340.903692,23.168042,-0.020320,-0.123740,-1.441820,ndi
1786504340.918639,23.182989,-0.020330,-0.123730,-1.441820,ndi
1786504340.936160,23.200510,-0.020320,-0.123670,-1.441890,ndi
1786504340.953688,23.218038,-0.020330,-0.123630,-1.441940,ndi
1786504340.968532,23.232882,-0.020340,-0.123600,-1.442060,ndi
1786504340.986051,23.250401,-0.020350,-0.123560,-1.442110,ndi
1786504341.003759,23.268109,-0.020360,-0.123510,-1.442150,ndi
1786504341.018777,23.283127,-0.020360,-0.123490,-1.442230,ndi
1786504341.036074,23.300424,-0.020390,-0.123450,-1.442300,ndi
1786504341.053606,23.317955,-0.020390,-0.123380,-1.442370,ndi
1786504341.068557,23.332906,-0.020400,-0.123320,-1.442470,ndi
1786504341.086025,23.350375,-0.020400,-0.123280,-1.442540,ndi
1786504341.103577,23.367927,-0.020420,-0.123240,-1.442630,ndi
1786504341.118546,23.382896,-0.020420,-0.123180,-1.442730,ndi
1786504341.136095,23.400445,-0.020420,-0.123090,-1.442830,ndi
1786504341.153563,23.417913,-0.020450,-0.123030,-1.442930,ndi
1786504341.168545,23.432895,-0.020450,-0.122970,-1.443060,ndi
1786504341.186056,23.450406,-0.020440,-0.122920,-1.443130,ndi
1786504341.203632,23.467982,-0.020450,-0.122860,-1.443220,ndi
1786504341.218569,23.482919,-0.020460,-0.122830,-1.443320,ndi
1786504341.236082,23.500432,-0.020470,-0.122790,-1.443340,ndi
1786504341.253610,23.517960,-0.020460,-0.122680,-1.443570,ndi
1786504341.268552,23.532902,-0.020460,-0.122630,-1.443660,ndi
1786504341.286059,23.550409,-0.020470,-0.122600,-1.443690,ndi
1786504341.303548,23.567898,-0.020480,-0.122570,-1.443800,ndi
1786504341.318542,23.582892,-0.020460,-0.122540,-1.443820,ndi
1786504341.336090,23.600440,-0.020450,-0.122490,-1.443900,ndi
1786504341.353681,23.618031,-0.020470,-0.122460,-1.443950,ndi
1786504341.368560,23.632910,-0.020460,-0.122440,-1.443970,ndi
1786504341.386024,23.650374,-0.020460,-0.122380,-1.444060,ndi
1786504341.403697,23.668047,-0.020460,-0.122300,-1.444150,ndi
1786504341.418588,23.682938,-0.020450,-0.122280,-1.444260,ndi
1786504341.436204,23.700554,-0.020470,-0.122230,-1.444290,ndi
1786504341.453709,23.718059,-0.020460,-0.122190,-1.444330,ndi
1786504341.468553,23.732903,-0.020460,-0.122180,-1.444370,ndi
1786504341.486059,23.750409,-0.020460,-0.122180,-1.444350,ndi
1786504341.503509,23.767859,-0.020450,-0.122130,-1.444500,ndi
1786504341.518556,23.782906,-0.020450,-0.122080,-1.444520,ndi
1786504341.536180,23.800530,-0.020440,-0.122040,-1.444610,ndi
1786504341.553691,23.818041,-0.020430,-0.122010,-1.444670,ndi
1786504341.568534,23.832884,-0.020420,-0.121960,-1.444750,ndi
1786504341.586062,23.850412,-0.020420,-0.121920,-1.444820,ndi
1786504341.603556,23.867906,-0.020430,-0.121900,-1.444880,ndi
1786504341.618571,23.882921,-0.020410,-0.121840,-1.444980,ndi
1786504341.636211,23.900561,-0.020420,-0.121810,-1.445050,ndi
1786504341.653662,23.918012,-0.020400,-0.121760,-1.445120,ndi
1786504341.668607,23.932957,-0.020390,-0.121700,-1.445270,ndi
1786504341.686049,23.950399,-0.020380,-0.121640,-1.445350,ndi
1786504341.703617,23.967967,-0.020350,-0.121610,-1.445380,ndi
1786504341.718588,23.982938,-0.020360,-0.121570,-1.445430,ndi
1786504341.736077,24.000427,-0.020330,-0.121520,-1.445530,ndi
1786504341.753596,24.017946,-0.020330,-0.121490,-1.445540,ndi
1786504341.768584,24.032933,-0.020330,-0.121440,-1.445640,ndi
1786504341.786062,24.050412,-0.020310,-0.121410,-1.445690,ndi
1786504341.803600,24.067950,-0.020310,-0.121360,-1.445760,ndi
1786504341.818603,24.082952,-0.020290,-0.121280,-1.445910,ndi
1786504341.836125,24.100475,-0.020280,-0.121250,-1.445960,ndi
1786504341.853551,24.117901,-0.020270,-0.121220,-1.446040,ndi
1786504341.868571,24.132921,-0.020250,-0.121190,-1.446070,ndi
1786504341.886051,24.150401,-0.020260,-0.121180,-1.446130,ndi
1786504341.903555,24.167905,-0.020220,-0.121130,-1.446190,ndi
1786504341.918561,24.182910,-0.020230,-0.121100,-1.446250,ndi
1786504341.936156,24.200505,-0.020200,-0.121050,-1.446330,ndi
1786504341.953570,24.217920,-0.020180,-0.121010,-1.446390,ndi
1786504341.968533,24.232883,-0.020180,-0.120980,-1.446470,ndi
1786504341.986062,24.250412,-0.020140,-0.120940,-1.446550,ndi
1786504342.003572,24.267922,-0.020130,-0.120880,-1.446630,ndi
1786504342.018809,24.283159,-0.020140,-0.120850,-1.446650,ndi
1786504342.036178,24.300528,-0.020130,-0.120840,-1.446680,ndi
1786504342.053748,24.318098,-0.020130,-0.120840,-1.446710,ndi
1786504342.068568,24.332918,-0.020110,-0.120790,-1.446780,ndi
1786504342.085987,24.350337,-0.020100,-0.120760,-1.446820,ndi
1786504342.103611,24.367961,-0.020050,-0.120710,-1.446890,ndi
1786504342.118705,24.383054,-0.020070,-0.120680,-1.446940,ndi
1786504342.136065,24.400414,-0.020040,-0.120640,-1.447060,ndi
1786504342.153603,24.417953,-0.020010,-0.120600,-1.447140,ndi
1786504342.168551,24.432901,-0.020000,-0.120560,-1.447190,ndi
1786504342.186034,24.450384,-0.019970,-0.120500,-1.447240,ndi
1786504342.203641,24.467991,-0.019970,-0.120460,-1.447360,ndi
1786504342.218624,24.482974,-0.019940,-0.120440,-1.447450,ndi
1786504342.236144,24.500494,-0.019910,-0.120390,-1.447500,ndi
1786504342.253589,24.517939,-0.019900,-0.120330,-1.447570,ndi
1786504342.268519,24.532869,-0.019880,-0.120300,-1.447650,ndi
1786504342.286021,24.550371,-0.019840,-0.120270,-1.447710,ndi
1786504342.303655,24.568005,-0.019820,-0.120220,-1.447830,ndi
1786504342.318655,24.583004,-0.019800,-0.120170,-1.447880,ndi
1786504342.336131,24.600481,-0.019770,-0.120140,-1.447980,ndi
1786504342.353723,24.618073,-0.019750,-0.120100,-1.448040,ndi
1786504342.368537,24.632887,-0.019720,-0.120050,-1.448070,ndi
1786504342.386031,24.650381,-0.019690,-0.119980,-1.448210,ndi
1786504342.403651,24.668001,-0.019660,-0.119950,-1.448260,ndi
1786504342.418678,24.683028,-0.019630,-0.119930,-1.448370,ndi
1786504342.436141,24.700491,-0.019620,-0.119880,-1.448390,ndi
1786504342.453641,24.717991,-0.019600,-0.119850,-1.448440,ndi
1786504342.468644,24.732994,-0.019570,-0.119840,-1.448520,ndi
1786504342.486101,24.750451,-0.019540,-0.119800,-1.448580,ndi
1786504342.503608,24.767957,-0.019510,-0.119740,-1.448640,ndi
1786504342.518754,24.783104,-0.019480,-0.119700,-1.448690,ndi
1786504342.536243,24.800593,-0.019440,-0.119680,-1.448770,ndi
1786504342.553713,24.818063,-0.019420,-0.119630,-1.448850,ndi
1786504342.568565,24.832915,-0.019400,-0.119580,-1.448910,ndi
1786504342.586044,24.850394,-0.019370,-0.119560,-1.448970,ndi
1786504342.603576,24.867926,-0.019380,-0.119560,-1.448970,ndi
1786504342.618601,24.882951,-0.019360,-0.119550,-1.449010,ndi
1786504342.636101,24.900451,-0.019340,-0.119490,-1.449070,ndi
1786504342.653568,24.917918,-0.019320,-0.119470,-1.449120,ndi
1786504342.668492,24.932842,-0.019290,-0.119450,-1.449160,ndi
1786504342.686027,24.950377,-0.019260,-0.119400,-1.449230,ndi
1786504342.703735,24.968085,-0.019230,-0.119360,-1.449280,ndi
1786504342.718750,24.983100,-0.019190,-0.119340,-1.449350,ndi
1786504342.736185,25.000535,-0.019160,-0.119310,-1.449420,ndi
1786504342.753581,25.017931,-0.019150,-0.119270,-1.449490,ndi
1786504342.768558,25.032908,-0.019100,-0.119220,-1.449540,ndi
1786504342.786060,25.050410,-0.019070,-0.119200,-1.449630,ndi
1786504342.803586,25.067936,-0.019050,-0.119170,-1.449670,ndi
1786504342.818635,25.082985,-0.019020,-0.119130,-1.449720,ndi
1786504342.836101,25.100451,-0.018980,-0.119080,-1.449810,ndi
1786504342.853723,25.118073,-0.018950,-0.119060,-1.449850,ndi
1786504342.868509,25.132859,-0.018920,-0.119040,-1.449930,ndi
1786504342.886059,25.150409,-0.018890,-0.118990,-1.449980,ndi
1786504342.903733,25.168083,-0.018840,-0.118960,-1.450040,ndi
1786504342.918661,25.183011,-0.018820,-0.118950,-1.450080,ndi
1786504342.936193,25.200543,-0.018780,-0.118910,-1.450130,ndi
1786504342.953711,25.218061,-0.018750,-0.118860,-1.450220,ndi
1786504342.968550,25.232900,-0.018730,-0.118840,-1.450260,ndi
1786504342.986071,25.250421,-0.018680,-0.118810,-1.450340,ndi
1786504343.003741,25.268091,-0.018650,-0.118770,-1.450410,ndi
1786504343.018819,25.283169,-0.018630,-0.118730,-1.450450,ndi
1786504343.036143,25.300493,-0.018600,-0.118710,-1.450490,ndi
1786504343.053608,25.317958,-0.018560,-0.118690,-1.450540,ndi
1786504343.068588,25.332938,-0.018540,-0.118650,-1.450610,ndi
1786504343.086098,25.350448,-0.018500,-0.118610,-1.450650,ndi
1786504343.103692,25.368042,-0.018450,-0.118590,-1.450710,ndi
1786504343.118708,25.383058,-0.018400,-0.118540,-1.450770,ndi
1786504343.136137,25.400487,-0.018350,-0.118490,-1.450830,ndi
1786504343.153736,25.418086,-0.018320,-0.118460,-1.450920,ndi
1786504343.168572,25.432922,-0.018340,-0.118470,-1.450880,ndi
1786504343.186062,25.450412,-0.018330,-0.118470,-1.450890,ndi
1786504343.203715,25.468065,-0.018280,-0.118420,-1.450970,ndi
1786504343.218786,25.483136,-0.018260,-0.118400,-1.450990,ndi
1786504343.236228,25.500578,-0.018230,-0.118380,-1.451030,ndi
1786504343.253597,25.517947,-0.018190,-0.118360,-1.451090,ndi
1786504343.268542,25.532892,-0.018160,-0.118330,-1.451150,ndi
1786504343.286069,25.550419,-0.018130,-0.118290,-1.451170,ndi
1786504343.303668,25.568018,-0.018080,-0.118280,-1.451240,ndi
1786504343.318663,25.583013,-0.018050,-0.118250,-1.451280,ndi
1786504343.336134,25.600484,-0.018030,-0.118220,-1.451310,ndi
1786504343.353772,25.618122,-0.017990,-0.118200,-1.451370,ndi
1786504343.368544,25.632894,-0.017960,-0.118190,-1.451440,ndi
1786504343.386071,25.650421,-0.017940,-0.118160,-1.451480,ndi
1786504343.403667,25.668017,-0.017900,-0.118110,-1.451500,ndi
1786504343.418889,25.683239,-0.017890,-0.118110,-1.451560,ndi
1786504343.436210,25.700560,-0.017850,-0.118090,-1.451610,ndi
1786504343.453593,25.717943,-0.017820,-0.118060,-1.451630,ndi
1786504343.468541,25.732891,-0.017790,-0.118040,-1.451660,ndi
1786504343.486078,25.750428,-0.017750,-0.118030,-1.451690,ndi
1786504343.503679,25.768029,-0.017710,-0.118000,-1.451740,ndi
1786504343.518751,25.783101,-0.017680,-0.117950,-1.451780,ndi
1786504343.536288,25.800638,-0.017640,-0.117920,-1.451840,ndi
1786504343.553696,25.818046,-0.017600,-0.117920,-1.451910,ndi
1786504343.568564,25.832914,-0.017560,-0.117880,-1.451950,ndi
1786504343.586112,25.850462,-0.017550,-0.117850,-1.451980,ndi
1786504343.603636,25.867986,-0.017510,-0.117840,-1.451990,ndi
1786504343.618656,25.883006,-0.017460,-0.117830,-1.452060,ndi
1786504343.636300,25.900650,-0.017440,-0.117790,-1.452110,ndi
1786504343.653727,25.918077,-0.017390,-0.117760,-1.452130,ndi
1786504343.668609,25.932959,-0.017340,-0.117730,-1.452210,ndi
1786504343.686095,25.950444,-0.017290,-0.117710,-1.452270,ndi
1786504343.703626,25.967976,-0.017250,-0.117670,-1.452300,ndi
1786504343.718657,25.983007,-0.017240,-0.117650,-1.452330,ndi
1786504343.736248,26.000598,-0.017220,-0.117650,-1.452310,ndi
1786504343.753731,26.018081,-0.017220,-0.117660,-1.452320,ndi
1786504343.768574,26.032924,-0.017200,-0.117620,-1.452370,ndi
1786504343.786121,26.050471,-0.017150,-0.117590,-1.452420,ndi
1786504343.803817,26.068167,-0.017140,-0.117570,-1.452420,ndi
1786504343.818676,26.083025,-0.017100,-0.117570,-1.452480,ndi
1786504343.836133,26.100483,-0.017070,-0.117540,-1.452510,ndi
1786504343.853761,26.118111,-0.017030,-0.117520,-1.452530,ndi
1786504343.868607,26.132957,-0.016990,-0.117510,-1.452550,ndi
1786504343.886107,26.150457,-0.016970,-0.117490,-1.452590,ndi
1786504343.903626,26.167976,-0.016920,-0.117460,-1.452640,ndi
1786504343.918630,26.182980,-0.016900,-0.117440,-1.452660,ndi
1786504343.936120,26.200469,-0.016860,-0.117430,-1.452690,ndi
1786504343.953734,26.218084,-0.016830,-0.117410,-1.452740,ndi
1786504343.968603,26.232953,-0.016810,-0.117380,-1.452750,ndi
1786504343.986106,26.250456,-0.016760,-0.117360,-1.452830,ndi
1786504344.003643,26.267993,-0.016730,-0.117340,-1.452840,ndi
1786504344.018625,26.282975,-0.016690,-0.117330,-1.452900,ndi
1786504344.036113,26.300463,-0.016670,-0.117290,-1.452940,ndi
1786504344.053660,26.318010,-0.016630,-0.117280,-1.452960,ndi
1786504344.068663,26.333013,-0.016570,-0.117270,-1.453000,ndi
1786504344.086110,26.350460,-0.016550,-0.117230,-1.453040,ndi
1786504344.103654,26.368004,-0.016490,-0.117210,-1.453090,ndi
1786504344.118678,26.383028,-0.016470,-0.117200,-1.453140,ndi
1786504344.136135,26.400485,-0.016440,-0.117190,-1.453160,ndi
1786504344.153744,26.418094,-0.016410,-0.117160,-1.453220,ndi
1786504344.168584,26.432934,-0.016410,-0.117140,-1.453230,ndi
1786504344.186121,26.450471,-0.016360,-0.117130,-1.453280,ndi
1786504344.203677,26.468027,-0.016320,-0.117110,-1.453320,ndi
1786504344.218616,26.482966,-0.016290,-0.117080,-1.453340,ndi
1786504344.236310,26.500660,-0.016220,-0.117060,-1.453360,ndi
1786504344.253663,26.518013,-0.016190,-0.117040,-1.453420,ndi
1786504344.268639,26.532989,-0.016130,-0.117010,-1.453460,ndi
1786504344.286122,26.550472,-0.016130,-0.116990,-1.453450,ndi
1786504344.303862,26.568212,-0.016110,-0.117000,-1.453480,ndi
1786504344.318702,26.583051,-0.016080,-0.117000,-1.453480,ndi
1786504344.336198,26.600548,-0.016070,-0.116960,-1.453510,ndi
1786504344.353680,26.618030,-0.015990,-0.116940,-1.453570,ndi
1786504344.368649,26.632998,-0.015990,-0.116920,-1.453570,ndi
1786504344.386115,26.650465,-0.015950,-0.116920,-1.453610,ndi
1786504344.403640,26.667990,-0.015880,-0.116890,-1.453660,ndi
1786504344.418609,26.682959,-0.015880,-0.116870,-1.453680,ndi
1786504344.436247,26.700597,-0.015820,-0.116860,-1.453720,ndi
1786504344.453790,26.718140,-0.015790,-0.116830,-1.453760,ndi
1786504344.468643,26.732993,-0.015750,-0.116810,-1.453820,ndi
1786504344.486120,26.750470,-0.015700,-0.116790,-1.453810,ndi
1786504344.503733,26.768083,-0.015680,-0.116780,-1.453830,ndi
1786504344.518654,26.783004,-0.015630,-0.116760,-1.453900,ndi
1786504344.536482,26.800832,-0.015580,-0.116730,-1.453910,ndi
1786504344.553801,26.818151,-0.015560,-0.116700,-1.453950,ndi
1786504344.568615,26.832965,-0.015510,-0.116690,-1.453980,ndi
1786504344.586128,26.850477,-0.015490,-0.116670,-1.454030,ndi
1786504344.603690,26.868040,-0.015440,-0.116650,-1.454030,ndi
1786504344.618661,26.883011,-0.015400,-0.116650,-1.454080,ndi
1786504344.636193,26.900542,-0.015350,-0.116620,-1.454130,ndi
1786504344.653688,26.918038,-0.015280,-0.116580,-1.454150,ndi
1786504344.668629,26.932979,-0.015250,-0.116560,-1.454210,ndi
1786504344.686108,26.950458,-0.015200,-0.116570,-1.454260,ndi
1786504344.703655,26.968005,-0.015160,-0.116540,-1.454290,ndi
1786504344.718617,26.982967,-0.015130,-0.116520,-1.454280,ndi
1786504344.736315,27.000665,-0.015110,-0.116500,-1.454310,ndi
1786504344.753793,27.018143,-0.015070,-0.116510,-1.454370,ndi
1786504344.768641,27.032990,-0.015020,-0.116480,-1.454370,ndi
1786504344.786122,27.050472,-0.014990,-0.116450,-1.454430,ndi
1786504344.803609,27.067959,-0.014940,-0.116430,-1.454450,ndi
1786504344.818601,27.082951,-0.014870,-0.116420,-1.454470,ndi
1786504344.836229,27.100579,-0.014810,-0.116400,-1.454540,ndi
1786504344.853723,27.118073,-0.014770,-0.116370,-1.454580,ndi
1786504344.868652,27.133002,-0.014770,-0.116370,-1.454570,ndi
1786504344.886109,27.150459,-0.014750,-0.116380,-1.454560,ndi
1786504344.903657,27.168007,-0.014680,-0.116350,-1.454630,ndi
1786504344.918636,27.182986,-0.014670,-0.116320,-1.454650,ndi
1786504344.936341,27.200691,-0.014630,-0.116320,-1.454670,ndi
1786504344.953821,27.218171,-0.014580,-0.116310,-1.454720,ndi
1786504344.968611,27.232961,-0.014550,-0.116290,-1.454730,ndi
1786504344.986108,27.250458,-0.014490,-0.116260,-1.454750,ndi
1786504345.003686,27.268036,-0.014470,-0.116250,-1.454800,ndi
1786504345.018713,27.283063,-0.014400,-0.116250,-1.454800,ndi
1786504345.036304,27.300654,-0.014360,-0.116220,-1.454850,ndi
1786504345.053785,27.318135,-0.014310,-0.116190,-1.454870,ndi
1786504345.068599,27.332949,-0.014260,-0.116190,-1.454930,ndi
1786504345.086130,27.350480,-0.014220,-0.116180,-1.454960,ndi
1786504345.103647,27.367997,-0.014150,-0.116150,-1.455040,ndi
1786504345.118633,27.382983,-0.014120,-0.116120,-1.455060,ndi
1786504345.136323,27.400673,-0.014090,-0.116120,-1.455040,ndi
1786504345.153781,27.418131,-0.014030,-0.116100,-1.455100,ndi
1786504345.168623,27.432973,-0.014010,-0.116080,-1.455110,ndi
1786504345.186123,27.450473,-0.013940,-0.116050,-1.455140,ndi
1786504345.203618,27.467968,-0.013900,-0.116030,-1.455140,ndi
1786504345.218630,27.482980,-0.013830,-0.116020,-1.455160,ndi
1786504345.236268,27.500618,-0.013760,-0.115990,-1.455230,ndi
1786504345.253722,27.518072,-0.013730,-0.115970,-1.455230,ndi
1786504345.268617,27.532967,-0.013680,-0.115960,-1.455240,ndi
1786504345.286122,27.550472,-0.013660,-0.115950,-1.455290,ndi
1786504345.303663,27.568013,-0.013610,-0.115930,-1.455300,ndi
1786504345.318670,27.583020,-0.013560,-0.115910,-1.455320,ndi
1786504345.336272,27.600622,-0.013530,-0.115900,-1.455350,ndi
1786504345.353723,27.618073,-0.013480,-0.115900,-1.455390,ndi
1786504345.368656,27.633006,-0.013450,-0.115870,-1.455380,ndi
1786504345.386078,27.650428,-0.013360,-0.115840,-1.455420,ndi
1786504345.403578,27.667928,-0.013310,-0.115810,-1.455420,ndi
1786504345.418584,27.682934,-0.013280,-0.115830,-1.455440,ndi
1786504345.436295,27.700645,-0.013250,-0.115820,-1.455450,ndi
1786504345.453729,27.718079,-0.013240,-0.115790,-1.455470,ndi
1786504345.468624,27.732974,-0.013190,-0.115780,-1.455500,ndi
1786504345.486096,27.750446,-0.013140,-0.115790,-1.455500,ndi
1786504345.503658,27.768008,-0.013090,-0.115760,-1.455520,ndi
1786504345.518610,27.782960,-0.013060,-0.115730,-1.455540,ndi
1786504345.536414,27.800764,-0.013020,-0.115730,-1.455570,ndi
1786504345.553784,27.818134,-0.012960,-0.115740,-1.455620,ndi
1786504345.568639,27.832989,-0.012930,-0.115710,-1.455630,ndi
1786504345.586073,27.850423,-0.012880,-0.115670,-1.455640,ndi
1786504345.603745,27.868095,-0.012810,-0.115680,-1.455670,ndi
1786504345.618685,27.883035,-0.012760,-0.115670,-1.455710,ndi
1786504345.636343,27.900693,-0.012710,-0.115640,-1.455750,ndi
1786504345.653832,27.918182,-0.012650,-0.115600,-1.455760,ndi
1786504345.668635,27.932985,-0.012590,-0.115610,-1.455820,ndi
1786504345.686053,27.950403,-0.012550,-0.115610,-1.455800,ndi
1786504345.703720,27.968070,-0.012490,-0.115570,-1.455830,ndi
1786504345.718740,27.983090,-0.012450,-0.115550,-1.455860,ndi
1786504345.736305,28.000655,-0.012390,-0.115550,-1.455880,ndi
1786504345.753837,28.018187,-0.012340,-0.115540,-1.455920,ndi
1786504345.768634,28.032984,-0.012290,-0.115510,-1.455930,ndi
1786504345.786091,28.050441,-0.012230,-0.115480,-1.455960,ndi
1786504345.803705,28.068054,-0.012160,-0.115480,-1.455980,ndi
1786504345.818717,28.083067,-0.012100,-0.115480,-1.455990,ndi
1786504345.836315,28.100665,-0.012050,-0.115450,-1.456030,ndi
1786504345.853653,28.118003,-0.012010,-0.115420,-1.456030,ndi
1786504345.868605,28.132955,-0.011960,-0.115430,-1.456040,ndi
1786504345.886104,28.150454,-0.011920,-0.115420,-1.456050,ndi
1786504345.903664,28.168014,-0.011860,-0.115390,-1.456090,ndi
1786504345.918624,28.182974,-0.011830,-0.115380,-1.456110,ndi
1786504345.936134,28.200484,-0.011780,-0.115380,-1.456110,ndi
1786504345.953773,28.218123,-0.011690,-0.115370,-1.456150,ndi
1786504345.968634,28.232984,-0.011640,-0.115340,-1.456190,ndi
1786504345.986041,28.250391,-0.011600,-0.115320,-1.456190,ndi
1786504346.003597,28.267947,-0.011560,-0.115340,-1.456200,ndi
1786504346.018659,28.283009,-0.011550,-0.115340,-1.456220,ndi
1786504346.036187,28.300537,-0.011500,-0.115310,-1.456260,ndi
1786504346.053681,28.318031,-0.011460,-0.115290,-1.456250,ndi
1786504346.068685,28.333035,-0.011400,-0.115300,-1.456280,ndi
1786504346.086130,28.350480,-0.011350,-0.115280,-1.456290,ndi
1786504346.103792,28.368142,-0.011320,-0.115250,-1.456290,ndi
1786504346.118674,28.383024,-0.011280,-0.115240,-1.456290,ndi
1786504346.136333,28.400683,-0.011230,-0.115240,-1.456320,ndi
1786504346.153865,28.418215,-0.011170,-0.115230,-1.456350,ndi
1786504346.168646,28.432996,-0.011130,-0.115210,-1.456320,ndi
1786504346.186121,28.450470,-0.011050,-0.115190,-1.456350,ndi
1786504346.203665,28.468015,-0.010990,-0.115190,-1.456380,ndi
1786504346.218668,28.483018,-0.010960,-0.115180,-1.456370,ndi
1786504346.236316,28.500666,-0.010880,-0.115150,-1.456400,ndi
1786504346.253664,28.518014,-0.010830,-0.115140,-1.456420,ndi
1786504346.268610,28.532960,-0.010780,-0.115140,-1.456440,ndi
1786504346.286116,28.550466,-0.010730,-0.115120,-1.456450,ndi
1786504346.303724,28.568074,-0.010680,-0.115100,-1.456460,ndi
1786504346.318706,28.583055,-0.010620,-0.115090,-1.456470,ndi
1786504346.336212,28.600562,-0.010580,-0.115090,-1.456480,ndi
1786504346.353846,28.618196,-0.010520,-0.115070,-1.456500,ndi
1786504346.368649,28.632998,-0.010460,-0.115050,-1.456500,ndi
1786504346.386119,28.650469,-0.010380,-0.115050,-1.456510,ndi
1786504346.403732,28.668082,-0.010340,-0.115040,-1.456540,ndi
1786504346.418677,28.683027,-0.010290,-0.115030,-1.456590,ndi
1786504346.436228,28.700578,-0.010240,-0.115020,-1.456610,ndi
1786504346.453689,28.718039,-0.010200,-0.115000,-1.456600,ndi
1786504346.468606,28.732956,-0.010150,-0.115000,-1.456630,ndi
1786504346.486107,28.750457,-0.010090,-0.114980,-1.456660,ndi
1786504346.503729,28.768079,-0.010030,-0.114970,-1.456640,ndi
1786504346.518838,28.783188,-0.009950,-0.114950,-1.456660,ndi
1786504346.536285,28.800635,-0.009870,-0.114930,-1.456660,ndi
1786504346.553768,28.818118,-0.009800,-0.114910,-1.456680,ndi
1786504346.568621,28.832971,-0.009780,-0.114910,-1.456680,ndi
1786504346.586125,28.850475,-0.009750,-0.114920,-1.456690,ndi
1786504346.603654,28.868004,-0.009710,-0.114910,-1.456690,ndi
1786504346.618650,28.883000,-0.009690,-0.114890,-1.456700,ndi
1786504346.636277,28.900627,-0.009620,-0.114900,-1.456720,ndi
1786504346.653786,28.918136,-0.009560,-0.114880,-1.456720,ndi
1786504346.668617,28.932967,-0.009500,-0.114860,-1.456740,ndi
1786504346.686124,28.950474,-0.009460,-0.114850,-1.456760,ndi
1786504346.703830,28.968180,-0.009410,-0.114860,-1.456770,ndi
1786504346.718796,28.983146,-0.009350,-0.114850,-1.456770,ndi
1786504346.736305,29.000655,-0.009280,-0.114810,-1.456770,ndi
1786504346.753803,29.018152,-0.009230,-0.114810,-1.456770,ndi
1786504346.768603,29.032953,-0.009170,-0.114810,-1.456800,ndi
1786504346.786150,29.050500,-0.009110,-0.114810,-1.456800,ndi
1786504346.803670,29.068020,-0.009050,-0.114780,-1.456830,ndi
1786504346.818661,29.083011,-0.009010,-0.114770,-1.456860,ndi
1786504346.836286,29.100636,-0.008920,-0.114780,-1.456870,ndi
1786504346.853788,29.118138,-0.008860,-0.114760,-1.456810,ndi
1786504346.868613,29.132963,-0.008810,-0.114740,-1.456850,ndi
1786504346.886155,29.150505,-0.008760,-0.114740,-1.456850,ndi
1786504346.903714,29.168064,-0.008690,-0.114740,-1.456850,ndi
1786504346.918705,29.183055,-0.008630,-0.114730,-1.456890,ndi
1786504346.936189,29.200539,-0.008560,-0.114700,-1.456890,ndi
1786504346.953718,29.218068,-0.008490,-0.114700,-1.456900,ndi
1786504346.968594,29.232944,-0.008420,-0.114700,-1.456910,ndi
1786504346.986143,29.250493,-0.008370,-0.114690,-1.456910,ndi
1786504347.003674,29.268024,-0.008310,-0.114660,-1.456910,ndi
1786504347.018704,29.283054,-0.008270,-0.114670,-1.456940,ndi
1786504347.036229,29.300579,-0.008200,-0.114680,-1.456940,ndi
1786504347.053686,29.318036,-0.008150,-0.114640,-1.456930,ndi
1786504347.068634,29.332984,-0.008080,-0.114640,-1.456970,ndi
1786504347.086207,29.350557,-0.008010,-0.114640,-1.456940,ndi
1786504347.103662,29.368011,-0.007920,-0.114630,-1.456960,ndi
1786504347.118812,29.383162,-0.007850,-0.114610,-1.457000,ndi
1786504347.136288,29.400638,-0.007810,-0.114610,-1.456990,ndi
1786504347.153728,29.418078,-0.007800,-0.114610,-1.456990,ndi
1786504347.168649,29.432999,-0.007760,-0.114610,-1.457000,ndi
1786504347.186172,29.450522,-0.007710,-0.114590,-1.457010,ndi
1786504347.203764,29.468114,-0.007650,-0.114590,-1.457020,ndi
1786504347.218741,29.483091,-0.007600,-0.114590,-1.457000,ndi
1786504347.236387,29.500737,-0.007530,-0.114580,-1.457040,ndi
1786504347.253809,29.518159,-0.007480,-0.114560,-1.456990,ndi
1786504347.268637,29.532987,-0.007430,-0.114560,-1.457010,ndi
1786504347.286166,29.550516,-0.007380,-0.114550,-1.457020,ndi
1786504347.303759,29.568109,-0.007330,-0.114550,-1.457040,ndi
1786504347.318731,29.583081,-0.007260,-0.114540,-1.457050,ndi
1786504347.336214,29.600564,-0.007190,-0.114540,-1.457060,ndi
1786504347.353730,29.618080,-0.007110,-0.114530,-1.457080,ndi
1786504347.368631,29.632981,-0.007060,-0.114520,-1.457050,ndi
1786504347.386175,29.650525,-0.006990,-0.114520,-1.457070,ndi
1786504347.403758,29.668108,-0.006930,-0.114520,-1.457060,ndi
1786504347.418672,29.683022,-0.006880,-0.114500,-1.457070,ndi
1786504347.436273,29.700623,-0.006810,-0.114500,-1.457070,ndi
1786504347.453828,29.718178,-0.006760,-0.114500,-1.457060,ndi
1786504347.468655,29.733005,-0.006700,-0.114500,-1.457080,ndi
1786504347.486174,29.750524,-0.006620,-0.114480,-1.457090,ndi
1786504347.503844,29.768194,-0.006550,-0.114470,-1.457060,ndi
1786504347.518862,29.783212,-0.006480,-0.114480,-1.457090,ndi
1786504347.536324,29.800674,-0.006400,-0.114470,-1.457080,ndi
1786504347.553827,29.818177,-0.006320,-0.114450,-1.457120,ndi
1786504347.568684,29.833034,-0.006290,-0.114450,-1.457090,ndi
1786504347.586152,29.850502,-0.006240,-0.114470,-1.457110,ndi
1786504347.603703,29.868053,-0.006170,-0.114450,-1.457120,ndi
1786504347.618726,29.883075,-0.006130,-0.114440,-1.457130,ndi
1786504347.636186,29.900536,-0.006070,-0.114440,-1.457120,ndi
1786504347.653697,29.918047,-0.006020,-0.114450,-1.457130,ndi
1786504347.668625,29.932975,-0.005950,-0.114430,-1.457130,ndi
1786504347.686226,29.950576,-0.005830,-0.114410,-1.457120,ndi
1786504347.703847,29.968197,-0.005760,-0.114420,-1.457110,ndi
1786504347.718894,29.983244,-0.005730,-0.114430,-1.457130,ndi
1786504347.736230,30.000580,-0.005710,-0.114410,-1.457140,ndi
1786504347.753755,30.018105,-0.005660,-0.114410,-1.457150,ndi
1786504347.768636,30.032986,-0.005600,-0.114420,-1.457110,ndi
1786504347.786164,30.050514,-0.005550,-0.114420,-1.457140,ndi
1786504347.803703,30.068053,-0.005480,-0.114400,-1.457160,ndi
1786504347.818704,30.083054,-0.005440,-0.114400,-1.457140,ndi
1786504347.836325,30.100675,-0.005340,-0.114410,-1.457160,ndi
1786504347.853777,30.118127,-0.005290,-0.114400,-1.457140,ndi
1786504347.868659,30.133009,-0.005270,-0.114390,-1.457160,ndi
1786504347.886139,30.150489,-0.005200,-0.114390,-1.457150,ndi
1786504347.903753,30.168103,-0.005120,-0.114400,-1.457130,ndi
1786504347.918807,30.183157,-0.005070,-0.114390,-1.457140,ndi
1786504347.936223,30.200573,-0.005010,-0.114370,-1.457110,ndi
1786504347.953961,30.218311,-0.004920,-0.114390,-1.457130,ndi
1786504347.968652,30.233002,-0.004870,-0.114400,-1.457150,ndi
1786504347.986151,30.250501,-0.004790,-0.114370,-1.457110,ndi
1786504348.003686,30.268036,-0.004720,-0.114360,-1.457120,ndi
1786504348.018670,30.283020,-0.004670,-0.114390,-1.457120,ndi
1786504348.036331,30.300681,-0.004590,-0.114390,-1.457140,ndi
1786504348.053793,30.318143,-0.004540,-0.114360,-1.457130,ndi
1786504348.068667,30.333017,-0.004480,-0.114360,-1.457130,ndi
1786504348.086171,30.350521,-0.004390,-0.114390,-1.457140,ndi
1786504348.103831,30.368181,-0.004310,-0.114380,-1.457110,ndi
1786504348.118787,30.383137,-0.004240,-0.114350,-1.457130,ndi
1786504348.136294,30.400644,-0.004170,-0.114360,-1.457100,ndi
1786504348.153783,30.418133,-0.004090,-0.114400,-1.457090,ndi
1786504348.168663,30.433013,-0.004040,-0.114380,-1.457070,ndi
1786504348.186171,30.450521,-0.003980,-0.114340,-1.457070,ndi
1786504348.203706,30.468056,-0.003910,-0.114370,-1.457080,ndi
1786504348.218681,30.483031,-0.003860,-0.114400,-1.457080,ndi
1786504348.236326,30.500676,-0.003770,-0.114380,-1.457110,ndi
1786504348.253679,30.518029,-0.003670,-0.114340,-1.457070,ndi
1786504348.268672,30.533022,-0.003590,-0.114380,-1.457050,ndi
1786504348.286169,30.550519,-0.003540,-0.114410,-1.457060,ndi
1786504348.303785,30.568135,-0.003520,-0.114370,-1.457050,ndi
1786504348.318852,30.583202,-0.003510,-0.114340,-1.457070,ndi
1786504348.336285,30.600635,-0.003460,-0.114380,-1.457040,ndi
1786504348.353788,30.618138,-0.003390,-0.114410,-1.457020,ndi
1786504348.368706,30.633056,-0.003340,-0.114370,-1.457030,ndi
1786504348.386187,30.650537,-0.003260,-0.114350,-1.457000,ndi
1786504348.403711,30.668061,-0.003150,-0.114400,-1.457030,ndi
1786504348.418711,30.683061,-0.003100,-0.114420,-1.457000,ndi
1786504348.436331,30.700681,-0.003020,-0.114370,-1.457010,ndi
1786504348.453814,30.718163,-0.002970,-0.114360,-1.456980,ndi
1786504348.468655,30.733005,-0.002900,-0.114410,-1.456980,ndi
1786504348.486176,30.750526,-0.002810,-0.114420,-1.456960,ndi
1786504348.503739,30.768089,-0.002760,-0.114370,-1.456940,ndi
1786504348.518780,30.783130,-0.002680,-0.114370,-1.456950,ndi
1786504348.536292,30.800642,-0.002580,-0.114430,-1.456920,ndi
1786504348.553836,30.818186,-0.002490,-0.114430,-1.456920,ndi
1786504348.568715,30.833065,-0.002440,-0.114380,-1.456870,ndi
1786504348.586196,30.850546,-0.002370,-0.114400,-1.456890,ndi
1786504348.603757,30.868107,-0.002310,-0.114440,-1.456860,ndi
1786504348.618683,30.883033,-0.002230,-0.114430,-1.456870,ndi
1786504348.636313,30.900663,-0.002170,-0.114390,-1.456890,ndi
1786504348.653781,30.918131,-0.002110,-0.114420,-1.456850,ndi
1786504348.668686,30.933036,-0.002020,-0.114450,-1.456810,ndi
1786504348.686183,30.950533,-0.001950,-0.114440,-1.456830,ndi
1786504348.703719,30.968069,-0.001880,-0.114420,-1.456810,ndi
1786504348.718791,30.983141,-0.001830,-0.114440,-1.456800,ndi
1786504348.736313,31.000663,-0.001760,-0.114470,-1.456780,ndi
1786504348.753813,31.018162,-0.001690,-0.114460,-1.456800,ndi
1786504348.768707,31.033057,-0.001640,-0.114440,-1.456770,ndi
1786504348.786190,31.050539,-0.001570,-0.114470,-1.456740,ndi
1786504348.803757,31.068107,-0.001490,-0.114480,-1.456720,ndi
1786504348.818712,31.083062,-0.001390,-0.114470,-1.456700,ndi
1786504348.836345,31.100695,-0.001290,-0.114470,-1.456670,ndi
1786504348.853809,31.118159,-0.001230,-0.114500,-1.456650,ndi
1786504348.868683,31.133033,-0.001190,-0.114510,-1.456660,ndi
1786504348.886185,31.150535,-0.001170,-0.114490,-1.456660,ndi
1786504348.903717,31.168067,-0.001130,-0.114490,-1.456640,ndi
1786504348.918736,31.183086,-0.001050,-0.114520,-1.456630,ndi
1786504348.936313,31.200663,-0.000980,-0.114530,-1.456620,ndi
1786504348.953843,31.218193,-0.000910,-0.114520,-1.456620,ndi
1786504348.968710,31.233060,-0.000860,-0.114520,-1.456610,ndi
1786504348.986189,31.250539,-0.000780,-0.114550,-1.456580,ndi
1786504349.003673,31.268023,-0.000730,-0.114550,-1.456570,ndi
1786504349.018751,31.283101,-0.000670,-0.114540,-1.456540,ndi
1786504349.036337,31.300687,-0.000590,-0.114550,-1.456540,ndi
1786504349.053850,31.318200,-0.000510,-0.114580,-1.456520,ndi
1786504349.068688,31.333038,-0.000460,-0.114580,-1.456490,ndi
1786504349.086185,31.350535,-0.000410,-0.114570,-1.456490,ndi
1786504349.103739,31.368089,-0.000320,-0.114600,-1.456460,ndi
1786504349.118715,31.383065,-0.000240,-0.114610,-1.456490,ndi
1786504349.136338,31.400687,-0.000180,-0.114610,-1.456430,ndi
1786504349.153826,31.418176,-0.000100,-0.114610,-1.456450,ndi
1786504349.168734,31.433084,-0.000020,-0.114630,-1.456400,ndi
1786504349.186202,31.450552,0.000030,-0.114650,-1.456410,ndi
1786504349.203834,31.468184,0.000110,-0.114650,-1.456390,ndi
1786504349.218831,31.483181,0.000160,-0.114650,-1.456400,ndi
1786504349.236328,31.500678,0.000240,-0.114680,-1.456320,ndi
1786504349.253810,31.518160,0.000330,-0.114700,-1.456330,ndi
1786504349.268671,31.533021,0.000400,-0.114710,-1.456320,ndi
1786504349.286171,31.550521,0.000480,-0.114710,-1.456300,ndi
1786504349.303701,31.568051,0.000540,-0.114730,-1.456250,ndi
1786504349.318725,31.583075,0.000620,-0.114750,-1.456240,ndi
1786504349.336293,31.600643,0.000690,-0.114750,-1.456210,ndi
1786504349.353856,31.618206,0.000760,-0.114760,-1.456160,ndi
1786504349.368719,31.633069,0.000830,-0.114770,-1.456160,ndi
1786504349.386189,31.650539,0.000900,-0.114790,-1.456110,ndi
1786504349.403762,31.668112,0.001020,-0.114810,-1.456110,ndi
1786504349.418753,31.683103,0.001090,-0.114810,-1.456090,ndi
1786504349.436250,31.700600,0.001130,-0.114830,-1.456050,ndi
1786504349.453803,31.718153,0.001170,-0.114840,-1.456060,ndi
1786504349.469007,31.733357,0.001200,-0.114860,-1.456050,ndi
1786504349.486202,31.750551,0.001260,-0.114860,-1.456060,ndi
1786504349.503743,31.768093,0.001340,-0.114860,-1.455990,ndi
1786504349.518865,31.783215,0.001410,-0.114890,-1.456000,ndi
1786504349.536319,31.800669,0.001480,-0.114910,-1.455960,ndi
1786504349.553859,31.818209,0.001560,-0.114920,-1.455970,ndi
1786504349.568680,31.833030,0.001620,-0.114920,-1.455960,ndi
1786504349.586162,31.850512,0.001680,-0.114950,-1.455870,ndi
1786504349.603752,31.868102,0.001770,-0.114980,-1.455880,ndi
1786504349.618746,31.883096,0.001840,-0.114990,-1.455870,ndi
1786504349.636370,31.900720,0.001920,-0.115000,-1.455800,ndi
1786504349.653850,31.918200,0.001980,-0.115020,-1.455760,ndi
1786504349.668797,31.933147,0.002070,-0.115040,-1.455730,ndi
1786504349.686207,31.950557,0.002150,-0.115050,-1.455690,ndi
1786504349.703714,31.968064,0.002240,-0.115060,-1.455660,ndi
1786504349.718717,31.983067,0.002300,-0.115090,-1.455640,ndi
1786504349.736354,32.000704,0.002350,-0.115110,-1.455610,ndi
1786504349.753814,32.018164,0.002420,-0.115110,-1.455560,ndi
1786504349.768688,32.033038,0.002480,-0.115120,-1.455570,ndi
1786504349.786213,32.050563,0.002550,-0.115160,-1.455520,ndi
1786504349.803772,32.068122,0.002630,-0.115180,-1.455500,ndi
1786504349.818720,32.083070,0.002710,-0.115190,-1.455450,ndi
1786504349.836427,32.100777,0.002780,-0.115200,-1.455440,ndi
1786504349.853856,32.118206,0.002850,-0.115230,-1.455380,ndi
1786504349.868702,32.133052,0.002900,-0.115260,-1.455370,ndi
1786504349.886165,32.150515,0.002960,-0.115260,-1.455350,ndi
1786504349.903855,32.168205,0.003030,-0.115270,-1.455330,ndi
1786504349.918821,32.183171,0.003080,-0.115300,-1.455290,ndi
1786504349.936279,32.200629,0.003140,-0.115310,-1.455270,ndi
1786504349.953758,32.218108,0.003220,-0.115320,-1.455220,ndi
1786504349.968692,32.233042,0.003280,-0.115340,-1.455180,ndi
1786504349.986207,32.250557,0.003370,-0.115390,-1.455130,ndi
1786504350.003848,32.268198,0.003450,-0.115410,-1.455120,ndi
1786504350.018850,32.283200,0.003480,-0.115410,-1.455110,ndi
1786504350.036374,32.300724,0.003510,-0.115420,-1.455080,ndi
1786504350.053857,32.318207,0.003540,-0.115440,-1.455080,ndi
1786504350.068682,32.333032,0.003590,-0.115450,-1.455080,ndi
1786504350.086188,32.350538,0.003660,-0.115460,-1.455020,ndi
1786504350.103907,32.368257,0.003710,-0.115490,-1.454980,ndi
1786504350.118829,32.383179,0.003790,-0.115530,-1.454960,ndi
1786504350.136331,32.400681,0.003860,-0.115530,-1.454910,ndi
1786504350.153852,32.418202,0.003930,-0.115550,-1.454840,ndi
1786504350.168688,32.433038,0.003990,-0.115580,-1.454810,ndi
1786504350.186247,32.450597,0.004050,-0.115610,-1.454760,ndi
1786504350.203746,32.468096,0.004110,-0.115620,-1.454740,ndi
1786504350.218720,32.483070,0.004160,-0.115620,-1.454690,ndi
1786504350.236335,32.500684,0.004230,-0.115670,-1.454680,ndi
1786504350.253822,32.518172,0.004290,-0.115690,-1.454650,ndi
1786504350.268691,32.533041,0.004360,-0.115710,-1.454600,ndi
1786504350.286208,32.550558,0.004450,-0.115730,-1.454540,ndi
1786504350.303749,32.568099,0.004500,-0.115760,-1.454480,ndi
1786504350.318756,32.583106,0.004550,-0.115780,-1.454470,ndi
1786504350.336370,32.600719,0.004610,-0.115790,-1.454440,ndi
1786504350.353828,32.618178,0.004700,-0.115820,-1.454370,ndi
1786504350.368683,32.633033,0.004780,-0.115850,-1.454350,ndi
1786504350.386276,32.650626,0.004830,-0.115890,-1.454300,ndi
1786504350.403779,32.668129,0.004940,-0.115930,-1.454220,ndi
1786504350.418861,32.683211,0.004980,-0.115930,-1.454190,ndi
1786504350.436375,32.700725,0.005040,-0.115970,-1.454130,ndi
1786504350.453854,32.718204,0.005100,-0.115990,-1.454130,ndi
1786504350.468648,32.732998,0.005130,-0.116010,-1.454070,ndi
1786504350.486189,32.750539,0.005200,-0.116020,-1.454030,ndi
1786504350.503750,32.768100,0.005270,-0.116040,-1.453910,ndi
1786504350.518749,32.783099,0.005350,-0.116090,-1.453900,ndi
1786504350.536390,32.800740,0.005450,-0.116120,-1.453810,ndi
1786504350.553866,32.818216,0.005540,-0.116160,-1.453740,ndi
1786504350.568732,32.833081,0.005600,-0.116200,-1.453690,ndi
1786504350.586175,32.850525,0.005640,-0.116230,-1.453650,ndi
1786504350.603744,32.868094,0.005690,-0.116240,-1.453620,ndi
1786504350.618746,32.883096,0.005700,-0.116240,-1.453600,ndi
1786504350.636396,32.900746,0.005760,-0.116270,-1.453560,ndi
1786504350.653820,32.918170,0.005810,-0.116310,-1.453520,ndi
1786504350.668649,32.932999,0.005860,-0.116330,-1.453500,ndi
1786504350.686257,32.950607,0.005930,-0.116340,-1.453450,ndi
1786504350.703844,32.968194,0.005980,-0.116370,-1.453370,ndi
1786504350.718762,32.983112,0.006050,-0.116410,-1.453330,ndi
1786504350.736281,33.000631,0.006100,-0.116440,-1.453280,ndi
1786504350.753732,33.018082,0.006170,-0.116470,-1.453180,ndi
1786504350.768711,33.033061,0.006250,-0.116490,-1.453190,ndi
1786504350.786221,33.050570,0.006290,-0.116540,-1.453120,ndi
1786504350.803770,33.068120,0.006360,-0.116580,-1.453060,ndi
1786504350.818757,33.083107,0.006410,-0.116600,-1.452990,ndi
1786504350.836343,33.100693,0.006480,-0.116620,-1.452910,ndi
1786504350.853880,33.118230,0.006550,-0.116670,-1.452850,ndi
1786504350.868682,33.133032,0.006600,-0.116710,-1.452780,ndi
1786504350.886234,33.150584,0.006690,-0.116740,-1.452750,ndi
1786504350.903788,33.168138,0.006750,-0.116750,-1.452700,ndi
1786504350.918929,33.183279,0.006800,-0.116800,-1.452620,ndi
1786504350.936303,33.200653,0.006880,-0.116870,-1.452570,ndi
1786504350.953748,33.218098,0.006950,-0.116880,-1.452460,ndi
1786504350.968871,33.233221,0.007010,-0.116890,-1.452470,ndi
1786504350.986246,33.250596,0.007040,-0.116950,-1.452340,ndi
1786504351.003841,33.268191,0.007120,-0.117010,-1.452290,ndi
1786504351.018947,33.283297,0.007150,-0.117010,-1.452260,ndi
1786504351.036439,33.300789,0.007190,-0.117020,-1.452240,ndi
1786504351.053854,33.318204,0.007240,-0.117070,-1.452200,ndi
1786504351.068715,33.333065,0.007280,-0.117110,-1.452120,ndi
1786504351.086270,33.350620,0.007360,-0.117130,-1.452050,ndi
1786504351.103756,33.368106,0.007420,-0.117150,-1.451980,ndi
1786504351.118753,33.383103,0.007490,-0.117210,-1.451890,ndi
1786504351.136260,33.400610,0.007580,-0.117290,-1.451800,ndi
1786504351.153899,33.418249,0.007650,-0.117320,-1.451730,ndi
1786504351.168748,33.433098,0.007680,-0.117320,-1.451690,ndi
1786504351.186233,33.450583,0.007710,-0.117360,-1.451630,ndi
1786504351.203839,33.468189,0.007740,-0.117410,-1.451610,ndi
1786504351.218778,33.483128,0.007800,-0.117420,-1.451570,ndi
1786504351.236260,33.500610,0.007860,-0.117450,-1.451480,ndi
1786504351.253853,33.518203,0.007900,-0.117500,-1.451400,ndi
1786504351.268704,33.533054,0.007950,-0.117550,-1.451320,ndi
1786504351.286257,33.550607,0.008010,-0.117560,-1.451270,ndi
1786504351.303755,33.568105,0.008070,-0.117590,-1.451190,ndi
1786504351.318759,33.583109,0.008110,-0.117640,-1.451120,ndi
1786504351.336273,33.600623,0.008160,-0.117700,-1.451060,ndi
1786504351.353908,33.618258,0.008220,-0.117720,-1.450980,ndi
1786504351.368722,33.633072,0.008250,-0.117750,-1.450950,ndi
1786504351.386270,33.650620,0.008300,-0.117810,-1.450850,ndi
1786504351.403744,33.668094,0.008370,-0.117860,-1.450770,ndi
1786504351.418774,33.683124,0.008430,-0.117890,-1.450660,ndi
1786504351.436231,33.700581,0.008480,-0.117940,-1.450590,ndi
1786504351.453790,33.718140,0.008550,-0.118010,-1.450500,ndi
1786504351.468722,33.733072,0.008590,-0.118040,-1.450440,ndi
1786504351.486243,33.750593,0.008650,-0.118070,-1.450330,ndi
1786504351.503819,33.768169,0.008700,-0.118120,-1.450270,ndi
1786504351.518906,33.783256,0.008740,-0.118160,-1.450210,ndi
1786504351.536369,33.800719,0.008810,-0.118210,-1.450090,ndi
1786504351.553857,33.818207,0.008880,-0.118280,-1.449970,ndi
1786504351.568735,33.833085,0.008920,-0.118330,-1.449890,ndi
1786504351.586239,33.850589,0.008950,-0.118370,-1.449780,ndi
1786504351.603825,33.868175,0.009020,-0.118430,-1.449730,ndi
1786504351.618888,33.883238,0.009060,-0.118460,-1.449670,ndi
1786504351.636324,33.900674,0.009110,-0.118520,-1.449570,ndi
1786504351.653857,33.918207,0.009160,-0.118560,-1.449490,ndi
1786504351.668732,33.933082,0.009190,-0.118600,-1.449370,ndi
1786504351.686272,33.950622,0.009270,-0.118670,-1.449280,ndi
1786504351.703858,33.968208,0.009340,-0.118770,-1.449100,ndi
1786504351.718868,33.983218,0.009400,-0.118820,-1.449020,ndi
1786504351.736362,34.000712,0.009420,-0.118840,-1.448960,ndi
1786504351.753905,34.018255,0.009420,-0.118880,-1.448910,ndi
1786504351.768754,34.033104,0.009460,-0.118910,-1.448890,ndi
1786504351.786232,34.050582,0.009480,-0.118930,-1.448800,ndi
1786504351.803814,34.068164,0.009510,-0.118980,-1.448740,ndi
1786504351.818773,34.083122,0.009560,-0.119040,-1.448640,ndi
1786504351.836278,34.100628,0.009610,-0.119110,-1.448550,ndi
1786504351.853881,34.118231,0.009650,-0.119120,-1.448440,ndi
1786504351.868725,34.133075,0.009680,-0.119170,-1.448370,ndi
1786504351.886312,34.150662,0.009710,-0.119250,-1.448300,ndi
1786504351.903810,34.168159,0.009740,-0.119290,-1.448160,ndi
1786504351.918780,34.183130,0.009800,-0.119330,-1.448110,ndi
1786504351.936267,34.200617,0.009830,-0.119410,-1.448040,ndi
1786504351.953867,34.218217,0.009890,-0.119480,-1.447870,ndi
1786504351.968748,34.233098,0.009930,-0.119550,-1.447760,ndi
1786504351.986383,34.250733,0.009970,-0.119590,-1.447620,ndi
1786504352.003811,34.268161,0.010020,-0.119680,-1.447500,ndi
1786504352.018734,34.283083,0.010050,-0.119760,-1.447410,ndi
1786504352.036377,34.300727,0.010100,-0.119810,-1.447330,ndi
1786504352.053768,34.318118,0.010140,-0.119860,-1.447180,ndi
1786504352.068761,34.333111,0.010180,-0.119940,-1.447040,ndi
1786504352.086447,34.350797,0.010240,-0.120080,-1.446890,ndi
1786504352.103807,34.368157,0.010290,-0.120170,-1.446670,ndi
1786504352.118766,34.383116,0.010340,-0.120230,-1.446520,ndi
1786504352.136302,34.400652,0.010370,-0.120320,-1.446390,ndi
1786504352.153774,34.418123,0.010390,-0.120400,-1.446300,ndi
1786504352.168744,34.433094,0.010400,-0.120420,-1.446230,ndi
1786504352.186283,34.450633,0.010420,-0.120460,-1.446120,ndi
1786504352.203799,34.468149,0.010450,-0.120540,-1.446020,ndi
1786504352.218768,34.483118,0.010460,-0.120620,-1.445920,ndi
1786504352.236318,34.500668,0.010510,-0.120670,-1.445800,ndi
1786504352.253801,34.518151,0.010530,-0.120710,-1.445680,ndi
1786504352.268759,34.533108,0.010570,-0.120800,-1.445570,ndi
1786504352.286348,34.550698,0.010580,-0.120880,-1.445450,ndi
1786504352.303894,34.568244,0.010600,-0.120900,-1.445370,ndi
1786504352.318789,34.583138,0.010610,-0.120910,-1.445350,ndi
1786504352.336350,34.600700,0.010590,-0.120960,-1.445260,ndi
1786504352.353880,34.618230,0.010630,-0.121020,-1.445230,ndi
1786504352.368767,34.633117,0.010630,-0.121060,-1.445090,ndi
1786504352.386284,34.650634,0.010660,-0.121110,-1.444970,ndi
1786504352.403846,34.668195,0.010670,-0.121200,-1.444910,ndi
1786504352.418925,34.683275,0.010680,-0.121250,-1.444810,ndi
1786504352.436429,34.700778,0.010710,-0.121290,-1.444700,ndi
1786504352.453894,34.718244,0.010710,-0.121340,-1.444580,ndi
1786504352.468777,34.733127,0.010750,-0.121410,-1.444480,ndi
1786504352.486387,34.750736,0.010740,-0.121490,-1.444370,ndi
1786504352.503823,34.768173,0.010760,-0.121530,-1.444250,ndi
1786504352.518925,34.783275,0.010780,-0.121590,-1.444170,ndi
1786504352.536456,34.800806,0.010770,-0.121660,-1.444030,ndi
1786504352.553948,34.818298,0.010790,-0.121720,-1.443940,ndi
1786504352.568728,34.833078,0.010780,-0.121760,-1.443840,ndi
1786504352.586258,34.850608,0.010810,-0.121820,-1.443750,ndi
1786504352.603873,34.868223,0.010810,-0.121870,-1.443690,ndi
1786504352.618818,34.883168,0.010820,-0.121930,-1.443580,ndi
1786504352.636407,34.900757,0.010830,-0.122000,-1.443490,ndi
1786504352.653929,34.918279,0.010830,-0.122060,-1.443290,ndi
1786504352.668759,34.933109,0.010850,-0.122140,-1.443200,ndi
1786504352.686283,34.950633,0.010830,-0.122220,-1.443070,ndi
1786504352.703845,34.968194,0.010850,-0.122280,-1.442950,ndi
1786504352.718886,34.983236,0.010850,-0.122300,-1.442900,ndi
1786504352.736352,35.000702,0.010830,-0.122350,-1.442810,ndi
1786504352.753835,35.018185,0.010840,-0.122410,-1.442740,ndi
1786504352.768765,35.033115,0.010840,-0.122450,-1.442650,ndi
1786504352.786267,35.050617,0.010840,-0.122500,-1.442560,ndi
1786504352.803741,35.068091,0.010830,-0.122550,-1.442410,ndi
1786504352.818762,35.083112,0.010830,-0.122610,-1.442330,ndi
1786504352.836463,35.100813,0.010840,-0.122690,-1.442180,ndi
1786504352.853919,35.118269,0.010840,-0.122750,-1.442080,ndi
1786504352.868755,35.133105,0.010830,-0.122790,-1.442020,ndi
1786504352.886268,35.150618,0.010820,-0.122830,-1.441960,ndi
1786504352.903840,35.168190,0.010830,-0.122880,-1.441910,ndi
1786504352.918849,35.183199,0.010820,-0.122900,-1.441850,ndi
1786504352.936332,35.200681,0.010800,-0.122950,-1.441740,ndi
1786504352.953909,35.218259,0.010790,-0.123010,-1.441690,ndi
1786504352.968755,35.233105,0.010790,-0.123080,-1.441560,ndi
1786504352.986271,35.250621,0.010790,-0.123130,-1.441460,ndi
1786504353.003764,35.268114,0.010770,-0.123170,-1.441350,ndi
1786504353.018917,35.283267,0.010770,-0.123230,-1.441250,ndi
1786504353.036461,35.300811,0.010750,-0.123290,-1.441150,ndi
1786504353.053900,35.318249,0.010760,-0.123330,-1.441050,ndi
1786504353.068741,35.333091,0.010730,-0.123370,-1.440960,ndi
1786504353.086259,35.350609,0.010720,-0.123440,-1.440850,ndi
1786504353.103845,35.368195,0.010700,-0.123510,-1.440750,ndi
1786504353.118846,35.383196,0.010680,-0.123540,-1.440640,ndi
1786504353.136345,35.400695,0.010680,-0.123600,-1.440550,ndi
1786504353.154272,35.418622,0.010650,-0.123670,-1.440440,ndi
1786504353.168762,35.433112,0.010650,-0.123730,-1.440340,ndi
1786504353.186239,35.450589,0.010630,-0.123770,-1.440210,ndi
1786504353.203694,35.468044,0.010610,-0.123830,-1.440130,ndi
1786504353.218833,35.483183,0.010590,-0.123910,-1.440030,ndi
1786504353.236493,35.500843,0.010550,-0.124000,-1.439880,ndi
1786504353.253890,35.518240,0.010550,-0.124050,-1.439790,ndi
1786504353.268772,35.533122,0.010520,-0.124070,-1.439670,ndi
1786504353.286294,35.550644,0.010510,-0.124120,-1.439560,ndi
1786504353.303845,35.568195,0.010490,-0.124180,-1.439500,ndi
1786504353.318858,35.583208,0.010460,-0.124230,-1.439400,ndi
1786504353.336470,35.600820,0.010450,-0.124260,-1.439320,ndi
1786504353.353961,35.618310,0.010420,-0.124320,-1.439210,ndi
1786504353.368767,35.633117,0.010410,-0.124370,-1.439130,ndi
1786504353.386236,35.650586,0.010380,-0.124400,-1.439050,ndi
1786504353.403773,35.668123,0.010370,-0.124450,-1.438970,ndi
1786504353.418787,35.683137,0.010350,-0.124490,-1.438910,ndi
1786504353.436308,35.700658,0.010340,-0.124540,-1.438830,ndi
1786504353.453929,35.718279,0.010320,-0.124570,-1.438810,ndi
1786504353.468757,35.733107,0.010300,-0.124590,-1.438720,ndi
1786504353.486259,35.750609,0.010300,-0.124640,-1.438670,ndi
1786504353.503840,35.768190,0.010260,-0.124690,-1.438560,ndi
1786504353.518917,35.783267,0.010230,-0.124720,-1.438470,ndi
1786504353.536430,35.800780,0.010220,-0.124750,-1.438390,ndi
1786504353.553918,35.818268,0.010190,-0.124800,-1.438310,ndi
1786504353.568765,35.833115,0.010170,-0.124850,-1.438230,ndi
1786504353.586255,35.850605,0.010130,-0.124880,-1.438170,ndi
1786504353.603829,35.868179,0.010130,-0.124930,-1.438090,ndi
1786504353.618952,35.883302,0.010090,-0.124960,-1.438020,ndi
1786504353.636415,35.900765,0.010080,-0.125010,-1.437920,ndi
1786504353.653899,35.918249,0.010030,-0.125080,-1.437820,ndi
1786504353.668745,35.933095,0.009970,-0.125150,-1.437650,ndi
1786504353.686277,35.950627,0.009960,-0.125200,-1.437600,ndi
1786504353.703915,35.968265,0.009910,-0.125230,-1.437530,ndi
1786504353.718838,35.983188,0.009910,-0.125260,-1.437480,ndi
1786504353.736487,36.000837,0.009880,-0.125290,-1.437410,ndi
1786504353.753920,36.018270,0.009850,-0.125340,-1.437350,ndi
1786504353.768782,36.033132,0.009830,-0.125380,-1.437260,ndi
1786504353.786242,36.050591,0.009760,-0.125470,-1.437100,ndi
1786504353.803819,36.068169,0.009730,-0.125510,-1.437040,ndi
1786504353.818884,36.083234,0.009690,-0.125540,-1.436980,ndi
1786504353.836543,36.100893,0.009680,-0.125570,-1.436940,ndi
1786504353.853929,36.118279,0.009650,-0.125600,-1.436880,ndi
1786504353.868767,36.133117,0.009650,-0.125610,-1.436820,ndi
1786504353.886261,36.150611,0.009620,-0.125640,-1.436790,ndi
1786504353.904045,36.168395,0.009580,-0.125700,-1.436700,ndi
1786504353.918927,36.183277,0.009550,-0.125740,-1.436640,ndi
1786504353.936433,36.200783,0.009520,-0.125740,-1.436580,ndi
1786504353.953931,36.218281,0.009490,-0.125790,-1.436470,ndi
1786504353.968775,36.233125,0.009460,-0.125840,-1.436410,ndi
1786504353.986236,36.250586,0.009430,-0.125880,-1.436350,ndi
1786504354.003781,36.268131,0.009420,-0.125890,-1.436330,ndi
1786504354.018806,36.283156,0.009380,-0.125900,-1.436270,ndi
1786504354.036321,36.300671,0.009360,-0.125970,-1.436210,ndi
1786504354.053926,36.318275,0.009310,-0.126010,-1.436130,ndi
1786504354.068768,36.333118,0.009300,-0.126030,-1.436070,ndi
1786504354.086315,36.350665,0.009270,-0.126060,-1.436020,ndi
1786504354.103941,36.368291,0.009230,-0.126110,-1.435930,ndi
1786504354.118857,36.383207,0.009190,-0.126150,-1.435900,ndi
1786504354.136350,36.400700,0.009160,-0.126170,-1.435790,ndi
1786504354.153982,36.418332,0.009130,-0.126200,-1.435740,ndi
1786504354.168776,36.433126,0.009080,-0.126260,-1.435670,ndi
1786504354.186239,36.450588,0.009040,-0.126330,-1.435580,ndi
1786504354.203830,36.468180,0.008950,-0.126370,-1.435440,ndi
1786504354.218811,36.483160,0.008910,-0.126430,-1.435320,ndi
1786504354.236404,36.500754,0.008840,-0.126510,-1.435250,ndi
1786504354.253860,36.518210,0.008730,-0.126600,-1.435050,ndi
1786504354.268769,36.533119,0.008650,-0.126690,-1.434920,ndi
1786504354.286261,36.550611,0.008530,-0.126740,-1.434730,ndi
1786504354.303911,36.568261,0.008500,-0.126800,-1.434680,ndi
1786504354.318864,36.583214,0.008460,-0.126840,-1.434580,ndi
1786504354.336455,36.600805,0.008430,-0.126870,-1.434530,ndi
1786504354.353955,36.618305,0.008390,-0.126890,-1.434410,ndi
1786504354.368741,36.633090,0.008340,-0.126930,-1.434330,ndi
1786504354.386243,36.650593,0.008310,-0.126990,-1.434310,ndi
1786504354.403909,36.668259,0.008250,-0.127010,-1.434200,ndi
1786504354.418867,36.683217,0.008230,-0.127030,-1.434130,ndi
1786504354.436389,36.700739,0.008180,-0.127070,-1.434120,ndi
1786504354.453971,36.718321,0.008140,-0.127130,-1.434130,ndi
1786504354.468804,36.733154,0.008110,-0.127130,-1.434110,ndi
1786504354.486319,36.750669,0.008060,-0.127140,-1.434040,ndi
1786504354.503965,36.768315,0.008060,-0.127160,-1.434020,ndi
1786504354.518836,36.783186,0.008030,-0.127200,-1.433960,ndi
1786504354.536357,36.800707,0.007990,-0.127230,-1.433920,ndi
1786504354.553924,36.818274,0.007930,-0.127250,-1.433810,ndi
1786504354.568757,36.833107,0.007890,-0.127300,-1.433780,ndi
1786504354.586307,36.850657,0.007850,-0.127350,-1.433740,ndi
1786504354.603850,36.868200,0.007800,-0.127360,-1.433670,ndi
1786504354.618900,36.883250,0.007760,-0.127380,-1.433630,ndi
1786504354.636363,36.900713,0.007700,-0.127440,-1.433520,ndi
1786504354.653948,36.918298,0.007650,-0.127490,-1.433460,ndi
1786504354.668795,36.933145,0.007600,-0.127500,-1.433410,ndi
1786504354.686310,36.950660,0.007550,-0.127520,-1.433310,ndi
1786504354.701395,36.965745,0.007500,-0.127560,-1.433240,ndi
1786504354.718816,36.983166,0.007440,-0.127610,-1.433190,ndi
1786504354.736393,37.000743,0.007410,-0.127620,-1.433160,ndi
1786504354.753945,37.018295,0.007360,-0.127640,-1.433100,ndi
1786504354.768767,37.033117,0.007320,-0.127690,-1.433060,ndi
1786504354.786309,37.050659,0.007250,-0.127720,-1.433040,ndi
1786504354.803916,37.068266,0.007230,-0.127740,-1.432980,ndi
1786504354.818907,37.083257,0.007180,-0.127760,-1.432930,ndi
1786504354.836378,37.100728,0.007130,-0.127820,-1.432880,ndi
1786504354.853955,37.118305,0.007090,-0.127850,-1.432840,ndi
1786504354.868788,37.133138,0.007050,-0.127850,-1.432770,ndi
1786504354.886323,37.150673,0.007010,-0.127870,-1.432740,ndi
1786504354.903892,37.168242,0.006940,-0.127910,-1.432680,ndi
1786504354.918875,37.183225,0.006910,-0.127960,-1.432640,ndi
1786504354.936321,37.200671,0.006870,-0.127960,-1.432590,ndi
1786504354.953893,37.218243,0.006800,-0.128000,-1.432550,ndi
1786504354.968785,37.233135,0.006770,-0.128030,-1.432540,ndi
1786504354.986311,37.250661,0.006720,-0.128070,-1.432480,ndi
1786504355.003953,37.268302,0.006680,-0.128090,-1.432450,ndi
1786504355.018852,37.283202,0.006640,-0.128100,-1.432410,ndi
1786504355.036312,37.300662,0.006620,-0.128120,-1.432400,ndi
1786504355.053814,37.318164,0.006590,-0.128150,-1.432380,ndi
1786504355.068812,37.333162,0.006530,-0.128160,-1.432310,ndi
1786504355.086289,37.350639,0.006490,-0.128180,-1.432300,ndi
1786504355.103853,37.368203,0.006420,-0.128220,-1.432210,ndi
1786504355.118821,37.383171,0.006390,-0.128260,-1.432190,ndi
1786504355.136331,37.400681,0.006340,-0.128270,-1.432120,ndi
1786504355.153928,37.418278,0.006280,-0.128300,-1.432090,ndi
1786504355.168803,37.433153,0.006230,-0.128340,-1.432060,ndi
1786504355.186338,37.450688,0.006150,-0.128390,-1.431990,ndi
1786504355.203906,37.468256,0.006090,-0.128410,-1.431940,ndi
1786504355.218884,37.483234,0.006050,-0.128420,-1.431870,ndi
1786504355.236441,37.500791,0.006000,-0.128460,-1.431840,ndi
1786504355.253901,37.518251,0.005910,-0.128510,-1.431750,ndi
1786504355.268825,37.533175,0.005870,-0.128530,-1.431710,ndi
1786504355.286300,37.550650,0.005810,-0.128550,-1.431690,ndi
1786504355.303857,37.568207,0.005730,-0.128580,-1.431590,ndi
1786504355.318828,37.583178,0.005700,-0.128610,-1.431590,ndi
1786504355.336258,37.600608,0.005630,-0.128620,-1.431530,ndi
1786504355.353978,37.618328,0.005600,-0.128640,-1.431520,ndi
1786504355.368820,37.633170,0.005550,-0.128680,-1.431470,ndi
1786504355.386335,37.650685,0.005510,-0.128710,-1.431410,ndi
1786504355.403863,37.668213,0.005460,-0.128720,-1.431390,ndi
1786504355.418813,37.683162,0.005400,-0.128730,-1.431320,ndi
1786504355.436389,37.700739,0.005370,-0.128770,-1.431300,ndi
1786504355.453947,37.718297,0.005320,-0.128790,-1.431280,ndi
1786504355.468792,37.733142,0.005280,-0.128790,-1.431230,ndi
1786504355.486346,37.750696,0.005230,-0.128810,-1.431220,ndi
1786504355.503839,37.768188,0.005220,-0.128840,-1.431220,ndi
1786504355.518803,37.783153,0.005190,-0.128850,-1.431200,ndi
1786504355.536345,37.800695,0.005150,-0.128850,-1.431170,ndi
1786504355.553918,37.818268,0.005140,-0.128870,-1.431200,ndi
1786504355.568794,37.833143,0.005110,-0.128890,-1.431150,ndi
1786504355.586298,37.850648,0.005080,-0.128910,-1.431140,ndi
1786504355.603981,37.868330,0.005000,-0.128920,-1.431090,ndi
1786504355.618982,37.883332,0.004970,-0.128950,-1.431030,ndi
1786504355.636472,37.900821,0.004920,-0.128980,-1.431010,ndi
1786504355.653914,37.918264,0.004870,-0.128990,-1.430960,ndi
1786504355.668871,37.933221,0.004840,-0.129000,-1.430960,ndi
1786504355.686332,37.950682,0.004780,-0.129020,-1.430930,ndi
1786504355.703825,37.968175,0.004750,-0.129060,-1.430930,ndi
1786504355.718815,37.983165,0.004680,-0.129060,-1.430840,ndi
1786504355.736428,38.000778,0.004580,-0.129110,-1.430790,ndi
1786504355.753942,38.018292,0.004470,-0.129170,-1.430710,ndi
1786504355.768801,38.033151,0.004330,-0.129220,-1.430630,ndi
1786504355.786307,38.050657,0.004120,-0.129290,-1.430480,ndi
1786504355.803843,38.068193,0.004020,-0.129330,-1.430420,ndi
1786504355.818944,38.083294,0.003950,-0.129360,-1.430360,ndi
1786504355.836335,38.100685,0.003880,-0.129380,-1.430340,ndi
1786504355.853979,38.118329,0.003820,-0.129410,-1.430300,ndi
1786504355.868803,38.133152,0.003760,-0.129420,-1.430260,ndi
1786504355.886305,38.150655,0.003680,-0.129460,-1.430170,ndi
1786504355.903887,38.168237,0.003600,-0.129480,-1.430130,ndi
1786504355.918810,38.183160,0.003540,-0.129500,-1.430060,ndi
1786504355.936368,38.200718,0.003450,-0.129540,-1.430060,ndi
1786504355.953941,38.218291,0.003390,-0.129550,-1.430010,ndi
1786504355.968815,38.233165,0.003350,-0.129580,-1.429990,ndi
1786504355.986300,38.250650,0.003280,-0.129600,-1.429980,ndi
1786504356.003892,38.268242,0.003210,-0.129630,-1.429910,ndi
1786504356.018950,38.283300,0.003150,-0.129640,-1.429880,ndi
1786504356.036420,38.300770,0.003060,-0.129660,-1.429830,ndi
1786504356.053865,38.318215,0.003010,-0.129700,-1.429800,ndi
1786504356.068800,38.333150,0.002930,-0.129710,-1.429760,ndi
1786504356.086298,38.350648,0.002880,-0.129720,-1.429740,ndi
1786504356.103888,38.368237,0.002800,-0.129750,-1.429710,ndi
1786504356.118854,38.383204,0.002720,-0.129790,-1.429640,ndi
1786504356.136341,38.400691,0.002690,-0.129810,-1.429680,ndi
1786504356.153991,38.418341,0.002670,-0.129780,-1.429620,ndi
1786504356.168794,38.433144,0.002670,-0.129790,-1.429640,ndi
1786504356.186319,38.450669,0.002610,-0.129820,-1.429610,ndi
1786504356.203862,38.468212,0.002530,-0.129860,-1.429540,ndi
1786504356.218858,38.483208,0.002450,-0.129860,-1.429510,ndi
1786504356.236445,38.500795,0.002350,-0.129880,-1.429460,ndi
1786504356.253985,38.518335,0.002290,-0.129930,-1.429460,ndi
1786504356.268815,38.533165,0.002220,-0.129940,-1.429420,ndi
1786504356.286323,38.550673,0.002140,-0.129950,-1.429370,ndi
1786504356.303864,38.568214,0.002030,-0.129980,-1.429310,ndi
1786504356.318766,38.583116,0.001950,-0.130020,-1.429280,ndi
1786504356.336497,38.600847,0.001910,-0.130030,-1.429250,ndi
1786504356.353982,38.618332,0.001830,-0.130030,-1.429210,ndi
1786504356.368820,38.633170,0.001770,-0.130060,-1.429220,ndi
1786504356.386298,38.650648,0.001680,-0.130100,-1.429170,ndi
1786504356.403965,38.668315,0.001640,-0.130100,-1.429150,ndi
1786504356.418906,38.683256,0.001560,-0.130100,-1.429120,ndi
1786504356.436554,38.700904,0.001480,-0.130140,-1.429080,ndi
1786504356.453985,38.718335,0.001420,-0.130160,-1.429040,ndi
1786504356.468858,38.733208,0.001360,-0.130160,-1.429020,ndi
1786504356.486314,38.750664,0.001310,-0.130170,-1.429010,ndi
1786504356.503933,38.768283,0.001240,-0.130200,-1.428950,ndi
1786504356.518968,38.783318,0.001180,-0.130220,-1.428960,ndi
1786504356.536413,38.800763,0.001130,-0.130210,-1.428940,ndi
1786504356.553938,38.818288,0.001080,-0.130240,-1.428940,ndi
1786504356.568818,38.833168,0.001030,-0.130260,-1.428910,ndi
1786504356.586311,38.850661,0.000960,-0.130280,-1.428890,ndi
1786504356.603790,38.868140,0.000890,-0.130270,-1.428870,ndi
1786504356.618834,38.883184,0.000830,-0.130280,-1.428790,ndi
1786504356.636364,38.900714,0.000760,-0.130320,-1.428780,ndi
1786504356.651581,38.915931,0.000710,-0.130320,-1.428750,ndi
1786504356.668817,38.933167,0.000640,-0.130320,-1.428740,ndi
1786504356.686294,38.950644,0.000590,-0.130350,-1.428720,ndi
1786504356.703796,38.968146,0.000570,-0.130370,-1.428730,ndi
1786504356.718946,38.983296,0.000550,-0.130360,-1.428740,ndi
1786504356.736502,39.000852,0.000530,-0.130340,-1.428700,ndi
1786504356.753995,39.018345,0.000450,-0.130390,-1.428700,ndi
1786504356.768809,39.033159,0.000370,-0.130420,-1.428670,ndi
1786504356.786331,39.050681,0.000290,-0.130420,-1.428640,ndi
1786504356.803856,39.068206,0.000180,-0.130420,-1.428600,ndi
1786504356.818857,39.083207,0.000120,-0.130460,-1.428570,ndi
1786504356.836390,39.100740,0.000030,-0.130480,-1.428580,ndi
1786504356.854026,39.118376,-0.000050,-0.130470,-1.428510,ndi
1786504356.868814,39.133164,-0.000120,-0.130490,-1.428510,ndi
1786504356.886348,39.150698,-0.000210,-0.130520,-1.428470,ndi
1786504356.903809,39.168159,-0.000260,-0.130540,-1.428460,ndi
1786504356.918875,39.183225,-0.000310,-0.130520,-1.428460,ndi
1786504356.936361,39.200711,-0.000340,-0.130540,-1.428440,ndi
1786504356.953996,39.218346,-0.000360,-0.130560,-1.428440,ndi
1786504356.968847,39.233196,-0.000400,-0.130560,-1.428430,ndi
1786504356.986347,39.250697,-0.000420,-0.130550,-1.428430,ndi
1786504357.004049,39.268399,-0.000470,-0.130560,-1.428430,ndi
1786504357.018924,39.283274,-0.000500,-0.130580,-1.428410,ndi
1786504357.036548,39.300898,-0.000520,-0.130580,-1.428420,ndi
1786504357.053890,39.318240,-0.000550,-0.130580,-1.428390,ndi
1786504357.068825,39.333175,-0.000570,-0.130590,-1.428430,ndi
1786504357.086309,39.350659,-0.000660,-0.130610,-1.428390,ndi
1786504357.101358,39.365708,-0.000700,-0.130620,-1.428390,ndi
1786504357.118881,39.383231,-0.000830,-0.130630,-1.428320,ndi
1786504357.136354,39.400704,-0.000900,-0.130660,-1.428340,ndi
1786504357.154056,39.418406,-0.000970,-0.130670,-1.428310,ndi
1786504357.168835,39.433185,-0.001020,-0.130660,-1.428260,ndi
1786504357.186340,39.450690,-0.001100,-0.130680,-1.428280,ndi
1786504357.203880,39.468230,-0.001180,-0.130700,-1.428230,ndi
1786504357.218889,39.483238,-0.001230,-0.130710,-1.428250,ndi
1786504357.236380,39.500730,-0.001300,-0.130710,-1.428220,ndi
1786504357.254016,39.518366,-0.001340,-0.130720,-1.428230,ndi
1786504357.268864,39.533214,-0.001380,-0.130740,-1.428230,ndi
1786504357.286345,39.550694,-0.001470,-0.130740,-1.428190,ndi
1786504357.301450,39.565800,-0.001530,-0.130750,-1.428190,ndi
1786504357.318974,39.583324,-0.001630,-0.130760,-1.428170,ndi
1786504357.336554,39.600904,-0.001680,-0.130780,-1.428160,ndi
1786504357.354024,39.618374,-0.001760,-0.130780,-1.428110,ndi
1786504357.368858,39.633208,-0.001810,-0.130780,-1.428120,ndi
1786504357.386331,39.650681,-0.001870,-0.130800,-1.428130,ndi
1786504357.403886,39.668236,-0.001930,-0.130810,-1.428120,ndi
1786504357.418905,39.683255,-0.001960,-0.130810,-1.428120,ndi
1786504357.436434,39.700784,-0.002070,-0.130810,-1.428110,ndi
1786504357.453933,39.718283,-0.002140,-0.130830,-1.428070,ndi
1786504357.468847,39.733196,-0.002210,-0.130840,-1.428060,ndi
1786504357.486321,39.750671,-0.002270,-0.130840,-1.428070,ndi
1786504357.501481,39.765831,-0.002320,-0.130860,-1.428080,ndi
1786504357.518993,39.783343,-0.002390,-0.130860,-1.428030,ndi
1786504357.536574,39.800924,-0.002480,-0.130870,-1.428050,ndi
1786504357.553889,39.818239,-0.002580,-0.130860,-1.428010,ndi
1786504357.568825,39.833175,-0.002650,-0.130890,-1.428010,ndi
1786504357.586328,39.850678,-0.002700,-0.130890,-1.428010,ndi
1786504357.603893,39.868243,-0.002750,-0.130880,-1.427990,ndi
1786504357.618923,39.883273,-0.002850,-0.130890,-1.427990,ndi
1786504357.636517,39.900867,-0.002930,-0.130910,-1.427980,ndi
1786504357.654002,39.918352,-0.003000,-0.130930,-1.427990,ndi
1786504357.668860,39.933210,-0.003170,-0.130920,-1.427940,ndi
1786504357.686245,39.950595,-0.003250,-0.130920,-1.427940,ndi
1786504357.701436,39.965786,-0.003310,-0.130950,-1.427950,ndi
1786504357.718894,39.983243,-0.003370,-0.130970,-1.427940,ndi
1786504357.736456,40.000806,-0.003390,-0.130930,-1.427930,ndi
1786504357.753972,40.018322,-0.003470,-0.130940,-1.427920,ndi
1786504357.768825,40.033175,-0.003510,-0.130970,-1.427950,ndi
1786504357.786318,40.050668,-0.003590,-0.130980,-1.427920,ndi
1786504357.803903,40.068253,-0.003670,-0.130960,-1.427910,ndi
1786504357.818957,40.083307,-0.003740,-0.130960,-1.427900,ndi
1786504357.836528,40.100878,-0.003810,-0.131000,-1.427910,ndi
1786504357.854040,40.118390,-0.003900,-0.130990,-1.427900,ndi
1786504357.868853,40.133203,-0.003960,-0.130970,-1.427890,ndi
1786504357.886331,40.150681,-0.004000,-0.130990,-1.427910,ndi
1786504357.903949,40.168299,-0.004040,-0.131020,-1.427900,ndi
1786504357.918923,40.183273,-0.004080,-0.131010,-1.427900,ndi
1786504357.936514,40.200864,-0.004160,-0.130980,-1.427890,ndi
1786504357.953976,40.218326,-0.004210,-0.131000,-1.427890,ndi
1786504357.968805,40.233155,-0.004270,-0.131030,-1.427920,ndi
1786504357.986324,40.250674,-0.004320,-0.131020,-1.427890,ndi
1786504358.003876,40.268226,-0.004420,-0.131000,-1.427930,ndi
1786504358.018871,40.283221,-0.004500,-0.131010,-1.427900,ndi
1786504358.036402,40.300751,-0.004580,-0.131040,-1.427910,ndi
1786504358.054026,40.318376,-0.004660,-0.131030,-1.427910,ndi
1786504358.068830,40.333180,-0.004710,-0.131010,-1.427900,ndi
1786504358.086325,40.350675,-0.004780,-0.131020,-1.427900,ndi
1786504358.103856,40.368206,-0.004870,-0.131060,-1.427920,ndi
1786504358.118959,40.383309,-0.004920,-0.131040,-1.427910,ndi
1786504358.136494,40.400844,-0.005020,-0.131020,-1.427910,ndi
1786504358.153984,40.418334,-0.005080,-0.131040,-1.427920,ndi
1786504358.168831,40.433181,-0.005170,-0.131060,-1.427900,ndi
1786504358.186318,40.450668,-0.005240,-0.131050,-1.427930,ndi
1786504358.203871,40.468221,-0.005330,-0.131030,-1.427920,ndi
1786504358.218865,40.483215,-0.005430,-0.131040,-1.427910,ndi
1786504358.236459,40.500808,-0.005560,-0.131070,-1.427940,ndi
1786504358.254037,40.518387,-0.005640,-0.131040,-1.427910,ndi
1786504358.268841,40.533190,-0.005670,-0.131030,-1.427960,ndi
1786504358.286348,40.550698,-0.005710,-0.131050,-1.427920,ndi
1786504358.303994,40.568344,-0.005750,-0.131070,-1.427970,ndi
1786504358.318896,40.583246,-0.005800,-0.131040,-1.427930,ndi
1786504358.336544,40.600893,-0.005870,-0.131040,-1.427960,ndi
1786504358.354050,40.618400,-0.005940,-0.131060,-1.427960,ndi
1786504358.368824,40.633174,-0.006000,-0.131060,-1.427950,ndi
1786504358.386337,40.650687,-0.006070,-0.131040,-1.427970,ndi
1786504358.403924,40.668274,-0.006180,-0.131040,-1.427980,ndi
1786504358.418877,40.683227,-0.006240,-0.131060,-1.427980,ndi
1786504358.436457,40.700807,-0.006280,-0.131050,-1.427990,ndi
1786504358.453867,40.718217,-0.006320,-0.131030,-1.427950,ndi
1786504358.468822,40.733171,-0.006360,-0.131040,-1.428000,ndi
1786504358.486353,40.750703,-0.006430,-0.131060,-1.427990,ndi
1786504358.504107,40.768457,-0.006480,-0.131050,-1.427990,ndi
1786504358.519047,40.783397,-0.006540,-0.131030,-1.428020,ndi
1786504358.536557,40.800907,-0.006620,-0.131040,-1.428020,ndi
1786504358.553993,40.818343,-0.006700,-0.131050,-1.428060,ndi
1786504358.568854,40.833204,-0.006760,-0.131040,-1.428060,ndi
1786504358.586384,40.850734,-0.006840,-0.131020,-1.428070,ndi
1786504358.603983,40.868333,-0.006910,-0.131030,-1.428060,ndi
1786504358.619020,40.883370,-0.006960,-0.131040,-1.428090,ndi
1786504358.636568,40.900918,-0.007050,-0.131020,-1.428080,ndi
1786504358.654013,40.918363,-0.007140,-0.131010,-1.428090,ndi
1786504358.668823,40.933173,-0.007200,-0.131010,-1.428140,ndi
1786504358.686347,40.950697,-0.007270,-0.131010,-1.428110,ndi
1786504358.703913,40.968263,-0.007320,-0.131010,-1.428130,ndi
1786504358.718994,40.983344,-0.007410,-0.131000,-1.428160,ndi
1786504358.736496,41.000846,-0.007480,-0.131000,-1.428170,ndi
1786504358.753972,41.018322,-0.007560,-0.131000,-1.428170,ndi
1786504358.768860,41.033210,-0.007620,-0.130990,-1.428190,ndi
1786504358.786377,41.050727,-0.007780,-0.130970,-1.428190,ndi
1786504358.803948,41.068298,-0.007860,-0.130970,-1.428180,ndi
1786504358.818918,41.083268,-0.007910,-0.130970,-1.428220,ndi
1786504358.836432,41.100782,-0.007950,-0.130970,-1.428210,ndi
1786504358.851650,41.116000,-0.008010,-0.130970,-1.428280,ndi
1786504358.868868,41.133218,-0.008090,-0.130950,-1.428240,ndi
1786504358.886384,41.150734,-0.008160,-0.130950,-1.428260,ndi
1786504358.903912,41.168262,-0.008230,-0.130940,-1.428280,ndi
1786504358.918923,41.183273,-0.008290,-0.130940,-1.428310,ndi
1786504358.936510,41.200860,-0.008370,-0.130930,-1.428320,ndi
1786504358.953985,41.218335,-0.008460,-0.130930,-1.428310,ndi
1786504358.968825,41.233175,-0.008510,-0.130930,-1.428330,ndi
1786504358.986351,41.250701,-0.008590,-0.130920,-1.428330,ndi
1786504359.003906,41.268256,-0.008620,-0.130910,-1.428360,ndi
1786504359.018884,41.283234,-0.008650,-0.130910,-1.428360,ndi
1786504359.036430,41.300780,-0.008730,-0.130910,-1.428380,ndi
1786504359.051528,41.315878,-0.008780,-0.130910,-1.428420,ndi
1786504359.068861,41.333211,-0.008840,-0.130890,-1.428420,ndi
1786504359.086376,41.350726,-0.008910,-0.130880,-1.428450,ndi
1786504359.103976,41.368326,-0.009000,-0.130880,-1.428460,ndi
1786504359.118940,41.383290,-0.009030,-0.130870,-1.428480,ndi
1786504359.136441,41.400791,-0.009120,-0.130860,-1.428470,ndi
1786504359.153897,41.418247,-0.009190,-0.130860,-1.428480,ndi
1786504359.168865,41.433215,-0.009260,-0.130850,-1.428530,ndi
1786504359.186356,41.450706,-0.009350,-0.130830,-1.428530,ndi
1786504359.203933,41.468283,-0.009430,-0.130820,-1.428570,ndi
1786504359.218904,41.483253,-0.009520,-0.130810,-1.428600,ndi
1786504359.236405,41.500755,-0.009560,-0.130810,-1.428610,ndi
1786504359.251602,41.515952,-0.009600,-0.130810,-1.428660,ndi
1786504359.268869,41.533219,-0.009700,-0.130790,-1.428650,ndi
1786504359.286357,41.550707,-0.009770,-0.130780,-1.428680,ndi
1786504359.303960,41.568310,-0.009850,-0.130770,-1.428700,ndi
1786504359.318951,41.583301,-0.009920,-0.130760,-1.428750,ndi
1786504359.336363,41.600713,-0.010050,-0.130740,-1.428790,ndi
1786504359.353936,41.618286,-0.010130,-0.130730,-1.428810,ndi
1786504359.368824,41.633174,-0.010190,-0.130730,-1.428860,ndi
1786504359.386361,41.650711,-0.010250,-0.130720,-1.428840,ndi
1786504359.403946,41.668296,-0.010290,-0.130710,-1.428890,ndi
1786504359.418918,41.683268,-0.010350,-0.130700,-1.428880,ndi
1786504359.436451,41.700801,-0.010410,-0.130690,-1.428930,ndi
1786504359.451528,41.715878,-0.010460,-0.130680,-1.428950,ndi
1786504359.468890,41.733240,-0.010520,-0.130670,-1.428960,ndi
1786504359.486376,41.750726,-0.010580,-0.130660,-1.428960,ndi
1786504359.503961,41.768311,-0.010660,-0.130650,-1.429000,ndi
1786504359.518939,41.783289,-0.010740,-0.130640,-1.429040,ndi
1786504359.536424,41.800774,-0.010790,-0.130620,-1.429040,ndi
1786504359.551790,41.816139,-0.010840,-0.130610,-1.429070,ndi
1786504359.568894,41.833244,-0.010880,-0.130610,-1.429060,ndi
1786504359.586364,41.850714,-0.010910,-0.130620,-1.429080,ndi
1786504359.603978,41.868328,-0.010970,-0.130600,-1.429110,ndi
1786504359.618887,41.883237,-0.011020,-0.130580,-1.429130,ndi
1786504359.636441,41.900791,-0.011070,-0.130580,-1.429140,ndi
1786504359.653999,41.918349,-0.011120,-0.130570,-1.429170,ndi
1786504359.668868,41.933218,-0.011160,-0.130550,-1.429190,ndi
1786504359.686368,41.950718,-0.011240,-0.130540,-1.429200,ndi
1786504359.703977,41.968327,-0.011290,-0.130540,-1.429210,ndi
1786504359.719024,41.983374,-0.011340,-0.130530,-1.429270,ndi
1786504359.736501,42.000851,-0.011430,-0.130500,-1.429250,ndi
1786504359.754038,42.018388,-0.011500,-0.130490,-1.429320,ndi
1786504359.768899,42.033249,-0.011590,-0.130480,-1.429360,ndi
1786504359.786359,42.050709,-0.011640,-0.130470,-1.429410,ndi
1786504359.804026,42.068376,-0.011720,-0.130450,-1.429430,ndi
1786504359.818998,42.083348,-0.011790,-0.130430,-1.429480,ndi
1786504359.836469,42.100819,-0.011830,-0.130420,-1.429510,ndi
1786504359.853992,42.118342,-0.011890,-0.130410,-1.429530,ndi
1786504359.868897,42.133247,-0.011940,-0.130390,-1.429560,ndi
1786504359.886374,42.150724,-0.012010,-0.130370,-1.429590,ndi
1786504359.904022,42.168372,-0.012140,-0.130350,-1.429660,ndi
1786504359.918959,42.183309,-0.012210,-0.130330,-1.429660,ndi
1786504359.936472,42.200822,-0.012260,-0.130310,-1.429700,ndi
1786504359.951658,42.216008,-0.012320,-0.130300,-1.429730,ndi
1786504359.968889,42.233239,-0.012380,-0.130290,-1.429740,ndi
1786504359.986364,42.250714,-0.012440,-0.130280,-1.429770,ndi
1786504360.004047,42.268397,-0.012520,-0.130250,-1.429780,ndi
1786504360.018966,42.283316,-0.012550,-0.130240,-1.429810,ndi
1786504360.036509,42.300859,-0.012620,-0.130230,-1.429880,ndi
1786504360.053989,42.318339,-0.012690,-0.130210,-1.429900,ndi
1786504360.068903,42.333253,-0.012750,-0.130180,-1.429950,ndi
1786504360.086396,42.350745,-0.012840,-0.130150,-1.429970,ndi
1786504360.103912,42.368262,-0.012890,-0.130150,-1.430010,ndi
1786504360.118873,42.383223,-0.012920,-0.130150,-1.430010,ndi
1786504360.136388,42.400738,-0.012920,-0.130140,-1.430020,ndi
1786504360.154087,42.418437,-0.012990,-0.130120,-1.430040,ndi
1786504360.168907,42.433257,-0.013030,-0.130110,-1.430070,ndi
1786504360.186394,42.450744,-0.013100,-0.130100,-1.430110,ndi
1786504360.204102,42.468452,-0.013180,-0.130080,-1.430130,ndi
1786504360.218958,42.483308,-0.013220,-0.130060,-1.430170,ndi
1786504360.236505,42.500855,-0.013270,-0.130040,-1.430190,ndi
1786504360.254025,42.518374,-0.013330,-0.130030,-1.430240,ndi
1786504360.268881,42.533231,-0.013380,-0.130010,-1.430270,ndi
1786504360.286360,42.550710,-0.013440,-0.129990,-1.430310,ndi
1786504360.304007,42.568357,-0.013510,-0.129980,-1.430370,ndi
1786504360.318934,42.583284,-0.013560,-0.129960,-1.430360,ndi
1786504360.336591,42.600940,-0.013650,-0.129930,-1.430460,ndi
1786504360.353954,42.618304,-0.013730,-0.129900,-1.430460,ndi
1786504360.368921,42.633271,-0.013760,-0.129880,-1.430510,ndi
1786504360.386395,42.650745,-0.013840,-0.129870,-1.430520,ndi
1786504360.403873,42.668223,-0.013890,-0.129850,-1.430580,ndi
1786504360.419009,42.683359,-0.013960,-0.129830,-1.430600,ndi
1786504360.436515,42.700865,-0.014000,-0.129800,-1.430650,ndi
1786504360.454026,42.718376,-0.014080,-0.129770,-1.430700,ndi
1786504360.468921,42.733271,-0.014180,-0.129750,-1.430770,ndi
1786504360.486398,42.750748,-0.014240,-0.129710,-1.430820,ndi
1786504360.501595,42.765945,-0.014290,-0.129690,-1.430830,ndi
1786504360.519044,42.783394,-0.014330,-0.129690,-1.430900,ndi
1786504360.536488,42.800838,-0.014400,-0.129670,-1.430920,ndi
1786504360.554181,42.818531,-0.014450,-0.129640,-1.430930,ndi
1786504360.568912,42.833262,-0.014520,-0.129610,-1.431000,ndi
1786504360.586382,42.850732,-0.014590,-0.129600,-1.431030,ndi
1786504360.603966,42.868316,-0.014620,-0.129590,-1.431060,ndi
1786504360.618984,42.883334,-0.014690,-0.129550,-1.431120,ndi
1786504360.636482,42.900832,-0.014760,-0.129520,-1.431170,ndi
1786504360.653998,42.918348,-0.014820,-0.129500,-1.431190,ndi
1786504360.668918,42.933268,-0.014850,-0.129490,-1.431230,ndi
1786504360.686387,42.950737,-0.014860,-0.129480,-1.431270,ndi
1786504360.703889,42.968239,-0.014910,-0.129460,-1.431270,ndi
1786504360.718893,42.983243,-0.014950,-0.129450,-1.431310,ndi
1786504360.736532,43.000882,-0.015020,-0.129430,-1.431320,ndi
1786504360.754016,43.018366,-0.015050,-0.129400,-1.431400,ndi
1786504360.768893,43.033243,-0.015110,-0.129370,-1.431440,ndi
1786504360.786384,43.050734,-0.015160,-0.129370,-1.431450,ndi
1786504360.803903,43.068253,-0.015200,-0.129350,-1.431510,ndi
1786504360.818867,43.083217,-0.015260,-0.129310,-1.431550,ndi
1786504360.836407,43.100757,-0.015310,-0.129290,-1.431610,ndi
1786504360.854082,43.118432,-0.015370,-0.129270,-1.431610,ndi
1786504360.868891,43.133241,-0.015410,-0.129260,-1.431650,ndi
1786504360.886376,43.150726,-0.015500,-0.129210,-1.431720,ndi
1786504360.904017,43.168367,-0.015560,-0.129180,-1.431780,ndi
1786504360.918966,43.183316,-0.015600,-0.129170,-1.431860,ndi
1786504360.936573,43.200923,-0.015680,-0.129140,-1.431850,ndi
1786504360.954063,43.218413,-0.015730,-0.129110,-1.431950,ndi
1786504360.968922,43.233272,-0.015780,-0.129080,-1.431950,ndi
1786504360.986376,43.250726,-0.015830,-0.129070,-1.432010,ndi
1786504361.003905,43.268255,-0.015890,-0.129030,-1.432070,ndi
1786504361.018889,43.283239,-0.015950,-0.128980,-1.432130,ndi
1786504361.036551,43.300901,-0.016010,-0.128970,-1.432210,ndi
1786504361.054058,43.318408,-0.016070,-0.128940,-1.432220,ndi
1786504361.068913,43.333263,-0.016100,-0.128910,-1.432270,ndi
1786504361.086422,43.350772,-0.016150,-0.128880,-1.432310,ndi
1786504361.101487,43.365837,-0.016200,-0.128870,-1.432380,ndi
1786504361.119033,43.383383,-0.016260,-0.128840,-1.432420,ndi
1786504361.136506,43.400856,-0.016320,-0.128810,-1.432460,ndi
1786504361.154012,43.418362,-0.016370,-0.128770,-1.432500,ndi
1786504361.168922,43.433272,-0.016430,-0.128760,-1.432510,ndi
1786504361.186410,43.450760,-0.016480,-0.128720,-1.432590,ndi
1786504361.201535,43.465885,-0.016530,-0.128680,-1.432640,ndi
1786504361.219015,43.483365,-0.016570,-0.128660,-1.432690,ndi
1786504361.236537,43.500887,-0.016590,-0.128650,-1.432700,ndi
1786504361.254054,43.518404,-0.016610,-0.128660,-1.432730,ndi
1786504361.268891,43.533241,-0.016640,-0.128620,-1.432750,ndi
1786504361.286355,43.550705,-0.016700,-0.128580,-1.432790,ndi
1786504361.303979,43.568329,-0.016760,-0.128570,-1.432870,ndi
1786504361.318977,43.583327,-0.016800,-0.128540,-1.432930,ndi
1786504361.336645,43.600995,-0.016860,-0.128500,-1.432980,ndi
1786504361.354038,43.618388,-0.016910,-0.128480,-1.433010,ndi
1786504361.368955,43.633305,-0.016940,-0.128460,-1.433040,ndi
1786504361.386395,43.650745,-0.016990,-0.128420,-1.433120,ndi
1786504361.403945,43.668295,-0.017050,-0.128390,-1.433180,ndi
1786504361.419100,43.683450,-0.017080,-0.128380,-1.433230,ndi
1786504361.436576,43.700926,-0.017130,-0.128360,-1.433280,ndi
1786504361.454037,43.718387,-0.017190,-0.128300,-1.433350,ndi
1786504361.468896,43.733246,-0.017250,-0.128270,-1.433410,ndi
1786504361.486413,43.750763,-0.017290,-0.128260,-1.433440,ndi
1786504361.504014,43.768364,-0.017350,-0.128210,-1.433520,ndi
1786504361.519039,43.783389,-0.017410,-0.128170,-1.433540,ndi
1786504361.536640,43.800990,-0.017470,-0.128130,-1.433630,ndi
1786504361.554103,43.818453,-0.017550,-0.128100,-1.433700,ndi
1786504361.568906,43.833256,-0.017590,-0.128050,-1.433770,ndi
1786504361.586382,43.850732,-0.017690,-0.127980,-1.433900,ndi
1786504361.601554,43.865904,-0.017730,-0.127950,-1.433930,ndi
1786504361.618979,43.883329,-0.017770,-0.127940,-1.433970,ndi
1786504361.636408,43.900758,-0.017830,-0.127890,-1.434030,ndi
1786504361.653959,43.918309,-0.017850,-0.127850,-1.434070,ndi
1786504361.668921,43.933271,-0.017890,-0.127840,-1.434100,ndi
1786504361.686419,43.950769,-0.017930,-0.127820,-1.434150,ndi
1786504361.704060,43.968410,-0.017980,-0.127780,-1.434190,ndi
1786504361.719042,43.983392,-0.018020,-0.127740,-1.434240,ndi
1786504361.736593,44.000942,-0.018080,-0.127710,-1.434340,ndi
1786504361.754033,44.018383,-0.018140,-0.127670,-1.434390,ndi
1786504361.768901,44.033251,-0.018170,-0.127630,-1.434470,ndi
1786504361.786424,44.050774,-0.018220,-0.127580,-1.434510,ndi
1786504361.803943,44.068293,-0.018220,-0.127600,-1.434530,ndi
1786504361.818956,44.083306,-0.018230,-0.127600,-1.434550,ndi
1786504361.836452,44.100802,-0.018270,-0.127540,-1.434590,ndi
1786504361.854068,44.118418,-0.018320,-0.127490,-1.434680,ndi
1786504361.868912,44.133262,-0.018360,-0.127480,-1.434720,ndi
1786504361.886417,44.150767,-0.018380,-0.127470,-1.434770,ndi
1786504361.904023,44.168373,-0.018440,-0.127410,-1.434800,ndi
1786504361.919009,44.183359,-0.018460,-0.127370,-1.434860,ndi
1786504361.936522,44.200872,-0.018520,-0.127350,-1.434920,ndi
1786504361.951640,44.215990,-0.018550,-0.127330,-1.434990,ndi
1786504361.968948,44.233298,-0.018580,-0.127290,-1.435040,ndi
1786504361.986404,44.250754,-0.018640,-0.127230,-1.435080,ndi
1786504362.001564,44.265914,-0.018670,-0.127210,-1.435140,ndi
1786504362.018941,44.283291,-0.018730,-0.127170,-1.435210,ndi
1786504362.036615,44.300965,-0.018760,-0.127120,-1.435280,ndi
1786504362.054109,44.318459,-0.018810,-0.127080,-1.435340,ndi
1786504362.068907,44.333257,-0.018850,-0.127060,-1.435390,ndi
1786504362.086414,44.350764,-0.018890,-0.127020,-1.435480,ndi
1786504362.103923,44.368273,-0.018950,-0.126960,-1.435550,ndi
1786504362.118942,44.383292,-0.018970,-0.126930,-1.435610,ndi
1786504362.136549,44.400899,-0.019030,-0.126900,-1.435710,ndi
1786504362.153934,44.418284,-0.019110,-0.126820,-1.435810,ndi
1786504362.168933,44.433283,-0.019130,-0.126780,-1.435840,ndi
1786504362.186423,44.450773,-0.019150,-0.126750,-1.435900,ndi
1786504362.204108,44.468458,-0.019180,-0.126730,-1.435950,ndi
1786504362.219064,44.483413,-0.019220,-0.126710,-1.436000,ndi
1786504362.236538,44.500888,-0.019240,-0.126660,-1.436080,ndi
1786504362.254041,44.518391,-0.019280,-0.126620,-1.436140,ndi
1786504362.268931,44.533281,-0.019310,-0.126600,-1.436190,ndi
1786504362.286435,44.550785,-0.019340,-0.126550,-1.436230,ndi
1786504362.301543,44.565893,-0.019400,-0.126500,-1.436310,ndi
1786504362.319037,44.583387,-0.019450,-0.126450,-1.436410,ndi
1786504362.336599,44.600949,-0.019490,-0.126420,-1.436470,ndi
1786504362.354120,44.618470,-0.019510,-0.126380,-1.436530,ndi
1786504362.368928,44.633278,-0.019540,-0.126360,-1.436580,ndi
1786504362.386449,44.650799,-0.019520,-0.126360,-1.436530,ndi
1786504362.401623,44.665973,-0.019570,-0.126320,-1.436660,ndi
1786504362.418956,44.683306,-0.019590,-0.126280,-1.436690,ndi
1786504362.436482,44.700832,-0.019630,-0.126240,-1.436770,ndi
1786504362.454053,44.718403,-0.019660,-0.126210,-1.436810,ndi
1786504362.468917,44.733267,-0.019690,-0.126180,-1.436890,ndi
1786504362.486431,44.750781,-0.019750,-0.126130,-1.436950,ndi
1786504362.501537,44.765887,-0.019740,-0.126110,-1.436990,ndi
1786504362.518965,44.783315,-0.019790,-0.126060,-1.437110,ndi
1786504362.536493,44.800843,-0.019840,-0.126010,-1.437200,ndi
1786504362.554043,44.818393,-0.019860,-0.125960,-1.437280,ndi
1786504362.568945,44.833295,-0.019900,-0.125930,-1.437300,ndi
1786504362.586464,44.850814,-0.019920,-0.125890,-1.437430,ndi
1786504362.603951,44.868301,-0.019940,-0.125860,-1.437440,ndi
1786504362.618994,44.883343,-0.019980,-0.125810,-1.437510,ndi
1786504362.636479,44.900829,-0.019990,-0.125800,-1.437530,ndi
1786504362.653979,44.918329,-0.019980,-0.125800,-1.437540,ndi
1786504362.668942,44.933292,-0.020000,-0.125780,-1.437570,ndi
1786504362.686417,44.950767,-0.020020,-0.125760,-1.437560,ndi
1786504362.701547,44.965897,-0.020010,-0.125770,-1.437590,ndi
1786504362.719107,44.983457,-0.020010,-0.125780,-1.437590,ndi
1786504362.736530,45.000880,-0.020000,-0.125770,-1.437590,ndi
1786504362.751659,45.016009,-0.020020,-0.125760,-1.437590,ndi
1786504362.768909,45.033259,-0.020020,-0.125770,-1.437590,ndi
1786504362.786440,45.050790,-0.020000,-0.125780,-1.437610,ndi
1786504362.801662,45.066012,-0.020010,-0.125760,-1.437590,ndi
1786504362.818980,45.083329,-0.020010,-0.125750,-1.437590,ndi
1786504362.836509,45.100859,-0.020020,-0.125770,-1.437590,ndi
1786504362.854087,45.118437,-0.020000,-0.125780,-1.437590,ndi
1786504362.868921,45.133271,-0.020010,-0.125760,-1.437600,ndi
1786504362.886428,45.150778,-0.020010,-0.125760,-1.437590,ndi
1786504362.901605,45.165955,-0.020020,-0.125770,-1.437620,ndi
1786504362.918991,45.183341,-0.020020,-0.125780,-1.437610,ndi
1786504362.936504,45.200854,-0.020020,-0.125750,-1.437590,ndi
1786504362.953912,45.218262,-0.020030,-0.125760,-1.437600,ndi
1786504362.968941,45.233291,-0.020000,-0.125780,-1.437610,ndi
1786504362.986489,45.250839,-0.020010,-0.125770,-1.437600,ndi
1786504363.001544,45.265893,-0.020010,-0.125760,-1.437600,ndi
1786504363.019009,45.283359,-0.020000,-0.125750,-1.437620,ndi
1786504363.036569,45.300919,-0.020020,-0.125770,-1.437600,ndi
1786504363.054114,45.318464,-0.020010,-0.125770,-1.437620,ndi
1786504363.068974,45.333323,-0.020020,-0.125760,-1.437600,ndi
1786504363.086453,45.350803,-0.020010,-0.125760,-1.437610,ndi
1786504363.101571,45.365921,-0.020020,-0.125770,-1.437600,ndi
1786504363.118995,45.383345,-0.020020,-0.125770,-1.437590,ndi
1786504363.136624,45.400974,-0.020010,-0.125760,-1.437620,ndi
1786504363.153972,45.418322,-0.020020,-0.125770,-1.437580,ndi
1786504363.168952,45.433302,-0.020000,-0.125770,-1.437600,ndi
1786504363.186484,45.450834,-0.020020,-0.125760,-1.437600,ndi
1786504363.204084,45.468434,-0.020010,-0.125750,-1.437610,ndi
1786504363.219095,45.483445,-0.020010,-0.125760,-1.437610,ndi
1786504363.236572,45.500922,-0.020010,-0.125770,-1.437600,ndi
1786504363.254045,45.518394,-0.020010,-0.125760,-1.437600,ndi
1786504363.268925,45.533275,-0.020030,-0.125760,-1.437580,ndi
1786504363.286447,45.550797,-0.020020,-0.125770,-1.437630,ndi
1786504363.303994,45.568344,-0.020020,-0.125760,-1.437600,ndi
1786504363.318960,45.583310,-0.020020,-0.125760,-1.437600,ndi
1786504363.336438,45.600788,-0.020030,-0.125760,-1.437580,ndi
1786504363.354115,45.618465,-0.020010,-0.125770,-1.437600,ndi
1786504363.368966,45.633316,-0.020010,-0.125770,-1.437610,ndi
1786504363.386472,45.650821,-0.020020,-0.125760,-1.437580,ndi
1786504363.404104,45.668454,-0.020010,-0.125770,-1.437610,ndi
1786504363.419052,45.683402,-0.020020,-0.125770,-1.437580,ndi
1786504363.436574,45.700924,-0.020010,-0.125770,-1.437600,ndi
1786504363.454090,45.718440,-0.020010,-0.125750,-1.437600,ndi
1786504363.468937,45.733287,-0.020030,-0.125760,-1.437580,ndi
1786504363.486458,45.750808,-0.020020,-0.125770,-1.437610,ndi
1786504363.504208,45.768558,-0.020020,-0.125760,-1.437590,ndi
1786504363.519145,45.783495,-0.020030,-0.125760,-1.437590,ndi
1786504363.536632,45.800982,-0.020030,-0.125770,-1.437620,ndi
1786504363.554121,45.818471,-0.020010,-0.125770,-1.437600,ndi
1786504363.568944,45.833294,-0.020020,-0.125750,-1.437600,ndi
1786504363.586478,45.850828,-0.020010,-0.125760,-1.437580,ndi
1786504363.601667,45.866017,-0.020010,-0.125770,-1.437600,ndi
1786504363.619018,45.883368,-0.020010,-0.125770,-1.437580,ndi
1786504363.636498,45.900848,-0.020010,-0.125750,-1.437610,ndi
1786504363.654088,45.918438,-0.020030,-0.125760,-1.437600,ndi
1786504363.668977,45.933327,-0.020010,-0.125770,-1.437600,ndi
1786504363.686436,45.950786,-0.020020,-0.125760,-1.437570,ndi
1786504363.704103,45.968453,-0.020030,-0.125760,-1.437580,ndi
1786504363.719114,45.983464,-0.020020,-0.125760,-1.437600,ndi
1786504363.736625,46.000975,-0.020020,-0.125770,-1.437580,ndi
1786504363.754114,46.018464,-0.020010,-0.125750,-1.437600,ndi
1786504363.768957,46.033307,-0.020030,-0.125760,-1.437590,ndi
1786504363.786476,46.050826,-0.020020,-0.125770,-1.437580,ndi
1786504363.804003,46.068353,-0.020010,-0.125770,-1.437570,ndi
1786504363.818981,46.083331,-0.020020,-0.125760,-1.437580,ndi
1786504363.836492,46.100842,-0.020020,-0.125760,-1.437590,ndi
1786504363.851598,46.115947,-0.020030,-0.125770,-1.437590,ndi
1786504363.868994,46.133344,-0.020030,-0.125770,-1.437610,ndi
1786504363.886446,46.150796,-0.020020,-0.125760,-1.437570,ndi
1786504363.904022,46.168372,-0.020030,-0.125770,-1.437630,ndi
1786504363.918987,46.183337,-0.020030,-0.125770,-1.437600,ndi
1786504363.936469,46.200819,-0.020010,-0.125760,-1.437580,ndi
1786504363.954116,46.218466,-0.020020,-0.125760,-1.437590,ndi
1786504363.968950,46.233300,-0.020020,-0.125770,-1.437570,ndi
1786504363.986489,46.250839,-0.020020,-0.125770,-1.437580,ndi
1786504364.004016,46.268366,-0.020010,-0.125750,-1.437580,ndi
1786504364.018937,46.283287,-0.020020,-0.125760,-1.437590,ndi
1786504364.036461,46.300811,-0.020020,-0.125770,-1.437580,ndi
1786504364.051758,46.316108,-0.020010,-0.125770,-1.437590,ndi
1786504364.068958,46.333308,-0.020030,-0.125760,-1.437620,ndi
1786504364.086460,46.350810,-0.020020,-0.125770,-1.437580,ndi
1786504364.101635,46.365985,-0.020020,-0.125780,-1.437580,ndi
1786504364.118951,46.383301,-0.020030,-0.125770,-1.437580,ndi
1786504364.136621,46.400971,-0.020010,-0.125750,-1.437580,ndi
1786504364.154125,46.418475,-0.020020,-0.125770,-1.437560,ndi
1786504364.168949,46.433299,-0.020010,-0.125780,-1.437580,ndi
1786504364.186458,46.450808,-0.020020,-0.125760,-1.437580,ndi
1786504364.201668,46.466017,-0.020010,-0.125750,-1.437590,ndi
1786504364.219052,46.483402,-0.020020,-0.125760,-1.437580,ndi
1786504364.236514,46.500864,-0.020020,-0.125770,-1.437560,ndi
1786504364.254118,46.518468,-0.020020,-0.125760,-1.437590,ndi
1786504364.268972,46.533322,-0.020040,-0.125750,-1.437600,ndi
1786504364.286457,46.550807,-0.020020,-0.125770,-1.437570,ndi
1786504364.303965,46.568315,-0.020030,-0.125770,-1.437590,ndi
1786504364.318976,46.583326,-0.020040,-0.125760,-1.437610,ndi
1786504364.336511,46.600861,-0.020020,-0.125760,-1.437620,ndi
1786504364.354087,46.618437,-0.020020,-0.125770,-1.437610,ndi
1786504364.368975,46.633325,-0.020010,-0.125770,-1.437610,ndi
1786504364.386502,46.650851,-0.020030,-0.125750,-1.437620,ndi
1786504364.404082,46.668432,-0.020020,-0.125760,-1.437610,ndi
1786504364.419081,46.683431,-0.020020,-0.125770,-1.437630,ndi
1786504364.436560,46.700910,-0.020030,-0.125770,-1.437600,ndi
1786504364.454143,46.718493,-0.020020,-0.125750,-1.437620,ndi
1786504364.468974,46.733324,-0.020030,-0.125760,-1.437580,ndi
1786504364.487703,46.752053,-0.020020,-0.125780,-1.437600,ndi
1786504364.504011,46.768361,-0.020030,-0.125770,-1.437590,ndi
1786504364.518975,46.783325,-0.020010,-0.125760,-1.437590,ndi
1786504364.536557,46.800907,-0.020020,-0.125770,-1.437610,ndi
1786504364.554147,46.818497,-0.020030,-0.125770,-1.437580,ndi
1786504364.568961,46.833311,-0.020010,-0.125770,-1.437620,ndi
1786504364.586479,46.850829,-0.020010,-0.125760,-1.437580,ndi
1786504364.604034,46.868384,-0.020020,-0.125770,-1.437610,ndi
1786504364.619146,46.883496,-0.020020,-0.125780,-1.437620,ndi
1786504364.636633,46.900983,-0.020020,-0.125770,-1.437600,ndi
1786504364.654224,46.918574,-0.020030,-0.125760,-1.437590,ndi
1786504364.669000,46.933350,-0.020030,-0.125770,-1.437610,ndi
1786504364.686579,46.950928,-0.020030,-0.125770,-1.437590,ndi
1786504364.704101,46.968451,-0.020030,-0.125770,-1.437580,ndi
1786504364.719087,46.983437,-0.020020,-0.125760,-1.437590,ndi
1786504364.736506,47.000856,-0.020030,-0.125760,-1.437580,ndi
1786504364.753982,47.018332,-0.020010,-0.125770,-1.437580,ndi
1786504364.768957,47.033307,-0.020030,-0.125760,-1.437600,ndi
1786504364.786473,47.050823,-0.020020,-0.125770,-1.437590,ndi
1786504364.804050,47.068400,-0.020010,-0.125770,-1.437580,ndi
1786504364.819023,47.083373,-0.020030,-0.125770,-1.437590,ndi
1786504364.836537,47.100887,-0.020020,-0.125760,-1.437600,ndi
1786504364.854135,47.118484,-0.020030,-0.125770,-1.437600,ndi
1786504364.868981,47.133331,-0.020030,-0.125780,-1.437590,ndi
1786504364.886465,47.150815,-0.020040,-0.125770,-1.437600,ndi
1786504364.903983,47.168333,-0.020040,-0.125760,-1.437580,ndi
1786504364.919042,47.183392,-0.020010,-0.125770,-1.437600,ndi
1786504364.936533,47.200883,-0.020030,-0.125770,-1.437560,ndi
1786504364.954186,47.218536,-0.020020,-0.125770,-1.437610,ndi
1786504364.968975,47.233325,-0.020020,-0.125770,-1.437600,ndi
1786504364.986461,47.250811,-0.020020,-0.125770,-1.437600,ndi
1786504365.001699,47.266049,-0.020020,-0.125770,-1.437610,ndi
1786504365.019138,47.283488,-0.020030,-0.125770,-1.437570,ndi
1786504365.036670,47.301020,-0.020030,-0.125770,-1.437600,ndi
1786504365.054162,47.318512,-0.020040,-0.125770,-1.437580,ndi
1786504365.068972,47.333322,-0.020030,-0.125780,-1.437610,ndi
1786504365.086440,47.350790,-0.020030,-0.125770,-1.437590,ndi
1786504365.101775,47.366125,-0.020020,-0.125770,-1.437590,ndi
1786504365.119128,47.383478,-0.020040,-0.125770,-1.437600,ndi
1786504365.136686,47.401036,-0.020020,-0.125770,-1.437590,ndi
1786504365.154172,47.418522,-0.020020,-0.125770,-1.437600,ndi
1786504365.168987,47.433336,-0.020040,-0.125770,-1.437590,ndi
1786504365.186468,47.450818,-0.020020,-0.125780,-1.437590,ndi
1786504365.201760,47.466110,-0.020040,-0.125760,-1.437590,ndi
1786504365.219117,47.483467,-0.020030,-0.125770,-1.437590,ndi
1786504365.236555,47.500905,-0.020040,-0.125780,-1.437600,ndi
1786504365.254104,47.518454,-0.020030,-0.125780,-1.437580,ndi
1786504365.268993,47.533343,-0.020030,-0.125770,-1.437600,ndi
1786504365.286467,47.550817,-0.020040,-0.125770,-1.437590,ndi
1786504365.304126,47.568476,-0.020010,-0.125780,-1.437600,ndi
1786504365.319088,47.583438,-0.020040,-0.125780,-1.437580,ndi
1786504365.336584,47.600934,-0.020020,-0.125770,-1.437590,ndi
1786504365.351669,47.616019,-0.020040,-0.125770,-1.437590,ndi
1786504365.368991,47.633341,-0.020040,-0.125780,-1.437580,ndi
1786504365.386451,47.650801,-0.020020,-0.125780,-1.437600,ndi
1786504365.404240,47.668590,-0.020040,-0.125770,-1.437570,ndi
1786504365.419181,47.683531,-0.020040,-0.125780,-1.437600,ndi
1786504365.436664,47.701014,-0.020040,-0.125780,-1.437590,ndi
1786504365.454180,47.718530,-0.020040,-0.125780,-1.437580,ndi
1786504365.468960,47.733310,-0.020040,-0.125770,-1.437590,ndi
1786504365.486475,47.750825,-0.020040,-0.125780,-1.437590,ndi
1786504365.504149,47.768499,-0.020020,-0.125780,-1.437600,ndi
1786504365.519202,47.783552,-0.020040,-0.125780,-1.437580,ndi
1786504365.536668,47.801018,-0.020040,-0.125770,-1.437590,ndi
1786504365.551684,47.816034,-0.020030,-0.125780,-1.437580,ndi
1786504365.568999,47.833349,-0.020030,-0.125780,-1.437570,ndi
1786504365.586468,47.850818,-0.020050,-0.125770,-1.437590,ndi
1786504365.601717,47.866067,-0.020030,-0.125770,-1.437590,ndi
1786504365.619179,47.883529,-0.020050,-0.125780,-1.437580,ndi
1786504365.636687,47.901037,-0.020040,-0.125780,-1.437550,ndi
1786504365.651887,47.916237,-0.020040,-0.125770,-1.437580,ndi
1786504365.668967,47.933317,-0.020050,-0.125770,-1.437590,ndi
1786504365.686455,47.950805,-0.020020,-0.125780,-1.437600,ndi
1786504365.701705,47.966054,-0.020040,-0.125780,-1.437590,ndi
1786504365.719240,47.983590,-0.020030,-0.125780,-1.437600,ndi
1786504365.736630,48.000980,-0.020030,-0.125770,-1.437600,ndi
1786504365.751663,48.016013,-0.020040,-0.125780,-1.437600,ndi
1786504365.768950,48.033300,-0.020040,-0.125780,-1.437600,ndi
1786504365.786489,48.050839,-0.020030,-0.125770,-1.437580,ndi
1786504365.801692,48.066042,-0.020040,-0.125780,-1.437580,ndi
1786504365.819082,48.083432,-0.020050,-0.125780,-1.437580,ndi
1786504365.836725,48.101074,-0.020030,-0.125780,-1.437590,ndi
1786504365.851846,48.116196,-0.020050,-0.125770,-1.437580,ndi
1786504365.868964,48.133314,-0.020040,-0.125770,-1.437550,ndi
1786504365.886456,48.150806,-0.020030,-0.125780,-1.437590,ndi
1786504365.901710,48.166060,-0.020030,-0.125780,-1.437570,ndi
1786504365.919099,48.183449,-0.020020,-0.125780,-1.437600,ndi
1786504365.936550,48.200900,-0.020050,-0.125770,-1.437590,ndi
1786504365.951702,48.216052,-0.020020,-0.125780,-1.437580,ndi
1786504365.968995,48.233345,-0.020040,-0.125780,-1.437570,ndi
1786504365.986495,48.250845,-0.020020,-0.125780,-1.437590,ndi
1786504366.001726,48.266076,-0.020030,-0.125780,-1.437580,ndi
1786504366.019143,48.283493,-0.020040,-0.125780,-1.437580,ndi
1786504366.036679,48.301029,-0.020030,-0.125780,-1.437580,ndi
1786504366.054150,48.318500,-0.020060,-0.125780,-1.437560,ndi
1786504366.068946,48.333296,-0.020030,-0.125780,-1.437590,ndi
1786504366.086474,48.350824,-0.020040,-0.125780,-1.437580,ndi
1786504366.104056,48.368406,-0.020040,-0.125790,-1.437570,ndi
1786504366.119077,48.383427,-0.020020,-0.125790,-1.437590,ndi
1786504366.136568,48.400918,-0.020040,-0.125770,-1.437560,ndi
1786504366.154146,48.418496,-0.020020,-0.125770,-1.437610,ndi
1786504366.168995,48.433345,-0.020050,-0.125780,-1.437590,ndi
1786504366.186497,48.450847,-0.020020,-0.125790,-1.437600,ndi
1786504366.204067,48.468417,-0.020040,-0.125770,-1.437590,ndi
1786504366.219179,48.483529,-0.020050,-0.125770,-1.437590,ndi
1786504366.236537,48.500887,-0.020030,-0.125790,-1.437590,ndi
1786504366.254011,48.518361,-0.020060,-0.125790,-1.437560,ndi
1786504366.268950,48.533300,-0.020040,-0.125780,-1.437600,ndi
1786504366.286511,48.550861,-0.020040,-0.125770,-1.437560,ndi
1786504366.304168,48.568518,-0.020040,-0.125790,-1.437590,ndi
1786504366.319105,48.583455,-0.020020,-0.125780,-1.437580,ndi
1786504366.336617,48.600966,-0.020040,-0.125770,-1.437580,ndi
1786504366.354165,48.618515,-0.020030,-0.125780,-1.437600,ndi
1786504366.368989,48.633339,-0.020040,-0.125790,-1.437570,ndi
1786504366.386509,48.650859,-0.020040,-0.125780,-1.437590,ndi
1786504366.401660,48.666010,-0.020040,-0.125770,-1.437570,ndi
1786504366.419043,48.683393,-0.020040,-0.125780,-1.437570,ndi
1786504366.436570,48.700920,-0.020050,-0.125790,-1.437580,ndi
1786504366.454087,48.718437,-0.020040,-0.125780,-1.437570,ndi
1786504366.468950,48.733300,-0.020030,-0.125770,-1.437600,ndi
1786504366.486507,48.750857,-0.020040,-0.125780,-1.437570,ndi
1786504366.501712,48.766062,-0.020020,-0.125790,-1.437590,ndi
1786504366.519061,48.783411,-0.020030,-0.125780,-1.437580,ndi
1786504366.536657,48.801007,-0.020020,-0.125760,-1.437570,ndi
1786504366.551768,48.816118,-0.020040,-0.125780,-1.437570,ndi
1786504366.568977,48.833327,-0.020030,-0.125800,-1.437570,ndi
1786504366.586530,48.850880,-0.020050,-0.125770,-1.437560,ndi
1786504366.604092,48.868442,-0.020050,-0.125760,-1.437570,ndi
1786504366.619141,48.883491,-0.020040,-0.125790,-1.437600,ndi
1786504366.636714,48.901064,-0.020050,-0.125800,-1.437580,ndi
1786504366.654155,48.918505,-0.020030,-0.125770,-1.437590,ndi
1786504366.668973,48.933323,-0.020040,-0.125760,-1.437590,ndi
1786504366.686513,48.950863,-0.020030,-0.125790,-1.437570,ndi
1786504366.704073,48.968423,-0.020030,-0.125800,-1.437600,ndi
1786504366.719132,48.983482,-0.020040,-0.125760,-1.437560,ndi
1786504366.736601,49.000951,-0.020030,-0.125760,-1.437590,ndi
1786504366.754166,49.018516,-0.020040,-0.125800,-1.437590,ndi
1786504366.769035,49.033385,-0.020030,-0.125800,-1.437570,ndi
1786504366.786510,49.050859,-0.020050,-0.125760,-1.437570,ndi
1786504366.801635,49.065985,-0.020040,-0.125760,-1.437590,ndi
1786504366.819057,49.083407,-0.020040,-0.125790,-1.437600,ndi
1786504366.836515,49.100865,-0.020050,-0.125790,-1.437580,ndi
1786504366.854123,49.118473,-0.020040,-0.125770,-1.437610,ndi
1786504366.868989,49.133339,-0.020040,-0.125770,-1.437560,ndi
1786504366.886519,49.150869,-0.020030,-0.125800,-1.437590,ndi
1786504366.904156,49.168506,-0.020040,-0.125780,-1.437580,ndi
1786504366.919117,49.183467,-0.020040,-0.125760,-1.437590,ndi
1786504366.936676,49.201026,-0.020030,-0.125770,-1.437590,ndi
1786504366.954173,49.218523,-0.020030,-0.125800,-1.437590,ndi
1786504366.969021,49.233371,-0.020040,-0.125790,-1.437610,ndi
1786504366.986537,49.250887,-0.020050,-0.125760,-1.437570,ndi
1786504367.001660,49.266010,-0.020040,-0.125780,-1.437570,ndi
1786504367.019188,49.283538,-0.020050,-0.125800,-1.437580,ndi
1786504367.036716,49.301066,-0.020040,-0.125780,-1.437580,ndi
1786504367.054148,49.318498,-0.020030,-0.125760,-1.437590,ndi
1786504367.069017,49.333367,-0.020040,-0.125790,-1.437570,ndi
1786504367.086511,49.350861,-0.020030,-0.125800,-1.437600,ndi
1786504367.101722,49.366072,-0.020040,-0.125770,-1.437570,ndi
1786504367.119106,49.383456,-0.020030,-0.125760,-1.437580,ndi
1786504367.136705,49.401055,-0.020040,-0.125790,-1.437590,ndi
1786504367.151801,49.416151,-0.020030,-0.125800,-1.437590,ndi
1786504367.169022,49.433372,-0.020040,-0.125760,-1.437570,ndi
1786504367.186505,49.450855,-0.020040,-0.125770,-1.437570,ndi
1786504367.204123,49.468473,-0.020040,-0.125800,-1.437600,ndi
1786504367.219138,49.483488,-0.020050,-0.125790,-1.437590,ndi
1786504367.236608,49.500958,-0.020040,-0.125770,-1.437600,ndi
1786504367.254032,49.518382,-0.020040,-0.125760,-1.437580,ndi
1786504367.269005,49.533355,-0.020040,-0.125790,-1.437570,ndi
1786504367.286515,49.550865,-0.020040,-0.125790,-1.437570,ndi
1786504367.304039,49.568389,-0.020030,-0.125760,-1.437570,ndi
1786504367.319030,49.583380,-0.020030,-0.125770,-1.437590,ndi
1786504367.336586,49.600936,-0.020040,-0.125790,-1.437580,ndi
1786504367.354055,49.618405,-0.020020,-0.125780,-1.437580,ndi
1786504367.368971,49.633321,-0.020050,-0.125760,-1.437580,ndi
1786504367.386505,49.650855,-0.020040,-0.125780,-1.437570,ndi
1786504367.401738,49.666088,-0.020040,-0.125790,-1.437580,ndi
1786504367.419105,49.683455,-0.020050,-0.125780,-1.437580,ndi
1786504367.436588,49.700938,-0.020050,-0.125770,-1.437590,ndi
1786504367.454127,49.718477,-0.020030,-0.125780,-1.437590,ndi
1786504367.469031,49.733381,-0.020040,-0.125790,-1.437600,ndi
1786504367.486527,49.750877,-0.020040,-0.125780,-1.437570,ndi
1786504367.501754,49.766104,-0.020040,-0.125780,-1.437580,ndi
1786504367.519077,49.783427,-0.020040,-0.125780,-1.437580,ndi
1786504367.536561,49.800910,-0.020030,-0.125780,-1.437570,ndi
1786504367.554258,49.818608,-0.020050,-0.125770,-1.437580,ndi
1786504367.569018,49.833368,-0.020050,-0.125770,-1.437570,ndi
1786504367.586529,49.850879,-0.020040,-0.125790,-1.437580,ndi
1786504367.601609,49.865958,-0.020050,-0.125790,-1.437590,ndi
1786504367.619007,49.883357,-0.020050,-0.125770,-1.437590,ndi
1786504367.636636,49.900986,-0.020040,-0.125770,-1.437570,ndi
1786504367.651725,49.916075,-0.020030,-0.125790,-1.437570,ndi
1786504367.669018,49.933368,-0.020040,-0.125780,-1.437600,ndi
1786504367.686507,49.950857,-0.020040,-0.125770,-1.437560,ndi
1786504367.701592,49.965942,-0.020030,-0.125790,-1.437590,ndi
1786504367.719088,49.983438,-0.020040,-0.125790,-1.437580,ndi
1786504367.736536,50.000886,-0.020030,-0.125770,-1.437590,ndi
1786504367.751729,50.016079,-0.020050,-0.125770,-1.437580,ndi
1786504367.769015,50.033365,-0.020040,-0.125780,-1.437570,ndi
1786504367.786530,50.050879,-0.020050,-0.125790,-1.437580,ndi
1786504367.801612,50.065962,-0.020050,-0.125770,-1.437580,ndi
1786504367.819061,50.083411,-0.020030,-0.125780,-1.437590,ndi
1786504367.836636,50.100986,-0.020050,-0.125790,-1.437580,ndi
1786504367.854177,50.118527,-0.020030,-0.125780,-1.437580,ndi
1786504367.869015,50.133365,-0.020040,-0.125770,-1.437580,ndi
1786504367.886547,50.150897,-0.020030,-0.125790,-1.437570,ndi
1786504367.901830,50.166180,-0.020030,-0.125790,-1.437580,ndi
1786504367.919155,50.183505,-0.020040,-0.125780,-1.437580,ndi
1786504367.936660,50.201010,-0.020030,-0.125770,-1.437590,ndi
1786504367.954158,50.218508,-0.020050,-0.125790,-1.437580,ndi
1786504367.969025,50.233375,-0.020040,-0.125790,-1.437580,ndi
1786504367.986542,50.250892,-0.020050,-0.125770,-1.437580,ndi
1786504368.004132,50.268482,-0.020050,-0.125770,-1.437580,ndi
1786504368.019051,50.283401,-0.020050,-0.125790,-1.437580,ndi
1786504368.036690,50.301040,-0.020040,-0.125790,-1.437590,ndi
1786504368.054169,50.318519,-0.020040,-0.125770,-1.437580,ndi
1786504368.069071,50.333421,-0.020040,-0.125780,-1.437580,ndi
1786504368.086526,50.350876,-0.020040,-0.125790,-1.437590,ndi
1786504368.101670,50.366019,-0.020040,-0.125780,-1.437580,ndi
1786504368.119141,50.383491,-0.020030,-0.125770,-1.437560,ndi
1786504368.136644,50.400994,-0.020030,-0.125780,-1.437600,ndi
1786504368.154187,50.418537,-0.020040,-0.125790,-1.437570,ndi
1786504368.169040,50.433390,-0.020040,-0.125790,-1.437600,ndi
1786504368.186544,50.450894,-0.020050,-0.125770,-1.437560,ndi
1786504368.201641,50.465991,-0.020050,-0.125780,-1.437580,ndi
1786504368.219045,50.483395,-0.020060,-0.125790,-1.437580,ndi
1786504368.236653,50.501003,-0.020030,-0.125780,-1.437590,ndi
1786504368.254090,50.518440,-0.020040,-0.125770,-1.437590,ndi
1786504368.269044,50.533394,-0.020030,-0.125780,-1.437580,ndi
1786504368.286545,50.550894,-0.020040,-0.125790,-1.437570,ndi
1786504368.304111,50.568460,-0.020050,-0.125780,-1.437580,ndi
1786504368.319151,50.583501,-0.020040,-0.125780,-1.437610,ndi
1786504368.336618,50.600968,-0.020050,-0.125780,-1.437580,ndi
1786504368.354225,50.618575,-0.020040,-0.125790,-1.437570,ndi
1786504368.369054,50.633404,-0.020050,-0.125780,-1.437590,ndi
1786504368.386547,50.650897,-0.020040,-0.125780,-1.437600,ndi
1786504368.404153,50.668503,-0.020040,-0.125780,-1.437590,ndi
1786504368.419096,50.683446,-0.020050,-0.125790,-1.437580,ndi
1786504368.436793,50.701143,-0.020030,-0.125780,-1.437600,ndi
1786504368.454204,50.718554,-0.020050,-0.125780,-1.437580,ndi
1786504368.469033,50.733383,-0.020030,-0.125790,-1.437600,ndi
1786504368.486578,50.750928,-0.020050,-0.125780,-1.437590,ndi
1786504368.501653,50.766003,-0.020040,-0.125780,-1.437580,ndi
1786504368.519190,50.783540,-0.020040,-0.125790,-1.437590,ndi
1786504368.536778,50.801128,-0.020050,-0.125780,-1.437580,ndi
1786504368.554165,50.818515,-0.020040,-0.125780,-1.437610,ndi
1786504368.569046,50.833396,-0.020060,-0.125780,-1.437580,ndi
1786504368.586568,50.850918,-0.020040,-0.125790,-1.437600,ndi
1786504368.604120,50.868470,-0.020050,-0.125790,-1.437590,ndi
1786504368.619327,50.883677,-0.020040,-0.125770,-1.437590,ndi
1786504368.636779,50.901129,-0.020030,-0.125780,-1.437590,ndi
1786504368.651837,50.916187,-0.020040,-0.125790,-1.437580,ndi
1786504368.669047,50.933397,-0.020030,-0.125790,-1.437590,ndi
1786504368.686543,50.950893,-0.020050,-0.125770,-1.437590,ndi
1786504368.701786,50.966136,-0.020030,-0.125780,-1.437620,ndi
1786504368.719140,50.983490,-0.020040,-0.125790,-1.437600,ndi
1786504368.736775,51.001125,-0.020040,-0.125780,-1.437580,ndi
1786504368.751827,51.016177,-0.020050,-0.125770,-1.437600,ndi
1786504368.769111,51.033461,-0.020050,-0.125780,-1.437590,ndi
1786504368.786526,51.050876,-0.020040,-0.125800,-1.437610,ndi
1786504368.801587,51.065937,-0.020060,-0.125780,-1.437610,ndi
1786504368.819056,51.083406,-0.020030,-0.125770,-1.437620,ndi
1786504368.836586,51.100936,-0.020040,-0.125780,-1.437600,ndi
1786504368.851664,51.116014,-0.020040,-0.125790,-1.437610,ndi
1786504368.869026,51.133376,-0.020040,-0.125780,-1.437610,ndi
1786504368.886583,51.150933,-0.020050,-0.125770,-1.437610,ndi
1786504368.901845,51.166195,-0.020040,-0.125790,-1.437600,ndi
1786504368.919107,51.183457,-0.020050,-0.125790,-1.437580,ndi
1786504368.936571,51.200921,-0.020030,-0.125780,-1.437610,ndi
1786504368.954167,51.218517,-0.020050,-0.125780,-1.437600,ndi
1786504368.969064,51.233414,-0.020040,-0.125780,-1.437610,ndi
1786504368.986508,51.250858,-0.020040,-0.125790,-1.437600,ndi
1786504369.001727,51.266077,-0.020050,-0.125780,-1.437600,ndi
1786504369.019083,51.283433,-0.020070,-0.125740,-1.437670,ndi
1786504369.036615,51.300965,-0.020080,-0.125730,-1.437700,ndi
1786504369.051682,51.316032,-0.020130,-0.125660,-1.437790,ndi
1786504369.069041,51.333390,-0.020180,-0.125600,-1.437850,ndi
1786504369.086512,51.350862,-0.020260,-0.125510,-1.437970,ndi
1786504369.101781,51.366131,-0.020310,-0.125460,-1.438070,ndi
1786504369.119192,51.383542,-0.020390,-0.125380,-1.438200,ndi
1786504369.136612,51.400962,-0.020420,-0.125310,-1.438250,ndi
1786504369.151819,51.416169,-0.020480,-0.125240,-1.438340,ndi
1786504369.169057,51.433407,-0.020540,-0.125160,-1.438450,ndi
1786504369.186511,51.450861,-0.020610,-0.125100,-1.438500,ndi
1786504369.201656,51.466006,-0.020640,-0.125010,-1.438570,ndi
1786504369.219178,51.483528,-0.020710,-0.124940,-1.438640,ndi
1786504369.236660,51.501010,-0.020760,-0.124870,-1.438710,ndi
1786504369.254196,51.518546,-0.020820,-0.124800,-1.438730,ndi
1786504369.269073,51.533423,-0.020860,-0.124730,-1.438780,ndi
1786504369.286551,51.550900,-0.020890,-0.124690,-1.438840,ndi
1786504369.301692,51.566042,-0.020940,-0.124640,-1.438850,ndi
1786504369.319195,51.583545,-0.021000,-0.124580,-1.438900,ndi
1786504369.336683,51.601032,-0.021040,-0.124540,-1.438950,ndi
1786504369.354192,51.618542,-0.021070,-0.124510,-1.438950,ndi
1786504369.369073,51.633423,-0.021110,-0.124470,-1.438960,ndi
1786504369.386490,51.650840,-0.021160,-0.124420,-1.438960,ndi
1786504369.401634,51.665984,-0.021140,-0.124390,-1.438990,ndi
1786504369.419084,51.683434,-0.021210,-0.124360,-1.439000,ndi
1786504369.436579,51.700929,-0.021230,-0.124320,-1.439000,ndi
1786504369.451819,51.716169,-0.021280,-0.124290,-1.439010,ndi
1786504369.469048,51.733398,-0.021310,-0.124260,-1.438960,ndi
1786504369.486557,51.750906,-0.021330,-0.124230,-1.438970,ndi
1786504369.501715,51.766065,-0.021370,-0.124190,-1.438960,ndi
1786504369.519083,51.783433,-0.021400,-0.124170,-1.438990,ndi
1786504369.536729,51.801079,-0.021440,-0.124150,-1.438940,ndi
1786504369.554225,51.818575,-0.021460,-0.124120,-1.438900,ndi
1786504369.569014,51.833364,-0.021500,-0.124070,-1.438900,ndi
1786504369.586500,51.850850,-0.021520,-0.124060,-1.438900,ndi
1786504369.601669,51.866019,-0.021540,-0.124040,-1.438890,ndi
1786504369.619081,51.883431,-0.021580,-0.124010,-1.438860,ndi
1786504369.636733,51.901083,-0.021600,-0.123960,-1.438870,ndi
1786504369.651822,51.916172,-0.021640,-0.123940,-1.438830,ndi
1786504369.669037,51.933387,-0.021670,-0.123940,-1.438840,ndi
1786504369.686553,51.950903,-0.021700,-0.123900,-1.438830,ndi
1786504369.701689,51.966038,-0.021740,-0.123860,-1.438810,ndi
1786504369.719091,51.983441,-0.021770,-0.123840,-1.438790,ndi
1786504369.736586,52.000936,-0.021790,-0.123830,-1.438810,ndi
1786504369.754265,52.018615,-0.021820,-0.123790,-1.438810,ndi
1786504369.769037,52.033386,-0.021850,-0.123760,-1.438770,ndi
1786504369.786501,52.050851,-0.021860,-0.123750,-1.438740,ndi
1786504369.801585,52.065935,-0.021900,-0.123720,-1.438720,ndi
1786504369.819096,52.083446,-0.021920,-0.123690,-1.438710,ndi
1786504369.836594,52.100944,-0.021950,-0.123660,-1.438700,ndi
1786504369.854218,52.118568,-0.021980,-0.123650,-1.438680,ndi
1786504369.869044,52.133394,-0.022000,-0.123640,-1.438690,ndi
1786504369.886569,52.150918,-0.022040,-0.123590,-1.438650,ndi
1786504369.901649,52.165999,-0.022070,-0.123560,-1.438670,ndi
1786504369.919090,52.183439,-0.022110,-0.123550,-1.438640,ndi
1786504369.936622,52.200972,-0.022130,-0.123530,-1.438630,ndi
1786504369.954228,52.218578,-0.022160,-0.123480,-1.438590,ndi
1786504369.969072,52.233422,-0.022200,-0.123460,-1.438580,ndi
1786504369.986558,52.250908,-0.022210,-0.123450,-1.438560,ndi
1786504370.001652,52.266001,-0.022240,-0.123420,-1.438520,ndi
1786504370.019092,52.283442,-0.022250,-0.123380,-1.438510,ndi
1786504370.036618,52.300968,-0.022300,-0.123350,-1.438490,ndi
1786504370.051743,52.316093,-0.022310,-0.123350,-1.438450,ndi
1786504370.069115,52.333465,-0.022340,-0.123320,-1.438450,ndi
1786504370.086582,52.350932,-0.022370,-0.123270,-1.438410,ndi
1786504370.101720,52.366070,-0.022390,-0.123260,-1.438430,ndi
1786504370.119226,52.383575,-0.022440,-0.123250,-1.438410,ndi
1786504370.136703,52.401052,-0.022450,-0.123230,-1.438390,ndi
1786504370.154214,52.418564,-0.022490,-0.123190,-1.438350,ndi
1786504370.169028,52.433378,-0.022500,-0.123170,-1.438340,ndi
1786504370.186585,52.450935,-0.022510,-0.123170,-1.438330,ndi
1786504370.204154,52.468504,-0.022560,-0.123140,-1.438320,ndi
1786504370.219145,52.483495,-0.022550,-0.123110,-1.438320,ndi
1786504370.236834,52.501184,-0.022600,-0.123080,-1.438290,ndi
1786504370.254198,52.518548,-0.022610,-0.123070,-1.438290,ndi
1786504370.269064,52.533414,-0.022650,-0.123040,-1.438250,ndi
1786504370.286598,52.550948,-0.022680,-0.123010,-1.438250,ndi
1786504370.301731,52.566081,-0.022700,-0.122980,-1.438230,ndi
1786504370.319262,52.583612,-0.022740,-0.122970,-1.438210,ndi
1786504370.336812,52.601162,-0.022760,-0.122960,-1.438200,ndi
1786504370.354203,52.618553,-0.022780,-0.122910,-1.438170,ndi
1786504370.369049,52.633399,-0.022790,-0.122890,-1.438190,ndi
1786504370.386587,52.650937,-0.022830,-0.122880,-1.438150,ndi
1786504370.404183,52.668533,-0.022840,-0.122860,-1.438110,ndi
1786504370.419129,52.683479,-0.022870,-0.122830,-1.438110,ndi
1786504370.436648,52.700998,-0.022900,-0.122790,-1.438110,ndi
1786504370.454070,52.718420,-0.022900,-0.122800,-1.438110,ndi
1786504370.469091,52.733441,-0.022910,-0.122810,-1.438090,ndi
1786504370.486576,52.750926,-0.022910,-0.122800,-1.438080,ndi
1786504370.501766,52.766116,-0.022900,-0.122790,-1.438060,ndi
1786504370.519150,52.783500,-0.022910,-0.122810,-1.438030,ndi
1786504370.536643,52.800993,-0.022920,-0.122820,-1.438010,ndi
1786504370.551705,52.816055,-0.022910,-0.122820,-1.437990,ndi
1786504370.569039,52.833389,-0.022900,-0.122810,-1.437980,ndi
1786504370.586585,52.850935,-0.022910,-0.122830,-1.437950,ndi
1786504370.601641,52.865991,-0.022900,-0.122850,-1.437980,ndi
1786504370.619108,52.883458,-0.022920,-0.122830,-1.437940,ndi
1786504370.636651,52.901001,-0.022900,-0.122830,-1.437910,ndi
1786504370.651608,52.915958,-0.022910,-0.122840,-1.437910,ndi
1786504370.669068,52.933418,-0.022910,-0.122850,-1.437870,ndi
1786504370.686585,52.950935,-0.022920,-0.122840,-1.437880,ndi
1786504370.701671,52.966021,-0.022930,-0.122850,-1.437870,ndi
1786504370.719111,52.983461,-0.022910,-0.122860,-1.437840,ndi
1786504370.736620,53.000970,-0.022940,-0.122860,-1.437820,ndi
1786504370.751626,53.015976,-0.022920,-0.122860,-1.437820,ndi
1786504370.769068,53.033418,-0.022920,-0.122860,-1.437810,ndi
1786504370.786605,53.050955,-0.022920,-0.122870,-1.437780,ndi
1786504370.801708,53.066058,-0.022920,-0.122870,-1.437800,ndi
1786504370.819144,53.083494,-0.022930,-0.122870,-1.437750,ndi
1786504370.836687,53.101037,-0.022920,-0.122880,-1.437760,ndi
1786504370.851641,53.115991,-0.022940,-0.122890,-1.437730,ndi
1786504370.869059,53.133409,-0.022920,-0.122900,-1.437710,ndi
1786504370.886610,53.150959,-0.022930,-0.122890,-1.437680,ndi
1786504370.901682,53.166032,-0.022940,-0.122890,-1.437670,ndi
1786504370.919104,53.183454,-0.022930,-0.122910,-1.437670,ndi
1786504370.936626,53.200976,-0.022940,-0.122910,-1.437610,ndi
1786504370.951586,53.215935,-0.022920,-0.122910,-1.437610,ndi
1786504370.969075,53.233425,-0.022930,-0.122910,-1.437610,ndi
1786504370.986608,53.250958,-0.022920,-0.122930,-1.437590,ndi
1786504371.001691,53.266041,-0.022930,-0.122930,-1.437580,ndi
1786504371.019278,53.283628,-0.022920,-0.122920,-1.437560,ndi
1786504371.036693,53.301043,-0.022920,-0.122930,-1.437550,ndi
1786504371.054267,53.318617,-0.022930,-0.122940,-1.437520,ndi
1786504371.069060,53.333410,-0.022930,-0.122930,-1.437510,ndi
1786504371.086611,53.350961,-0.022940,-0.122920,-1.437510,ndi
1786504371.101742,53.366091,-0.022920,-0.122930,-1.437500,ndi
1786504371.119145,53.383495,-0.022930,-0.122940,-1.437480,ndi
1786504371.136623,53.400973,-0.022930,-0.122940,-1.437470,ndi
1786504371.151892,53.416242,-0.022910,-0.122940,-1.437470,ndi
1786504371.169126,53.433476,-0.022910,-0.122950,-1.437430,ndi
1786504371.186599,53.450948,-0.022900,-0.122950,-1.437420,ndi
1786504371.204313,53.468663,-0.022910,-0.122940,-1.437380,ndi
1786504371.219315,53.483665,-0.022900,-0.122950,-1.437370,ndi
1786504371.236896,53.501246,-0.022900,-0.122960,-1.437340,ndi
1786504371.252047,53.516397,-0.022890,-0.122960,-1.437340,ndi
1786504371.269076,53.533426,-0.022910,-0.122950,-1.437320,ndi
1786504371.286587,53.550936,-0.022910,-0.122960,-1.437260,ndi
1786504371.301704,53.566054,-0.022890,-0.122970,-1.437250,ndi
1786504371.319078,53.583428,-0.022910,-0.122970,-1.437210,ndi
1786504371.336556,53.600906,-0.022900,-0.122970,-1.437190,ndi
1786504371.351756,53.616106,-0.022900,-0.122970,-1.437150,ndi
1786504371.369097,53.633447,-0.022870,-0.122990,-1.437130,ndi
1786504371.386557,53.650907,-0.022880,-0.122980,-1.437100,ndi
1786504371.401677,53.666027,-0.022880,-0.122970,-1.437070,ndi
1786504371.419123,53.683473,-0.022870,-0.122990,-1.437060,ndi
1786504371.436807,53.701157,-0.022880,-0.122990,-1.437020,ndi
1786504371.454113,53.718463,-0.022870,-0.122990,-1.437020,ndi
1786504371.469101,53.733451,-0.022870,-0.122980,-1.437010,ndi
1786504371.486605,53.750955,-0.022860,-0.123000,-1.436970,ndi
1786504371.501762,53.766112,-0.022850,-0.123000,-1.436950,ndi
1786504371.519162,53.783512,-0.022850,-0.123000,-1.436930,ndi
1786504371.536725,53.801075,-0.022830,-0.123010,-1.436880,ndi
1786504371.554163,53.818513,-0.022840,-0.123030,-1.436840,ndi
1786504371.569137,53.833487,-0.022830,-0.123030,-1.436830,ndi
1786504371.586568,53.850918,-0.022830,-0.123020,-1.436820,ndi
1786504371.601694,53.866044,-0.022820,-0.123020,-1.436810,ndi
1786504371.619098,53.883448,-0.022830,-0.123040,-1.436760,ndi
1786504371.636628,53.900978,-0.022820,-0.123050,-1.436750,ndi
1786504371.651761,53.916111,-0.022830,-0.123030,-1.436720,ndi
1786504371.669202,53.933552,-0.022830,-0.123030,-1.436700,ndi
1786504371.686611,53.950961,-0.022820,-0.123060,-1.436670,ndi
1786504371.701685,53.966035,-0.022830,-0.123050,-1.436650,ndi
1786504371.719259,53.983609,-0.022810,-0.123040,-1.436630,ndi
1786504371.736606,54.000956,-0.022800,-0.123040,-1.436620,ndi
1786504371.751981,54.016331,-0.022810,-0.123070,-1.436600,ndi
1786504371.769078,54.033428,-0.022800,-0.123070,-1.436580,ndi
1786504371.786624,54.050974,-0.022820,-0.123040,-1.436550,ndi
1786504371.801804,54.066154,-0.022790,-0.123060,-1.436560,ndi
1786504371.819123,54.083473,-0.022810,-0.123080,-1.436510,ndi
1786504371.836666,54.101016,-0.022800,-0.123070,-1.436520,ndi
1786504371.851749,54.116099,-0.022810,-0.123050,-1.436520,ndi
1786504371.869112,54.133462,-0.022800,-0.123070,-1.436480,ndi
1786504371.886610,54.150959,-0.022800,-0.123100,-1.436460,ndi
1786504371.901768,54.166118,-0.022810,-0.123080,-1.436450,ndi
1786504371.919145,54.183495,-0.022800,-0.123070,-1.436460,ndi
1786504371.936688,54.201038,-0.022790,-0.123090,-1.436430,ndi
1786504371.954230,54.218580,-0.022790,-0.123100,-1.436420,ndi
1786504371.969119,54.233469,-0.022790,-0.123090,-1.436420,ndi
1786504371.986630,54.250980,-0.022790,-0.123090,-1.436440,ndi
1786504372.001792,54.266142,-0.022780,-0.123100,-1.436410,ndi
1786504372.019166,54.283516,-0.022780,-0.123100,-1.436380,ndi
1786504372.036810,54.301160,-0.022780,-0.123090,-1.436390,ndi
1786504372.051991,54.316341,-0.022790,-0.123090,-1.436380,ndi
1786504372.069080,54.333430,-0.022780,-0.123100,-1.436370,ndi
1786504372.086640,54.350990,-0.022790,-0.123100,-1.436340,ndi
1786504372.101799,54.366149,-0.022790,-0.123090,-1.436360,ndi
1786504372.119124,54.383474,-0.022790,-0.123100,-1.436340,ndi
1786504372.136813,54.401163,-0.022780,-0.123110,-1.436340,ndi
1786504372.152020,54.416370,-0.022770,-0.123100,-1.436320,ndi
1786504372.169099,54.433449,-0.022790,-0.123090,-1.436300,ndi
1786504372.186643,54.450993,-0.022770,-0.123110,-1.436320,ndi
1786504372.204175,54.468525,-0.022770,-0.123110,-1.436300,ndi
1786504372.219266,54.483616,-0.022770,-0.123100,-1.436280,ndi
1786504372.236781,54.501131,-0.022780,-0.123100,-1.436300,ndi
1786504372.254188,54.518538,-0.022780,-0.123120,-1.436260,ndi
1786504372.269117,54.533467,-0.022770,-0.123120,-1.436280,ndi
1786504372.286680,54.551030,-0.022770,-0.123090,-1.436270,ndi
1786504372.301771,54.566121,-0.022760,-0.123090,-1.436270,ndi
1786504372.319174,54.583524,-0.022750,-0.123120,-1.436250,ndi
1786504372.336836,54.601186,-0.022730,-0.123100,-1.436250,ndi
1786504372.354283,54.618633,-0.022730,-0.123070,-1.436220,ndi
1786504372.369128,54.633478,-0.022740,-0.123090,-1.436230,ndi
1786504372.386649,54.650999,-0.022720,-0.123120,-1.436200,ndi
1786504372.401818,54.666168,-0.022730,-0.123100,-1.436180,ndi
1786504372.419193,54.683543,-0.022720,-0.123080,-1.436190,ndi
1786504372.436703,54.701053,-0.022740,-0.123090,-1.436200,ndi
1786504372.452015,54.716365,-0.022720,-0.123120,-1.436150,ndi
1786504372.469127,54.733477,-0.022730,-0.123100,-1.436160,ndi
1786504372.486649,54.750999,-0.022730,-0.123080,-1.436150,ndi
1786504372.501745,54.766095,-0.022720,-0.123100,-1.436130,ndi
1786504372.519299,54.783648,-0.022720,-0.123120,-1.436110,ndi
1786504372.536767,54.801117,-0.022710,-0.123090,-1.436120,ndi
1786504372.551807,54.816157,-0.022720,-0.123080,-1.436110,ndi
1786504372.569092,54.833442,-0.022700,-0.123110,-1.436100,ndi
1786504372.586639,54.850989,-0.022700,-0.123120,-1.436090,ndi
1786504372.601770,54.866120,-0.022700,-0.123090,-1.436090,ndi
1786504372.619266,54.883616,-0.022690,-0.123080,-1.436090,ndi
1786504372.636700,54.901050,-0.022710,-0.123100,-1.436070,ndi
1786504372.651766,54.916116,-0.022700,-0.123110,-1.436070,ndi
1786504372.669132,54.933482,-0.022710,-0.123090,-1.436080,ndi
1786504372.686611,54.950961,-0.022710,-0.123080,-1.436080,ndi
1786504372.701627,54.965977,-0.022700,-0.123110,-1.436070,ndi
1786504372.719193,54.983543,-0.022690,-0.123110,-1.436030,ndi
1786504372.736727,55.001077,-0.022690,-0.123080,-1.436050,ndi
1786504372.754065,55.018415,-0.022690,-0.123080,-1.436020,ndi
1786504372.769115,55.033465,-0.022680,-0.123100,-1.436050,ndi
1786504372.786634,55.050984,-0.022690,-0.123100,-1.436040,ndi
1786504372.801770,55.066120,-0.022670,-0.123080,-1.436030,ndi
1786504372.819225,55.083575,-0.022690,-0.123070,-1.436000,ndi
1786504372.836795,55.101145,-0.022690,-0.123100,-1.435990,ndi
1786504372.854266,55.118616,-0.022680,-0.123090,-1.436000,ndi
1786504372.869097,55.133447,-0.022680,-0.123070,-1.435990,ndi
1786504372.886601,55.150951,-0.022680,-0.123070,-1.435970,ndi
1786504372.901816,55.166166,-0.022670,-0.123090,-1.435960,ndi
1786504372.919236,55.183586,-0.022660,-0.123080,-1.435960,ndi
1786504372.936632,55.200982,-0.022670,-0.123060,-1.435980,ndi
1786504372.951852,55.216202,-0.022650,-0.123070,-1.435950,ndi
1786504372.969114,55.233464,-0.022650,-0.123080,-1.435940,ndi
1786504372.986590,55.250940,-0.022660,-0.123070,-1.435960,ndi
1786504373.004235,55.268584,-0.022640,-0.123050,-1.435960,ndi
1786504373.019252,55.283602,-0.022660,-0.123060,-1.435940,ndi
1786504373.036791,55.301141,-0.022650,-0.123070,-1.435940,ndi
1786504373.051877,55.316226,-0.022650,-0.123060,-1.435950,ndi
1786504373.069156,55.333506,-0.022640,-0.123050,-1.435960,ndi
1786504373.086589,55.350939,-0.022640,-0.123050,-1.435950,ndi
1786504373.101810,55.366159,-0.022640,-0.123050,-1.435950,ndi
1786504373.119212,55.383562,-0.022630,-0.123050,-1.435940,ndi
1786504373.136832,55.401181,-0.022640,-0.123050,-1.435960,ndi
1786504373.151836,55.416186,-0.022620,-0.123050,-1.435940,ndi
1786504373.169132,55.433482,-0.022630,-0.123050,-1.435940,ndi
1786504373.186625,55.450975,-0.022630,-0.123050,-1.435940,ndi
1786504373.204166,55.468516,-0.022630,-0.123040,-1.435960,ndi
1786504373.219189,55.483539,-0.022640,-0.123040,-1.435960,ndi
1786504373.236692,55.501042,-0.022640,-0.123050,-1.435970,ndi
1786504373.251833,55.516183,-0.022650,-0.123040,-1.435950,ndi
1786504373.269110,55.533460,-0.022630,-0.123040,-1.435950,ndi
1786504373.286588,55.550938,-0.022640,-0.123040,-1.435950,ndi
1786504373.301823,55.566173,-0.022630,-0.123040,-1.435960,ndi
1786504373.319358,55.583708,-0.022630,-0.123040,-1.435950,ndi
1786504373.336785,55.601135,-0.022630,-0.123040,-1.435950,ndi
1786504373.351743,55.616093,-0.022610,-0.123040,-1.435960,ndi
1786504373.369142,55.633492,-0.022640,-0.123030,-1.435940,ndi
1786504373.386650,55.651000,-0.022630,-0.123040,-1.435950,ndi
1786504373.404249,55.668599,-0.022650,-0.123040,-1.435970,ndi
1786504373.419319,55.683669,-0.022630,-0.123040,-1.435960,ndi
1786504373.436832,55.701182,-0.022630,-0.123040,-1.435970,ndi
1786504373.452026,55.716376,-0.022640,-0.123050,-1.435940,ndi
1786504373.469113,55.733463,-0.022640,-0.123040,-1.435950,ndi
1786504373.486601,55.750951,-0.022640,-0.123030,-1.435950,ndi
1786504373.501827,55.766176,-0.022620,-0.123040,-1.435980,ndi
1786504373.519346,55.783696,-0.022630,-0.123050,-1.435950,ndi
1786504373.536844,55.801194,-0.022630,-0.123030,-1.435940,ndi
1786504373.551785,55.816135,-0.022620,-0.123040,-1.435960,ndi
1786504373.569113,55.833463,-0.022630,-0.123040,-1.435970,ndi
1786504373.586635,55.850985,-0.022620,-0.123050,-1.435970,ndi
1786504373.604162,55.868511,-0.022650,-0.123030,-1.435920,ndi
1786504373.619172,55.883522,-0.022640,-0.123040,-1.435940,ndi
1786504373.636770,55.901120,-0.022640,-0.123050,-1.435930,ndi
1786504373.651868,55.916218,-0.022630,-0.123040,-1.435930,ndi
1786504373.669127,55.933477,-0.022650,-0.123020,-1.435950,ndi
1786504373.686589,55.950939,-0.022630,-0.123030,-1.435940,ndi
1786504373.704135,55.968485,-0.022620,-0.123050,-1.435940,ndi
1786504373.719111,55.983461,-0.022630,-0.123050,-1.435950,ndi
1786504373.736653,56.001003,-0.022620,-0.123030,-1.435970,ndi
1786504373.751913,56.016263,-0.022640,-0.123030,-1.435950,ndi
1786504373.769120,56.033470,-0.022620,-0.123050,-1.435960,ndi
1786504373.786633,56.050983,-0.022630,-0.123040,-1.435970,ndi
1786504373.801771,56.066121,-0.022640,-0.123020,-1.435950,ndi
1786504373.819151,56.083501,-0.022640,-0.123040,-1.435970,ndi
1786504373.836660,56.101010,-0.022640,-0.123060,-1.435980,ndi
1786504373.854319,56.118669,-0.022630,-0.123040,-1.435990,ndi
1786504373.869110,56.133460,-0.022650,-0.123020,-1.436000,ndi
1786504373.886645,56.150995,-0.022620,-0.123040,-1.435980,ndi
1786504373.904176,56.168526,-0.022630,-0.123060,-1.436000,ndi
1786504373.919168,56.183518,-0.022630,-0.123040,-1.435950,ndi
1786504373.936669,56.201019,-0.022620,-0.123020,-1.435980,ndi
1786504373.952055,56.216405,-0.022640,-0.123030,-1.435980,ndi
1786504373.969133,56.233483,-0.022630,-0.123050,-1.435990,ndi
1786504373.986629,56.250978,-0.022640,-0.123030,-1.435980,ndi
1786504374.004266,56.268615,-0.022630,-0.123030,-1.436010,ndi
1786504374.019288,56.283638,-0.022640,-0.123040,-1.435980,ndi
1786504374.036776,56.301126,-0.022650,-0.123050,-1.435980,ndi
1786504374.051826,56.316175,-0.022630,-0.123040,-1.436010,ndi
1786504374.069102,56.333452,-0.022650,-0.123020,-1.436000,ndi
1786504374.086657,56.351007,-0.022630,-0.123040,-1.435990,ndi
1786504374.104174,56.368524,-0.022630,-0.123040,-1.435970,ndi
1786504374.119196,56.383546,-0.022630,-0.123030,-1.435990,ndi
1786504374.136674,56.401024,-0.022630,-0.123030,-1.435980,ndi
1786504374.151695,56.416045,-0.022630,-0.123040,-1.435990,ndi
1786504374.169216,56.433566,-0.022640,-0.123040,-1.435990,ndi
1786504374.186636,56.450986,-0.022650,-0.123030,-1.435990,ndi
1786504374.201844,56.466194,-0.022630,-0.123030,-1.436000,ndi
1786504374.219221,56.483571,-0.022640,-0.123050,-1.435990,ndi
1786504374.236704,56.501054,-0.022630,-0.123040,-1.436000,ndi
1786504374.251719,56.516069,-0.022650,-0.123030,-1.435980,ndi
1786504374.269158,56.533508,-0.022630,-0.123030,-1.435970,ndi
1786504374.286620,56.550970,-0.022630,-0.123050,-1.435990,ndi
1786504374.301730,56.566080,-0.022630,-0.123030,-1.435970,ndi
1786504374.319217,56.583567,-0.022630,-0.123030,-1.435980,ndi
1786504374.336881,56.601231,-0.022630,-0.123040,-1.435980,ndi
1786504374.351906,56.616256,-0.022620,-0.123050,-1.435990,ndi
1786504374.369158,56.633508,-0.022640,-0.123030,-1.435980,ndi
1786504374.386672,56.651022,-0.022640,-0.123030,-1.436000,ndi
1786504374.401657,56.666007,-0.022630,-0.123040,-1.435990,ndi
1786504374.419153,56.683503,-0.022640,-0.123050,-1.435990,ndi
1786504374.436698,56.701048,-0.022640,-0.123030,-1.436010,ndi
1786504374.451685,56.716035,-0.022650,-0.123020,-1.435990,ndi
1786504374.469177,56.733527,-0.022620,-0.123040,-1.436020,ndi
1786504374.486722,56.751071,-0.022640,-0.123040,-1.436010,ndi
1786504374.501704,56.766054,-0.022620,-0.123030,-1.436030,ndi
1786504374.519195,56.783545,-0.022620,-0.123030,-1.436020,ndi
1786504374.536711,56.801061,-0.022630,-0.123040,-1.436000,ndi
1786504374.551715,56.816065,-0.022630,-0.123040,-1.436010,ndi
1786504374.569269,56.833619,-0.022640,-0.123020,-1.435990,ndi
1786504374.586718,56.851068,-0.022630,-0.123030,-1.436000,ndi
1786504374.601689,56.866039,-0.022650,-0.123040,-1.436020,ndi
1786504374.619332,56.883682,-0.022640,-0.123030,-1.436010,ndi
1786504374.636860,56.901210,-0.022640,-0.123020,-1.436000,ndi
1786504374.651825,56.916175,-0.022650,-0.123030,-1.435990,ndi
1786504374.669132,56.933482,-0.022630,-0.123040,-1.436000,ndi
1786504374.686683,56.951033,-0.022640,-0.123030,-1.435970,ndi
1786504374.704171,56.968521,-0.022630,-0.123020,-1.436000,ndi
1786504374.719209,56.983559,-0.022640,-0.123030,-1.435990,ndi
1786504374.736878,57.001228,-0.022630,-0.123040,-1.435990,ndi
1786504374.752046,57.016396,-0.022630,-0.123030,-1.435960,ndi
1786504374.769166,57.033516,-0.022650,-0.123030,-1.435980,ndi
1786504374.786671,57.051021,-0.022640,-0.123030,-1.435980,ndi
1786504374.804250,57.068599,-0.022650,-0.123030,-1.435980,ndi
1786504374.819245,57.083595,-0.022640,-0.123030,-1.435990,ndi
1786504374.836853,57.101202,-0.022640,-0.123020,-1.435960,ndi
1786504374.851907,57.116256,-0.022630,-0.123030,-1.435980,ndi
1786504374.869178,57.133528,-0.022640,-0.123040,-1.435970,ndi
1786504374.886660,57.151010,-0.022630,-0.123030,-1.436000,ndi
1786504374.904216,57.168566,-0.022630,-0.123030,-1.435990,ndi
1786504374.919200,57.183550,-0.022640,-0.123030,-1.436010,ndi
1786504374.936682,57.201032,-0.022630,-0.123030,-1.436000,ndi
1786504374.954289,57.218639,-0.022640,-0.123030,-1.436000,ndi
1786504374.969212,57.233562,-0.022640,-0.123030,-1.435990,ndi
1786504374.986709,57.251059,-0.022650,-0.123040,-1.435990,ndi
1786504375.001704,57.266053,-0.022640,-0.123030,-1.435990,ndi
1786504375.019247,57.283597,-0.022640,-0.123030,-1.436000,ndi
1786504375.036657,57.301007,-0.022650,-0.123030,-1.435990,ndi
1786504375.051867,57.316217,-0.022630,-0.123040,-1.436010,ndi
1786504375.069181,57.333531,-0.022640,-0.123040,-1.435980,ndi
1786504375.086683,57.351033,-0.022620,-0.123040,-1.436000,ndi
1786504375.101772,57.366122,-0.022630,-0.123030,-1.435970,ndi
1786504375.119221,57.383571,-0.022630,-0.123040,-1.435990,ndi
1786504375.136713,57.401063,-0.022630,-0.123040,-1.436000,ndi
1786504375.154287,57.418637,-0.022630,-0.123030,-1.435990,ndi
1786504375.169177,57.433527,-0.022630,-0.123030,-1.436010,ndi
1786504375.186709,57.451059,-0.022650,-0.123040,-1.435990,ndi
1786504375.201735,57.466085,-0.022640,-0.123030,-1.436010,ndi
1786504375.219171,57.483521,-0.022650,-0.123030,-1.435990,ndi
1786504375.236671,57.501021,-0.022640,-0.123030,-1.435990,ndi
1786504375.251670,57.516020,-0.022620,-0.123030,-1.435980,ndi
1786504375.269144,57.533494,-0.022640,-0.123030,-1.435970,ndi
1786504375.286663,57.551013,-0.022630,-0.123030,-1.435990,ndi
1786504375.301881,57.566231,-0.022650,-0.123030,-1.435980,ndi
1786504375.319319,57.583669,-0.022630,-0.123030,-1.435990,ndi
1786504375.336760,57.601110,-0.022640,-0.123030,-1.435990,ndi
1786504375.354324,57.618674,-0.022650,-0.123030,-1.436000,ndi
1786504375.369233,57.633583,-0.022650,-0.123030,-1.436000,ndi
1786504375.386711,57.651061,-0.022640,-0.123030,-1.435990,ndi
1786504375.404321,57.668671,-0.022640,-0.123040,-1.436010,ndi
1786504375.419321,57.683671,-0.022650,-0.123030,-1.436000,ndi
1786504375.436813,57.701163,-0.022640,-0.123030,-1.436010,ndi
1786504375.454335,57.718685,-0.022640,-0.123030,-1.436000,ndi
1786504375.469170,57.733520,-0.022620,-0.123040,-1.436000,ndi
1786504375.486654,57.751004,-0.022630,-0.123030,-1.436000,ndi
1786504375.504405,57.768755,-0.022640,-0.123020,-1.436000,ndi
1786504375.519358,57.783708,-0.022640,-0.123030,-1.435990,ndi
1786504375.536912,57.801262,-0.022640,-0.123040,-1.435990,ndi
1786504375.551935,57.816285,-0.022640,-0.123030,-1.436020,ndi
1786504375.569250,57.833600,-0.022650,-0.123020,-1.436000,ndi
1786504375.586678,57.851028,-0.022640,-0.123030,-1.435990,ndi
1786504375.604329,57.868679,-0.022640,-0.123040,-1.436000,ndi
1786504375.619318,57.883668,-0.022650,-0.123030,-1.435980,ndi
1786504375.636749,57.901099,-0.022630,-0.123020,-1.436000,ndi
1786504375.651830,57.916180,-0.022640,-0.123020,-1.435990,ndi
1786504375.669198,57.933548,-0.022630,-0.123040,-1.436010,ndi
1786504375.686670,57.951020,-0.022640,-0.123030,-1.436010,ndi
1786504375.701715,57.966065,-0.022630,-0.123020,-1.435980,ndi
1786504375.719203,57.983553,-0.022640,-0.123030,-1.436000,ndi
1786504375.736717,58.001067,-0.022640,-0.123040,-1.436010,ndi
1786504375.751749,58.016099,-0.022630,-0.123030,-1.436000,ndi
1786504375.769304,58.033653,-0.022650,-0.123010,-1.436000,ndi
1786504375.786681,58.051031,-0.022640,-0.123030,-1.436010,ndi
1786504375.801724,58.066074,-0.022650,-0.123040,-1.435990,ndi
1786504375.819364,58.083714,-0.022640,-0.123030,-1.435980,ndi
1786504375.836870,58.101220,-0.022640,-0.123010,-1.435990,ndi
1786504375.851996,58.116346,-0.022640,-0.123030,-1.436010,ndi
1786504375.869194,58.133544,-0.022630,-0.123050,-1.436010,ndi
1786504375.886679,58.151029,-0.022640,-0.123020,-1.435990,ndi
1786504375.901866,58.166216,-0.022630,-0.123010,-1.436000,ndi
1786504375.919349,58.183699,-0.022650,-0.123030,-1.435990,ndi
1786504375.936786,58.201136,-0.022630,-0.123050,-1.436010,ndi
1786504375.951756,58.216105,-0.022630,-0.123030,-1.436000,ndi
1786504375.969196,58.233546,-0.022650,-0.123010,-1.435970,ndi
1786504375.986714,58.251064,-0.022650,-0.123030,-1.436000,ndi
1786504376.004164,58.268514,-0.022650,-0.123040,-1.436000,ndi
1786504376.019159,58.283509,-0.022650,-0.123030,-1.436000,ndi
1786504376.036792,58.301142,-0.022640,-0.123010,-1.435990,ndi
1786504376.051923,58.316273,-0.022640,-0.123030,-1.436000,ndi
1786504376.069164,58.333514,-0.022640,-0.123050,-1.436000,ndi
1786504376.086684,58.351034,-0.022630,-0.123020,-1.436000,ndi
1786504376.101695,58.366045,-0.022630,-0.123010,-1.436010,ndi
1786504376.119346,58.383696,-0.022650,-0.123030,-1.436010,ndi
1786504376.136765,58.401115,-0.022650,-0.123050,-1.436000,ndi
1786504376.151885,58.416234,-0.022650,-0.123020,-1.435990,ndi
1786504376.169212,58.433562,-0.022630,-0.123020,-1.436010,ndi
1786504376.186686,58.451036,-0.022650,-0.123030,-1.436000,ndi
1786504376.201686,58.466036,-0.022650,-0.123040,-1.436000,ndi
1786504376.219167,58.483516,-0.022630,-0.123020,-1.436000,ndi
1786504376.236770,58.501120,-0.022640,-0.123010,-1.435980,ndi
1786504376.251665,58.516015,-0.022630,-0.123040,-1.436000,ndi
1786504376.269198,58.533548,-0.022640,-0.123040,-1.435990,ndi
1786504376.286679,58.551029,-0.022630,-0.123020,-1.436000,ndi
1786504376.301672,58.566022,-0.022630,-0.123010,-1.435990,ndi
1786504376.319188,58.583538,-0.022640,-0.123030,-1.436000,ndi
1786504376.336684,58.601034,-0.022650,-0.123040,-1.435990,ndi
1786504376.354300,58.618649,-0.022650,-0.123020,-1.435990,ndi
1786504376.369207,58.633557,-0.022640,-0.123020,-1.436010,ndi
1786504376.386749,58.651099,-0.022660,-0.123030,-1.436000,ndi
1786504376.401746,58.666095,-0.022640,-0.123040,-1.436010,ndi
1786504376.419257,58.683607,-0.022640,-0.123030,-1.436000,ndi
1786504376.436936,58.701286,-0.022630,-0.123030,-1.436020,ndi
1786504376.451929,58.716279,-0.022630,-0.123030,-1.436010,ndi
1786504376.469195,58.733545,-0.022650,-0.123030,-1.436000,ndi
1786504376.486658,58.751008,-0.022630,-0.123030,-1.436000,ndi
1786504376.501727,58.766077,-0.022640,-0.123020,-1.436010,ndi
1786504376.519214,58.783564,-0.022630,-0.123030,-1.436020,ndi
1786504376.536744,58.801094,-0.022650,-0.123030,-1.436000,ndi
1786504376.551743,58.816093,-0.022640,-0.123030,-1.435980,ndi
1786504376.569158,58.833508,-0.022640,-0.123030,-1.436000,ndi
1786504376.586651,58.851001,-0.022650,-0.123020,-1.435990,ndi
1786504376.601629,58.865979,-0.022650,-0.123040,-1.436000,ndi
1786504376.619163,58.883513,-0.022650,-0.123040,-1.436000,ndi
1786504376.636808,58.901158,-0.022630,-0.123030,-1.436000,ndi
1786504376.654345,58.918695,-0.022640,-0.123030,-1.436000,ndi
1786504376.669209,58.933559,-0.022630,-0.123030,-1.436010,ndi
1786504376.686673,58.951023,-0.022640,-0.123030,-1.436030,ndi
1786504376.701718,58.966068,-0.022650,-0.123020,-1.436000,ndi
1786504376.719198,58.983547,-0.022650,-0.123030,-1.436010,ndi
1786504376.736727,59.001077,-0.022650,-0.123030,-1.435980,ndi
1786504376.754323,59.018673,-0.022640,-0.123030,-1.436010,ndi
1786504376.769201,59.033551,-0.022650,-0.123030,-1.436000,ndi
1786504376.786735,59.051085,-0.022640,-0.123020,-1.435990,ndi
1786504376.804184,59.068534,-0.022630,-0.123030,-1.436000,ndi
1786504376.819238,59.083588,-0.022640,-0.123040,-1.436000,ndi
1786504376.836652,59.101002,-0.022630,-0.123020,-1.436000,ndi
1786504376.851947,59.116297,-0.022640,-0.123020,-1.436010,ndi
1786504376.869203,59.133553,-0.022620,-0.123040,-1.436020,ndi
1786504376.886675,59.151025,-0.022640,-0.123040,-1.436000,ndi
1786504376.901875,59.166224,-0.022640,-0.123030,-1.436010,ndi
1786504376.919335,59.183685,-0.022650,-0.123020,-1.436020,ndi
1786504376.936778,59.201128,-0.022650,-0.123040,-1.436000,ndi
1786504376.951772,59.216122,-0.022640,-0.123040,-1.436010,ndi
1786504376.969202,59.233552,-0.022650,-0.123020,-1.436000,ndi
1786504376.986682,59.251032,-0.022650,-0.123030,-1.436020,ndi
1786504377.001713,59.266063,-0.022640,-0.123040,-1.436000,ndi
1786504377.019244,59.283594,-0.022640,-0.123030,-1.435990,ndi
1786504377.036754,59.301104,-0.022650,-0.123020,-1.436010,ndi
1786504377.054343,59.318693,-0.022630,-0.123020,-1.435990,ndi
1786504377.069199,59.333549,-0.022640,-0.123040,-1.436000,ndi
1786504377.086685,59.351035,-0.022640,-0.123030,-1.436020,ndi
1786504377.101762,59.366112,-0.022630,-0.123020,-1.436010,ndi
1786504377.119256,59.383605,-0.022650,-0.123020,-1.435990,ndi
1786504377.136716,59.401066,-0.022640,-0.123040,-1.436000,ndi
1786504377.151875,59.416225,-0.022650,-0.123020,-1.436000,ndi
1786504377.169174,59.433524,-0.022650,-0.123020,-1.436000,ndi
1786504377.186674,59.451024,-0.022660,-0.123030,-1.436000,ndi
1786504377.201746,59.466096,-0.022640,-0.123030,-1.435990,ndi
1786504377.219292,59.483642,-0.022630,-0.123030,-1.436020,ndi
1786504377.236750,59.501100,-0.022640,-0.123020,-1.436010,ndi
1786504377.254293,59.518643,-0.022630,-0.123030,-1.436030,ndi
1786504377.269216,59.533566,-0.022650,-0.123030,-1.436000,ndi
1786504377.286696,59.551046,-0.022640,-0.123020,-1.436010,ndi
1786504377.301791,59.566141,-0.022640,-0.123020,-1.436000,ndi
1786504377.319306,59.583656,-0.022660,-0.123030,-1.435990,ndi
1786504377.336828,59.601178,-0.022640,-0.123030,-1.436020,ndi
1786504377.351915,59.616265,-0.022650,-0.123020,-1.436010,ndi
1786504377.369156,59.633506,-0.022650,-0.123030,-1.436000,ndi
1786504377.386749,59.651099,-0.022640,-0.123020,-1.436000,ndi
1786504377.404307,59.668657,-0.022640,-0.123030,-1.436000,ndi
1786504377.419317,59.683667,-0.022640,-0.123030,-1.436000,ndi
1786504377.436773,59.701123,-0.022640,-0.123030,-1.436020,ndi
1786504377.454311,59.718661,-0.022630,-0.123030,-1.436020,ndi
1786504377.469184,59.733534,-0.022640,-0.123030,-1.435990,ndi
1786504377.486742,59.751092,-0.022640,-0.123030,-1.436010,ndi
1786504377.501762,59.766112,-0.022660,-0.123030,-1.436000,ndi
1786504377.519302,59.783652,-0.022650,-0.123030,-1.436000,ndi
1786504377.536779,59.801129,-0.022650,-0.123030,-1.436020,ndi
1786504377.551907,59.816257,-0.022660,-0.123030,-1.436010,ndi
1786504377.569159,59.833509,-0.022650,-0.123030,-1.436020,ndi
1786504377.586679,59.851029,-0.022640,-0.123020,-1.436010,ndi
1786504377.604311,59.868660,-0.022630,-0.123020,-1.436000,ndi
1786504377.619255,59.883605,-0.022650,-0.123030,-1.436000,ndi
1786504377.636862,59.901212,-0.022630,-0.123030,-1.436000,ndi
1786504377.651882,59.916232,-0.022640,-0.123030,-1.436020,ndi
1786504377.669192,59.933542,-0.022640,-0.123030,-1.436010,ndi
1786504377.686712,59.951061,-0.022640,-0.123030,-1.436000,ndi
1786504377.704334,59.968684,-0.022650,-0.123030,-1.436000,ndi
1786504377.719379,59.983729,-0.022640,-0.123030,-1.436020,ndi
1786504377.736792,60.001142,-0.022660,-0.123020,-1.436010,ndi
1786504377.751801,60.016151,-0.022640,-0.123020,-1.436010,ndi
1786504377.769162,60.033512,-0.022650,-0.123030,-1.436010,ndi
1786504377.787668,60.052018,-0.022640,-0.123020,-1.436000,ndi
1786504377.801811,60.066161,-0.022640,-0.123020,-1.436010,ndi
1786504377.819322,60.083672,-0.022640,-0.123020,-1.436000,ndi
1786504377.836823,60.101173,-0.022620,-0.123030,-1.436000,ndi
1786504377.851907,60.116257,-0.022640,-0.123020,-1.436010,ndi
1786504377.869212,60.133562,-0.022630,-0.123020,-1.436020,ndi
1786504377.886709,60.151059,-0.022640,-0.123030,-1.435990,ndi
1786504377.901755,60.166105,-0.022660,-0.123030,-1.436000,ndi
1786504377.919259,60.183609,-0.022640,-0.123020,-1.436010,ndi
1786504377.936731,60.201081,-0.022650,-0.123020,-1.435990,ndi
1786504377.951689,60.216038,-0.022640,-0.123030,-1.436000,ndi
1786504377.969183,60.233533,-0.022660,-0.123030,-1.436010,ndi
1786504377.986801,60.251151,-0.022640,-0.123030,-1.436010,ndi
1786504378.001755,60.266105,-0.022640,-0.123030,-1.436040,ndi
1786504378.019266,60.283616,-0.022640,-0.123030,-1.436010,ndi
1786504378.036824,60.301173,-0.022640,-0.123030,-1.436010,ndi
1786504378.051866,60.316216,-0.022650,-0.123020,-1.436020,ndi
1786504378.069217,60.333567,-0.022630,-0.123030,-1.436020,ndi
1786504378.086734,60.351084,-0.022670,-0.123030,-1.436020,ndi
1786504378.101833,60.366183,-0.022650,-0.123040,-1.436010,ndi
1786504378.119281,60.383631,-0.022640,-0.123030,-1.436020,ndi
1786504378.136758,60.401108,-0.022650,-0.123020,-1.436020,ndi
1786504378.151742,60.416092,-0.022650,-0.123030,-1.436040,ndi
1786504378.169192,60.433542,-0.022650,-0.123040,-1.436040,ndi
1786504378.186941,60.451291,-0.022640,-0.123020,-1.436020,ndi
1786504378.204358,60.468708,-0.022640,-0.123020,-1.436010,ndi
1786504378.219378,60.483728,-0.022640,-0.123030,-1.436010,ndi
1786504378.236865,60.501215,-0.022640,-0.123030,-1.436020,ndi
1786504378.254305,60.518655,-0.022640,-0.123020,-1.436020,ndi
1786504378.269257,60.533607,-0.022650,-0.123020,-1.436010,ndi
1786504378.286749,60.551099,-0.022660,-0.123030,-1.436020,ndi
1786504378.301751,60.566101,-0.022630,-0.123040,-1.436030,ndi
1786504378.319254,60.583604,-0.022660,-0.123020,-1.436010,ndi
1786504378.336762,60.601112,-0.022650,-0.123020,-1.436020,ndi
1786504378.351702,60.616052,-0.022650,-0.123030,-1.436020,ndi
1786504378.369188,60.633538,-0.022640,-0.123030,-1.436000,ndi
1786504378.386723,60.651073,-0.022640,-0.123020,-1.436050,ndi
1786504378.401900,60.666250,-0.022650,-0.123020,-1.436030,ndi
1786504378.419373,60.683723,-0.022630,-0.123030,-1.436040,ndi
1786504378.436862,60.701212,-0.022640,-0.123030,-1.436030,ndi
1786504378.451888,60.716238,-0.022640,-0.123020,-1.436030,ndi
1786504378.469245,60.733595,-0.022640,-0.123020,-1.436030,ndi
1786504378.486757,60.751107,-0.022650,-0.123030,-1.436030,ndi
1786504378.504386,60.768736,-0.022640,-0.123030,-1.436030,ndi
1786504378.519343,60.783693,-0.022660,-0.123020,-1.436030,ndi
1786504378.536847,60.801197,-0.022650,-0.123030,-1.436040,ndi
1786504378.551847,60.816196,-0.022660,-0.123030,-1.436020,ndi
1786504378.569202,60.833552,-0.022640,-0.123030,-1.436030,ndi
1786504378.586747,60.851097,-0.022640,-0.123020,-1.436020,ndi
1786504378.601788,60.866138,-0.022640,-0.123020,-1.436030,ndi
1786504378.619276,60.883626,-0.022640,-0.123030,-1.436020,ndi
1786504378.636821,60.901170,-0.022640,-0.123030,-1.436010,ndi
1786504378.651794,60.916144,-0.022630,-0.123020,-1.436010,ndi
1786504378.669204,60.933554,-0.022660,-0.123020,-1.436000,ndi
1786504378.686751,60.951101,-0.022650,-0.123040,-1.436030,ndi
1786504378.701731,60.966081,-0.022650,-0.123030,-1.436010,ndi
1786504378.719361,60.983711,-0.022660,-0.123020,-1.436020,ndi
1786504378.736770,61.001120,-0.022660,-0.123030,-1.436010,ndi
1786504378.751727,61.016077,-0.022650,-0.123030,-1.436020,ndi
1786504378.769225,61.033575,-0.022640,-0.123030,-1.436010,ndi
1786504378.786680,61.051030,-0.022650,-0.123010,-1.436000,ndi
1786504378.801755,61.066105,-0.022630,-0.123030,-1.436010,ndi
1786504378.819251,61.083601,-0.022640,-0.123040,-1.436020,ndi
1786504378.836748,61.101098,-0.022640,-0.123020,-1.436020,ndi
1786504378.851751,61.116101,-0.022650,-0.123020,-1.436020,ndi
1786504378.869231,61.133580,-0.022650,-0.123020,-1.435990,ndi
1786504378.886762,61.151112,-0.022650,-0.123040,-1.436020,ndi
1786504378.901771,61.166121,-0.022660,-0.123020,-1.436000,ndi
1786504378.919240,61.183590,-0.022640,-0.123020,-1.436000,ndi
1786504378.936723,61.201073,-0.022660,-0.123030,-1.436000,ndi
1786504378.951726,61.216076,-0.022640,-0.123030,-1.436010,ndi
1786504378.969271,61.233621,-0.022640,-0.123020,-1.436010,ndi
1786504378.986728,61.251078,-0.022640,-0.123020,-1.435980,ndi
1786504379.001780,61.266130,-0.022640,-0.123030,-1.436000,ndi
1786504379.019270,61.283620,-0.022650,-0.123030,-1.435990,ndi
1786504379.036751,61.301100,-0.022640,-0.123020,-1.436000,ndi
1786504379.051863,61.316213,-0.022650,-0.123020,-1.436000,ndi
1786504379.069212,61.333562,-0.022650,-0.123030,-1.436010,ndi
1786504379.086786,61.351136,-0.022650,-0.123030,-1.436000,ndi
1786504379.101730,61.366080,-0.022650,-0.123030,-1.435990,ndi
1786504379.119290,61.383640,-0.022640,-0.123020,-1.436020,ndi
1786504379.136747,61.401097,-0.022660,-0.123020,-1.436020,ndi
1786504379.151779,61.416129,-0.022640,-0.123030,-1.436010,ndi
1786504379.169217,61.433567,-0.022650,-0.123030,-1.436000,ndi
1786504379.186776,61.451126,-0.022640,-0.123030,-1.436020,ndi
1786504379.201831,61.466181,-0.022640,-0.123020,-1.436000,ndi
1786504379.219463,61.483813,-0.022650,-0.123030,-1.436020,ndi
1786504379.236796,61.501146,-0.022640,-0.123030,-1.436020,ndi
1786504379.251928,61.516278,-0.022650,-0.123020,-1.436010,ndi
1786504379.269242,61.533592,-0.022640,-0.123030,-1.436020,ndi
1786504379.286765,61.551115,-0.022650,-0.123030,-1.436020,ndi
1786504379.301788,61.566138,-0.022650,-0.123040,-1.436040,ndi
1786504379.319378,61.583728,-0.022650,-0.123020,-1.436040,ndi
1786504379.336823,61.601173,-0.022640,-0.123030,-1.436040,ndi
1786504379.354353,61.618703,-0.022640,-0.123030,-1.436040,ndi
1786504379.369267,61.633617,-0.022640,-0.123030,-1.436020,ndi
1786504379.386769,61.651119,-0.022630,-0.123020,-1.436020,ndi
1786504379.401824,61.666173,-0.022650,-0.123030,-1.436020,ndi
1786504379.419244,61.683594,-0.022620,-0.123040,-1.436030,ndi
1786504379.436800,61.701150,-0.022640,-0.123020,-1.436020,ndi
1786504379.452028,61.716377,-0.022660,-0.123020,-1.436030,ndi
1786504379.469274,61.733624,-0.022640,-0.123040,-1.436030,ndi
1786504379.486764,61.751114,-0.022650,-0.123030,-1.436020,ndi
1786504379.501936,61.766286,-0.022640,-0.123020,-1.436030,ndi
1786504379.519451,61.783801,-0.022650,-0.123020,-1.436000,ndi
1786504379.536952,61.801302,-0.022630,-0.123040,-1.436040,ndi
1786504379.554389,61.818739,-0.022640,-0.123030,-1.436030,ndi
1786504379.569249,61.833599,-0.022640,-0.123020,-1.436020,ndi
1786504379.586740,61.851090,-0.022640,-0.123030,-1.436040,ndi
1786504379.601884,61.866234,-0.022640,-0.123040,-1.436040,ndi
1786504379.619433,61.883783,-0.022620,-0.123030,-1.436020,ndi
1786504379.636929,61.901279,-0.022640,-0.123020,-1.436020,ndi
1786504379.654392,61.918741,-0.022650,-0.123040,-1.436030,ndi
1786504379.669287,61.933637,-0.022650,-0.123040,-1.436010,ndi
1786504379.686766,61.951116,-0.022650,-0.123030,-1.436030,ndi
1786504379.701823,61.966173,-0.022640,-0.123020,-1.436010,ndi
1786504379.719234,61.983584,-0.022660,-0.123030,-1.436040,ndi
1786504379.736833,62.001183,-0.022640,-0.123040,-1.436030,ndi
1786504379.754399,62.018749,-0.022640,-0.123030,-1.436020,ndi
1786504379.769264,62.033614,-0.022630,-0.123020,-1.436030,ndi
1786504379.786756,62.051105,-0.022640,-0.123030,-1.436030,ndi
1786504379.801850,62.066200,-0.022630,-0.123030,-1.436010,ndi
1786504379.819386,62.083735,-0.022640,-0.123030,-1.436030,ndi
1786504379.836772,62.101122,-0.022640,-0.123020,-1.436010,ndi
1786504379.851755,62.116105,-0.022640,-0.123030,-1.436020,ndi
1786504379.869278,62.133628,-0.022650,-0.123030,-1.436010,ndi
1786504379.886765,62.151115,-0.022640,-0.123030,-1.436020,ndi
1786504379.901843,62.166193,-0.022650,-0.123020,-1.436020,ndi
1786504379.919328,62.183678,-0.022660,-0.123030,-1.436020,ndi
1786504379.936904,62.201254,-0.022640,-0.123040,-1.436030,ndi
1786504379.951899,62.216249,-0.022650,-0.123030,-1.436030,ndi
1786504379.969277,62.233627,-0.022630,-0.123030,-1.436030,ndi
1786504379.986767,62.251117,-0.022640,-0.123030,-1.436030,ndi
1786504380.001766,62.266116,-0.022640,-0.123030,-1.436010,ndi
1786504380.019312,62.283662,-0.022650,-0.123030,-1.436040,ndi
1786504380.036783,62.301133,-0.022650,-0.123030,-1.436030,ndi
1786504380.051908,62.316258,-0.022650,-0.123030,-1.436020,ndi
1786504380.069268,62.333618,-0.022660,-0.123030,-1.436000,ndi
1786504380.086766,62.351116,-0.022660,-0.123030,-1.436030,ndi
1786504380.101849,62.366199,-0.022650,-0.123030,-1.436010,ndi
1786504380.119244,62.383594,-0.022630,-0.123030,-1.436030,ndi
1786504380.136797,62.401147,-0.022650,-0.123020,-1.436010,ndi
1786504380.151823,62.416173,-0.022640,-0.123030,-1.436040,ndi
1786504380.169270,62.433620,-0.022650,-0.123030,-1.436040,ndi
1786504380.186770,62.451120,-0.022640,-0.123020,-1.436010,ndi
1786504380.201806,62.466156,-0.022640,-0.123030,-1.436040,ndi
1786504380.219361,62.483711,-0.022640,-0.123030,-1.436030,ndi
1786504380.236938,62.501288,-0.022650,-0.123030,-1.436040,ndi
1786504380.251986,62.516336,-0.022660,-0.123030,-1.436030,ndi
1786504380.269263,62.533613,-0.022640,-0.123020,-1.436020,ndi
1786504380.286771,62.551121,-0.022660,-0.123030,-1.436020,ndi
1786504380.301854,62.566204,-0.022660,-0.123030,-1.436020,ndi
1786504380.319466,62.583816,-0.022640,-0.123030,-1.436020,ndi
1786504380.336958,62.601308,-0.022650,-0.123020,-1.436040,ndi
1786504380.354395,62.618745,-0.022640,-0.123030,-1.436040,ndi
1786504380.369260,62.633610,-0.022650,-0.123030,-1.436030,ndi
1786504380.386763,62.651113,-0.022630,-0.123030,-1.436050,ndi
1786504380.401878,62.666228,-0.022650,-0.123020,-1.436020,ndi
1786504380.419439,62.683789,-0.022640,-0.123020,-1.436010,ndi
1786504380.436968,62.701318,-0.022640,-0.123030,-1.436030,ndi
1786504380.451925,62.716275,-0.022660,-0.123020,-1.436000,ndi
1786504380.469266,62.733616,-0.022640,-0.123030,-1.436040,ndi
1786504380.486757,62.751107,-0.022670,-0.123030,-1.436010,ndi
1786504380.501744,62.766094,-0.022650,-0.123030,-1.436030,ndi
1786504380.519354,62.783704,-0.022640,-0.123030,-1.436030,ndi
1786504380.536848,62.801198,-0.022650,-0.123030,-1.436000,ndi
1786504380.551803,62.816153,-0.022630,-0.123030,-1.436030,ndi
1786504380.569260,62.833610,-0.022650,-0.123030,-1.436030,ndi
1786504380.586831,62.851181,-0.022640,-0.123030,-1.436010,ndi
1786504380.601757,62.866107,-0.022650,-0.123020,-1.436000,ndi
1786504380.619344,62.883693,-0.022650,-0.123030,-1.436030,ndi
1786504380.636920,62.901270,-0.022650,-0.123030,-1.436020,ndi
1786504380.651932,62.916282,-0.022660,-0.123030,-1.436020,ndi
1786504380.669251,62.933601,-0.022650,-0.123030,-1.436020,ndi
1786504380.686757,62.951107,-0.022660,-0.123020,-1.436000,ndi
1786504380.701770,62.966120,-0.022630,-0.123030,-1.436010,ndi
1786504380.719410,62.983760,-0.022650,-0.123030,-1.436020,ndi
1786504380.736917,63.001266,-0.022640,-0.123030,-1.436040,ndi
1786504380.754417,63.018767,-0.022650,-0.123020,-1.436010,ndi
1786504380.769287,63.033637,-0.022640,-0.123030,-1.436020,ndi
1786504380.786767,63.051117,-0.022640,-0.123030,-1.436040,ndi
1786504380.801761,63.066111,-0.022650,-0.123030,-1.436010,ndi
1786504380.819396,63.083746,-0.022650,-0.123020,-1.436020,ndi
1786504380.836915,63.101264,-0.022660,-0.123020,-1.436020,ndi
1786504380.851911,63.116261,-0.022650,-0.123030,-1.436040,ndi
1786504380.869250,63.133600,-0.022650,-0.123030,-1.436020,ndi
1786504380.886754,63.151104,-0.022650,-0.123020,-1.436020,ndi
1786504380.901932,63.166282,-0.022640,-0.123020,-1.436010,ndi
1786504380.919420,63.183770,-0.022650,-0.123040,-1.436020,ndi
1786504380.936900,63.201250,-0.022640,-0.123030,-1.436010,ndi
1786504380.951913,63.216263,-0.022640,-0.123010,-1.436010,ndi
1786504380.969258,63.233608,-0.022650,-0.123020,-1.436020,ndi
1786504380.986824,63.251174,-0.022650,-0.123030,-1.436010,ndi
1786504381.001839,63.266189,-0.022640,-0.123030,-1.436020,ndi
1786504381.019297,63.283647,-0.022660,-0.123020,-1.436010,ndi
1786504381.036857,63.301207,-0.022650,-0.123030,-1.436020,ndi
1786504381.051922,63.316272,-0.022650,-0.123040,-1.436030,ndi
1786504381.069245,63.333595,-0.022670,-0.123030,-1.436020,ndi
1786504381.086721,63.351071,-0.022650,-0.123020,-1.436030,ndi
1786504381.101791,63.366141,-0.022650,-0.123020,-1.436040,ndi
1786504381.119332,63.383682,-0.022640,-0.123040,-1.436060,ndi
1786504381.136829,63.401179,-0.022650,-0.123030,-1.436060,ndi
1786504381.151837,63.416187,-0.022650,-0.123020,-1.436030,ndi
1786504381.169270,63.433620,-0.022640,-0.123020,-1.436030,ndi
1786504381.186807,63.451157,-0.022660,-0.123030,-1.436030,ndi
1786504381.201814,63.466164,-0.022630,-0.123030,-1.436030,ndi
1786504381.219431,63.483781,-0.022660,-0.123020,-1.436010,ndi
1786504381.236936,63.501286,-0.022650,-0.123030,-1.436020,ndi
1786504381.251959,63.516309,-0.022650,-0.123040,-1.436030,ndi
1786504381.269260,63.533610,-0.022670,-0.123030,-1.436000,ndi
1786504381.286772,63.551122,-0.022640,-0.123020,-1.436020,ndi
1786504381.301814,63.566164,-0.022650,-0.123030,-1.436000,ndi
1786504381.319399,63.583749,-0.022650,-0.123040,-1.436030,ndi
1786504381.336878,63.601228,-0.022650,-0.123020,-1.436020,ndi
1786504381.351902,63.616252,-0.022650,-0.123020,-1.436030,ndi
1786504381.369265,63.633615,-0.022640,-0.123040,-1.436050,ndi
1786504381.386786,63.651136,-0.022650,-0.123040,-1.436030,ndi
1786504381.401862,63.666212,-0.022660,-0.123020,-1.436040,ndi
1786504381.419425,63.683775,-0.022660,-0.123020,-1.436030,ndi
1786504381.436793,63.701143,-0.022660,-0.123040,-1.436040,ndi
1786504381.451942,63.716292,-0.022660,-0.123040,-1.436040,ndi
1786504381.469253,63.733603,-0.022660,-0.123010,-1.436030,ndi
1786504381.486753,63.751102,-0.022650,-0.123020,-1.436010,ndi
1786504381.501854,63.766204,-0.022640,-0.123040,-1.436020,ndi
1786504381.519327,63.783677,-0.022640,-0.123040,-1.436050,ndi
1786504381.536852,63.801202,-0.022650,-0.123010,-1.436010,ndi
1786504381.552044,63.816394,-0.022640,-0.123020,-1.436030,ndi
1786504381.569250,63.833600,-0.022650,-0.123040,-1.436020,ndi
1786504381.586775,63.851125,-0.022640,-0.123040,-1.436050,ndi
1786504381.604342,63.868692,-0.022660,-0.123010,-1.436020,ndi
1786504381.619416,63.883766,-0.022660,-0.123020,-1.436030,ndi
1786504381.636784,63.901134,-0.022650,-0.123050,-1.436020,ndi
1786504381.651840,63.916190,-0.022650,-0.123030,-1.436000,ndi
1786504381.669214,63.933563,-0.022660,-0.123020,-1.436020,ndi
1786504381.686813,63.951163,-0.022650,-0.123030,-1.436010,ndi
1786504381.701866,63.966216,-0.022640,-0.123040,-1.436020,ndi
1786504381.719446,63.983796,-0.022650,-0.123030,-1.436030,ndi
1786504381.736929,64.001279,-0.022640,-0.123010,-1.436040,ndi
1786504381.751832,64.016182,-0.022640,-0.123030,-1.436020,ndi
1786504381.769266,64.033616,-0.022650,-0.123040,-1.436010,ndi
1786504381.786826,64.051176,-0.022640,-0.123030,-1.436020,ndi
1786504381.801770,64.066120,-0.022660,-0.123010,-1.436010,ndi
1786504381.819304,64.083654,-0.022650,-0.123030,-1.436010,ndi
1786504381.836953,64.101303,-0.022660,-0.123040,-1.436000,ndi
1786504381.854390,64.118740,-0.022660,-0.123020,-1.435990,ndi
1786504381.869218,64.133568,-0.022660,-0.123020,-1.436000,ndi
1786504381.886808,64.151158,-0.022640,-0.123030,-1.436000,ndi
1786504381.901833,64.166183,-0.022640,-0.123030,-1.436010,ndi
1786504381.919330,64.183680,-0.022660,-0.123030,-1.436020,ndi
1786504381.936808,64.201158,-0.022630,-0.123020,-1.436000,ndi
1786504381.951898,64.216248,-0.022650,-0.123030,-1.436020,ndi
1786504381.969295,64.233645,-0.022650,-0.123030,-1.436010,ndi
1786504381.986819,64.251169,-0.022660,-0.123020,-1.436010,ndi
1786504382.004475,64.268825,-0.022650,-0.123020,-1.436000,ndi
1786504382.019340,64.283690,-0.022640,-0.123030,-1.436030,ndi
1786504382.036914,64.301264,-0.022670,-0.123030,-1.436020,ndi
1786504382.051872,64.316222,-0.022650,-0.123030,-1.436030,ndi
1786504382.069254,64.333604,-0.022650,-0.123030,-1.436030,ndi
1786504382.086838,64.351188,-0.022650,-0.123020,-1.436030,ndi
1786504382.101838,64.366188,-0.022650,-0.123030,-1.436020,ndi
1786504382.119408,64.383758,-0.022650,-0.123040,-1.436050,ndi
1786504382.136814,64.401164,-0.022630,-0.123030,-1.436040,ndi
1786504382.154412,64.418761,-0.022650,-0.123010,-1.436040,ndi
1786504382.169274,64.433624,-0.022640,-0.123020,-1.436050,ndi
1786504382.186820,64.451169,-0.022650,-0.123040,-1.436040,ndi
1786504382.201796,64.466146,-0.022650,-0.123030,-1.436030,ndi
1786504382.219306,64.483656,-0.022660,-0.123020,-1.436030,ndi
1786504382.236847,64.501197,-0.022660,-0.123030,-1.436030,ndi
1786504382.251874,64.516224,-0.022650,-0.123040,-1.436030,ndi
1786504382.269287,64.533637,-0.022650,-0.123020,-1.436030,ndi
1786504382.286802,64.551152,-0.022640,-0.123020,-1.436030,ndi
1786504382.301792,64.566142,-0.022650,-0.123040,-1.436020,ndi
1786504382.319409,64.583759,-0.022630,-0.123040,-1.436060,ndi
1786504382.336947,64.601297,-0.022650,-0.123020,-1.436060,ndi
1786504382.354443,64.618793,-0.022650,-0.123020,-1.436050,ndi
1786504382.369294,64.633644,-0.022640,-0.123040,-1.436050,ndi
1786504382.386799,64.651149,-0.022660,-0.123030,-1.436030,ndi
1786504382.401962,64.666312,-0.022650,-0.123020,-1.436050,ndi
1786504382.419428,64.683778,-0.022660,-0.123020,-1.436040,ndi
1786504382.436870,64.701220,-0.022650,-0.123040,-1.436060,ndi
1786504382.451980,64.716330,-0.022660,-0.123030,-1.436030,ndi
1786504382.469244,64.733594,-0.022640,-0.123020,-1.436040,ndi
1786504382.486787,64.751137,-0.022640,-0.123030,-1.436040,ndi
1786504382.501832,64.766182,-0.022650,-0.123040,-1.436030,ndi
1786504382.519473,64.783823,-0.022630,-0.123030,-1.436040,ndi
1786504382.536834,64.801184,-0.022650,-0.123020,-1.436020,ndi
1786504382.551834,64.816184,-0.022640,-0.123030,-1.436030,ndi
1786504382.569275,64.833625,-0.022660,-0.123040,-1.436050,ndi
1786504382.586772,64.851122,-0.022660,-0.123030,-1.436040,ndi
1786504382.601907,64.866257,-0.022650,-0.123030,-1.436040,ndi
1786504382.619433,64.883783,-0.022660,-0.123030,-1.436010,ndi
1786504382.636868,64.901218,-0.022650,-0.123030,-1.436010,ndi
1786504382.651914,64.916264,-0.022650,-0.123020,-1.436010,ndi
1786504382.669279,64.933629,-0.022650,-0.123030,-1.436050,ndi
1786504382.686809,64.951159,-0.022650,-0.123040,-1.436040,ndi
1786504382.701994,64.966344,-0.022650,-0.123030,-1.436040,ndi
1786504382.719433,64.983783,-0.022640,-0.123020,-1.436020,ndi
1786504382.736876,65.001226,-0.022660,-0.123020,-1.436020,ndi
1786504382.751803,65.016153,-0.022640,-0.123040,-1.436030,ndi
1786504382.769331,65.033681,-0.022660,-0.123020,-1.436000,ndi
1786504382.786808,65.051158,-0.022660,-0.123020,-1.436010,ndi
1786504382.801831,65.066181,-0.022650,-0.123030,-1.436020,ndi
1786504382.819318,65.083668,-0.022660,-0.123030,-1.436000,ndi
1786504382.836843,65.101192,-0.022660,-0.123020,-1.436020,ndi
1786504382.854366,65.118716,-0.022650,-0.123020,-1.436010,ndi
1786504382.869337,65.133687,-0.022650,-0.123040,-1.436020,ndi
1786504382.886808,65.151158,-0.022650,-0.123040,-1.436010,ndi
1786504382.901881,65.166231,-0.022650,-0.123020,-1.436010,ndi
1786504382.919442,65.183792,-0.022650,-0.123020,-1.436020,ndi
1786504382.936940,65.201290,-0.022650,-0.123030,-1.436020,ndi
1786504382.951961,65.216311,-0.022650,-0.123030,-1.436020,ndi
1786504382.969311,65.233661,-0.022660,-0.123020,-1.436000,ndi
1786504382.986775,65.251125,-0.022650,-0.123020,-1.436010,ndi
1786504383.001799,65.266149,-0.022660,-0.123040,-1.436000,ndi
1786504383.019273,65.283623,-0.022650,-0.123030,-1.436020,ndi
1786504383.036845,65.301195,-0.022660,-0.123010,-1.436020,ndi
1786504383.051950,65.316299,-0.022650,-0.123020,-1.436020,ndi
1786504383.069313,65.333663,-0.022650,-0.123040,-1.436010,ndi
1786504383.086779,65.351129,-0.022660,-0.123030,-1.436020,ndi
1786504383.101818,65.366168,-0.022640,-0.123010,-1.436030,ndi
1786504383.119307,65.383657,-0.022660,-0.123020,-1.436020,ndi
1786504383.136853,65.401203,-0.022640,-0.123040,-1.436020,ndi
1786504383.151873,65.416223,-0.022640,-0.123030,-1.436020,ndi
1786504383.169320,65.433670,-0.022650,-0.123010,-1.436020,ndi
1786504383.186829,65.451179,-0.022660,-0.123020,-1.436010,ndi
1786504383.201934,65.466284,-0.022660,-0.123030,-1.436000,ndi
1786504383.219404,65.483753,-0.022650,-0.123030,-1.436030,ndi
1786504383.236901,65.501251,-0.022660,-0.123010,-1.436010,ndi
1786504383.251891,65.516241,-0.022640,-0.123030,-1.436030,ndi
1786504383.269311,65.533661,-0.022650,-0.123040,-1.436040,ndi
1786504383.286797,65.551147,-0.022650,-0.123030,-1.436030,ndi
1786504383.301882,65.566232,-0.022650,-0.123010,-1.436030,ndi
1786504383.319349,65.583699,-0.022660,-0.123020,-1.436030,ndi
1786504383.336988,65.601338,-0.022650,-0.123040,-1.436030,ndi
1786504383.352028,65.616378,-0.022660,-0.123030,-1.436020,ndi
1786504383.369321,65.633671,-0.022650,-0.123010,-1.436050,ndi
1786504383.386799,65.651149,-0.022660,-0.123020,-1.436020,ndi
1786504383.401827,65.666177,-0.022660,-0.123040,-1.436040,ndi
1786504383.419430,65.683780,-0.022660,-0.123020,-1.436010,ndi
1786504383.436822,65.701172,-0.022650,-0.123010,-1.436050,ndi
1786504383.451983,65.716333,-0.022640,-0.123030,-1.436040,ndi
1786504383.469320,65.733670,-0.022650,-0.123040,-1.436020,ndi
1786504383.486829,65.751179,-0.022640,-0.123020,-1.436030,ndi
1786504383.501898,65.766248,-0.022650,-0.123010,-1.436030,ndi
1786504383.519437,65.783787,-0.022640,-0.123030,-1.436050,ndi
1786504383.536973,65.801323,-0.022650,-0.123040,-1.436050,ndi
1786504383.551912,65.816262,-0.022660,-0.123020,-1.436010,ndi
1786504383.569322,65.833672,-0.022640,-0.123010,-1.436030,ndi
1786504383.586841,65.851191,-0.022650,-0.123020,-1.436020,ndi
1786504383.601851,65.866201,-0.022650,-0.123040,-1.436060,ndi
1786504383.619389,65.883739,-0.022660,-0.123020,-1.436040,ndi
1786504383.636905,65.901255,-0.022650,-0.123020,-1.436040,ndi
1786504383.651964,65.916314,-0.022640,-0.123030,-1.436030,ndi
1786504383.669340,65.933690,-0.022640,-0.123030,-1.436050,ndi
1786504383.686814,65.951164,-0.022640,-0.123020,-1.436050,ndi
1786504383.701990,65.966340,-0.022650,-0.123020,-1.436050,ndi
1786504383.719422,65.983772,-0.022630,-0.123030,-1.436040,ndi
1786504383.736969,66.001319,-0.022650,-0.123020,-1.436020,ndi
1786504383.751964,66.016314,-0.022660,-0.123020,-1.436070,ndi
1786504383.769313,66.033663,-0.022660,-0.123020,-1.436050,ndi
1786504383.786820,66.051170,-0.022650,-0.123030,-1.436050,ndi
1786504383.801969,66.066319,-0.022660,-0.123030,-1.436050,ndi
1786504383.819508,66.083858,-0.022660,-0.123020,-1.436050,ndi
1786504383.837017,66.101367,-0.022640,-0.123030,-1.436060,ndi
1786504383.854442,66.118792,-0.022650,-0.123030,-1.436060,ndi
1786504383.869319,66.133669,-0.022640,-0.123020,-1.436060,ndi
1786504383.886837,66.151186,-0.022650,-0.123020,-1.436040,ndi
1786504383.901924,66.166274,-0.022650,-0.123020,-1.436040,ndi
1786504383.919523,66.183873,-0.022650,-0.123030,-1.436050,ndi
1786504383.937058,66.201408,-0.022670,-0.123020,-1.436030,ndi
1786504383.954453,66.218802,-0.022660,-0.123020,-1.436060,ndi
1786504383.969330,66.233680,-0.022660,-0.123020,-1.436040,ndi
1786504383.986818,66.251168,-0.022650,-0.123020,-1.436050,ndi
1786504384.001833,66.266183,-0.022650,-0.123020,-1.436050,ndi
1786504384.019442,66.283792,-0.022650,-0.123020,-1.436050,ndi
1786504384.036900,66.301250,-0.022650,-0.123020,-1.436060,ndi
1786504384.051847,66.316197,-0.022650,-0.123020,-1.436040,ndi
1786504384.069333,66.333683,-0.022640,-0.123020,-1.436030,ndi
1786504384.086823,66.351173,-0.022650,-0.123020,-1.436050,ndi
1786504384.101825,66.366174,-0.022640,-0.123030,-1.436060,ndi
1786504384.119350,66.383700,-0.022640,-0.123020,-1.436060,ndi
1786504384.137043,66.401392,-0.022660,-0.123020,-1.436050,ndi
1786504384.152059,66.416409,-0.022660,-0.123020,-1.436060,ndi
1786504384.169334,66.433684,-0.022650,-0.123030,-1.436040,ndi
1786504384.186830,66.451180,-0.022650,-0.123020,-1.436050,ndi
1786504384.201874,66.466224,-0.022650,-0.123010,-1.436050,ndi
1786504384.219452,66.483802,-0.022640,-0.123030,-1.436050,ndi
1786504384.236962,66.501312,-0.022650,-0.123030,-1.436040,ndi
1786504384.251927,66.516277,-0.022640,-0.123020,-1.436050,ndi
1786504384.269325,66.533675,-0.022650,-0.123010,-1.436030,ndi
1786504384.286807,66.551157,-0.022650,-0.123030,-1.436010,ndi
1786504384.301891,66.566241,-0.022630,-0.123040,-1.436020,ndi
1786504384.319536,66.583886,-0.022640,-0.123010,-1.436020,ndi
1786504384.337044,66.601394,-0.022650,-0.123020,-1.436010,ndi
1786504384.352051,66.616400,-0.022660,-0.123040,-1.436010,ndi
1786504384.369344,66.633694,-0.022650,-0.123040,-1.436000,ndi
1786504384.386796,66.651146,-0.022670,-0.123010,-1.435990,ndi
1786504384.404303,66.668653,-0.022660,-0.123010,-1.435990,ndi
1786504384.419437,66.683787,-0.022640,-0.123040,-1.436020,ndi
1786504384.436999,66.701349,-0.022650,-0.123030,-1.436020,ndi
1786504384.452051,66.716401,-0.022640,-0.123010,-1.436040,ndi
1786504384.469370,66.733720,-0.022660,-0.123010,-1.436000,ndi
1786504384.486849,66.751199,-0.022650,-0.123040,-1.436030,ndi
1786504384.501938,66.766288,-0.022650,-0.123030,-1.436020,ndi
1786504384.519462,66.783812,-0.022660,-0.123010,-1.436010,ndi
1786504384.537133,66.801483,-0.022660,-0.123020,-1.436010,ndi
1786504384.551975,66.816325,-0.022660,-0.123030,-1.436030,ndi
1786504384.569342,66.833692,-0.022660,-0.123030,-1.436040,ndi
1786504384.586803,66.851153,-0.022670,-0.123010,-1.436030,ndi
1786504384.601817,66.866167,-0.022640,-0.123020,-1.436020,ndi
1786504384.619464,66.883814,-0.022650,-0.123040,-1.436020,ndi
1786504384.637107,66.901457,-0.022640,-0.123030,-1.436030,ndi
1786504384.651892,66.916242,-0.022640,-0.123020,-1.436030,ndi
1786504384.669335,66.933685,-0.022660,-0.123020,-1.436040,ndi
1786504384.686820,66.951170,-0.022650,-0.123030,-1.436030,ndi
1786504384.701874,66.966224,-0.022650,-0.123020,-1.436010,ndi
1786504384.719454,66.983804,-0.022660,-0.123020,-1.436030,ndi
1786504384.737189,67.001539,-0.022660,-0.123020,-1.436020,ndi
1786504384.752019,67.016369,-0.022660,-0.123030,-1.436010,ndi
1786504384.769331,67.033681,-0.022660,-0.123030,-1.436000,ndi
1786504384.786813,67.051163,-0.022660,-0.123020,-1.436000,ndi
1786504384.801868,67.066218,-0.022640,-0.123020,-1.436030,ndi
1786504384.819421,67.083771,-0.022660,-0.123020,-1.436010,ndi
1786504384.836868,67.101218,-0.022640,-0.123030,-1.436020,ndi
1786504384.851906,67.116256,-0.022650,-0.123020,-1.436000,ndi
1786504384.869353,67.133703,-0.022650,-0.123020,-1.436030,ndi
1786504384.886821,67.151170,-0.022650,-0.123020,-1.436030,ndi
1786504384.901857,67.166207,-0.022660,-0.123030,-1.436020,ndi
1786504384.919385,67.183735,-0.022650,-0.123030,-1.436020,ndi
1786504384.936935,67.201285,-0.022670,-0.123020,-1.436010,ndi
1786504384.951922,67.216272,-0.022650,-0.123020,-1.436030,ndi
1786504384.969307,67.233657,-0.022670,-0.123030,-1.436040,ndi
1786504384.986797,67.251147,-0.022670,-0.123030,-1.436030,ndi
1786504385.001846,67.266196,-0.022640,-0.123020,-1.436030,ndi
1786504385.019541,67.283891,-0.022650,-0.123020,-1.436030,ndi
1786504385.037009,67.301359,-0.022640,-0.123040,-1.436040,ndi
1786504385.052012,67.316362,-0.022650,-0.123030,-1.436020,ndi
1786504385.069351,67.333701,-0.022640,-0.123020,-1.436040,ndi
1786504385.086856,67.351206,-0.022650,-0.123020,-1.436040,ndi
1786504385.101939,67.366289,-0.022650,-0.123030,-1.436030,ndi
1786504385.119481,67.383831,-0.022660,-0.123030,-1.436030,ndi
1786504385.137009,67.401359,-0.022660,-0.123020,-1.436040,ndi
1786504385.151980,67.416330,-0.022650,-0.123030,-1.436020,ndi
1786504385.169313,67.433663,-0.022660,-0.123030,-1.436010,ndi
1786504385.186798,67.451148,-0.022640,-0.123020,-1.436020,ndi
1786504385.201837,67.466187,-0.022640,-0.123020,-1.436030,ndi
1786504385.219350,67.483700,-0.022640,-0.123030,-1.436050,ndi
1786504385.236861,67.501211,-0.022650,-0.123030,-1.436050,ndi
1786504385.251930,67.516280,-0.022650,-0.123020,-1.436030,ndi
1786504385.269341,67.533690,-0.022640,-0.123020,-1.436040,ndi
1786504385.286821,67.551171,-0.022660,-0.123030,-1.436030,ndi
1786504385.301855,67.566205,-0.022650,-0.123040,-1.436040,ndi
1786504385.319380,67.583730,-0.022660,-0.123020,-1.436030,ndi
1786504385.336896,67.601246,-0.022650,-0.123020,-1.436030,ndi
1786504385.351883,67.616233,-0.022650,-0.123030,-1.436050,ndi
1786504385.369320,67.633670,-0.022660,-0.123020,-1.436020,ndi
1786504385.386810,67.651160,-0.022640,-0.123020,-1.436050,ndi
1786504385.401875,67.666225,-0.022650,-0.123020,-1.436030,ndi
1786504385.419374,67.683723,-0.022640,-0.123040,-1.436040,ndi
1786504385.436862,67.701212,-0.022650,-0.123020,-1.436040,ndi
1786504385.451891,67.716241,-0.022640,-0.123010,-1.436030,ndi
1786504385.469332,67.733682,-0.022640,-0.123030,-1.436030,ndi
1786504385.486840,67.751190,-0.022650,-0.123030,-1.436030,ndi
1786504385.501861,67.766211,-0.022650,-0.123030,-1.436020,ndi
1786504385.519360,67.783710,-0.022670,-0.123010,-1.436030,ndi
1786504385.536846,67.801196,-0.022660,-0.123020,-1.436030,ndi
1786504385.551872,67.816222,-0.022670,-0.123030,-1.436040,ndi
1786504385.569294,67.833644,-0.022660,-0.123020,-1.436040,ndi
1786504385.586823,67.851173,-0.022650,-0.123020,-1.436040,ndi
1786504385.601893,67.866243,-0.022660,-0.123020,-1.436040,ndi
1786504385.619449,67.883799,-0.022650,-0.123030,-1.436040,ndi
1786504385.637040,67.901390,-0.022660,-0.123020,-1.436040,ndi
1786504385.652141,67.916491,-0.022650,-0.123020,-1.436050,ndi
1786504385.669343,67.933693,-0.022650,-0.123020,-1.436040,ndi
1786504385.686836,67.951186,-0.022650,-0.123030,-1.436050,ndi
1786504385.701893,67.966243,-0.022670,-0.123030,-1.436030,ndi
1786504385.719494,67.983844,-0.022660,-0.123020,-1.436030,ndi
1786504385.737049,68.001399,-0.022660,-0.123020,-1.436030,ndi
1786504385.752055,68.016405,-0.022670,-0.123020,-1.436050,ndi
1786504385.769317,68.033667,-0.022670,-0.123030,-1.436040,ndi
1786504385.786890,68.051240,-0.022650,-0.123030,-1.436050,ndi
1786504385.801868,68.066218,-0.022650,-0.123020,-1.436040,ndi
1786504385.819405,68.083755,-0.022660,-0.123020,-1.436050,ndi
1786504385.836969,68.101319,-0.022650,-0.123030,-1.436050,ndi
1786504385.852020,68.116369,-0.022650,-0.123030,-1.436050,ndi
1786504385.869374,68.133724,-0.022650,-0.123020,-1.436040,ndi
1786504385.886878,68.151228,-0.022660,-0.123020,-1.436030,ndi
1786504385.901955,68.166305,-0.022670,-0.123030,-1.436040,ndi
1786504385.919492,68.183842,-0.022650,-0.123030,-1.436040,ndi
1786504385.936949,68.201299,-0.022660,-0.123020,-1.436030,ndi
1786504385.951920,68.216270,-0.022670,-0.123010,-1.436050,ndi
1786504385.969322,68.233672,-0.022650,-0.123030,-1.436060,ndi
1786504385.986871,68.251221,-0.022650,-0.123030,-1.436050,ndi
1786504386.001897,68.266247,-0.022640,-0.123020,-1.436050,ndi
1786504386.019380,68.283730,-0.022650,-0.123010,-1.436040,ndi
1786504386.037091,68.301441,-0.022650,-0.123040,-1.436050,ndi
1786504386.052086,68.316436,-0.022650,-0.123040,-1.436040,ndi
1786504386.069379,68.333729,-0.022650,-0.123020,-1.436050,ndi
1786504386.086874,68.351224,-0.022660,-0.123020,-1.436050,ndi
1786504386.101969,68.366319,-0.022660,-0.123030,-1.436040,ndi
1786504386.119456,68.383806,-0.022660,-0.123040,-1.436050,ndi
1786504386.137063,68.401413,-0.022660,-0.123010,-1.436050,ndi
1786504386.152069,68.416419,-0.022640,-0.123020,-1.436070,ndi
1786504386.169320,68.433670,-0.022660,-0.123040,-1.436040,ndi
1786504386.186837,68.451187,-0.022650,-0.123030,-1.436040,ndi
1786504386.202059,68.466408,-0.022650,-0.123010,-1.436040,ndi
1786504386.219556,68.483906,-0.022660,-0.123020,-1.436030,ndi
1786504386.237043,68.501393,-0.022640,-0.123040,-1.436030,ndi
1786504386.252065,68.516415,-0.022660,-0.123020,-1.436010,ndi
1786504386.269389,68.533739,-0.022640,-0.123010,-1.436010,ndi
1786504386.286864,68.551214,-0.022660,-0.123020,-1.436010,ndi
1786504386.302061,68.566411,-0.022660,-0.123030,-1.436020,ndi
1786504386.319430,68.583780,-0.022660,-0.123020,-1.435990,ndi
1786504386.337036,68.601386,-0.022670,-0.123000,-1.435990,ndi
1786504386.352021,68.616371,-0.022660,-0.123020,-1.436000,ndi
1786504386.369349,68.633699,-0.022650,-0.123020,-1.436000,ndi
1786504386.386845,68.651195,-0.022640,-0.123020,-1.436010,ndi
1786504386.401963,68.666313,-0.022650,-0.123010,-1.436000,ndi
1786504386.419498,68.683848,-0.022650,-0.123020,-1.436010,ndi
1786504386.436973,68.701323,-0.022650,-0.123030,-1.436020,ndi
1786504386.452115,68.716465,-0.022650,-0.123020,-1.436010,ndi
1786504386.469353,68.733703,-0.022660,-0.123020,-1.436010,ndi
1786504386.486875,68.751225,-0.022660,-0.123030,-1.436020,ndi
1786504386.501899,68.766248,-0.022650,-0.123020,-1.436020,ndi
1786504386.519399,68.783749,-0.022660,-0.123020,-1.436040,ndi
1786504386.536884,68.801234,-0.022650,-0.123020,-1.436040,ndi
1786504386.551839,68.816189,-0.022640,-0.123030,-1.436020,ndi
1786504386.569386,68.833736,-0.022650,-0.123020,-1.436020,ndi
1786504386.586896,68.851246,-0.022640,-0.123020,-1.436030,ndi
1786504386.602014,68.866364,-0.022640,-0.123020,-1.436040,ndi
1786504386.619528,68.883878,-0.022640,-0.123030,-1.436030,ndi
1786504386.637057,68.901407,-0.022650,-0.123020,-1.436040,ndi
1786504386.651993,68.916342,-0.022640,-0.123020,-1.436050,ndi
1786504386.669389,68.933738,-0.022660,-0.123030,-1.436030,ndi
1786504386.686912,68.951262,-0.022650,-0.123020,-1.436040,ndi
1786504386.701906,68.966256,-0.022660,-0.123020,-1.436040,ndi
1786504386.719366,68.983716,-0.022650,-0.123020,-1.436030,ndi
1786504386.736905,69.001255,-0.022640,-0.123030,-1.436070,ndi
1786504386.751842,69.016192,-0.022660,-0.123030,-1.436050,ndi
1786504386.769381,69.033731,-0.022640,-0.123030,-1.436050,ndi
1786504386.786886,69.051236,-0.022660,-0.123030,-1.436060,ndi
1786504386.801912,69.066262,-0.022650,-0.123030,-1.436050,ndi
1786504386.819440,69.083790,-0.022650,-0.123020,-1.436050,ndi
1786504386.837101,69.101451,-0.022660,-0.123020,-1.436060,ndi
1786504386.852082,69.116432,-0.022640,-0.123030,-1.436050,ndi
1786504386.869392,69.133742,-0.022670,-0.123030,-1.436030,ndi
1786504386.886898,69.151248,-0.022650,-0.123020,-1.436050,ndi
1786504386.902037,69.166387,-0.022660,-0.123020,-1.436020,ndi
1786504386.919521,69.183871,-0.022660,-0.123030,-1.436030,ndi
1786504386.936926,69.201276,-0.022650,-0.123030,-1.436060,ndi
1786504386.952013,69.216363,-0.022660,-0.123020,-1.436030,ndi
1786504386.969368,69.233718,-0.022640,-0.123020,-1.436030,ndi
1786504386.986868,69.251218,-0.022650,-0.123040,-1.436040,ndi
1786504387.001932,69.266282,-0.022650,-0.123030,-1.436040,ndi
1786504387.019505,69.283855,-0.022650,-0.123010,-1.436030,ndi
1786504387.036988,69.301338,-0.022660,-0.123020,-1.436020,ndi
1786504387.052018,69.316368,-0.022650,-0.123040,-1.436050,ndi
1786504387.069414,69.333764,-0.022660,-0.123020,-1.436030,ndi
1786504387.086868,69.351218,-0.022660,-0.123010,-1.436040,ndi
1786504387.102029,69.366379,-0.022660,-0.123020,-1.436020,ndi
1786504387.119468,69.383818,-0.022660,-0.123040,-1.436030,ndi
1786504387.136943,69.401293,-0.022660,-0.123020,-1.436030,ndi
1786504387.151995,69.416345,-0.022650,-0.123020,-1.436050,ndi
1786504387.169364,69.433714,-0.022660,-0.123030,-1.436060,ndi
1786504387.186879,69.451229,-0.022650,-0.123030,-1.436030,ndi
1786504387.201916,69.466266,-0.022650,-0.123030,-1.436050,ndi
1786504387.219474,69.483824,-0.022650,-0.123020,-1.436060,ndi
1786504387.237004,69.501354,-0.022650,-0.123030,-1.436050,ndi
1786504387.251997,69.516346,-0.022670,-0.123040,-1.436040,ndi
1786504387.269412,69.533762,-0.022650,-0.123030,-1.436060,ndi
1786504387.286871,69.551221,-0.022660,-0.123020,-1.436050,ndi
1786504387.302019,69.566369,-0.022660,-0.123030,-1.436070,ndi
1786504387.319440,69.583790,-0.022650,-0.123040,-1.436060,ndi
1786504387.336936,69.601286,-0.022660,-0.123020,-1.436040,ndi
1786504387.351911,69.616261,-0.022640,-0.123030,-1.436040,ndi
1786504387.369380,69.633730,-0.022660,-0.123030,-1.436050,ndi
1786504387.386878,69.651227,-0.022650,-0.123040,-1.436040,ndi
1786504387.401941,69.666291,-0.022650,-0.123020,-1.436050,ndi
1786504387.419406,69.683756,-0.022650,-0.123020,-1.436060,ndi
1786504387.436915,69.701265,-0.022640,-0.123040,-1.436040,ndi
1786504387.451919,69.716269,-0.022660,-0.123040,-1.436050,ndi
1786504387.469390,69.733740,-0.022660,-0.123020,-1.436050,ndi
1786504387.486890,69.751240,-0.022660,-0.123030,-1.436050,ndi
1786504387.501966,69.766316,-0.022650,-0.123050,-1.436050,ndi
1786504387.519405,69.783755,-0.022660,-0.123040,-1.436070,ndi
1786504387.536954,69.801304,-0.022660,-0.123020,-1.436040,ndi
1786504387.551948,69.816298,-0.022650,-0.123030,-1.436050,ndi
1786504387.569386,69.833736,-0.022650,-0.123040,-1.436040,ndi
1786504387.586881,69.851231,-0.022640,-0.123030,-1.436060,ndi
1786504387.601949,69.866299,-0.022660,-0.123010,-1.436040,ndi
1786504387.619419,69.883769,-0.022650,-0.123030,-1.436060,ndi
1786504387.636938,69.901288,-0.022640,-0.123040,-1.436060,ndi
1786504387.652049,69.916399,-0.022660,-0.123030,-1.436040,ndi
1786504387.669408,69.933758,-0.022660,-0.123010,-1.436040,ndi
1786504387.686873,69.951223,-0.022670,-0.123030,-1.436050,ndi
1786504387.701903,69.966253,-0.022660,-0.123040,-1.436040,ndi
1786504387.719349,69.983699,-0.022660,-0.123020,-1.436050,ndi
1786504387.736979,70.001328,-0.022640,-0.123010,-1.436050,ndi
1786504387.751928,70.016278,-0.022660,-0.123030,-1.436040,ndi
1786504387.769395,70.033745,-0.022650,-0.123040,-1.436040,ndi
1786504387.786873,70.051223,-0.022640,-0.123020,-1.436050,ndi
1786504387.802001,70.066351,-0.022660,-0.123010,-1.436030,ndi
1786504387.819481,70.083831,-0.022660,-0.123030,-1.436030,ndi
1786504387.836984,70.101334,-0.022670,-0.123040,-1.436010,ndi
1786504387.851990,70.116339,-0.022650,-0.123020,-1.436040,ndi
1786504387.869396,70.133746,-0.022660,-0.123020,-1.436040,ndi
1786504387.886885,70.151235,-0.022650,-0.123030,-1.436040,ndi
1786504387.902010,70.166360,-0.022660,-0.123040,-1.436040,ndi
1786504387.919486,70.183836,-0.022650,-0.123020,-1.436030,ndi
1786504387.937026,70.201376,-0.022650,-0.123010,-1.436040,ndi
1786504387.952078,70.216428,-0.022660,-0.123040,-1.436030,ndi
1786504387.969403,70.233752,-0.022650,-0.123040,-1.436040,ndi
1786504387.986902,70.251252,-0.022650,-0.123010,-1.436030,ndi
1786504388.001889,70.266238,-0.022650,-0.123010,-1.436040,ndi
1786504388.019413,70.283763,-0.022650,-0.123040,-1.436020,ndi
1786504388.036916,70.301266,-0.022650,-0.123030,-1.436030,ndi
1786504388.051896,70.316246,-0.022660,-0.123010,-1.436030,ndi
1786504388.069435,70.333785,-0.022660,-0.123020,-1.436030,ndi
1786504388.086885,70.351235,-0.022650,-0.123040,-1.436020,ndi
1786504388.101949,70.366299,-0.022660,-0.123030,-1.436040,ndi
1786504388.119412,70.383762,-0.022640,-0.123010,-1.436020,ndi
1786504388.137029,70.401379,-0.022660,-0.123030,-1.436030,ndi
1786504388.152054,70.416404,-0.022650,-0.123040,-1.436020,ndi
1786504388.169451,70.433801,-0.022640,-0.123020,-1.436010,ndi
1786504388.186899,70.451249,-0.022650,-0.123000,-1.436030,ndi
1786504388.202044,70.466394,-0.022650,-0.123020,-1.436020,ndi
1786504388.219522,70.483872,-0.022640,-0.123040,-1.436020,ndi
1786504388.237042,70.501392,-0.022640,-0.123020,-1.436040,ndi
1786504388.252044,70.516394,-0.022660,-0.123010,-1.436030,ndi
1786504388.269433,70.533783,-0.022660,-0.123030,-1.436050,ndi
1786504388.286888,70.551238,-0.022660,-0.123040,-1.436040,ndi
1786504388.301869,70.566219,-0.022660,-0.123020,-1.436020,ndi
1786504388.319378,70.583728,-0.022640,-0.123020,-1.436040,ndi
1786504388.336922,70.601272,-0.022650,-0.123030,-1.436040,ndi
1786504388.352168,70.616518,-0.022640,-0.123040,-1.436040,ndi
1786504388.369417,70.633767,-0.022660,-0.123030,-1.436050,ndi
1786504388.386883,70.651233,-0.022650,-0.123010,-1.436040,ndi
1786504388.401896,70.666246,-0.022660,-0.123020,-1.436050,ndi
1786504388.419386,70.683736,-0.022660,-0.123040,-1.436030,ndi
1786504388.436938,70.701288,-0.022640,-0.123030,-1.436060,ndi
1786504388.451914,70.716264,-0.022670,-0.123010,-1.436030,ndi
1786504388.469454,70.733804,-0.022640,-0.123020,-1.436030,ndi
1786504388.486863,70.751213,-0.022670,-0.123030,-1.436050,ndi
1786504388.501977,70.766327,-0.022650,-0.123030,-1.436040,ndi
1786504388.519530,70.783880,-0.022630,-0.123010,-1.436030,ndi
1786504388.537012,70.801362,-0.022650,-0.123020,-1.436040,ndi
1786504388.552055,70.816405,-0.022640,-0.123030,-1.436040,ndi
1786504388.569399,70.833749,-0.022650,-0.123030,-1.436020,ndi
1786504388.586862,70.851212,-0.022650,-0.123010,-1.436050,ndi
1786504388.602049,70.866399,-0.022650,-0.123010,-1.436020,ndi
1786504388.619534,70.883883,-0.022670,-0.123040,-1.436030,ndi
1786504388.637031,70.901381,-0.022660,-0.123030,-1.436030,ndi
1786504388.652048,70.916398,-0.022650,-0.123010,-1.436040,ndi
1786504388.669497,70.933847,-0.022650,-0.123010,-1.436040,ndi
1786504388.686871,70.951221,-0.022670,-0.123030,-1.436020,ndi
1786504388.701870,70.966220,-0.022640,-0.123030,-1.436040,ndi
1786504388.719419,70.983769,-0.022650,-0.123010,-1.436040,ndi
1786504388.736938,71.001288,-0.022650,-0.123010,-1.436040,ndi
1786504388.752073,71.016423,-0.022650,-0.123030,-1.436050,ndi
1786504388.769390,71.033740,-0.022650,-0.123030,-1.436020,ndi
1786504388.786893,71.051243,-0.022640,-0.123010,-1.436040,ndi
1786504388.802000,71.066350,-0.022650,-0.123010,-1.436040,ndi
1786504388.819540,71.083890,-0.022660,-0.123040,-1.436060,ndi
1786504388.837051,71.101401,-0.022650,-0.123030,-1.436030,ndi
1786504388.851960,71.116310,-0.022650,-0.123000,-1.436050,ndi
1786504388.869461,71.133811,-0.022660,-0.123000,-1.436030,ndi
1786504388.886859,71.151209,-0.022650,-0.123040,-1.436050,ndi
1786504388.901915,71.166265,-0.022640,-0.123030,-1.436040,ndi
1786504388.919432,71.183782,-0.022640,-0.123000,-1.436050,ndi
1786504388.936924,71.201274,-0.022640,-0.123010,-1.436030,ndi
1786504388.951933,71.216283,-0.022650,-0.123040,-1.436040,ndi
1786504388.969406,71.233756,-0.022640,-0.123030,-1.436020,ndi
1786504388.986856,71.251206,-0.022660,-0.123000,-1.436040,ndi
1786504389.001970,71.266320,-0.022650,-0.123010,-1.436010,ndi
1786504389.019452,71.283802,-0.022650,-0.123040,-1.436050,ndi
1786504389.036951,71.301301,-0.022660,-0.123020,-1.436030,ndi
1786504389.052019,71.316369,-0.022640,-0.123010,-1.436040,ndi
1786504389.069409,71.333759,-0.022660,-0.123020,-1.436040,ndi
1786504389.086858,71.351208,-0.022640,-0.123040,-1.436030,ndi
1786504389.101998,71.366348,-0.022650,-0.123030,-1.436040,ndi
1786504389.119460,71.383810,-0.022640,-0.123000,-1.436030,ndi
1786504389.136978,71.401328,-0.022660,-0.123020,-1.436020,ndi
1786504389.152002,71.416352,-0.022650,-0.123030,-1.436030,ndi
1786504389.169438,71.433788,-0.022630,-0.123030,-1.436050,ndi
1786504389.186919,71.451269,-0.022650,-0.123010,-1.436030,ndi
1786504389.202005,71.466355,-0.022660,-0.123020,-1.436020,ndi
1786504389.219550,71.483900,-0.022650,-0.123030,-1.435990,ndi
1786504389.237046,71.501396,-0.022650,-0.123020,-1.436030,ndi
1786504389.252076,71.516426,-0.022650,-0.123000,-1.436030,ndi
1786504389.269407,71.533757,-0.022650,-0.123020,-1.436010,ndi
1786504389.286904,71.551254,-0.022650,-0.123040,-1.436030,ndi
1786504389.302029,71.566379,-0.022640,-0.123020,-1.436030,ndi
1786504389.319521,71.583871,-0.022630,-0.123000,-1.436020,ndi
1786504389.337032,71.601382,-0.022650,-0.123020,-1.436010,ndi
1786504389.352036,71.616386,-0.022650,-0.123030,-1.436020,ndi
1786504389.369429,71.633779,-0.022650,-0.123020,-1.436030,ndi
1786504389.386958,71.651308,-0.022640,-0.123010,-1.436030,ndi
1786504389.402134,71.666484,-0.022650,-0.123020,-1.436020,ndi
1786504389.419603,71.683953,-0.022650,-0.123030,-1.436020,ndi
1786504389.437100,71.701450,-0.022650,-0.123020,-1.436030,ndi
1786504389.452112,71.716462,-0.022660,-0.123010,-1.436010,ndi
1786504389.469388,71.733738,-0.022650,-0.123030,-1.436050,ndi
1786504389.486974,71.751324,-0.022650,-0.123020,-1.436010,ndi
1786504389.502051,71.766401,-0.022650,-0.123020,-1.436010,ndi
1786504389.519491,71.783841,-0.022650,-0.123010,-1.436010,ndi
1786504389.536979,71.801329,-0.022650,-0.123020,-1.436010,ndi
1786504389.552063,71.816413,-0.022640,-0.123030,-1.436030,ndi
1786504389.569417,71.833767,-0.022660,-0.123010,-1.436020,ndi
1786504389.586988,71.851338,-0.022640,-0.123020,-1.436040,ndi
1786504389.602046,71.866395,-0.022650,-0.123030,-1.436030,ndi
1786504389.619526,71.883876,-0.022650,-0.123030,-1.436040,ndi
1786504389.636966,71.901315,-0.022660,-0.123010,-1.436030,ndi
1786504389.651982,71.916332,-0.022660,-0.123020,-1.436020,ndi
1786504389.669378,71.933728,-0.022650,-0.123030,-1.436040,ndi
1786504389.686931,71.951281,-0.022650,-0.123020,-1.436030,ndi
1786504389.702052,71.966402,-0.022640,-0.123020,-1.436020,ndi
1786504389.719529,71.983879,-0.022640,-0.123020,-1.436040,ndi
1786504389.737029,72.001379,-0.022640,-0.123030,-1.436030,ndi
1786504389.751999,72.016349,-0.022640,-0.123020,-1.436020,ndi
1786504389.769463,72.033813,-0.022650,-0.123010,-1.436020,ndi
1786504389.786977,72.051327,-0.022650,-0.123020,-1.436030,ndi
1786504389.802018,72.066368,-0.022660,-0.123030,-1.436020,ndi
1786504389.819484,72.083834,-0.022650,-0.123020,-1.436000,ndi
1786504389.837055,72.101405,-0.022660,-0.123020,-1.436030,ndi
1786504389.852066,72.116416,-0.022660,-0.123030,-1.436020,ndi
1786504389.869410,72.133759,-0.022640,-0.123030,-1.436030,ndi
1786504389.886981,72.151330,-0.022650,-0.123020,-1.436040,ndi
1786504389.901946,72.166296,-0.022640,-0.123010,-1.436030,ndi
1786504389.919447,72.183797,-0.022650,-0.123030,-1.436040,ndi
1786504389.936939,72.201289,-0.022640,-0.123030,-1.436040,ndi
1786504389.951949,72.216299,-0.022650,-0.123010,-1.436030,ndi
1786504389.969422,72.233772,-0.022650,-0.123020,-1.436040,ndi
1786504389.986970,72.251320,-0.022660,-0.123030,-1.436040,ndi
1786504390.002080,72.266430,-0.022660,-0.123020,-1.436020,ndi
1786504390.019629,72.283979,-0.022660,-0.123010,-1.436030,ndi
1786504390.037068,72.301418,-0.022660,-0.123020,-1.436020,ndi
1786504390.052058,72.316408,-0.022650,-0.123020,-1.436050,ndi
1786504390.069430,72.333780,-0.022650,-0.123020,-1.436030,ndi
1786504390.086939,72.351289,-0.022640,-0.123020,-1.436020,ndi
1786504390.101990,72.366340,-0.022650,-0.123020,-1.436030,ndi
1786504390.119487,72.383837,-0.022650,-0.123020,-1.436020,ndi
1786504390.136986,72.401336,-0.022650,-0.123020,-1.436030,ndi
1786504390.151955,72.416305,-0.022640,-0.123020,-1.436030,ndi
1786504390.169419,72.433769,-0.022630,-0.123030,-1.436030,ndi
1786504390.186961,72.451311,-0.022670,-0.123020,-1.436030,ndi
1786504390.202032,72.466382,-0.022650,-0.123020,-1.436020,ndi
1786504390.219562,72.483912,-0.022660,-0.123020,-1.436030,ndi
1786504390.236969,72.501319,-0.022660,-0.123020,-1.436040,ndi
1786504390.251987,72.516337,-0.022650,-0.123020,-1.436020,ndi
1786504390.269462,72.533812,-0.022650,-0.123020,-1.436020,ndi
1786504390.286996,72.551346,-0.022640,-0.123020,-1.436030,ndi
1786504390.302024,72.566374,-0.022640,-0.123020,-1.436030,ndi
1786504390.319546,72.583896,-0.022650,-0.123020,-1.436040,ndi
1786504390.337061,72.601411,-0.022660,-0.123020,-1.436020,ndi
1786504390.352053,72.616403,-0.022650,-0.123030,-1.436030,ndi
1786504390.369431,72.633781,-0.022660,-0.123020,-1.436030,ndi
1786504390.387000,72.651350,-0.022670,-0.123010,-1.436020,ndi
1786504390.401976,72.666326,-0.022650,-0.123020,-1.436010,ndi
1786504390.419480,72.683830,-0.022660,-0.123030,-1.436050,ndi
1786504390.436946,72.701296,-0.022640,-0.123020,-1.436050,ndi
1786504390.451937,72.716287,-0.022660,-0.123020,-1.436030,ndi
1786504390.469429,72.733779,-0.022660,-0.123020,-1.436010,ndi
1786504390.486989,72.751339,-0.022640,-0.123020,-1.436040,ndi
1786504390.502061,72.766411,-0.022650,-0.123010,-1.436040,ndi
1786504390.519517,72.783867,-0.022640,-0.123020,-1.436030,ndi
1786504390.537042,72.801392,-0.022650,-0.123020,-1.436020,ndi
1786504390.552009,72.816359,-0.022640,-0.123030,-1.436040,ndi
1786504390.569449,72.833799,-0.022660,-0.123010,-1.436040,ndi
1786504390.586970,72.851320,-0.022650,-0.123010,-1.436030,ndi
1786504390.602078,72.866428,-0.022650,-0.123030,-1.436040,ndi
1786504390.619546,72.883896,-0.022660,-0.123030,-1.436040,ndi
1786504390.637067,72.901417,-0.022650,-0.123010,-1.436030,ndi
1786504390.651960,72.916310,-0.022640,-0.123010,-1.436040,ndi
1786504390.669454,72.933804,-0.022640,-0.123030,-1.436040,ndi
1786504390.686960,72.951310,-0.022640,-0.123020,-1.436040,ndi
1786504390.702064,72.966414,-0.022650,-0.123000,-1.436040,ndi
1786504390.719545,72.983895,-0.022640,-0.123010,-1.436030,ndi
1786504390.737066,73.001416,-0.022650,-0.123030,-1.436050,ndi
1786504390.752066,73.016416,-0.022640,-0.123020,-1.436050,ndi
1786504390.769446,73.033796,-0.022660,-0.123000,-1.436040,ndi
1786504390.787019,73.051369,-0.022640,-0.123020,-1.436070,ndi
1786504390.802097,73.066447,-0.022650,-0.123020,-1.436010,ndi
1786504390.819611,73.083961,-0.022660,-0.123010,-1.436020,ndi
1786504390.837002,73.101352,-0.022660,-0.123000,-1.436020,ndi
1786504390.852100,73.116450,-0.022650,-0.123020,-1.436020,ndi
1786504390.869457,73.133807,-0.022630,-0.123030,-1.436040,ndi
1786504390.886959,73.151309,-0.022640,-0.123000,-1.436040,ndi
1786504390.902035,73.166385,-0.022640,-0.123000,-1.436020,ndi
1786504390.919577,73.183927,-0.022640,-0.123020,-1.436000,ndi
1786504390.937099,73.201449,-0.022640,-0.123030,-1.436030,ndi
1786504390.952075,73.216425,-0.022650,-0.123010,-1.436030,ndi
1786504390.969418,73.233768,-0.022650,-0.123010,-1.436030,ndi
1786504390.987036,73.251386,-0.022650,-0.123020,-1.436010,ndi
1786504391.002029,73.266379,-0.022640,-0.123020,-1.436030,ndi
1786504391.019675,73.284024,-0.022650,-0.123000,-1.436040,ndi
1786504391.037075,73.301425,-0.022650,-0.123000,-1.436010,ndi
1786504391.052172,73.316522,-0.022640,-0.123030,-1.436020,ndi
1786504391.069446,73.333796,-0.022640,-0.123020,-1.436050,ndi
1786504391.087015,73.351365,-0.022640,-0.123000,-1.436030,ndi
1786504391.101995,73.366345,-0.022640,-0.123000,-1.436040,ndi
1786504391.119457,73.383807,-0.022640,-0.123020,-1.436040,ndi
1786504391.137169,73.401519,-0.022640,-0.123020,-1.436050,ndi
1786504391.152123,73.416473,-0.022660,-0.123010,-1.436030,ndi
1786504391.169470,73.433820,-0.022650,-0.123010,-1.436040,ndi
1786504391.187070,73.451420,-0.022660,-0.123020,-1.436030,ndi
1786504391.202007,73.466357,-0.022650,-0.123010,-1.436020,ndi
1786504391.219479,73.483829,-0.022650,-0.123000,-1.436060,ndi
1786504391.237122,73.501472,-0.022650,-0.123010,-1.436020,ndi
1786504391.252154,73.516504,-0.022630,-0.123030,-1.436050,ndi
1786504391.269492,73.533842,-0.022650,-0.123020,-1.436030,ndi
1786504391.286956,73.551306,-0.022640,-0.123000,-1.436040,ndi
1786504391.302001,73.566350,-0.022650,-0.123010,-1.436040,ndi
1786504391.319492,73.583842,-0.022640,-0.123020,-1.436040,ndi
1786504391.337174,73.601524,-0.022640,-0.123020,-1.436020,ndi
1786504391.352096,73.616446,-0.022660,-0.123010,-1.436060,ndi
1786504391.369465,73.633815,-0.022650,-0.123010,-1.436030,ndi
1786504391.386971,73.651321,-0.022660,-0.123020,-1.436030,ndi
1786504391.402074,73.666424,-0.022650,-0.123010,-1.436040,ndi
1786504391.419576,73.683926,-0.022660,-0.123010,-1.436030,ndi
1786504391.437157,73.701507,-0.022640,-0.123010,-1.436030,ndi
1786504391.452168,73.716517,-0.022640,-0.123020,-1.436040,ndi
1786504391.469463,73.733813,-0.022650,-0.123010,-1.436020,ndi
1786504391.486986,73.751336,-0.022630,-0.123010,-1.436030,ndi
1786504391.502082,73.766432,-0.022650,-0.123010,-1.436030,ndi
1786504391.519659,73.784009,-0.022640,-0.123020,-1.436040,ndi
1786504391.537114,73.801464,-0.022650,-0.123020,-1.436030,ndi
1786504391.552139,73.816489,-0.022660,-0.123010,-1.436030,ndi
1786504391.569462,73.833812,-0.022650,-0.123010,-1.436040,ndi
1786504391.586950,73.851300,-0.022660,-0.123020,-1.436030,ndi
1786504391.602125,73.866475,-0.022650,-0.123020,-1.436020,ndi
1786504391.619457,73.883807,-0.022650,-0.123010,-1.436020,ndi
1786504391.637065,73.901415,-0.022640,-0.123010,-1.436030,ndi
1786504391.652019,73.916369,-0.022650,-0.123020,-1.436030,ndi
1786504391.669459,73.933809,-0.022640,-0.123020,-1.436030,ndi
1786504391.686975,73.951324,-0.022640,-0.123010,-1.436030,ndi
1786504391.701952,73.966301,-0.022650,-0.123010,-1.436040,ndi
1786504391.719473,73.983823,-0.022640,-0.123030,-1.436060,ndi
1786504391.736942,74.001292,-0.022660,-0.123020,-1.436030,ndi
1786504391.752084,74.016434,-0.022640,-0.123010,-1.436040,ndi
1786504391.769450,74.033800,-0.022660,-0.123000,-1.436040,ndi
1786504391.786942,74.051292,-0.022660,-0.123020,-1.436030,ndi
1786504391.802021,74.066371,-0.022660,-0.123020,-1.436030,ndi
1786504391.819484,74.083834,-0.022640,-0.123000,-1.436040,ndi
1786504391.837017,74.101367,-0.022640,-0.123010,-1.436060,ndi
1786504391.852044,74.116394,-0.022650,-0.123020,-1.436040,ndi
1786504391.869464,74.133814,-0.022640,-0.123020,-1.436040,ndi
1786504391.886969,74.151319,-0.022650,-0.123000,-1.436040,ndi
1786504391.901968,74.166317,-0.022650,-0.123010,-1.436060,ndi
1786504391.919650,74.184000,-0.022650,-0.123030,-1.436040,ndi
1786504391.937214,74.201564,-0.022650,-0.123010,-1.436040,ndi
1786504391.952147,74.216496,-0.022650,-0.123000,-1.436030,ndi
1786504391.969465,74.233814,-0.022650,-0.123010,-1.436060,ndi
1786504391.986965,74.251315,-0.022640,-0.123030,-1.436040,ndi
1786504392.001994,74.266344,-0.022670,-0.123020,-1.436040,ndi
1786504392.019479,74.283829,-0.022640,-0.123000,-1.436050,ndi
1786504392.036975,74.301325,-0.022640,-0.123010,-1.436050,ndi
1786504392.052038,74.316388,-0.022640,-0.123030,-1.436060,ndi
1786504392.069474,74.333824,-0.022640,-0.123010,-1.436050,ndi
1786504392.086977,74.351327,-0.022650,-0.123000,-1.436070,ndi
1786504392.102001,74.366351,-0.022630,-0.123020,-1.436060,ndi
1786504392.119552,74.383902,-0.022650,-0.123030,-1.436050,ndi
1786504392.137172,74.401522,-0.022650,-0.123010,-1.436050,ndi
1786504392.152192,74.416542,-0.022650,-0.123000,-1.436070,ndi
1786504392.169474,74.433824,-0.022660,-0.123010,-1.436040,ndi
1786504392.186956,74.451306,-0.022660,-0.123030,-1.436040,ndi
1786504392.201965,74.466315,-0.022660,-0.123010,-1.436040,ndi
1786504392.219478,74.483828,-0.022640,-0.123010,-1.436040,ndi
1786504392.237093,74.501443,-0.022640,-0.123010,-1.436010,ndi
1786504392.252095,74.516445,-0.022640,-0.123020,-1.436030,ndi
1786504392.269493,74.533843,-0.022640,-0.123010,-1.436030,ndi
1786504392.287005,74.551355,-0.022650,-0.123010,-1.436020,ndi
1786504392.302003,74.566353,-0.022630,-0.123020,-1.436030,ndi
1786504392.319693,74.584043,-0.022660,-0.123020,-1.436020,ndi
1786504392.337179,74.601529,-0.022640,-0.123010,-1.436040,ndi
1786504392.352165,74.616515,-0.022650,-0.123000,-1.436020,ndi
1786504392.369479,74.633829,-0.022650,-0.123020,-1.436030,ndi
1786504392.386972,74.651322,-0.022660,-0.123020,-1.436030,ndi
1786504392.401997,74.666347,-0.022650,-0.123010,-1.436030,ndi
1786504392.419536,74.683886,-0.022640,-0.123010,-1.436030,ndi
1786504392.437023,74.701373,-0.022640,-0.123020,-1.436000,ndi
1786504392.452062,74.716412,-0.022640,-0.123020,-1.436030,ndi
1786504392.469487,74.733837,-0.022650,-0.123000,-1.436040,ndi
1786504392.486960,74.751310,-0.022640,-0.123020,-1.436040,ndi
1786504392.502004,74.766354,-0.022650,-0.123030,-1.436020,ndi
1786504392.519523,74.783873,-0.022660,-0.123010,-1.436040,ndi
1786504392.536990,74.801340,-0.022650,-0.123000,-1.436050,ndi
1786504392.551990,74.816340,-0.022660,-0.123020,-1.436030,ndi
1786504392.569478,74.833827,-0.022650,-0.123030,-1.436040,ndi
1786504392.586963,74.851313,-0.022660,-0.123010,-1.436020,ndi
1786504392.601972,74.866322,-0.022640,-0.123000,-1.436050,ndi
1786504392.619529,74.883879,-0.022650,-0.123020,-1.436040,ndi
1786504392.637024,74.901374,-0.022640,-0.123030,-1.436040,ndi
1786504392.652139,74.916489,-0.022640,-0.123010,-1.436030,ndi
1786504392.669509,74.933859,-0.022660,-0.123000,-1.436040,ndi
1786504392.686990,74.951340,-0.022640,-0.123020,-1.436060,ndi
1786504392.702069,74.966419,-0.022640,-0.123030,-1.436020,ndi
1786504392.719608,74.983958,-0.022650,-0.123010,-1.436040,ndi
1786504392.737071,75.001421,-0.022650,-0.123000,-1.436040,ndi
1786504392.752167,75.016517,-0.022650,-0.123020,-1.436030,ndi
1786504392.769478,75.033828,-0.022650,-0.123020,-1.436030,ndi
1786504392.786947,75.051296,-0.022660,-0.123000,-1.436030,ndi
1786504392.802151,75.066501,-0.022640,-0.123010,-1.436040,ndi
1786504392.819705,75.084054,-0.022650,-0.123020,-1.436030,ndi
1786504392.837203,75.101553,-0.022630,-0.123020,-1.436040,ndi
1786504392.852173,75.116523,-0.022650,-0.123010,-1.436040,ndi
1786504392.869503,75.133852,-0.022640,-0.123010,-1.436030,ndi
1786504392.886987,75.151337,-0.022640,-0.123020,-1.436030,ndi
1786504392.902012,75.166362,-0.022650,-0.123020,-1.436020,ndi
1786504392.919531,75.183881,-0.022640,-0.123010,-1.436040,ndi
1786504392.937195,75.201545,-0.022650,-0.123010,-1.436020,ndi
1786504392.952232,75.216582,-0.022650,-0.123020,-1.436020,ndi
1786504392.969471,75.233821,-0.022660,-0.123010,-1.436040,ndi
1786504392.986956,75.251306,-0.022640,-0.123010,-1.436040,ndi
1786504393.002141,75.266491,-0.022640,-0.123020,-1.436030,ndi
1786504393.019551,75.283901,-0.022650,-0.123020,-1.436030,ndi
1786504393.037236,75.301586,-0.022640,-0.123010,-1.436050,ndi
1786504393.052182,75.316532,-0.022650,-0.123020,-1.436020,ndi
1786504393.069472,75.333822,-0.022640,-0.123020,-1.436040,ndi
1786504393.086983,75.351333,-0.022650,-0.123010,-1.436050,ndi
1786504393.102126,75.366476,-0.022660,-0.123010,-1.436030,ndi
1786504393.119679,75.384029,-0.022650,-0.123020,-1.436050,ndi
1786504393.137202,75.401552,-0.022650,-0.123020,-1.436030,ndi
1786504393.152164,75.416514,-0.022640,-0.123010,-1.436050,ndi
1786504393.169485,75.433835,-0.022660,-0.123010,-1.436020,ndi
1786504393.186976,75.451326,-0.022640,-0.123020,-1.436050,ndi
1786504393.202026,75.466376,-0.022640,-0.123020,-1.436030,ndi
1786504393.219579,75.483929,-0.022650,-0.123010,-1.436050,ndi
1786504393.237066,75.501416,-0.022650,-0.123010,-1.436030,ndi
1786504393.252133,75.516483,-0.022650,-0.123010,-1.436020,ndi
1786504393.269483,75.533833,-0.022640,-0.123020,-1.436050,ndi
1786504393.286987,75.551337,-0.022640,-0.123010,-1.436010,ndi
1786504393.301985,75.566335,-0.022650,-0.123020,-1.436040,ndi
1786504393.319503,75.583853,-0.022660,-0.123020,-1.436030,ndi
1786504393.337160,75.601510,-0.022640,-0.123010,-1.436050,ndi
1786504393.352160,75.616509,-0.022660,-0.123010,-1.436050,ndi
1786504393.369459,75.633809,-0.022660,-0.123020,-1.436030,ndi
1786504393.386955,75.651305,-0.022640,-0.123010,-1.436030,ndi
1786504393.402010,75.666360,-0.022650,-0.123010,-1.436030,ndi
1786504393.419640,75.683990,-0.022630,-0.123020,-1.436040,ndi
1786504393.437019,75.701369,-0.022650,-0.123010,-1.436030,ndi
1786504393.452033,75.716383,-0.022650,-0.123010,-1.436040,ndi
1786504393.469493,75.733843,-0.022650,-0.123020,-1.436050,ndi
1786504393.486951,75.751301,-0.022630,-0.123020,-1.436030,ndi
1786504393.501968,75.766318,-0.022650,-0.123010,-1.436050,ndi
1786504393.519630,75.783980,-0.022660,-0.123010,-1.436060,ndi
1786504393.537136,75.801486,-0.022640,-0.123020,-1.436060,ndi
1786504393.552116,75.816466,-0.022660,-0.123010,-1.436040,ndi
1786504393.569437,75.833787,-0.022640,-0.123000,-1.436060,ndi
1786504393.586982,75.851332,-0.022650,-0.123020,-1.436060,ndi
1786504393.602016,75.866366,-0.022640,-0.123020,-1.436060,ndi
1786504393.619640,75.883990,-0.022640,-0.123020,-1.436070,ndi
1786504393.637176,75.901525,-0.022650,-0.123000,-1.436050,ndi
1786504393.652135,75.916485,-0.022640,-0.123010,-1.436050,ndi
1786504393.669466,75.933816,-0.022650,-0.123020,-1.436060,ndi
1786504393.686959,75.951309,-0.022640,-0.123020,-1.436070,ndi
1786504393.702074,75.966424,-0.022660,-0.123010,-1.436050,ndi
1786504393.719614,75.983964,-0.022660,-0.123010,-1.436060,ndi
1786504393.737066,76.001416,-0.022650,-0.123020,-1.436050,ndi
1786504393.752125,76.016475,-0.022670,-0.123010,-1.436030,ndi
1786504393.769454,76.033804,-0.022640,-0.123010,-1.436040,ndi
1786504393.786990,76.051340,-0.022650,-0.123010,-1.436020,ndi
1786504393.802008,76.066358,-0.022640,-0.123020,-1.436050,ndi
1786504393.819667,76.084017,-0.022630,-0.123010,-1.436030,ndi
1786504393.837116,76.101466,-0.022650,-0.123010,-1.436050,ndi
1786504393.852152,76.116502,-0.022640,-0.123010,-1.436020,ndi
1786504393.869488,76.133838,-0.022650,-0.123020,-1.436040,ndi
1786504393.886982,76.151332,-0.022650,-0.123010,-1.436040,ndi
1786504393.902059,76.166409,-0.022650,-0.123010,-1.436030,ndi
1786504393.919645,76.183995,-0.022650,-0.123010,-1.436030,ndi
1786504393.937176,76.201526,-0.022650,-0.123020,-1.436010,ndi
1786504393.952134,76.216484,-0.022660,-0.123010,-1.436010,ndi
1786504393.969494,76.233844,-0.022650,-0.123010,-1.436010,ndi
1786504393.987004,76.251354,-0.022640,-0.123010,-1.436040,ndi
1786504394.002043,76.266393,-0.022650,-0.123020,-1.436040,ndi
1786504394.019552,76.283902,-0.022640,-0.123020,-1.436030,ndi
1786504394.037049,76.301399,-0.022640,-0.123010,-1.436020,ndi
1786504394.052031,76.316381,-0.022640,-0.123010,-1.436040,ndi
1786504394.069481,76.333831,-0.022640,-0.123020,-1.436040,ndi
1786504394.086998,76.351348,-0.022660,-0.123020,-1.436020,ndi
1786504394.102075,76.366425,-0.022650,-0.123010,-1.436000,ndi
1786504394.119560,76.383910,-0.022650,-0.123010,-1.436020,ndi
1786504394.137054,76.401404,-0.022660,-0.123020,-1.436020,ndi
1786504394.152111,76.416461,-0.022650,-0.123020,-1.436030,ndi
1786504394.169458,76.433808,-0.022650,-0.123000,-1.436010,ndi
1786504394.186972,76.451322,-0.022630,-0.123010,-1.436020,ndi
1786504394.201989,76.466339,-0.022640,-0.123020,-1.436020,ndi
1786504394.219536,76.483886,-0.022640,-0.123020,-1.436040,ndi
1786504394.237057,76.501407,-0.022640,-0.123010,-1.436020,ndi
1786504394.252185,76.516535,-0.022650,-0.123010,-1.436020,ndi
1786504394.269483,76.533833,-0.022640,-0.123020,-1.436020,ndi
1786504394.286952,76.551302,-0.022650,-0.123020,-1.436030,ndi
1786504394.301966,76.566316,-0.022650,-0.123000,-1.436040,ndi
1786504394.319518,76.583868,-0.022650,-0.123010,-1.436030,ndi
1786504394.337172,76.601522,-0.022650,-0.123030,-1.436020,ndi
1786504394.352133,76.616483,-0.022640,-0.123020,-1.436040,ndi
1786504394.369504,76.633854,-0.022650,-0.123000,-1.436040,ndi
1786504394.386971,76.651321,-0.022640,-0.123010,-1.436040,ndi
1786504394.402030,76.666380,-0.022650,-0.123020,-1.436040,ndi
1786504394.419672,76.684022,-0.022650,-0.123020,-1.436040,ndi
1786504394.437092,76.701442,-0.022650,-0.123010,-1.436030,ndi
1786504394.452137,76.716487,-0.022650,-0.123020,-1.436050,ndi
1786504394.469495,76.733845,-0.022670,-0.123020,-1.436050,ndi
1786504394.487039,76.751389,-0.022650,-0.123010,-1.436030,ndi
1786504394.502151,76.766501,-0.022650,-0.123010,-1.436050,ndi
1786504394.519973,76.784323,-0.022660,-0.123020,-1.436040,ndi
1786504394.537126,76.801476,-0.022650,-0.123020,-1.436040,ndi
1786504394.552117,76.816467,-0.022650,-0.123010,-1.436030,ndi
1786504394.569500,76.833850,-0.022630,-0.123010,-1.436060,ndi
1786504394.586989,76.851339,-0.022650,-0.123010,-1.436030,ndi
1786504394.602065,76.866415,-0.022640,-0.123020,-1.436040,ndi
1786504394.619663,76.884013,-0.022640,-0.123010,-1.436040,ndi
1786504394.637150,76.901500,-0.022640,-0.123010,-1.436030,ndi
1786504394.652138,76.916488,-0.022640,-0.123010,-1.436040,ndi
1786504394.669532,76.933882,-0.022660,-0.123020,-1.436020,ndi
1786504394.686999,76.951349,-0.022660,-0.123010,-1.436040,ndi
1786504394.702206,76.966556,-0.022660,-0.123010,-1.436040,ndi
1786504394.719640,76.983990,-0.022650,-0.123010,-1.436040,ndi
1786504394.737021,77.001371,-0.022650,-0.123020,-1.436030,ndi
1786504394.752001,77.016351,-0.022650,-0.123010,-1.436040,ndi
1786504394.769530,77.033880,-0.022630,-0.123010,-1.436040,ndi
1786504394.787029,77.051379,-0.022650,-0.123010,-1.436040,ndi
1786504394.802060,77.066410,-0.022640,-0.123020,-1.436050,ndi
1786504394.819541,77.083891,-0.022640,-0.123010,-1.436030,ndi
1786504394.837148,77.101498,-0.022650,-0.123010,-1.436050,ndi
1786504394.852219,77.116569,-0.022640,-0.123020,-1.436050,ndi
1786504394.869543,77.133893,-0.022650,-0.123010,-1.436050,ndi
1786504394.887030,77.151380,-0.022650,-0.123010,-1.436030,ndi
1786504394.902032,77.166382,-0.022660,-0.123010,-1.436040,ndi
1786504394.919553,77.183903,-0.022650,-0.123010,-1.436040,ndi
1786504394.937012,77.201362,-0.022650,-0.123010,-1.436040,ndi
1786504394.952171,77.216521,-0.022640,-0.123010,-1.436040,ndi
1786504394.969497,77.233847,-0.022640,-0.123010,-1.436030,ndi
1786504394.987002,77.251352,-0.022640,-0.123010,-1.436050,ndi
1786504395.001993,77.266343,-0.022630,-0.123020,-1.436040,ndi
1786504395.019507,77.283857,-0.022650,-0.123010,-1.436040,ndi
1786504395.037063,77.301413,-0.022640,-0.123010,-1.436050,ndi
1786504395.052183,77.316533,-0.022660,-0.123020,-1.436030,ndi
1786504395.069501,77.333851,-0.022650,-0.123010,-1.436050,ndi
1786504395.087015,77.351365,-0.022650,-0.123010,-1.436040,ndi
1786504395.102101,77.366451,-0.022660,-0.123010,-1.436040,ndi
1786504395.119632,77.383982,-0.022650,-0.123020,-1.436070,ndi
1786504395.137056,77.401406,-0.022650,-0.123010,-1.436040,ndi
1786504395.152153,77.416503,-0.022640,-0.123010,-1.436050,ndi
1786504395.169518,77.433868,-0.022640,-0.123010,-1.436040,ndi
1786504395.187003,77.451353,-0.022640,-0.123020,-1.436060,ndi
1786504395.202083,77.466433,-0.022640,-0.123010,-1.436050,ndi
1786504395.219544,77.483894,-0.022640,-0.123010,-1.436050,ndi
1786504395.237043,77.501393,-0.022640,-0.123020,-1.436060,ndi
1786504395.252145,77.516495,-0.022650,-0.123020,-1.436040,ndi
1786504395.269515,77.533864,-0.022650,-0.123010,-1.436040,ndi
1786504395.287031,77.551381,-0.022660,-0.123010,-1.436030,ndi
1786504395.302040,77.566390,-0.022650,-0.123020,-1.436040,ndi
1786504395.319710,77.584060,-0.022660,-0.123020,-1.436030,ndi
1786504395.337148,77.601498,-0.022640,-0.123010,-1.436060,ndi
1786504395.352164,77.616513,-0.022640,-0.123000,-1.436040,ndi
1786504395.369515,77.633865,-0.022650,-0.123010,-1.436030,ndi
1786504395.387020,77.651370,-0.022640,-0.123020,-1.436060,ndi
1786504395.402094,77.666444,-0.022640,-0.123010,-1.436070,ndi
1786504395.419582,77.683932,-0.022640,-0.123000,-1.436050,ndi
1786504395.437122,77.701472,-0.022650,-0.123020,-1.436060,ndi
1786504395.452091,77.716441,-0.022650,-0.123020,-1.436040,ndi
1786504395.469527,77.733877,-0.022650,-0.123010,-1.436070,ndi
1786504395.487033,77.751383,-0.022660,-0.123000,-1.436020,ndi
1786504395.502146,77.766496,-0.022650,-0.123020,-1.436040,ndi
1786504395.519648,77.783998,-0.022660,-0.123020,-1.436030,ndi
1786504395.537185,77.801535,-0.022630,-0.123010,-1.436060,ndi
1786504395.552163,77.816513,-0.022650,-0.123010,-1.436060,ndi
1786504395.569541,77.833890,-0.022640,-0.123020,-1.436050,ndi
1786504395.587029,77.851378,-0.022640,-0.123020,-1.436050,ndi
1786504395.602108,77.866458,-0.022660,-0.123000,-1.436030,ndi
1786504395.619637,77.883987,-0.022640,-0.123010,-1.436060,ndi
1786504395.637155,77.901505,-0.022660,-0.123020,-1.436020,ndi
1786504395.652155,77.916505,-0.022650,-0.123020,-1.436040,ndi
1786504395.669516,77.933866,-0.022650,-0.123000,-1.436040,ndi
1786504395.687046,77.951396,-0.022650,-0.123010,-1.436060,ndi
1786504395.702011,77.966361,-0.022650,-0.123030,-1.436040,ndi
1786504395.719499,77.983849,-0.022650,-0.123020,-1.436030,ndi
1786504395.737053,78.001403,-0.022640,-0.123000,-1.436030,ndi
1786504395.752166,78.016515,-0.022650,-0.123010,-1.436040,ndi
1786504395.769520,78.033870,-0.022640,-0.123030,-1.436050,ndi
1786504395.787045,78.051395,-0.022650,-0.123020,-1.436040,ndi
1786504395.802084,78.066434,-0.022640,-0.123000,-1.436030,ndi
1786504395.819695,78.084045,-0.022650,-0.123010,-1.436030,ndi
1786504395.837218,78.101568,-0.022650,-0.123030,-1.436030,ndi
1786504395.852143,78.116493,-0.022640,-0.123020,-1.436020,ndi
1786504395.869542,78.133892,-0.022650,-0.123000,-1.436020,ndi
1786504395.887029,78.151379,-0.022640,-0.123020,-1.436040,ndi
1786504395.902085,78.166435,-0.022660,-0.123030,-1.436000,ndi
1786504395.919574,78.183924,-0.022640,-0.123020,-1.436030,ndi
1786504395.937141,78.201491,-0.022650,-0.123000,-1.436020,ndi
1786504395.952109,78.216459,-0.022650,-0.123010,-1.436030,ndi
1786504395.969541,78.233891,-0.022630,-0.123030,-1.436030,ndi
1786504395.987041,78.251390,-0.022650,-0.123010,-1.436020,ndi
1786504396.002093,78.266443,-0.022640,-0.123000,-1.436050,ndi
1786504396.019593,78.283943,-0.022640,-0.123010,-1.436030,ndi
1786504396.037255,78.301605,-0.022650,-0.123030,-1.436040,ndi
1786504396.052271,78.316621,-0.022660,-0.123020,-1.436060,ndi
1786504396.069520,78.333870,-0.022650,-0.123000,-1.436040,ndi
1786504396.087052,78.351402,-0.022660,-0.123020,-1.436050,ndi
1786504396.102057,78.366407,-0.022660,-0.123030,-1.436040,ndi
1786504396.119599,78.383949,-0.022640,-0.123010,-1.436070,ndi
1786504396.137118,78.401468,-0.022640,-0.123000,-1.436060,ndi
1786504396.152269,78.416619,-0.022650,-0.123020,-1.436070,ndi
1786504396.169520,78.433870,-0.022650,-0.123030,-1.436070,ndi
1786504396.187053,78.451403,-0.022640,-0.123000,-1.436040,ndi
1786504396.202044,78.466393,-0.022640,-0.123000,-1.436060,ndi
1786504396.219613,78.483963,-0.022660,-0.123020,-1.436060,ndi
1786504396.237169,78.501518,-0.022650,-0.123030,-1.436070,ndi
1786504396.252162,78.516511,-0.022650,-0.123010,-1.436040,ndi
1786504396.269567,78.533917,-0.022650,-0.123000,-1.436060,ndi
1786504396.287056,78.551406,-0.022660,-0.123020,-1.436050,ndi
1786504396.302093,78.566442,-0.022640,-0.123030,-1.436060,ndi
1786504396.319616,78.583966,-0.022640,-0.123000,-1.436050,ndi
1786504396.337322,78.601672,-0.022640,-0.123000,-1.436040,ndi
1786504396.352299,78.616649,-0.022640,-0.123020,-1.436060,ndi
1786504396.369548,78.633898,-0.022650,-0.123030,-1.436050,ndi
1786504396.384596,78.648946,-0.022640,-0.123010,-1.436060,ndi
1786504396.402133,78.666483,-0.022660,-0.123000,-1.436030,ndi
1786504396.419678,78.684028,-0.022650,-0.123020,-1.436050,ndi
1786504396.437130,78.701480,-0.022650,-0.123020,-1.436050,ndi
1786504396.452147,78.716497,-0.022650,-0.123000,-1.436020,ndi
1786504396.469532,78.733881,-0.022640,-0.123010,-1.436060,ndi
1786504396.487024,78.751374,-0.022660,-0.123020,-1.436030,ndi
1786504396.502079,78.766428,-0.022640,-0.123020,-1.436040,ndi
1786504396.519581,78.783931,-0.022650,-0.123000,-1.436040,ndi
1786504396.537289,78.801639,-0.022630,-0.123010,-1.436030,ndi
1786504396.552269,78.816619,-0.022640,-0.123030,-1.436040,ndi
1786504396.569544,78.833894,-0.022650,-0.123010,-1.436030,ndi
1786504396.584649,78.848999,-0.022640,-0.123010,-1.436040,ndi
1786504396.602071,78.866421,-0.022650,-0.123010,-1.436040,ndi
1786504396.619633,78.883983,-0.022650,-0.123020,-1.436070,ndi
1786504396.634707,78.899057,-0.022660,-0.123010,-1.436040,ndi
1786504396.652094,78.916444,-0.022650,-0.123010,-1.436050,ndi
1786504396.669542,78.933892,-0.022660,-0.123020,-1.436050,ndi
1786504396.686990,78.951340,-0.022650,-0.123020,-1.436030,ndi
1786504396.702126,78.966476,-0.022640,-0.123010,-1.436040,ndi
1786504396.719644,78.983994,-0.022640,-0.123010,-1.436020,ndi
1786504396.737133,79.001483,-0.022640,-0.123020,-1.436030,ndi
1786504396.752160,79.016510,-0.022640,-0.123020,-1.436030,ndi
1786504396.769585,79.033935,-0.022640,-0.123010,-1.436020,ndi
1786504396.787060,79.051410,-0.022650,-0.123010,-1.436030,ndi
1786504396.802176,79.066525,-0.022640,-0.123020,-1.436040,ndi
1786504396.819623,79.083973,-0.022650,-0.123010,-1.436030,ndi
1786504396.837097,79.101447,-0.022650,-0.123010,-1.436030,ndi
1786504396.852123,79.116473,-0.022640,-0.123020,-1.436030,ndi
1786504396.869510,79.133860,-0.022650,-0.123020,-1.436020,ndi
1786504396.887036,79.151386,-0.022640,-0.123010,-1.436040,ndi
1786504396.902092,79.166442,-0.022640,-0.123010,-1.436050,ndi
1786504396.919662,79.184012,-0.022640,-0.123020,-1.436040,ndi
1786504396.937173,79.201523,-0.022650,-0.123010,-1.436070,ndi
1786504396.952153,79.216503,-0.022650,-0.123010,-1.436020,ndi
1786504396.969532,79.233881,-0.022640,-0.123020,-1.436050,ndi
1786504396.987073,79.251423,-0.022650,-0.123010,-1.436020,ndi
1786504397.002087,79.266437,-0.022660,-0.123010,-1.436050,ndi
1786504397.019580,79.283930,-0.022660,-0.123010,-1.436050,ndi
1786504397.037163,79.301512,-0.022650,-0.123020,-1.436050,ndi
1786504397.052293,79.316643,-0.022650,-0.123020,-1.436040,ndi
1786504397.069569,79.333919,-0.022660,-0.123000,-1.436040,ndi
1786504397.087039,79.351388,-0.022630,-0.123010,-1.436050,ndi
1786504397.102081,79.366431,-0.022650,-0.123020,-1.436040,ndi
1786504397.119711,79.384061,-0.022640,-0.123020,-1.436040,ndi
1786504397.137300,79.401650,-0.022650,-0.123010,-1.436040,ndi
1786504397.152272,79.416622,-0.022650,-0.123010,-1.436030,ndi
1786504397.169531,79.433881,-0.022640,-0.123030,-1.436030,ndi
1786504397.187076,79.451426,-0.022640,-0.123020,-1.436040,ndi
1786504397.202080,79.466430,-0.022640,-0.123000,-1.436030,ndi
1786504397.219622,79.483972,-0.022660,-0.123010,-1.436040,ndi
1786504397.237214,79.501564,-0.022650,-0.123040,-1.436050,ndi
1786504397.252259,79.516609,-0.022660,-0.123020,-1.436030,ndi
1786504397.269530,79.533880,-0.022660,-0.123000,-1.436040,ndi
1786504397.287071,79.551421,-0.022650,-0.123020,-1.436040,ndi
1786504397.302149,79.566499,-0.022650,-0.123030,-1.436040,ndi
1786504397.319587,79.583937,-0.022640,-0.123020,-1.436040,ndi
1786504397.337138,79.601488,-0.022650,-0.123000,-1.436020,ndi
1786504397.352078,79.616428,-0.022650,-0.123020,-1.436030,ndi
1786504397.369572,79.633922,-0.022650,-0.123030,-1.436020,ndi
1786504397.387064,79.651414,-0.022650,-0.123010,-1.436040,ndi
1786504397.402205,79.666555,-0.022660,-0.123010,-1.436040,ndi
1786504397.419791,79.684141,-0.022650,-0.123030,-1.436040,ndi
1786504397.437262,79.701612,-0.022650,-0.123030,-1.436050,ndi
1786504397.452220,79.716570,-0.022670,-0.123010,-1.436040,ndi
1786504397.469505,79.733855,-0.022650,-0.123010,-1.436050,ndi
1786504397.487083,79.751433,-0.022650,-0.123030,-1.436040,ndi
1786504397.502112,79.766462,-0.022650,-0.123030,-1.436030,ndi
1786504397.519616,79.783966,-0.022650,-0.123010,-1.436030,ndi
1786504397.537357,79.801707,-0.022640,-0.123010,-1.436040,ndi
1786504397.552234,79.816584,-0.022640,-0.123040,-1.436040,ndi
1786504397.569589,79.833939,-0.022650,-0.123030,-1.436030,ndi
1786504397.584633,79.848983,-0.022660,-0.123010,-1.436040,ndi
1786504397.602149,79.866499,-0.022670,-0.123010,-1.436030,ndi
1786504397.619745,79.884094,-0.022650,-0.123040,-1.436040,ndi
1786504397.637264,79.901614,-0.022660,-0.123030,-1.436010,ndi
1786504397.652286,79.916636,-0.022660,-0.123000,-1.436030,ndi
1786504397.669576,79.933926,-0.022650,-0.123020,-1.436030,ndi
1786504397.687098,79.951448,-0.022650,-0.123040,-1.436020,ndi
1786504397.702184,79.966534,-0.022640,-0.123030,-1.436040,ndi
1786504397.719800,79.984149,-0.022650,-0.123010,-1.436030,ndi
1786504397.737294,80.001644,-0.022640,-0.123020,-1.436020,ndi
1786504397.752169,80.016519,-0.022650,-0.123040,-1.436030,ndi
1786504397.769589,80.033939,-0.022660,-0.123030,-1.436010,ndi
1786504397.787067,80.051417,-0.022650,-0.123010,-1.436060,ndi
1786504397.802222,80.066572,-0.022660,-0.123010,-1.436030,ndi
1786504397.819622,80.083972,-0.022650,-0.123040,-1.436040,ndi
1786504397.837209,80.101559,-0.022660,-0.123020,-1.436030,ndi
1786504397.852174,80.116524,-0.022660,-0.123010,-1.436030,ndi
1786504397.869524,80.133874,-0.022650,-0.123010,-1.436020,ndi
1786504397.887055,80.151405,-0.022640,-0.123030,-1.436030,ndi
1786504397.902186,80.166536,-0.022650,-0.123020,-1.436050,ndi
1786504397.919730,80.184080,-0.022640,-0.123010,-1.436040,ndi
1786504397.937220,80.201570,-0.022640,-0.123020,-1.436040,ndi
1786504397.952205,80.216555,-0.022650,-0.123040,-1.436030,ndi
1786504397.969561,80.233911,-0.022640,-0.123020,-1.436040,ndi
1786504397.987068,80.251418,-0.022660,-0.123010,-1.436030,ndi
1786504398.002086,80.266436,-0.022650,-0.123010,-1.436040,ndi
1786504398.019611,80.283961,-0.022670,-0.123030,-1.436030,ndi
1786504398.037178,80.301528,-0.022660,-0.123020,-1.436040,ndi
1786504398.052138,80.316488,-0.022650,-0.123010,-1.436030,ndi
1786504398.069552,80.333902,-0.022650,-0.123020,-1.436020,ndi
1786504398.087047,80.351397,-0.022640,-0.123030,-1.436060,ndi
1786504398.102136,80.366486,-0.022650,-0.123020,-1.436030,ndi
1786504398.119715,80.384065,-0.022650,-0.123010,-1.436040,ndi
1786504398.137241,80.401591,-0.022640,-0.123020,-1.436050,ndi
1786504398.152245,80.416595,-0.022650,-0.123030,-1.436030,ndi
1786504398.169554,80.433904,-0.022650,-0.123030,-1.436050,ndi
1786504398.187064,80.451414,-0.022650,-0.123010,-1.436040,ndi
1786504398.202114,80.466464,-0.022650,-0.123010,-1.436040,ndi
1786504398.219607,80.483957,-0.022660,-0.123020,-1.436030,ndi
1786504398.237174,80.501524,-0.022660,-0.123020,-1.436020,ndi
1786504398.252168,80.516518,-0.022650,-0.123010,-1.436020,ndi
1786504398.269564,80.533914,-0.022650,-0.123010,-1.436020,ndi
1786504398.287068,80.551418,-0.022640,-0.123020,-1.436060,ndi
1786504398.302163,80.566513,-0.022650,-0.123020,-1.436050,ndi
1786504398.319643,80.583993,-0.022640,-0.123020,-1.436050,ndi
1786504398.337208,80.601558,-0.022650,-0.123010,-1.436050,ndi
1786504398.352305,80.616655,-0.022650,-0.123020,-1.436050,ndi
1786504398.369601,80.633951,-0.022660,-0.123020,-1.436050,ndi
1786504398.387073,80.651423,-0.022660,-0.123010,-1.436040,ndi
1786504398.402158,80.666508,-0.022650,-0.123010,-1.436030,ndi
1786504398.419826,80.684175,-0.022660,-0.123020,-1.436040,ndi
1786504398.437328,80.701678,-0.022650,-0.123020,-1.436040,ndi
1786504398.452234,80.716584,-0.022650,-0.123010,-1.436030,ndi
1786504398.469616,80.733966,-0.022640,-0.123010,-1.436030,ndi
1786504398.487092,80.751442,-0.022650,-0.123020,-1.436050,ndi
1786504398.502132,80.766482,-0.022650,-0.123020,-1.436030,ndi
1786504398.519614,80.783964,-0.022640,-0.123010,-1.436030,ndi
1786504398.537257,80.801607,-0.022650,-0.123020,-1.436030,ndi
1786504398.552232,80.816582,-0.022640,-0.123020,-1.436020,ndi
1786504398.569615,80.833965,-0.022660,-0.123020,-1.436020,ndi
1786504398.587101,80.851451,-0.022650,-0.123020,-1.436040,ndi
1786504398.602144,80.866494,-0.022650,-0.123020,-1.436040,ndi
1786504398.619667,80.884017,-0.022660,-0.123020,-1.436030,ndi
1786504398.637194,80.901544,-0.022660,-0.123020,-1.436030,ndi
1786504398.652218,80.916568,-0.022650,-0.123020,-1.436030,ndi
1786504398.669589,80.933939,-0.022640,-0.123020,-1.436040,ndi
1786504398.687087,80.951437,-0.022640,-0.123010,-1.436040,ndi
1786504398.702152,80.966502,-0.022650,-0.123020,-1.436030,ndi
1786504398.719635,80.983985,-0.022650,-0.123020,-1.436030,ndi
1786504398.737319,81.001668,-0.022650,-0.123020,-1.436060,ndi
1786504398.752233,81.016583,-0.022640,-0.123020,-1.436040,ndi
1786504398.769603,81.033953,-0.022660,-0.123020,-1.436020,ndi
1786504398.787093,81.051443,-0.022660,-0.123020,-1.436030,ndi
1786504398.802083,81.066433,-0.022650,-0.123020,-1.436040,ndi
1786504398.819578,81.083928,-0.022650,-0.123010,-1.436040,ndi
1786504398.837092,81.101442,-0.022650,-0.123020,-1.436040,ndi
1786504398.852223,81.116573,-0.022650,-0.123030,-1.436040,ndi
1786504398.869594,81.133944,-0.022650,-0.123030,-1.436040,ndi
1786504398.887079,81.151429,-0.022640,-0.123020,-1.436050,ndi
1786504398.902098,81.166448,-0.022650,-0.123020,-1.436050,ndi
1786504398.919609,81.183959,-0.022640,-0.123020,-1.436040,ndi
1786504398.937110,81.201460,-0.022640,-0.123030,-1.436060,ndi
1786504398.952144,81.216494,-0.022670,-0.123020,-1.436040,ndi
1786504398.969588,81.233938,-0.022650,-0.123020,-1.436030,ndi
1786504398.987084,81.251434,-0.022660,-0.123020,-1.436020,ndi
1786504399.002197,81.266547,-0.022660,-0.123020,-1.436020,ndi
1786504399.019720,81.284070,-0.022640,-0.123010,-1.436030,ndi
1786504399.037217,81.301567,-0.022650,-0.123020,-1.436030,ndi
1786504399.052249,81.316599,-0.022630,-0.123030,-1.436030,ndi
1786504399.069578,81.333928,-0.022660,-0.123020,-1.436020,ndi
1786504399.087100,81.351450,-0.022640,-0.123010,-1.436020,ndi
1786504399.102169,81.366519,-0.022650,-0.123010,-1.436010,ndi
1786504399.119675,81.384025,-0.022650,-0.123020,-1.436030,ndi
1786504399.137217,81.401567,-0.022630,-0.123010,-1.436040,ndi
1786504399.152265,81.416615,-0.022660,-0.123010,-1.436020,ndi
1786504399.169617,81.433967,-0.022640,-0.123020,-1.436040,ndi
1786504399.187114,81.451463,-0.022650,-0.123010,-1.436010,ndi
1786504399.202306,81.466655,-0.022650,-0.123010,-1.436030,ndi
1786504399.219769,81.484119,-0.022650,-0.123010,-1.436020,ndi
1786504399.237332,81.501682,-0.022640,-0.123020,-1.436020,ndi
1786504399.252323,81.516673,-0.022630,-0.123010,-1.436050,ndi
1786504399.269605,81.533955,-0.022650,-0.123010,-1.436010,ndi
1786504399.287116,81.551466,-0.022640,-0.123010,-1.436030,ndi
1786504399.302165,81.566514,-0.022640,-0.123020,-1.436000,ndi
1786504399.319630,81.583980,-0.022640,-0.123010,-1.436000,ndi
1786504399.337142,81.601492,-0.022650,-0.123010,-1.436030,ndi
1786504399.352184,81.616534,-0.022640,-0.123010,-1.436020,ndi
1786504399.369606,81.633955,-0.022650,-0.123010,-1.436020,ndi
1786504399.387098,81.651448,-0.022650,-0.123000,-1.436000,ndi
1786504399.402085,81.666435,-0.022640,-0.123010,-1.436020,ndi
1786504399.419676,81.684026,-0.022650,-0.123010,-1.436030,ndi
1786504399.437259,81.701609,-0.022630,-0.123010,-1.436030,ndi
1786504399.452389,81.716739,-0.022630,-0.123000,-1.436030,ndi
1786504399.469638,81.733988,-0.022630,-0.123010,-1.436030,ndi
1786504399.487117,81.751467,-0.022650,-0.123010,-1.436040,ndi
1786504399.502216,81.766566,-0.022630,-0.123000,-1.436030,ndi
1786504399.519707,81.784057,-0.022630,-0.123000,-1.436050,ndi
1786504399.537235,81.801585,-0.022650,-0.123010,-1.436020,ndi
1786504399.552222,81.816572,-0.022640,-0.123010,-1.436030,ndi
1786504399.569593,81.833943,-0.022650,-0.123000,-1.436020,ndi
1786504399.587101,81.851451,-0.022650,-0.122990,-1.436010,ndi
1786504399.602147,81.866497,-0.022640,-0.123000,-1.436020,ndi
1786504399.619636,81.883986,-0.022630,-0.123000,-1.436010,ndi
1786504399.637151,81.901501,-0.022630,-0.123000,-1.436040,ndi
1786504399.652295,81.916645,-0.022630,-0.122990,-1.436020,ndi
1786504399.669594,81.933944,-0.022620,-0.123000,-1.436020,ndi
1786504399.687110,81.951460,-0.022640,-0.123000,-1.436030,ndi
1786504399.702143,81.966493,-0.022630,-0.123000,-1.436010,ndi
1786504399.719717,81.984067,-0.022640,-0.123000,-1.436010,ndi
1786504399.737224,82.001574,-0.022640,-0.123000,-1.436030,ndi
1786504399.752220,82.016570,-0.022630,-0.123000,-1.436040,ndi
1786504399.769600,82.033950,-0.022640,-0.123000,-1.436050,ndi
1786504399.787098,82.051448,-0.022640,-0.123000,-1.436050,ndi
1786504399.802076,82.066426,-0.022650,-0.123000,-1.436030,ndi
1786504399.819737,82.084087,-0.022630,-0.123010,-1.436050,ndi
1786504399.837101,82.101451,-0.022630,-0.123000,-1.436050,ndi
1786504399.852389,82.116739,-0.022630,-0.123000,-1.436030,ndi
1786504399.869612,82.133962,-0.022620,-0.123000,-1.436040,ndi
1786504399.887083,82.151433,-0.022630,-0.123000,-1.436060,ndi
1786504399.902174,82.166523,-0.022620,-0.123010,-1.436060,ndi
1786504399.919679,82.184029,-0.022620,-0.123000,-1.436050,ndi
1786504399.937254,82.201604,-0.022640,-0.123000,-1.436060,ndi
1786504399.952235,82.216585,-0.022640,-0.123000,-1.436040,ndi
1786504399.969597,82.233947,-0.022630,-0.123000,-1.436060,ndi
1786504399.984653,82.249002,-0.022630,-0.123000,-1.436050,ndi
1786504400.002131,82.266481,-0.022650,-0.123000,-1.436050,ndi
1786504400.019693,82.284043,-0.022620,-0.123010,-1.436040,ndi
1786504400.037083,82.301433,-0.022630,-0.123000,-1.436030,ndi
1786504400.052161,82.316511,-0.022630,-0.122990,-1.436030,ndi
1786504400.069654,82.334004,-0.022630,-0.122990,-1.436050,ndi
1786504400.087174,82.351524,-0.022630,-0.123010,-1.436040,ndi
1786504400.102143,82.366493,-0.022630,-0.123000,-1.436050,ndi
1786504400.119656,82.384006,-0.022640,-0.123000,-1.436080,ndi
1786504400.137165,82.401515,-0.022640,-0.123000,-1.436060,ndi
1786504400.152131,82.416481,-0.022640,-0.123010,-1.436070,ndi
1786504400.169647,82.433996,-0.022630,-0.123000,-1.436080,ndi
1786504400.184669,82.449019,-0.022660,-0.122990,-1.436080,ndi
1786504400.202144,82.466494,-0.022630,-0.123010,-1.436060,ndi
1786504400.219722,82.484071,-0.022630,-0.123010,-1.436070,ndi
1786504400.237192,82.501542,-0.022630,-0.123000,-1.436060,ndi
1786504400.252170,82.516520,-0.022620,-0.122990,-1.436080,ndi
1786504400.269616,82.533966,-0.022640,-0.123000,-1.436040,ndi
1786504400.287066,82.551416,-0.022620,-0.123010,-1.436060,ndi
1786504400.302146,82.566496,-0.022650,-0.123000,-1.436060,ndi
1786504400.319715,82.584065,-0.022650,-0.122990,-1.436050,ndi
1786504400.337209,82.601559,-0.022640,-0.123000,-1.436070,ndi
1786504400.352165,82.616515,-0.022640,-0.123010,-1.436050,ndi
1786504400.369637,82.633987,-0.022630,-0.123000,-1.436070,ndi
1786504400.387089,82.651439,-0.022650,-0.122990,-1.436070,ndi
1786504400.402167,82.666517,-0.022630,-0.123000,-1.436090,ndi
1786504400.419666,82.684016,-0.022640,-0.123010,-1.436060,ndi
1786504400.437174,82.701524,-0.022630,-0.122990,-1.436080,ndi
1786504400.452218,82.716568,-0.022620,-0.122990,-1.436090,ndi
1786504400.469633,82.733983,-0.022630,-0.123010,-1.436060,ndi
1786504400.487114,82.751464,-0.022630,-0.123010,-1.436070,ndi
1786504400.502125,82.766475,-0.022630,-0.123000,-1.436070,ndi
1786504400.519650,82.783999,-0.022630,-0.123000,-1.436070,ndi
1786504400.537220,82.801570,-0.022650,-0.123010,-1.436080,ndi
1786504400.552226,82.816576,-0.022650,-0.123010,-1.436060,ndi
1786504400.569588,82.833938,-0.022640,-0.123000,-1.436070,ndi
1786504400.584664,82.849014,-0.022640,-0.123000,-1.436060,ndi
1786504400.602166,82.866516,-0.022630,-0.123010,-1.436090,ndi
1786504400.619744,82.884094,-0.022640,-0.123000,-1.436080,ndi
1786504400.637256,82.901606,-0.022630,-0.123000,-1.436070,ndi
1786504400.652258,82.916608,-0.022640,-0.123010,-1.436060,ndi
1786504400.669634,82.933984,-0.022620,-0.123010,-1.436050,ndi
1786504400.687127,82.951477,-0.022640,-0.123000,-1.436040,ndi
1786504400.702174,82.966524,-0.022630,-0.123000,-1.436040,ndi
1786504400.719628,82.983978,-0.022630,-0.123010,-1.436040,ndi
1786504400.737296,83.001646,-0.022640,-0.123000,-1.436050,ndi
1786504400.752221,83.016571,-0.022640,-0.123000,-1.436050,ndi
1786504400.769585,83.033935,-0.022650,-0.123000,-1.436050,ndi
1786504400.784651,83.049001,-0.022640,-0.123010,-1.436040,ndi
1786504400.802123,83.066473,-0.022620,-0.123010,-1.436040,ndi
1786504400.819721,83.084071,-0.022630,-0.122990,-1.436040,ndi
1786504400.837268,83.101618,-0.022630,-0.123010,-1.436050,ndi
1786504400.852285,83.116635,-0.022620,-0.123020,-1.436050,ndi
1786504400.869641,83.133991,-0.022620,-0.123000,-1.436050,ndi
1786504400.887127,83.151477,-0.022650,-0.122990,-1.436060,ndi
1786504400.902177,83.166527,-0.022640,-0.123000,-1.436030,ndi
1786504400.919672,83.184022,-0.022640,-0.123010,-1.436040,ndi
1786504400.937246,83.201596,-0.022640,-0.123000,-1.436050,ndi
1786504400.952260,83.216610,-0.022630,-0.122990,-1.436050,ndi
1786504400.969577,83.233927,-0.022650,-0.123000,-1.436020,ndi
1786504400.984671,83.249021,-0.022630,-0.123010,-1.436060,ndi
1786504401.002196,83.266546,-0.022630,-0.122990,-1.436060,ndi
1786504401.019724,83.284074,-0.022630,-0.122990,-1.436040,ndi
1786504401.037185,83.301535,-0.022640,-0.123000,-1.436050,ndi
1786504401.052178,83.316528,-0.022620,-0.123010,-1.436050,ndi
1786504401.069651,83.334001,-0.022630,-0.122990,-1.436040,ndi
1786504401.087140,83.351490,-0.022630,-0.122990,-1.436030,ndi
1786504401.102251,83.366601,-0.022640,-0.123000,-1.436060,ndi
1786504401.119698,83.384048,-0.022640,-0.123000,-1.436050,ndi
1786504401.137277,83.401627,-0.022630,-0.122990,-1.436050,ndi
1786504401.152319,83.416669,-0.022650,-0.122990,-1.436040,ndi
1786504401.169597,83.433947,-0.022640,-0.123000,-1.436050,ndi
1786504401.187156,83.451506,-0.022630,-0.123000,-1.436030,ndi
1786504401.202163,83.466513,-0.022630,-0.122990,-1.436070,ndi
1786504401.219666,83.484016,-0.022620,-0.123000,-1.436070,ndi
1786504401.237154,83.501504,-0.022630,-0.123010,-1.436050,ndi
1786504401.252174,83.516524,-0.022620,-0.123000,-1.436080,ndi
1786504401.269644,83.533993,-0.022640,-0.123000,-1.436070,ndi
1786504401.287137,83.551486,-0.022630,-0.123000,-1.436060,ndi
1786504401.302273,83.566622,-0.022640,-0.123010,-1.436060,ndi
1786504401.319837,83.584187,-0.022640,-0.123000,-1.436070,ndi
1786504401.337285,83.601635,-0.022640,-0.123000,-1.436070,ndi
1786504401.352233,83.616583,-0.022650,-0.123000,-1.436070,ndi
1786504401.369604,83.633954,-0.022640,-0.123010,-1.436070,ndi
1786504401.387146,83.651495,-0.022630,-0.123010,-1.436090,ndi
1786504401.402139,83.666489,-0.022630,-0.123000,-1.436080,ndi
1786504401.419789,83.684139,-0.022640,-0.123010,-1.436080,ndi
1786504401.437238,83.701588,-0.022630,-0.123010,-1.436080,ndi
1786504401.452271,83.716620,-0.022630,-0.123010,-1.436090,ndi
1786504401.469669,83.734019,-0.022640,-0.123000,-1.436070,ndi
1786504401.487123,83.751473,-0.022640,-0.123010,-1.436090,ndi
1786504401.502217,83.766567,-0.022650,-0.123010,-1.436080,ndi
1786504401.519650,83.784000,-0.022640,-0.123010,-1.436060,ndi
1786504401.537267,83.801617,-0.022650,-0.123010,-1.436060,ndi
1786504401.552238,83.816588,-0.022650,-0.123000,-1.436060,ndi
1786504401.569592,83.833942,-0.022640,-0.123010,-1.436070,ndi
1786504401.584695,83.849045,-0.022640,-0.123010,-1.436060,ndi
1786504401.602206,83.866556,-0.022620,-0.123010,-1.436070,ndi
1786504401.619633,83.883983,-0.022640,-0.123000,-1.436050,ndi
1786504401.637282,83.901632,-0.022630,-0.123010,-1.436080,ndi
1786504401.652257,83.916607,-0.022650,-0.123020,-1.436080,ndi
1786504401.669683,83.934033,-0.022640,-0.123010,-1.436060,ndi
1786504401.687154,83.951504,-0.022650,-0.123010,-1.436070,ndi
1786504401.702201,83.966551,-0.022650,-0.123010,-1.436080,ndi
1786504401.719664,83.984014,-0.022640,-0.123010,-1.436070,ndi
1786504401.737289,84.001639,-0.022650,-0.123010,-1.436050,ndi
1786504401.752250,84.016600,-0.022640,-0.123000,-1.436070,ndi
1786504401.769603,84.033953,-0.022650,-0.123010,-1.436080,ndi
1786504401.787117,84.051466,-0.022640,-0.123020,-1.436060,ndi
1786504401.802206,84.066556,-0.022640,-0.123020,-1.436070,ndi
1786504401.819705,84.084055,-0.022650,-0.123000,-1.436060,ndi
1786504401.837181,84.101531,-0.022640,-0.123010,-1.436070,ndi
1786504401.852252,84.116602,-0.022650,-0.123020,-1.436060,ndi
1786504401.869715,84.134065,-0.022620,-0.123020,-1.436080,ndi
1786504401.887138,84.151488,-0.022660,-0.123000,-1.436070,ndi
1786504401.902164,84.166514,-0.022650,-0.123010,-1.436070,ndi
1786504401.919675,84.184025,-0.022640,-0.123020,-1.436060,ndi
1786504401.937283,84.201633,-0.022660,-0.123020,-1.436070,ndi
1786504401.952261,84.216611,-0.022640,-0.123000,-1.436050,ndi
1786504401.969606,84.233956,-0.022640,-0.123000,-1.436050,ndi
1786504401.987125,84.251475,-0.022630,-0.123030,-1.436070,ndi
1786504402.002202,84.266552,-0.022650,-0.123020,-1.436060,ndi
1786504402.019790,84.284140,-0.022640,-0.123000,-1.436070,ndi
1786504402.037186,84.301536,-0.022640,-0.123010,-1.436050,ndi
1786504402.052220,84.316570,-0.022650,-0.123030,-1.436040,ndi
1786504402.069724,84.334074,-0.022650,-0.123020,-1.436050,ndi
1786504402.087143,84.351493,-0.022640,-0.123000,-1.436050,ndi
1786504402.102221,84.366571,-0.022650,-0.123010,-1.436050,ndi
1786504402.119697,84.384047,-0.022650,-0.123030,-1.436050,ndi
1786504402.134814,84.399164,-0.022660,-0.123020,-1.436040,ndi
1786504402.152243,84.416593,-0.022640,-0.123000,-1.436040,ndi
1786504402.169662,84.434012,-0.022640,-0.123020,-1.436060,ndi
1786504402.187166,84.451516,-0.022650,-0.123040,-1.436050,ndi
1786504402.202209,84.466559,-0.022640,-0.123020,-1.436030,ndi
1786504402.219719,84.484069,-0.022640,-0.123010,-1.436030,ndi
1786504402.237294,84.501644,-0.022650,-0.123020,-1.436050,ndi
1786504402.252326,84.516675,-0.022650,-0.123040,-1.436040,ndi
1786504402.269670,84.534019,-0.022670,-0.123010,-1.436030,ndi
1786504402.287166,84.551516,-0.022650,-0.123010,-1.436030,ndi
1786504402.302243,84.566593,-0.022650,-0.123030,-1.436050,ndi
1786504402.319754,84.584104,-0.022650,-0.123030,-1.436030,ndi
1786504402.337361,84.601711,-0.022650,-0.123010,-1.436040,ndi
1786504402.352320,84.616670,-0.022660,-0.123020,-1.436050,ndi
1786504402.369663,84.634013,-0.022640,-0.123030,-1.436040,ndi
1786504402.387132,84.651482,-0.022650,-0.123020,-1.436040,ndi
1786504402.402199,84.666549,-0.022650,-0.123020,-1.436040,ndi
1786504402.419667,84.684017,-0.022640,-0.123020,-1.436050,ndi
1786504402.437277,84.701627,-0.022650,-0.123030,-1.436030,ndi
1786504402.452188,84.716538,-0.022630,-0.123030,-1.436060,ndi
1786504402.469634,84.733984,-0.022660,-0.123010,-1.436030,ndi
1786504402.487156,84.751506,-0.022650,-0.123020,-1.436070,ndi
1786504402.502267,84.766617,-0.022660,-0.123020,-1.436040,ndi
1786504402.519770,84.784120,-0.022660,-0.123020,-1.436040,ndi
1786504402.537247,84.801597,-0.022660,-0.123020,-1.436030,ndi
1786504402.552265,84.816615,-0.022640,-0.123020,-1.436040,ndi
1786504402.569659,84.834009,-0.022640,-0.123030,-1.436060,ndi
1786504402.587147,84.851496,-0.022650,-0.123010,-1.436040,ndi
1786504402.602212,84.866562,-0.022650,-0.123020,-1.436040,ndi
1786504402.619670,84.884020,-0.022640,-0.123030,-1.436060,ndi
1786504402.637166,84.901516,-0.022640,-0.123020,-1.436050,ndi
1786504402.652166,84.916516,-0.022650,-0.123010,-1.436040,ndi
1786504402.669672,84.934021,-0.022650,-0.123020,-1.436030,ndi
1786504402.687202,84.951552,-0.022650,-0.123030,-1.436040,ndi
1786504402.702199,84.966549,-0.022650,-0.123020,-1.436040,ndi
1786504402.719680,84.984030,-0.022660,-0.123010,-1.436060,ndi
1786504402.734717,84.999067,-0.022670,-0.123020,-1.436040,ndi
1786504402.752175,85.016525,-0.022640,-0.123030,-1.436050,ndi
1786504402.769651,85.034001,-0.022650,-0.123020,-1.436050,ndi
1786504402.787162,85.051512,-0.022640,-0.123020,-1.436060,ndi
1786504402.802191,85.066541,-0.022640,-0.123030,-1.436060,ndi
1786504402.819760,85.084110,-0.022650,-0.123030,-1.436050,ndi
1786504402.837265,85.101614,-0.022640,-0.123020,-1.436060,ndi
1786504402.852258,85.116608,-0.022660,-0.123010,-1.436070,ndi
1786504402.869682,85.134032,-0.022650,-0.123020,-1.436030,ndi
1786504402.887195,85.151545,-0.022670,-0.123030,-1.436040,ndi
1786504402.902359,85.166709,-0.022650,-0.123020,-1.436040,ndi
1786504402.919764,85.184114,-0.022640,-0.123010,-1.436030,ndi
1786504402.937277,85.201627,-0.022650,-0.123020,-1.436030,ndi
1786504402.952325,85.216675,-0.022640,-0.123030,-1.436060,ndi
1786504402.969669,85.234019,-0.022660,-0.123010,-1.436020,ndi
1786504402.987159,85.251508,-0.022640,-0.123010,-1.436060,ndi
1786504403.002291,85.266641,-0.022640,-0.123020,-1.436020,ndi
1786504403.019763,85.284113,-0.022640,-0.123030,-1.436040,ndi
1786504403.037275,85.301625,-0.022640,-0.123010,-1.436040,ndi
1786504403.052274,85.316624,-0.022660,-0.123000,-1.436040,ndi
1786504403.069660,85.334010,-0.022650,-0.123030,-1.436050,ndi
1786504403.087185,85.351535,-0.022650,-0.123030,-1.436020,ndi
1786504403.102251,85.366601,-0.022650,-0.123010,-1.436020,ndi
1786504403.119753,85.384103,-0.022670,-0.123000,-1.436030,ndi
1786504403.137312,85.401662,-0.022650,-0.123020,-1.436030,ndi
1786504403.152319,85.416669,-0.022640,-0.123030,-1.436050,ndi
1786504403.169681,85.434031,-0.022640,-0.123010,-1.436020,ndi
1786504403.187155,85.451504,-0.022640,-0.123010,-1.436050,ndi
1786504403.202225,85.466575,-0.022650,-0.123020,-1.436020,ndi
1786504403.219729,85.484079,-0.022640,-0.123020,-1.436050,ndi
1786504403.237223,85.501573,-0.022650,-0.123010,-1.436020,ndi
1786504403.252164,85.516514,-0.022650,-0.123010,-1.436020,ndi
1786504403.269653,85.534003,-0.022660,-0.123020,-1.436020,ndi
1786504403.287194,85.551544,-0.022670,-0.123010,-1.436030,ndi
1786504403.302161,85.566511,-0.022650,-0.123020,-1.436030,ndi
1786504403.319661,85.584011,-0.022650,-0.123010,-1.436010,ndi
1786504403.337284,85.601634,-0.022640,-0.123010,-1.436020,ndi
1786504403.352204,85.616554,-0.022660,-0.123010,-1.436010,ndi
1786504403.369667,85.634017,-0.022640,-0.123020,-1.436030,ndi
1786504403.387166,85.651515,-0.022640,-0.123020,-1.436020,ndi
1786504403.402231,85.666581,-0.022640,-0.123010,-1.436020,ndi
1786504403.419691,85.684041,-0.022650,-0.123010,-1.436000,ndi
1786504403.437234,85.701584,-0.022660,-0.123020,-1.436010,ndi
1786504403.452199,85.716548,-0.022640,-0.123020,-1.436020,ndi
1786504403.469664,85.734014,-0.022650,-0.123000,-1.436010,ndi
1786504403.487163,85.751513,-0.022650,-0.123010,-1.436000,ndi
1786504403.502146,85.766496,-0.022660,-0.123020,-1.436010,ndi
1786504403.519624,85.783974,-0.022640,-0.123010,-1.436010,ndi
1786504403.537174,85.801524,-0.022650,-0.123000,-1.436000,ndi
1786504403.552185,85.816535,-0.022640,-0.123010,-1.436000,ndi
1786504403.569656,85.834006,-0.022630,-0.123030,-1.436030,ndi
1786504403.587153,85.851503,-0.022650,-0.123010,-1.436000,ndi
1786504403.602199,85.866549,-0.022640,-0.123000,-1.436040,ndi
1786504403.619719,85.884069,-0.022650,-0.123020,-1.436020,ndi
1786504403.637230,85.901580,-0.022660,-0.123030,-1.436000,ndi
1786504403.652270,85.916620,-0.022650,-0.123020,-1.436010,ndi
1786504403.669672,85.934022,-0.022660,-0.123000,-1.436010,ndi
1786504403.687186,85.951535,-0.022650,-0.123020,-1.436020,ndi
1786504403.702171,85.966521,-0.022660,-0.123020,-1.436010,ndi
1786504403.719686,85.984036,-0.022640,-0.123010,-1.436010,ndi
1786504403.737330,86.001680,-0.022650,-0.123000,-1.436010,ndi
1786504403.752314,86.016664,-0.022650,-0.123020,-1.436010,ndi
1786504403.769667,86.034017,-0.022640,-0.123020,-1.436010,ndi
1786504403.787141,86.051491,-0.022640,-0.123010,-1.436030,ndi
1786504403.802176,86.066526,-0.022640,-0.123000,-1.436020,ndi
1786504403.819701,86.084051,-0.022640,-0.123010,-1.436020,ndi
1786504403.837343,86.101693,-0.022650,-0.123030,-1.436040,ndi
1786504403.852319,86.116669,-0.022650,-0.123010,-1.436020,ndi
1786504403.869663,86.134013,-0.022650,-0.123010,-1.436030,ndi
1786504403.887167,86.151517,-0.022650,-0.123020,-1.436040,ndi
1786504403.902197,86.166547,-0.022660,-0.123020,-1.436010,ndi
1786504403.919804,86.184154,-0.022650,-0.123010,-1.436040,ndi
1786504403.937305,86.201655,-0.022640,-0.123010,-1.436020,ndi
1786504403.952339,86.216689,-0.022640,-0.123020,-1.436040,ndi
1786504403.969663,86.234013,-0.022650,-0.123020,-1.436040,ndi
1786504403.987171,86.251521,-0.022640,-0.123010,-1.436030,ndi
1786504404.002191,86.266541,-0.022640,-0.123010,-1.436040,ndi
1786504404.019853,86.284203,-0.022650,-0.123020,-1.436020,ndi
1786504404.037221,86.301571,-0.022650,-0.123020,-1.436040,ndi
1786504404.052241,86.316591,-0.022660,-0.123010,-1.436020,ndi
1786504404.069776,86.334126,-0.022650,-0.123010,-1.436030,ndi
1786504404.084776,86.349126,-0.022660,-0.123020,-1.436040,ndi
1786504404.102214,86.366564,-0.022640,-0.123020,-1.436030,ndi
1786504404.119786,86.384136,-0.022650,-0.123010,-1.436040,ndi
1786504404.137350,86.401700,-0.022640,-0.123010,-1.436040,ndi
1786504404.152217,86.416567,-0.022640,-0.123020,-1.436030,ndi
1786504404.169694,86.434044,-0.022650,-0.123020,-1.436020,ndi
1786504404.187140,86.451490,-0.022630,-0.123020,-1.436040,ndi
1786504404.202336,86.466686,-0.022660,-0.123010,-1.436040,ndi
1786504404.219818,86.484168,-0.022660,-0.123010,-1.436030,ndi
1786504404.237309,86.501659,-0.022650,-0.123020,-1.436030,ndi
1786504404.252293,86.516643,-0.022650,-0.123020,-1.436040,ndi
1786504404.269687,86.534037,-0.022650,-0.123020,-1.436040,ndi
1786504404.287231,86.551581,-0.022660,-0.123010,-1.436020,ndi
1786504404.302234,86.566584,-0.022640,-0.123020,-1.436050,ndi
1786504404.319804,86.584154,-0.022640,-0.123020,-1.436050,ndi
1786504404.337374,86.601724,-0.022640,-0.123020,-1.436040,ndi
1786504404.352287,86.616637,-0.022650,-0.123020,-1.436050,ndi
1786504404.369668,86.634018,-0.022650,-0.123020,-1.436030,ndi
1786504404.387198,86.651548,-0.022640,-0.123020,-1.436040,ndi
1786504404.402213,86.666563,-0.022640,-0.123010,-1.436030,ndi
1786504404.419669,86.684019,-0.022650,-0.123020,-1.436040,ndi
1786504404.437327,86.701677,-0.022650,-0.123020,-1.436030,ndi
1786504404.452315,86.716665,-0.022650,-0.123020,-1.436030,ndi
1786504404.469669,86.734019,-0.022660,-0.123010,-1.436030,ndi
1786504404.487164,86.751514,-0.022650,-0.123020,-1.436040,ndi
1786504404.502157,86.766507,-0.022640,-0.123020,-1.436040,ndi
1786504404.519704,86.784054,-0.022640,-0.123010,-1.436030,ndi
1786504404.537228,86.801578,-0.022640,-0.123010,-1.436030,ndi
1786504404.552185,86.816535,-0.022650,-0.123020,-1.436030,ndi
1786504404.569712,86.834062,-0.022630,-0.123020,-1.436040,ndi
1786504404.584815,86.849165,-0.022650,-0.123020,-1.436040,ndi
1786504404.602242,86.866592,-0.022650,-0.123010,-1.436030,ndi
1786504404.619709,86.884059,-0.022650,-0.123020,-1.436030,ndi
1786504404.637355,86.901705,-0.022650,-0.123020,-1.436030,ndi
1786504404.652319,86.916669,-0.022640,-0.123020,-1.436040,ndi
1786504404.669653,86.934003,-0.022660,-0.123010,-1.436030,ndi
1786504404.684728,86.949078,-0.022650,-0.123020,-1.436040,ndi
1786504404.702300,86.966650,-0.022640,-0.123020,-1.436030,ndi
1786504404.719809,86.984159,-0.022640,-0.123010,-1.436060,ndi
1786504404.737270,87.001620,-0.022650,-0.123010,-1.436040,ndi
1786504404.752321,87.016670,-0.022640,-0.123020,-1.436020,ndi
1786504404.769696,87.034046,-0.022640,-0.123020,-1.436030,ndi
1786504404.784774,87.049124,-0.022650,-0.123010,-1.436030,ndi
1786504404.802207,87.066557,-0.022650,-0.123010,-1.436040,ndi
1786504404.819709,87.084059,-0.022660,-0.123020,-1.436030,ndi
1786504404.837197,87.101547,-0.022650,-0.123020,-1.436050,ndi
1786504404.852204,87.116554,-0.022660,-0.123010,-1.436040,ndi
1786504404.869702,87.134052,-0.022660,-0.123010,-1.436020,ndi
1786504404.884720,87.149070,-0.022640,-0.123020,-1.436040,ndi
1786504404.902287,87.166637,-0.022640,-0.123020,-1.436020,ndi
1786504404.919812,87.184162,-0.022640,-0.123010,-1.436040,ndi
1786504404.937349,87.201699,-0.022650,-0.123010,-1.436040,ndi
1786504404.952322,87.216671,-0.022640,-0.123030,-1.436040,ndi
1786504404.969715,87.234065,-0.022650,-0.123020,-1.436040,ndi
1786504404.987209,87.251559,-0.022650,-0.123000,-1.436040,ndi
1786504405.002341,87.266690,-0.022650,-0.123020,-1.436050,ndi
1786504405.019848,87.284198,-0.022660,-0.123030,-1.436050,ndi
1786504405.037224,87.301574,-0.022650,-0.123020,-1.436040,ndi
1786504405.052248,87.316598,-0.022660,-0.123000,-1.436040,ndi
1786504405.069692,87.334042,-0.022660,-0.123020,-1.436040,ndi
1786504405.087217,87.351567,-0.022650,-0.123030,-1.436030,ndi
1786504405.102303,87.366653,-0.022640,-0.123020,-1.436030,ndi
1786504405.119749,87.384099,-0.022640,-0.123010,-1.436060,ndi
1786504405.134847,87.399197,-0.022650,-0.123020,-1.436040,ndi
1786504405.152284,87.416634,-0.022630,-0.123030,-1.436050,ndi
1786504405.169736,87.434086,-0.022650,-0.123010,-1.436040,ndi
1786504405.187201,87.451551,-0.022640,-0.123010,-1.436050,ndi
1786504405.202338,87.466688,-0.022650,-0.123020,-1.436040,ndi
1786504405.219809,87.484159,-0.022660,-0.123030,-1.436050,ndi
1786504405.237321,87.501671,-0.022660,-0.123010,-1.436040,ndi
1786504405.252245,87.516595,-0.022650,-0.123010,-1.436020,ndi
1786504405.269650,87.534000,-0.022650,-0.123020,-1.436040,ndi
1786504405.287230,87.551580,-0.022650,-0.123020,-1.436020,ndi
1786504405.302265,87.566615,-0.022650,-0.123010,-1.436030,ndi
1786504405.319760,87.584110,-0.022650,-0.123010,-1.436010,ndi
1786504405.337324,87.601674,-0.022640,-0.123030,-1.436040,ndi
1786504405.352328,87.616678,-0.022650,-0.123030,-1.436050,ndi
1786504405.369684,87.634033,-0.022640,-0.123010,-1.436040,ndi
1786504405.387181,87.651531,-0.022660,-0.123020,-1.436050,ndi
1786504405.402239,87.666589,-0.022660,-0.123020,-1.436030,ndi
1786504405.419746,87.684096,-0.022650,-0.123020,-1.436050,ndi
1786504405.437240,87.701590,-0.022660,-0.123010,-1.436050,ndi
1786504405.452214,87.716564,-0.022650,-0.123010,-1.436040,ndi
1786504405.469691,87.734041,-0.022640,-0.123020,-1.436030,ndi
1786504405.487214,87.751564,-0.022640,-0.123020,-1.436040,ndi
1786504405.502333,87.766683,-0.022640,-0.123020,-1.436040,ndi
1786504405.519847,87.784197,-0.022650,-0.123010,-1.436040,ndi
1786504405.537336,87.801686,-0.022640,-0.123020,-1.436060,ndi
1786504405.552301,87.816651,-0.022660,-0.123020,-1.436030,ndi
1786504405.569700,87.834050,-0.022640,-0.123010,-1.436060,ndi
1786504405.587206,87.851556,-0.022660,-0.123010,-1.436040,ndi
1786504405.602320,87.866670,-0.022650,-0.123030,-1.436030,ndi
1786504405.619863,87.884212,-0.022650,-0.123020,-1.436040,ndi
1786504405.637391,87.901741,-0.022670,-0.123010,-1.436030,ndi
1786504405.652299,87.916649,-0.022640,-0.123010,-1.436030,ndi
1786504405.669697,87.934047,-0.022660,-0.123030,-1.436030,ndi
1786504405.684834,87.949184,-0.022640,-0.123020,-1.436040,ndi
1786504405.702244,87.966594,-0.022650,-0.123010,-1.436030,ndi
1786504405.719760,87.984110,-0.022640,-0.123020,-1.436030,ndi
1786504405.737249,88.001599,-0.022640,-0.123030,-1.436010,ndi
1786504405.752397,88.016747,-0.022660,-0.123020,-1.436030,ndi
1786504405.769706,88.034056,-0.022640,-0.123010,-1.436020,ndi
1786504405.784804,88.049154,-0.022660,-0.123020,-1.436030,ndi
1786504405.802325,88.066675,-0.022650,-0.123030,-1.436030,ndi
1786504405.819780,88.084130,-0.022650,-0.123010,-1.436030,ndi
1786504405.837262,88.101612,-0.022660,-0.123000,-1.436030,ndi
1786504405.852337,88.116687,-0.022650,-0.123020,-1.436020,ndi
1786504405.869751,88.134101,-0.022650,-0.123030,-1.436010,ndi
1786504405.884845,88.149194,-0.022640,-0.123020,-1.436040,ndi
1786504405.902286,88.166636,-0.022660,-0.123000,-1.436040,ndi
1786504405.919742,88.184092,-0.022650,-0.123020,-1.436020,ndi
1786504405.937304,88.201654,-0.022640,-0.123030,-1.436040,ndi
1786504405.952256,88.216606,-0.022650,-0.123010,-1.436050,ndi
1786504405.969718,88.234068,-0.022650,-0.123010,-1.436030,ndi
1786504405.987214,88.251564,-0.022660,-0.123030,-1.436040,ndi
1786504406.002414,88.266764,-0.022650,-0.123030,-1.436050,ndi
1786504406.019862,88.284212,-0.022660,-0.123010,-1.436010,ndi
1786504406.037333,88.301683,-0.022650,-0.123010,-1.436060,ndi
1786504406.052336,88.316686,-0.022640,-0.123020,-1.436040,ndi
1786504406.069710,88.334059,-0.022650,-0.123020,-1.436030,ndi
1786504406.084877,88.349226,-0.022640,-0.123010,-1.436060,ndi
1786504406.102221,88.366571,-0.022650,-0.123010,-1.436050,ndi
1786504406.119732,88.384082,-0.022640,-0.123030,-1.436060,ndi
1786504406.137391,88.401741,-0.022650,-0.123020,-1.436030,ndi
1786504406.152363,88.416713,-0.022650,-0.123010,-1.436060,ndi
1786504406.169686,88.434036,-0.022660,-0.123020,-1.436040,ndi
1786504406.184900,88.449250,-0.022650,-0.123030,-1.436060,ndi
1786504406.202386,88.466736,-0.022650,-0.123020,-1.436050,ndi
1786504406.219788,88.484138,-0.022650,-0.123010,-1.436060,ndi
1786504406.237339,88.501689,-0.022660,-0.123020,-1.436050,ndi
1786504406.252348,88.516698,-0.022650,-0.123030,-1.436040,ndi
1786504406.269700,88.534050,-0.022640,-0.123020,-1.436050,ndi
1786504406.284823,88.549173,-0.022650,-0.123010,-1.436040,ndi
1786504406.302281,88.566631,-0.022650,-0.123020,-1.436040,ndi
1786504406.319786,88.584136,-0.022650,-0.123030,-1.436050,ndi
1786504406.334937,88.599287,-0.022650,-0.123020,-1.436050,ndi
1786504406.352367,88.616717,-0.022650,-0.123010,-1.436050,ndi
1786504406.369708,88.634058,-0.022650,-0.123020,-1.436040,ndi
1786504406.384831,88.649181,-0.022650,-0.123030,-1.436050,ndi
1786504406.402276,88.666626,-0.022650,-0.123020,-1.436040,ndi
1786504406.419826,88.684175,-0.022660,-0.123010,-1.436050,ndi
1786504406.434846,88.699196,-0.022660,-0.123020,-1.436060,ndi
1786504406.452364,88.716714,-0.022650,-0.123030,-1.436040,ndi
1786504406.469704,88.734054,-0.022650,-0.123020,-1.436060,ndi
1786504406.484891,88.749241,-0.022650,-0.123010,-1.436040,ndi
1786504406.502237,88.766587,-0.022640,-0.123030,-1.436060,ndi
1786504406.519747,88.784097,-0.022650,-0.123040,-1.436050,ndi
1786504406.534917,88.799267,-0.022650,-0.123020,-1.436070,ndi
1786504406.552354,88.816704,-0.022650,-0.123010,-1.436080,ndi
1786504406.569731,88.834081,-0.022650,-0.123030,-1.436060,ndi
1786504406.584912,88.849262,-0.022660,-0.123040,-1.436070,ndi
1786504406.602393,88.866743,-0.022650,-0.123020,-1.436050,ndi
1786504406.619835,88.884185,-0.022660,-0.123010,-1.436050,ndi
1786504406.637344,88.901694,-0.022660,-0.123020,-1.436070,ndi
1786504406.652375,88.916725,-0.022650,-0.123040,-1.436050,ndi
1786504406.669696,88.934046,-0.022650,-0.123020,-1.436040,ndi
1786504406.684830,88.949180,-0.022640,-0.123000,-1.436040,ndi
1786504406.702285,88.966635,-0.022640,-0.123020,-1.436020,ndi
1786504406.719893,88.984243,-0.022650,-0.123030,-1.436030,ndi
1786504406.734904,88.999254,-0.022640,-0.123010,-1.436020,ndi
1786504406.752352,89.016702,-0.022660,-0.122990,-1.436010,ndi
1786504406.769714,89.034064,-0.022660,-0.123020,-1.436010,ndi
1786504406.787222,89.051572,-0.022660,-0.123020,-1.436020,ndi
1786504406.802222,89.066571,-0.022660,-0.123000,-1.436000,ndi
1786504406.819887,89.084237,-0.022660,-0.122990,-1.435990,ndi
1786504406.834881,89.099231,-0.022650,-0.123010,-1.436020,ndi
1786504406.852428,89.116778,-0.022650,-0.123030,-1.436020,ndi
1786504406.869712,89.134062,-0.022650,-0.123010,-1.436030,ndi
1786504406.884811,89.149161,-0.022640,-0.123000,-1.436020,ndi
1786504406.902254,89.166604,-0.022650,-0.123010,-1.436020,ndi
1786504406.919754,89.184104,-0.022650,-0.123030,-1.436050,ndi
1786504406.937390,89.201740,-0.022650,-0.123010,-1.436040,ndi
1786504406.952357,89.216707,-0.022650,-0.123000,-1.436010,ndi
1786504406.969706,89.234056,-0.022660,-0.123020,-1.436020,ndi
1786504406.984802,89.249152,-0.022660,-0.123030,-1.436030,ndi
1786504407.002239,89.266589,-0.022640,-0.123000,-1.436040,ndi
1786504407.019712,89.284062,-0.022660,-0.122990,-1.436020,ndi
1786504407.037278,89.301628,-0.022640,-0.123020,-1.436030,ndi
1786504407.052289,89.316639,-0.022650,-0.123030,-1.436040,ndi
1786504407.069782,89.334132,-0.022650,-0.123000,-1.436020,ndi
1786504407.084920,89.349270,-0.022650,-0.123000,-1.436040,ndi
1786504407.102252,89.366601,-0.022650,-0.123020,-1.436030,ndi
1786504407.119752,89.384102,-0.022640,-0.123030,-1.436050,ndi
1786504407.137400,89.401750,-0.022640,-0.123000,-1.436040,ndi
1786504407.152339,89.416689,-0.022650,-0.123000,-1.436040,ndi
1786504407.169719,89.434069,-0.022650,-0.123020,-1.436030,ndi
1786504407.187263,89.451613,-0.022660,-0.123020,-1.436040,ndi
1786504407.202326,89.466676,-0.022650,-0.123000,-1.436040,ndi
1786504407.219916,89.484266,-0.022660,-0.123000,-1.436030,ndi
1786504407.237452,89.501802,-0.022650,-0.123030,-1.436030,ndi
1786504407.252446,89.516796,-0.022650,-0.123020,-1.436030,ndi
1786504407.269759,89.534109,-0.022650,-0.123000,-1.436040,ndi
1786504407.287289,89.551639,-0.022650,-0.123010,-1.436040,ndi
1786504407.302290,89.566640,-0.022650,-0.123030,-1.436030,ndi
1786504407.319845,89.584195,-0.022650,-0.123020,-1.436030,ndi
1786504407.337330,89.601680,-0.022650,-0.123000,-1.436060,ndi
1786504407.352325,89.616675,-0.022650,-0.123010,-1.436040,ndi
1786504407.369750,89.634100,-0.022660,-0.123020,-1.436040,ndi
1786504407.387238,89.651587,-0.022650,-0.123020,-1.436050,ndi
1786504407.402439,89.666789,-0.022660,-0.123010,-1.436030,ndi
1786504407.419857,89.684206,-0.022650,-0.123020,-1.436040,ndi
1786504407.434865,89.699214,-0.022640,-0.123020,-1.436040,ndi
1786504407.452301,89.716650,-0.022650,-0.123010,-1.436040,ndi
1786504407.469777,89.734127,-0.022640,-0.123010,-1.436040,ndi
1786504407.487263,89.751613,-0.022650,-0.123020,-1.436030,ndi
1786504407.502263,89.766613,-0.022640,-0.123020,-1.436050,ndi
1786504407.519966,89.784316,-0.022650,-0.123010,-1.436030,ndi
1786504407.537495,89.801845,-0.022650,-0.123010,-1.436050,ndi
1786504407.552431,89.816781,-0.022660,-0.123010,-1.436040,ndi
1786504407.569750,89.834100,-0.022650,-0.123020,-1.436030,ndi
1786504407.587251,89.851601,-0.022650,-0.123010,-1.436040,ndi
1786504407.602297,89.866647,-0.022660,-0.123010,-1.436000,ndi
1786504407.619960,89.884310,-0.022640,-0.123030,-1.436020,ndi
1786504407.637446,89.901796,-0.022650,-0.123010,-1.436010,ndi
1786504407.652451,89.916801,-0.022640,-0.123000,-1.436020,ndi
1786504407.669756,89.934106,-0.022650,-0.123010,-1.436040,ndi
1786504407.687253,89.951603,-0.022650,-0.123020,-1.436020,ndi
1786504407.702344,89.966694,-0.022640,-0.123020,-1.436020,ndi
1786504407.719951,89.984301,-0.022650,-0.123000,-1.436010,ndi
1786504407.737355,90.001705,-0.022660,-0.123010,-1.436020,ndi
1786504407.752387,90.016737,-0.022660,-0.123020,-1.436030,ndi
1786504407.769736,90.034086,-0.022650,-0.123010,-1.436030,ndi
1786504407.787246,90.051595,-0.022670,-0.123000,-1.436040,ndi
1786504407.802222,90.066572,-0.022650,-0.123020,-1.436050,ndi
1786504407.819830,90.084180,-0.022640,-0.123030,-1.436040,ndi
1786504407.837402,90.101752,-0.022650,-0.123000,-1.436030,ndi
1786504407.852368,90.116718,-0.022640,-0.123000,-1.436050,ndi
1786504407.869725,90.134075,-0.022660,-0.123020,-1.436030,ndi
1786504407.887240,90.151590,-0.022640,-0.123030,-1.436040,ndi
1786504407.902290,90.166640,-0.022650,-0.123010,-1.436020,ndi
1786504407.919866,90.184216,-0.022660,-0.123000,-1.436030,ndi
1786504407.934859,90.199209,-0.022650,-0.123020,-1.436040,ndi
1786504407.952384,90.216734,-0.022660,-0.123020,-1.436010,ndi
1786504407.969773,90.234123,-0.022650,-0.123000,-1.436030,ndi
1786504407.987232,90.251582,-0.022650,-0.123010,-1.436020,ndi
1786504408.002219,90.266569,-0.022650,-0.123030,-1.436020,ndi
1786504408.019784,90.284134,-0.022650,-0.123020,-1.436030,ndi
1786504408.034987,90.299337,-0.022640,-0.123000,-1.436030,ndi
1786504408.052292,90.316642,-0.022640,-0.123010,-1.436030,ndi
1786504408.069816,90.334166,-0.022650,-0.123030,-1.436010,ndi
1786504408.087280,90.351629,-0.022640,-0.123020,-1.436040,ndi
1786504408.102289,90.366639,-0.022660,-0.123000,-1.436020,ndi
1786504408.119799,90.384149,-0.022660,-0.123010,-1.436020,ndi
1786504408.137463,90.401813,-0.022660,-0.123030,-1.436020,ndi
1786504408.152444,90.416794,-0.022660,-0.123010,-1.436020,ndi
1786504408.169776,90.434126,-0.022660,-0.123000,-1.436040,ndi
1786504408.184864,90.449214,-0.022660,-0.123010,-1.436050,ndi
1786504408.202266,90.466616,-0.022640,-0.123030,-1.436040,ndi
1786504408.219912,90.484262,-0.022650,-0.123010,-1.436030,ndi
1786504408.234956,90.499306,-0.022640,-0.123000,-1.436030,ndi
1786504408.252334,90.516684,-0.022650,-0.123020,-1.436030,ndi
1786504408.269755,90.534105,-0.022650,-0.123030,-1.436050,ndi
1786504408.287274,90.551624,-0.022650,-0.123010,-1.436040,ndi
1786504408.302298,90.566648,-0.022650,-0.123000,-1.436030,ndi
1786504408.319893,90.584243,-0.022650,-0.123020,-1.436060,ndi
1786504408.337382,90.601732,-0.022660,-0.123020,-1.436030,ndi
1786504408.352447,90.616797,-0.022660,-0.123010,-1.436050,ndi
1786504408.369727,90.634077,-0.022660,-0.123010,-1.436040,ndi
1786504408.387208,90.651557,-0.022660,-0.123030,-1.436020,ndi
1786504408.402276,90.666626,-0.022640,-0.123020,-1.436040,ndi
1786504408.419859,90.684209,-0.022650,-0.123000,-1.436040,ndi
1786504408.434931,90.699281,-0.022640,-0.123010,-1.436040,ndi
1786504408.452275,90.716625,-0.022650,-0.123030,-1.436020,ndi
1786504408.469746,90.734096,-0.022650,-0.123010,-1.436030,ndi
1786504408.487258,90.751608,-0.022660,-0.123000,-1.436040,ndi
1786504408.502355,90.766705,-0.022640,-0.123020,-1.436040,ndi
1786504408.519851,90.784201,-0.022650,-0.123020,-1.436020,ndi
1786504408.535041,90.799391,-0.022650,-0.123010,-1.436020,ndi
1786504408.552329,90.816679,-0.022650,-0.123010,-1.436030,ndi
1786504408.569754,90.834104,-0.022660,-0.123020,-1.436040,ndi
1786504408.587231,90.851581,-0.022640,-0.123020,-1.436040,ndi
1786504408.602374,90.866724,-0.022650,-0.123000,-1.436030,ndi
1786504408.619852,90.884202,-0.022640,-0.123010,-1.436030,ndi
1786504408.637393,90.901743,-0.022650,-0.123020,-1.436030,ndi
1786504408.652364,90.916714,-0.022640,-0.123020,-1.436040,ndi
1786504408.669768,90.934118,-0.022640,-0.123000,-1.436020,ndi
1786504408.687258,90.951608,-0.022650,-0.123010,-1.436040,ndi
1786504408.702256,90.966606,-0.022660,-0.123020,-1.436030,ndi
1786504408.719780,90.984130,-0.022650,-0.123010,-1.436020,ndi
1786504408.734936,90.999286,-0.022650,-0.123000,-1.436040,ndi
1786504408.752420,91.016770,-0.022660,-0.123020,-1.436030,ndi
1786504408.769755,91.034105,-0.022660,-0.123020,-1.436020,ndi
1786504408.787227,91.051577,-0.022640,-0.123010,-1.436040,ndi
1786504408.802258,91.066608,-0.022650,-0.123000,-1.436040,ndi
1786504408.819759,91.084109,-0.022640,-0.123020,-1.436050,ndi
1786504408.837300,91.101650,-0.022650,-0.123030,-1.436030,ndi
1786504408.852297,91.116647,-0.022640,-0.123010,-1.436020,ndi
1786504408.869747,91.134097,-0.022650,-0.123010,-1.436040,ndi
1786504408.887259,91.151609,-0.022640,-0.123020,-1.436030,ndi
1786504408.902314,91.166664,-0.022650,-0.123020,-1.436030,ndi
1786504408.919818,91.184168,-0.022660,-0.123010,-1.436020,ndi
1786504408.937415,91.201765,-0.022650,-0.123020,-1.436040,ndi
1786504408.952327,91.216677,-0.022660,-0.123020,-1.436020,ndi
1786504408.969711,91.234061,-0.022650,-0.123020,-1.436040,ndi
1786504408.987224,91.251574,-0.022650,-0.123010,-1.436030,ndi
1786504409.002277,91.266627,-0.022640,-0.123020,-1.436030,ndi
1786504409.019776,91.284126,-0.022650,-0.123020,-1.436040,ndi
1786504409.035211,91.299561,-0.022650,-0.123020,-1.436030,ndi
1786504409.052430,91.316780,-0.022640,-0.123010,-1.436040,ndi
1786504409.069760,91.334110,-0.022650,-0.123020,-1.436050,ndi
1786504409.087255,91.351605,-0.022640,-0.123020,-1.436050,ndi
1786504409.102311,91.366661,-0.022660,-0.123020,-1.436040,ndi
1786504409.119893,91.384243,-0.022650,-0.123020,-1.436050,ndi
1786504409.137387,91.401737,-0.022650,-0.123020,-1.436030,ndi
1786504409.152368,91.416718,-0.022660,-0.123020,-1.436020,ndi
1786504409.169749,91.434099,-0.022650,-0.123020,-1.436050,ndi
1786504409.184871,91.449221,-0.022650,-0.123020,-1.436020,ndi
1786504409.202344,91.466694,-0.022640,-0.123020,-1.436050,ndi
1786504409.219828,91.484178,-0.022650,-0.123010,-1.436040,ndi
1786504409.237316,91.501666,-0.022640,-0.123020,-1.436040,ndi
1786504409.252329,91.516679,-0.022650,-0.123020,-1.436040,ndi
1786504409.269796,91.534146,-0.022650,-0.123010,-1.436040,ndi
1786504409.287269,91.551619,-0.022660,-0.123010,-1.436030,ndi
1786504409.302373,91.566723,-0.022660,-0.123010,-1.436040,ndi
1786504409.319961,91.584311,-0.022640,-0.123030,-1.436040,ndi
1786504409.337472,91.601822,-0.022650,-0.123010,-1.436020,ndi
1786504409.352466,91.616816,-0.022650,-0.123000,-1.436030,ndi
1786504409.369753,91.634103,-0.022650,-0.123010,-1.436020,ndi
1786504409.385020,91.649369,-0.022640,-0.123030,-1.436010,ndi
1786504409.402354,91.666704,-0.022640,-0.123010,-1.436030,ndi
1786504409.419894,91.684244,-0.022650,-0.123000,-1.436020,ndi
1786504409.437441,91.701791,-0.022650,-0.123020,-1.436020,ndi
1786504409.452396,91.716746,-0.022640,-0.123030,-1.436030,ndi
1786504409.469774,91.734124,-0.022640,-0.123010,-1.436030,ndi
1786504409.487278,91.751627,-0.022660,-0.123000,-1.436020,ndi
1786504409.502312,91.766662,-0.022660,-0.123020,-1.436040,ndi
1786504409.519914,91.784264,-0.022650,-0.123030,-1.436060,ndi
1786504409.535456,91.799806,-0.022660,-0.123010,-1.436050,ndi
1786504409.552472,91.816822,-0.022650,-0.123000,-1.436050,ndi
1786504409.569773,91.834123,-0.022650,-0.123020,-1.436030,ndi
1786504409.587294,91.851644,-0.022640,-0.123030,-1.436070,ndi
1786504409.602365,91.866715,-0.022650,-0.123010,-1.436050,ndi
1786504409.619855,91.884205,-0.022650,-0.122990,-1.436080,ndi
1786504409.637341,91.901691,-0.022640,-0.123010,-1.436080,ndi
1786504409.652312,91.916662,-0.022660,-0.123000,-1.436090,ndi
1786504409.669780,91.934130,-0.022660,-0.122980,-1.436120,ndi
1786504409.687258,91.951608,-0.022670,-0.122970,-1.436160,ndi
1786504409.702359,91.966709,-0.022670,-0.122980,-1.436170,ndi
1786504409.719848,91.984198,-0.022680,-0.122980,-1.436200,ndi
1786504409.737383,92.001733,-0.022680,-0.122950,-1.436200,ndi
1786504409.752297,92.016647,-0.022690,-0.122940,-1.436260,ndi
1786504409.769753,92.034103,-0.022680,-0.122950,-1.436240,ndi
1786504409.787252,92.051602,-0.022670,-0.122940,-1.436310,ndi
1786504409.802293,92.066643,-0.022690,-0.122930,-1.436320,ndi
1786504409.819948,92.084298,-0.022680,-0.122920,-1.436330,ndi
1786504409.837421,92.101771,-0.022680,-0.122920,-1.436310,ndi
1786504409.852418,92.116768,-0.022690,-0.122910,-1.436340,ndi
1786504409.869779,92.134129,-0.022700,-0.122910,-1.436340,ndi
1786504409.887266,92.151616,-0.022690,-0.122900,-1.436370,ndi
1786504409.902342,92.166692,-0.022690,-0.122900,-1.436400,ndi
1786504409.919924,92.184274,-0.022690,-0.122890,-1.436380,ndi
1786504409.935023,92.199373,-0.022700,-0.122890,-1.436410,ndi
1786504409.952394,92.216744,-0.022690,-0.122870,-1.436430,ndi
1786504409.969774,92.234123,-0.022680,-0.122870,-1.436450,ndi
1786504409.987258,92.251608,-0.022700,-0.122870,-1.436470,ndi
1786504410.002292,92.266642,-0.022700,-0.122860,-1.436480,ndi
1786504410.019948,92.284298,-0.022690,-0.122850,-1.436500,ndi
1786504410.034905,92.299255,-0.022690,-0.122830,-1.436540,ndi
1786504410.052427,92.316777,-0.022690,-0.122840,-1.436560,ndi
1786504410.069792,92.334141,-0.022720,-0.122820,-1.436590,ndi
1786504410.087313,92.351663,-0.022700,-0.122800,-1.436610,ndi
1786504410.102387,92.366737,-0.022710,-0.122790,-1.436650,ndi
1786504410.119946,92.384296,-0.022720,-0.122790,-1.436690,ndi
1786504410.135050,92.399400,-0.022710,-0.122770,-1.436710,ndi
1786504410.152395,92.416745,-0.022720,-0.122760,-1.436750,ndi
1786504410.169784,92.434134,-0.022710,-0.122750,-1.436770,ndi
1786504410.187293,92.451643,-0.022710,-0.122740,-1.436790,ndi
1786504410.202353,92.466703,-0.022710,-0.122730,-1.436830,ndi
1786504410.219930,92.484280,-0.022730,-0.122710,-1.436850,ndi
1786504410.237410,92.501760,-0.022710,-0.122720,-1.436890,ndi
1786504410.252412,92.516762,-0.022720,-0.122710,-1.436950,ndi
1786504410.269790,92.534140,-0.022740,-0.122690,-1.436960,ndi
1786504410.284966,92.549315,-0.022730,-0.122680,-1.437000,ndi
1786504410.302386,92.566736,-0.022740,-0.122680,-1.437000,ndi
1786504410.319859,92.584209,-0.022730,-0.122670,-1.437020,ndi
1786504410.337454,92.601804,-0.022740,-0.122660,-1.437070,ndi
1786504410.352537,92.616887,-0.022730,-0.122650,-1.437070,ndi
1786504410.369807,92.634157,-0.022730,-0.122660,-1.437080,ndi
1786504410.387273,92.651623,-0.022750,-0.122650,-1.437130,ndi
1786504410.402365,92.666715,-0.022730,-0.122630,-1.437130,ndi
1786504410.419952,92.684302,-0.022740,-0.122630,-1.437150,ndi
1786504410.437400,92.701750,-0.022740,-0.122640,-1.437180,ndi
1786504410.452453,92.716803,-0.022740,-0.122620,-1.437180,ndi
1786504410.469790,92.734140,-0.022750,-0.122610,-1.437200,ndi
1786504410.485014,92.749364,-0.022760,-0.122610,-1.437240,ndi
1786504410.502357,92.766707,-0.022770,-0.122620,-1.437240,ndi
1786504410.519906,92.784256,-0.022750,-0.122620,-1.437270,ndi
1786504410.534978,92.799328,-0.022770,-0.122590,-1.437260,ndi
1786504410.552474,92.816824,-0.022760,-0.122600,-1.437320,ndi
1786504410.569780,92.834130,-0.022760,-0.122610,-1.437310,ndi
1786504410.584980,92.849330,-0.022760,-0.122610,-1.437330,ndi
1786504410.602293,92.866643,-0.022760,-0.122590,-1.437380,ndi
1786504410.619935,92.884284,-0.022770,-0.122590,-1.437380,ndi
1786504410.637436,92.901786,-0.022770,-0.122600,-1.437420,ndi
1786504410.652429,92.916779,-0.022770,-0.122590,-1.437400,ndi
1786504410.669792,92.934142,-0.022780,-0.122580,-1.437450,ndi
1786504410.687290,92.951640,-0.022780,-0.122580,-1.437450,ndi
1786504410.702348,92.966698,-0.022770,-0.122590,-1.437440,ndi
1786504410.719871,92.984221,-0.022780,-0.122580,-1.437520,ndi
1786504410.735002,92.999352,-0.022760,-0.122570,-1.437510,ndi
1786504410.752452,93.016802,-0.022770,-0.122570,-1.437520,ndi
1786504410.769799,93.034149,-0.022780,-0.122570,-1.437530,ndi
1786504410.784962,93.049312,-0.022770,-0.122570,-1.437550,ndi
1786504410.802306,93.066656,-0.022780,-0.122560,-1.437580,ndi
1786504410.819800,93.084150,-0.022780,-0.122560,-1.437600,ndi
1786504410.837446,93.101796,-0.022800,-0.122560,-1.437620,ndi
1786504410.852477,93.116827,-0.022800,-0.122540,-1.437600,ndi
1786504410.869786,93.134136,-0.022800,-0.122540,-1.437640,ndi
1786504410.884865,93.149215,-0.022800,-0.122540,-1.437660,ndi
1786504410.902397,93.166747,-0.022800,-0.122540,-1.437670,ndi
1786504410.919909,93.184259,-0.022820,-0.122530,-1.437690,ndi
1786504410.937483,93.201833,-0.022790,-0.122530,-1.437710,ndi
1786504410.952427,93.216777,-0.022800,-0.122520,-1.437700,ndi
1786504410.969811,93.234161,-0.022810,-0.122520,-1.437720,ndi
1786504410.987288,93.251637,-0.022810,-0.122520,-1.437760,ndi
1786504411.002387,93.266737,-0.022820,-0.122510,-1.437740,ndi
1786504411.019867,93.284217,-0.022800,-0.122520,-1.437780,ndi
1786504411.037395,93.301745,-0.022810,-0.122510,-1.437770,ndi
1786504411.052329,93.316679,-0.022820,-0.122510,-1.437810,ndi
1786504411.069823,93.334173,-0.022840,-0.122500,-1.437840,ndi
1786504411.084899,93.349249,-0.022830,-0.122500,-1.437820,ndi
1786504411.102331,93.366681,-0.022830,-0.122500,-1.437860,ndi
1786504411.119839,93.384189,-0.022840,-0.122500,-1.437870,ndi
1786504411.134925,93.399275,-0.022820,-0.122480,-1.437880,ndi
1786504411.152507,93.416857,-0.022830,-0.122480,-1.437870,ndi
1786504411.169824,93.434174,-0.022820,-0.122490,-1.437890,ndi
1786504411.184879,93.449229,-0.022830,-0.122490,-1.437890,ndi
1786504411.202486,93.466836,-0.022840,-0.122480,-1.437900,ndi
1786504411.219975,93.484325,-0.022850,-0.122480,-1.437930,ndi
1786504411.237473,93.501823,-0.022850,-0.122480,-1.437930,ndi
1786504411.252380,93.516730,-0.022840,-0.122470,-1.437960,ndi
1786504411.269818,93.534168,-0.022850,-0.122460,-1.437970,ndi
1786504411.284992,93.549342,-0.022850,-0.122460,-1.437990,ndi
1786504411.302317,93.566667,-0.022870,-0.122460,-1.437990,ndi
1786504411.319854,93.584204,-0.022850,-0.122460,-1.438010,ndi
1786504411.335085,93.599435,-0.022850,-0.122450,-1.438030,ndi
1786504411.352508,93.616858,-0.022860,-0.122450,-1.438050,ndi
1786504411.369829,93.634179,-0.022850,-0.122450,-1.438060,ndi
1786504411.384918,93.649268,-0.022860,-0.122450,-1.438060,ndi
1786504411.402365,93.666715,-0.022850,-0.122440,-1.438080,ndi
1786504411.419855,93.684205,-0.022870,-0.122440,-1.438110,ndi
1786504411.437419,93.701769,-0.022860,-0.122440,-1.438110,ndi
1786504411.452505,93.716855,-0.022870,-0.122430,-1.438120,ndi
1786504411.469809,93.734159,-0.022870,-0.122440,-1.438150,ndi
1786504411.484918,93.749268,-0.022870,-0.122440,-1.438150,ndi
1786504411.502383,93.766732,-0.022880,-0.122440,-1.438150,ndi
1786504411.519976,93.784326,-0.022860,-0.122440,-1.438180,ndi
1786504411.535114,93.799464,-0.022870,-0.122440,-1.438180,ndi
1786504411.552574,93.816924,-0.022870,-0.122450,-1.438190,ndi
1786504411.569829,93.834179,-0.022860,-0.122450,-1.438220,ndi
1786504411.584925,93.849275,-0.022860,-0.122450,-1.438200,ndi
1786504411.602463,93.866813,-0.022860,-0.122450,-1.438230,ndi
1786504411.620030,93.884380,-0.022860,-0.122450,-1.438220,ndi
1786504411.637547,93.901897,-0.022860,-0.122450,-1.438250,ndi
1786504411.652521,93.916871,-0.022870,-0.122450,-1.438260,ndi
1786504411.669877,93.934227,-0.022860,-0.122460,-1.438270,ndi
1786504411.684958,93.949308,-0.022860,-0.122460,-1.438280,ndi
1786504411.702373,93.966723,-0.022830,-0.122490,-1.438310,ndi
1786504411.719861,93.984211,-0.022790,-0.122510,-1.438340,ndi
1786504411.737435,94.001785,-0.022770,-0.122540,-1.438350,ndi
1786504411.752526,94.016876,-0.022750,-0.122550,-1.438380,ndi
1786504411.769815,94.034165,-0.022740,-0.122570,-1.438400,ndi
1786504411.784937,94.049287,-0.022700,-0.122590,-1.438420,ndi
1786504411.802368,94.066718,-0.022680,-0.122620,-1.438480,ndi
1786504411.819906,94.084256,-0.022670,-0.122640,-1.438500,ndi
1786504411.834947,94.099297,-0.022650,-0.122670,-1.438520,ndi
1786504411.852466,94.116816,-0.022620,-0.122710,-1.438530,ndi
1786504411.869836,94.134186,-0.022580,-0.122730,-1.438560,ndi
1786504411.884925,94.149275,-0.022570,-0.122730,-1.438570,ndi
1786504411.902404,94.166754,-0.022530,-0.122780,-1.438630,ndi
1786504411.920045,94.184395,-0.022510,-0.122810,-1.438660,ndi
1786504411.935138,94.199488,-0.022480,-0.122820,-1.438640,ndi
1786504411.952559,94.216909,-0.022460,-0.122840,-1.438690,ndi
1786504411.969831,94.234181,-0.022440,-0.122880,-1.438730,ndi
1786504411.984904,94.249254,-0.022400,-0.122910,-1.438740,ndi
1786504412.002329,94.266679,-0.022400,-0.122920,-1.438730,ndi
1786504412.019815,94.284165,-0.022380,-0.122940,-1.438760,ndi
1786504412.037371,94.301721,-0.022350,-0.122980,-1.438770,ndi
1786504412.052365,94.316715,-0.022320,-0.123000,-1.438780,ndi
1786504412.069846,94.334196,-0.022310,-0.123010,-1.438800,ndi
1786504412.084911,94.349261,-0.022290,-0.123040,-1.438800,ndi
1786504412.102288,94.366638,-0.022240,-0.123070,-1.438820,ndi
1786504412.119982,94.384331,-0.022230,-0.123090,-1.438840,ndi
1786504412.137531,94.401881,-0.022210,-0.123100,-1.438860,ndi
1786504412.152514,94.416864,-0.022190,-0.123110,-1.438870,ndi
1786504412.169834,94.434184,-0.022160,-0.123150,-1.438870,ndi
1786504412.184917,94.449267,-0.022150,-0.123180,-1.438900,ndi
1786504412.202364,94.466714,-0.022100,-0.123190,-1.438920,ndi
1786504412.219828,94.484178,-0.022100,-0.123210,-1.438930,ndi
1786504412.234964,94.499314,-0.022090,-0.123240,-1.438950,ndi
1786504412.252373,94.516723,-0.022050,-0.123270,-1.438980,ndi
1786504412.269853,94.534203,-0.022020,-0.123280,-1.438990,ndi
1786504412.284817,94.549167,-0.021990,-0.123310,-1.439020,ndi
1786504412.302323,94.566673,-0.021960,-0.123350,-1.439050,ndi
1786504412.319852,94.584202,-0.021920,-0.123390,-1.439060,ndi
1786504412.335125,94.599475,-0.021890,-0.123390,-1.439100,ndi
1786504412.352584,94.616934,-0.021860,-0.123420,-1.439100,ndi
1786504412.369850,94.634200,-0.021840,-0.123470,-1.439160,ndi
1786504412.385060,94.649410,-0.021830,-0.123490,-1.439170,ndi
1786504412.402453,94.666803,-0.021790,-0.123490,-1.439180,ndi
1786504412.420078,94.684428,-0.021770,-0.123530,-1.439220,ndi
1786504412.437546,94.701896,-0.021740,-0.123580,-1.439210,ndi
1786504412.452560,94.716910,-0.021710,-0.123590,-1.439260,ndi
1786504412.469868,94.734218,-0.021690,-0.123600,-1.439270,ndi
1786504412.484838,94.749188,-0.021660,-0.123630,-1.439320,ndi
1786504412.502464,94.766814,-0.021640,-0.123670,-1.439320,ndi
1786504412.519917,94.784267,-0.021600,-0.123690,-1.439330,ndi
1786504412.537416,94.801766,-0.021580,-0.123690,-1.439370,ndi
1786504412.552634,94.816983,-0.021550,-0.123730,-1.439380,ndi
1786504412.569859,94.834208,-0.021520,-0.123760,-1.439390,ndi
1786504412.585053,94.849403,-0.021490,-0.123770,-1.439430,ndi
1786504412.602402,94.866752,-0.021470,-0.123790,-1.439440,ndi
1786504412.620046,94.884396,-0.021450,-0.123820,-1.439430,ndi
1786504412.637547,94.901897,-0.021400,-0.123860,-1.439480,ndi
1786504412.652606,94.916955,-0.021380,-0.123860,-1.439480,ndi
1786504412.669832,94.934182,-0.021350,-0.123890,-1.439520,ndi
1786504412.684939,94.949289,-0.021310,-0.123910,-1.439560,ndi
1786504412.702485,94.966835,-0.021290,-0.123940,-1.439570,ndi
1786504412.720014,94.984364,-0.021250,-0.123950,-1.439600,ndi
1786504412.737458,95.001808,-0.021220,-0.123980,-1.439600,ndi
1786504412.752403,95.016753,-0.021180,-0.124020,-1.439620,ndi
1786504412.769859,95.034209,-0.021160,-0.124030,-1.439650,ndi
1786504412.785023,95.049373,-0.021140,-0.124040,-1.439670,ndi
1786504412.802401,95.066751,-0.021110,-0.124070,-1.439720,ndi
1786504412.820096,95.084446,-0.021060,-0.124110,-1.439730,ndi
1786504412.835163,95.099513,-0.021030,-0.124130,-1.439770,ndi
1786504412.852532,95.116882,-0.021010,-0.124140,-1.439800,ndi
1786504412.869834,95.134184,-0.020980,-0.124180,-1.439830,ndi
1786504412.884949,95.149299,-0.020940,-0.124210,-1.439840,ndi
1786504412.902494,95.166844,-0.020900,-0.124220,-1.439860,ndi
1786504412.920021,95.184371,-0.020880,-0.124230,-1.439900,ndi
1786504412.937543,95.201893,-0.020850,-0.124280,-1.439920,ndi
1786504412.952701,95.217051,-0.020810,-0.124310,-1.439960,ndi
1786504412.969875,95.234225,-0.020790,-0.124310,-1.439990,ndi
1786504412.985013,95.249363,-0.020750,-0.124320,-1.440010,ndi
1786504413.002632,95.266982,-0.020750,-0.124350,-1.440010,ndi
1786504413.020008,95.284358,-0.020710,-0.124390,-1.440030,ndi
1786504413.035134,95.299484,-0.020690,-0.124390,-1.440050,ndi
1786504413.052463,95.316813,-0.020670,-0.124400,-1.440060,ndi
1786504413.069815,95.334165,-0.020640,-0.124440,-1.440110,ndi
1786504413.084940,95.349290,-0.020610,-0.124460,-1.440090,ndi
1786504413.102454,95.366804,-0.020580,-0.124460,-1.440120,ndi
1786504413.120008,95.384357,-0.020550,-0.124470,-1.440140,ndi
1786504413.137555,95.401905,-0.020510,-0.124520,-1.440170,ndi
1786504413.152535,95.416885,-0.020490,-0.124540,-1.440170,ndi
1786504413.169864,95.434214,-0.020460,-0.124540,-1.440170,ndi
1786504413.185046,95.449396,-0.020440,-0.124550,-1.440200,ndi
1786504413.202461,95.466811,-0.020410,-0.124590,-1.440210,ndi
1786504413.220029,95.484379,-0.020380,-0.124620,-1.440270,ndi
1786504413.237557,95.501907,-0.020340,-0.124620,-1.440280,ndi
1786504413.252499,95.516849,-0.020310,-0.124640,-1.440290,ndi
1786504413.269884,95.534234,-0.020280,-0.124680,-1.440330,ndi
1786504413.284943,95.549293,-0.020230,-0.124700,-1.440340,ndi
1786504413.302350,95.566700,-0.020200,-0.124700,-1.440360,ndi
1786504413.319924,95.584274,-0.020170,-0.124720,-1.440390,ndi
1786504413.337494,95.601844,-0.020130,-0.124780,-1.440430,ndi
1786504413.352479,95.616829,-0.020110,-0.124790,-1.440430,ndi
1786504413.369862,95.634212,-0.020060,-0.124790,-1.440470,ndi
1786504413.385022,95.649372,-0.020060,-0.124800,-1.440480,ndi
1786504413.402413,95.666763,-0.020020,-0.124860,-1.440510,ndi
1786504413.420034,95.684384,-0.019980,-0.124880,-1.440540,ndi
1786504413.435122,95.699472,-0.019960,-0.124880,-1.440550,ndi
1786504413.452504,95.716854,-0.019920,-0.124900,-1.440580,ndi
1786504413.469828,95.734178,-0.019890,-0.124940,-1.440590,ndi
1786504413.484931,95.749281,-0.019860,-0.124960,-1.440600,ndi
1786504413.502486,95.766836,-0.019830,-0.124960,-1.440630,ndi
1786504413.520029,95.784379,-0.019790,-0.124990,-1.440680,ndi
1786504413.535101,95.799451,-0.019760,-0.125030,-1.440690,ndi
1786504413.552485,95.816834,-0.019720,-0.125040,-1.440680,ndi
1786504413.569871,95.834221,-0.019680,-0.125050,-1.440720,ndi
1786504413.587324,95.851674,-0.019660,-0.125070,-1.440730,ndi
1786504413.602381,95.866731,-0.019610,-0.125110,-1.440740,ndi
1786504413.620046,95.884396,-0.019590,-0.125130,-1.440800,ndi
1786504413.637558,95.901907,-0.019550,-0.125130,-1.440810,ndi
1786504413.652517,95.916867,-0.019520,-0.125150,-1.440830,ndi
1786504413.669821,95.934171,-0.019470,-0.125190,-1.440820,ndi
1786504413.684934,95.949284,-0.019430,-0.125200,-1.440880,ndi
1786504413.702391,95.966741,-0.019400,-0.125210,-1.440870,ndi
1786504413.719993,95.984343,-0.019360,-0.125240,-1.440910,ndi
1786504413.735133,95.999483,-0.019330,-0.125270,-1.440930,ndi
1786504413.752520,96.016870,-0.019280,-0.125280,-1.440960,ndi
1786504413.769867,96.034217,-0.019260,-0.125290,-1.440970,ndi
1786504413.784957,96.049307,-0.019220,-0.125320,-1.440980,ndi
1786504413.802448,96.066798,-0.019180,-0.125360,-1.441020,ndi
1786504413.819921,96.084271,-0.019140,-0.125360,-1.441050,ndi
1786504413.837509,96.101859,-0.019090,-0.125390,-1.441090,ndi
1786504413.852485,96.116835,-0.019050,-0.125420,-1.441080,ndi
1786504413.869871,96.134221,-0.019010,-0.125460,-1.441130,ndi
1786504413.884955,96.149305,-0.018990,-0.125450,-1.441110,ndi
1786504413.902436,96.166785,-0.018940,-0.125480,-1.441140,ndi
1786504413.919901,96.184251,-0.018910,-0.125520,-1.441190,ndi
1786504413.937493,96.201843,-0.018870,-0.125540,-1.441210,ndi
1786504413.952546,96.216896,-0.018830,-0.125540,-1.441260,ndi
1786504413.969864,96.234214,-0.018820,-0.125560,-1.441250,ndi
1786504413.987359,96.251709,-0.018770,-0.125600,-1.441280,ndi
1786504414.002386,96.266736,-0.018750,-0.125610,-1.441300,ndi
1786504414.019911,96.284261,-0.018720,-0.125610,-1.441310,ndi
1786504414.037471,96.301821,-0.018700,-0.125630,-1.441330,ndi
1786504414.052494,96.316844,-0.018660,-0.125680,-1.441360,ndi
1786504414.069896,96.334245,-0.018620,-0.125690,-1.441380,ndi
1786504414.087350,96.351700,-0.018590,-0.125690,-1.441390,ndi
1786504414.102391,96.366741,-0.018560,-0.125720,-1.441400,ndi
1786504414.120022,96.384372,-0.018530,-0.125750,-1.441430,ndi
1786504414.137525,96.401875,-0.018490,-0.125760,-1.441460,ndi
1786504414.152546,96.416896,-0.018470,-0.125760,-1.441480,ndi
1786504414.169849,96.434199,-0.018450,-0.125800,-1.441490,ndi
1786504414.184948,96.449298,-0.018410,-0.125830,-1.441560,ndi
1786504414.202381,96.466731,-0.018390,-0.125830,-1.441530,ndi
1786504414.219946,96.484296,-0.018340,-0.125850,-1.441580,ndi
1786504414.237416,96.501766,-0.018310,-0.125890,-1.441590,ndi
1786504414.252510,96.516860,-0.018260,-0.125910,-1.441600,ndi
1786504414.269897,96.534247,-0.018230,-0.125910,-1.441650,ndi
1786504414.287351,96.551701,-0.018190,-0.125930,-1.441640,ndi
1786504414.302363,96.566713,-0.018150,-0.125960,-1.441660,ndi
1786504414.319961,96.584311,-0.018140,-0.125970,-1.441670,ndi
1786504414.335028,96.599378,-0.018090,-0.125990,-1.441700,ndi
1786504414.352417,96.616767,-0.018060,-0.126020,-1.441730,ndi
1786504414.369925,96.634274,-0.018030,-0.126040,-1.441740,ndi
1786504414.384991,96.649341,-0.018000,-0.126060,-1.441750,ndi
1786504414.402482,96.666831,-0.017970,-0.126060,-1.441750,ndi
1786504414.420054,96.684404,-0.017930,-0.126090,-1.441800,ndi
1786504414.437592,96.701941,-0.017900,-0.126120,-1.441810,ndi
1786504414.452608,96.716958,-0.017850,-0.126120,-1.441830,ndi
1786504414.470231,96.734581,-0.017820,-0.126140,-1.441850,ndi
1786504414.484997,96.749347,-0.017790,-0.126170,-1.441860,ndi
1786504414.502586,96.766936,-0.017760,-0.126190,-1.441900,ndi
1786504414.519956,96.784306,-0.017730,-0.126200,-1.441880,ndi
1786504414.537483,96.801833,-0.017690,-0.126210,-1.441920,ndi
1786504414.552479,96.816829,-0.017660,-0.126240,-1.441970,ndi
1786504414.569864,96.834214,-0.017630,-0.126280,-1.442010,ndi
1786504414.584944,96.849294,-0.017590,-0.126280,-1.442010,ndi
1786504414.602417,96.866767,-0.017560,-0.126310,-1.442030,ndi
1786504414.620004,96.884354,-0.017530,-0.126340,-1.442070,ndi
1786504414.637518,96.901868,-0.017480,-0.126360,-1.442060,ndi
1786504414.652505,96.916855,-0.017460,-0.126360,-1.442100,ndi
1786504414.669895,96.934245,-0.017420,-0.126390,-1.442120,ndi
1786504414.685012,96.949362,-0.017370,-0.126420,-1.442150,ndi
1786504414.702550,96.966900,-0.017340,-0.126440,-1.442190,ndi
1786504414.719984,96.984334,-0.017290,-0.126440,-1.442190,ndi
1786504414.735067,96.999417,-0.017270,-0.126470,-1.442230,ndi
1786504414.752503,97.016853,-0.017240,-0.126500,-1.442260,ndi
1786504414.769845,97.034195,-0.017200,-0.126510,-1.442290,ndi
1786504414.784930,97.049280,-0.017160,-0.126530,-1.442310,ndi
1786504414.802424,97.066774,-0.017110,-0.126560,-1.442340,ndi
1786504414.819983,97.084333,-0.017090,-0.126600,-1.442330,ndi
1786504414.837398,97.101748,-0.017030,-0.126610,-1.442380,ndi
1786504414.852532,97.116882,-0.017010,-0.126610,-1.442410,ndi
1786504414.869950,97.134300,-0.016970,-0.126650,-1.442410,ndi
1786504414.884962,97.149312,-0.016940,-0.126670,-1.442450,ndi
1786504414.902462,97.166812,-0.016910,-0.126680,-1.442450,ndi
1786504414.920026,97.184376,-0.016860,-0.126700,-1.442470,ndi
1786504414.937490,97.201840,-0.016840,-0.126730,-1.442490,ndi
1786504414.952520,97.216870,-0.016830,-0.126750,-1.442520,ndi
1786504414.969871,97.234221,-0.016790,-0.126750,-1.442550,ndi
1786504414.984946,97.249296,-0.016760,-0.126780,-1.442570,ndi
1786504415.002457,97.266807,-0.016730,-0.126810,-1.442590,ndi
1786504415.019926,97.284276,-0.016700,-0.126830,-1.442580,ndi
1786504415.037435,97.301785,-0.016660,-0.126840,-1.442630,ndi
1786504415.052405,97.316755,-0.016630,-0.126850,-1.442630,ndi
1786504415.069949,97.334299,-0.016600,-0.126870,-1.442680,ndi
1786504415.087365,97.351715,-0.016560,-0.126910,-1.442690,ndi
1786504415.102417,97.366767,-0.016520,-0.126930,-1.442710,ndi
1786504415.120065,97.384415,-0.016500,-0.126930,-1.442750,ndi
1786504415.135209,97.399559,-0.016480,-0.126940,-1.442750,ndi
1786504415.152585,97.416935,-0.016440,-0.126990,-1.442780,ndi
1786504415.169933,97.434283,-0.016410,-0.127010,-1.442810,ndi
1786504415.184934,97.449284,-0.016360,-0.127020,-1.442860,ndi
1786504415.202417,97.466767,-0.016340,-0.127040,-1.442860,ndi
1786504415.219976,97.484326,-0.016280,-0.127090,-1.442890,ndi
1786504415.237604,97.501954,-0.016250,-0.127110,-1.442940,ndi
1786504415.252600,97.516950,-0.016220,-0.127110,-1.442950,ndi
1786504415.269922,97.534272,-0.016180,-0.127140,-1.443000,ndi
1786504415.284979,97.549329,-0.016160,-0.127180,-1.443000,ndi
1786504415.302402,97.566752,-0.016120,-0.127200,-1.443030,ndi
1786504415.320034,97.584383,-0.016090,-0.127190,-1.443040,ndi
1786504415.334978,97.599328,-0.016080,-0.127220,-1.443070,ndi
1786504415.352640,97.616990,-0.016020,-0.127260,-1.443080,ndi
1786504415.369927,97.634277,-0.016000,-0.127270,-1.443090,ndi
1786504415.385004,97.649354,-0.015960,-0.127270,-1.443100,ndi
1786504415.402420,97.666770,-0.015930,-0.127320,-1.443090,ndi
1786504415.419887,97.684237,-0.015900,-0.127350,-1.443120,ndi
1786504415.435159,97.699509,-0.015850,-0.127350,-1.443150,ndi
1786504415.452600,97.716950,-0.015830,-0.127360,-1.443150,ndi
1786504415.469883,97.734233,-0.015810,-0.127400,-1.443200,ndi
1786504415.484994,97.749344,-0.015760,-0.127420,-1.443190,ndi
1786504415.502421,97.766771,-0.015730,-0.127420,-1.443220,ndi
1786504415.519933,97.784282,-0.015690,-0.127430,-1.443220,ndi
1786504415.535194,97.799544,-0.015670,-0.127470,-1.443240,ndi
1786504415.552593,97.816943,-0.015630,-0.127510,-1.443280,ndi
1786504415.569918,97.834268,-0.015590,-0.127520,-1.443280,ndi
1786504415.584922,97.849272,-0.015570,-0.127520,-1.443320,ndi
1786504415.602388,97.866738,-0.015540,-0.127570,-1.443330,ndi
1786504415.619944,97.884294,-0.015490,-0.127600,-1.443370,ndi
1786504415.635069,97.899419,-0.015470,-0.127600,-1.443400,ndi
1786504415.652612,97.916962,-0.015430,-0.127610,-1.443420,ndi
1786504415.669905,97.934255,-0.015400,-0.127650,-1.443430,ndi
1786504415.685015,97.949365,-0.015370,-0.127690,-1.443430,ndi
1786504415.702413,97.966763,-0.015340,-0.127690,-1.443490,ndi
1786504415.719918,97.984268,-0.015310,-0.127690,-1.443530,ndi
1786504415.734995,97.999345,-0.015280,-0.127750,-1.443540,ndi
1786504415.752603,98.016953,-0.015250,-0.127790,-1.443550,ndi
1786504415.769896,98.034246,-0.015200,-0.127780,-1.443630,ndi
1786504415.784958,98.049308,-0.015170,-0.127790,-1.443630,ndi
1786504415.802468,98.066818,-0.015110,-0.127850,-1.443640,ndi
1786504415.820020,98.084370,-0.015080,-0.127890,-1.443680,ndi
1786504415.837620,98.101970,-0.015030,-0.127880,-1.443720,ndi
1786504415.852576,98.116926,-0.015020,-0.127900,-1.443730,ndi
1786504415.869920,98.134270,-0.014980,-0.127950,-1.443760,ndi
1786504415.885024,98.149374,-0.014940,-0.127980,-1.443780,ndi
1786504415.902481,98.166831,-0.014910,-0.127970,-1.443810,ndi
1786504415.920048,98.184398,-0.014870,-0.127980,-1.443830,ndi
1786504415.935161,98.199511,-0.014870,-0.128030,-1.443860,ndi
1786504415.952619,98.216969,-0.014830,-0.128060,-1.443880,ndi
1786504415.969883,98.234233,-0.014790,-0.128050,-1.443910,ndi
1786504415.984967,98.249317,-0.014790,-0.128070,-1.443890,ndi
1786504416.002417,98.266767,-0.014740,-0.128110,-1.443910,ndi
1786504416.020100,98.284450,-0.014710,-0.128140,-1.443950,ndi
1786504416.035181,98.299531,-0.014680,-0.128140,-1.443970,ndi
1786504416.052626,98.316976,-0.014650,-0.128150,-1.444000,ndi
1786504416.069895,98.334245,-0.014620,-0.128200,-1.444010,ndi
1786504416.085025,98.349375,-0.014610,-0.128220,-1.444020,ndi
1786504416.102435,98.366785,-0.014560,-0.128220,-1.444060,ndi
1786504416.119936,98.384286,-0.014530,-0.128240,-1.444070,ndi
1786504416.135239,98.399589,-0.014530,-0.128280,-1.444070,ndi
1786504416.152623,98.416973,-0.014460,-0.128310,-1.444100,ndi
1786504416.169880,98.434230,-0.014460,-0.128300,-1.444120,ndi
1786504416.184978,98.449328,-0.014430,-0.128320,-1.444140,ndi
1786504416.202522,98.466872,-0.014380,-0.128380,-1.444170,ndi
1786504416.220132,98.484482,-0.014360,-0.128420,-1.444190,ndi
1786504416.235183,98.499532,-0.014310,-0.128410,-1.444240,ndi
1786504416.252607,98.516957,-0.014290,-0.128440,-1.444260,ndi
1786504416.269909,98.534259,-0.014230,-0.128510,-1.444270,ndi
1786504416.285024,98.549374,-0.014200,-0.128520,-1.444300,ndi
1786504416.302582,98.566932,-0.014170,-0.128520,-1.444320,ndi
1786504416.320061,98.584411,-0.014130,-0.128550,-1.444350,ndi
1786504416.337463,98.601813,-0.014120,-0.128620,-1.444400,ndi
1786504416.352593,98.616943,-0.014070,-0.128620,-1.444410,ndi
1786504416.369890,98.634240,-0.014060,-0.128630,-1.444440,ndi
1786504416.384951,98.649301,-0.014020,-0.128660,-1.444450,ndi
1786504416.402439,98.666789,-0.013980,-0.128710,-1.444460,ndi
1786504416.419955,98.684305,-0.013930,-0.128720,-1.444480,ndi
1786504416.435021,98.699371,-0.013910,-0.128720,-1.444510,ndi
1786504416.452614,98.716964,-0.013890,-0.128760,-1.444510,ndi
1786504416.469886,98.734236,-0.013840,-0.128800,-1.444540,ndi
1786504416.485116,98.749466,-0.013830,-0.128810,-1.444550,ndi
1786504416.502440,98.766790,-0.013800,-0.128810,-1.444590,ndi
1786504416.519946,98.784296,-0.013780,-0.128860,-1.444620,ndi
1786504416.535026,98.799376,-0.013760,-0.128900,-1.444620,ndi
1786504416.552591,98.816941,-0.013690,-0.128900,-1.444660,ndi
1786504416.569876,98.834226,-0.013690,-0.128930,-1.444680,ndi
1786504416.584953,98.849303,-0.013630,-0.128970,-1.444740,ndi
1786504416.602453,98.866803,-0.013610,-0.129000,-1.444730,ndi
1786504416.619950,98.884300,-0.013570,-0.129010,-1.444780,ndi
1786504416.637505,98.901855,-0.013540,-0.129020,-1.444780,ndi
1786504416.652534,98.916884,-0.013500,-0.129060,-1.444810,ndi
1786504416.669863,98.934213,-0.013480,-0.129100,-1.444820,ndi
1786504416.684968,98.949318,-0.013450,-0.129090,-1.444860,ndi
1786504416.702457,98.966807,-0.013410,-0.129110,-1.444920,ndi
1786504416.719969,98.984319,-0.013400,-0.129170,-1.444930,ndi
1786504416.735062,98.999412,-0.013350,-0.129200,-1.444980,ndi
1786504416.752544,99.016894,-0.013320,-0.129200,-1.445010,ndi
1786504416.769843,99.034193,-0.013290,-0.129230,-1.445010,ndi
1786504416.784943,99.049293,-0.013250,-0.129270,-1.445060,ndi
1786504416.802419,99.066769,-0.013230,-0.129320,-1.445060,ndi
1786504416.819937,99.084286,-0.013170,-0.129320,-1.445130,ndi
1786504416.837560,99.101910,-0.013150,-0.129350,-1.445140,ndi
1786504416.852528,99.116878,-0.013110,-0.129390,-1.445160,ndi
1786504416.869869,99.134218,-0.013100,-0.129420,-1.445170,ndi
1786504416.885010,99.149360,-0.013060,-0.129420,-1.445230,ndi
1786504416.902461,99.166811,-0.013070,-0.129450,-1.445240,ndi
1786504416.919912,99.184262,-0.013020,-0.129500,-1.445240,ndi
1786504416.935027,99.199377,-0.012990,-0.129510,-1.445270,ndi
1786504416.952538,99.216888,-0.012980,-0.129520,-1.445300,ndi
1786504416.969870,99.234220,-0.012940,-0.129550,-1.445310,ndi
1786504416.984925,99.249275,-0.012900,-0.129590,-1.445320,ndi
1786504417.002473,99.266823,-0.012870,-0.129610,-1.445350,ndi
1786504417.020059,99.284409,-0.012860,-0.129620,-1.445350,ndi
1786504417.035137,99.299487,-0.012830,-0.129650,-1.445370,ndi
1786504417.052534,99.316884,-0.012810,-0.129690,-1.445400,ndi
1786504417.069886,99.334236,-0.012770,-0.129700,-1.445420,ndi
1786504417.085074,99.349424,-0.012750,-0.129720,-1.445440,ndi
1786504417.102444,99.366794,-0.012730,-0.129750,-1.445450,ndi
1786504417.119924,99.384274,-0.012680,-0.129780,-1.445480,ndi
1786504417.135154,99.399504,-0.012680,-0.129800,-1.445490,ndi
1786504417.152517,99.416867,-0.012640,-0.129810,-1.445530,ndi
1786504417.169894,99.434244,-0.012600,-0.129860,-1.445560,ndi
1786504417.187407,99.451757,-0.012570,-0.129890,-1.445560,ndi
1786504417.202458,99.466808,-0.012540,-0.129910,-1.445590,ndi
1786504417.219970,99.484320,-0.012510,-0.129930,-1.445620,ndi
1786504417.235051,99.499401,-0.012490,-0.129970,-1.445660,ndi
1786504417.252405,99.516755,-0.012450,-0.130000,-1.445660,ndi
1786504417.269888,99.534238,-0.012440,-0.130030,-1.445710,ndi
1786504417.287452,99.551801,-0.012410,-0.130050,-1.445750,ndi
1786504417.302506,99.566856,-0.012390,-0.130090,-1.445730,ndi
1786504417.319974,99.584324,-0.012350,-0.130100,-1.445760,ndi
1786504417.335015,99.599365,-0.012340,-0.130120,-1.445790,ndi
1786504417.352532,99.616882,-0.012320,-0.130150,-1.445830,ndi
1786504417.369903,99.634253,-0.012310,-0.130160,-1.445810,ndi
1786504417.385004,99.649354,-0.012310,-0.130150,-1.445830,ndi
1786504417.402465,99.666815,-0.012310,-0.130150,-1.445840,ndi
1786504417.419951,99.684301,-0.012290,-0.130160,-1.445800,ndi
1786504417.437437,99.701787,-0.012300,-0.130160,-1.445820,ndi
1786504417.452539,99.716889,-0.012310,-0.130150,-1.445820,ndi
1786504417.469893,99.734243,-0.012290,-0.130150,-1.445840,ndi
1786504417.484970,99.749320,-0.012310,-0.130160,-1.445820,ndi
1786504417.502448,99.766798,-0.012310,-0.130160,-1.445830,ndi
1786504417.519979,99.784329,-0.012320,-0.130140,-1.445830,ndi
1786504417.535059,99.799409,-0.012320,-0.130150,-1.445810,ndi
1786504417.552465,99.816815,-0.012300,-0.130170,-1.445830,ndi
1786504417.569897,99.834247,-0.012300,-0.130160,-1.445830,ndi
1786504417.587380,99.851730,-0.012300,-0.130140,-1.445820,ndi
1786504417.602420,99.866770,-0.012310,-0.130160,-1.445830,ndi
1786504417.619909,99.884259,-0.012300,-0.130170,-1.445830,ndi
1786504417.637559,99.901909,-0.012300,-0.130150,-1.445830,ndi
1786504417.652493,99.916842,-0.012310,-0.130140,-1.445810,ndi
1786504417.669947,99.934297,-0.012310,-0.130160,-1.445820,ndi
1786504417.685018,99.949368,-0.012310,-0.130170,-1.445820,ndi
1786504417.702563,99.966913,-0.012300,-0.130150,-1.445840,ndi
1786504417.720130,99.984480,-0.012320,-0.130140,-1.445820,ndi
1786504417.735160,99.999510,-0.012310,-0.130170,-1.445820,ndi
1786504417.752491,100.016841,-0.012300,-0.130180,-1.445840,ndi
1786504417.769960,100.034310,-0.012300,-0.130130,-1.445810,ndi
1786504417.787446,100.051796,-0.012310,-0.130140,-1.445820,ndi
1786504417.802470,100.066820,-0.012300,-0.130170,-1.445820,ndi
1786504417.819991,100.084341,-0.012280,-0.130170,-1.445820,ndi
1786504417.835046,100.099396,-0.012300,-0.130130,-1.445820,ndi
1786504417.852447,100.116797,-0.012300,-0.130140,-1.445820,ndi
1786504417.869975,100.134325,-0.012310,-0.130180,-1.445840,ndi
1786504417.885024,100.149374,-0.012310,-0.130160,-1.445810,ndi
1786504417.902501,100.166851,-0.012300,-0.130120,-1.445840,ndi
1786504417.919929,100.184279,-0.012300,-0.130140,-1.445820,ndi
1786504417.935051,100.199401,-0.012310,-0.130190,-1.445830,ndi
1786504417.952504,100.216854,-0.012290,-0.130160,-1.445810,ndi
1786504417.969948,100.234298,-0.012290,-0.130120,-1.445810,ndi
1786504417.985027,100.249377,-0.012310,-0.130150,-1.445830,ndi
1786504418.002513,100.266863,-0.012300,-0.130190,-1.445830,ndi
1786504418.020072,100.284422,-0.012300,-0.130160,-1.445820,ndi
1786504418.035104,100.299453,-0.012310,-0.130120,-1.445790,ndi
1786504418.052474,100.316823,-0.012290,-0.130150,-1.445820,ndi
1786504418.069906,100.334256,-0.012310,-0.130190,-1.445830,ndi
1786504418.085059,100.349409,-0.012300,-0.130160,-1.445810,ndi
1786504418.102482,100.366832,-0.012320,-0.130130,-1.445810,ndi
1786504418.119942,100.384292,-0.012310,-0.130160,-1.445830,ndi
1786504418.135039,100.399389,-0.012300,-0.130190,-1.445820,ndi
1786504418.152478,100.416828,-0.012300,-0.130150,-1.445790,ndi
1786504418.169959,100.434309,-0.012290,-0.130130,-1.445800,ndi
1786504418.187441,100.451791,-0.012300,-0.130170,-1.445810,ndi
1786504418.202432,100.466782,-0.012300,-0.130190,-1.445780,ndi
1786504418.219940,100.484290,-0.012300,-0.130150,-1.445800,ndi
1786504418.237423,100.501773,-0.012300,-0.130130,-1.445790,ndi
1786504418.252411,100.516761,-0.012290,-0.130170,-1.445820,ndi
1786504418.269957,100.534307,-0.012300,-0.130190,-1.445800,ndi
1786504418.287480,100.551830,-0.012300,-0.130150,-1.445800,ndi
1786504418.302512,100.566862,-0.012310,-0.130140,-1.445810,ndi
1786504418.319981,100.584331,-0.012300,-0.130170,-1.445810,ndi
1786504418.335106,100.599456,-0.012310,-0.130180,-1.445800,ndi
1786504418.352576,100.616926,-0.012300,-0.130150,-1.445790,ndi
1786504418.369933,100.634283,-0.012300,-0.130150,-1.445800,ndi
1786504418.385030,100.649379,-0.012300,-0.130170,-1.445800,ndi
1786504418.402429,100.666779,-0.012300,-0.130170,-1.445820,ndi
1786504418.420075,100.684425,-0.012300,-0.130150,-1.445820,ndi
1786504418.435127,100.699477,-0.012300,-0.130150,-1.445830,ndi
1786504418.452573,100.716923,-0.012320,-0.130170,-1.445810,ndi
1786504418.469926,100.734276,-0.012310,-0.130160,-1.445810,ndi
1786504418.484988,100.749338,-0.012310,-0.130150,-1.445820,ndi
1786504418.502529,100.766879,-0.012300,-0.130160,-1.445830,ndi
1786504418.519983,100.784333,-0.012310,-0.130170,-1.445840,ndi
1786504418.535114,100.799464,-0.012300,-0.130150,-1.445820,ndi
1786504418.552575,100.816925,-0.012290,-0.130150,-1.445810,ndi
1786504418.569979,100.834329,-0.012310,-0.130170,-1.445820,ndi
1786504418.587437,100.851787,-0.012300,-0.130160,-1.445820,ndi
1786504418.602516,100.866866,-0.012310,-0.130150,-1.445810,ndi
1786504418.620001,100.884351,-0.012310,-0.130160,-1.445820,ndi
1786504418.635023,100.899373,-0.012290,-0.130170,-1.445820,ndi
1786504418.652498,100.916848,-0.012310,-0.130150,-1.445810,ndi
1786504418.669951,100.934301,-0.012310,-0.130150,-1.445840,ndi
1786504418.684976,100.949326,-0.012320,-0.130160,-1.445830,ndi
1786504418.702611,100.966961,-0.012310,-0.130170,-1.445820,ndi
1786504418.720001,100.984351,-0.012320,-0.130150,-1.445830,ndi
1786504418.735155,100.999505,-0.012310,-0.130150,-1.445830,ndi
1786504418.752565,101.016915,-0.012300,-0.130170,-1.445830,ndi
1786504418.769948,101.034298,-0.012300,-0.130170,-1.445800,ndi
1786504418.785022,101.049372,-0.012300,-0.130150,-1.445830,ndi
1786504418.802566,101.066916,-0.012310,-0.130150,-1.445830,ndi
1786504418.820050,101.084399,-0.012300,-0.130180,-1.445820,ndi
1786504418.835063,101.099413,-0.012300,-0.130170,-1.445810,ndi
1786504418.852582,101.116932,-0.012320,-0.130140,-1.445820,ndi
1786504418.869958,101.134308,-0.012310,-0.130160,-1.445840,ndi
1786504418.887447,101.151797,-0.012310,-0.130170,-1.445800,ndi
1786504418.902623,101.166973,-0.012310,-0.130160,-1.445810,ndi
1786504418.920054,101.184404,-0.012310,-0.130150,-1.445830,ndi
1786504418.935126,101.199476,-0.012300,-0.130160,-1.445820,ndi
1786504418.952600,101.216949,-0.012300,-0.130170,-1.445820,ndi
1786504418.969986,101.234336,-0.012300,-0.130160,-1.445840,ndi
1786504418.985068,101.249418,-0.012300,-0.130150,-1.445830,ndi
1786504419.002561,101.266911,-0.012300,-0.130160,-1.445810,ndi
1786504419.020135,101.284485,-0.012300,-0.130180,-1.445820,ndi
1786504419.035178,101.299528,-0.012310,-0.130160,-1.445830,ndi
1786504419.052576,101.316926,-0.012310,-0.130150,-1.445860,ndi
1786504419.069979,101.334329,-0.012310,-0.130160,-1.445830,ndi
1786504419.085074,101.349424,-0.012310,-0.130180,-1.445840,ndi
