stamp,elapsed,x,y,z,frame_id
1786505390.885174,0.000000,-0.007780,-0.043940,-1.558670,ndi
1786505390.902766,0.017592,-0.007770,-0.043960,-1.558650,ndi
1786505390.920355,0.035181,-0.007780,-0.043960,-1.558630,ndi
1786505390.935180,0.050006,-0.007780,-0.043940,-1.558660,ndi
1786505390.952785,0.067611,-0.007770,-0.043940,-1.558650,ndi
1786505390.970185,0.085011,-0.007780,-0.043960,-1.558660,ndi
1786505390.985157,0.099983,-0.007770,-0.043960,-1.558670,ndi
1786505391.002664,0.117490,-0.007750,-0.043940,-1.558660,ndi
1786505391.020180,0.135006,-0.007760,-0.043940,-1.558650,ndi
1786505391.035270,0.150096,-0.007780,-0.043960,-1.558650,ndi
1786505391.052762,0.167587,-0.007770,-0.043950,-1.558650,ndi
1786505391.070198,0.185024,-0.007770,-0.043940,-1.558640,ndi
1786505391.085157,0.199983,-0.007780,-0.043950,-1.558630,ndi
1786505391.102685,0.217511,-0.007770,-0.043960,-1.558660,ndi
1786505391.120318,0.235144,-0.007770,-0.043950,-1.558630,ndi
1786505391.135360,0.250185,-0.007780,-0.043950,-1.558640,ndi
1786505391.152817,0.267642,-0.007760,-0.043950,-1.558650,ndi
1786505391.170160,0.284986,-0.007780,-0.043950,-1.558670,ndi
1786505391.185141,0.299967,-0.007770,-0.043950,-1.558640,ndi
1786505391.202622,0.317447,-0.007760,-0.043960,-1.558650,ndi
1786505391.220343,0.335169,-0.007770,-0.043960,-1.558640,ndi
1786505391.235390,0.350215,-0.007770,-0.043950,-1.558640,ndi
1786505391.252839,0.367665,-0.007770,-0.043940,-1.558630,ndi
1786505391.270154,0.384980,-0.007770,-0.043960,-1.558640,ndi
1786505391.285154,0.399980,-0.007780,-0.043970,-1.558650,ndi
1786505391.302651,0.417477,-0.007770,-0.043950,-1.558620,ndi
1786505391.320290,0.435115,-0.007770,-0.043940,-1.558640,ndi
1786505391.335287,0.450113,-0.007770,-0.043960,-1.558640,ndi
1786505391.352783,0.467609,-0.007770,-0.043960,-1.558630,ndi
1786505391.370190,0.485016,-0.007780,-0.043940,-1.558630,ndi
1786505391.385219,0.500045,-0.007770,-0.043950,-1.558650,ndi
1786505391.402675,0.517501,-0.007770,-0.043970,-1.558670,ndi
1786505391.420163,0.534989,-0.007770,-0.043960,-1.558640,ndi
1786505391.435179,0.550004,-0.007770,-0.043940,-1.558630,ndi
1786505391.452780,0.567606,-0.007780,-0.043940,-1.558630,ndi
1786505391.470178,0.585004,-0.007770,-0.043970,-1.558620,ndi
1786505391.485168,0.599994,-0.007780,-0.043960,-1.558630,ndi
1786505391.502674,0.617500,-0.007770,-0.043940,-1.558630,ndi
1786505391.520288,0.635114,-0.007780,-0.043950,-1.558640,ndi
1786505391.535306,0.650132,-0.007770,-0.043960,-1.558640,ndi
1786505391.552758,0.667584,-0.007770,-0.043960,-1.558620,ndi
1786505391.570188,0.685013,-0.007780,-0.043950,-1.558630,ndi
1786505391.585145,0.699970,-0.007760,-0.043960,-1.558650,ndi
1786505391.602666,0.717492,-0.007770,-0.043960,-1.558620,ndi
1786505391.620165,0.734991,-0.007770,-0.043940,-1.558650,ndi
1786505391.635231,0.750057,-0.007770,-0.043940,-1.558650,ndi
1786505391.652846,0.767672,-0.007780,-0.043960,-1.558640,ndi
1786505391.670186,0.785011,-0.007770,-0.043960,-1.558650,ndi
1786505391.685200,0.800026,-0.007780,-0.043940,-1.558640,ndi
1786505391.702698,0.817524,-0.007780,-0.043940,-1.558640,ndi
1786505391.720371,0.835197,-0.007780,-0.043960,-1.558640,ndi
1786505391.735220,0.850046,-0.007770,-0.043960,-1.558640,ndi
1786505391.752784,0.867609,-0.007770,-0.043940,-1.558660,ndi
1786505391.770207,0.885032,-0.007780,-0.043950,-1.558650,ndi
1786505391.785130,0.899955,-0.007760,-0.043970,-1.558660,ndi
1786505391.802660,0.917485,-0.007770,-0.043960,-1.558660,ndi
1786505391.820228,0.935053,-0.007770,-0.043940,-1.558640,ndi
1786505391.835207,0.950033,-0.007780,-0.043950,-1.558640,ndi
1786505391.852709,0.967534,-0.007780,-0.043970,-1.558640,ndi
1786505391.870209,0.985035,-0.007780,-0.043950,-1.558630,ndi
1786505391.885184,1.000010,-0.007780,-0.043930,-1.558610,ndi
1786505391.902706,1.017532,-0.007770,-0.043950,-1.558640,ndi
1786505391.920170,1.034996,-0.007780,-0.043970,-1.558660,ndi
1786505391.935199,1.050025,-0.007780,-0.043950,-1.558650,ndi
1786505391.952801,1.067627,-0.007770,-0.043930,-1.558660,ndi
1786505391.970190,1.085015,-0.007780,-0.043960,-1.558660,ndi
1786505391.985147,1.099972,-0.007770,-0.043970,-1.558640,ndi
1786505392.002768,1.117593,-0.007770,-0.043940,-1.558640,ndi
1786505392.020337,1.135163,-0.007780,-0.043930,-1.558660,ndi
1786505392.035406,1.150232,-0.007780,-0.043960,-1.558640,ndi
1786505392.052744,1.167570,-0.007770,-0.043970,-1.558630,ndi
1786505392.070180,1.185006,-0.007780,-0.043940,-1.558630,ndi
1786505392.085201,1.200027,-0.007780,-0.043930,-1.558630,ndi
1786505392.102788,1.217614,-0.007770,-0.043960,-1.558640,ndi
1786505392.120204,1.235030,-0.007780,-0.043970,-1.558670,ndi
1786505392.135204,1.250029,-0.007770,-0.043940,-1.558660,ndi
1786505392.152696,1.267522,-0.007770,-0.043940,-1.558640,ndi
1786505392.170215,1.285041,-0.007760,-0.043970,-1.558670,ndi
1786505392.185172,1.299997,-0.007770,-0.043960,-1.558660,ndi
1786505392.202716,1.317542,-0.007770,-0.043930,-1.558640,ndi
1786505392.220248,1.335074,-0.007780,-0.043950,-1.558640,ndi
1786505392.235323,1.350149,-0.007770,-0.043970,-1.558630,ndi
1786505392.252719,1.367544,-0.007770,-0.043960,-1.558670,ndi
1786505392.270210,1.385036,-0.007780,-0.043930,-1.558670,ndi
1786505392.285211,1.400037,-0.007770,-0.043940,-1.558660,ndi
1786505392.302793,1.417618,-0.007770,-0.043970,-1.558650,ndi
1786505392.320225,1.435051,-0.007780,-0.043950,-1.558660,ndi
1786505392.335208,1.450033,-0.007780,-0.043940,-1.558670,ndi
1786505392.352736,1.467561,-0.007770,-0.043950,-1.558670,ndi
1786505392.370225,1.485051,-0.007760,-0.043960,-1.558650,ndi
1786505392.385217,1.500043,-0.007770,-0.043960,-1.558660,ndi
1786505392.402778,1.517604,-0.007770,-0.043940,-1.558660,ndi
1786505392.420243,1.535069,-0.007780,-0.043950,-1.558680,ndi
1786505392.435256,1.550081,-0.007770,-0.043960,-1.558640,ndi
1786505392.452730,1.567556,-0.007770,-0.043960,-1.558660,ndi
1786505392.470235,1.585061,-0.007780,-0.043940,-1.558650,ndi
1786505392.485210,1.600035,-0.007780,-0.043950,-1.558630,ndi
1786505392.502766,1.617592,-0.007770,-0.043960,-1.558660,ndi
1786505392.520389,1.635215,-0.007780,-0.043950,-1.558640,ndi
1786505392.535414,1.650240,-0.007780,-0.043940,-1.558670,ndi
1786505392.552738,1.667564,-0.007780,-0.043960,-1.558650,ndi
1786505392.570160,1.684985,-0.007760,-0.043960,-1.558640,ndi
1786505392.585180,1.700006,-0.007770,-0.043950,-1.558630,ndi
1786505392.602877,1.717702,-0.007780,-0.043940,-1.558650,ndi
1786505392.620372,1.735198,-0.007770,-0.043950,-1.558640,ndi
1786505392.635356,1.750182,-0.007770,-0.043960,-1.558650,ndi
1786505392.652805,1.767631,-0.007780,-0.043950,-1.558660,ndi
1786505392.670220,1.785045,-0.007780,-0.043950,-1.558630,ndi
1786505392.685232,1.800058,-0.007770,-0.043950,-1.558650,ndi
1786505392.702820,1.817646,-0.007780,-0.043950,-1.558640,ndi
1786505392.720265,1.835091,-0.007780,-0.043960,-1.558670,ndi
1786505392.735340,1.850166,-0.007760,-0.043950,-1.558660,ndi
1786505392.752756,1.867582,-0.007780,-0.043950,-1.558650,ndi
1786505392.770194,1.885019,-0.007780,-0.043950,-1.558640,ndi
1786505392.785185,1.900011,-0.007770,-0.043950,-1.558660,ndi
1786505392.802896,1.917722,-0.007770,-0.043950,-1.558660,ndi
1786505392.820359,1.935184,-0.007770,-0.043950,-1.558640,ndi
1786505392.835259,1.950085,-0.007780,-0.043960,-1.558670,ndi
1786505392.852777,1.967602,-0.007770,-0.043960,-1.558660,ndi
1786505392.870203,1.985029,-0.007780,-0.043950,-1.558640,ndi
1786505392.885192,2.000018,-0.007770,-0.043940,-1.558640,ndi
1786505392.902736,2.017562,-0.007770,-0.043960,-1.558680,ndi
1786505392.920434,2.035259,-0.007770,-0.043960,-1.558670,ndi
1786505392.935408,2.050234,-0.007770,-0.043950,-1.558670,ndi
1786505392.952800,2.067626,-0.007770,-0.043950,-1.558660,ndi
1786505392.970226,2.085052,-0.007760,-0.043960,-1.558640,ndi
1786505392.985208,2.100034,-0.007780,-0.043960,-1.558650,ndi
1786505393.002876,2.117702,-0.007780,-0.043940,-1.558650,ndi
1786505393.020268,2.135094,-0.007780,-0.043950,-1.558640,ndi
1786505393.035220,2.150046,-0.007770,-0.043970,-1.558670,ndi
1786505393.052818,2.167643,-0.007770,-0.043950,-1.558620,ndi
1786505393.070220,2.185046,-0.007780,-0.043930,-1.558650,ndi
1786505393.085190,2.200016,-0.007770,-0.043950,-1.558640,ndi
1786505393.102886,2.217712,-0.007770,-0.043970,-1.558620,ndi
1786505393.120311,2.235137,-0.007780,-0.043950,-1.558640,ndi
1786505393.135336,2.250162,-0.007770,-0.043940,-1.558630,ndi
1786505393.152761,2.267587,-0.007770,-0.043960,-1.558640,ndi
1786505393.170201,2.285027,-0.007770,-0.043970,-1.558630,ndi
1786505393.185182,2.300008,-0.007780,-0.043950,-1.558660,ndi
1786505393.202702,2.317528,-0.007770,-0.043930,-1.558670,ndi
1786505393.220254,2.335080,-0.007770,-0.043960,-1.558640,ndi
1786505393.235322,2.350148,-0.007790,-0.043970,-1.558640,ndi
1786505393.252816,2.367642,-0.007770,-0.043950,-1.558630,ndi
1786505393.270192,2.385018,-0.007780,-0.043930,-1.558650,ndi
1786505393.285183,2.400009,-0.007770,-0.043960,-1.558670,ndi
1786505393.302849,2.417675,-0.007770,-0.043980,-1.558650,ndi
1786505393.320418,2.435244,-0.007790,-0.043950,-1.558650,ndi
1786505393.335419,2.450245,-0.007770,-0.043930,-1.558660,ndi
1786505393.352768,2.467593,-0.007770,-0.043950,-1.558650,ndi
1786505393.370201,2.485026,-0.007780,-0.043970,-1.558650,ndi
1786505393.385206,2.500031,-0.007770,-0.043950,-1.558650,ndi
1786505393.402804,2.517630,-0.007780,-0.043930,-1.558630,ndi
1786505393.420296,2.535122,-0.007770,-0.043960,-1.558660,ndi
1786505393.435382,2.550208,-0.007780,-0.043970,-1.558660,ndi
1786505393.452898,2.567724,-0.007780,-0.043940,-1.558670,ndi
1786505393.470185,2.585011,-0.007780,-0.043940,-1.558650,ndi
1786505393.485256,2.600082,-0.007770,-0.043970,-1.558650,ndi
1786505393.502833,2.617659,-0.007770,-0.043970,-1.558650,ndi
1786505393.520314,2.635140,-0.007780,-0.043930,-1.558670,ndi
1786505393.535198,2.650023,-0.007750,-0.043940,-1.558650,ndi
1786505393.552747,2.667573,-0.007770,-0.043970,-1.558660,ndi
1786505393.570196,2.685021,-0.007780,-0.043960,-1.558660,ndi
1786505393.585188,2.700014,-0.007770,-0.043940,-1.558650,ndi
1786505393.602751,2.717577,-0.007790,-0.043950,-1.558650,ndi
1786505393.620201,2.735026,-0.007780,-0.043970,-1.558650,ndi
1786505393.635360,2.750185,-0.007770,-0.043950,-1.558620,ndi
1786505393.652877,2.767703,-0.007780,-0.043940,-1.558650,ndi
1786505393.670217,2.785043,-0.007780,-0.043950,-1.558640,ndi
1786505393.685207,2.800033,-0.007770,-0.043970,-1.558650,ndi
1786505393.702891,2.817717,-0.007780,-0.043950,-1.558650,ndi
1786505393.720430,2.835256,-0.007780,-0.043940,-1.558650,ndi
1786505393.735311,2.850137,-0.007750,-0.043950,-1.558650,ndi
1786505393.752852,2.867678,-0.007770,-0.043970,-1.558650,ndi
1786505393.770211,2.885037,-0.007780,-0.043950,-1.558640,ndi
1786505393.785234,2.900060,-0.007770,-0.043950,-1.558650,ndi
1786505393.802900,2.917726,-0.007780,-0.043960,-1.558650,ndi
1786505393.820427,2.935253,-0.007780,-0.043960,-1.558650,ndi
1786505393.835314,2.950140,-0.007780,-0.043940,-1.558640,ndi
1786505393.852891,2.967717,-0.007780,-0.043940,-1.558640,ndi
1786505393.870207,2.985033,-0.007770,-0.043970,-1.558660,ndi
1786505393.885207,3.000032,-0.007780,-0.043960,-1.558620,ndi
1786505393.902893,3.017719,-0.007780,-0.043940,-1.558660,ndi
1786505393.920377,3.035202,-0.007780,-0.043950,-1.558660,ndi
1786505393.935317,3.050143,-0.007770,-0.043960,-1.558650,ndi
1786505393.952770,3.067595,-0.007770,-0.043960,-1.558640,ndi
1786505393.970196,3.085021,-0.007780,-0.043940,-1.558650,ndi
1786505393.985205,3.100031,-0.007770,-0.043950,-1.558660,ndi
1786505394.002872,3.117698,-0.007780,-0.043970,-1.558650,ndi
1786505394.020425,3.135251,-0.007780,-0.043940,-1.558640,ndi
1786505394.035291,3.150116,-0.007780,-0.043950,-1.558640,ndi
1786505394.052889,3.167714,-0.007780,-0.043960,-1.558670,ndi
1786505394.070220,3.185046,-0.007760,-0.043960,-1.558660,ndi
1786505394.085216,3.200042,-0.007790,-0.043950,-1.558640,ndi
1786505394.102874,3.217699,-0.007780,-0.043940,-1.558650,ndi
1786505394.120307,3.235133,-0.007750,-0.043960,-1.558680,ndi
1786505394.135338,3.250164,-0.007780,-0.043960,-1.558670,ndi
1786505394.152851,3.267676,-0.007770,-0.043940,-1.558660,ndi
1786505394.170238,3.285064,-0.007780,-0.043950,-1.558650,ndi
1786505394.185218,3.300044,-0.007780,-0.043970,-1.558640,ndi
1786505394.202778,3.317604,-0.007770,-0.043950,-1.558630,ndi
1786505394.220297,3.335122,-0.007790,-0.043940,-1.558630,ndi
1786505394.235374,3.350200,-0.007780,-0.043950,-1.558650,ndi
1786505394.252933,3.367759,-0.007770,-0.043970,-1.558650,ndi
1786505394.270212,3.385038,-0.007780,-0.043950,-1.558660,ndi
1786505394.285290,3.400116,-0.007770,-0.043940,-1.558650,ndi
1786505394.302814,3.417640,-0.007780,-0.043960,-1.558660,ndi
1786505394.320186,3.435012,-0.007760,-0.043960,-1.558650,ndi
1786505394.335346,3.450172,-0.007770,-0.043950,-1.558650,ndi
1786505394.352935,3.467761,-0.007780,-0.043940,-1.558620,ndi
1786505394.370207,3.485033,-0.007780,-0.043960,-1.558620,ndi
1786505394.385208,3.500034,-0.007780,-0.043960,-1.558630,ndi
1786505394.402916,3.517742,-0.007760,-0.043940,-1.558660,ndi
1786505394.420316,3.535142,-0.007790,-0.043950,-1.558630,ndi
1786505394.435352,3.550178,-0.007770,-0.043960,-1.558670,ndi
1786505394.452982,3.567808,-0.007760,-0.043960,-1.558660,ndi
1786505394.470207,3.585032,-0.007790,-0.043950,-1.558650,ndi
1786505394.485224,3.600050,-0.007770,-0.043950,-1.558650,ndi
1786505394.502907,3.617733,-0.007780,-0.043960,-1.558650,ndi
1786505394.520316,3.635142,-0.007770,-0.043950,-1.558660,ndi
1786505394.535319,3.650145,-0.007770,-0.043950,-1.558640,ndi
1786505394.552904,3.667729,-0.007780,-0.043950,-1.558650,ndi
1786505394.570226,3.685052,-0.007770,-0.043960,-1.558650,ndi
1786505394.585217,3.700043,-0.007780,-0.043950,-1.558660,ndi
1786505394.602796,3.717622,-0.007780,-0.043940,-1.558650,ndi
1786505394.620248,3.735074,-0.007780,-0.043960,-1.558630,ndi
1786505394.635385,3.750211,-0.007780,-0.043970,-1.558630,ndi
1786505394.652828,3.767653,-0.007770,-0.043950,-1.558670,ndi
1786505394.670223,3.785048,-0.007780,-0.043940,-1.558660,ndi
1786505394.685214,3.800040,-0.007770,-0.043960,-1.558640,ndi
1786505394.702837,3.817662,-0.007780,-0.043970,-1.558650,ndi
1786505394.720249,3.835075,-0.007770,-0.043950,-1.558650,ndi
1786505394.735308,3.850134,-0.007770,-0.043950,-1.558630,ndi
1786505394.752828,3.867654,-0.007780,-0.043960,-1.558650,ndi
1786505394.770234,3.885060,-0.007770,-0.043970,-1.558620,ndi
1786505394.785267,3.900093,-0.007780,-0.043940,-1.558630,ndi
1786505394.802935,3.917761,-0.007780,-0.043940,-1.558660,ndi
1786505394.820482,3.935308,-0.007780,-0.043970,-1.558650,ndi
1786505394.835421,3.950247,-0.007780,-0.043970,-1.558640,ndi
1786505394.852890,3.967716,-0.007770,-0.043940,-1.558640,ndi
1786505394.870239,3.985065,-0.007780,-0.043940,-1.558650,ndi
1786505394.885279,4.000105,-0.007770,-0.043970,-1.558650,ndi
1786505394.902671,4.017497,-0.007770,-0.043970,-1.558650,ndi
1786505394.920367,4.035193,-0.007770,-0.043940,-1.558640,ndi
1786505394.935329,4.050155,-0.007780,-0.043940,-1.558640,ndi
1786505394.952900,4.067726,-0.007780,-0.043970,-1.558640,ndi
1786505394.970248,4.085074,-0.007780,-0.043960,-1.558640,ndi
1786505394.985220,4.100046,-0.007780,-0.043930,-1.558640,ndi
1786505395.002949,4.117774,-0.007780,-0.043950,-1.558650,ndi
1786505395.020365,4.135191,-0.007780,-0.043970,-1.558660,ndi
1786505395.035370,4.150196,-0.007780,-0.043960,-1.558660,ndi
1786505395.052798,4.167624,-0.007770,-0.043930,-1.558650,ndi
1786505395.070224,4.185050,-0.007780,-0.043960,-1.558660,ndi
1786505395.085268,4.200094,-0.007770,-0.043980,-1.558680,ndi
1786505395.102780,4.217605,-0.007770,-0.043950,-1.558650,ndi
1786505395.120373,4.235199,-0.007770,-0.043940,-1.558630,ndi
1786505395.135360,4.250186,-0.007780,-0.043950,-1.558660,ndi
1786505395.152870,4.267696,-0.007780,-0.043970,-1.558660,ndi
1786505395.170255,4.285080,-0.007770,-0.043950,-1.558650,ndi
1786505395.185256,4.300081,-0.007780,-0.043940,-1.558620,ndi
1786505395.202920,4.317746,-0.007790,-0.043960,-1.558630,ndi
1786505395.220356,4.335182,-0.007770,-0.043970,-1.558640,ndi
1786505395.235329,4.350154,-0.007770,-0.043950,-1.558640,ndi
1786505395.252839,4.367664,-0.007780,-0.043940,-1.558660,ndi
1786505395.270212,4.385037,-0.007780,-0.043960,-1.558630,ndi
1786505395.285220,4.400045,-0.007780,-0.043970,-1.558660,ndi
1786505395.302726,4.417552,-0.007770,-0.043950,-1.558650,ndi
1786505395.320306,4.435132,-0.007780,-0.043940,-1.558660,ndi
1786505395.335269,4.450095,-0.007770,-0.043960,-1.558660,ndi
1786505395.352821,4.467646,-0.007780,-0.043970,-1.558640,ndi
1786505395.370298,4.485124,-0.007780,-0.043940,-1.558660,ndi
1786505395.385271,4.500097,-0.007780,-0.043940,-1.558660,ndi
1786505395.402830,4.517656,-0.007780,-0.043960,-1.558660,ndi
1786505395.420268,4.535094,-0.007770,-0.043970,-1.558630,ndi
1786505395.435245,4.550071,-0.007790,-0.043940,-1.558640,ndi
1786505395.452868,4.567694,-0.007770,-0.043930,-1.558630,ndi
1786505395.470218,4.585044,-0.007770,-0.043970,-1.558660,ndi
1786505395.485207,4.600033,-0.007780,-0.043970,-1.558650,ndi
1786505395.502900,4.617726,-0.007760,-0.043930,-1.558630,ndi
1786505395.520421,4.635247,-0.007780,-0.043930,-1.558650,ndi
1786505395.535410,4.650236,-0.007780,-0.043960,-1.558630,ndi
1786505395.552849,4.667675,-0.007780,-0.043970,-1.558630,ndi
1786505395.570261,4.685086,-0.007770,-0.043940,-1.558650,ndi
1786505395.585255,4.700081,-0.007780,-0.043940,-1.558640,ndi
1786505395.602973,4.717799,-0.007780,-0.043970,-1.558620,ndi
1786505395.620381,4.735206,-0.007770,-0.043970,-1.558650,ndi
1786505395.635445,4.750270,-0.007780,-0.043950,-1.558650,ndi
1786505395.652869,4.767694,-0.007780,-0.043930,-1.558640,ndi
1786505395.670239,4.785065,-0.007780,-0.043970,-1.558660,ndi
1786505395.685199,4.800024,-0.007770,-0.043970,-1.558660,ndi
1786505395.702895,4.817721,-0.007770,-0.043940,-1.558630,ndi
1786505395.720448,4.835274,-0.007780,-0.043940,-1.558650,ndi
1786505395.735349,4.850175,-0.007780,-0.043960,-1.558650,ndi
1786505395.752885,4.867711,-0.007770,-0.043970,-1.558630,ndi
1786505395.770364,4.885190,-0.007780,-0.043940,-1.558650,ndi
1786505395.785222,4.900047,-0.007790,-0.043940,-1.558630,ndi
1786505395.802782,4.917608,-0.007770,-0.043970,-1.558650,ndi
1786505395.820269,4.935095,-0.007780,-0.043960,-1.558630,ndi
1786505395.835318,4.950144,-0.007790,-0.043940,-1.558660,ndi
1786505395.852758,4.967584,-0.007780,-0.043950,-1.558630,ndi
1786505395.870249,4.985075,-0.007780,-0.043970,-1.558660,ndi
1786505395.885233,5.000058,-0.007770,-0.043960,-1.558650,ndi
1786505395.902816,5.017642,-0.007770,-0.043940,-1.558650,ndi
1786505395.920328,5.035154,-0.007770,-0.043940,-1.558660,ndi
1786505395.935331,5.050157,-0.007780,-0.043960,-1.558650,ndi
1786505395.952817,5.067643,-0.007780,-0.043960,-1.558650,ndi
1786505395.970429,5.085255,-0.007780,-0.043940,-1.558640,ndi
1786505395.985254,5.100080,-0.007780,-0.043940,-1.558650,ndi
1786505396.002774,5.117599,-0.007780,-0.043960,-1.558610,ndi
1786505396.020277,5.135103,-0.007780,-0.043970,-1.558640,ndi
1786505396.035447,5.150273,-0.007780,-0.043950,-1.558630,ndi
1786505396.052781,5.167607,-0.007770,-0.043950,-1.558630,ndi
1786505396.070214,5.185040,-0.007770,-0.043950,-1.558640,ndi
1786505396.085263,5.200089,-0.007770,-0.043960,-1.558640,ndi
1786505396.102829,5.217655,-0.007770,-0.043950,-1.558620,ndi
1786505396.120306,5.235132,-0.007780,-0.043950,-1.558650,ndi
1786505396.135333,5.250158,-0.007780,-0.043950,-1.558660,ndi
1786505396.152771,5.267597,-0.007770,-0.043960,-1.558660,ndi
1786505396.170243,5.285068,-0.007780,-0.043950,-1.558640,ndi
1786505396.185290,5.300115,-0.007780,-0.043940,-1.558640,ndi
1786505396.202805,5.317631,-0.007780,-0.043950,-1.558640,ndi
1786505396.220271,5.335097,-0.007780,-0.043970,-1.558660,ndi
1786505396.235294,5.350120,-0.007770,-0.043950,-1.558630,ndi
1786505396.252783,5.367609,-0.007790,-0.043940,-1.558670,ndi
1786505396.270240,5.385066,-0.007760,-0.043960,-1.558660,ndi
1786505396.285258,5.400084,-0.007770,-0.043970,-1.558620,ndi
1786505396.302825,5.417651,-0.007780,-0.043950,-1.558630,ndi
1786505396.320383,5.435209,-0.007780,-0.043940,-1.558620,ndi
1786505396.335333,5.450159,-0.007780,-0.043960,-1.558650,ndi
1786505396.352812,5.467638,-0.007770,-0.043970,-1.558630,ndi
1786505396.370248,5.485074,-0.007790,-0.043940,-1.558640,ndi
1786505396.385286,5.500112,-0.007770,-0.043940,-1.558640,ndi
1786505396.402824,5.517650,-0.007780,-0.043960,-1.558640,ndi
1786505396.420411,5.535237,-0.007780,-0.043970,-1.558650,ndi
1786505396.435400,5.550226,-0.007770,-0.043940,-1.558610,ndi
1786505396.452946,5.567771,-0.007790,-0.043940,-1.558650,ndi
1786505396.470197,5.585023,-0.007760,-0.043970,-1.558640,ndi
1786505396.485231,5.600057,-0.007770,-0.043970,-1.558640,ndi
1786505396.502782,5.617608,-0.007780,-0.043940,-1.558620,ndi
1786505396.520269,5.635095,-0.007770,-0.043950,-1.558630,ndi
1786505396.535298,5.650124,-0.007780,-0.043970,-1.558660,ndi
1786505396.552783,5.667608,-0.007790,-0.043960,-1.558640,ndi
1786505396.570219,5.685045,-0.007790,-0.043930,-1.558650,ndi
1786505396.585258,5.700083,-0.007770,-0.043950,-1.558660,ndi
1786505396.602749,5.717575,-0.007780,-0.043980,-1.558650,ndi
1786505396.620278,5.735103,-0.007780,-0.043950,-1.558640,ndi
1786505396.635319,5.750145,-0.007780,-0.043940,-1.558640,ndi
1786505396.652829,5.767655,-0.007790,-0.043950,-1.558630,ndi
1786505396.670298,5.785124,-0.007770,-0.043970,-1.558640,ndi
1786505396.685274,5.800100,-0.007780,-0.043960,-1.558630,ndi
1786505396.702837,5.817663,-0.007790,-0.043940,-1.558630,ndi
1786505396.720292,5.835118,-0.007770,-0.043960,-1.558650,ndi
1786505396.735325,5.850151,-0.007780,-0.043970,-1.558630,ndi
1786505396.752813,5.867639,-0.007780,-0.043950,-1.558640,ndi
1786505396.770247,5.885073,-0.007780,-0.043950,-1.558660,ndi
1786505396.785302,5.900128,-0.007790,-0.043960,-1.558640,ndi
1786505396.802823,5.917649,-0.007770,-0.043960,-1.558640,ndi
1786505396.820298,5.935124,-0.007780,-0.043950,-1.558640,ndi
1786505396.835332,5.950158,-0.007780,-0.043950,-1.558630,ndi
1786505396.852783,5.967609,-0.007760,-0.043960,-1.558660,ndi
1786505396.870256,5.985082,-0.007770,-0.043960,-1.558640,ndi
1786505396.885286,6.000112,-0.007780,-0.043950,-1.558660,ndi
1786505396.902855,6.017681,-0.007780,-0.043950,-1.558640,ndi
1786505396.920398,6.035224,-0.007780,-0.043960,-1.558660,ndi
1786505396.935461,6.050287,-0.007780,-0.043950,-1.558640,ndi
1786505396.952943,6.067768,-0.007790,-0.043950,-1.558650,ndi
1786505396.970260,6.085086,-0.007770,-0.043960,-1.558630,ndi
1786505396.985278,6.100104,-0.007780,-0.043960,-1.558630,ndi
1786505397.002871,6.117697,-0.007770,-0.043950,-1.558660,ndi
1786505397.020359,6.135185,-0.007780,-0.043950,-1.558660,ndi
1786505397.035321,6.150147,-0.007780,-0.043960,-1.558650,ndi
1786505397.052768,6.167594,-0.007770,-0.043960,-1.558630,ndi
1786505397.070243,6.185069,-0.007770,-0.043950,-1.558630,ndi
1786505397.085283,6.200109,-0.007770,-0.043950,-1.558630,ndi
1786505397.102986,6.217812,-0.007780,-0.043960,-1.558650,ndi
1786505397.120435,6.235260,-0.007780,-0.043950,-1.558660,ndi
1786505397.135463,6.250288,-0.007790,-0.043940,-1.558660,ndi
1786505397.152819,6.267645,-0.007790,-0.043960,-1.558650,ndi
1786505397.170270,6.285095,-0.007780,-0.043970,-1.558620,ndi
1786505397.185326,6.300152,-0.007780,-0.043950,-1.558650,ndi
1786505397.202843,6.317668,-0.007780,-0.043940,-1.558650,ndi
1786505397.220313,6.335139,-0.007780,-0.043960,-1.558650,ndi
1786505397.235321,6.350147,-0.007790,-0.043970,-1.558680,ndi
1786505397.252894,6.367720,-0.007770,-0.043940,-1.558660,ndi
1786505397.270255,6.385080,-0.007780,-0.043940,-1.558670,ndi
1786505397.285260,6.400086,-0.007780,-0.043960,-1.558660,ndi
1786505397.302830,6.417656,-0.007770,-0.043960,-1.558640,ndi
1786505397.320292,6.435118,-0.007780,-0.043940,-1.558650,ndi
1786505397.335345,6.450170,-0.007790,-0.043950,-1.558660,ndi
1786505397.352842,6.467668,-0.007780,-0.043970,-1.558650,ndi
1786505397.370252,6.485078,-0.007780,-0.043960,-1.558650,ndi
1786505397.385317,6.500143,-0.007780,-0.043960,-1.558640,ndi
1786505397.402905,6.517731,-0.007760,-0.043990,-1.558690,ndi
1786505397.420382,6.535208,-0.007750,-0.044010,-1.558710,ndi
1786505397.435389,6.550215,-0.007740,-0.044010,-1.558680,ndi
1786505397.452921,6.567746,-0.007760,-0.043980,-1.558690,ndi
1786505397.470232,6.585058,-0.007760,-0.043990,-1.558690,ndi
1786505397.485330,6.600156,-0.007770,-0.044010,-1.558660,ndi
1786505397.502914,6.617740,-0.007760,-0.044000,-1.558640,ndi
1786505397.520369,6.635195,-0.007760,-0.043990,-1.558660,ndi
1786505397.535385,6.650210,-0.007790,-0.044010,-1.558640,ndi
1786505397.552845,6.667671,-0.007760,-0.044030,-1.558630,ndi
1786505397.570279,6.685105,-0.007750,-0.044010,-1.558650,ndi
1786505397.585334,6.700160,-0.007770,-0.044000,-1.558640,ndi
1786505397.602821,6.717647,-0.007770,-0.044020,-1.558640,ndi
1786505397.620317,6.735143,-0.007780,-0.044040,-1.558630,ndi
1786505397.635401,6.750227,-0.007750,-0.044020,-1.558630,ndi
1786505397.652904,6.767730,-0.007760,-0.044020,-1.558610,ndi
1786505397.670279,6.785105,-0.007760,-0.044030,-1.558630,ndi
1786505397.685303,6.800129,-0.007770,-0.044040,-1.558590,ndi
1786505397.702773,6.817599,-0.007770,-0.044020,-1.558570,ndi
1786505397.720303,6.835129,-0.007760,-0.044030,-1.558570,ndi
1786505397.735334,6.850159,-0.007780,-0.044050,-1.558580,ndi
1786505397.752934,6.867760,-0.007770,-0.044040,-1.558590,ndi
1786505397.770283,6.885108,-0.007770,-0.044030,-1.558580,ndi
1786505397.785396,6.900222,-0.007760,-0.044030,-1.558580,ndi
1786505397.802804,6.917630,-0.007770,-0.044050,-1.558540,ndi
1786505397.820303,6.935129,-0.007770,-0.044040,-1.558560,ndi
1786505397.835329,6.950155,-0.007770,-0.044030,-1.558520,ndi
1786505397.852840,6.967666,-0.007780,-0.044030,-1.558540,ndi
1786505397.870323,6.985149,-0.007770,-0.044020,-1.558520,ndi
1786505397.885295,7.000121,-0.007780,-0.044010,-1.558510,ndi
1786505397.902920,7.017745,-0.007780,-0.044000,-1.558480,ndi
1786505397.920449,7.035275,-0.007790,-0.044000,-1.558470,ndi
1786505397.935448,7.050274,-0.007800,-0.043980,-1.558450,ndi
1786505397.952937,7.067763,-0.007780,-0.043970,-1.558460,ndi
1786505397.970288,7.085114,-0.007790,-0.043950,-1.558430,ndi
1786505397.985421,7.100247,-0.007800,-0.043950,-1.558420,ndi
1786505398.002833,7.117659,-0.007810,-0.043930,-1.558420,ndi
1786505398.020322,7.135148,-0.007790,-0.043900,-1.558400,ndi
1786505398.035352,7.150178,-0.007790,-0.043900,-1.558380,ndi
1786505398.052809,7.167635,-0.007810,-0.043880,-1.558370,ndi
1786505398.070283,7.185108,-0.007810,-0.043870,-1.558360,ndi
1786505398.085296,7.200121,-0.007810,-0.043870,-1.558360,ndi
1786505398.102762,7.217587,-0.007800,-0.043870,-1.558340,ndi
1786505398.120320,7.235145,-0.007810,-0.043870,-1.558330,ndi
1786505398.135461,7.250287,-0.007810,-0.043860,-1.558340,ndi
1786505398.152950,7.267776,-0.007820,-0.043850,-1.558330,ndi
1786505398.170287,7.285112,-0.007810,-0.043860,-1.558350,ndi
1786505398.185294,7.300120,-0.007810,-0.043860,-1.558310,ndi
1786505398.202834,7.317659,-0.007810,-0.043860,-1.558330,ndi
1786505398.220284,7.335110,-0.007800,-0.043860,-1.558320,ndi
1786505398.235338,7.350164,-0.007800,-0.043860,-1.558300,ndi
1786505398.252978,7.367804,-0.007800,-0.043860,-1.558300,ndi
1786505398.270301,7.385127,-0.007810,-0.043850,-1.558260,ndi
1786505398.285293,7.400119,-0.007810,-0.043860,-1.558220,ndi
1786505398.302985,7.417810,-0.007810,-0.043870,-1.558180,ndi
1786505398.320450,7.435275,-0.007810,-0.043870,-1.558180,ndi
1786505398.335477,7.450303,-0.007800,-0.043850,-1.558150,ndi
1786505398.353035,7.467861,-0.007800,-0.043860,-1.558170,ndi
1786505398.370299,7.485125,-0.007810,-0.043870,-1.558140,ndi
1786505398.385310,7.500136,-0.007810,-0.043870,-1.558120,ndi
1786505398.402835,7.517661,-0.007810,-0.043870,-1.558120,ndi
1786505398.420284,7.535109,-0.007800,-0.043870,-1.558090,ndi
1786505398.435348,7.550174,-0.007790,-0.043860,-1.558080,ndi
1786505398.452854,7.567680,-0.007800,-0.043850,-1.558070,ndi
1786505398.470276,7.585102,-0.007810,-0.043860,-1.558070,ndi
1786505398.485319,7.600145,-0.007800,-0.043860,-1.558050,ndi
1786505398.502832,7.617658,-0.007810,-0.043850,-1.558040,ndi
1786505398.520514,7.635340,-0.007820,-0.043840,-1.558060,ndi
1786505398.535480,7.650305,-0.007810,-0.043830,-1.558030,ndi
1786505398.552953,7.667778,-0.007810,-0.043800,-1.558010,ndi
1786505398.570271,7.685097,-0.007820,-0.043770,-1.557990,ndi
1786505398.585310,7.700135,-0.007820,-0.043740,-1.557950,ndi
1786505398.602859,7.717684,-0.007850,-0.043710,-1.557910,ndi
1786505398.620421,7.735247,-0.007830,-0.043670,-1.557900,ndi
1786505398.635386,7.750211,-0.007840,-0.043630,-1.557870,ndi
1786505398.652959,7.767784,-0.007850,-0.043600,-1.557860,ndi
1786505398.670279,7.785104,-0.007860,-0.043570,-1.557790,ndi
1786505398.685274,7.800099,-0.007870,-0.043550,-1.557800,ndi
1786505398.702808,7.817633,-0.007880,-0.043520,-1.557770,ndi
1786505398.720326,7.835152,-0.007860,-0.043480,-1.557770,ndi
1786505398.735484,7.850310,-0.007880,-0.043440,-1.557730,ndi
1786505398.752953,7.867779,-0.007890,-0.043420,-1.557710,ndi
1786505398.770324,7.885150,-0.007890,-0.043400,-1.557700,ndi
1786505398.785303,7.900129,-0.007890,-0.043370,-1.557660,ndi
1786505398.802880,7.917706,-0.007880,-0.043330,-1.557650,ndi
1786505398.820343,7.935169,-0.007890,-0.043300,-1.557610,ndi
1786505398.835330,7.950155,-0.007920,-0.043280,-1.557580,ndi
1786505398.852935,7.967760,-0.007920,-0.043240,-1.557580,ndi
1786505398.870303,7.985129,-0.007920,-0.043210,-1.557520,ndi
1786505398.885304,8.000129,-0.007920,-0.043190,-1.557520,ndi
1786505398.902939,8.017765,-0.007940,-0.043160,-1.557540,ndi
1786505398.920432,8.035258,-0.007940,-0.043120,-1.557460,ndi
1786505398.935474,8.050300,-0.007940,-0.043110,-1.557450,ndi
1786505398.952957,8.067783,-0.007950,-0.043090,-1.557460,ndi
1786505398.970299,8.085124,-0.007950,-0.043060,-1.557420,ndi
1786505398.985292,8.100118,-0.007960,-0.043030,-1.557420,ndi
1786505399.002818,8.117644,-0.007960,-0.043010,-1.557380,ndi
1786505399.020323,8.135149,-0.007950,-0.042990,-1.557370,ndi
1786505399.035347,8.150173,-0.007990,-0.042960,-1.557330,ndi
1786505399.052826,8.167652,-0.007980,-0.042940,-1.557330,ndi
1786505399.070276,8.185101,-0.007990,-0.042920,-1.557300,ndi
1786505399.085300,8.200126,-0.008000,-0.042890,-1.557280,ndi
1786505399.102902,8.217727,-0.008000,-0.042840,-1.557260,ndi
1786505399.120299,8.235125,-0.008020,-0.042800,-1.557210,ndi
1786505399.135411,8.250237,-0.008010,-0.042780,-1.557200,ndi
1786505399.152927,8.267753,-0.008030,-0.042740,-1.557180,ndi
1786505399.170294,8.285120,-0.008030,-0.042700,-1.557070,ndi
1786505399.185315,8.300141,-0.008030,-0.042660,-1.557090,ndi
1786505399.202893,8.317719,-0.008040,-0.042630,-1.557040,ndi
1786505399.220417,8.335243,-0.008040,-0.042590,-1.557010,ndi
1786505399.235359,8.350185,-0.008070,-0.042550,-1.556990,ndi
1786505399.252870,8.367695,-0.008060,-0.042520,-1.556960,ndi
1786505399.270315,8.385141,-0.008080,-0.042480,-1.556920,ndi
1786505399.285297,8.400123,-0.008090,-0.042450,-1.556900,ndi
1786505399.302979,8.417805,-0.008080,-0.042400,-1.556880,ndi
1786505399.320572,8.435397,-0.008100,-0.042370,-1.556880,ndi
1786505399.335543,8.450369,-0.008100,-0.042360,-1.556830,ndi
1786505399.352966,8.467791,-0.008110,-0.042300,-1.556820,ndi
1786505399.370298,8.485123,-0.008120,-0.042260,-1.556800,ndi
1786505399.385298,8.500124,-0.008110,-0.042250,-1.556780,ndi
1786505399.402997,8.517823,-0.008130,-0.042220,-1.556750,ndi
1786505399.420456,8.535282,-0.008130,-0.042160,-1.556710,ndi
1786505399.435477,8.550302,-0.008140,-0.042140,-1.556680,ndi
1786505399.452959,8.567785,-0.008150,-0.042130,-1.556640,ndi
1786505399.470286,8.585112,-0.008160,-0.042090,-1.556610,ndi
1786505399.485306,8.600132,-0.008160,-0.042040,-1.556570,ndi
1786505399.503233,8.618059,-0.008160,-0.042000,-1.556550,ndi
1786505399.520426,8.635252,-0.008180,-0.042000,-1.556530,ndi
1786505399.535402,8.650228,-0.008180,-0.041960,-1.556490,ndi
1786505399.552966,8.667791,-0.008200,-0.041880,-1.556460,ndi
1786505399.570316,8.685142,-0.008210,-0.041830,-1.556400,ndi
1786505399.585286,8.700112,-0.008190,-0.041830,-1.556400,ndi
1786505399.602945,8.717771,-0.008220,-0.041780,-1.556380,ndi
1786505399.620382,8.735208,-0.008240,-0.041730,-1.556330,ndi
1786505399.635410,8.750235,-0.008240,-0.041710,-1.556310,ndi
1786505399.652948,8.767774,-0.008240,-0.041690,-1.556260,ndi
1786505399.670313,8.785139,-0.008260,-0.041630,-1.556240,ndi
1786505399.685317,8.800143,-0.008270,-0.041590,-1.556210,ndi
1786505399.702955,8.817781,-0.008270,-0.041570,-1.556200,ndi
1786505399.720347,8.835172,-0.008270,-0.041550,-1.556180,ndi
1786505399.735363,8.850189,-0.008290,-0.041500,-1.556150,ndi
1786505399.752970,8.867796,-0.008300,-0.041460,-1.556100,ndi
1786505399.770304,8.885130,-0.008310,-0.041450,-1.556080,ndi
1786505399.785296,8.900122,-0.008300,-0.041420,-1.556090,ndi
1786505399.802975,8.917800,-0.008310,-0.041360,-1.556060,ndi
1786505399.820441,8.935267,-0.008340,-0.041330,-1.555990,ndi
1786505399.835455,8.950280,-0.008330,-0.041320,-1.556000,ndi
1786505399.852959,8.967785,-0.008350,-0.041270,-1.555950,ndi
1786505399.870305,8.985130,-0.008360,-0.041230,-1.555940,ndi
1786505399.885315,9.000141,-0.008360,-0.041210,-1.555920,ndi
1786505399.903047,9.017873,-0.008380,-0.041190,-1.555870,ndi
1786505399.920491,9.035317,-0.008380,-0.041140,-1.555850,ndi
1786505399.935481,9.050307,-0.008390,-0.041090,-1.555830,ndi
1786505399.952909,9.067734,-0.008400,-0.041080,-1.555810,ndi
1786505399.970282,9.085108,-0.008390,-0.041050,-1.555750,ndi
1786505399.985308,9.100134,-0.008420,-0.041000,-1.555750,ndi
1786505400.002965,9.117790,-0.008420,-0.040950,-1.555690,ndi
1786505400.020424,9.135250,-0.008440,-0.040930,-1.555630,ndi
1786505400.035532,9.150357,-0.008450,-0.040900,-1.555620,ndi
1786505400.052886,9.167712,-0.008460,-0.040840,-1.555630,ndi
1786505400.070304,9.185130,-0.008470,-0.040800,-1.555550,ndi
1786505400.085301,9.200127,-0.008480,-0.040770,-1.555530,ndi
1786505400.102921,9.217747,-0.008500,-0.040710,-1.555480,ndi
1786505400.120379,9.235205,-0.008510,-0.040640,-1.555460,ndi
1786505400.135420,9.250246,-0.008530,-0.040610,-1.555450,ndi
1786505400.152929,9.267755,-0.008530,-0.040600,-1.555440,ndi
1786505400.170279,9.285104,-0.008530,-0.040550,-1.555400,ndi
1786505400.185356,9.300182,-0.008550,-0.040460,-1.555350,ndi
1786505400.202892,9.317718,-0.008590,-0.040410,-1.555250,ndi
1786505400.220539,9.335365,-0.008600,-0.040340,-1.555200,ndi
1786505400.235498,9.350324,-0.008630,-0.040240,-1.555140,ndi
1786505400.252981,9.367807,-0.008650,-0.040150,-1.555060,ndi
1786505400.270308,9.385134,-0.008670,-0.040130,-1.554990,ndi
1786505400.285327,9.400153,-0.008690,-0.040080,-1.554990,ndi
1786505400.302941,9.417766,-0.008680,-0.040030,-1.554970,ndi
1786505400.320543,9.435369,-0.008690,-0.040000,-1.554920,ndi
1786505400.335539,9.450365,-0.008710,-0.040000,-1.554890,ndi
1786505400.352981,9.467807,-0.008720,-0.039950,-1.554870,ndi
1786505400.370439,9.485264,-0.008720,-0.039890,-1.554840,ndi
1786505400.385348,9.500174,-0.008730,-0.039870,-1.554810,ndi
1786505400.402874,9.517699,-0.008750,-0.039870,-1.554780,ndi
1786505400.420355,9.535181,-0.008760,-0.039810,-1.554740,ndi
1786505400.435354,9.550179,-0.008770,-0.039760,-1.554730,ndi
1786505400.453043,9.567869,-0.008790,-0.039750,-1.554700,ndi
1786505400.470290,9.585116,-0.008790,-0.039730,-1.554660,ndi
1786505400.485327,9.600153,-0.008800,-0.039670,-1.554640,ndi
1786505400.502828,9.617654,-0.008810,-0.039630,-1.554600,ndi
1786505400.520348,9.635174,-0.008820,-0.039620,-1.554570,ndi
1786505400.535327,9.650153,-0.008830,-0.039590,-1.554560,ndi
1786505400.552820,9.667646,-0.008850,-0.039530,-1.554530,ndi
1786505400.570283,9.685108,-0.008850,-0.039500,-1.554480,ndi
1786505400.585324,9.700150,-0.008860,-0.039490,-1.554430,ndi
1786505400.602869,9.717695,-0.008880,-0.039450,-1.554430,ndi
1786505400.620482,9.735308,-0.008890,-0.039390,-1.554400,ndi
1786505400.635455,9.750281,-0.008890,-0.039370,-1.554410,ndi
1786505400.652896,9.767722,-0.008910,-0.039370,-1.554360,ndi
1786505400.670320,9.785146,-0.008920,-0.039310,-1.554330,ndi
1786505400.685316,9.800142,-0.008930,-0.039250,-1.554310,ndi
1786505400.703000,9.817826,-0.008940,-0.039230,-1.554300,ndi
1786505400.720554,9.835379,-0.008980,-0.039140,-1.554200,ndi
1786505400.735519,9.850345,-0.009080,-0.038740,-1.553970,ndi
1786505400.752960,9.867786,-0.009110,-0.038710,-1.553900,ndi
1786505400.770343,9.885169,-0.009130,-0.038700,-1.553920,ndi
1786505400.785350,9.900176,-0.009110,-0.038700,-1.553930,ndi
1786505400.802867,9.917693,-0.009100,-0.038670,-1.553920,ndi
1786505400.820550,9.935376,-0.009130,-0.038610,-1.553870,ndi
1786505400.835484,9.950310,-0.009160,-0.038610,-1.553840,ndi
1786505400.853011,9.967837,-0.009150,-0.038590,-1.553850,ndi
1786505400.870322,9.985148,-0.009140,-0.038520,-1.553800,ndi
1786505400.885369,10.000195,-0.009160,-0.038510,-1.553770,ndi
1786505400.903017,10.017843,-0.009190,-0.038510,-1.553760,ndi
1786505400.920442,10.035268,-0.009210,-0.038480,-1.553770,ndi
1786505400.935533,10.050359,-0.009200,-0.038430,-1.553730,ndi
1786505400.952983,10.067809,-0.009180,-0.038430,-1.553710,ndi
1786505400.970323,10.085148,-0.009190,-0.038440,-1.553710,ndi
1786505400.985355,10.100181,-0.009220,-0.038430,-1.553720,ndi
1786505401.002853,10.117678,-0.009230,-0.038400,-1.553680,ndi
1786505401.020359,10.135185,-0.009210,-0.038420,-1.553690,ndi
1786505401.035470,10.150296,-0.009210,-0.038440,-1.553700,ndi
1786505401.052885,10.167710,-0.009210,-0.038400,-1.553690,ndi
1786505401.070319,10.185144,-0.009230,-0.038380,-1.553670,ndi
1786505401.085343,10.200169,-0.009230,-0.038370,-1.553620,ndi
1786505401.102890,10.217716,-0.009220,-0.038350,-1.553640,ndi
1786505401.120355,10.235181,-0.009250,-0.038290,-1.553580,ndi
1786505401.135443,10.250268,-0.009270,-0.038260,-1.553530,ndi
1786505401.152889,10.267715,-0.009270,-0.038250,-1.553520,ndi
1786505401.170359,10.285185,-0.009290,-0.038210,-1.553500,ndi
1786505401.185388,10.300214,-0.009280,-0.038170,-1.553480,ndi
1786505401.202889,10.317715,-0.009290,-0.038140,-1.553460,ndi
1786505401.220370,10.335195,-0.009340,-0.038130,-1.553440,ndi
1786505401.235407,10.350233,-0.009360,-0.038090,-1.553430,ndi
1786505401.253006,10.367832,-0.009340,-0.038040,-1.553370,ndi
1786505401.270332,10.385158,-0.009350,-0.038020,-1.553380,ndi
1786505401.285316,10.400141,-0.009370,-0.038010,-1.553350,ndi
1786505401.303091,10.417916,-0.009390,-0.037970,-1.553310,ndi
1786505401.320595,10.435421,-0.009390,-0.037920,-1.553320,ndi
1786505401.335517,10.450343,-0.009390,-0.037910,-1.553260,ndi
1786505401.352979,10.467805,-0.009390,-0.037900,-1.553270,ndi
1786505401.370328,10.485154,-0.009450,-0.037800,-1.553190,ndi
1786505401.385374,10.500199,-0.009590,-0.037460,-1.552920,ndi
1786505401.403105,10.517931,-0.009610,-0.037450,-1.552870,ndi
1786505401.420553,10.535379,-0.009620,-0.037460,-1.552900,ndi
1786505401.435589,10.550415,-0.009610,-0.037390,-1.552860,ndi
1786505401.452994,10.567820,-0.009620,-0.037360,-1.552850,ndi
1786505401.470344,10.585169,-0.009620,-0.037360,-1.552850,ndi
1786505401.485334,10.600160,-0.009660,-0.037330,-1.552810,ndi
1786505401.502982,10.617807,-0.009640,-0.037290,-1.552860,ndi
1786505401.520542,10.635368,-0.009650,-0.037260,-1.552780,ndi
1786505401.535537,10.650363,-0.009670,-0.037260,-1.552750,ndi
1786505401.553013,10.667839,-0.009700,-0.037230,-1.552730,ndi
1786505401.570338,10.685164,-0.009720,-0.037190,-1.552700,ndi
1786505401.585353,10.700179,-0.009720,-0.037170,-1.552690,ndi
1786505401.603027,10.717853,-0.009730,-0.037140,-1.552630,ndi
1786505401.620487,10.735313,-0.009750,-0.037090,-1.552600,ndi
1786505401.635464,10.750290,-0.009770,-0.037050,-1.552550,ndi
1786505401.652912,10.767737,-0.009790,-0.037010,-1.552540,ndi
1786505401.670331,10.785157,-0.009790,-0.036990,-1.552460,ndi
1786505401.685426,10.800252,-0.009800,-0.036960,-1.552480,ndi
1786505401.702976,10.817801,-0.009820,-0.036920,-1.552470,ndi
1786505401.720544,10.835370,-0.009840,-0.036900,-1.552410,ndi
1786505401.735529,10.850355,-0.009850,-0.036870,-1.552390,ndi
1786505401.752974,10.867800,-0.009840,-0.036840,-1.552400,ndi
1786505401.770364,10.885190,-0.009850,-0.036810,-1.552350,ndi
1786505401.785359,10.900184,-0.009890,-0.036790,-1.552330,ndi
1786505401.802875,10.917701,-0.009900,-0.036750,-1.552330,ndi
1786505401.820544,10.935369,-0.009910,-0.036710,-1.552300,ndi
1786505401.835535,10.950360,-0.009930,-0.036690,-1.552250,ndi
1786505401.852994,10.967819,-0.009930,-0.036670,-1.552220,ndi
1786505401.870364,10.985189,-0.009960,-0.036630,-1.552200,ndi
1786505401.885355,11.000181,-0.009980,-0.036610,-1.552190,ndi
1786505401.903071,11.017896,-0.009980,-0.036580,-1.552180,ndi
1786505401.920577,11.035403,-0.009970,-0.036560,-1.552160,ndi
1786505401.935546,11.050371,-0.009990,-0.036540,-1.552150,ndi
1786505401.952964,11.067790,-0.010010,-0.036520,-1.552100,ndi
1786505401.970362,11.085188,-0.010010,-0.036530,-1.552090,ndi
1786505401.985378,11.100204,-0.010000,-0.036520,-1.552090,ndi
1786505402.002976,11.117802,-0.010010,-0.036510,-1.552100,ndi
1786505402.020573,11.135398,-0.010020,-0.036510,-1.552100,ndi
1786505402.035573,11.150399,-0.010020,-0.036510,-1.552080,ndi
1786505402.052972,11.167798,-0.010010,-0.036500,-1.552120,ndi
1786505402.070360,11.185185,-0.010010,-0.036490,-1.552050,ndi
1786505402.085365,11.200190,-0.010030,-0.036480,-1.552070,ndi
1786505402.102892,11.217718,-0.010030,-0.036440,-1.552020,ndi
1786505402.118049,11.232875,-0.010060,-0.036410,-1.551990,ndi
1786505402.135571,11.250397,-0.010060,-0.036370,-1.551970,ndi
1786505402.153009,11.267834,-0.010080,-0.036350,-1.551930,ndi
1786505402.170364,11.285189,-0.010110,-0.036320,-1.551890,ndi
1786505402.185374,11.300200,-0.010110,-0.036270,-1.551880,ndi
1786505402.202927,11.317753,-0.010140,-0.036250,-1.551850,ndi
1786505402.220409,11.335235,-0.010150,-0.036240,-1.551790,ndi
1786505402.235537,11.350363,-0.010150,-0.036200,-1.551800,ndi
1786505402.252996,11.367822,-0.010170,-0.036160,-1.551800,ndi
1786505402.270381,11.385207,-0.010180,-0.036140,-1.551760,ndi
1786505402.285358,11.400184,-0.010200,-0.036130,-1.551730,ndi
1786505402.303098,11.417924,-0.010210,-0.036090,-1.551690,ndi
1786505402.320549,11.435374,-0.010220,-0.036040,-1.551700,ndi
1786505402.335583,11.450409,-0.010230,-0.036030,-1.551670,ndi
1786505402.353046,11.467872,-0.010260,-0.036010,-1.551620,ndi
1786505402.370365,11.485191,-0.010280,-0.035950,-1.551580,ndi
1786505402.385367,11.500192,-0.010290,-0.035910,-1.551570,ndi
1786505402.403028,11.517854,-0.010430,-0.035690,-1.551380,ndi
1786505402.420590,11.535416,-0.010510,-0.035560,-1.551170,ndi
1786505402.435561,11.550387,-0.010520,-0.035530,-1.551210,ndi
1786505402.453026,11.567852,-0.010540,-0.035480,-1.551150,ndi
1786505402.470383,11.585209,-0.010540,-0.035480,-1.551240,ndi
1786505402.485305,11.600131,-0.010550,-0.035480,-1.551130,ndi
1786505402.503103,11.617928,-0.010610,-0.035430,-1.551120,ndi
1786505402.520728,11.635554,-0.010600,-0.035390,-1.551150,ndi
1786505402.535566,11.650392,-0.010610,-0.035380,-1.551120,ndi
1786505402.553028,11.667853,-0.010590,-0.035370,-1.551090,ndi
1786505402.570369,11.685195,-0.010640,-0.035310,-1.551020,ndi
1786505402.585357,11.700183,-0.010650,-0.035270,-1.551010,ndi
1786505402.603113,11.717939,-0.010660,-0.035270,-1.550990,ndi
1786505402.620579,11.735405,-0.010670,-0.035250,-1.550980,ndi
1786505402.635617,11.750443,-0.010680,-0.035200,-1.550950,ndi
1786505402.652888,11.767714,-0.010710,-0.035160,-1.550950,ndi
1786505402.670380,11.785206,-0.010740,-0.035150,-1.550900,ndi
1786505402.685352,11.800177,-0.010750,-0.035130,-1.550860,ndi
1786505402.703120,11.817946,-0.010740,-0.035080,-1.550830,ndi
1786505402.720549,11.835374,-0.010760,-0.035050,-1.550820,ndi
1786505402.735588,11.850413,-0.010800,-0.035030,-1.550770,ndi
1786505402.753020,11.867846,-0.010820,-0.034990,-1.550750,ndi
1786505402.770368,11.885194,-0.010840,-0.034940,-1.550700,ndi
1786505402.785325,11.900151,-0.010830,-0.034930,-1.550680,ndi
1786505402.803068,11.917894,-0.010870,-0.034920,-1.550620,ndi
1786505402.820477,11.935303,-0.010900,-0.034870,-1.550610,ndi
1786505402.835521,11.950347,-0.010900,-0.034840,-1.550580,ndi
1786505402.853004,11.967829,-0.010900,-0.034830,-1.550620,ndi
1786505402.870370,11.985196,-0.010910,-0.034810,-1.550600,ndi
1786505402.885336,12.000162,-0.010940,-0.034780,-1.550570,ndi
1786505402.902992,12.017817,-0.010960,-0.034750,-1.550550,ndi
1786505402.920476,12.035302,-0.010960,-0.034730,-1.550540,ndi
1786505402.935544,12.050370,-0.010970,-0.034720,-1.550530,ndi
1786505402.952995,12.067820,-0.010970,-0.034690,-1.550490,ndi
1786505402.970376,12.085202,-0.011010,-0.034670,-1.550470,ndi
1786505402.985364,12.100190,-0.011010,-0.034680,-1.550480,ndi
1786505403.003056,12.117882,-0.011010,-0.034680,-1.550480,ndi
1786505403.020511,12.135337,-0.011010,-0.034660,-1.550440,ndi
1786505403.035461,12.150287,-0.011000,-0.034660,-1.550480,ndi
1786505403.052956,12.167782,-0.011040,-0.034660,-1.550460,ndi
1786505403.070344,12.185170,-0.011020,-0.034660,-1.550450,ndi
1786505403.085344,12.200170,-0.011010,-0.034640,-1.550440,ndi
1786505403.102894,12.217720,-0.011030,-0.034610,-1.550420,ndi
1786505403.120472,12.235297,-0.011060,-0.034590,-1.550370,ndi
1786505403.135565,12.250391,-0.011090,-0.034560,-1.550340,ndi
1786505403.153029,12.267855,-0.011110,-0.034510,-1.550290,ndi
1786505403.170382,12.285207,-0.011110,-0.034490,-1.550300,ndi
1786505403.185386,12.300212,-0.011130,-0.034470,-1.550240,ndi
1786505403.202921,12.317747,-0.011170,-0.034430,-1.550230,ndi
1786505403.217965,12.332791,-0.011190,-0.034390,-1.550190,ndi
1786505403.235432,12.350258,-0.011200,-0.034350,-1.550170,ndi
1786505403.253040,12.367866,-0.011210,-0.034340,-1.550150,ndi
1786505403.270384,12.385210,-0.011240,-0.034300,-1.550130,ndi
1786505403.285377,12.400202,-0.011250,-0.034270,-1.550090,ndi
1786505403.302937,12.417763,-0.011270,-0.034240,-1.550090,ndi
1786505403.320441,12.435267,-0.011290,-0.034220,-1.550050,ndi
1786505403.335437,12.450263,-0.011310,-0.034160,-1.550010,ndi
1786505403.353020,12.467846,-0.011470,-0.033920,-1.549770,ndi
1786505403.370378,12.485204,-0.011500,-0.033920,-1.549750,ndi
1786505403.385434,12.500260,-0.011520,-0.033900,-1.549750,ndi
1786505403.403042,12.517868,-0.011510,-0.033840,-1.549710,ndi
1786505403.420518,12.535344,-0.011510,-0.033830,-1.549700,ndi
1786505403.435463,12.550288,-0.011530,-0.033810,-1.549630,ndi
1786505403.453023,12.567848,-0.011580,-0.033770,-1.549620,ndi
1786505403.470380,12.585206,-0.011570,-0.033730,-1.549640,ndi
1786505403.485356,12.600182,-0.011560,-0.033710,-1.549610,ndi
1786505403.502918,12.617743,-0.011590,-0.033700,-1.549540,ndi
1786505403.520394,12.635220,-0.011640,-0.033650,-1.549530,ndi
1786505403.535459,12.650285,-0.011670,-0.033610,-1.549510,ndi
1786505403.552920,12.667746,-0.011660,-0.033600,-1.549450,ndi
1786505403.570390,12.685216,-0.011690,-0.033580,-1.549480,ndi
1786505403.585373,12.700199,-0.011700,-0.033540,-1.549430,ndi
1786505403.602894,12.717720,-0.011730,-0.033500,-1.549370,ndi
1786505403.620411,12.735236,-0.011760,-0.033480,-1.549370,ndi
1786505403.635395,12.750221,-0.011750,-0.033470,-1.549340,ndi
1786505403.652969,12.767795,-0.011780,-0.033420,-1.549320,ndi
1786505403.667935,12.782761,-0.011810,-0.033380,-1.549310,ndi
1786505403.685381,12.800207,-0.011820,-0.033370,-1.549260,ndi
1786505403.702914,12.817740,-0.011840,-0.033340,-1.549220,ndi
1786505403.720448,12.835274,-0.011840,-0.033290,-1.549220,ndi
1786505403.735455,12.850280,-0.011870,-0.033260,-1.549170,ndi
1786505403.752910,12.867736,-0.011910,-0.033250,-1.549150,ndi
1786505403.770373,12.885199,-0.011930,-0.033210,-1.549130,ndi
1786505403.785381,12.900207,-0.011950,-0.033170,-1.549090,ndi
1786505403.802932,12.917758,-0.011950,-0.033150,-1.549060,ndi
1786505403.820470,12.935296,-0.011990,-0.033140,-1.549000,ndi
1786505403.835404,12.950229,-0.012000,-0.033100,-1.549030,ndi
1786505403.853037,12.967862,-0.012030,-0.033060,-1.549000,ndi
1786505403.867937,12.982763,-0.012040,-0.033050,-1.549010,ndi
1786505403.885369,13.000195,-0.012010,-0.033040,-1.548950,ndi
1786505403.903058,13.017884,-0.012070,-0.032990,-1.548970,ndi
1786505403.920530,13.035356,-0.012090,-0.032970,-1.548910,ndi
1786505403.935548,13.050374,-0.012100,-0.032970,-1.548920,ndi
1786505403.953046,13.067871,-0.012100,-0.032940,-1.548880,ndi
1786505403.967927,13.082752,-0.012110,-0.032890,-1.548870,ndi
1786505403.985382,13.100208,-0.012160,-0.032860,-1.548860,ndi
1786505404.003100,13.117926,-0.012170,-0.032850,-1.548790,ndi
1786505404.020567,13.135392,-0.012180,-0.032810,-1.548750,ndi
1786505404.035556,13.150382,-0.012190,-0.032780,-1.548740,ndi
1786505404.053028,13.167853,-0.012200,-0.032770,-1.548730,ndi
1786505404.070364,13.185190,-0.012220,-0.032770,-1.548750,ndi
1786505404.085379,13.200205,-0.012220,-0.032750,-1.548760,ndi
1786505404.102898,13.217724,-0.012220,-0.032730,-1.548730,ndi
1786505404.120563,13.235389,-0.012220,-0.032750,-1.548730,ndi
1786505404.135622,13.250447,-0.012220,-0.032770,-1.548720,ndi
1786505404.153044,13.267870,-0.012240,-0.032730,-1.548700,ndi
1786505404.167926,13.282752,-0.012250,-0.032700,-1.548690,ndi
1786505404.185387,13.300213,-0.012250,-0.032700,-1.548650,ndi
1786505404.202947,13.317773,-0.012280,-0.032680,-1.548610,ndi
1786505404.220385,13.335211,-0.012300,-0.032620,-1.548560,ndi
1786505404.235479,13.350305,-0.012320,-0.032580,-1.548570,ndi
1786505404.253014,13.367840,-0.012330,-0.032580,-1.548550,ndi
1786505404.270375,13.385201,-0.012340,-0.032550,-1.548500,ndi
1786505404.285367,13.400193,-0.012360,-0.032510,-1.548460,ndi
1786505404.303063,13.417889,-0.012380,-0.032490,-1.548480,ndi
1786505404.320553,13.435378,-0.012400,-0.032480,-1.548480,ndi
1786505404.335602,13.450428,-0.012400,-0.032450,-1.548420,ndi
1786505404.353070,13.467896,-0.012420,-0.032400,-1.548410,ndi
1786505404.370425,13.485251,-0.012450,-0.032370,-1.548360,ndi
1786505404.385407,13.500233,-0.012460,-0.032360,-1.548360,ndi
1786505404.403142,13.517968,-0.012470,-0.032330,-1.548330,ndi
1786505404.420553,13.535379,-0.012490,-0.032280,-1.548310,ndi
1786505404.435515,13.550341,-0.012500,-0.032260,-1.548260,ndi
1786505404.453053,13.567878,-0.012540,-0.032260,-1.548240,ndi
1786505404.470401,13.585227,-0.012550,-0.032210,-1.548220,ndi
1786505404.485378,13.600204,-0.012550,-0.032180,-1.548190,ndi
1786505404.503003,13.617829,-0.012570,-0.032170,-1.548160,ndi
1786505404.520520,13.635346,-0.012610,-0.032150,-1.548140,ndi
1786505404.535640,13.650466,-0.012620,-0.032120,-1.548150,ndi
1786505404.553056,13.667882,-0.012640,-0.032070,-1.548100,ndi
1786505404.567973,13.682798,-0.012660,-0.032060,-1.548070,ndi
1786505404.585414,13.700240,-0.012680,-0.032030,-1.548040,ndi
1786505404.603060,13.717886,-0.012870,-0.031730,-1.547810,ndi
1786505404.620589,13.735415,-0.012940,-0.031690,-1.547740,ndi
1786505404.635610,13.750436,-0.012940,-0.031700,-1.547750,ndi
1786505404.653042,13.767867,-0.012920,-0.031670,-1.547720,ndi
1786505404.670414,13.785240,-0.012930,-0.031650,-1.547700,ndi
1786505404.685410,13.800236,-0.012940,-0.031640,-1.547670,ndi
1786505404.702997,13.817823,-0.013000,-0.031620,-1.547650,ndi
1786505404.720494,13.835320,-0.013000,-0.031580,-1.547650,ndi
1786505404.735557,13.850382,-0.013020,-0.031540,-1.547600,ndi
1786505404.753036,13.867862,-0.013040,-0.031530,-1.547550,ndi
1786505404.767958,13.882783,-0.013080,-0.031510,-1.547570,ndi
1786505404.785404,13.900230,-0.013090,-0.031470,-1.547570,ndi
1786505404.803184,13.918010,-0.013100,-0.031440,-1.547510,ndi
1786505404.820618,13.935444,-0.013110,-0.031420,-1.547480,ndi
1786505404.835618,13.950444,-0.013120,-0.031400,-1.547490,ndi
1786505404.853036,13.967861,-0.013150,-0.031370,-1.547480,ndi
1786505404.870407,13.985233,-0.013170,-0.031350,-1.547430,ndi
1786505404.885428,14.000253,-0.013170,-0.031340,-1.547410,ndi
1786505404.903075,14.017901,-0.013160,-0.031340,-1.547410,ndi
1786505404.920601,14.035427,-0.013180,-0.031330,-1.547400,ndi
1786505404.935567,14.050392,-0.013190,-0.031320,-1.547410,ndi
1786505404.953068,14.067894,-0.013200,-0.031320,-1.547380,ndi
1786505404.967984,14.082810,-0.013190,-0.031310,-1.547390,ndi
1786505404.985425,14.100251,-0.013180,-0.031320,-1.547370,ndi
1786505405.003108,14.117934,-0.013200,-0.031300,-1.547340,ndi
1786505405.020590,14.135416,-0.013230,-0.031270,-1.547300,ndi
1786505405.035555,14.150381,-0.013240,-0.031240,-1.547280,ndi
1786505405.053026,14.167851,-0.013240,-0.031220,-1.547250,ndi
1786505405.070397,14.185223,-0.013270,-0.031200,-1.547220,ndi
1786505405.085418,14.200244,-0.013310,-0.031160,-1.547200,ndi
1786505405.103064,14.217890,-0.013330,-0.031130,-1.547180,ndi
1786505405.120621,14.235447,-0.013350,-0.031110,-1.547150,ndi
1786505405.135554,14.250379,-0.013360,-0.031090,-1.547100,ndi
1786505405.153054,14.267880,-0.013380,-0.031060,-1.547110,ndi
1786505405.167971,14.282797,-0.013410,-0.031020,-1.547070,ndi
1786505405.185412,14.300238,-0.013440,-0.031000,-1.547060,ndi
1786505405.202941,14.317767,-0.013450,-0.030990,-1.547010,ndi
1786505405.220577,14.335402,-0.013470,-0.030940,-1.547010,ndi
1786505405.235518,14.350344,-0.013480,-0.030910,-1.546980,ndi
1786505405.253046,14.367872,-0.013520,-0.030890,-1.546920,ndi
1786505405.270396,14.385222,-0.013540,-0.030870,-1.546910,ndi
1786505405.285396,14.400221,-0.013540,-0.030840,-1.546870,ndi
1786505405.302945,14.417770,-0.013570,-0.030810,-1.546870,ndi
1786505405.317983,14.432809,-0.013600,-0.030790,-1.546840,ndi
1786505405.335575,14.450401,-0.013620,-0.030780,-1.546830,ndi
1786505405.353056,14.467882,-0.013640,-0.030740,-1.546800,ndi
1786505405.370410,14.485236,-0.013650,-0.030710,-1.546780,ndi
1786505405.385447,14.500272,-0.013670,-0.030690,-1.546780,ndi
1786505405.403080,14.517906,-0.013700,-0.030670,-1.546690,ndi
1786505405.420549,14.535374,-0.013720,-0.030630,-1.546700,ndi
1786505405.435512,14.550337,-0.013720,-0.030600,-1.546670,ndi
1786505405.453048,14.567873,-0.013740,-0.030590,-1.546640,ndi
1786505405.470412,14.585238,-0.013780,-0.030570,-1.546640,ndi
1786505405.485415,14.600241,-0.013800,-0.030540,-1.546600,ndi
1786505405.503121,14.617946,-0.013820,-0.030500,-1.546560,ndi
1786505405.520548,14.635374,-0.013840,-0.030490,-1.546560,ndi
1786505405.535514,14.650340,-0.013860,-0.030460,-1.546500,ndi
1786505405.553041,14.667867,-0.013920,-0.030380,-1.546460,ndi
1786505405.567992,14.682818,-0.014060,-0.030160,-1.546310,ndi
1786505405.585479,14.700305,-0.014090,-0.030170,-1.546270,ndi
1786505405.602982,14.717808,-0.014110,-0.030170,-1.546260,ndi
1786505405.620471,14.735297,-0.014120,-0.030100,-1.546270,ndi
1786505405.635595,14.750420,-0.014110,-0.030080,-1.546220,ndi
1786505405.653095,14.767921,-0.014150,-0.030070,-1.546140,ndi
1786505405.670440,14.785266,-0.014190,-0.030050,-1.546190,ndi
1786505405.685459,14.800285,-0.014200,-0.029990,-1.546180,ndi
1786505405.703027,14.817853,-0.014210,-0.029980,-1.546140,ndi
1786505405.720572,14.835398,-0.014250,-0.029980,-1.546070,ndi
1786505405.735559,14.850385,-0.014290,-0.029940,-1.546060,ndi
1786505405.753020,14.867846,-0.014320,-0.029880,-1.546040,ndi
1786505405.767986,14.882812,-0.014330,-0.029870,-1.546040,ndi
1786505405.785443,14.900269,-0.014340,-0.029860,-1.546010,ndi
1786505405.803172,14.917998,-0.014380,-0.029820,-1.545970,ndi
1786505405.820601,14.935426,-0.014380,-0.029770,-1.545940,ndi
1786505405.835578,14.950404,-0.014400,-0.029770,-1.545910,ndi
1786505405.853111,14.967937,-0.014420,-0.029780,-1.545910,ndi
1786505405.870462,14.985288,-0.014430,-0.029740,-1.545890,ndi
1786505405.885419,15.000245,-0.014440,-0.029710,-1.545900,ndi
1786505405.902963,15.017789,-0.014440,-0.029730,-1.545870,ndi
1786505405.920543,15.035369,-0.014450,-0.029750,-1.545860,ndi
1786505405.935559,15.050385,-0.014440,-0.029720,-1.545870,ndi
1786505405.953045,15.067871,-0.014440,-0.029710,-1.545840,ndi
1786505405.970426,15.085252,-0.014460,-0.029730,-1.545860,ndi
1786505405.985415,15.100241,-0.014460,-0.029720,-1.545820,ndi
1786505406.002979,15.117805,-0.014490,-0.029670,-1.545800,ndi
1786505406.020466,15.135292,-0.014500,-0.029650,-1.545780,ndi
1786505406.035484,15.150310,-0.014530,-0.029640,-1.545710,ndi
1786505406.053100,15.167926,-0.014560,-0.029600,-1.545710,ndi
1786505406.068021,15.182847,-0.014570,-0.029560,-1.545680,ndi
1786505406.085459,15.200284,-0.014600,-0.029540,-1.545640,ndi
1786505406.103056,15.217882,-0.014610,-0.029530,-1.545640,ndi
1786505406.120505,15.235331,-0.014640,-0.029490,-1.545580,ndi
1786505406.135507,15.250333,-0.014670,-0.029460,-1.545570,ndi
1786505406.153106,15.267932,-0.014690,-0.029440,-1.545540,ndi
1786505406.170509,15.285335,-0.014710,-0.029420,-1.545530,ndi
1786505406.185477,15.300303,-0.014720,-0.029390,-1.545520,ndi
1786505406.202915,15.317741,-0.014760,-0.029350,-1.545490,ndi
1786505406.220450,15.335276,-0.014760,-0.029330,-1.545450,ndi
1786505406.235466,15.350291,-0.014780,-0.029310,-1.545420,ndi
1786505406.253008,15.367833,-0.014810,-0.029270,-1.545420,ndi
1786505406.270475,15.385301,-0.014840,-0.029250,-1.545380,ndi
1786505406.285470,15.400295,-0.014850,-0.029240,-1.545380,ndi
1786505406.303133,15.417959,-0.014880,-0.029200,-1.545370,ndi
1786505406.320614,15.435439,-0.014890,-0.029170,-1.545320,ndi
1786505406.335597,15.450422,-0.014900,-0.029150,-1.545260,ndi
1786505406.353103,15.467928,-0.014940,-0.029140,-1.545240,ndi
1786505406.368008,15.482833,-0.014960,-0.029100,-1.545240,ndi
1786505406.385437,15.500262,-0.014980,-0.029070,-1.545210,ndi
1786505406.402994,15.517820,-0.015000,-0.029060,-1.545190,ndi
1786505406.420454,15.535279,-0.015010,-0.029030,-1.545150,ndi
1786505406.435498,15.550324,-0.015050,-0.028990,-1.545130,ndi
1786505406.453192,15.568018,-0.015070,-0.028960,-1.545080,ndi
1786505406.470487,15.585313,-0.015090,-0.028950,-1.545050,ndi
1786505406.485448,15.600274,-0.015110,-0.028930,-1.545060,ndi
1786505406.503135,15.617960,-0.015150,-0.028890,-1.545030,ndi
1786505406.520578,15.635404,-0.015150,-0.028860,-1.545010,ndi
1786505406.535636,15.650461,-0.015160,-0.028850,-1.544980,ndi
1786505406.553073,15.667899,-0.015220,-0.028820,-1.544910,ndi
1786505406.570458,15.685284,-0.015310,-0.028660,-1.544850,ndi
1786505406.585445,15.700271,-0.015400,-0.028610,-1.544730,ndi
1786505406.603065,15.717891,-0.015420,-0.028620,-1.544740,ndi
1786505406.620563,15.735389,-0.015440,-0.028560,-1.544720,ndi
1786505406.635593,15.750419,-0.015450,-0.028520,-1.544720,ndi
1786505406.653132,15.767958,-0.015490,-0.028520,-1.544660,ndi
1786505406.670437,15.785263,-0.015560,-0.028510,-1.544600,ndi
1786505406.685458,15.800284,-0.015560,-0.028460,-1.544640,ndi
1786505406.703131,15.817957,-0.015570,-0.028430,-1.544600,ndi
1786505406.718035,15.832860,-0.015600,-0.028420,-1.544530,ndi
1786505406.735535,15.850361,-0.015630,-0.028410,-1.544530,ndi
1786505406.752975,15.867800,-0.015670,-0.028350,-1.544510,ndi
1786505406.770482,15.885307,-0.015710,-0.028310,-1.544470,ndi
1786505406.785481,15.900307,-0.015730,-0.028310,-1.544430,ndi
1786505406.803030,15.917856,-0.015740,-0.028290,-1.544380,ndi
1786505406.820654,15.935479,-0.015780,-0.028240,-1.544390,ndi
1786505406.835681,15.950506,-0.015820,-0.028210,-1.544370,ndi
1786505406.853184,15.968010,-0.015830,-0.028220,-1.544330,ndi
1786505406.868022,15.982848,-0.015840,-0.028190,-1.544310,ndi
1786505406.885462,16.000288,-0.015890,-0.028150,-1.544290,ndi
1786505406.903162,16.017987,-0.015900,-0.028130,-1.544270,ndi
1786505406.920685,16.035510,-0.015910,-0.028170,-1.544250,ndi
1786505406.935616,16.050441,-0.015910,-0.028160,-1.544270,ndi
1786505406.953089,16.067914,-0.015900,-0.028130,-1.544250,ndi
1786505406.967996,16.082822,-0.015940,-0.028140,-1.544240,ndi
1786505406.985461,16.100287,-0.015940,-0.028150,-1.544260,ndi
1786505407.003138,16.117964,-0.015930,-0.028130,-1.544240,ndi
1786505407.020593,16.135419,-0.015950,-0.028100,-1.544240,ndi
1786505407.035666,16.150492,-0.015960,-0.028100,-1.544190,ndi
1786505407.053286,16.168111,-0.016020,-0.028090,-1.544170,ndi
1786505407.070508,16.185334,-0.016030,-0.028040,-1.544160,ndi
1786505407.085502,16.200328,-0.016060,-0.028010,-1.544140,ndi
1786505407.103012,16.217838,-0.016070,-0.027990,-1.544100,ndi
1786505407.118043,16.232869,-0.016090,-0.027990,-1.544090,ndi
1786505407.135559,16.250384,-0.016150,-0.027940,-1.544040,ndi
1786505407.153042,16.267868,-0.016180,-0.027910,-1.544020,ndi
1786505407.170463,16.285289,-0.016180,-0.027900,-1.543980,ndi
1786505407.185417,16.300243,-0.016200,-0.027880,-1.543980,ndi
1786505407.203086,16.317911,-0.016250,-0.027850,-1.543970,ndi
1786505407.220500,16.335325,-0.016300,-0.027820,-1.543920,ndi
1786505407.235511,16.350336,-0.016310,-0.027820,-1.543900,ndi
1786505407.252987,16.367812,-0.016340,-0.027790,-1.543890,ndi
1786505407.270449,16.385274,-0.016360,-0.027750,-1.543850,ndi
1786505407.285455,16.400280,-0.016400,-0.027720,-1.543870,ndi
1786505407.303040,16.417866,-0.016420,-0.027720,-1.543810,ndi
1786505407.318057,16.432883,-0.016440,-0.027700,-1.543780,ndi
1786505407.335624,16.450450,-0.016460,-0.027660,-1.543800,ndi
1786505407.353110,16.467936,-0.016490,-0.027640,-1.543730,ndi
1786505407.367990,16.482816,-0.016520,-0.027620,-1.543740,ndi
1786505407.385441,16.500267,-0.016550,-0.027600,-1.543710,ndi
1786505407.403172,16.517998,-0.016560,-0.027580,-1.543680,ndi
1786505407.420673,16.535499,-0.016590,-0.027560,-1.543640,ndi
1786505407.435704,16.550530,-0.016630,-0.027530,-1.543630,ndi
1786505407.453097,16.567923,-0.016680,-0.027500,-1.543580,ndi
1786505407.470476,16.585302,-0.016690,-0.027480,-1.543570,ndi
1786505407.485486,16.600312,-0.016710,-0.027470,-1.543550,ndi
1786505407.503162,16.617988,-0.016740,-0.027430,-1.543520,ndi
1786505407.520619,16.635445,-0.016790,-0.027420,-1.543480,ndi
1786505407.535583,16.650408,-0.016800,-0.027410,-1.543440,ndi
1786505407.553040,16.667866,-0.016830,-0.027380,-1.543420,ndi
1786505407.570455,16.685281,-0.016850,-0.027340,-1.543410,ndi
1786505407.585441,16.700267,-0.016900,-0.027330,-1.543400,ndi
1786505407.602969,16.717794,-0.016920,-0.027320,-1.543370,ndi
1786505407.618166,16.732992,-0.016960,-0.027300,-1.543330,ndi
1786505407.635492,16.750318,-0.016990,-0.027250,-1.543290,ndi
1786505407.653094,16.767919,-0.017060,-0.027180,-1.543210,ndi
1786505407.670511,16.785336,-0.017210,-0.027080,-1.543100,ndi
1786505407.685447,16.800272,-0.017250,-0.027060,-1.543100,ndi
1786505407.703051,16.817877,-0.017270,-0.027050,-1.543080,ndi
1786505407.718149,16.832975,-0.017280,-0.027030,-1.543070,ndi
1786505407.735605,16.850431,-0.017300,-0.027020,-1.543030,ndi
1786505407.752989,16.867815,-0.017370,-0.026980,-1.543010,ndi
1786505407.770452,16.885278,-0.017400,-0.026950,-1.542970,ndi
1786505407.785490,16.900315,-0.017420,-0.026930,-1.542960,ndi
1786505407.803080,16.917906,-0.017460,-0.026910,-1.542930,ndi
1786505407.820608,16.935433,-0.017500,-0.026890,-1.542850,ndi
1786505407.835582,16.950408,-0.017540,-0.026860,-1.542870,ndi
1786505407.853046,16.967872,-0.017570,-0.026850,-1.542850,ndi
1786505407.870484,16.985310,-0.017570,-0.026850,-1.542830,ndi
1786505407.885457,17.000283,-0.017580,-0.026830,-1.542850,ndi
1786505407.903038,17.017864,-0.017590,-0.026820,-1.542840,ndi
1786505407.920599,17.035425,-0.017600,-0.026830,-1.542860,ndi
1786505407.935589,17.050415,-0.017630,-0.026840,-1.542790,ndi
1786505407.953032,17.067858,-0.017610,-0.026820,-1.542800,ndi
1786505407.970444,17.085270,-0.017620,-0.026810,-1.542790,ndi
1786505407.985464,17.100289,-0.017650,-0.026820,-1.542750,ndi
1786505408.002999,17.117825,-0.017690,-0.026780,-1.542740,ndi
1786505408.020675,17.135501,-0.017720,-0.026750,-1.542710,ndi
1786505408.035691,17.150517,-0.017730,-0.026730,-1.542710,ndi
1786505408.053171,17.167997,-0.017770,-0.026740,-1.542660,ndi
1786505408.070511,17.185337,-0.017820,-0.026710,-1.542630,ndi
1786505408.085463,17.200289,-0.017850,-0.026670,-1.542610,ndi
1786505408.103013,17.217839,-0.017870,-0.026650,-1.542570,ndi
1786505408.118151,17.232976,-0.017880,-0.026650,-1.542570,ndi
1786505408.135670,17.250496,-0.017940,-0.026620,-1.542530,ndi
1786505408.153099,17.267925,-0.017980,-0.026580,-1.542530,ndi
1786505408.170486,17.285312,-0.018000,-0.026560,-1.542480,ndi
1786505408.185484,17.300310,-0.018040,-0.026560,-1.542450,ndi
1786505408.202949,17.317775,-0.018060,-0.026520,-1.542470,ndi
1786505408.220517,17.335343,-0.018120,-0.026490,-1.542410,ndi
1786505408.235543,17.350369,-0.018150,-0.026480,-1.542370,ndi
1786505408.253055,17.367881,-0.018180,-0.026480,-1.542370,ndi
1786505408.268164,17.382990,-0.018210,-0.026440,-1.542320,ndi
1786505408.285472,17.400298,-0.018240,-0.026400,-1.542340,ndi
1786505408.303205,17.418031,-0.018280,-0.026410,-1.542290,ndi
1786505408.320694,17.435520,-0.018300,-0.026390,-1.542280,ndi
1786505408.335613,17.450439,-0.018340,-0.026360,-1.542240,ndi
1786505408.353136,17.467962,-0.018360,-0.026330,-1.542260,ndi
1786505408.370488,17.485314,-0.018390,-0.026340,-1.542220,ndi
1786505408.385489,17.500315,-0.018430,-0.026320,-1.542180,ndi
1786505408.403136,17.517962,-0.018460,-0.026280,-1.542130,ndi
1786505408.420696,17.535522,-0.018500,-0.026260,-1.542140,ndi
1786505408.435628,17.550454,-0.018520,-0.026260,-1.542080,ndi
1786505408.453126,17.567952,-0.018560,-0.026240,-1.542070,ndi
1786505408.468071,17.582897,-0.018610,-0.026200,-1.542080,ndi
1786505408.485518,17.600344,-0.018620,-0.026180,-1.542050,ndi
1786505408.503173,17.617999,-0.018670,-0.026170,-1.541990,ndi
1786505408.520667,17.635493,-0.018730,-0.026130,-1.541960,ndi
1786505408.535683,17.650508,-0.018780,-0.026090,-1.541940,ndi
1786505408.553095,17.667920,-0.018830,-0.026060,-1.541910,ndi
1786505408.570453,17.685279,-0.018930,-0.026020,-1.541830,ndi
1786505408.585480,17.700306,-0.018970,-0.025990,-1.541780,ndi
1786505408.603034,17.717859,-0.019010,-0.025950,-1.541750,ndi
1786505408.620486,17.735312,-0.019070,-0.025940,-1.541740,ndi
1786505408.635488,17.750314,-0.019080,-0.025940,-1.541730,ndi
1786505408.653135,17.767961,-0.019120,-0.025910,-1.541670,ndi
1786505408.670499,17.785325,-0.019170,-0.025870,-1.541660,ndi
1786505408.685500,17.800326,-0.019200,-0.025850,-1.541660,ndi
1786505408.703084,17.817910,-0.019240,-0.025860,-1.541630,ndi
1786505408.720607,17.835433,-0.019270,-0.025830,-1.541590,ndi
1786505408.735668,17.850494,-0.019270,-0.025800,-1.541610,ndi
1786505408.753067,17.867893,-0.019300,-0.025820,-1.541600,ndi
1786505408.770474,17.885300,-0.019330,-0.025810,-1.541570,ndi
1786505408.785507,17.900333,-0.019350,-0.025770,-1.541550,ndi
1786505408.803083,17.917909,-0.019380,-0.025750,-1.541560,ndi
1786505408.820573,17.935398,-0.019400,-0.025770,-1.541540,ndi
1786505408.835577,17.950402,-0.019410,-0.025770,-1.541510,ndi
1786505408.853111,17.967937,-0.019420,-0.025750,-1.541490,ndi
1786505408.870516,17.985342,-0.019450,-0.025730,-1.541480,ndi
1786505408.885484,18.000310,-0.019470,-0.025730,-1.541450,ndi
1786505408.903057,18.017883,-0.019510,-0.025720,-1.541410,ndi
1786505408.920528,18.035353,-0.019550,-0.025690,-1.541380,ndi
1786505408.935526,18.050351,-0.019560,-0.025670,-1.541390,ndi
1786505408.953116,18.067942,-0.019610,-0.025670,-1.541340,ndi
1786505408.970492,18.085318,-0.019640,-0.025650,-1.541300,ndi
1786505408.985498,18.100324,-0.019680,-0.025610,-1.541280,ndi
1786505409.003075,18.117901,-0.019720,-0.025590,-1.541300,ndi
1786505409.020568,18.135394,-0.019760,-0.025590,-1.541230,ndi
1786505409.035673,18.150498,-0.019790,-0.025570,-1.541230,ndi
1786505409.053233,18.168059,-0.019820,-0.025530,-1.541230,ndi
1786505409.070625,18.185451,-0.019870,-0.025520,-1.541200,ndi
1786505409.085515,18.200341,-0.019890,-0.025510,-1.541130,ndi
1786505409.103030,18.217856,-0.019930,-0.025480,-1.541110,ndi
1786505409.120466,18.235292,-0.019980,-0.025460,-1.541120,ndi
1786505409.135668,18.250494,-0.020000,-0.025440,-1.541040,ndi
1786505409.153137,18.267963,-0.020030,-0.025430,-1.541010,ndi
1786505409.170491,18.285317,-0.020080,-0.025400,-1.541030,ndi
1786505409.185523,18.300349,-0.020100,-0.025370,-1.540980,ndi
1786505409.203084,18.317909,-0.020140,-0.025360,-1.540970,ndi
1786505409.218101,18.332927,-0.020180,-0.025350,-1.540960,ndi
1786505409.235531,18.350357,-0.020230,-0.025320,-1.540930,ndi
1786505409.253022,18.367848,-0.020250,-0.025300,-1.540890,ndi
1786505409.270550,18.385376,-0.020290,-0.025280,-1.540840,ndi
1786505409.285517,18.400342,-0.020310,-0.025250,-1.540860,ndi
1786505409.303038,18.417864,-0.020350,-0.025230,-1.540840,ndi
1786505409.320529,18.435355,-0.020390,-0.025210,-1.540800,ndi
1786505409.335672,18.450497,-0.020420,-0.025200,-1.540760,ndi
1786505409.353114,18.467940,-0.020440,-0.025180,-1.540770,ndi
1786505409.370504,18.485330,-0.020500,-0.025150,-1.540740,ndi
1786505409.385542,18.500368,-0.020520,-0.025140,-1.540710,ndi
1786505409.403033,18.517859,-0.020560,-0.025120,-1.540690,ndi
1786505409.420679,18.535505,-0.020590,-0.025100,-1.540670,ndi
1786505409.435682,18.550508,-0.020620,-0.025080,-1.540660,ndi
1786505409.453142,18.567968,-0.020660,-0.025070,-1.540630,ndi
1786505409.468052,18.582878,-0.020680,-0.025050,-1.540610,ndi
1786505409.485535,18.600361,-0.020720,-0.025020,-1.540580,ndi
1786505409.503147,18.617972,-0.020750,-0.025000,-1.540560,ndi
1786505409.520559,18.635384,-0.020790,-0.025000,-1.540530,ndi
1786505409.535523,18.650349,-0.020810,-0.024990,-1.540520,ndi
1786505409.553057,18.667883,-0.020830,-0.024940,-1.540500,ndi
1786505409.570506,18.685332,-0.020890,-0.024930,-1.540520,ndi
1786505409.585553,18.700379,-0.020920,-0.024930,-1.540480,ndi
1786505409.603073,18.717899,-0.020950,-0.024900,-1.540400,ndi
1786505409.620552,18.735378,-0.020980,-0.024860,-1.540400,ndi
1786505409.635536,18.750362,-0.021020,-0.024870,-1.540390,ndi
1786505409.653124,18.767950,-0.021050,-0.024870,-1.540360,ndi
1786505409.670533,18.785359,-0.021070,-0.024820,-1.540350,ndi
1786505409.685478,18.800304,-0.021110,-0.024800,-1.540350,ndi
1786505409.703125,18.817951,-0.021140,-0.024800,-1.540310,ndi
1786505409.720705,18.835531,-0.021150,-0.024780,-1.540250,ndi
1786505409.735664,18.850490,-0.021200,-0.024750,-1.540250,ndi
1786505409.753142,18.867968,-0.021230,-0.024730,-1.540240,ndi
1786505409.770514,18.885340,-0.021260,-0.024730,-1.540190,ndi
1786505409.785537,18.900363,-0.021290,-0.024700,-1.540170,ndi
1786505409.803031,18.917857,-0.021320,-0.024670,-1.540160,ndi
1786505409.818108,18.932934,-0.021360,-0.024650,-1.540150,ndi
1786505409.835615,18.950441,-0.021390,-0.024650,-1.540120,ndi
1786505409.853079,18.967904,-0.021420,-0.024630,-1.540090,ndi
1786505409.868260,18.983086,-0.021450,-0.024590,-1.540080,ndi
1786505409.885487,19.000312,-0.021490,-0.024570,-1.540060,ndi
1786505409.903043,19.017869,-0.021500,-0.024560,-1.540030,ndi
1786505409.920662,19.035488,-0.021550,-0.024540,-1.540020,ndi
1786505409.935717,19.050543,-0.021570,-0.024510,-1.540010,ndi
1786505409.953158,19.067984,-0.021610,-0.024500,-1.539980,ndi
1786505409.970514,19.085340,-0.021640,-0.024490,-1.539940,ndi
1786505409.985507,19.100333,-0.021670,-0.024460,-1.539930,ndi
1786505410.003154,19.117980,-0.021710,-0.024430,-1.539910,ndi
1786505410.020641,19.135466,-0.021740,-0.024410,-1.539870,ndi
1786505410.035592,19.150418,-0.021770,-0.024410,-1.539860,ndi
1786505410.053137,19.167963,-0.021810,-0.024370,-1.539840,ndi
1786505410.070532,19.185358,-0.021840,-0.024340,-1.539790,ndi
1786505410.085504,19.200329,-0.021860,-0.024340,-1.539820,ndi
1786505410.103060,19.217885,-0.021900,-0.024330,-1.539790,ndi
1786505410.118284,19.233110,-0.021920,-0.024300,-1.539750,ndi
1786505410.135640,19.250465,-0.021940,-0.024260,-1.539740,ndi
1786505410.153103,19.267929,-0.021990,-0.024260,-1.539720,ndi
1786505410.170518,19.285343,-0.022030,-0.024240,-1.539680,ndi
1786505410.185519,19.300344,-0.022050,-0.024190,-1.539650,ndi
1786505410.203102,19.317927,-0.022090,-0.024170,-1.539640,ndi
1786505410.218224,19.333050,-0.022120,-0.024180,-1.539620,ndi
1786505410.235585,19.350411,-0.022150,-0.024150,-1.539570,ndi
1786505410.253168,19.367994,-0.022170,-0.024110,-1.539580,ndi
1786505410.268066,19.382892,-0.022220,-0.024100,-1.539560,ndi
1786505410.285502,19.400328,-0.022240,-0.024090,-1.539520,ndi
1786505410.303051,19.417876,-0.022270,-0.024050,-1.539510,ndi
1786505410.320588,19.435413,-0.022290,-0.024020,-1.539470,ndi
1786505410.335660,19.450485,-0.022330,-0.024010,-1.539430,ndi
1786505410.353177,19.468003,-0.022350,-0.024000,-1.539380,ndi
1786505410.370514,19.485340,-0.022370,-0.023950,-1.539370,ndi
1786505410.385566,19.500391,-0.022400,-0.023930,-1.539330,ndi
1786505410.403265,19.518091,-0.022430,-0.023930,-1.539330,ndi
1786505410.420681,19.535507,-0.022460,-0.023910,-1.539290,ndi
1786505410.435526,19.550351,-0.022480,-0.023870,-1.539270,ndi
1786505410.453164,19.567990,-0.022510,-0.023850,-1.539280,ndi
1786505410.470523,19.585348,-0.022540,-0.023840,-1.539250,ndi
1786505410.485502,19.600328,-0.022550,-0.023820,-1.539220,ndi
1786505410.503110,19.617936,-0.022590,-0.023780,-1.539190,ndi
1786505410.520579,19.635405,-0.022610,-0.023770,-1.539180,ndi
1786505410.535703,19.650529,-0.022640,-0.023760,-1.539140,ndi
1786505410.553156,19.667982,-0.022670,-0.023720,-1.539130,ndi
1786505410.570536,19.685361,-0.022700,-0.023700,-1.539100,ndi
1786505410.585538,19.700364,-0.022720,-0.023690,-1.539070,ndi
1786505410.603057,19.717883,-0.022750,-0.023670,-1.539050,ndi
1786505410.620559,19.735384,-0.022790,-0.023650,-1.539040,ndi
1786505410.635690,19.750516,-0.022800,-0.023620,-1.539020,ndi
1786505410.653173,19.767999,-0.022840,-0.023610,-1.539010,ndi
1786505410.670528,19.785354,-0.022860,-0.023580,-1.538980,ndi
1786505410.685508,19.800333,-0.022890,-0.023560,-1.538960,ndi
1786505410.703138,19.817964,-0.022910,-0.023540,-1.538930,ndi
1786505410.720634,19.835460,-0.022930,-0.023520,-1.538920,ndi
1786505410.735679,19.850504,-0.022980,-0.023500,-1.538890,ndi
1786505410.753166,19.867992,-0.023000,-0.023470,-1.538880,ndi
1786505410.768071,19.882897,-0.023030,-0.023450,-1.538860,ndi
1786505410.785570,19.900396,-0.023060,-0.023450,-1.538870,ndi
1786505410.803051,19.917876,-0.023090,-0.023420,-1.538820,ndi
1786505410.820589,19.935415,-0.023130,-0.023390,-1.538800,ndi
1786505410.835577,19.950403,-0.023130,-0.023370,-1.538770,ndi
1786505410.853183,19.968009,-0.023170,-0.023350,-1.538720,ndi
1786505410.870528,19.985353,-0.023200,-0.023320,-1.538700,ndi
1786505410.885526,20.000351,-0.023220,-0.023300,-1.538710,ndi
1786505410.903078,20.017904,-0.023250,-0.023290,-1.538660,ndi
1786505410.920749,20.035575,-0.023270,-0.023270,-1.538640,ndi
1786505410.935765,20.050591,-0.023310,-0.023240,-1.538620,ndi
1786505410.953188,20.068014,-0.023320,-0.023210,-1.538600,ndi
1786505410.968080,20.082906,-0.023350,-0.023210,-1.538580,ndi
1786505410.985592,20.100418,-0.023390,-0.023190,-1.538530,ndi
1786505411.003055,20.117881,-0.023410,-0.023150,-1.538530,ndi
1786505411.020552,20.135378,-0.023430,-0.023130,-1.538510,ndi
1786505411.035533,20.150359,-0.023460,-0.023110,-1.538470,ndi
1786505411.053134,20.167959,-0.023490,-0.023090,-1.538430,ndi
1786505411.070528,20.185354,-0.023520,-0.023060,-1.538440,ndi
1786505411.085497,20.200323,-0.023540,-0.023050,-1.538430,ndi
1786505411.103086,20.217911,-0.023570,-0.023030,-1.538410,ndi
1786505411.118225,20.233051,-0.023600,-0.023000,-1.538380,ndi
1786505411.135696,20.250522,-0.023630,-0.022970,-1.538340,ndi
1786505411.153147,20.267973,-0.023650,-0.022950,-1.538320,ndi
1786505411.170515,20.285341,-0.023690,-0.022930,-1.538280,ndi
1786505411.185668,20.300493,-0.023710,-0.022920,-1.538280,ndi
1786505411.203134,20.317960,-0.023710,-0.022910,-1.538290,ndi
1786505411.220572,20.335398,-0.023720,-0.022900,-1.538270,ndi
1786505411.235765,20.350591,-0.023730,-0.022890,-1.538280,ndi
1786505411.253147,20.367972,-0.023730,-0.022900,-1.538290,ndi
1786505411.270523,20.385349,-0.023730,-0.022910,-1.538260,ndi
1786505411.285512,20.400338,-0.023730,-0.022900,-1.538270,ndi
1786505411.303206,20.418032,-0.023730,-0.022900,-1.538260,ndi
1786505411.320618,20.435444,-0.023740,-0.022910,-1.538280,ndi
1786505411.335596,20.450422,-0.023740,-0.022910,-1.538250,ndi
1786505411.353199,20.468024,-0.023730,-0.022900,-1.538300,ndi
1786505411.370543,20.485368,-0.023750,-0.022910,-1.538280,ndi
1786505411.385535,20.500361,-0.023740,-0.022920,-1.538280,ndi
1786505411.403202,20.518028,-0.023740,-0.022910,-1.538280,ndi
1786505411.420657,20.535483,-0.023750,-0.022900,-1.538270,ndi
1786505411.435702,20.550528,-0.023740,-0.022910,-1.538260,ndi
1786505411.453146,20.567971,-0.023750,-0.022920,-1.538280,ndi
1786505411.470554,20.585379,-0.023750,-0.022910,-1.538260,ndi
1786505411.485505,20.600331,-0.023740,-0.022900,-1.538260,ndi
1786505411.503151,20.617977,-0.023740,-0.022910,-1.538260,ndi
1786505411.520746,20.635571,-0.023750,-0.022920,-1.538260,ndi
1786505411.535742,20.650568,-0.023750,-0.022900,-1.538270,ndi
1786505411.553172,20.667997,-0.023750,-0.022900,-1.538280,ndi
1786505411.570537,20.685363,-0.023760,-0.022910,-1.538260,ndi
1786505411.585503,20.700329,-0.023760,-0.022920,-1.538250,ndi
1786505411.603314,20.718140,-0.023750,-0.022900,-1.538250,ndi
1786505411.618313,20.733139,-0.023750,-0.022900,-1.538250,ndi
1786505411.635700,20.750526,-0.023750,-0.022920,-1.538240,ndi
1786505411.653164,20.767989,-0.023750,-0.022920,-1.538240,ndi
1786505411.670495,20.785321,-0.023750,-0.022900,-1.538270,ndi
1786505411.685504,20.800330,-0.023750,-0.022910,-1.538260,ndi
1786505411.703241,20.818066,-0.023770,-0.022920,-1.538230,ndi
1786505411.720722,20.835547,-0.023770,-0.022920,-1.538250,ndi
1786505411.735757,20.850583,-0.023750,-0.022900,-1.538230,ndi
1786505411.753167,20.867993,-0.023760,-0.022910,-1.538220,ndi
1786505411.770522,20.885348,-0.023760,-0.022920,-1.538240,ndi
1786505411.785532,20.900357,-0.023760,-0.022920,-1.538270,ndi
1786505411.803091,20.917917,-0.023760,-0.022910,-1.538240,ndi
1786505411.820561,20.935387,-0.023760,-0.022920,-1.538240,ndi
1786505411.835594,20.950420,-0.023760,-0.022920,-1.538230,ndi
1786505411.853207,20.968032,-0.023770,-0.022920,-1.538250,ndi
1786505411.868048,20.982874,-0.023770,-0.022910,-1.538240,ndi
1786505411.885493,21.000319,-0.023750,-0.022910,-1.538230,ndi
1786505411.903212,21.018038,-0.023770,-0.022930,-1.538260,ndi
1786505411.920677,21.035503,-0.023770,-0.022920,-1.538260,ndi
1786505411.935655,21.050481,-0.023760,-0.022910,-1.538260,ndi
1786505411.953174,21.068000,-0.023770,-0.022920,-1.538240,ndi
1786505411.970519,21.085345,-0.023760,-0.022940,-1.538260,ndi
1786505411.985537,21.100363,-0.023760,-0.022930,-1.538250,ndi
1786505412.003136,21.117961,-0.023770,-0.022910,-1.538250,ndi
1786505412.020688,21.135513,-0.023770,-0.022920,-1.538240,ndi
1786505412.035674,21.150500,-0.023770,-0.022930,-1.538280,ndi
1786505412.053200,21.168025,-0.023770,-0.022930,-1.538270,ndi
1786505412.068152,21.182978,-0.023760,-0.022910,-1.538270,ndi
1786505412.085526,21.200352,-0.023760,-0.022920,-1.538280,ndi
1786505412.103213,21.218039,-0.023770,-0.022940,-1.538260,ndi
1786505412.118242,21.233067,-0.023770,-0.022930,-1.538260,ndi
1786505412.135663,21.250489,-0.023770,-0.022910,-1.538240,ndi
1786505412.153185,21.268011,-0.023780,-0.022930,-1.538240,ndi
1786505412.170513,21.285338,-0.023780,-0.022950,-1.538230,ndi
1786505412.185524,21.300350,-0.023780,-0.022920,-1.538270,ndi
1786505412.203125,21.317951,-0.023770,-0.022900,-1.538240,ndi
1786505412.220698,21.335524,-0.023780,-0.022930,-1.538270,ndi
1786505412.235648,21.350474,-0.023780,-0.022940,-1.538260,ndi
1786505412.253196,21.368022,-0.023780,-0.022920,-1.538260,ndi
1786505412.270536,21.385362,-0.023770,-0.022910,-1.538240,ndi
1786505412.285527,21.400352,-0.023780,-0.022930,-1.538240,ndi
1786505412.303131,21.417957,-0.023780,-0.022940,-1.538260,ndi
1786505412.320675,21.435501,-0.023780,-0.022910,-1.538250,ndi
1786505412.335671,21.450497,-0.023780,-0.022910,-1.538240,ndi
1786505412.353146,21.467971,-0.023790,-0.022930,-1.538240,ndi
1786505412.370534,21.485360,-0.023780,-0.022940,-1.538240,ndi
1786505412.385567,21.500393,-0.023780,-0.022920,-1.538260,ndi
1786505412.403175,21.518001,-0.023780,-0.022910,-1.538220,ndi
1786505412.418227,21.533053,-0.023790,-0.022930,-1.538250,ndi
1786505412.435654,21.550479,-0.023780,-0.022940,-1.538240,ndi
1786505412.453171,21.567997,-0.023780,-0.022920,-1.538250,ndi
1786505412.468140,21.582966,-0.023780,-0.022920,-1.538250,ndi
1786505412.485541,21.600367,-0.023790,-0.022940,-1.538240,ndi
1786505412.503183,21.618008,-0.023790,-0.022940,-1.538260,ndi
1786505412.520715,21.635540,-0.023790,-0.022910,-1.538220,ndi
1786505412.535711,21.650537,-0.023790,-0.022920,-1.538240,ndi
1786505412.553143,21.667969,-0.023800,-0.022940,-1.538280,ndi
1786505412.570546,21.685372,-0.023790,-0.022940,-1.538250,ndi
1786505412.585557,21.700383,-0.023780,-0.022920,-1.538250,ndi
1786505412.603135,21.717961,-0.023790,-0.022920,-1.538250,ndi
1786505412.618230,21.733056,-0.023790,-0.022940,-1.538250,ndi
1786505412.635689,21.750514,-0.023790,-0.022940,-1.538260,ndi
1786505412.653175,21.768001,-0.023780,-0.022910,-1.538260,ndi
1786505412.668160,21.782986,-0.023790,-0.022930,-1.538260,ndi
1786505412.685539,21.800365,-0.023790,-0.022950,-1.538250,ndi
1786505412.703199,21.818025,-0.023790,-0.022930,-1.538260,ndi
1786505412.720727,21.835553,-0.023800,-0.022910,-1.538250,ndi
1786505412.735676,21.850502,-0.023790,-0.022930,-1.538250,ndi
1786505412.753177,21.868003,-0.023800,-0.022950,-1.538240,ndi
1786505412.770549,21.885375,-0.023790,-0.022930,-1.538250,ndi
1786505412.785579,21.900405,-0.023800,-0.022910,-1.538260,ndi
1786505412.803163,21.917989,-0.023800,-0.022940,-1.538240,ndi
1786505412.820686,21.935511,-0.023790,-0.022950,-1.538250,ndi
1786505412.835669,21.950495,-0.023800,-0.022930,-1.538260,ndi
1786505412.853130,21.967955,-0.023790,-0.022920,-1.538280,ndi
1786505412.870560,21.985386,-0.023810,-0.022950,-1.538260,ndi
1786505412.885595,22.000421,-0.023790,-0.022950,-1.538260,ndi
1786505412.903133,22.017958,-0.023800,-0.022920,-1.538270,ndi
1786505412.920755,22.035581,-0.023800,-0.022920,-1.538290,ndi
1786505412.935726,22.050552,-0.023790,-0.022940,-1.538270,ndi
1786505412.953200,22.068025,-0.023810,-0.022940,-1.538250,ndi
1786505412.970546,22.085372,-0.023800,-0.022920,-1.538260,ndi
1786505412.985549,22.100374,-0.023800,-0.022930,-1.538260,ndi
1786505413.003087,22.117912,-0.023810,-0.022940,-1.538250,ndi
1786505413.020575,22.135401,-0.023800,-0.022930,-1.538240,ndi
1786505413.035683,22.150509,-0.023810,-0.022930,-1.538240,ndi
1786505413.053189,22.168014,-0.023800,-0.022940,-1.538270,ndi
1786505413.068125,22.182951,-0.023810,-0.022950,-1.538250,ndi
1786505413.085527,22.200353,-0.023810,-0.022930,-1.538270,ndi
1786505413.103190,22.218016,-0.023810,-0.022920,-1.538250,ndi
1786505413.120689,22.235515,-0.023810,-0.022940,-1.538250,ndi
1786505413.135659,22.250485,-0.023810,-0.022940,-1.538260,ndi
1786505413.153197,22.268023,-0.023820,-0.022930,-1.538260,ndi
1786505413.170539,22.285365,-0.023800,-0.022930,-1.538250,ndi
1786505413.185538,22.300364,-0.023820,-0.022950,-1.538260,ndi
1786505413.203198,22.318023,-0.023820,-0.022930,-1.538240,ndi
1786505413.220570,22.335396,-0.023800,-0.022920,-1.538270,ndi
1786505413.235582,22.350407,-0.023810,-0.022940,-1.538260,ndi
1786505413.253167,22.367993,-0.023810,-0.022960,-1.538260,ndi
1786505413.268151,22.382977,-0.023810,-0.022940,-1.538270,ndi
1786505413.285537,22.400362,-0.023810,-0.022920,-1.538250,ndi
1786505413.303234,22.418060,-0.023810,-0.022940,-1.538260,ndi
1786505413.318249,22.433074,-0.023820,-0.022960,-1.538270,ndi
1786505413.335662,22.450488,-0.023820,-0.022940,-1.538260,ndi
1786505413.353217,22.468043,-0.023820,-0.022910,-1.538250,ndi
1786505413.370558,22.485384,-0.023820,-0.022940,-1.538260,ndi
1786505413.385579,22.500405,-0.023820,-0.022960,-1.538260,ndi
1786505413.403283,22.518108,-0.023820,-0.022930,-1.538250,ndi
1786505413.418244,22.533070,-0.023820,-0.022920,-1.538280,ndi
1786505413.435700,22.550525,-0.023810,-0.022940,-1.538250,ndi
1786505413.453213,22.568039,-0.023810,-0.022960,-1.538270,ndi
1786505413.468143,22.582969,-0.023820,-0.022930,-1.538250,ndi
1786505413.485540,22.600366,-0.023820,-0.022920,-1.538260,ndi
1786505413.503088,22.617913,-0.023810,-0.022950,-1.538240,ndi
1786505413.520807,22.635632,-0.023830,-0.022960,-1.538260,ndi
1786505413.535716,22.650542,-0.023820,-0.022930,-1.538240,ndi
1786505413.553181,22.668007,-0.023820,-0.022920,-1.538260,ndi
1786505413.570585,22.685411,-0.023820,-0.022950,-1.538280,ndi
1786505413.585575,22.700401,-0.023820,-0.022950,-1.538280,ndi
1786505413.603253,22.718079,-0.023830,-0.022930,-1.538250,ndi
1786505413.620661,22.735487,-0.023820,-0.022940,-1.538280,ndi
1786505413.635647,22.750473,-0.023820,-0.022950,-1.538250,ndi
1786505413.653121,22.767947,-0.023830,-0.022960,-1.538270,ndi
1786505413.668080,22.782905,-0.023820,-0.022930,-1.538270,ndi
1786505413.685561,22.800387,-0.023820,-0.022940,-1.538260,ndi
1786505413.703226,22.818051,-0.023830,-0.022950,-1.538280,ndi
1786505413.718299,22.833124,-0.023840,-0.022950,-1.538270,ndi
1786505413.735762,22.850588,-0.023820,-0.022940,-1.538270,ndi
1786505413.753209,22.868035,-0.023830,-0.022940,-1.538260,ndi
1786505413.770603,22.885428,-0.023830,-0.022950,-1.538270,ndi
1786505413.785576,22.900402,-0.023820,-0.022950,-1.538260,ndi
1786505413.803118,22.917943,-0.023830,-0.022940,-1.538280,ndi
1786505413.820665,22.935491,-0.023820,-0.022950,-1.538260,ndi
1786505413.835658,22.950484,-0.023830,-0.022950,-1.538270,ndi
1786505413.853174,22.968000,-0.023830,-0.022950,-1.538280,ndi
1786505413.870586,22.985412,-0.023820,-0.022940,-1.538270,ndi
1786505413.885583,23.000409,-0.023830,-0.022950,-1.538280,ndi
1786505413.903291,23.018117,-0.023830,-0.022950,-1.538270,ndi
1786505413.920785,23.035611,-0.023840,-0.022950,-1.538260,ndi
1786505413.935776,23.050601,-0.023830,-0.022960,-1.538280,ndi
1786505413.953203,23.068029,-0.023830,-0.022950,-1.538270,ndi
1786505413.968149,23.082974,-0.023830,-0.022940,-1.538270,ndi
1786505413.985572,23.100397,-0.023830,-0.022950,-1.538280,ndi
1786505414.003253,23.118078,-0.023840,-0.022960,-1.538270,ndi
1786505414.020711,23.135537,-0.023830,-0.022950,-1.538280,ndi
1786505414.035690,23.150516,-0.023830,-0.022940,-1.538250,ndi
1786505414.053213,23.168039,-0.023830,-0.022950,-1.538280,ndi
1786505414.068198,23.183024,-0.023830,-0.022960,-1.538260,ndi
1786505414.085562,23.200388,-0.023840,-0.022950,-1.538270,ndi
1786505414.103232,23.218057,-0.023840,-0.022950,-1.538290,ndi
1786505414.118298,23.233123,-0.023840,-0.022970,-1.538290,ndi
1786505414.135678,23.250504,-0.023840,-0.022960,-1.538290,ndi
1786505414.153205,23.268030,-0.023840,-0.022940,-1.538270,ndi
1786505414.170570,23.285396,-0.023830,-0.022950,-1.538290,ndi
1786505414.185562,23.300388,-0.023840,-0.022980,-1.538280,ndi
1786505414.203248,23.318074,-0.023840,-0.022960,-1.538280,ndi
1786505414.220678,23.335504,-0.023830,-0.022940,-1.538280,ndi
1786505414.235610,23.350436,-0.023840,-0.022950,-1.538280,ndi
1786505414.253090,23.367916,-0.023830,-0.022970,-1.538280,ndi
1786505414.268176,23.383001,-0.023840,-0.022960,-1.538280,ndi
1786505414.285580,23.400406,-0.023830,-0.022940,-1.538290,ndi
1786505414.303229,23.418054,-0.023850,-0.022950,-1.538290,ndi
1786505414.320710,23.435535,-0.023840,-0.022980,-1.538290,ndi
1786505414.335706,23.450531,-0.023830,-0.022960,-1.538290,ndi
1786505414.353244,23.468069,-0.023840,-0.022940,-1.538280,ndi
1786505414.370601,23.485426,-0.023840,-0.022950,-1.538270,ndi
1786505414.385602,23.500428,-0.023850,-0.022980,-1.538270,ndi
1786505414.403117,23.517943,-0.023830,-0.022970,-1.538250,ndi
1786505414.420784,23.535610,-0.023830,-0.022930,-1.538270,ndi
1786505414.435733,23.550559,-0.023850,-0.022950,-1.538290,ndi
1786505414.453219,23.568044,-0.023840,-0.022980,-1.538290,ndi
1786505414.470575,23.585401,-0.023840,-0.022960,-1.538280,ndi
1786505414.485577,23.600403,-0.023830,-0.022930,-1.538260,ndi
1786505414.503186,23.618012,-0.023850,-0.022950,-1.538260,ndi
1786505414.518426,23.633252,-0.023840,-0.022980,-1.538260,ndi
1786505414.535690,23.650516,-0.023840,-0.022960,-1.538260,ndi
1786505414.553237,23.668063,-0.023850,-0.022940,-1.538270,ndi
1786505414.570574,23.685400,-0.023840,-0.022960,-1.538260,ndi
1786505414.585581,23.700406,-0.023840,-0.022970,-1.538250,ndi
1786505414.603101,23.717927,-0.023840,-0.022950,-1.538240,ndi
1786505414.618370,23.733196,-0.023840,-0.022930,-1.538250,ndi
1786505414.635659,23.750485,-0.023850,-0.022960,-1.538270,ndi
1786505414.653251,23.768077,-0.023850,-0.022980,-1.538230,ndi
1786505414.668090,23.782915,-0.023850,-0.022960,-1.538270,ndi
1786505414.685575,23.800401,-0.023850,-0.022940,-1.538240,ndi
1786505414.703232,23.818057,-0.023860,-0.022960,-1.538250,ndi
1786505414.720736,23.835562,-0.023840,-0.022970,-1.538270,ndi
1786505414.735739,23.850565,-0.023850,-0.022950,-1.538260,ndi
1786505414.753211,23.868037,-0.023850,-0.022950,-1.538260,ndi
1786505414.770564,23.885389,-0.023850,-0.022970,-1.538250,ndi
1786505414.785582,23.900408,-0.023860,-0.022970,-1.538270,ndi
1786505414.803276,23.918102,-0.023850,-0.022950,-1.538280,ndi
1786505414.820722,23.935548,-0.023860,-0.022950,-1.538270,ndi
1786505414.835758,23.950583,-0.023850,-0.022970,-1.538270,ndi
1786505414.853236,23.968061,-0.023860,-0.022970,-1.538270,ndi
1786505414.868086,23.982911,-0.023850,-0.022950,-1.538280,ndi
1786505414.885603,24.000429,-0.023850,-0.022950,-1.538270,ndi
1786505414.903255,24.018081,-0.023850,-0.022970,-1.538290,ndi
1786505414.920750,24.035576,-0.023850,-0.022960,-1.538290,ndi
1786505414.935759,24.050585,-0.023860,-0.022950,-1.538280,ndi
1786505414.953258,24.068083,-0.023850,-0.022960,-1.538290,ndi
1786505414.970579,24.085404,-0.023850,-0.022970,-1.538280,ndi
1786505414.985578,24.100404,-0.023850,-0.022960,-1.538270,ndi
1786505415.003301,24.118127,-0.023850,-0.022950,-1.538280,ndi
1786505415.020751,24.135576,-0.023860,-0.022960,-1.538270,ndi
1786505415.035744,24.150570,-0.023850,-0.022970,-1.538270,ndi
1786505415.053241,24.168067,-0.023850,-0.022960,-1.538280,ndi
1786505415.068119,24.182944,-0.023850,-0.022950,-1.538260,ndi
1786505415.085579,24.200405,-0.023860,-0.022960,-1.538290,ndi
1786505415.103255,24.218081,-0.023860,-0.022970,-1.538280,ndi
1786505415.118311,24.233136,-0.023850,-0.022960,-1.538300,ndi
1786505415.135693,24.250518,-0.023850,-0.022960,-1.538290,ndi
1786505415.153256,24.268082,-0.023860,-0.022960,-1.538280,ndi
1786505415.168118,24.282944,-0.023850,-0.022970,-1.538290,ndi
1786505415.185563,24.300388,-0.023840,-0.022960,-1.538270,ndi
1786505415.203287,24.318113,-0.023850,-0.022960,-1.538280,ndi
1786505415.220749,24.335575,-0.023850,-0.022970,-1.538280,ndi
1786505415.235761,24.350587,-0.023860,-0.022970,-1.538260,ndi
1786505415.253219,24.368045,-0.023860,-0.022970,-1.538280,ndi
1786505415.268102,24.382927,-0.023860,-0.022970,-1.538270,ndi
1786505415.285573,24.400398,-0.023860,-0.022960,-1.538290,ndi
1786505415.303258,24.418084,-0.023860,-0.022970,-1.538290,ndi
1786505415.320805,24.435631,-0.023860,-0.022970,-1.538290,ndi
1786505415.335752,24.450578,-0.023850,-0.022970,-1.538290,ndi
1786505415.353223,24.468049,-0.023860,-0.022970,-1.538270,ndi
1786505415.370567,24.485393,-0.023860,-0.022960,-1.538300,ndi
1786505415.385592,24.500418,-0.023850,-0.022970,-1.538260,ndi
1786505415.403241,24.518067,-0.023860,-0.022970,-1.538290,ndi
1786505415.418244,24.533070,-0.023860,-0.022960,-1.538260,ndi
1786505415.435671,24.550497,-0.023860,-0.022960,-1.538280,ndi
1786505415.453148,24.567974,-0.023860,-0.022980,-1.538290,ndi
1786505415.468070,24.582896,-0.023870,-0.022980,-1.538290,ndi
1786505415.485569,24.600395,-0.023860,-0.022960,-1.538300,ndi
1786505415.503246,24.618072,-0.023860,-0.022960,-1.538270,ndi
1786505415.520752,24.635578,-0.023860,-0.022980,-1.538280,ndi
1786505415.535721,24.650547,-0.023860,-0.022980,-1.538290,ndi
1786505415.553234,24.668060,-0.023870,-0.022960,-1.538260,ndi
1786505415.568115,24.682941,-0.023860,-0.022960,-1.538290,ndi
1786505415.585609,24.700435,-0.023860,-0.022980,-1.538270,ndi
1786505415.603100,24.717925,-0.023870,-0.022970,-1.538290,ndi
1786505415.618328,24.733154,-0.023860,-0.022960,-1.538280,ndi
1786505415.635786,24.750612,-0.023870,-0.022970,-1.538270,ndi
1786505415.653214,24.768040,-0.023870,-0.022980,-1.538290,ndi
1786505415.668121,24.782947,-0.023860,-0.022980,-1.538290,ndi
1786505415.685599,24.800424,-0.023860,-0.022960,-1.538250,ndi
1786505415.703254,24.818080,-0.023870,-0.022970,-1.538290,ndi
1786505415.720809,24.835635,-0.023860,-0.022980,-1.538280,ndi
1786505415.735718,24.850543,-0.023860,-0.022970,-1.538290,ndi
1786505415.753186,24.868011,-0.023860,-0.022960,-1.538300,ndi
1786505415.768120,24.882946,-0.023860,-0.022980,-1.538300,ndi
1786505415.785609,24.900434,-0.023870,-0.022980,-1.538300,ndi
1786505415.803162,24.917988,-0.023860,-0.022960,-1.538310,ndi
1786505415.820619,24.935445,-0.023860,-0.022960,-1.538260,ndi
1786505415.835651,24.950477,-0.023870,-0.022980,-1.538280,ndi
1786505415.853215,24.968041,-0.023860,-0.022990,-1.538300,ndi
1786505415.868099,24.982925,-0.023870,-0.022960,-1.538310,ndi
1786505415.885583,25.000408,-0.023870,-0.022960,-1.538280,ndi
1786505415.903289,25.018115,-0.023870,-0.022980,-1.538290,ndi
1786505415.918274,25.033100,-0.023870,-0.022980,-1.538280,ndi
1786505415.935718,25.050544,-0.023880,-0.022960,-1.538270,ndi
1786505415.953150,25.067976,-0.023870,-0.022960,-1.538300,ndi
1786505415.968252,25.083078,-0.023860,-0.022990,-1.538280,ndi
1786505415.985598,25.100424,-0.023870,-0.022980,-1.538290,ndi
1786505416.003136,25.117962,-0.023860,-0.022960,-1.538280,ndi
1786505416.020633,25.135458,-0.023870,-0.022960,-1.538290,ndi
1786505416.035772,25.150598,-0.023870,-0.022980,-1.538290,ndi
1786505416.053262,25.168087,-0.023880,-0.022980,-1.538270,ndi
1786505416.070609,25.185434,-0.023880,-0.022960,-1.538280,ndi
1786505416.085619,25.200445,-0.023870,-0.022960,-1.538290,ndi
1786505416.103271,25.218097,-0.023870,-0.022980,-1.538300,ndi
1786505416.120751,25.235577,-0.023860,-0.022980,-1.538300,ndi
1786505416.135751,25.250576,-0.023880,-0.022970,-1.538290,ndi
1786505416.153263,25.268088,-0.023870,-0.022970,-1.538320,ndi
1786505416.170609,25.285435,-0.023870,-0.022980,-1.538290,ndi
1786505416.185585,25.300411,-0.023880,-0.022980,-1.538310,ndi
1786505416.203233,25.318059,-0.023870,-0.022960,-1.538280,ndi
1786505416.220771,25.335596,-0.023880,-0.022960,-1.538300,ndi
1786505416.235730,25.350556,-0.023880,-0.022980,-1.538290,ndi
1786505416.253245,25.368070,-0.023880,-0.022990,-1.538290,ndi
1786505416.270599,25.385424,-0.023880,-0.022960,-1.538300,ndi
1786505416.285595,25.400420,-0.023870,-0.022960,-1.538290,ndi
1786505416.303264,25.418089,-0.023880,-0.022980,-1.538320,ndi
1786505416.320753,25.435579,-0.023880,-0.022980,-1.538280,ndi
1786505416.335759,25.450584,-0.023870,-0.022970,-1.538310,ndi
1786505416.353304,25.468130,-0.023870,-0.022970,-1.538290,ndi
1786505416.370587,25.485413,-0.023870,-0.022980,-1.538280,ndi
1786505416.385632,25.500458,-0.023880,-0.022980,-1.538280,ndi
1786505416.403208,25.518034,-0.023880,-0.022970,-1.538290,ndi
1786505416.420731,25.535557,-0.023870,-0.022970,-1.538290,ndi
1786505416.435797,25.550623,-0.023880,-0.022980,-1.538310,ndi
1786505416.453273,25.568099,-0.023890,-0.022980,-1.538290,ndi
1786505416.468170,25.582996,-0.023880,-0.022970,-1.538310,ndi
1786505416.485636,25.600461,-0.023870,-0.022970,-1.538310,ndi
1786505416.503347,25.618173,-0.023880,-0.022990,-1.538280,ndi
1786505416.520826,25.635652,-0.023870,-0.022980,-1.538300,ndi
1786505416.535806,25.650632,-0.023890,-0.022970,-1.538280,ndi
1786505416.553257,25.668083,-0.023880,-0.022980,-1.538290,ndi
1786505416.568323,25.683149,-0.023870,-0.022980,-1.538280,ndi
1786505416.585643,25.700469,-0.023880,-0.022980,-1.538300,ndi
1786505416.603180,25.718006,-0.023890,-0.022970,-1.538310,ndi
1786505416.618219,25.733045,-0.023880,-0.022980,-1.538300,ndi
1786505416.635860,25.750686,-0.023880,-0.022990,-1.538320,ndi
1786505416.653184,25.768010,-0.023880,-0.022980,-1.538310,ndi
1786505416.670640,25.785465,-0.023880,-0.022970,-1.538280,ndi
1786505416.685623,25.800448,-0.023880,-0.022980,-1.538280,ndi
1786505416.703364,25.818190,-0.023890,-0.022980,-1.538310,ndi
1786505416.720777,25.835602,-0.023890,-0.022980,-1.538320,ndi
1786505416.735870,25.850696,-0.023880,-0.022980,-1.538300,ndi
1786505416.753294,25.868119,-0.023880,-0.022980,-1.538300,ndi
1786505416.770607,25.885433,-0.023890,-0.022980,-1.538310,ndi
1786505416.785644,25.900470,-0.023880,-0.022980,-1.538280,ndi
1786505416.803167,25.917993,-0.023880,-0.022980,-1.538300,ndi
1786505416.818464,25.933290,-0.023890,-0.022980,-1.538290,ndi
1786505416.835778,25.950603,-0.023890,-0.022990,-1.538290,ndi
1786505416.853281,25.968107,-0.023880,-0.022980,-1.538300,ndi
1786505416.868140,25.982966,-0.023890,-0.022970,-1.538290,ndi
1786505416.885646,26.000471,-0.023870,-0.022980,-1.538280,ndi
1786505416.903344,26.018170,-0.023880,-0.022980,-1.538290,ndi
1786505416.918246,26.033072,-0.023890,-0.022990,-1.538300,ndi
1786505416.935724,26.050550,-0.023880,-0.022970,-1.538290,ndi
1786505416.953230,26.068056,-0.023880,-0.022970,-1.538290,ndi
1786505416.968329,26.083155,-0.023880,-0.022980,-1.538290,ndi
1786505416.985655,26.100481,-0.023890,-0.022980,-1.538280,ndi
1786505417.003213,26.118039,-0.023890,-0.022980,-1.538290,ndi
1786505417.018296,26.133122,-0.023880,-0.022980,-1.538270,ndi
1786505417.035708,26.150534,-0.023890,-0.022980,-1.538310,ndi
1786505417.053173,26.167999,-0.023890,-0.022980,-1.538280,ndi
1786505417.068228,26.183053,-0.023890,-0.022980,-1.538300,ndi
1786505417.085639,26.200465,-0.023890,-0.022980,-1.538290,ndi
1786505417.103265,26.218091,-0.023890,-0.022980,-1.538260,ndi
1786505417.120801,26.235626,-0.023890,-0.022980,-1.538300,ndi
1786505417.135811,26.250636,-0.023880,-0.022980,-1.538280,ndi
1786505417.153287,26.268112,-0.023880,-0.022980,-1.538300,ndi
1786505417.170652,26.285478,-0.023880,-0.022970,-1.538290,ndi
1786505417.185644,26.300470,-0.023890,-0.022970,-1.538300,ndi
1786505417.203392,26.318218,-0.023890,-0.022990,-1.538290,ndi
1786505417.220892,26.335718,-0.023880,-0.022990,-1.538320,ndi
1786505417.235836,26.350662,-0.023900,-0.022970,-1.538290,ndi
1786505417.253288,26.368114,-0.023890,-0.022970,-1.538270,ndi
1786505417.268244,26.383070,-0.023880,-0.022990,-1.538290,ndi
1786505417.285623,26.400448,-0.023890,-0.022990,-1.538270,ndi
1786505417.303300,26.418125,-0.023900,-0.022970,-1.538290,ndi
1786505417.318308,26.433134,-0.023890,-0.022980,-1.538270,ndi
1786505417.335840,26.450665,-0.023890,-0.022990,-1.538280,ndi
1786505417.353328,26.468154,-0.023880,-0.022980,-1.538270,ndi
1786505417.370615,26.485440,-0.023890,-0.022970,-1.538280,ndi
1786505417.385627,26.500453,-0.023900,-0.022980,-1.538280,ndi
1786505417.403301,26.518127,-0.023900,-0.022990,-1.538280,ndi
1786505417.420708,26.535534,-0.023890,-0.022990,-1.538300,ndi
1786505417.435788,26.550613,-0.023890,-0.022970,-1.538270,ndi
1786505417.453291,26.568117,-0.023890,-0.022970,-1.538280,ndi
1786505417.468214,26.583039,-0.023890,-0.022990,-1.538290,ndi
1786505417.485609,26.600435,-0.023890,-0.022980,-1.538270,ndi
1786505417.503326,26.618152,-0.023900,-0.022970,-1.538300,ndi
1786505417.520764,26.635590,-0.023890,-0.022980,-1.538270,ndi
1786505417.535855,26.650681,-0.023890,-0.023000,-1.538270,ndi
1786505417.553264,26.668090,-0.023890,-0.022980,-1.538300,ndi
1786505417.568238,26.683064,-0.023890,-0.022960,-1.538290,ndi
1786505417.585630,26.700455,-0.023880,-0.022980,-1.538290,ndi
1786505417.603292,26.718118,-0.023900,-0.022990,-1.538270,ndi
1786505417.620760,26.735586,-0.023890,-0.022980,-1.538290,ndi
1786505417.635770,26.750596,-0.023890,-0.022970,-1.538290,ndi
1786505417.653300,26.768126,-0.023900,-0.022980,-1.538290,ndi
1786505417.670615,26.785440,-0.023890,-0.022990,-1.538290,ndi
1786505417.685618,26.800443,-0.023900,-0.022980,-1.538290,ndi
1786505417.703275,26.818100,-0.023900,-0.022970,-1.538280,ndi
1786505417.718270,26.833096,-0.023890,-0.022990,-1.538280,ndi
1786505417.735842,26.850668,-0.023890,-0.022990,-1.538300,ndi
1786505417.753164,26.867990,-0.023900,-0.022980,-1.538290,ndi
1786505417.768204,26.883029,-0.023900,-0.022970,-1.538280,ndi
1786505417.785650,26.900476,-0.023890,-0.022980,-1.538320,ndi
1786505417.803182,26.918008,-0.023900,-0.023000,-1.538310,ndi
1786505417.818172,26.932998,-0.023890,-0.022990,-1.538280,ndi
1786505417.835781,26.950607,-0.023900,-0.022970,-1.538290,ndi
1786505417.853281,26.968106,-0.023900,-0.022990,-1.538290,ndi
1786505417.868244,26.983070,-0.023890,-0.023000,-1.538300,ndi
1786505417.885634,27.000460,-0.023900,-0.022980,-1.538300,ndi
1786505417.903150,27.017976,-0.023900,-0.022970,-1.538300,ndi
1786505417.918426,27.033252,-0.023890,-0.022990,-1.538290,ndi
1786505417.935751,27.050576,-0.023890,-0.023000,-1.538290,ndi
1786505417.953322,27.068148,-0.023890,-0.022980,-1.538280,ndi
1786505417.968266,27.083091,-0.023900,-0.022970,-1.538290,ndi
1786505417.985674,27.100500,-0.023900,-0.022990,-1.538280,ndi
1786505418.003363,27.118189,-0.023910,-0.023000,-1.538300,ndi
1786505418.020818,27.135644,-0.023890,-0.022970,-1.538300,ndi
1786505418.035839,27.150664,-0.023900,-0.022970,-1.538280,ndi
1786505418.053293,27.168119,-0.023900,-0.022990,-1.538290,ndi
1786505418.070674,27.185500,-0.023900,-0.023000,-1.538260,ndi
1786505418.085675,27.200500,-0.023900,-0.022980,-1.538300,ndi
1786505418.103346,27.218172,-0.023910,-0.022970,-1.538310,ndi
1786505418.118411,27.233237,-0.023890,-0.022990,-1.538280,ndi
1786505418.135797,27.250623,-0.023900,-0.022990,-1.538280,ndi
1786505418.153312,27.268137,-0.023900,-0.022970,-1.538290,ndi
1786505418.168272,27.283098,-0.023900,-0.022980,-1.538300,ndi
1786505418.185695,27.300520,-0.023900,-0.023000,-1.538280,ndi
1786505418.203269,27.318094,-0.023890,-0.022990,-1.538290,ndi
1786505418.220690,27.335516,-0.023900,-0.022970,-1.538300,ndi
1786505418.235679,27.350505,-0.023910,-0.022980,-1.538310,ndi
1786505418.253217,27.368043,-0.023900,-0.023000,-1.538270,ndi
1786505418.268208,27.383034,-0.023910,-0.022990,-1.538260,ndi
1786505418.285654,27.400480,-0.023900,-0.022970,-1.538290,ndi
1786505418.303304,27.418130,-0.023900,-0.022980,-1.538300,ndi
1786505418.318438,27.433263,-0.023900,-0.023000,-1.538310,ndi
1786505418.335799,27.450625,-0.023900,-0.022980,-1.538260,ndi
1786505418.353422,27.468248,-0.023910,-0.022980,-1.538280,ndi
1786505418.368251,27.483077,-0.023900,-0.022990,-1.538280,ndi
1786505418.385668,27.500494,-0.023910,-0.023000,-1.538300,ndi
1786505418.403172,27.517998,-0.023900,-0.022980,-1.538300,ndi
1786505418.418245,27.533071,-0.023900,-0.022980,-1.538280,ndi
1786505418.435732,27.550558,-0.023910,-0.022990,-1.538300,ndi
1786505418.453182,27.568008,-0.023900,-0.023000,-1.538290,ndi
1786505418.468207,27.583033,-0.023910,-0.022980,-1.538310,ndi
1786505418.485644,27.600470,-0.023900,-0.022980,-1.538300,ndi
1786505418.503160,27.617986,-0.023900,-0.022990,-1.538320,ndi
1786505418.518439,27.633265,-0.023890,-0.022990,-1.538320,ndi
1786505418.535779,27.650605,-0.023900,-0.022990,-1.538290,ndi
1786505418.553271,27.668097,-0.023910,-0.022980,-1.538290,ndi
1786505418.568240,27.683066,-0.023900,-0.022990,-1.538280,ndi
1786505418.585674,27.700500,-0.023910,-0.022990,-1.538310,ndi
1786505418.603189,27.718014,-0.023920,-0.022980,-1.538280,ndi
1786505418.618254,27.733080,-0.023910,-0.022980,-1.538300,ndi
1786505418.635723,27.750549,-0.023920,-0.022980,-1.538290,ndi
1786505418.653180,27.768006,-0.023920,-0.022970,-1.538310,ndi
1786505418.668205,27.783031,-0.023940,-0.022960,-1.538320,ndi
1786505418.685629,27.800455,-0.023950,-0.022960,-1.538340,ndi
1786505418.703277,27.818103,-0.023930,-0.022960,-1.538360,ndi
1786505418.718461,27.833287,-0.023930,-0.022950,-1.538340,ndi
1786505418.735882,27.850708,-0.023950,-0.022940,-1.538350,ndi
1786505418.753356,27.868182,-0.023950,-0.022940,-1.538370,ndi
1786505418.768259,27.883084,-0.023960,-0.022930,-1.538370,ndi
1786505418.785672,27.900498,-0.023960,-0.022920,-1.538380,ndi
1786505418.803235,27.918061,-0.023960,-0.022910,-1.538400,ndi
1786505418.818328,27.933154,-0.023970,-0.022910,-1.538410,ndi
1786505418.835729,27.950555,-0.023980,-0.022890,-1.538440,ndi
1786505418.853239,27.968065,-0.023980,-0.022870,-1.538460,ndi
1786505418.868236,27.983061,-0.023970,-0.022870,-1.538440,ndi
1786505418.885618,28.000444,-0.023980,-0.022880,-1.538460,ndi
1786505418.903418,28.018243,-0.023980,-0.022850,-1.538460,ndi
1786505418.920829,28.035655,-0.023990,-0.022840,-1.538480,ndi
1786505418.935857,28.050682,-0.024000,-0.022840,-1.538500,ndi
1786505418.953253,28.068079,-0.024000,-0.022820,-1.538520,ndi
1786505418.968231,28.083057,-0.024000,-0.022800,-1.538540,ndi
1786505418.985679,28.100505,-0.024020,-0.022780,-1.538580,ndi
1786505419.003210,28.118036,-0.024020,-0.022770,-1.538600,ndi
1786505419.020880,28.135706,-0.024030,-0.022740,-1.538620,ndi
1786505419.035858,28.150684,-0.024040,-0.022700,-1.538650,ndi
1786505419.053290,28.168116,-0.024050,-0.022670,-1.538700,ndi
1786505419.068261,28.183087,-0.024050,-0.022650,-1.538760,ndi
1786505419.085625,28.200451,-0.024080,-0.022600,-1.538790,ndi
1786505419.103315,28.218140,-0.024090,-0.022530,-1.538840,ndi
1786505419.120895,28.235720,-0.024120,-0.022490,-1.538910,ndi
1786505419.135828,28.250654,-0.024140,-0.022450,-1.538960,ndi
1786505419.153323,28.268149,-0.024150,-0.022410,-1.538970,ndi
1786505419.168250,28.283076,-0.024160,-0.022360,-1.539050,ndi
1786505419.185649,28.300475,-0.024180,-0.022320,-1.539120,ndi
1786505419.203228,28.318054,-0.024210,-0.022260,-1.539180,ndi
1786505419.218292,28.333117,-0.024220,-0.022190,-1.539250,ndi
1786505419.235718,28.350544,-0.024250,-0.022090,-1.539430,ndi
1786505419.253182,28.368007,-0.024270,-0.022040,-1.539470,ndi
1786505419.268206,28.383031,-0.024290,-0.022010,-1.539570,ndi
1786505419.285664,28.400490,-0.024280,-0.021970,-1.539590,ndi
1786505419.303259,28.418084,-0.024300,-0.021890,-1.539670,ndi
1786505419.320876,28.435702,-0.024330,-0.021850,-1.539750,ndi
1786505419.335836,28.450662,-0.024320,-0.021810,-1.539810,ndi
1786505419.353379,28.468204,-0.024350,-0.021750,-1.539870,ndi
1786505419.368275,28.483101,-0.024370,-0.021700,-1.539940,ndi
1786505419.385693,28.500518,-0.024380,-0.021660,-1.540030,ndi
1786505419.403202,28.518028,-0.024400,-0.021580,-1.540080,ndi
1786505419.418266,28.533092,-0.024400,-0.021530,-1.540140,ndi
1786505419.435855,28.550681,-0.024410,-0.021500,-1.540200,ndi
1786505419.453264,28.568090,-0.024420,-0.021480,-1.540220,ndi
1786505419.468225,28.583051,-0.024430,-0.021440,-1.540270,ndi
1786505419.485694,28.600520,-0.024430,-0.021380,-1.540330,ndi
1786505419.503226,28.618052,-0.024450,-0.021350,-1.540390,ndi
1786505419.520902,28.635728,-0.024460,-0.021280,-1.540510,ndi
1786505419.535899,28.650725,-0.024460,-0.021230,-1.540570,ndi
1786505419.553361,28.668187,-0.024480,-0.021180,-1.540650,ndi
1786505419.568278,28.683104,-0.024470,-0.021140,-1.540680,ndi
1786505419.585669,28.700495,-0.024480,-0.021100,-1.540750,ndi
1786505419.603219,28.718045,-0.024500,-0.021030,-1.540820,ndi
1786505419.620909,28.735735,-0.024500,-0.020940,-1.540930,ndi
1786505419.635931,28.750757,-0.024510,-0.020890,-1.541010,ndi
1786505419.653546,28.768372,-0.024530,-0.020860,-1.541080,ndi
1786505419.668312,28.783137,-0.024520,-0.020780,-1.541160,ndi
1786505419.685699,28.800524,-0.024540,-0.020710,-1.541220,ndi
1786505419.703187,28.818013,-0.024540,-0.020640,-1.541310,ndi
1786505419.718456,28.833282,-0.024550,-0.020610,-1.541390,ndi
1786505419.735764,28.850589,-0.024560,-0.020530,-1.541490,ndi
1786505419.753230,28.868056,-0.024560,-0.020450,-1.541590,ndi
1786505419.768243,28.883068,-0.024570,-0.020400,-1.541670,ndi
1786505419.785666,28.900491,-0.024560,-0.020340,-1.541750,ndi
1786505419.803215,28.918040,-0.024570,-0.020230,-1.541890,ndi
1786505419.818339,28.933165,-0.024570,-0.020180,-1.541970,ndi
1786505419.835898,28.950724,-0.024550,-0.020120,-1.542050,ndi
1786505419.853380,28.968205,-0.024580,-0.020090,-1.542120,ndi
1786505419.868356,28.983181,-0.024560,-0.020050,-1.542220,ndi
1786505419.885674,29.000499,-0.024560,-0.019980,-1.542230,ndi
1786505419.903231,29.018057,-0.024580,-0.019940,-1.542320,ndi
1786505419.921167,29.035993,-0.024570,-0.019880,-1.542400,ndi
1786505419.935888,29.050714,-0.024570,-0.019840,-1.542450,ndi
1786505419.953355,29.068181,-0.024560,-0.019750,-1.542550,ndi
1786505419.968322,29.083148,-0.024570,-0.019710,-1.542560,ndi
1786505419.985680,29.100506,-0.024550,-0.019660,-1.542640,ndi
1786505420.003257,29.118083,-0.024540,-0.019630,-1.542690,ndi
1786505420.020908,29.135734,-0.024560,-0.019610,-1.542700,ndi
1786505420.035863,29.150688,-0.024560,-0.019590,-1.542730,ndi
1786505420.053393,29.168219,-0.024550,-0.019540,-1.542840,ndi
1786505420.068351,29.183177,-0.024530,-0.019500,-1.542850,ndi
1786505420.085681,29.200507,-0.024540,-0.019440,-1.542930,ndi
1786505420.103364,29.218190,-0.024530,-0.019380,-1.543010,ndi
1786505420.118454,29.233279,-0.024520,-0.019350,-1.543100,ndi
1786505420.135921,29.250747,-0.024530,-0.019300,-1.543140,ndi
1786505420.153305,29.268131,-0.024520,-0.019240,-1.543230,ndi
1786505420.168296,29.283122,-0.024500,-0.019200,-1.543280,ndi
1786505420.185722,29.300547,-0.024500,-0.019150,-1.543400,ndi
1786505420.203317,29.318142,-0.024480,-0.019080,-1.543480,ndi
1786505420.218405,29.333230,-0.024470,-0.019050,-1.543490,ndi
1786505420.235891,29.350716,-0.024470,-0.018970,-1.543620,ndi
1786505420.253484,29.368310,-0.024460,-0.018920,-1.543660,ndi
1786505420.268357,29.383183,-0.024440,-0.018880,-1.543730,ndi
1786505420.285732,29.400558,-0.024440,-0.018820,-1.543790,ndi
1786505420.303336,29.418162,-0.024420,-0.018760,-1.543860,ndi
1786505420.320835,29.435661,-0.024420,-0.018720,-1.543920,ndi
1786505420.335875,29.450701,-0.024400,-0.018670,-1.543970,ndi
1786505420.353348,29.468174,-0.024390,-0.018590,-1.544080,ndi
1786505420.370682,29.485508,-0.024360,-0.018500,-1.544200,ndi
1786505420.385716,29.500542,-0.024350,-0.018470,-1.544260,ndi
1786505420.403243,29.518068,-0.024330,-0.018440,-1.544290,ndi
1786505420.418323,29.533149,-0.024330,-0.018390,-1.544350,ndi
1786505420.435856,29.550682,-0.024330,-0.018340,-1.544370,ndi
1786505420.453331,29.568157,-0.024290,-0.018320,-1.544450,ndi
1786505420.470676,29.585502,-0.024280,-0.018280,-1.544500,ndi
1786505420.485728,29.600554,-0.024280,-0.018210,-1.544570,ndi
1786505420.503266,29.618092,-0.024260,-0.018150,-1.544670,ndi
1786505420.520887,29.635713,-0.024250,-0.018120,-1.544740,ndi
1786505420.535895,29.650721,-0.024230,-0.018070,-1.544800,ndi
1786505420.553320,29.668146,-0.024210,-0.018010,-1.544850,ndi
1786505420.568310,29.683136,-0.024200,-0.017980,-1.544880,ndi
1786505420.585708,29.700534,-0.024200,-0.018000,-1.544890,ndi
1786505420.603231,29.718056,-0.024190,-0.017960,-1.544940,ndi
1786505420.618286,29.733112,-0.024180,-0.017890,-1.545010,ndi
1786505420.635744,29.750570,-0.024170,-0.017850,-1.545080,ndi
1786505420.653349,29.768175,-0.024130,-0.017840,-1.545140,ndi
1786505420.670729,29.785555,-0.024140,-0.017790,-1.545200,ndi
1786505420.685715,29.800541,-0.024120,-0.017730,-1.545220,ndi
1786505420.703362,29.818188,-0.024100,-0.017690,-1.545270,ndi
1786505420.720861,29.835687,-0.024080,-0.017670,-1.545360,ndi
1786505420.735842,29.850668,-0.024070,-0.017630,-1.545390,ndi
1786505420.753241,29.868067,-0.024040,-0.017540,-1.545450,ndi
1786505420.770739,29.885565,-0.024030,-0.017510,-1.545520,ndi
1786505420.785725,29.900551,-0.024000,-0.017490,-1.545580,ndi
1786505420.803225,29.918051,-0.023970,-0.017410,-1.545700,ndi
1786505420.818386,29.933212,-0.023960,-0.017350,-1.545700,ndi
1786505420.835849,29.950675,-0.023920,-0.017300,-1.545870,ndi
1786505420.853359,29.968185,-0.023900,-0.017280,-1.545870,ndi
1786505420.868425,29.983251,-0.023900,-0.017230,-1.545960,ndi
1786505420.885740,30.000565,-0.023840,-0.017130,-1.546040,ndi
1786505420.903254,30.018080,-0.023820,-0.017100,-1.546110,ndi
1786505420.918272,30.033098,-0.023800,-0.017070,-1.546180,ndi
1786505420.935857,30.050682,-0.023750,-0.016990,-1.546260,ndi
1786505420.953375,30.068200,-0.023720,-0.016910,-1.546320,ndi
1786505420.970732,30.085558,-0.023700,-0.016880,-1.546390,ndi
1786505420.985723,30.100549,-0.023700,-0.016880,-1.546400,ndi
1786505421.003276,30.118101,-0.023650,-0.016800,-1.546470,ndi
1786505421.018374,30.133200,-0.023630,-0.016760,-1.546520,ndi
1786505421.035790,30.150616,-0.023600,-0.016720,-1.546590,ndi
1786505421.053298,30.168123,-0.023570,-0.016710,-1.546640,ndi
1786505421.068304,30.183130,-0.023550,-0.016630,-1.546720,ndi
1786505421.085739,30.200565,-0.023520,-0.016540,-1.546800,ndi
1786505421.103319,30.218145,-0.023490,-0.016510,-1.546870,ndi
1786505421.118375,30.233201,-0.023450,-0.016500,-1.546940,ndi
1786505421.135946,30.250772,-0.023450,-0.016450,-1.546970,ndi
1786505421.153402,30.268228,-0.023450,-0.016420,-1.546980,ndi
1786505421.168284,30.283110,-0.023400,-0.016390,-1.547040,ndi
1786505421.185699,30.300525,-0.023390,-0.016380,-1.547100,ndi
1786505421.203274,30.318099,-0.023360,-0.016300,-1.547150,ndi
1786505421.218355,30.333180,-0.023350,-0.016270,-1.547190,ndi
1786505421.235873,30.350698,-0.023300,-0.016240,-1.547250,ndi
1786505421.253254,30.368079,-0.023270,-0.016200,-1.547310,ndi
1786505421.268287,30.383113,-0.023250,-0.016130,-1.547350,ndi
1786505421.285712,30.400537,-0.023220,-0.016090,-1.547410,ndi
1786505421.303449,30.418275,-0.023190,-0.016070,-1.547460,ndi
1786505421.318386,30.433212,-0.023160,-0.016030,-1.547560,ndi
1786505421.335867,30.450693,-0.023130,-0.015960,-1.547550,ndi
1786505421.353354,30.468179,-0.023090,-0.015920,-1.547640,ndi
1786505421.370700,30.485526,-0.023050,-0.015880,-1.547750,ndi
1786505421.385746,30.500572,-0.023020,-0.015840,-1.547810,ndi
1786505421.403310,30.518136,-0.022990,-0.015790,-1.547820,ndi
1786505421.420803,30.535628,-0.022950,-0.015760,-1.547930,ndi
1786505421.435910,30.550735,-0.022920,-0.015730,-1.547920,ndi
1786505421.453338,30.568164,-0.022880,-0.015670,-1.547990,ndi
1786505421.468335,30.583161,-0.022850,-0.015630,-1.548060,ndi
1786505421.485707,30.600532,-0.022820,-0.015610,-1.548110,ndi
1786505421.503456,30.618282,-0.022770,-0.015550,-1.548140,ndi
1786505421.520913,30.635739,-0.022740,-0.015500,-1.548210,ndi
1786505421.535935,30.650761,-0.022710,-0.015460,-1.548260,ndi
1786505421.553379,30.668205,-0.022670,-0.015440,-1.548310,ndi
1786505421.570717,30.685543,-0.022640,-0.015390,-1.548390,ndi
1786505421.585705,30.700531,-0.022620,-0.015360,-1.548410,ndi
1786505421.603393,30.718219,-0.022580,-0.015320,-1.548480,ndi
1786505421.620880,30.735706,-0.022540,-0.015290,-1.548540,ndi
1786505421.635962,30.750788,-0.022510,-0.015240,-1.548590,ndi
1786505421.653341,30.768167,-0.022470,-0.015190,-1.548640,ndi
1786505421.668361,30.783187,-0.022430,-0.015140,-1.548710,ndi
1786505421.685710,30.800535,-0.022400,-0.015130,-1.548740,ndi
1786505421.703381,30.818207,-0.022390,-0.015100,-1.548750,ndi
1786505421.720980,30.835806,-0.022390,-0.015090,-1.548750,ndi
1786505421.735854,30.850679,-0.022330,-0.015050,-1.548810,ndi
1786505421.753272,30.868098,-0.022310,-0.015030,-1.548830,ndi
1786505421.768286,30.883112,-0.022270,-0.014980,-1.548900,ndi
1786505421.785710,30.900535,-0.022240,-0.014950,-1.548950,ndi
1786505421.803349,30.918175,-0.022200,-0.014920,-1.549000,ndi
1786505421.818429,30.933255,-0.022160,-0.014900,-1.549020,ndi
1786505421.835966,30.950792,-0.022110,-0.014840,-1.549070,ndi
1786505421.853306,30.968131,-0.022090,-0.014810,-1.549140,ndi
1786505421.868284,30.983110,-0.022050,-0.014790,-1.549180,ndi
1786505421.885734,31.000559,-0.022000,-0.014740,-1.549250,ndi
1786505421.903405,31.018231,-0.021980,-0.014690,-1.549290,ndi
1786505421.918456,31.033282,-0.021930,-0.014660,-1.549350,ndi
1786505421.935960,31.050785,-0.021890,-0.014630,-1.549380,ndi
1786505421.953319,31.068145,-0.021850,-0.014590,-1.549430,ndi
1786505421.968259,31.083085,-0.021810,-0.014550,-1.549500,ndi
1786505421.985696,31.100521,-0.021780,-0.014520,-1.549520,ndi
1786505422.003294,31.118119,-0.021750,-0.014510,-1.549560,ndi
1786505422.018529,31.133355,-0.021720,-0.014470,-1.549590,ndi
1786505422.035915,31.150741,-0.021670,-0.014410,-1.549660,ndi
1786505422.053365,31.168191,-0.021610,-0.014380,-1.549710,ndi
1786505422.068422,31.183248,-0.021560,-0.014340,-1.549810,ndi
1786505422.085726,31.200552,-0.021490,-0.014280,-1.549860,ndi
1786505422.103449,31.218274,-0.021450,-0.014230,-1.549870,ndi
1786505422.120967,31.235793,-0.021420,-0.014230,-1.549910,ndi
1786505422.135921,31.250747,-0.021380,-0.014200,-1.549970,ndi
1786505422.153381,31.268207,-0.021340,-0.014140,-1.550010,ndi
1786505422.168288,31.283113,-0.021300,-0.014120,-1.550010,ndi
1786505422.185709,31.300535,-0.021260,-0.014100,-1.550070,ndi
1786505422.203259,31.318085,-0.021180,-0.014050,-1.550120,ndi
1786505422.220758,31.335584,-0.021130,-0.013990,-1.550180,ndi
1786505422.235859,31.350685,-0.021100,-0.013950,-1.550240,ndi
1786505422.253294,31.368119,-0.021050,-0.013940,-1.550280,ndi
1786505422.268603,31.383428,-0.021040,-0.013920,-1.550300,ndi
1786505422.285730,31.400556,-0.021030,-0.013900,-1.550290,ndi
1786505422.303269,31.418095,-0.021000,-0.013870,-1.550330,ndi
1786505422.318353,31.433179,-0.020970,-0.013860,-1.550360,ndi
1786505422.335941,31.450767,-0.020920,-0.013830,-1.550390,ndi
1786505422.353343,31.468169,-0.020870,-0.013790,-1.550460,ndi
1786505422.368284,31.483109,-0.020850,-0.013770,-1.550460,ndi
1786505422.385706,31.500532,-0.020820,-0.013750,-1.550520,ndi
1786505422.403271,31.518097,-0.020770,-0.013730,-1.550550,ndi
1786505422.418439,31.533265,-0.020730,-0.013700,-1.550600,ndi
1786505422.435967,31.550793,-0.020700,-0.013660,-1.550640,ndi
1786505422.453331,31.568157,-0.020650,-0.013640,-1.550670,ndi
1786505422.468301,31.583127,-0.020620,-0.013620,-1.550720,ndi
1786505422.485755,31.600581,-0.020590,-0.013590,-1.550740,ndi
1786505422.503335,31.618160,-0.020530,-0.013550,-1.550790,ndi
1786505422.520736,31.635562,-0.020490,-0.013520,-1.550800,ndi
1786505422.535765,31.650591,-0.020460,-0.013520,-1.550860,ndi
1786505422.553324,31.668149,-0.020420,-0.013500,-1.550900,ndi
1786505422.568290,31.683116,-0.020400,-0.013470,-1.550880,ndi
1786505422.585719,31.700545,-0.020370,-0.013440,-1.550950,ndi
1786505422.603233,31.718059,-0.020320,-0.013430,-1.551000,ndi
1786505422.620750,31.735576,-0.020290,-0.013400,-1.551000,ndi
1786505422.635911,31.750737,-0.020230,-0.013350,-1.551080,ndi
1786505422.653359,31.768185,-0.020190,-0.013330,-1.551130,ndi
1786505422.670721,31.785546,-0.020150,-0.013320,-1.551180,ndi
1786505422.685726,31.800552,-0.020130,-0.013290,-1.551190,ndi
1786505422.703280,31.818106,-0.020090,-0.013250,-1.551210,ndi
1786505422.720706,31.835532,-0.020050,-0.013240,-1.551240,ndi
1786505422.735895,31.850721,-0.020020,-0.013230,-1.551280,ndi
1786505422.753432,31.868258,-0.019980,-0.013200,-1.551270,ndi
1786505422.768271,31.883097,-0.019950,-0.013160,-1.551330,ndi
1786505422.785705,31.900531,-0.019870,-0.013130,-1.551390,ndi
1786505422.803408,31.918234,-0.019810,-0.013100,-1.551410,ndi
1786505422.818527,31.933352,-0.019790,-0.013070,-1.551420,ndi
1786505422.835890,31.950716,-0.019770,-0.013050,-1.551420,ndi
1786505422.853395,31.968221,-0.019780,-0.013060,-1.551460,ndi
1786505422.870726,31.985551,-0.019760,-0.013060,-1.551450,ndi
1786505422.885751,32.000577,-0.019710,-0.013020,-1.551490,ndi
1786505422.903411,32.018237,-0.019660,-0.012980,-1.551510,ndi
1786505422.920869,32.035694,-0.019620,-0.012970,-1.551550,ndi
1786505422.935891,32.050717,-0.019590,-0.012970,-1.551600,ndi
1786505422.953364,32.068190,-0.019540,-0.012930,-1.551580,ndi
1786505422.968249,32.083074,-0.019510,-0.012900,-1.551650,ndi
1786505422.985682,32.100508,-0.019460,-0.012880,-1.551670,ndi
1786505423.003410,32.118235,-0.019410,-0.012860,-1.551680,ndi
1786505423.018324,32.133150,-0.019370,-0.012820,-1.551730,ndi
1786505423.035817,32.150643,-0.019320,-0.012800,-1.551770,ndi
1786505423.053298,32.168123,-0.019270,-0.012790,-1.551810,ndi
1786505423.068274,32.183100,-0.019220,-0.012760,-1.551810,ndi
1786505423.085752,32.200577,-0.019170,-0.012720,-1.551910,ndi
1786505423.103303,32.218129,-0.019120,-0.012700,-1.551910,ndi
1786505423.118303,32.233129,-0.019070,-0.012680,-1.551960,ndi
1786505423.135871,32.250696,-0.019030,-0.012660,-1.552000,ndi
1786505423.153411,32.268236,-0.018990,-0.012630,-1.552020,ndi
1786505423.168247,32.283072,-0.018950,-0.012610,-1.552070,ndi
1786505423.185737,32.300563,-0.018890,-0.012590,-1.552090,ndi
1786505423.203402,32.318228,-0.018810,-0.012540,-1.552180,ndi
1786505423.220853,32.335679,-0.018770,-0.012520,-1.552250,ndi
1786505423.235881,32.350707,-0.018740,-0.012500,-1.552250,ndi
1786505423.253313,32.368138,-0.018710,-0.012490,-1.552280,ndi
1786505423.270712,32.385538,-0.018670,-0.012470,-1.552330,ndi
1786505423.285730,32.400556,-0.018620,-0.012440,-1.552320,ndi
1786505423.303285,32.418111,-0.018570,-0.012420,-1.552380,ndi
1786505423.318478,32.433304,-0.018530,-0.012410,-1.552400,ndi
1786505423.335889,32.450715,-0.018490,-0.012380,-1.552440,ndi
1786505423.353402,32.468227,-0.018430,-0.012350,-1.552460,ndi
1786505423.368261,32.483087,-0.018360,-0.012320,-1.552490,ndi
1786505423.385701,32.500527,-0.018300,-0.012310,-1.552530,ndi
1786505423.403264,32.518090,-0.018280,-0.012280,-1.552550,ndi
1786505423.418352,32.533178,-0.018270,-0.012280,-1.552550,ndi
1786505423.435884,32.550709,-0.018250,-0.012280,-1.552580,ndi
1786505423.453433,32.568259,-0.018210,-0.012260,-1.552620,ndi
1786505423.468295,32.583120,-0.018160,-0.012230,-1.552600,ndi
1786505423.485759,32.600585,-0.018120,-0.012210,-1.552590,ndi
1786505423.503384,32.618210,-0.018080,-0.012210,-1.552620,ndi
1786505423.518454,32.633279,-0.018040,-0.012180,-1.552670,ndi
1786505423.535756,32.650582,-0.018010,-0.012150,-1.552650,ndi
1786505423.553381,32.668207,-0.017940,-0.012130,-1.552690,ndi
1786505423.568262,32.683088,-0.017900,-0.012120,-1.552720,ndi
1786505423.585728,32.700554,-0.017850,-0.012090,-1.552720,ndi
1786505423.603415,32.718240,-0.017790,-0.012050,-1.552780,ndi
1786505423.618485,32.733310,-0.017760,-0.012050,-1.552790,ndi
1786505423.635887,32.750713,-0.017690,-0.012030,-1.552850,ndi
1786505423.653374,32.768200,-0.017640,-0.012000,-1.552880,ndi
1786505423.670718,32.785544,-0.017580,-0.011970,-1.552920,ndi
1786505423.685776,32.800601,-0.017550,-0.011960,-1.552960,ndi
1786505423.703387,32.818213,-0.017500,-0.011940,-1.552970,ndi
1786505423.720900,32.835726,-0.017430,-0.011910,-1.552990,ndi
1786505423.735906,32.850732,-0.017400,-0.011890,-1.553040,ndi
1786505423.753379,32.868205,-0.017340,-0.011880,-1.553060,ndi
1786505423.768299,32.883125,-0.017260,-0.011850,-1.553130,ndi
1786505423.785761,32.900587,-0.017210,-0.011810,-1.553140,ndi
1786505423.803480,32.918306,-0.017160,-0.011800,-1.553210,ndi
1786505423.820970,32.935795,-0.017140,-0.011800,-1.553220,ndi
1786505423.835958,32.950783,-0.017090,-0.011780,-1.553260,ndi
1786505423.853417,32.968243,-0.017040,-0.011740,-1.553270,ndi
1786505423.870799,32.985625,-0.017010,-0.011730,-1.553290,ndi
1786505423.885762,33.000588,-0.016950,-0.011730,-1.553340,ndi
1786505423.903313,33.018139,-0.016900,-0.011700,-1.553370,ndi
1786505423.918515,33.033341,-0.016830,-0.011660,-1.553380,ndi
1786505423.935889,33.050715,-0.016770,-0.011660,-1.553410,ndi
1786505423.953382,33.068208,-0.016710,-0.011650,-1.553420,ndi
1786505423.970733,33.085559,-0.016670,-0.011620,-1.553460,ndi
1786505423.985727,33.100553,-0.016660,-0.011600,-1.553480,ndi
1786505424.003419,33.118245,-0.016630,-0.011620,-1.553470,ndi
1786505424.018524,33.133350,-0.016610,-0.011610,-1.553500,ndi
1786505424.035869,33.150695,-0.016550,-0.011570,-1.553470,ndi
1786505424.053312,33.168138,-0.016500,-0.011550,-1.553510,ndi
1786505424.068255,33.183081,-0.016460,-0.011550,-1.553500,ndi
1786505424.085787,33.200613,-0.016400,-0.011540,-1.553550,ndi
1786505424.103261,33.218086,-0.016350,-0.011500,-1.553550,ndi
1786505424.120802,33.235627,-0.016310,-0.011480,-1.553580,ndi
1786505424.135864,33.250690,-0.016260,-0.011490,-1.553610,ndi
1786505424.153369,33.268195,-0.016210,-0.011470,-1.553650,ndi
1786505424.168401,33.283226,-0.016150,-0.011440,-1.553680,ndi
1786505424.185739,33.300565,-0.016090,-0.011420,-1.553680,ndi
1786505424.203406,33.318232,-0.016040,-0.011420,-1.553710,ndi
1786505424.218358,33.333183,-0.015980,-0.011400,-1.553740,ndi
1786505424.235765,33.350590,-0.015920,-0.011360,-1.553770,ndi
1786505424.253400,33.368226,-0.015890,-0.011350,-1.553820,ndi
1786505424.268339,33.383165,-0.015810,-0.011350,-1.553840,ndi
1786505424.285851,33.400677,-0.015760,-0.011330,-1.553830,ndi
1786505424.303388,33.418214,-0.015710,-0.011290,-1.553880,ndi
1786505424.318538,33.433363,-0.015640,-0.011280,-1.553880,ndi
1786505424.335946,33.450772,-0.015570,-0.011280,-1.553920,ndi
1786505424.353411,33.468237,-0.015510,-0.011240,-1.553920,ndi
1786505424.370759,33.485584,-0.015450,-0.011210,-1.553950,ndi
1786505424.385793,33.500619,-0.015420,-0.011200,-1.553950,ndi
1786505424.403322,33.518148,-0.015370,-0.011210,-1.553980,ndi
1786505424.420814,33.535640,-0.015320,-0.011180,-1.554020,ndi
1786505424.435957,33.550782,-0.015270,-0.011150,-1.553990,ndi
1786505424.453409,33.568234,-0.015220,-0.011150,-1.554040,ndi
1786505424.470767,33.585593,-0.015160,-0.011140,-1.554060,ndi
1786505424.485893,33.600719,-0.015100,-0.011120,-1.554080,ndi
1786505424.503388,33.618213,-0.015020,-0.011090,-1.554110,ndi
1786505424.518312,33.633138,-0.014950,-0.011080,-1.554140,ndi
1786505424.535842,33.650668,-0.014930,-0.011080,-1.554140,ndi
1786505424.553309,33.668134,-0.014900,-0.011070,-1.554160,ndi
1786505424.568372,33.683198,-0.014880,-0.011050,-1.554180,ndi
1786505424.585937,33.700762,-0.014850,-0.011040,-1.554170,ndi
1786505424.603313,33.718138,-0.014780,-0.011040,-1.554190,ndi
1786505424.620745,33.735571,-0.014730,-0.011020,-1.554230,ndi
1786505424.635923,33.750749,-0.014700,-0.010990,-1.554230,ndi
1786505424.653405,33.768231,-0.014620,-0.010980,-1.554250,ndi
1786505424.668374,33.783199,-0.014580,-0.010990,-1.554270,ndi
1786505424.685774,33.800600,-0.014530,-0.010960,-1.554310,ndi
1786505424.703326,33.818152,-0.014460,-0.010930,-1.554320,ndi
1786505424.718304,33.833129,-0.014410,-0.010930,-1.554340,ndi
1786505424.735795,33.850621,-0.014340,-0.010930,-1.554340,ndi
1786505424.753319,33.868144,-0.014270,-0.010900,-1.554360,ndi
1786505424.768367,33.883193,-0.014210,-0.010880,-1.554380,ndi
1786505424.785845,33.900671,-0.014150,-0.010870,-1.554360,ndi
1786505424.803468,33.918293,-0.014080,-0.010870,-1.554400,ndi
1786505424.818523,33.933348,-0.014030,-0.010840,-1.554400,ndi
1786505424.835985,33.950811,-0.013970,-0.010820,-1.554420,ndi
1786505424.853426,33.968252,-0.013920,-0.010820,-1.554450,ndi
1786505424.870764,33.985590,-0.013850,-0.010810,-1.554470,ndi
1786505424.885777,34.000603,-0.013810,-0.010800,-1.554480,ndi
1786505424.903501,34.018327,-0.013740,-0.010780,-1.554490,ndi
1786505424.920972,34.035797,-0.013650,-0.010760,-1.554520,ndi
1786505424.936005,34.050831,-0.013590,-0.010760,-1.554550,ndi
1786505424.953413,34.068238,-0.013530,-0.010750,-1.554590,ndi
1786505424.968328,34.083154,-0.013500,-0.010730,-1.554610,ndi
1786505424.985807,34.100633,-0.013440,-0.010710,-1.554560,ndi
1786505425.003380,34.118206,-0.013390,-0.010710,-1.554620,ndi
1786505425.020851,34.135676,-0.013340,-0.010710,-1.554590,ndi
1786505425.035998,34.150824,-0.013290,-0.010690,-1.554610,ndi
1786505425.053323,34.168149,-0.013220,-0.010660,-1.554600,ndi
1786505425.068287,34.183113,-0.013130,-0.010650,-1.554670,ndi
1786505425.085777,34.200602,-0.013050,-0.010650,-1.554670,ndi
1786505425.103365,34.218190,-0.013010,-0.010630,-1.554680,ndi
1786505425.118359,34.233185,-0.012980,-0.010630,-1.554690,ndi
1786505425.135820,34.250645,-0.012970,-0.010630,-1.554690,ndi
1786505425.153318,34.268143,-0.012920,-0.010630,-1.554730,ndi
1786505425.168308,34.283133,-0.012870,-0.010600,-1.554750,ndi
1786505425.185765,34.300590,-0.012810,-0.010590,-1.554740,ndi
1786505425.203456,34.318282,-0.012750,-0.010590,-1.554760,ndi
1786505425.218521,34.333347,-0.012680,-0.010590,-1.554800,ndi
1786505425.235929,34.350754,-0.012620,-0.010560,-1.554820,ndi
1786505425.253394,34.368220,-0.012580,-0.010550,-1.554800,ndi
1786505425.268307,34.383132,-0.012500,-0.010550,-1.554790,ndi
1786505425.285784,34.400610,-0.012450,-0.010540,-1.554840,ndi
1786505425.303350,34.418176,-0.012400,-0.010510,-1.554850,ndi
1786505425.318336,34.433161,-0.012340,-0.010500,-1.554890,ndi
1786505425.335895,34.450720,-0.012270,-0.010510,-1.554860,ndi
1786505425.353376,34.468201,-0.012220,-0.010500,-1.554890,ndi
1786505425.368390,34.483216,-0.012150,-0.010470,-1.554920,ndi
1786505425.385784,34.500610,-0.012090,-0.010470,-1.554950,ndi
1786505425.403400,34.518226,-0.012030,-0.010480,-1.554940,ndi
1786505425.418433,34.533259,-0.011950,-0.010470,-1.554950,ndi
1786505425.435838,34.550664,-0.011890,-0.010440,-1.554960,ndi
1786505425.453441,34.568267,-0.011810,-0.010430,-1.555000,ndi
1786505425.468299,34.583125,-0.011720,-0.010430,-1.554980,ndi
1786505425.485784,34.600610,-0.011650,-0.010430,-1.555030,ndi
1786505425.503282,34.618108,-0.011580,-0.010400,-1.555050,ndi
1786505425.518284,34.633110,-0.011500,-0.010390,-1.555020,ndi
1786505425.535928,34.650753,-0.011470,-0.010400,-1.555040,ndi
1786505425.553393,34.668218,-0.011420,-0.010390,-1.555060,ndi
1786505425.570792,34.685618,-0.011370,-0.010370,-1.555050,ndi
1786505425.585793,34.700619,-0.011320,-0.010370,-1.555080,ndi
1786505425.603452,34.718278,-0.011260,-0.010380,-1.555070,ndi
1786505425.618479,34.733305,-0.011200,-0.010370,-1.555060,ndi
1786505425.635917,34.750743,-0.011080,-0.010340,-1.555050,ndi
1786505425.653390,34.768216,-0.010990,-0.010320,-1.555090,ndi
1786505425.668299,34.783125,-0.010920,-0.010340,-1.555120,ndi
1786505425.685758,34.800584,-0.010890,-0.010340,-1.555100,ndi
1786505425.703456,34.818281,-0.010860,-0.010320,-1.555120,ndi
1786505425.718466,34.833292,-0.010820,-0.010310,-1.555080,ndi
1786505425.735840,34.850666,-0.010770,-0.010320,-1.555150,ndi
1786505425.753371,34.868197,-0.010690,-0.010310,-1.555160,ndi
1786505425.768298,34.883124,-0.010650,-0.010290,-1.555180,ndi
1786505425.785793,34.900619,-0.010590,-0.010290,-1.555150,ndi
1786505425.803482,34.918308,-0.010520,-0.010300,-1.555130,ndi
1786505425.818519,34.933344,-0.010470,-0.010290,-1.555130,ndi
1786505425.835977,34.950802,-0.010400,-0.010260,-1.555140,ndi
1786505425.853405,34.968231,-0.010330,-0.010270,-1.555150,ndi
1786505425.868300,34.983125,-0.010290,-0.010280,-1.555150,ndi
1786505425.885805,35.000631,-0.010200,-0.010270,-1.555150,ndi
1786505425.903350,35.018176,-0.010130,-0.010240,-1.555160,ndi
1786505425.918399,35.033225,-0.010070,-0.010250,-1.555170,ndi
1786505425.935930,35.050755,-0.009990,-0.010250,-1.555180,ndi
1786505425.953426,35.068252,-0.009940,-0.010240,-1.555190,ndi
1786505425.968296,35.083121,-0.009880,-0.010230,-1.555210,ndi
1786505425.985833,35.100659,-0.009800,-0.010230,-1.555200,ndi
1786505426.003552,35.118377,-0.009760,-0.010240,-1.555160,ndi
1786505426.018557,35.133383,-0.009710,-0.010220,-1.555180,ndi
1786505426.035937,35.150762,-0.009630,-0.010210,-1.555170,ndi
1786505426.053365,35.168191,-0.009540,-0.010210,-1.555170,ndi
1786505426.068315,35.183141,-0.009470,-0.010210,-1.555190,ndi
1786505426.085760,35.200585,-0.009380,-0.010210,-1.555190,ndi
1786505426.103431,35.218257,-0.009320,-0.010190,-1.555210,ndi
1786505426.120947,35.235773,-0.009270,-0.010190,-1.555220,ndi
1786505426.135904,35.250730,-0.009210,-0.010200,-1.555170,ndi
1786505426.153473,35.268298,-0.009160,-0.010190,-1.555190,ndi
1786505426.168402,35.283227,-0.009090,-0.010180,-1.555160,ndi
1786505426.185778,35.300604,-0.009030,-0.010180,-1.555180,ndi
1786505426.203337,35.318163,-0.008970,-0.010190,-1.555170,ndi
1786505426.218528,35.333354,-0.008860,-0.010180,-1.555120,ndi
1786505426.235957,35.350782,-0.008760,-0.010160,-1.555110,ndi
1786505426.253421,35.368247,-0.008710,-0.010170,-1.555120,ndi
1786505426.268282,35.383108,-0.008680,-0.010180,-1.555140,ndi
1786505426.285782,35.400608,-0.008660,-0.010170,-1.555130,ndi
1786505426.303337,35.418162,-0.008600,-0.010160,-1.555140,ndi
1786505426.318394,35.433219,-0.008550,-0.010160,-1.555120,ndi
1786505426.335898,35.450724,-0.008480,-0.010170,-1.555140,ndi
1786505426.353414,35.468240,-0.008420,-0.010160,-1.555160,ndi
1786505426.368267,35.483093,-0.008340,-0.010160,-1.555170,ndi
1786505426.385803,35.500629,-0.008270,-0.010170,-1.555160,ndi
1786505426.403347,35.518173,-0.008220,-0.010160,-1.555150,ndi
1786505426.420842,35.535668,-0.008130,-0.010160,-1.555170,ndi
1786505426.435941,35.550766,-0.008080,-0.010150,-1.555160,ndi
1786505426.453443,35.568269,-0.008010,-0.010160,-1.555170,ndi
1786505426.468279,35.583104,-0.007960,-0.010160,-1.555150,ndi
1786505426.485755,35.600581,-0.007910,-0.010170,-1.555130,ndi
1786505426.503439,35.618265,-0.007800,-0.010150,-1.555130,ndi
1786505426.518627,35.633453,-0.007740,-0.010150,-1.555160,ndi
1786505426.535968,35.650794,-0.007680,-0.010170,-1.555110,ndi
1786505426.553444,35.668269,-0.007610,-0.010170,-1.555140,ndi
1786505426.568279,35.683105,-0.007570,-0.010160,-1.555120,ndi
1786505426.585778,35.700603,-0.007500,-0.010160,-1.555100,ndi
1786505426.603483,35.718308,-0.007430,-0.010170,-1.555080,ndi
1786505426.618325,35.733151,-0.007370,-0.010170,-1.555120,ndi
1786505426.635823,35.750648,-0.007270,-0.010160,-1.555110,ndi
1786505426.653434,35.768260,-0.007200,-0.010170,-1.555070,ndi
1786505426.668291,35.783116,-0.007140,-0.010170,-1.555070,ndi
1786505426.685745,35.800570,-0.007070,-0.010180,-1.555090,ndi
1786505426.703450,35.818276,-0.006990,-0.010160,-1.555100,ndi
1786505426.718557,35.833383,-0.006940,-0.010160,-1.555080,ndi
1786505426.735920,35.850746,-0.006880,-0.010180,-1.555060,ndi
1786505426.753438,35.868263,-0.006820,-0.010190,-1.555070,ndi
1786505426.768281,35.883106,-0.006770,-0.010180,-1.555090,ndi
1786505426.785833,35.900659,-0.006670,-0.010180,-1.555070,ndi
1786505426.803556,35.918382,-0.006570,-0.010190,-1.555070,ndi
1786505426.818551,35.933377,-0.006510,-0.010200,-1.555020,ndi
1786505426.835940,35.950766,-0.006470,-0.010190,-1.555040,ndi
1786505426.853411,35.968237,-0.006460,-0.010190,-1.555020,ndi
1786505426.870787,35.985612,-0.006420,-0.010210,-1.555020,ndi
1786505426.885771,36.000597,-0.006330,-0.010210,-1.554990,ndi
1786505426.903455,36.018281,-0.006270,-0.010200,-1.555040,ndi
1786505426.918486,36.033312,-0.006210,-0.010200,-1.555000,ndi
1786505426.936105,36.050930,-0.006160,-0.010220,-1.555000,ndi
1786505426.953363,36.068188,-0.006080,-0.010230,-1.554990,ndi
1786505426.968402,36.083228,-0.006030,-0.010220,-1.555010,ndi
1786505426.985787,36.100613,-0.005970,-0.010210,-1.555010,ndi
1786505427.003327,36.118152,-0.005910,-0.010230,-1.555000,ndi
1786505427.018452,36.133278,-0.005860,-0.010230,-1.555000,ndi
1786505427.035837,36.150663,-0.005780,-0.010230,-1.554980,ndi
1786505427.053462,36.168288,-0.005730,-0.010230,-1.554950,ndi
1786505427.068463,36.183289,-0.005670,-0.010250,-1.554980,ndi
1786505427.085764,36.200590,-0.005570,-0.010250,-1.554950,ndi
1786505427.103320,36.218146,-0.005510,-0.010250,-1.554930,ndi
1786505427.120974,36.235800,-0.005440,-0.010260,-1.554930,ndi
1786505427.135927,36.250753,-0.005390,-0.010290,-1.554940,ndi
1786505427.153416,36.268241,-0.005320,-0.010280,-1.554910,ndi
1786505427.168317,36.283143,-0.005270,-0.010270,-1.554910,ndi
1786505427.185784,36.300609,-0.005200,-0.010290,-1.554880,ndi
1786505427.203321,36.318147,-0.005090,-0.010320,-1.554900,ndi
1786505427.218340,36.333165,-0.005040,-0.010300,-1.554860,ndi
1786505427.235820,36.350646,-0.004960,-0.010290,-1.554810,ndi
1786505427.253441,36.368266,-0.004900,-0.010320,-1.554830,ndi
1786505427.268326,36.383152,-0.004870,-0.010340,-1.554780,ndi
1786505427.285830,36.400655,-0.004780,-0.010330,-1.554780,ndi
1786505427.303366,36.418191,-0.004730,-0.010320,-1.554800,ndi
1786505427.318527,36.433352,-0.004670,-0.010350,-1.554760,ndi
1786505427.335875,36.450700,-0.004610,-0.010370,-1.554780,ndi
1786505427.353460,36.468286,-0.004530,-0.010360,-1.554750,ndi
1786505427.368348,36.483174,-0.004430,-0.010350,-1.554760,ndi
1786505427.385825,36.500650,-0.004350,-0.010390,-1.554730,ndi
1786505427.403587,36.518413,-0.004280,-0.010410,-1.554710,ndi
1786505427.418628,36.533454,-0.004270,-0.010390,-1.554720,ndi
1786505427.436022,36.550848,-0.004250,-0.010380,-1.554700,ndi
1786505427.453362,36.568187,-0.004190,-0.010410,-1.554650,ndi
1786505427.468392,36.583218,-0.004150,-0.010420,-1.554650,ndi
1786505427.485821,36.600647,-0.004060,-0.010400,-1.554630,ndi
1786505427.503555,36.618381,-0.004000,-0.010420,-1.554610,ndi
1786505427.520893,36.635719,-0.003940,-0.010460,-1.554630,ndi
1786505427.535893,36.650719,-0.003890,-0.010460,-1.554620,ndi
1786505427.553406,36.668232,-0.003810,-0.010450,-1.554610,ndi
1786505427.570846,36.685672,-0.003740,-0.010470,-1.554540,ndi
1786505427.585849,36.700674,-0.003690,-0.010490,-1.554520,ndi
1786505427.603379,36.718204,-0.003610,-0.010490,-1.554530,ndi
1786505427.618367,36.733192,-0.003530,-0.010500,-1.554520,ndi
1786505427.635900,36.750726,-0.003470,-0.010510,-1.554500,ndi
1786505427.653498,36.768324,-0.003390,-0.010530,-1.554480,ndi
1786505427.668433,36.783259,-0.003320,-0.010540,-1.554430,ndi
1786505427.685836,36.800661,-0.003260,-0.010540,-1.554450,ndi
1786505427.703456,36.818281,-0.003190,-0.010570,-1.554420,ndi
1786505427.718547,36.833372,-0.003130,-0.010580,-1.554420,ndi
1786505427.735979,36.850805,-0.003060,-0.010580,-1.554370,ndi
1786505427.753468,36.868294,-0.002980,-0.010600,-1.554360,ndi
1786505427.768339,36.883165,-0.002920,-0.010620,-1.554290,ndi
1786505427.785840,36.900666,-0.002790,-0.010650,-1.554240,ndi
1786505427.803364,36.918190,-0.002710,-0.010650,-1.554190,ndi
1786505427.818668,36.933494,-0.002660,-0.010660,-1.554220,ndi
1786505427.835984,36.950809,-0.002580,-0.010680,-1.554190,ndi
1786505427.853447,36.968273,-0.002530,-0.010680,-1.554160,ndi
1786505427.868340,36.983166,-0.002490,-0.010690,-1.554200,ndi
1786505427.885812,37.000638,-0.002430,-0.010720,-1.554110,ndi
1786505427.903388,37.018214,-0.002350,-0.010730,-1.554100,ndi
1786505427.918412,37.033238,-0.002290,-0.010730,-1.554090,ndi
1786505427.935936,37.050762,-0.002210,-0.010760,-1.554030,ndi
1786505427.953501,37.068326,-0.002100,-0.010800,-1.554030,ndi
1786505427.968372,37.083198,-0.002010,-0.010810,-1.553980,ndi
1786505427.985821,37.100647,-0.001990,-0.010800,-1.553940,ndi
1786505428.003403,37.118229,-0.001960,-0.010820,-1.553960,ndi
1786505428.018613,37.133438,-0.001940,-0.010840,-1.553920,ndi
1786505428.035980,37.150806,-0.001880,-0.010830,-1.553930,ndi
1786505428.053431,37.168256,-0.001790,-0.010840,-1.553910,ndi
1786505428.068328,37.183154,-0.001710,-0.010880,-1.553840,ndi
1786505428.085801,37.200627,-0.001650,-0.010920,-1.553830,ndi
1786505428.103464,37.218290,-0.001600,-0.010900,-1.553840,ndi
1786505428.118405,37.233231,-0.001530,-0.010900,-1.553790,ndi
1786505428.135884,37.250710,-0.001460,-0.010940,-1.553790,ndi
1786505428.153407,37.268233,-0.001380,-0.010980,-1.553760,ndi
1786505428.168352,37.283177,-0.001330,-0.010970,-1.553720,ndi
1786505428.185821,37.300647,-0.001250,-0.010980,-1.553670,ndi
1786505428.203348,37.318174,-0.001150,-0.011030,-1.553620,ndi
1786505428.218401,37.333227,-0.001070,-0.011050,-1.553640,ndi
1786505428.235859,37.350685,-0.000990,-0.011050,-1.553560,ndi
1786505428.253453,37.368278,-0.000900,-0.011070,-1.553520,ndi
1786505428.268345,37.383170,-0.000850,-0.011130,-1.553510,ndi
1786505428.285804,37.400630,-0.000780,-0.011140,-1.553470,ndi
1786505428.303493,37.418319,-0.000710,-0.011130,-1.553460,ndi
1786505428.320935,37.435761,-0.000640,-0.011170,-1.553410,ndi
1786505428.335966,37.450792,-0.000580,-0.011210,-1.553350,ndi
1786505428.353477,37.468303,-0.000490,-0.011220,-1.553310,ndi
1786505428.368384,37.483210,-0.000420,-0.011220,-1.553290,ndi
1786505428.385836,37.500662,-0.000350,-0.011270,-1.553250,ndi
1786505428.403498,37.518323,-0.000290,-0.011300,-1.553210,ndi
1786505428.418556,37.533382,-0.000240,-0.011290,-1.553200,ndi
1786505428.435996,37.550822,-0.000180,-0.011290,-1.553210,ndi
1786505428.453411,37.568236,-0.000120,-0.011350,-1.553130,ndi
1786505428.468344,37.583169,-0.000070,-0.011380,-1.553120,ndi
1786505428.485891,37.600717,-0.000010,-0.011370,-1.553090,ndi
1786505428.503458,37.618284,0.000090,-0.011400,-1.553020,ndi
1786505428.518549,37.633375,0.000170,-0.011460,-1.552960,ndi
1786505428.536008,37.650834,0.000250,-0.011500,-1.552950,ndi
1786505428.553476,37.668302,0.000290,-0.011480,-1.552890,ndi
1786505428.568361,37.683187,0.000310,-0.011490,-1.552910,ndi
1786505428.585865,37.700691,0.000330,-0.011520,-1.552890,ndi
1786505428.603424,37.718250,0.000380,-0.011530,-1.552870,ndi
1786505428.618500,37.733325,0.000430,-0.011530,-1.552860,ndi
1786505428.635901,37.750727,0.000490,-0.011560,-1.552810,ndi
1786505428.653445,37.768271,0.000580,-0.011620,-1.552770,ndi
1786505428.668365,37.783190,0.000620,-0.011610,-1.552770,ndi
1786505428.685856,37.800681,0.000680,-0.011610,-1.552730,ndi
1786505428.703597,37.818423,0.000730,-0.011660,-1.552680,ndi
1786505428.718412,37.833238,0.000780,-0.011700,-1.552620,ndi
1786505428.736057,37.850883,0.000850,-0.011700,-1.552590,ndi
1786505428.753500,37.868325,0.000920,-0.011720,-1.552520,ndi
1786505428.768363,37.883189,0.000970,-0.011760,-1.552510,ndi
1786505428.785868,37.900694,0.001060,-0.011810,-1.552420,ndi
1786505428.803438,37.918264,0.001150,-0.011820,-1.552380,ndi
1786505428.821045,37.935871,0.001210,-0.011850,-1.552320,ndi
1786505428.835951,37.950777,0.001250,-0.011890,-1.552290,ndi
1786505428.853385,37.968211,0.001310,-0.011920,-1.552220,ndi
1786505428.868387,37.983213,0.001350,-0.011920,-1.552200,ndi
1786505428.885889,38.000714,0.001430,-0.011940,-1.552170,ndi
1786505428.903497,38.018323,0.001510,-0.012000,-1.552100,ndi
1786505428.918544,38.033370,0.001580,-0.012030,-1.552040,ndi
1786505428.936077,38.050903,0.001650,-0.012050,-1.551970,ndi
1786505428.953485,38.068311,0.001720,-0.012080,-1.551960,ndi
1786505428.968378,38.083204,0.001790,-0.012120,-1.551910,ndi
1786505428.985851,38.100676,0.001840,-0.012160,-1.551860,ndi
1786505429.003326,38.118151,0.001900,-0.012160,-1.551820,ndi
1786505429.018410,38.133236,0.001940,-0.012200,-1.551820,ndi
1786505429.035869,38.150695,0.002010,-0.012240,-1.551800,ndi
1786505429.053520,38.168346,0.002070,-0.012270,-1.551790,ndi
1786505429.068337,38.183163,0.002120,-0.012280,-1.551730,ndi
1786505429.085878,38.200704,0.002230,-0.012340,-1.551620,ndi
1786505429.103411,38.218237,0.002340,-0.012400,-1.551540,ndi
1786505429.118526,38.233351,0.002400,-0.012430,-1.551480,ndi
1786505429.136052,38.250878,0.002420,-0.012430,-1.551520,ndi
1786505429.153493,38.268319,0.002450,-0.012440,-1.551500,ndi
1786505429.168372,38.283198,0.002470,-0.012460,-1.551460,ndi
1786505429.185892,38.300717,0.002500,-0.012490,-1.551430,ndi
1786505429.203467,38.318293,0.002590,-0.012530,-1.551340,ndi
1786505429.218424,38.333250,0.002650,-0.012560,-1.551300,ndi
1786505429.235888,38.350713,0.002710,-0.012590,-1.551280,ndi
1786505429.253486,38.368312,0.002770,-0.012630,-1.551190,ndi
1786505429.268373,38.383198,0.002810,-0.012650,-1.551190,ndi
1786505429.285850,38.400676,0.002880,-0.012690,-1.551100,ndi
1786505429.303376,38.418202,0.002960,-0.012740,-1.551080,ndi
1786505429.318587,38.433413,0.003030,-0.012780,-1.550960,ndi
1786505429.335889,38.450714,0.003090,-0.012810,-1.550930,ndi
1786505429.353391,38.468217,0.003150,-0.012840,-1.550860,ndi
1786505429.368354,38.483180,0.003210,-0.012880,-1.550820,ndi
1786505429.385850,38.500675,0.003280,-0.012920,-1.550800,ndi
1786505429.403356,38.518182,0.003340,-0.012950,-1.550720,ndi
1786505429.418348,38.533174,0.003380,-0.012990,-1.550690,ndi
1786505429.436008,38.550834,0.003450,-0.013020,-1.550650,ndi
1786505429.453512,38.568338,0.003520,-0.013070,-1.550580,ndi
1786505429.468366,38.583192,0.003570,-0.013100,-1.550530,ndi
1786505429.485851,38.600677,0.003640,-0.013130,-1.550470,ndi
1786505429.503526,38.618352,0.003730,-0.013210,-1.550380,ndi
1786505429.518535,38.633361,0.003790,-0.013270,-1.550290,ndi
1786505429.536022,38.650848,0.003890,-0.013310,-1.550200,ndi
1786505429.553505,38.668331,0.003950,-0.013340,-1.550150,ndi
1786505429.568345,38.683170,0.003990,-0.013380,-1.550150,ndi
1786505429.585842,38.700668,0.004040,-0.013430,-1.550050,ndi
1786505429.603371,38.718197,0.004100,-0.013470,-1.549990,ndi
1786505429.618321,38.733147,0.004160,-0.013490,-1.549940,ndi
1786505429.636015,38.750840,0.004200,-0.013540,-1.549890,ndi
1786505429.653503,38.768329,0.004300,-0.013620,-1.549820,ndi
1786505429.668351,38.783177,0.004390,-0.013670,-1.549750,ndi
1786505429.685851,38.800677,0.004450,-0.013700,-1.549690,ndi
1786505429.703544,38.818370,0.004480,-0.013740,-1.549640,ndi
1786505429.720979,38.835805,0.004490,-0.013780,-1.549620,ndi
1786505429.736014,38.850840,0.004520,-0.013780,-1.549630,ndi
1786505429.753498,38.868323,0.004560,-0.013780,-1.549530,ndi
1786505429.768350,38.883176,0.004620,-0.013850,-1.549470,ndi
1786505429.785865,38.900690,0.004660,-0.013900,-1.549420,ndi
1786505429.803561,38.918387,0.004710,-0.013930,-1.549340,ndi
1786505429.818500,38.933326,0.004790,-0.013960,-1.549250,ndi
1786505429.836034,38.950860,0.004840,-0.014040,-1.549180,ndi
1786505429.853457,38.968283,0.004890,-0.014090,-1.549120,ndi
1786505429.868371,38.983197,0.004940,-0.014110,-1.549050,ndi
1786505429.885882,39.000708,0.004990,-0.014140,-1.549000,ndi
1786505429.903585,39.018411,0.005040,-0.014220,-1.548920,ndi
1786505429.920987,39.035813,0.005100,-0.014280,-1.548880,ndi
1786505429.936137,39.050963,0.005160,-0.014300,-1.548800,ndi
1786505429.953519,39.068344,0.005220,-0.014350,-1.548720,ndi
1786505429.968378,39.083203,0.005250,-0.014410,-1.548680,ndi
1786505429.985848,39.100674,0.005310,-0.014470,-1.548560,ndi
1786505430.003547,39.118373,0.005370,-0.014500,-1.548510,ndi
1786505430.021025,39.135851,0.005430,-0.014560,-1.548430,ndi
1786505430.036000,39.150826,0.005450,-0.014610,-1.548390,ndi
1786505430.053485,39.168311,0.005510,-0.014650,-1.548270,ndi
1786505430.068370,39.183196,0.005580,-0.014690,-1.548190,ndi
1786505430.085865,39.200691,0.005650,-0.014780,-1.548080,ndi
1786505430.103464,39.218290,0.005680,-0.014830,-1.548000,ndi
1786505430.118469,39.233294,0.005730,-0.014870,-1.547960,ndi
1786505430.136129,39.250954,0.005770,-0.014900,-1.547920,ndi
1786505430.153536,39.268362,0.005800,-0.014940,-1.547870,ndi
1786505430.168384,39.283210,0.005840,-0.014980,-1.547790,ndi
1786505430.185864,39.300690,0.005870,-0.015010,-1.547770,ndi
1786505430.203536,39.318362,0.005920,-0.015060,-1.547650,ndi
1786505430.218664,39.333490,0.005960,-0.015130,-1.547590,ndi
1786505430.236091,39.350917,0.006040,-0.015220,-1.547490,ndi
1786505430.253512,39.368338,0.006080,-0.015260,-1.547390,ndi
1786505430.268380,39.383206,0.006100,-0.015270,-1.547350,ndi
1786505430.285884,39.400709,0.006120,-0.015320,-1.547330,ndi
1786505430.303559,39.418384,0.006140,-0.015360,-1.547320,ndi
1786505430.321082,39.435907,0.006160,-0.015360,-1.547250,ndi
1786505430.336115,39.450941,0.006200,-0.015390,-1.547190,ndi
1786505430.353497,39.468323,0.006250,-0.015490,-1.547090,ndi
1786505430.368365,39.483191,0.006290,-0.015560,-1.547050,ndi
1786505430.385873,39.500698,0.006350,-0.015600,-1.546930,ndi
1786505430.403379,39.518204,0.006400,-0.015640,-1.546850,ndi
1786505430.418411,39.533236,0.006410,-0.015720,-1.546800,ndi
1786505430.436069,39.550895,0.006460,-0.015770,-1.546710,ndi
1786505430.453516,39.568342,0.006520,-0.015820,-1.546620,ndi
1786505430.468388,39.583213,0.006560,-0.015890,-1.546520,ndi
1786505430.485878,39.600704,0.006610,-0.015990,-1.546390,ndi
1786505430.503408,39.618233,0.006660,-0.016050,-1.546330,ndi
1786505430.518425,39.633250,0.006680,-0.016080,-1.546210,ndi
1786505430.535942,39.650768,0.006730,-0.016160,-1.546120,ndi
1786505430.553464,39.668289,0.006780,-0.016260,-1.546030,ndi
1786505430.568369,39.683194,0.006810,-0.016320,-1.545920,ndi
1786505430.585835,39.700661,0.006870,-0.016380,-1.545840,ndi
1786505430.603435,39.718261,0.006910,-0.016480,-1.545700,ndi
1786505430.618411,39.733236,0.006940,-0.016550,-1.545620,ndi
1786505430.635970,39.750796,0.006980,-0.016620,-1.545520,ndi
1786505430.653507,39.768332,0.007030,-0.016690,-1.545390,ndi
1786505430.668369,39.783195,0.007040,-0.016760,-1.545310,ndi
1786505430.685892,39.800717,0.007060,-0.016810,-1.545240,ndi
1786505430.703583,39.818408,0.007090,-0.016830,-1.545200,ndi
1786505430.721070,39.835896,0.007100,-0.016870,-1.545130,ndi
1786505430.736151,39.850976,0.007140,-0.016940,-1.545040,ndi
1786505430.753550,39.868376,0.007170,-0.017020,-1.544930,ndi
1786505430.768407,39.883232,0.007210,-0.017090,-1.544830,ndi
1786505430.785837,39.900663,0.007260,-0.017200,-1.544640,ndi
1786505430.803429,39.918255,0.007290,-0.017350,-1.544510,ndi
1786505430.818449,39.933274,0.007330,-0.017380,-1.544470,ndi
1786505430.835955,39.950781,0.007350,-0.017410,-1.544390,ndi
1786505430.853523,39.968348,0.007350,-0.017450,-1.544340,ndi
1786505430.868364,39.983189,0.007380,-0.017490,-1.544300,ndi
1786505430.885903,40.000729,0.007380,-0.017550,-1.544250,ndi
1786505430.903563,40.018389,0.007400,-0.017580,-1.544140,ndi
1786505430.918602,40.033428,0.007430,-0.017630,-1.544120,ndi
1786505430.936130,40.050956,0.007430,-0.017680,-1.544020,ndi
1786505430.953486,40.068312,0.007450,-0.017720,-1.543950,ndi
1786505430.968394,40.083220,0.007470,-0.017760,-1.543940,ndi
1786505430.985784,40.100610,0.007510,-0.017860,-1.543750,ndi
1786505431.003571,40.118397,0.007520,-0.017980,-1.543550,ndi
1786505431.018517,40.133343,0.007540,-0.018030,-1.543470,ndi
1786505431.036074,40.150899,0.007560,-0.018110,-1.543370,ndi
1786505431.053537,40.168362,0.007590,-0.018190,-1.543260,ndi
1786505431.068371,40.183197,0.007600,-0.018250,-1.543220,ndi
1786505431.085876,40.200702,0.007620,-0.018330,-1.543090,ndi
1786505431.103565,40.218390,0.007640,-0.018410,-1.542980,ndi
1786505431.118532,40.233358,0.007650,-0.018490,-1.542850,ndi
1786505431.136084,40.250909,0.007670,-0.018570,-1.542770,ndi
1786505431.153416,40.268242,0.007690,-0.018640,-1.542690,ndi
1786505431.168387,40.283213,0.007690,-0.018700,-1.542600,ndi
1786505431.185887,40.300713,0.007720,-0.018770,-1.542530,ndi
1786505431.203382,40.318208,0.007720,-0.018870,-1.542320,ndi
1786505431.218446,40.333272,0.007740,-0.018950,-1.542190,ndi
1786505431.236054,40.350880,0.007740,-0.019020,-1.542130,ndi
1786505431.253525,40.368351,0.007750,-0.019050,-1.542050,ndi
1786505431.268410,40.383236,0.007750,-0.019080,-1.541970,ndi
1786505431.285874,40.400700,0.007760,-0.019150,-1.541900,ndi
1786505431.303410,40.418235,0.007760,-0.019210,-1.541870,ndi
1786505431.318480,40.433306,0.007770,-0.019250,-1.541760,ndi
1786505431.336034,40.450859,0.007780,-0.019290,-1.541690,ndi
1786505431.353528,40.468353,0.007770,-0.019370,-1.541620,ndi
1786505431.368361,40.483187,0.007780,-0.019430,-1.541590,ndi
1786505431.385886,40.500712,0.007790,-0.019470,-1.541460,ndi
1786505431.403606,40.518431,0.007780,-0.019510,-1.541460,ndi
1786505431.418575,40.533401,0.007780,-0.019550,-1.541390,ndi
1786505431.435903,40.550729,0.007780,-0.019580,-1.541360,ndi
1786505431.453506,40.568332,0.007790,-0.019620,-1.541290,ndi
1786505431.468399,40.583225,0.007780,-0.019670,-1.541220,ndi
1786505431.485891,40.600716,0.007790,-0.019740,-1.541140,ndi
1786505431.503566,40.618391,0.007790,-0.019770,-1.541080,ndi
1786505431.518499,40.633325,0.007790,-0.019790,-1.541020,ndi
1786505431.536059,40.650884,0.007790,-0.019850,-1.540930,ndi
1786505431.553525,40.668350,0.007790,-0.019940,-1.540880,ndi
1786505431.568346,40.683171,0.007790,-0.019970,-1.540790,ndi
1786505431.585851,40.700676,0.007780,-0.020010,-1.540670,ndi
1786505431.603419,40.718245,0.007770,-0.020090,-1.540610,ndi
1786505431.618444,40.733269,0.007780,-0.020150,-1.540570,ndi
1786505431.635935,40.750761,0.007770,-0.020180,-1.540490,ndi
1786505431.653419,40.768245,0.007750,-0.020250,-1.540390,ndi
1786505431.668397,40.783223,0.007760,-0.020350,-1.540300,ndi
1786505431.685874,40.800700,0.007760,-0.020430,-1.540180,ndi
1786505431.703420,40.818245,0.007750,-0.020460,-1.540110,ndi
1786505431.718530,40.833355,0.007740,-0.020500,-1.540030,ndi
1786505431.736001,40.850827,0.007730,-0.020600,-1.539950,ndi
1786505431.753550,40.868376,0.007720,-0.020670,-1.539900,ndi
1786505431.768372,40.883198,0.007700,-0.020730,-1.539760,ndi
1786505431.785883,40.900709,0.007700,-0.020800,-1.539650,ndi
1786505431.803484,40.918309,0.007690,-0.020880,-1.539540,ndi
1786505431.818433,40.933258,0.007690,-0.020900,-1.539520,ndi
1786505431.836062,40.950887,0.007670,-0.020930,-1.539450,ndi
1786505431.853545,40.968371,0.007650,-0.020990,-1.539330,ndi
1786505431.868381,40.983207,0.007660,-0.021040,-1.539280,ndi
1786505431.885880,41.000705,0.007650,-0.021080,-1.539180,ndi
1786505431.903566,41.018391,0.007630,-0.021130,-1.539090,ndi
1786505431.921003,41.035829,0.007620,-0.021220,-1.539020,ndi
1786505431.936041,41.050867,0.007600,-0.021300,-1.538930,ndi
1786505431.953489,41.068315,0.007590,-0.021330,-1.538880,ndi
1786505431.968374,41.083199,0.007590,-0.021370,-1.538820,ndi
1786505431.985889,41.100714,0.007570,-0.021400,-1.538800,ndi
1786505432.003576,41.118402,0.007570,-0.021430,-1.538780,ndi
1786505432.018641,41.133467,0.007550,-0.021460,-1.538720,ndi
1786505432.036030,41.150856,0.007530,-0.021510,-1.538580,ndi
1786505432.053600,41.168426,0.007530,-0.021600,-1.538520,ndi
1786505432.068394,41.183219,0.007510,-0.021660,-1.538410,ndi
1786505432.085904,41.200729,0.007490,-0.021690,-1.538330,ndi
1786505432.103465,41.218290,0.007470,-0.021730,-1.538250,ndi
1786505432.118567,41.233392,0.007460,-0.021790,-1.538200,ndi
1786505432.136029,41.250854,0.007440,-0.021840,-1.538100,ndi
1786505432.153448,41.268273,0.007420,-0.021890,-1.538060,ndi
1786505432.168379,41.283205,0.007400,-0.021940,-1.537920,ndi
1786505432.185917,41.300743,0.007380,-0.022010,-1.537890,ndi
1786505432.203426,41.318252,0.007370,-0.022060,-1.537820,ndi
1786505432.218637,41.333462,0.007350,-0.022090,-1.537740,ndi
1786505432.236042,41.350868,0.007320,-0.022140,-1.537660,ndi
1786505432.253542,41.368368,0.007310,-0.022200,-1.537590,ndi
1786505432.268390,41.383216,0.007290,-0.022230,-1.537530,ndi
1786505432.285918,41.400744,0.007260,-0.022280,-1.537440,ndi
1786505432.303419,41.418245,0.007240,-0.022350,-1.537410,ndi
1786505432.318565,41.433391,0.007210,-0.022430,-1.537260,ndi
1786505432.336092,41.450918,0.007160,-0.022510,-1.537200,ndi
1786505432.353560,41.468386,0.007150,-0.022530,-1.537110,ndi
1786505432.368400,41.483226,0.007140,-0.022570,-1.537050,ndi
1786505432.385958,41.500784,0.007120,-0.022600,-1.537060,ndi
1786505432.403599,41.518425,0.007100,-0.022660,-1.536980,ndi
1786505432.418527,41.533353,0.007080,-0.022700,-1.536900,ndi
1786505432.436016,41.550842,0.007040,-0.022750,-1.536790,ndi
1786505432.453532,41.568358,0.007020,-0.022800,-1.536760,ndi
1786505432.468388,41.583213,0.007000,-0.022830,-1.536670,ndi
1786505432.485914,41.600739,0.006970,-0.022890,-1.536570,ndi
1786505432.503495,41.618320,0.006950,-0.022930,-1.536490,ndi
1786505432.518588,41.633414,0.006930,-0.022970,-1.536440,ndi
1786505432.536029,41.650854,0.006910,-0.022990,-1.536450,ndi
1786505432.553540,41.668366,0.006910,-0.023010,-1.536370,ndi
1786505432.568364,41.683189,0.006890,-0.023030,-1.536300,ndi
1786505432.585943,41.700768,0.006860,-0.023080,-1.536270,ndi
1786505432.603483,41.718309,0.006840,-0.023130,-1.536190,ndi
1786505432.618463,41.733289,0.006820,-0.023160,-1.536140,ndi
1786505432.635959,41.750784,0.006790,-0.023190,-1.536100,ndi
1786505432.653551,41.768377,0.006770,-0.023230,-1.536040,ndi
1786505432.668428,41.783253,0.006730,-0.023280,-1.535980,ndi
1786505432.685949,41.800774,0.006710,-0.023320,-1.535940,ndi
1786505432.703539,41.818365,0.006680,-0.023370,-1.535850,ndi
1786505432.718719,41.833544,0.006640,-0.023420,-1.535800,ndi
1786505432.736009,41.850835,0.006630,-0.023470,-1.535770,ndi
1786505432.753633,41.868458,0.006570,-0.023520,-1.535650,ndi
1786505432.768446,41.883272,0.006560,-0.023540,-1.535640,ndi
1786505432.785970,41.900796,0.006530,-0.023590,-1.535550,ndi
1786505432.803627,41.918453,0.006490,-0.023650,-1.535480,ndi
1786505432.818625,41.933451,0.006470,-0.023690,-1.535390,ndi
1786505432.836161,41.950987,0.006410,-0.023730,-1.535350,ndi
1786505432.853578,41.968404,0.006400,-0.023780,-1.535260,ndi
1786505432.868442,41.983268,0.006360,-0.023830,-1.535220,ndi
1786505432.885933,42.000759,0.006290,-0.023910,-1.535070,ndi
1786505432.903484,42.018310,0.006270,-0.023940,-1.535050,ndi
1786505432.918613,42.033438,0.006240,-0.023980,-1.535000,ndi
1786505432.936054,42.050879,0.006230,-0.024020,-1.534940,ndi
1786505432.953631,42.068457,0.006160,-0.024060,-1.534830,ndi
1786505432.968451,42.083277,0.006150,-0.024100,-1.534730,ndi
1786505432.985945,42.100771,0.006110,-0.024140,-1.534740,ndi
1786505433.003505,42.118331,0.006080,-0.024190,-1.534640,ndi
1786505433.018482,42.133308,0.006040,-0.024230,-1.534570,ndi
1786505433.036147,42.150973,0.006000,-0.024270,-1.534520,ndi
1786505433.053598,42.168424,0.005970,-0.024330,-1.534480,ndi
1786505433.068424,42.183249,0.005940,-0.024370,-1.534400,ndi
1786505433.085957,42.200783,0.005920,-0.024390,-1.534360,ndi
1786505433.103596,42.218422,0.005910,-0.024390,-1.534370,ndi
1786505433.118646,42.233472,0.005880,-0.024430,-1.534330,ndi
1786505433.136125,42.250951,0.005850,-0.024490,-1.534260,ndi
1786505433.153666,42.268492,0.005800,-0.024520,-1.534210,ndi
1786505433.168444,42.283270,0.005780,-0.024530,-1.534160,ndi
1786505433.185966,42.300791,0.005740,-0.024580,-1.534090,ndi
1786505433.203661,42.318487,0.005680,-0.024670,-1.534000,ndi
1786505433.218599,42.333424,0.005640,-0.024720,-1.533940,ndi
1786505433.236125,42.350951,0.005580,-0.024750,-1.533850,ndi
1786505433.253568,42.368394,0.005520,-0.024820,-1.533790,ndi
1786505433.268422,42.383248,0.005490,-0.024880,-1.533670,ndi
1786505433.285963,42.400788,0.005430,-0.024920,-1.533590,ndi
1786505433.303614,42.418440,0.005380,-0.024950,-1.533560,ndi
1786505433.318598,42.433424,0.005350,-0.025010,-1.533470,ndi
1786505433.336185,42.451010,0.005290,-0.025080,-1.533390,ndi
1786505433.353609,42.468434,0.005250,-0.025100,-1.533370,ndi
1786505433.368548,42.483374,0.005220,-0.025120,-1.533310,ndi
1786505433.386048,42.500874,0.005160,-0.025190,-1.533230,ndi
1786505433.403651,42.518477,0.005080,-0.025270,-1.533130,ndi
1786505433.418474,42.533300,0.005030,-0.025320,-1.533060,ndi
1786505433.436131,42.550957,0.004960,-0.025380,-1.532950,ndi
1786505433.453584,42.568410,0.004890,-0.025440,-1.532850,ndi
1786505433.468436,42.583262,0.004870,-0.025470,-1.532810,ndi
1786505433.485932,42.600757,0.004840,-0.025490,-1.532800,ndi
1786505433.503561,42.618387,0.004790,-0.025520,-1.532730,ndi
1786505433.521054,42.635880,0.004720,-0.025600,-1.532610,ndi
1786505433.536193,42.651019,0.004660,-0.025650,-1.532560,ndi
1786505433.553581,42.668407,0.004620,-0.025680,-1.532540,ndi
1786505433.568452,42.683278,0.004560,-0.025740,-1.532440,ndi
1786505433.585945,42.700771,0.004500,-0.025790,-1.532380,ndi
1786505433.603545,42.718371,0.004420,-0.025850,-1.532280,ndi
1786505433.618496,42.733322,0.004390,-0.025870,-1.532250,ndi
1786505433.636163,42.750988,0.004360,-0.025890,-1.532210,ndi
1786505433.653488,42.768314,0.004340,-0.025930,-1.532180,ndi
1786505433.668468,42.783294,0.004290,-0.025960,-1.532120,ndi
1786505433.685938,42.800763,0.004230,-0.025990,-1.532040,ndi
1786505433.703538,42.818363,0.004200,-0.026040,-1.532020,ndi
1786505433.718467,42.833293,0.004150,-0.026070,-1.531950,ndi
1786505433.736028,42.850854,0.004090,-0.026100,-1.531920,ndi
1786505433.753592,42.868418,0.004070,-0.026130,-1.531840,ndi
1786505433.768488,42.883314,0.004000,-0.026170,-1.531810,ndi
1786505433.785951,42.900776,0.003940,-0.026230,-1.531750,ndi
1786505433.803632,42.918458,0.003880,-0.026280,-1.531690,ndi
1786505433.818652,42.933477,0.003830,-0.026320,-1.531620,ndi
1786505433.836172,42.950998,0.003770,-0.026350,-1.531550,ndi
1786505433.853582,42.968408,0.003680,-0.026410,-1.531500,ndi
1786505433.868462,42.983287,0.003630,-0.026470,-1.531490,ndi
1786505433.885936,43.000762,0.003570,-0.026510,-1.531460,ndi
1786505433.903621,43.018447,0.003530,-0.026530,-1.531380,ndi
1786505433.918588,43.033414,0.003500,-0.026550,-1.531310,ndi
1786505433.936063,43.050888,0.003440,-0.026590,-1.531270,ndi
1786505433.953517,43.068342,0.003390,-0.026620,-1.531220,ndi
1786505433.968457,43.083283,0.003350,-0.026640,-1.531200,ndi
1786505433.985950,43.100776,0.003310,-0.026670,-1.531170,ndi
1786505434.003488,43.118314,0.003200,-0.026750,-1.531060,ndi
1786505434.018488,43.133314,0.003160,-0.026760,-1.531020,ndi
1786505434.036065,43.150890,0.003140,-0.026770,-1.530980,ndi
1786505434.053505,43.168330,0.003110,-0.026790,-1.531000,ndi
1786505434.068451,43.183277,0.003070,-0.026830,-1.530910,ndi
1786505434.085921,43.200746,0.003010,-0.026850,-1.530890,ndi
1786505434.103446,43.218272,0.002920,-0.026890,-1.530810,ndi
1786505434.118491,43.233317,0.002850,-0.026950,-1.530680,ndi
1786505434.135943,43.250769,0.002800,-0.027000,-1.530690,ndi
1786505434.153487,43.268313,0.002750,-0.027020,-1.530630,ndi
1786505434.168583,43.283409,0.002660,-0.027040,-1.530560,ndi
1786505434.185987,43.300813,0.002610,-0.027090,-1.530530,ndi
1786505434.203518,43.318344,0.002580,-0.027130,-1.530480,ndi
1786505434.218516,43.333342,0.002560,-0.027120,-1.530500,ndi
1786505434.236082,43.350908,0.002540,-0.027130,-1.530490,ndi
1786505434.253583,43.368409,0.002460,-0.027180,-1.530420,ndi
1786505434.268379,43.383205,0.002410,-0.027220,-1.530360,ndi
1786505434.285932,43.400758,0.002370,-0.027230,-1.530350,ndi
1786505434.303439,43.418264,0.002310,-0.027250,-1.530310,ndi
1786505434.318575,43.433400,0.002260,-0.027300,-1.530280,ndi
1786505434.336084,43.450910,0.002220,-0.027350,-1.530240,ndi
1786505434.353610,43.468436,0.002050,-0.027410,-1.530130,ndi
1786505434.368452,43.483278,0.002010,-0.027430,-1.530100,ndi
1786505434.385936,43.500762,0.001950,-0.027490,-1.530080,ndi
1786505434.403483,43.518309,0.001890,-0.027530,-1.530010,ndi
1786505434.418461,43.533287,0.001830,-0.027530,-1.529970,ndi
1786505434.436117,43.550943,0.001770,-0.027560,-1.529950,ndi
1786505434.453591,43.568417,0.001720,-0.027620,-1.529880,ndi
1786505434.468730,43.583556,0.001640,-0.027650,-1.529840,ndi
1786505434.485898,43.600724,0.001560,-0.027670,-1.529820,ndi
1786505434.503481,43.618307,0.001460,-0.027740,-1.529700,ndi
1786505434.518449,43.633275,0.001380,-0.027790,-1.529670,ndi
1786505434.536134,43.650960,0.001350,-0.027800,-1.529630,ndi
1786505434.553555,43.668381,0.001230,-0.027830,-1.529570,ndi
1786505434.568432,43.683258,0.001160,-0.027860,-1.529510,ndi
1786505434.585918,43.700744,0.001100,-0.027930,-1.529470,ndi
1786505434.603528,43.718354,0.001050,-0.027940,-1.529450,ndi
1786505434.618471,43.733296,0.000980,-0.027950,-1.529370,ndi
1786505434.636017,43.750843,0.000890,-0.028020,-1.529330,ndi
1786505434.653615,43.768440,0.000810,-0.028080,-1.529270,ndi
1786505434.668515,43.783341,0.000770,-0.028080,-1.529260,ndi
1786505434.685901,43.800727,0.000720,-0.028080,-1.529230,ndi
1786505434.703533,43.818358,0.000610,-0.028150,-1.529190,ndi
1786505434.718487,43.833313,0.000560,-0.028190,-1.529130,ndi
1786505434.736163,43.850989,0.000510,-0.028190,-1.529090,ndi
1786505434.753609,43.868435,0.000470,-0.028180,-1.529070,ndi
1786505434.768424,43.883250,0.000450,-0.028220,-1.529070,ndi
1786505434.785918,43.900744,0.000430,-0.028240,-1.529050,ndi
1786505434.803525,43.918351,0.000340,-0.028250,-1.529020,ndi
1786505434.818500,43.933326,0.000280,-0.028260,-1.528950,ndi
1786505434.836116,43.950942,0.000230,-0.028320,-1.528940,ndi
1786505434.853563,43.968389,0.000180,-0.028360,-1.528920,ndi
1786505434.868453,43.983279,0.000110,-0.028330,-1.528900,ndi
1786505434.885897,44.000723,0.000070,-0.028360,-1.528860,ndi
1786505434.903602,44.018428,0.000000,-0.028430,-1.528810,ndi
1786505434.918586,44.033412,-0.000040,-0.028440,-1.528810,ndi
1786505434.936215,44.051041,-0.000110,-0.028430,-1.528770,ndi
1786505434.953562,44.068388,-0.000180,-0.028460,-1.528730,ndi
1786505434.968459,44.083285,-0.000270,-0.028550,-1.528720,ndi
1786505434.985957,44.100783,-0.000390,-0.028580,-1.528650,ndi
1786505435.003618,44.118444,-0.000460,-0.028560,-1.528590,ndi
1786505435.018599,44.133425,-0.000520,-0.028590,-1.528590,ndi
1786505435.035994,44.150820,-0.000610,-0.028650,-1.528570,ndi
1786505435.053498,44.168324,-0.000690,-0.028670,-1.528480,ndi
1786505435.068442,44.183268,-0.000760,-0.028670,-1.528440,ndi
1786505435.085991,44.200817,-0.000820,-0.028710,-1.528440,ndi
1786505435.103476,44.218302,-0.000910,-0.028760,-1.528380,ndi
1786505435.118489,44.233314,-0.001020,-0.028790,-1.528320,ndi
1786505435.136129,44.250954,-0.001110,-0.028790,-1.528280,ndi
1786505435.153559,44.268384,-0.001180,-0.028830,-1.528300,ndi
1786505435.168491,44.283317,-0.001230,-0.028870,-1.528250,ndi
1786505435.185984,44.300810,-0.001300,-0.028880,-1.528170,ndi
1786505435.203502,44.318328,-0.001360,-0.028880,-1.528130,ndi
1786505435.218458,44.333283,-0.001430,-0.028920,-1.528100,ndi
1786505435.236155,44.350981,-0.001500,-0.028940,-1.528110,ndi
1786505435.253646,44.368472,-0.001570,-0.028950,-1.528080,ndi
1786505435.268417,44.383243,-0.001630,-0.028970,-1.528060,ndi
1786505435.285968,44.400794,-0.001720,-0.029010,-1.528020,ndi
1786505435.303647,44.418473,-0.001780,-0.029020,-1.527970,ndi
1786505435.318589,44.433415,-0.001820,-0.029030,-1.527960,ndi
1786505435.336083,44.450908,-0.001840,-0.029030,-1.527940,ndi
1786505435.353592,44.468418,-0.001940,-0.029060,-1.527920,ndi
1786505435.368452,44.483278,-0.002000,-0.029090,-1.527900,ndi
1786505435.385998,44.500823,-0.002050,-0.029090,-1.527900,ndi
1786505435.403531,44.518357,-0.002140,-0.029110,-1.527840,ndi
1786505435.418486,44.533312,-0.002200,-0.029140,-1.527820,ndi
1786505435.436131,44.550957,-0.002280,-0.029160,-1.527770,ndi
1786505435.453496,44.568322,-0.002390,-0.029190,-1.527770,ndi
1786505435.468397,44.583223,-0.002460,-0.029210,-1.527730,ndi
1786505435.485969,44.600795,-0.002560,-0.029240,-1.527660,ndi
1786505435.503552,44.618378,-0.002650,-0.029250,-1.527650,ndi
1786505435.518483,44.633309,-0.002700,-0.029270,-1.527600,ndi
1786505435.536138,44.650964,-0.002810,-0.029300,-1.527620,ndi
1786505435.553584,44.668410,-0.002910,-0.029330,-1.527590,ndi
1786505435.568452,44.683278,-0.003000,-0.029340,-1.527560,ndi
1786505435.585997,44.700822,-0.003060,-0.029370,-1.527550,ndi
1786505435.603470,44.718295,-0.003170,-0.029400,-1.527510,ndi
1786505435.618475,44.733301,-0.003250,-0.029420,-1.527470,ndi
1786505435.636153,44.750978,-0.003320,-0.029430,-1.527440,ndi
1786505435.653590,44.768416,-0.003410,-0.029450,-1.527430,ndi
1786505435.668412,44.783237,-0.003540,-0.029500,-1.527400,ndi
1786505435.685994,44.800820,-0.003640,-0.029510,-1.527320,ndi
1786505435.703505,44.818330,-0.003700,-0.029520,-1.527350,ndi
1786505435.718526,44.833352,-0.003760,-0.029530,-1.527330,ndi
1786505435.736125,44.850951,-0.003830,-0.029550,-1.527300,ndi
1786505435.753621,44.868446,-0.003910,-0.029560,-1.527280,ndi
1786505435.768492,44.883317,-0.003950,-0.029570,-1.527280,ndi
1786505435.785962,44.900788,-0.004010,-0.029590,-1.527260,ndi
1786505435.803505,44.918331,-0.004070,-0.029600,-1.527230,ndi
1786505435.818496,44.933322,-0.004140,-0.029610,-1.527250,ndi
1786505435.836142,44.950968,-0.004230,-0.029630,-1.527200,ndi
1786505435.853596,44.968422,-0.004290,-0.029660,-1.527240,ndi
1786505435.868458,44.983284,-0.004320,-0.029660,-1.527230,ndi
1786505435.886003,45.000829,-0.004350,-0.029650,-1.527180,ndi
1786505435.903534,45.018360,-0.004380,-0.029660,-1.527180,ndi
1786505435.918504,45.033329,-0.004460,-0.029670,-1.527170,ndi
1786505435.936089,45.050914,-0.004530,-0.029700,-1.527170,ndi
1786505435.953626,45.068452,-0.004590,-0.029690,-1.527150,ndi
1786505435.968476,45.083301,-0.004650,-0.029700,-1.527130,ndi
1786505435.985980,45.100806,-0.004720,-0.029730,-1.527120,ndi
1786505436.003609,45.118435,-0.004790,-0.029750,-1.527080,ndi
1786505436.018635,45.133460,-0.004850,-0.029740,-1.527060,ndi
1786505436.036015,45.150840,-0.004950,-0.029750,-1.527050,ndi
1786505436.053464,45.168289,-0.005020,-0.029790,-1.527040,ndi
1786505436.068467,45.183292,-0.005100,-0.029810,-1.527030,ndi
1786505436.086013,45.200838,-0.005170,-0.029790,-1.527000,ndi
1786505436.103664,45.218490,-0.005240,-0.029800,-1.527000,ndi
1786505436.118597,45.233423,-0.005320,-0.029840,-1.526970,ndi
1786505436.135995,45.250821,-0.005380,-0.029850,-1.526990,ndi
1786505436.153496,45.268322,-0.005500,-0.029840,-1.526970,ndi
1786505436.168464,45.283290,-0.005550,-0.029850,-1.526940,ndi
1786505436.185979,45.300804,-0.005630,-0.029880,-1.526920,ndi
1786505436.203506,45.318332,-0.005700,-0.029890,-1.526920,ndi
1786505436.218523,45.333349,-0.005770,-0.029890,-1.526890,ndi
1786505436.236090,45.350916,-0.005880,-0.029900,-1.526880,ndi
1786505436.253494,45.368320,-0.005910,-0.029930,-1.526880,ndi
1786505436.268480,45.383305,-0.005970,-0.029930,-1.526840,ndi
1786505436.286023,45.400848,-0.006040,-0.029910,-1.526860,ndi
1786505436.303723,45.418549,-0.006190,-0.029940,-1.526800,ndi
1786505436.318764,45.433589,-0.006260,-0.029960,-1.526830,ndi
1786505436.336243,45.451068,-0.006300,-0.029970,-1.526790,ndi
1786505436.353650,45.468476,-0.006370,-0.029960,-1.526800,ndi
1786505436.368496,45.483321,-0.006440,-0.029970,-1.526790,ndi
1786505436.385995,45.500821,-0.006500,-0.029990,-1.526760,ndi
1786505436.403585,45.518411,-0.006620,-0.030000,-1.526770,ndi
1786505436.418540,45.533366,-0.006660,-0.029990,-1.526760,ndi
1786505436.436195,45.551021,-0.006700,-0.030010,-1.526810,ndi
1786505436.453607,45.568432,-0.006720,-0.030020,-1.526770,ndi
1786505436.468479,45.583305,-0.006780,-0.030010,-1.526740,ndi
1786505436.486006,45.600832,-0.006880,-0.030010,-1.526730,ndi
1786505436.503529,45.618355,-0.006940,-0.030020,-1.526730,ndi
1786505436.518511,45.633337,-0.006990,-0.030030,-1.526710,ndi
1786505436.536195,45.651020,-0.007050,-0.030040,-1.526720,ndi
1786505436.553648,45.668474,-0.007130,-0.030040,-1.526720,ndi
1786505436.568504,45.683330,-0.007170,-0.030040,-1.526720,ndi
1786505436.585977,45.700803,-0.007270,-0.030050,-1.526710,ndi
1786505436.603574,45.718400,-0.007380,-0.030080,-1.526720,ndi
1786505436.618709,45.733535,-0.007420,-0.030080,-1.526710,ndi
1786505436.636168,45.750994,-0.007500,-0.030070,-1.526710,ndi
1786505436.653616,45.768441,-0.007610,-0.030080,-1.526690,ndi
1786505436.668475,45.783300,-0.007670,-0.030090,-1.526670,ndi
1786505436.686059,45.800885,-0.007740,-0.030090,-1.526660,ndi
1786505436.703542,45.818368,-0.007840,-0.030080,-1.526670,ndi
1786505436.718531,45.833356,-0.007920,-0.030090,-1.526660,ndi
1786505436.736063,45.850888,-0.008000,-0.030110,-1.526650,ndi
1786505436.753556,45.868381,-0.008060,-0.030100,-1.526670,ndi
1786505436.768513,45.883339,-0.008140,-0.030090,-1.526670,ndi
1786505436.786071,45.900897,-0.008290,-0.030110,-1.526660,ndi
1786505436.803603,45.918428,-0.008360,-0.030120,-1.526670,ndi
1786505436.818643,45.933469,-0.008390,-0.030110,-1.526680,ndi
1786505436.836055,45.950881,-0.008410,-0.030090,-1.526670,ndi
1786505436.853642,45.968467,-0.008480,-0.030110,-1.526660,ndi
1786505436.868495,45.983321,-0.008560,-0.030120,-1.526660,ndi
1786505436.886124,46.000949,-0.008650,-0.030110,-1.526650,ndi
1786505436.903611,46.018437,-0.008720,-0.030100,-1.526640,ndi
1786505436.918540,46.033366,-0.008790,-0.030110,-1.526680,ndi
1786505436.936179,46.051004,-0.008910,-0.030120,-1.526650,ndi
1786505436.953628,46.068454,-0.008970,-0.030100,-1.526660,ndi
1786505436.968497,46.083323,-0.009050,-0.030100,-1.526650,ndi
1786505436.986061,46.100887,-0.009120,-0.030120,-1.526660,ndi
1786505437.003695,46.118521,-0.009140,-0.030120,-1.526630,ndi
1786505437.018786,46.133612,-0.009180,-0.030100,-1.526670,ndi
1786505437.036184,46.151010,-0.009280,-0.030100,-1.526650,ndi
1786505437.053657,46.168483,-0.009390,-0.030110,-1.526650,ndi
1786505437.068504,46.183330,-0.009450,-0.030120,-1.526650,ndi
1786505437.086094,46.200920,-0.009510,-0.030100,-1.526660,ndi
1786505437.103599,46.218425,-0.009610,-0.030100,-1.526670,ndi
1786505437.118587,46.233413,-0.009670,-0.030110,-1.526680,ndi
1786505437.136116,46.250941,-0.009740,-0.030110,-1.526680,ndi
1786505437.153639,46.268465,-0.009820,-0.030100,-1.526700,ndi
1786505437.168510,46.283335,-0.009880,-0.030110,-1.526690,ndi
1786505437.186020,46.300846,-0.009960,-0.030120,-1.526690,ndi
1786505437.203552,46.318378,-0.010050,-0.030100,-1.526700,ndi
1786505437.218518,46.333344,-0.010120,-0.030090,-1.526720,ndi
1786505437.236063,46.350889,-0.010250,-0.030090,-1.526720,ndi
1786505437.253554,46.368379,-0.010320,-0.030090,-1.526740,ndi
1786505437.268496,46.383322,-0.010370,-0.030090,-1.526750,ndi
1786505437.286027,46.400853,-0.010450,-0.030080,-1.526770,ndi
1786505437.303724,46.418550,-0.010510,-0.030080,-1.526770,ndi
1786505437.318625,46.433451,-0.010590,-0.030080,-1.526810,ndi
1786505437.336134,46.450959,-0.010720,-0.030070,-1.526840,ndi
1786505437.353688,46.468514,-0.010840,-0.030050,-1.526830,ndi
1786505437.368517,46.483343,-0.010900,-0.030070,-1.526850,ndi
1786505437.386019,46.500844,-0.010950,-0.030060,-1.526840,ndi
1786505437.403685,46.518511,-0.011010,-0.030030,-1.526820,ndi
1786505437.418537,46.533362,-0.011080,-0.030030,-1.526880,ndi
1786505437.436053,46.550878,-0.011140,-0.030050,-1.526840,ndi
1786505437.453583,46.568408,-0.011230,-0.030040,-1.526860,ndi
1786505437.468557,46.583383,-0.011290,-0.030010,-1.526850,ndi
1786505437.486074,46.600900,-0.011370,-0.030010,-1.526880,ndi
1786505437.503775,46.618601,-0.011450,-0.030020,-1.526870,ndi
1786505437.518718,46.633543,-0.011540,-0.030010,-1.526880,ndi
1786505437.536213,46.651039,-0.011580,-0.030000,-1.526920,ndi
1786505437.553594,46.668420,-0.011630,-0.029990,-1.526890,ndi
1786505437.568494,46.683320,-0.011660,-0.030000,-1.526940,ndi
1786505437.586003,46.700829,-0.011730,-0.029980,-1.526930,ndi
1786505437.603650,46.718476,-0.011790,-0.029970,-1.526960,ndi
1786505437.618777,46.733603,-0.011820,-0.029970,-1.526960,ndi
1786505437.636208,46.751033,-0.011920,-0.029970,-1.527000,ndi
1786505437.653682,46.768508,-0.011990,-0.029960,-1.527020,ndi
1786505437.668510,46.783336,-0.012060,-0.029940,-1.527020,ndi
1786505437.686008,46.800833,-0.012150,-0.029940,-1.527070,ndi
1786505437.703738,46.818564,-0.012220,-0.029930,-1.527060,ndi
1786505437.718675,46.833500,-0.012280,-0.029920,-1.527070,ndi
1786505437.736203,46.851029,-0.012380,-0.029900,-1.527130,ndi
1786505437.753617,46.868443,-0.012460,-0.029910,-1.527120,ndi
1786505437.768505,46.883331,-0.012560,-0.029890,-1.527170,ndi
1786505437.786051,46.900877,-0.012630,-0.029880,-1.527160,ndi
1786505437.803696,46.918522,-0.012710,-0.029860,-1.527200,ndi
1786505437.818729,46.933555,-0.012780,-0.029860,-1.527230,ndi
1786505437.836202,46.951027,-0.012880,-0.029860,-1.527230,ndi
1786505437.853659,46.968485,-0.012940,-0.029840,-1.527240,ndi
1786505437.868504,46.983330,-0.012990,-0.029820,-1.527260,ndi
1786505437.886023,47.000849,-0.013080,-0.029820,-1.527290,ndi
1786505437.903682,47.018507,-0.013190,-0.029810,-1.527320,ndi
1786505437.918612,47.033437,-0.013260,-0.029790,-1.527340,ndi
1786505437.936249,47.051075,-0.013330,-0.029770,-1.527330,ndi
1786505437.953671,47.068496,-0.013360,-0.029770,-1.527350,ndi
1786505437.968489,47.083315,-0.013420,-0.029770,-1.527380,ndi
1786505437.986007,47.100833,-0.013490,-0.029750,-1.527400,ndi
1786505438.003553,47.118379,-0.013580,-0.029720,-1.527410,ndi
1786505438.018552,47.133378,-0.013630,-0.029730,-1.527450,ndi
1786505438.036076,47.150902,-0.013710,-0.029730,-1.527460,ndi
1786505438.053549,47.168375,-0.013820,-0.029690,-1.527480,ndi
1786505438.068552,47.183378,-0.013870,-0.029660,-1.527530,ndi
1786505438.086075,47.200900,-0.013950,-0.029660,-1.527540,ndi
1786505438.103632,47.218458,-0.013990,-0.029670,-1.527540,ndi
1786505438.118606,47.233432,-0.013990,-0.029660,-1.527560,ndi
1786505438.136122,47.250948,-0.014050,-0.029630,-1.527560,ndi
1786505438.153599,47.268425,-0.014110,-0.029640,-1.527580,ndi
1786505438.168507,47.283333,-0.014180,-0.029630,-1.527610,ndi
1786505438.186020,47.300845,-0.014230,-0.029610,-1.527630,ndi
1786505438.203660,47.318485,-0.014290,-0.029580,-1.527670,ndi
1786505438.218718,47.333544,-0.014350,-0.029590,-1.527670,ndi
1786505438.236171,47.350996,-0.014400,-0.029590,-1.527730,ndi
1786505438.253570,47.368395,-0.014490,-0.029550,-1.527750,ndi
1786505438.268514,47.383340,-0.014550,-0.029530,-1.527750,ndi
1786505438.286020,47.400846,-0.014620,-0.029530,-1.527790,ndi
1786505438.303643,47.418469,-0.014690,-0.029530,-1.527810,ndi
1786505438.318628,47.433454,-0.014760,-0.029500,-1.527820,ndi
1786505438.336116,47.450941,-0.014850,-0.029470,-1.527820,ndi
1786505438.353722,47.468548,-0.014920,-0.029460,-1.527880,ndi
1786505438.368501,47.483326,-0.014990,-0.029450,-1.527900,ndi
1786505438.386049,47.500874,-0.015080,-0.029430,-1.527970,ndi
1786505438.403569,47.518394,-0.015160,-0.029400,-1.528010,ndi
1786505438.418555,47.533381,-0.015210,-0.029390,-1.528010,ndi
1786505438.436085,47.550910,-0.015290,-0.029390,-1.528060,ndi
1786505438.453657,47.568483,-0.015400,-0.029340,-1.528120,ndi
1786505438.468466,47.583292,-0.015480,-0.029320,-1.528170,ndi
1786505438.486013,47.600839,-0.015550,-0.029310,-1.528210,ndi
1786505438.503607,47.618433,-0.015610,-0.029300,-1.528220,ndi
1786505438.518595,47.633421,-0.015650,-0.029290,-1.528260,ndi
1786505438.536172,47.650998,-0.015700,-0.029260,-1.528260,ndi
1786505438.553654,47.668479,-0.015770,-0.029250,-1.528290,ndi
1786505438.568511,47.683336,-0.015840,-0.029240,-1.528330,ndi
1786505438.586003,47.700829,-0.015900,-0.029210,-1.528370,ndi
1786505438.603562,47.718388,-0.015960,-0.029180,-1.528360,ndi
1786505438.618578,47.733404,-0.016040,-0.029170,-1.528400,ndi
1786505438.636101,47.750927,-0.016110,-0.029160,-1.528440,ndi
1786505438.653682,47.768508,-0.016170,-0.029130,-1.528460,ndi
1786505438.668537,47.783362,-0.016190,-0.029110,-1.528470,ndi
1786505438.686027,47.800853,-0.016230,-0.029110,-1.528520,ndi
1786505438.703788,47.818614,-0.016300,-0.029100,-1.528520,ndi
1786505438.718744,47.833569,-0.016340,-0.029070,-1.528530,ndi
1786505438.736234,47.851060,-0.016420,-0.029030,-1.528580,ndi
1786505438.753548,47.868374,-0.016510,-0.029030,-1.528610,ndi
1786505438.768515,47.883341,-0.016550,-0.029020,-1.528640,ndi
1786505438.785994,47.900820,-0.016600,-0.028980,-1.528680,ndi
1786505438.803557,47.918383,-0.016670,-0.028950,-1.528720,ndi
1786505438.818570,47.933396,-0.016780,-0.028940,-1.528760,ndi
1786505438.836065,47.950891,-0.016850,-0.028920,-1.528810,ndi
1786505438.853539,47.968364,-0.016920,-0.028890,-1.528820,ndi
1786505438.868519,47.983345,-0.016980,-0.028850,-1.528860,ndi
1786505438.886010,48.000836,-0.017070,-0.028840,-1.528920,ndi
1786505438.903668,48.018494,-0.017140,-0.028820,-1.528940,ndi
1786505438.918569,48.033395,-0.017190,-0.028780,-1.529000,ndi
1786505438.936064,48.050890,-0.017260,-0.028740,-1.529020,ndi
1786505438.953518,48.068344,-0.017350,-0.028740,-1.529050,ndi
1786505438.968512,48.083338,-0.017400,-0.028730,-1.529130,ndi
1786505438.985994,48.100820,-0.017490,-0.028670,-1.529150,ndi
1786505439.003630,48.118456,-0.017550,-0.028640,-1.529230,ndi
1786505439.018559,48.133384,-0.017660,-0.028620,-1.529310,ndi
1786505439.036107,48.150933,-0.017730,-0.028600,-1.529340,ndi
1786505439.053587,48.168413,-0.017780,-0.028560,-1.529390,ndi
1786505439.068603,48.183429,-0.017810,-0.028540,-1.529400,ndi
1786505439.086019,48.200844,-0.017860,-0.028540,-1.529410,ndi
1786505439.103692,48.218517,-0.017940,-0.028500,-1.529480,ndi
1786505439.118600,48.233426,-0.018000,-0.028460,-1.529520,ndi
1786505439.136081,48.250907,-0.018050,-0.028440,-1.529580,ndi
1786505439.153595,48.268421,-0.018120,-0.028430,-1.529570,ndi
1786505439.168492,48.283317,-0.018190,-0.028400,-1.529660,ndi
1786505439.186016,48.300842,-0.018260,-0.028350,-1.529690,ndi
1786505439.203725,48.318551,-0.018330,-0.028330,-1.529750,ndi
1786505439.218565,48.333391,-0.018350,-0.028330,-1.529740,ndi
1786505439.236192,48.351018,-0.018390,-0.028320,-1.529770,ndi
1786505439.253711,48.368536,-0.018440,-0.028280,-1.529770,ndi
1786505439.268530,48.383355,-0.018480,-0.028270,-1.529830,ndi
1786505439.286033,48.400859,-0.018540,-0.028250,-1.529880,ndi
1786505439.303624,48.418450,-0.018590,-0.028210,-1.529920,ndi
1786505439.318618,48.433444,-0.018640,-0.028180,-1.529950,ndi
1786505439.336175,48.451001,-0.018700,-0.028170,-1.530030,ndi
1786505439.353709,48.468535,-0.018760,-0.028140,-1.530040,ndi
1786505439.368525,48.483351,-0.018800,-0.028110,-1.530100,ndi
1786505439.385996,48.500822,-0.018860,-0.028070,-1.530110,ndi
1786505439.403700,48.518526,-0.018960,-0.028050,-1.530200,ndi
1786505439.418666,48.533492,-0.019000,-0.028030,-1.530180,ndi
1786505439.436217,48.551043,-0.019080,-0.027980,-1.530300,ndi
1786505439.453677,48.568502,-0.019160,-0.027930,-1.530350,ndi
1786505439.468581,48.583406,-0.019210,-0.027920,-1.530370,ndi
1786505439.486043,48.600868,-0.019260,-0.027890,-1.530380,ndi
1786505439.503568,48.618394,-0.019320,-0.027850,-1.530420,ndi
1786505439.518727,48.633552,-0.019370,-0.027820,-1.530480,ndi
1786505439.536191,48.651017,-0.019440,-0.027800,-1.530530,ndi
1786505439.553692,48.668518,-0.019480,-0.027770,-1.530570,ndi
1786505439.568542,48.683367,-0.019550,-0.027710,-1.530610,ndi
1786505439.586023,48.700849,-0.019630,-0.027680,-1.530700,ndi
1786505439.603686,48.718512,-0.019680,-0.027660,-1.530720,ndi
1786505439.618805,48.733631,-0.019730,-0.027630,-1.530770,ndi
1786505439.636234,48.751060,-0.019770,-0.027600,-1.530820,ndi
1786505439.653693,48.768519,-0.019840,-0.027560,-1.530850,ndi
1786505439.668527,48.783353,-0.019900,-0.027540,-1.530910,ndi
1786505439.686007,48.800833,-0.019940,-0.027510,-1.530930,ndi
1786505439.703600,48.818426,-0.020010,-0.027470,-1.530980,ndi
1786505439.718547,48.833373,-0.020060,-0.027440,-1.531030,ndi
1786505439.736087,48.850913,-0.020130,-0.027390,-1.531110,ndi
1786505439.753660,48.868486,-0.020200,-0.027340,-1.531220,ndi
1786505439.768543,48.883369,-0.020240,-0.027320,-1.531220,ndi
1786505439.786034,48.900859,-0.020260,-0.027320,-1.531240,ndi
1786505439.803678,48.918504,-0.020280,-0.027300,-1.531270,ndi
1786505439.818615,48.933440,-0.020330,-0.027260,-1.531300,ndi
1786505439.836265,48.951091,-0.020370,-0.027230,-1.531360,ndi
1786505439.853727,48.968552,-0.020420,-0.027200,-1.531370,ndi
1786505439.868566,48.983392,-0.020470,-0.027170,-1.531440,ndi
1786505439.886052,49.000878,-0.020520,-0.027140,-1.531470,ndi
1786505439.903802,49.018628,-0.020570,-0.027110,-1.531540,ndi
1786505439.918737,49.033563,-0.020620,-0.027080,-1.531550,ndi
1786505439.936242,49.051068,-0.020680,-0.027040,-1.531580,ndi
1786505439.953686,49.068511,-0.020730,-0.027010,-1.531660,ndi
1786505439.968529,49.083355,-0.020770,-0.026970,-1.531730,ndi
1786505439.986065,49.100890,-0.020840,-0.026940,-1.531780,ndi
1786505440.003818,49.118644,-0.020900,-0.026890,-1.531820,ndi
1786505440.018818,49.133644,-0.020950,-0.026860,-1.531880,ndi
1786505440.036209,49.151035,-0.021020,-0.026810,-1.531950,ndi
1786505440.053717,49.168543,-0.021070,-0.026770,-1.531970,ndi
1786505440.068539,49.183365,-0.021120,-0.026730,-1.532060,ndi
1786505440.086061,49.200887,-0.021160,-0.026690,-1.532100,ndi
1786505440.103577,49.218403,-0.021230,-0.026650,-1.532180,ndi
1786505440.118579,49.233405,-0.021280,-0.026610,-1.532240,ndi
1786505440.136113,49.250939,-0.021390,-0.026540,-1.532330,ndi
1786505440.153689,49.268514,-0.021430,-0.026500,-1.532400,ndi
1786505440.168547,49.283373,-0.021450,-0.026460,-1.532450,ndi
1786505440.186073,49.300899,-0.021540,-0.026420,-1.532500,ndi
1786505440.203698,49.318524,-0.021570,-0.026390,-1.532530,ndi
1786505440.218786,49.333611,-0.021610,-0.026350,-1.532570,ndi
1786505440.236249,49.351075,-0.021680,-0.026300,-1.532650,ndi
1786505440.253789,49.368614,-0.021710,-0.026280,-1.532710,ndi
1786505440.268562,49.383388,-0.021760,-0.026230,-1.532790,ndi
1786505440.286088,49.400914,-0.021820,-0.026170,-1.532840,ndi
1786505440.303602,49.418428,-0.021900,-0.026120,-1.532950,ndi
1786505440.318607,49.433433,-0.021930,-0.026090,-1.532990,ndi
1786505440.336246,49.451072,-0.021950,-0.026070,-1.533000,ndi
1786505440.353693,49.468519,-0.021970,-0.026060,-1.533030,ndi
1786505440.368553,49.483378,-0.021970,-0.026040,-1.533050,ndi
1786505440.386087,49.500913,-0.022050,-0.025970,-1.533130,ndi
1786505440.403669,49.518495,-0.022090,-0.025940,-1.533210,ndi
1786505440.418658,49.533484,-0.022140,-0.025910,-1.533220,ndi
1786505440.436234,49.551060,-0.022170,-0.025870,-1.533300,ndi
1786505440.453701,49.568527,-0.022220,-0.025810,-1.533350,ndi
1786505440.468562,49.583388,-0.022270,-0.025800,-1.533380,ndi
1786505440.486066,49.600892,-0.022290,-0.025760,-1.533480,ndi
1786505440.503795,49.618621,-0.022350,-0.025700,-1.533530,ndi
1786505440.518826,49.633652,-0.022400,-0.025660,-1.533550,ndi
1786505440.536198,49.651023,-0.022440,-0.025630,-1.533620,ndi
1786505440.553651,49.668477,-0.022480,-0.025590,-1.533660,ndi
1786505440.568598,49.683424,-0.022540,-0.025520,-1.533750,ndi
1786505440.586093,49.700919,-0.022570,-0.025480,-1.533800,ndi
1786505440.603729,49.718554,-0.022620,-0.025450,-1.533820,ndi
1786505440.618782,49.733608,-0.022660,-0.025410,-1.533920,ndi
1786505440.636204,49.751029,-0.022720,-0.025330,-1.534000,ndi
1786505440.653748,49.768573,-0.022750,-0.025290,-1.534060,ndi
1786505440.668559,49.783385,-0.022780,-0.025270,-1.534100,ndi
1786505440.686069,49.800895,-0.022830,-0.025210,-1.534220,ndi
1786505440.703763,49.818589,-0.022910,-0.025120,-1.534340,ndi
1786505440.718813,49.833638,-0.022950,-0.025080,-1.534400,ndi
1786505440.736306,49.851132,-0.022970,-0.025070,-1.534440,ndi
1786505440.753694,49.868519,-0.022990,-0.025030,-1.534460,ndi
1786505440.768568,49.883393,-0.023040,-0.024970,-1.534560,ndi
1786505440.786101,49.900927,-0.023090,-0.024930,-1.534590,ndi
1786505440.803655,49.918480,-0.023110,-0.024900,-1.534670,ndi
1786505440.818738,49.933564,-0.023150,-0.024860,-1.534700,ndi
1786505440.836158,49.950984,-0.023200,-0.024800,-1.534790,ndi
1786505440.853740,49.968566,-0.023250,-0.024740,-1.534900,ndi
1786505440.868586,49.983411,-0.023280,-0.024710,-1.534920,ndi
1786505440.886070,50.000896,-0.023300,-0.024660,-1.534980,ndi
1786505440.903605,50.018430,-0.023330,-0.024620,-1.535000,ndi
1786505440.918588,50.033413,-0.023340,-0.024620,-1.535070,ndi
1786505440.936294,50.051120,-0.023360,-0.024590,-1.535110,ndi
1786505440.953693,50.068519,-0.023410,-0.024540,-1.535140,ndi
1786505440.968560,50.083386,-0.023420,-0.024500,-1.535180,ndi
1786505440.986068,50.100893,-0.023450,-0.024460,-1.535240,ndi
1786505441.003558,50.118384,-0.023490,-0.024420,-1.535310,ndi
1786505441.018821,50.133646,-0.023520,-0.024380,-1.535360,ndi
1786505441.036187,50.151013,-0.023550,-0.024320,-1.535440,ndi
1786505441.053700,50.168525,-0.023590,-0.024300,-1.535490,ndi
1786505441.068609,50.183435,-0.023610,-0.024260,-1.535530,ndi
1786505441.086118,50.200943,-0.023640,-0.024200,-1.535620,ndi
1786505441.103591,50.218417,-0.023670,-0.024150,-1.535710,ndi
1786505441.118564,50.233390,-0.023720,-0.024110,-1.535780,ndi
1786505441.136079,50.250905,-0.023750,-0.024060,-1.535840,ndi
1786505441.153708,50.268534,-0.023790,-0.024000,-1.535870,ndi
1786505441.168555,50.283381,-0.023800,-0.023990,-1.535910,ndi
1786505441.186072,50.300898,-0.023810,-0.023970,-1.535950,ndi
1786505441.203740,50.318565,-0.023820,-0.023960,-1.535980,ndi
1786505441.218658,50.333484,-0.023830,-0.023940,-1.535960,ndi
1786505441.236309,50.351135,-0.023820,-0.023950,-1.535970,ndi
1786505441.253699,50.368525,-0.023830,-0.023950,-1.535970,ndi
1786505441.268577,50.383403,-0.023830,-0.023950,-1.535970,ndi
1786505441.286058,50.400884,-0.023820,-0.023940,-1.535990,ndi
1786505441.303658,50.418484,-0.023830,-0.023950,-1.535990,ndi
1786505441.318668,50.433494,-0.023820,-0.023940,-1.536000,ndi
1786505441.336190,50.451015,-0.023830,-0.023930,-1.536000,ndi
1786505441.353642,50.468468,-0.023840,-0.023940,-1.535980,ndi
1786505441.368582,50.483407,-0.023830,-0.023950,-1.535990,ndi
1786505441.386114,50.500940,-0.023830,-0.023950,-1.535990,ndi
1786505441.403669,50.518495,-0.023830,-0.023930,-1.535990,ndi
1786505441.418616,50.533441,-0.023840,-0.023940,-1.536010,ndi
1786505441.436122,50.550947,-0.023830,-0.023940,-1.536010,ndi
1786505441.453727,50.568552,-0.023830,-0.023940,-1.536010,ndi
1786505441.468604,50.583429,-0.023840,-0.023930,-1.536000,ndi
1786505441.486036,50.600862,-0.023830,-0.023950,-1.535980,ndi
1786505441.503578,50.618404,-0.023840,-0.023950,-1.536020,ndi
1786505441.518571,50.633397,-0.023820,-0.023930,-1.536020,ndi
1786505441.536216,50.651042,-0.023840,-0.023920,-1.536020,ndi
1786505441.553681,50.668506,-0.023840,-0.023950,-1.536020,ndi
1786505441.568594,50.683419,-0.023840,-0.023950,-1.536000,ndi
1786505441.586078,50.700904,-0.023840,-0.023930,-1.536010,ndi
1786505441.603581,50.718407,-0.023840,-0.023930,-1.536010,ndi
1786505441.618571,50.733396,-0.023840,-0.023950,-1.535990,ndi
1786505441.636109,50.750934,-0.023840,-0.023950,-1.536000,ndi
1786505441.653716,50.768542,-0.023840,-0.023920,-1.536000,ndi
1786505441.668576,50.783402,-0.023840,-0.023940,-1.535990,ndi
1786505441.686085,50.800910,-0.023840,-0.023960,-1.536020,ndi
1786505441.703593,50.818418,-0.023840,-0.023940,-1.536030,ndi
1786505441.718558,50.833383,-0.023830,-0.023920,-1.536010,ndi
1786505441.736058,50.850883,-0.023850,-0.023940,-1.535990,ndi
1786505441.753726,50.868551,-0.023850,-0.023960,-1.536010,ndi
1786505441.768558,50.883384,-0.023830,-0.023940,-1.536020,ndi
1786505441.786047,50.900873,-0.023840,-0.023920,-1.536010,ndi
1786505441.803585,50.918411,-0.023840,-0.023950,-1.536020,ndi
1786505441.818639,50.933465,-0.023830,-0.023950,-1.536010,ndi
1786505441.836256,50.951082,-0.023840,-0.023930,-1.536000,ndi
1786505441.853737,50.968563,-0.023840,-0.023930,-1.535990,ndi
1786505441.868581,50.983407,-0.023840,-0.023950,-1.536010,ndi
1786505441.886053,51.000879,-0.023840,-0.023950,-1.536010,ndi
1786505441.903595,51.018421,-0.023830,-0.023920,-1.535980,ndi
1786505441.918604,51.033430,-0.023830,-0.023920,-1.536000,ndi
1786505441.936119,51.050945,-0.023840,-0.023960,-1.535980,ndi
1786505441.953722,51.068547,-0.023840,-0.023950,-1.536010,ndi
1786505441.968615,51.083440,-0.023830,-0.023920,-1.536010,ndi
1786505441.986078,51.100904,-0.023850,-0.023930,-1.536000,ndi
1786505442.003700,51.118526,-0.023840,-0.023960,-1.535980,ndi
1786505442.018659,51.133484,-0.023840,-0.023950,-1.536000,ndi
1786505442.036196,51.151021,-0.023840,-0.023930,-1.535980,ndi
1786505442.053680,51.168506,-0.023840,-0.023930,-1.536010,ndi
1786505442.068618,51.183443,-0.023850,-0.023950,-1.536000,ndi
1786505442.086126,51.200951,-0.023850,-0.023950,-1.536020,ndi
1786505442.103624,51.218450,-0.023840,-0.023920,-1.535990,ndi
1786505442.118609,51.233434,-0.023830,-0.023930,-1.536000,ndi
1786505442.136185,51.251011,-0.023840,-0.023960,-1.535990,ndi
1786505442.153649,51.268475,-0.023840,-0.023950,-1.536000,ndi
1786505442.168600,51.283426,-0.023840,-0.023920,-1.536000,ndi
1786505442.186080,51.300906,-0.023840,-0.023940,-1.536010,ndi
1786505442.203630,51.318455,-0.023840,-0.023960,-1.535980,ndi
1786505442.218648,51.333473,-0.023840,-0.023950,-1.535980,ndi
1786505442.236316,51.351142,-0.023830,-0.023930,-1.535980,ndi
1786505442.253724,51.368549,-0.023840,-0.023940,-1.536000,ndi
1786505442.268564,51.383389,-0.023840,-0.023950,-1.535970,ndi
1786505442.286062,51.400888,-0.023820,-0.023940,-1.536020,ndi
1786505442.303748,51.418573,-0.023840,-0.023930,-1.536010,ndi
1786505442.318635,51.433460,-0.023840,-0.023950,-1.536000,ndi
1786505442.336185,51.451011,-0.023840,-0.023950,-1.536010,ndi
1786505442.353676,51.468502,-0.023840,-0.023940,-1.536010,ndi
1786505442.368592,51.483418,-0.023840,-0.023930,-1.536010,ndi
1786505442.386099,51.500925,-0.023850,-0.023940,-1.536020,ndi
1786505442.403729,51.518554,-0.023830,-0.023950,-1.535990,ndi
1786505442.418748,51.533574,-0.023840,-0.023940,-1.535990,ndi
1786505442.436243,51.551069,-0.023840,-0.023930,-1.536000,ndi
1786505442.453680,51.568506,-0.023840,-0.023940,-1.535980,ndi
1786505442.468596,51.583421,-0.023850,-0.023940,-1.535990,ndi
1786505442.486072,51.600898,-0.023830,-0.023940,-1.536010,ndi
1786505442.503663,51.618488,-0.023830,-0.023930,-1.536010,ndi
1786505442.518766,51.633592,-0.023830,-0.023940,-1.536020,ndi
1786505442.536264,51.651090,-0.023840,-0.023940,-1.535990,ndi
1786505442.553653,51.668479,-0.023840,-0.023940,-1.536000,ndi
1786505442.568608,51.683433,-0.023840,-0.023930,-1.536010,ndi
1786505442.586090,51.700915,-0.023850,-0.023940,-1.536010,ndi
1786505442.603749,51.718575,-0.023840,-0.023930,-1.536020,ndi
1786505442.618724,51.733550,-0.023840,-0.023930,-1.535990,ndi
1786505442.636378,51.751204,-0.023840,-0.023930,-1.536010,ndi
1786505442.653713,51.768539,-0.023840,-0.023940,-1.535990,ndi
1786505442.668608,51.783434,-0.023860,-0.023930,-1.536030,ndi
1786505442.686098,51.800923,-0.023830,-0.023930,-1.536040,ndi
1786505442.703705,51.818531,-0.023890,-0.023920,-1.536010,ndi
1786505442.718686,51.833512,-0.023860,-0.023940,-1.536030,ndi
1786505442.736241,51.851066,-0.023800,-0.023930,-1.536040,ndi
1786505442.753724,51.868550,-0.023880,-0.023920,-1.536020,ndi
1786505442.768617,51.883443,-0.023810,-0.023920,-1.536040,ndi
1786505442.786096,51.900922,-0.023800,-0.023930,-1.536010,ndi
1786505442.803661,51.918487,-0.023850,-0.023930,-1.536010,ndi
1786505442.818657,51.933483,-0.023820,-0.023920,-1.536020,ndi
1786505442.836240,51.951066,-0.023840,-0.023920,-1.536020,ndi
1786505442.853683,51.968509,-0.023830,-0.023930,-1.536040,ndi
1786505442.868614,51.983439,-0.023840,-0.023920,-1.536050,ndi
1786505442.886087,52.000913,-0.023830,-0.023920,-1.536020,ndi
1786505442.903722,52.018548,-0.023830,-0.023930,-1.536020,ndi
1786505442.918821,52.033646,-0.023850,-0.023930,-1.536040,ndi
1786505442.936207,52.051033,-0.023840,-0.023920,-1.536030,ndi
1786505442.953707,52.068533,-0.023820,-0.023920,-1.536010,ndi
1786505442.968616,52.083442,-0.023830,-0.023930,-1.536040,ndi
1786505442.986095,52.100921,-0.023850,-0.023920,-1.536030,ndi
1786505443.003699,52.118525,-0.023850,-0.023910,-1.536050,ndi
1786505443.018862,52.133687,-0.023820,-0.023930,-1.536030,ndi
1786505443.036422,52.151248,-0.023840,-0.023930,-1.536040,ndi
1786505443.053761,52.168586,-0.023840,-0.023910,-1.536060,ndi
1786505443.068569,52.183395,-0.023830,-0.023910,-1.536050,ndi
1786505443.086134,52.200960,-0.023840,-0.023930,-1.536030,ndi
1786505443.103667,52.218493,-0.023820,-0.023920,-1.536030,ndi
1786505443.118814,52.233640,-0.023830,-0.023910,-1.536050,ndi
1786505443.136304,52.251130,-0.023850,-0.023920,-1.536070,ndi
1786505443.153758,52.268584,-0.023840,-0.023930,-1.536060,ndi
1786505443.168602,52.283427,-0.023840,-0.023910,-1.536060,ndi
1786505443.186105,52.300930,-0.023840,-0.023900,-1.536080,ndi
1786505443.203744,52.318570,-0.023830,-0.023920,-1.536060,ndi
1786505443.218781,52.333607,-0.023830,-0.023940,-1.536020,ndi
1786505443.236514,52.351340,-0.023840,-0.023920,-1.536070,ndi
1786505443.253753,52.368579,-0.023830,-0.023910,-1.536050,ndi
1786505443.268595,52.383421,-0.023830,-0.023920,-1.536050,ndi
1786505443.286091,52.400917,-0.023820,-0.023920,-1.536050,ndi
1786505443.303675,52.418500,-0.023830,-0.023920,-1.536040,ndi
1786505443.318769,52.433594,-0.023840,-0.023910,-1.536040,ndi
1786505443.336232,52.451058,-0.023840,-0.023930,-1.536030,ndi
1786505443.353736,52.468562,-0.023830,-0.023930,-1.536060,ndi
1786505443.368579,52.483405,-0.023840,-0.023920,-1.536050,ndi
1786505443.386120,52.500946,-0.023850,-0.023910,-1.536050,ndi
1786505443.403684,52.518509,-0.023830,-0.023930,-1.536040,ndi
1786505443.418816,52.533642,-0.023840,-0.023930,-1.536020,ndi
1786505443.436158,52.550984,-0.023840,-0.023920,-1.536050,ndi
1786505443.453783,52.568609,-0.023840,-0.023920,-1.536040,ndi
1786505443.468599,52.583425,-0.023840,-0.023920,-1.536020,ndi
1786505443.486118,52.600944,-0.023830,-0.023920,-1.536050,ndi
1786505443.503654,52.618480,-0.023830,-0.023910,-1.536050,ndi
1786505443.518650,52.633476,-0.023830,-0.023920,-1.536020,ndi
1786505443.536152,52.650978,-0.023830,-0.023940,-1.536020,ndi
1786505443.553748,52.668574,-0.023840,-0.023910,-1.536050,ndi
1786505443.568600,52.683426,-0.023830,-0.023910,-1.536050,ndi
1786505443.586094,52.700919,-0.023830,-0.023920,-1.536020,ndi
1786505443.603637,52.718462,-0.023830,-0.023940,-1.536010,ndi
1786505443.618621,52.733447,-0.023850,-0.023920,-1.536030,ndi
1786505443.636168,52.750994,-0.023830,-0.023910,-1.536020,ndi
1786505443.653739,52.768565,-0.023830,-0.023920,-1.536010,ndi
1786505443.668613,52.783438,-0.023830,-0.023930,-1.536020,ndi
1786505443.686097,52.800923,-0.023830,-0.023910,-1.536040,ndi
1786505443.703755,52.818581,-0.023850,-0.023910,-1.536020,ndi
1786505443.718678,52.833504,-0.023820,-0.023930,-1.536010,ndi
1786505443.736238,52.851064,-0.023830,-0.023930,-1.536020,ndi
1786505443.753743,52.868569,-0.023850,-0.023910,-1.536010,ndi
1786505443.768597,52.883422,-0.023840,-0.023910,-1.536040,ndi
1786505443.786106,52.900932,-0.023840,-0.023930,-1.536000,ndi
1786505443.803656,52.918482,-0.023830,-0.023930,-1.536000,ndi
1786505443.818774,52.933600,-0.023840,-0.023920,-1.536010,ndi
1786505443.836252,52.951078,-0.023840,-0.023920,-1.536010,ndi
1786505443.853638,52.968464,-0.023840,-0.023930,-1.536010,ndi
1786505443.868620,52.983445,-0.023830,-0.023920,-1.536000,ndi
1786505443.886118,53.000944,-0.023830,-0.023910,-1.536000,ndi
1786505443.903641,53.018466,-0.023850,-0.023920,-1.536010,ndi
1786505443.918618,53.033444,-0.023830,-0.023930,-1.536010,ndi
1786505443.936139,53.050965,-0.023840,-0.023920,-1.536010,ndi
1786505443.953733,53.068559,-0.023850,-0.023920,-1.536000,ndi
1786505443.968653,53.083478,-0.023830,-0.023920,-1.536030,ndi
1786505443.986135,53.100960,-0.023850,-0.023930,-1.536020,ndi
1786505444.003678,53.118504,-0.023840,-0.023920,-1.536020,ndi
1786505444.018663,53.133489,-0.023840,-0.023920,-1.536020,ndi
1786505444.036166,53.150992,-0.023840,-0.023920,-1.536010,ndi
1786505444.053640,53.168466,-0.023830,-0.023930,-1.536010,ndi
1786505444.068655,53.183481,-0.023830,-0.023920,-1.536020,ndi
1786505444.086158,53.200983,-0.023840,-0.023930,-1.536020,ndi
1786505444.103668,53.218494,-0.023830,-0.023920,-1.536010,ndi
1786505444.118665,53.233491,-0.023830,-0.023920,-1.536010,ndi
1786505444.136260,53.251086,-0.023840,-0.023920,-1.536000,ndi
1786505444.153750,53.268575,-0.023840,-0.023920,-1.536020,ndi
1786505444.168650,53.283476,-0.023850,-0.023920,-1.536020,ndi
1786505444.186127,53.300953,-0.023850,-0.023920,-1.536030,ndi
1786505444.203801,53.318627,-0.023830,-0.023930,-1.536020,ndi
1786505444.218748,53.333573,-0.023850,-0.023920,-1.536010,ndi
1786505444.236166,53.350992,-0.023840,-0.023920,-1.536040,ndi
1786505444.253695,53.368520,-0.023830,-0.023920,-1.536010,ndi
1786505444.268624,53.383449,-0.023850,-0.023930,-1.536040,ndi
1786505444.286122,53.400948,-0.023840,-0.023920,-1.536030,ndi
1786505444.303665,53.418491,-0.023840,-0.023920,-1.535990,ndi
1786505444.318642,53.433468,-0.023840,-0.023930,-1.536020,ndi
1786505444.336133,53.450959,-0.023850,-0.023920,-1.536000,ndi
1786505444.353692,53.468518,-0.023830,-0.023920,-1.536040,ndi
1786505444.368637,53.483463,-0.023850,-0.023920,-1.536030,ndi
1786505444.386151,53.500976,-0.023850,-0.023930,-1.536020,ndi
1786505444.403677,53.518503,-0.023840,-0.023930,-1.536010,ndi
1786505444.418828,53.533654,-0.023850,-0.023910,-1.536000,ndi
1786505444.436187,53.551013,-0.023830,-0.023920,-1.536040,ndi
1786505444.453815,53.568640,-0.023840,-0.023930,-1.536020,ndi
1786505444.468641,53.583467,-0.023850,-0.023930,-1.536020,ndi
1786505444.486164,53.600990,-0.023840,-0.023920,-1.536010,ndi
1786505444.503798,53.618624,-0.023850,-0.023920,-1.536020,ndi
1786505444.518821,53.633647,-0.023840,-0.023940,-1.536040,ndi
1786505444.536322,53.651148,-0.023850,-0.023930,-1.536010,ndi
1786505444.553924,53.668750,-0.023840,-0.023910,-1.535990,ndi
1786505444.568642,53.683468,-0.023850,-0.023920,-1.536030,ndi
1786505444.586133,53.700958,-0.023850,-0.023940,-1.536040,ndi
1786505444.603651,53.718477,-0.023850,-0.023930,-1.536030,ndi
1786505444.618659,53.733485,-0.023850,-0.023920,-1.536020,ndi
1786505444.636250,53.751076,-0.023840,-0.023930,-1.536030,ndi
1786505444.653733,53.768559,-0.023840,-0.023940,-1.536010,ndi
1786505444.668617,53.783443,-0.023850,-0.023930,-1.536020,ndi
1786505444.686146,53.800972,-0.023840,-0.023920,-1.536020,ndi
1786505444.703698,53.818524,-0.023860,-0.023930,-1.536000,ndi
1786505444.718709,53.833535,-0.023840,-0.023940,-1.535990,ndi
1786505444.736399,53.851225,-0.023850,-0.023930,-1.535990,ndi
1786505444.753800,53.868625,-0.023850,-0.023920,-1.536020,ndi
1786505444.768657,53.883482,-0.023840,-0.023930,-1.536010,ndi
1786505444.786132,53.900957,-0.023860,-0.023940,-1.535980,ndi
1786505444.803655,53.918481,-0.023860,-0.023930,-1.536010,ndi
1786505444.818709,53.933535,-0.023870,-0.023910,-1.536050,ndi
1786505444.836274,53.951100,-0.023850,-0.023940,-1.535990,ndi
1786505444.853643,53.968468,-0.023890,-0.023950,-1.535990,ndi
1786505444.868647,53.983472,-0.023840,-0.023940,-1.535990,ndi
1786505444.886144,54.000970,-0.023810,-0.023920,-1.536010,ndi
1786505444.903836,54.018662,-0.023850,-0.023930,-1.536010,ndi
1786505444.918885,54.033710,-0.023840,-0.023940,-1.535990,ndi
1786505444.936359,54.051185,-0.023860,-0.023930,-1.535980,ndi
1786505444.953863,54.068689,-0.023820,-0.023930,-1.536010,ndi
1786505444.968683,54.083509,-0.023860,-0.023950,-1.536000,ndi
1786505444.986148,54.100974,-0.023860,-0.023950,-1.535980,ndi
1786505445.003706,54.118532,-0.023820,-0.023920,-1.536000,ndi
1786505445.018666,54.133492,-0.023870,-0.023920,-1.536020,ndi
1786505445.036141,54.150967,-0.023810,-0.023940,-1.536010,ndi
1786505445.053781,54.168607,-0.023850,-0.023950,-1.536010,ndi
1786505445.068681,54.183506,-0.023830,-0.023930,-1.535980,ndi
1786505445.086153,54.200979,-0.023870,-0.023930,-1.536000,ndi
1786505445.103687,54.218513,-0.023870,-0.023950,-1.535990,ndi
1786505445.118716,54.233541,-0.023810,-0.023950,-1.535980,ndi
1786505445.136152,54.250977,-0.023890,-0.023930,-1.535990,ndi
1786505445.153920,54.268746,-0.023850,-0.023930,-1.536000,ndi
1786505445.168680,54.283506,-0.023870,-0.023950,-1.535990,ndi
1786505445.186157,54.300982,-0.023850,-0.023940,-1.535980,ndi
1786505445.203683,54.318508,-0.023830,-0.023930,-1.536030,ndi
1786505445.218678,54.333504,-0.023870,-0.023930,-1.535990,ndi
1786505445.236200,54.351025,-0.023820,-0.023950,-1.535970,ndi
1786505445.253665,54.368490,-0.023870,-0.023930,-1.535990,ndi
1786505445.268671,54.383496,-0.023850,-0.023930,-1.535990,ndi
1786505445.286179,54.401005,-0.023830,-0.023940,-1.536000,ndi
1786505445.303699,54.418525,-0.023870,-0.023940,-1.535990,ndi
1786505445.318679,54.433504,-0.023840,-0.023930,-1.535980,ndi
1786505445.336315,54.451140,-0.023870,-0.023930,-1.535990,ndi
1786505445.353678,54.468503,-0.023850,-0.023950,-1.535990,ndi
1786505445.368673,54.483499,-0.023850,-0.023950,-1.535980,ndi
1786505445.386179,54.501005,-0.023880,-0.023930,-1.535980,ndi
1786505445.403726,54.518552,-0.023850,-0.023930,-1.535980,ndi
1786505445.418686,54.533511,-0.023860,-0.023950,-1.535990,ndi
1786505445.436215,54.551041,-0.023840,-0.023950,-1.535980,ndi
1786505445.453802,54.568628,-0.023860,-0.023930,-1.536010,ndi
1786505445.468644,54.583470,-0.023860,-0.023930,-1.535990,ndi
1786505445.486166,54.600991,-0.023850,-0.023950,-1.535990,ndi
1786505445.503694,54.618520,-0.023880,-0.023940,-1.535990,ndi
1786505445.518857,54.633682,-0.023830,-0.023920,-1.536020,ndi
1786505445.536404,54.651230,-0.023870,-0.023930,-1.536020,ndi
1786505445.553796,54.668622,-0.023850,-0.023950,-1.536000,ndi
1786505445.568685,54.683511,-0.023850,-0.023940,-1.536010,ndi
1786505445.586163,54.700989,-0.023870,-0.023920,-1.536030,ndi
1786505445.603686,54.718512,-0.023830,-0.023940,-1.536010,ndi
1786505445.618681,54.733507,-0.023870,-0.023950,-1.536000,ndi
1786505445.636209,54.751034,-0.023860,-0.023930,-1.536000,ndi
1786505445.653770,54.768596,-0.023850,-0.023920,-1.536020,ndi
1786505445.668676,54.783501,-0.023850,-0.023940,-1.536000,ndi
1786505445.686165,54.800990,-0.023850,-0.023950,-1.535990,ndi
1786505445.703763,54.818588,-0.023870,-0.023920,-1.536040,ndi
1786505445.718707,54.833533,-0.023840,-0.023910,-1.536020,ndi
1786505445.736211,54.851037,-0.023850,-0.023950,-1.536010,ndi
1786505445.753693,54.868519,-0.023850,-0.023950,-1.536000,ndi
1786505445.768673,54.883499,-0.023850,-0.023920,-1.536030,ndi
1786505445.786144,54.900969,-0.023880,-0.023920,-1.535990,ndi
1786505445.803846,54.918672,-0.023840,-0.023960,-1.536000,ndi
1786505445.818830,54.933656,-0.023840,-0.023950,-1.536000,ndi
1786505445.836313,54.951139,-0.023850,-0.023920,-1.536030,ndi
1786505445.853688,54.968513,-0.023850,-0.023920,-1.536020,ndi
1786505445.868642,54.983468,-0.023860,-0.023950,-1.535990,ndi
1786505445.886160,55.000986,-0.023840,-0.023950,-1.536030,ndi
1786505445.903738,55.018564,-0.023860,-0.023920,-1.536040,ndi
1786505445.918683,55.033509,-0.023850,-0.023930,-1.536020,ndi
1786505445.936202,55.051028,-0.023850,-0.023960,-1.536010,ndi
1786505445.953804,55.068629,-0.023860,-0.023930,-1.536010,ndi
1786505445.968669,55.083495,-0.023840,-0.023910,-1.536020,ndi
1786505445.986167,55.100993,-0.023860,-0.023940,-1.536040,ndi
1786505446.003796,55.118621,-0.023850,-0.023950,-1.536010,ndi
1786505446.018872,55.133698,-0.023850,-0.023930,-1.536020,ndi
1786505446.036409,55.151235,-0.023850,-0.023910,-1.536020,ndi
1786505446.053805,55.168631,-0.023840,-0.023940,-1.536000,ndi
1786505446.068764,55.183590,-0.023860,-0.023950,-1.536010,ndi
1786505446.086180,55.201006,-0.023860,-0.023920,-1.536030,ndi
1786505446.103857,55.218682,-0.023850,-0.023920,-1.536000,ndi
1786505446.118821,55.233647,-0.023840,-0.023940,-1.535990,ndi
1786505446.136337,55.251163,-0.023840,-0.023930,-1.536010,ndi
1786505446.153794,55.268620,-0.023850,-0.023920,-1.536000,ndi
1786505446.168664,55.283490,-0.023860,-0.023920,-1.536000,ndi
1786505446.186146,55.300972,-0.023850,-0.023930,-1.536010,ndi
1786505446.203776,55.318602,-0.023840,-0.023940,-1.536000,ndi
1786505446.218851,55.333677,-0.023850,-0.023920,-1.536010,ndi
1786505446.236321,55.351147,-0.023860,-0.023920,-1.536000,ndi
1786505446.253808,55.368634,-0.023850,-0.023920,-1.535980,ndi
1786505446.268632,55.383457,-0.023850,-0.023930,-1.535990,ndi
1786505446.286144,55.400970,-0.023840,-0.023930,-1.536010,ndi
1786505446.303739,55.418565,-0.023860,-0.023930,-1.536020,ndi
1786505446.318750,55.433576,-0.023850,-0.023920,-1.536000,ndi
1786505446.336247,55.451073,-0.023850,-0.023930,-1.536020,ndi
1786505446.353813,55.468639,-0.023850,-0.023930,-1.536000,ndi
1786505446.368680,55.483506,-0.023850,-0.023930,-1.536000,ndi
1786505446.386149,55.500975,-0.023860,-0.023920,-1.536010,ndi
1786505446.403819,55.518645,-0.023840,-0.023920,-1.536020,ndi
1786505446.418796,55.533621,-0.023850,-0.023930,-1.536000,ndi
1786505446.436325,55.551151,-0.023840,-0.023920,-1.536030,ndi
1786505446.453812,55.568637,-0.023840,-0.023910,-1.536020,ndi
1786505446.468629,55.583454,-0.023860,-0.023920,-1.536020,ndi
1786505446.486139,55.600965,-0.023840,-0.023920,-1.536020,ndi
1786505446.503703,55.618529,-0.023840,-0.023920,-1.536040,ndi
1786505446.518674,55.633500,-0.023840,-0.023910,-1.536020,ndi
1786505446.536210,55.651035,-0.023840,-0.023910,-1.536030,ndi
1786505446.553742,55.668568,-0.023840,-0.023930,-1.536040,ndi
1786505446.568689,55.683515,-0.023850,-0.023930,-1.536030,ndi
1786505446.586177,55.701003,-0.023830,-0.023920,-1.536030,ndi
1786505446.603693,55.718518,-0.023820,-0.023910,-1.536010,ndi
1786505446.618670,55.733495,-0.023860,-0.023930,-1.536020,ndi
1786505446.636296,55.751122,-0.023830,-0.023930,-1.536010,ndi
1786505446.653767,55.768593,-0.023830,-0.023920,-1.536030,ndi
1786505446.668667,55.783492,-0.023880,-0.023920,-1.536010,ndi
1786505446.686145,55.800971,-0.023860,-0.023930,-1.536000,ndi
1786505446.703775,55.818601,-0.023850,-0.023930,-1.535990,ndi
1786505446.718826,55.833652,-0.023860,-0.023920,-1.536010,ndi
1786505446.736293,55.851119,-0.023860,-0.023930,-1.536010,ndi
1786505446.753680,55.868506,-0.023840,-0.023940,-1.535990,ndi
1786505446.768693,55.883518,-0.023860,-0.023930,-1.536000,ndi
1786505446.786161,55.900986,-0.023850,-0.023920,-1.536010,ndi
1786505446.803721,55.918547,-0.023850,-0.023930,-1.536030,ndi
1786505446.818824,55.933649,-0.023850,-0.023940,-1.536010,ndi
1786505446.836316,55.951141,-0.023850,-0.023930,-1.536030,ndi
1786505446.853698,55.968524,-0.023860,-0.023930,-1.536000,ndi
1786505446.868713,55.983539,-0.023860,-0.023940,-1.536000,ndi
1786505446.886161,56.000986,-0.023850,-0.023950,-1.536010,ndi
1786505446.903723,56.018549,-0.023860,-0.023930,-1.535990,ndi
1786505446.918760,56.033586,-0.023860,-0.023930,-1.536000,ndi
1786505446.936254,56.051080,-0.023860,-0.023940,-1.535990,ndi
1786505446.953786,56.068611,-0.023860,-0.023950,-1.535990,ndi
1786505446.968714,56.083540,-0.023850,-0.023940,-1.535970,ndi
1786505446.986183,56.101009,-0.023860,-0.023930,-1.535980,ndi
1786505447.003824,56.118650,-0.023870,-0.023950,-1.535980,ndi
1786505447.018820,56.133646,-0.023860,-0.023950,-1.535990,ndi
1786505447.036315,56.151141,-0.023860,-0.023930,-1.535980,ndi
1786505447.053795,56.168621,-0.023870,-0.023950,-1.535980,ndi
1786505447.068678,56.183503,-0.023860,-0.023950,-1.535980,ndi
1786505447.086173,56.200999,-0.023860,-0.023940,-1.535990,ndi
1786505447.103742,56.218567,-0.023880,-0.023930,-1.536000,ndi
1786505447.118757,56.233583,-0.023840,-0.023920,-1.536020,ndi
1786505447.136219,56.251045,-0.023840,-0.023940,-1.535990,ndi
1786505447.153738,56.268564,-0.023860,-0.023930,-1.536000,ndi
1786505447.168829,56.283654,-0.023830,-0.023930,-1.536010,ndi
1786505447.186176,56.301002,-0.023850,-0.023940,-1.535980,ndi
1786505447.203837,56.318663,-0.023880,-0.023940,-1.536010,ndi
1786505447.218804,56.333630,-0.023850,-0.023930,-1.536030,ndi
1786505447.236319,56.351145,-0.023850,-0.023920,-1.536020,ndi
1786505447.253708,56.368534,-0.023850,-0.023920,-1.536030,ndi
1786505447.268648,56.383474,-0.023870,-0.023930,-1.536020,ndi
1786505447.286158,56.400984,-0.023860,-0.023930,-1.535990,ndi
1786505447.303752,56.418578,-0.023860,-0.023930,-1.536000,ndi
1786505447.318686,56.433512,-0.023860,-0.023930,-1.536010,ndi
1786505447.336288,56.451114,-0.023850,-0.023930,-1.536000,ndi
1786505447.351258,56.466084,-0.023860,-0.023920,-1.536010,ndi
1786505447.368663,56.483489,-0.023850,-0.023920,-1.536000,ndi
1786505447.386195,56.501021,-0.023870,-0.023940,-1.535980,ndi
1786505447.403829,56.518655,-0.023870,-0.023940,-1.535990,ndi
1786505447.418805,56.533630,-0.023850,-0.023930,-1.535990,ndi
1786505447.436318,56.551144,-0.023870,-0.023920,-1.536000,ndi
1786505447.453841,56.568667,-0.023850,-0.023940,-1.535980,ndi
1786505447.468688,56.583514,-0.023850,-0.023930,-1.535970,ndi
1786505447.486209,56.601034,-0.023870,-0.023920,-1.536000,ndi
1786505447.503951,56.618777,-0.023840,-0.023940,-1.535980,ndi
1786505447.518829,56.633654,-0.023880,-0.023940,-1.536000,ndi
1786505447.536392,56.651218,-0.023850,-0.023930,-1.536000,ndi
1786505447.553766,56.668591,-0.023840,-0.023920,-1.536010,ndi
1786505447.568673,56.683499,-0.023870,-0.023930,-1.536000,ndi
1786505447.586215,56.701040,-0.023860,-0.023940,-1.535970,ndi
1786505447.603915,56.718741,-0.023870,-0.023930,-1.535980,ndi
1786505447.618788,56.733613,-0.023860,-0.023920,-1.535970,ndi
1786505447.636311,56.751136,-0.023860,-0.023940,-1.536010,ndi
1786505447.653795,56.768621,-0.023870,-0.023940,-1.536000,ndi
1786505447.668702,56.783528,-0.023850,-0.023920,-1.536000,ndi
1786505447.686209,56.801035,-0.023870,-0.023920,-1.536000,ndi
1786505447.703791,56.818617,-0.023850,-0.023950,-1.535970,ndi
1786505447.718746,56.833571,-0.023860,-0.023950,-1.536000,ndi
1786505447.736196,56.851022,-0.023870,-0.023920,-1.535980,ndi
1786505447.751280,56.866105,-0.023840,-0.023920,-1.536000,ndi
1786505447.768672,56.883497,-0.023850,-0.023940,-1.536010,ndi
1786505447.786206,56.901032,-0.023860,-0.023940,-1.535990,ndi
1786505447.803767,56.918593,-0.023860,-0.023920,-1.536000,ndi
1786505447.818733,56.933559,-0.023860,-0.023930,-1.535990,ndi
1786505447.836358,56.951184,-0.023860,-0.023950,-1.535980,ndi
1786505447.853827,56.968653,-0.023870,-0.023930,-1.536000,ndi
1786505447.868692,56.983518,-0.023850,-0.023920,-1.535980,ndi
1786505447.886192,57.001018,-0.023870,-0.023930,-1.536010,ndi
1786505447.903822,57.018648,-0.023870,-0.023940,-1.536000,ndi
1786505447.918789,57.033615,-0.023860,-0.023930,-1.536000,ndi
1786505447.936330,57.051156,-0.023870,-0.023930,-1.535990,ndi
1786505447.953831,57.068657,-0.023840,-0.023930,-1.536010,ndi
1786505447.968670,57.083496,-0.023860,-0.023930,-1.536020,ndi
1786505447.986202,57.101027,-0.023870,-0.023920,-1.536020,ndi
1786505448.003915,57.118740,-0.023850,-0.023920,-1.536010,ndi
1786505448.018916,57.133742,-0.023880,-0.023930,-1.535990,ndi
1786505448.036326,57.151151,-0.023870,-0.023940,-1.535980,ndi
1786505448.053842,57.168668,-0.023860,-0.023920,-1.536000,ndi
1786505448.068680,57.183506,-0.023860,-0.023910,-1.536010,ndi
1786505448.086176,57.201002,-0.023830,-0.023900,-1.536030,ndi
1786505448.103802,57.218628,-0.023840,-0.023890,-1.536050,ndi
1786505448.118814,57.233640,-0.023850,-0.023880,-1.536030,ndi
1786505448.136189,57.251015,-0.023850,-0.023900,-1.536030,ndi
1786505448.153863,57.268689,-0.023840,-0.023920,-1.536020,ndi
1786505448.168681,57.283506,-0.023820,-0.023920,-1.536030,ndi
1786505448.186233,57.301058,-0.023830,-0.023880,-1.536050,ndi
1786505448.203727,57.318552,-0.023840,-0.023860,-1.536090,ndi
1786505448.218741,57.333567,-0.023830,-0.023870,-1.536060,ndi
1786505448.236391,57.351217,-0.023820,-0.023890,-1.536050,ndi
1786505448.253860,57.368685,-0.023820,-0.023890,-1.536020,ndi
1786505448.268717,57.383543,-0.023830,-0.023900,-1.536030,ndi
1786505448.286202,57.401027,-0.023850,-0.023880,-1.536050,ndi
1786505448.303749,57.418575,-0.023830,-0.023860,-1.536080,ndi
1786505448.318821,57.433647,-0.023790,-0.023860,-1.536080,ndi
1786505448.336243,57.451069,-0.023810,-0.023880,-1.536060,ndi
1786505448.353850,57.468676,-0.023830,-0.023900,-1.536020,ndi
1786505448.368693,57.483519,-0.023840,-0.023890,-1.536030,ndi
1786505448.386252,57.501078,-0.023830,-0.023880,-1.536060,ndi
1786505448.403784,57.518610,-0.023800,-0.023890,-1.536050,ndi
1786505448.418851,57.533676,-0.023810,-0.023870,-1.536070,ndi
1786505448.436307,57.551132,-0.023850,-0.023870,-1.536040,ndi
1786505448.451431,57.566257,-0.023840,-0.023880,-1.536060,ndi
1786505448.468703,57.583529,-0.023810,-0.023900,-1.536040,ndi
1786505448.486197,57.601022,-0.023800,-0.023880,-1.536060,ndi
1786505448.501276,57.616102,-0.023820,-0.023860,-1.536080,ndi
1786505448.518828,57.633653,-0.023830,-0.023860,-1.536080,ndi
1786505448.536305,57.651131,-0.023820,-0.023870,-1.536060,ndi
1786505448.553795,57.668621,-0.023800,-0.023880,-1.536050,ndi
1786505448.568680,57.683505,-0.023790,-0.023880,-1.536070,ndi
1786505448.586210,57.701036,-0.023830,-0.023880,-1.536060,ndi
1786505448.603733,57.718559,-0.023840,-0.023860,-1.536090,ndi
1786505448.618749,57.733575,-0.023820,-0.023850,-1.536070,ndi
1786505448.636296,57.751122,-0.023810,-0.023870,-1.536050,ndi
1786505448.653850,57.768675,-0.023800,-0.023870,-1.536040,ndi
1786505448.668698,57.783524,-0.023820,-0.023870,-1.536050,ndi
1786505448.686188,57.801014,-0.023820,-0.023860,-1.536050,ndi
1786505448.703813,57.818638,-0.023810,-0.023870,-1.536060,ndi
1786505448.718820,57.833646,-0.023800,-0.023870,-1.536080,ndi
1786505448.736316,57.851142,-0.023800,-0.023850,-1.536060,ndi
1786505448.753803,57.868629,-0.023820,-0.023860,-1.536060,ndi
1786505448.768693,57.883518,-0.023820,-0.023870,-1.536060,ndi
1786505448.786249,57.901075,-0.023800,-0.023870,-1.536080,ndi
1786505448.801385,57.916211,-0.023800,-0.023860,-1.536070,ndi
1786505448.818748,57.933574,-0.023810,-0.023850,-1.536090,ndi
1786505448.836347,57.951173,-0.023810,-0.023860,-1.536070,ndi
1786505448.853784,57.968609,-0.023800,-0.023860,-1.536080,ndi
1786505448.868690,57.983516,-0.023780,-0.023850,-1.536070,ndi
1786505448.886174,58.001000,-0.023790,-0.023860,-1.536070,ndi
1786505448.903755,58.018581,-0.023810,-0.023850,-1.536080,ndi
1786505448.918758,58.033584,-0.023780,-0.023820,-1.536100,ndi
1786505448.936354,58.051180,-0.023740,-0.023790,-1.536120,ndi
1786505448.953789,58.068615,-0.023640,-0.023750,-1.536180,ndi
1786505448.968725,58.083551,-0.023650,-0.023680,-1.536220,ndi
1786505448.986278,58.101104,-0.023630,-0.023630,-1.536230,ndi
1786505449.003833,58.118659,-0.023640,-0.023640,-1.536260,ndi
1786505449.018866,58.133692,-0.023660,-0.023680,-1.536220,ndi
1786505449.036345,58.151171,-0.023620,-0.023710,-1.536160,ndi
1786505449.053828,58.168654,-0.023640,-0.023710,-1.536160,ndi
1786505449.068707,58.183533,-0.023610,-0.023690,-1.536170,ndi
1786505449.086206,58.201032,-0.023560,-0.023660,-1.536190,ndi
1786505449.101274,58.216100,-0.023560,-0.023600,-1.536240,ndi
1786505449.118720,58.233546,-0.023490,-0.023550,-1.536260,ndi
1786505449.136254,58.251079,-0.023470,-0.023560,-1.536300,ndi
1786505449.153718,58.268543,-0.023520,-0.023570,-1.536260,ndi
1786505449.168715,58.283540,-0.023510,-0.023560,-1.536250,ndi
1786505449.186306,58.301132,-0.023530,-0.023570,-1.536220,ndi
1786505449.203773,58.318599,-0.023550,-0.023580,-1.536210,ndi
1786505449.218825,58.333651,-0.023520,-0.023580,-1.536230,ndi
1786505449.236261,58.351087,-0.023530,-0.023570,-1.536270,ndi
1786505449.253880,58.368706,-0.023530,-0.023570,-1.536270,ndi
1786505449.268716,58.383541,-0.023580,-0.023600,-1.536250,ndi
1786505449.286229,58.401054,-0.023560,-0.023620,-1.536230,ndi
1786505449.301323,58.416149,-0.023550,-0.023630,-1.536210,ndi
1786505449.318729,58.433555,-0.023550,-0.023610,-1.536220,ndi
1786505449.336349,58.451174,-0.023550,-0.023600,-1.536220,ndi
1786505449.353851,58.468677,-0.023560,-0.023590,-1.536240,ndi
1786505449.368707,58.483533,-0.023530,-0.023580,-1.536250,ndi
1786505449.386378,58.501204,-0.023530,-0.023580,-1.536250,ndi
1786505449.403886,58.518712,-0.023540,-0.023590,-1.536240,ndi
1786505449.418794,58.533620,-0.023520,-0.023590,-1.536250,ndi
1786505449.436269,58.551095,-0.023530,-0.023570,-1.536220,ndi
1786505449.453859,58.568684,-0.023520,-0.023550,-1.536250,ndi
1786505449.468716,58.583541,-0.023510,-0.023560,-1.536240,ndi
1786505449.486366,58.601192,-0.023530,-0.023570,-1.536270,ndi
1786505449.503799,58.618625,-0.023510,-0.023570,-1.536260,ndi
1786505449.518719,58.633545,-0.023520,-0.023570,-1.536230,ndi
1786505449.536372,58.651198,-0.023520,-0.023580,-1.536250,ndi
1786505449.553769,58.668595,-0.023520,-0.023580,-1.536220,ndi
1786505449.568700,58.683526,-0.023530,-0.023570,-1.536230,ndi
1786505449.586225,58.701051,-0.023530,-0.023580,-1.536220,ndi
1786505449.603876,58.718702,-0.023540,-0.023590,-1.536250,ndi
1786505449.618857,58.733683,-0.023520,-0.023580,-1.536230,ndi
1786505449.636391,58.751216,-0.023530,-0.023580,-1.536240,ndi
1786505449.653826,58.768651,-0.023520,-0.023560,-1.536250,ndi
1786505449.668719,58.783544,-0.023520,-0.023570,-1.536250,ndi
1786505449.686212,58.801038,-0.023520,-0.023570,-1.536260,ndi
1786505449.701342,58.816168,-0.023510,-0.023550,-1.536240,ndi
1786505449.718751,58.833576,-0.023480,-0.023530,-1.536310,ndi
1786505449.736438,58.851263,-0.023480,-0.023520,-1.536320,ndi
1786505449.753879,58.868704,-0.023490,-0.023510,-1.536300,ndi
1786505449.768734,58.883560,-0.023460,-0.023500,-1.536320,ndi
1786505449.786239,58.901065,-0.023470,-0.023520,-1.536350,ndi
1786505449.803796,58.918622,-0.023550,-0.023570,-1.536280,ndi
1786505449.818840,58.933666,-0.023570,-0.023610,-1.536250,ndi
1786505449.836485,58.951311,-0.023600,-0.023630,-1.536230,ndi
1786505449.853870,58.968696,-0.023580,-0.023650,-1.536250,ndi
1786505449.868722,58.983548,-0.023570,-0.023650,-1.536250,ndi
1786505449.886263,59.001089,-0.023620,-0.023620,-1.536330,ndi
1786505449.903795,59.018620,-0.023650,-0.023620,-1.536350,ndi
1786505449.918859,59.033685,-0.023600,-0.023650,-1.536290,ndi
1786505449.936308,59.051134,-0.023600,-0.023680,-1.536280,ndi
1786505449.953877,59.068703,-0.023640,-0.023700,-1.536260,ndi
1786505449.968726,59.083552,-0.023660,-0.023700,-1.536240,ndi
1786505449.986248,59.101073,-0.023660,-0.023690,-1.536240,ndi
1786505450.003773,59.118599,-0.023640,-0.023690,-1.536290,ndi
1786505450.018949,59.133775,-0.023630,-0.023690,-1.536250,ndi
1786505450.036625,59.151450,-0.023650,-0.023700,-1.536280,ndi
1786505450.053863,59.168689,-0.023700,-0.023700,-1.536260,ndi
1786505450.068709,59.183535,-0.023690,-0.023710,-1.536240,ndi
1786505450.086223,59.201049,-0.023630,-0.023710,-1.536240,ndi
1786505450.103794,59.218619,-0.023650,-0.023700,-1.536270,ndi
1786505450.118762,59.233588,-0.023690,-0.023680,-1.536290,ndi
1786505450.136294,59.251119,-0.023700,-0.023690,-1.536280,ndi
1786505450.153844,59.268670,-0.023660,-0.023710,-1.536280,ndi
1786505450.168739,59.283565,-0.023640,-0.023720,-1.536260,ndi
1786505450.186277,59.301103,-0.023670,-0.023700,-1.536250,ndi
1786505450.203789,59.318615,-0.023680,-0.023680,-1.536290,ndi
1786505450.218754,59.333580,-0.023650,-0.023690,-1.536290,ndi
1786505450.236448,59.351273,-0.023620,-0.023700,-1.536290,ndi
1786505450.253895,59.368721,-0.023610,-0.023690,-1.536300,ndi
1786505450.268764,59.383589,-0.023610,-0.023700,-1.536300,ndi
1786505450.286266,59.401091,-0.023630,-0.023710,-1.536300,ndi
1786505450.303818,59.418643,-0.023650,-0.023690,-1.536280,ndi
1786505450.318794,59.433619,-0.023640,-0.023660,-1.536300,ndi
1786505450.336443,59.451269,-0.023640,-0.023660,-1.536330,ndi
1786505450.353917,59.468743,-0.023670,-0.023680,-1.536310,ndi
1786505450.368740,59.483565,-0.023670,-0.023690,-1.536330,ndi
1786505450.386275,59.501101,-0.023670,-0.023680,-1.536300,ndi
1786505450.403785,59.518610,-0.023650,-0.023690,-1.536290,ndi
1786505450.418758,59.533584,-0.023670,-0.023700,-1.536300,ndi
1786505450.436434,59.551259,-0.023690,-0.023670,-1.536340,ndi
1786505450.453796,59.568622,-0.023690,-0.023660,-1.536350,ndi
1786505450.468731,59.583556,-0.023670,-0.023680,-1.536330,ndi
1786505450.486249,59.601075,-0.023640,-0.023710,-1.536330,ndi
1786505450.503865,59.618691,-0.023610,-0.023690,-1.536360,ndi
1786505450.518916,59.633742,-0.023600,-0.023680,-1.536390,ndi
1786505450.536499,59.651325,-0.023600,-0.023680,-1.536430,ndi
1786505450.553910,59.668736,-0.023630,-0.023700,-1.536400,ndi
1786505450.568775,59.683601,-0.023650,-0.023680,-1.536390,ndi
1786505450.586235,59.701061,-0.023620,-0.023690,-1.536430,ndi
1786505450.603800,59.718626,-0.023560,-0.023730,-1.536410,ndi
1786505450.618779,59.733605,-0.023540,-0.023740,-1.536430,ndi
1786505450.636298,59.751124,-0.023540,-0.023720,-1.536480,ndi
1786505450.653871,59.768697,-0.023560,-0.023690,-1.536500,ndi
1786505450.668747,59.783573,-0.023500,-0.023730,-1.536520,ndi
1786505450.686244,59.801070,-0.023420,-0.023740,-1.536520,ndi
1786505450.703976,59.818802,-0.023420,-0.023700,-1.536550,ndi
1786505450.718929,59.833755,-0.023420,-0.023700,-1.536550,ndi
1786505450.736445,59.851270,-0.023430,-0.023730,-1.536560,ndi
1786505450.751401,59.866226,-0.023400,-0.023730,-1.536550,ndi
1786505450.768740,59.883565,-0.023350,-0.023690,-1.536600,ndi
1786505450.786230,59.901056,-0.023330,-0.023690,-1.536600,ndi
1786505450.803775,59.918601,-0.023350,-0.023730,-1.536570,ndi
1786505450.818906,59.933732,-0.023370,-0.023730,-1.536560,ndi
1786505450.836378,59.951204,-0.023370,-0.023700,-1.536590,ndi
1786505450.851438,59.966264,-0.023350,-0.023690,-1.536580,ndi
1786505450.868731,59.983557,-0.023340,-0.023710,-1.536610,ndi
1786505450.886242,60.001068,-0.023390,-0.023710,-1.536610,ndi
1786505450.903830,60.018656,-0.023420,-0.023680,-1.536590,ndi
1786505450.918820,60.033646,-0.023390,-0.023690,-1.536570,ndi
1786505450.936462,60.051288,-0.023380,-0.023720,-1.536570,ndi
1786505450.953787,60.068613,-0.023370,-0.023720,-1.536570,ndi
1786505450.968750,60.083575,-0.023390,-0.023700,-1.536570,ndi
1786505450.986274,60.101100,-0.023390,-0.023690,-1.536580,ndi
1786505451.003781,60.118607,-0.023370,-0.023720,-1.536590,ndi
1786505451.018779,60.133605,-0.023360,-0.023710,-1.536610,ndi
1786505451.036273,60.151099,-0.023340,-0.023690,-1.536600,ndi
1786505451.053888,60.168714,-0.023350,-0.023710,-1.536620,ndi
1786505451.068737,60.183563,-0.023320,-0.023730,-1.536630,ndi
1786505451.086333,60.201159,-0.023280,-0.023700,-1.536650,ndi
1786505451.103857,60.218683,-0.023240,-0.023690,-1.536660,ndi
1786505451.118961,60.233786,-0.023240,-0.023700,-1.536680,ndi
1786505451.136433,60.251259,-0.023260,-0.023710,-1.536670,ndi
1786505451.153958,60.268784,-0.023290,-0.023690,-1.536640,ndi
1786505451.168736,60.283562,-0.023290,-0.023670,-1.536640,ndi
1786505451.186238,60.301064,-0.023350,-0.023710,-1.536520,ndi
1786505451.203771,60.318597,-0.023340,-0.023710,-1.536640,ndi
1786505451.218740,60.333566,-0.023260,-0.023660,-1.536740,ndi
1786505451.236418,60.351244,-0.023240,-0.023660,-1.536640,ndi
1786505451.253862,60.368688,-0.023260,-0.023730,-1.536630,ndi
1786505451.268741,60.383567,-0.023340,-0.023720,-1.536560,ndi
1786505451.286261,60.401087,-0.023330,-0.023670,-1.536610,ndi
1786505451.301491,60.416316,-0.023260,-0.023680,-1.536630,ndi
1786505451.318778,60.433604,-0.023220,-0.023720,-1.536580,ndi
1786505451.336401,60.451227,-0.023190,-0.023740,-1.536650,ndi
1786505451.353942,60.468768,-0.023260,-0.023710,-1.536620,ndi
1786505451.368765,60.483590,-0.023340,-0.023720,-1.536470,ndi
1786505451.386249,60.501075,-0.023390,-0.023750,-1.536430,ndi
1786505451.403773,60.518599,-0.023360,-0.023690,-1.536560,ndi
1786505451.418931,60.533757,-0.023180,-0.023620,-1.537070,ndi
1786505451.436411,60.551237,-0.022730,-0.023570,-1.537430,ndi
1786505451.451363,60.566189,-0.022850,-0.023710,-1.537020,ndi
1786505451.468750,60.583576,-0.023080,-0.023790,-1.536690,ndi
1786505451.486265,60.601091,-0.023230,-0.023660,-1.536590,ndi
1786505451.503832,60.618657,-0.023070,-0.023580,-1.536780,ndi
1786505451.518822,60.633648,-0.022870,-0.023610,-1.536860,ndi
1786505451.536282,60.651108,-0.023020,-0.023620,-1.536670,ndi
1786505451.553820,60.668646,-0.023230,-0.023690,-1.536610,ndi
1786505451.568791,60.683617,-0.023250,-0.023700,-1.536590,ndi
1786505451.586334,60.701160,-0.023130,-0.023670,-1.536680,ndi
1786505451.603795,60.718620,-0.022990,-0.023600,-1.536730,ndi
1786505451.618805,60.733631,-0.023140,-0.023570,-1.536660,ndi
1786505451.636317,60.751143,-0.023420,-0.023580,-1.536570,ndi
1786505451.653779,60.768605,-0.023510,-0.023600,-1.536500,ndi
1786505451.668782,60.783608,-0.023420,-0.023610,-1.536510,ndi
1786505451.686308,60.801134,-0.023320,-0.023630,-1.536550,ndi
1786505451.701373,60.816199,-0.023390,-0.023610,-1.536590,ndi
1786505451.718785,60.833611,-0.023530,-0.023560,-1.536580,ndi
1786505451.736247,60.851073,-0.023530,-0.023530,-1.536540,ndi
1786505451.753765,60.868590,-0.023390,-0.023610,-1.536490,ndi
1786505451.768788,60.883614,-0.023330,-0.023660,-1.536490,ndi
1786505451.786254,60.901080,-0.023440,-0.023620,-1.536480,ndi
1786505451.803784,60.918609,-0.023530,-0.023570,-1.536560,ndi
1786505451.818853,60.933679,-0.023460,-0.023600,-1.536550,ndi
1786505451.836307,60.951133,-0.023330,-0.023620,-1.536560,ndi
1786505451.853746,60.968572,-0.023360,-0.023570,-1.536530,ndi
1786505451.868771,60.983596,-0.023490,-0.023550,-1.536520,ndi
1786505451.886331,61.001157,-0.023540,-0.023620,-1.536500,ndi
1786505451.901346,61.016172,-0.023440,-0.023650,-1.536490,ndi
1786505451.918916,61.033741,-0.023360,-0.023610,-1.536500,ndi
1786505451.936432,61.051258,-0.023430,-0.023590,-1.536520,ndi
1786505451.953827,61.068653,-0.023530,-0.023590,-1.536510,ndi
1786505451.968783,61.083608,-0.023520,-0.023580,-1.536540,ndi
1786505451.986294,61.101120,-0.023400,-0.023610,-1.536510,ndi
1786505452.003836,61.118662,-0.023380,-0.023650,-1.536530,ndi
1786505452.018764,61.133590,-0.023410,-0.023660,-1.536500,ndi
1786505452.036339,61.151165,-0.023360,-0.023580,-1.536490,ndi
1786505452.053819,61.168645,-0.023200,-0.023530,-1.536430,ndi
1786505452.068776,61.183602,-0.023050,-0.023530,-1.536270,ndi
1786505452.086255,61.201081,-0.022860,-0.023500,-1.535860,ndi
1786505452.101412,61.216238,-0.022610,-0.023360,-1.535390,ndi
1786505452.118877,61.233702,-0.022160,-0.023140,-1.534860,ndi
1786505452.136362,61.251188,-0.021540,-0.022950,-1.534640,ndi
