stamp,elapsed,x,y,z,frame_id
1786505834.520798,0.000000,-0.008620,-0.044030,-1.558520,ndi
1786505834.535742,0.014944,-0.008620,-0.044020,-1.558490,ndi
1786505834.553241,0.032444,-0.008610,-0.044000,-1.558510,ndi
1786505834.568263,0.047465,-0.008630,-0.044010,-1.558520,ndi
1786505834.586089,0.065291,-0.008600,-0.044020,-1.558510,ndi
1786505834.603343,0.082546,-0.008620,-0.044010,-1.558530,ndi
1786505834.618380,0.097582,-0.008620,-0.044010,-1.558510,ndi
1786505834.635803,0.115005,-0.008590,-0.044020,-1.558510,ndi
1786505834.653295,0.132498,-0.008620,-0.044020,-1.558500,ndi
1786505834.668283,0.147485,-0.008600,-0.044010,-1.558500,ndi
1786505834.685752,0.164954,-0.008620,-0.044010,-1.558520,ndi
1786505834.703446,0.182649,-0.008610,-0.044020,-1.558500,ndi
1786505834.718444,0.197646,-0.008610,-0.044030,-1.558500,ndi
1786505834.735894,0.215096,-0.008620,-0.044010,-1.558530,ndi
1786505834.753365,0.232567,-0.008610,-0.044010,-1.558520,ndi
1786505834.768315,0.247517,-0.008630,-0.044020,-1.558510,ndi
1786505834.785725,0.264928,-0.008600,-0.044020,-1.558510,ndi
1786505834.803282,0.282485,-0.008610,-0.044010,-1.558510,ndi
1786505834.818418,0.297620,-0.008610,-0.044020,-1.558510,ndi
1786505834.835827,0.315029,-0.008600,-0.044020,-1.558510,ndi
1786505834.853279,0.332481,-0.008610,-0.044010,-1.558490,ndi
1786505834.868223,0.347425,-0.008600,-0.044010,-1.558530,ndi
1786505834.885757,0.364959,-0.008620,-0.044010,-1.558530,ndi
1786505834.903234,0.382436,-0.008620,-0.044020,-1.558520,ndi
1786505834.920776,0.399978,-0.008620,-0.044010,-1.558540,ndi
1786505834.935876,0.415078,-0.008610,-0.044010,-1.558540,ndi
1786505834.953312,0.432514,-0.008610,-0.044030,-1.558520,ndi
1786505834.970762,0.449965,-0.008620,-0.044010,-1.558540,ndi
1786505834.985734,0.464937,-0.008610,-0.044000,-1.558540,ndi
1786505835.003310,0.482512,-0.008610,-0.044010,-1.558540,ndi
1786505835.018506,0.497709,-0.008620,-0.044030,-1.558560,ndi
1786505835.035824,0.515026,-0.008600,-0.044020,-1.558510,ndi
1786505835.053317,0.532519,-0.008600,-0.044000,-1.558520,ndi
1786505835.068332,0.547534,-0.008600,-0.044010,-1.558520,ndi
1786505835.085745,0.564948,-0.008610,-0.044030,-1.558520,ndi
1786505835.103317,0.582519,-0.008610,-0.044010,-1.558510,ndi
1786505835.118342,0.597544,-0.008610,-0.044000,-1.558520,ndi
1786505835.135800,0.615002,-0.008620,-0.044010,-1.558530,ndi
1786505835.153418,0.632621,-0.008610,-0.044030,-1.558530,ndi
1786505835.168334,0.647537,-0.008600,-0.044020,-1.558530,ndi
1786505835.185745,0.664947,-0.008610,-0.044010,-1.558540,ndi
1786505835.203264,0.682467,-0.008610,-0.044010,-1.558540,ndi
1786505835.220807,0.700009,-0.008600,-0.044030,-1.558560,ndi
1786505835.235962,0.715164,-0.008600,-0.044020,-1.558530,ndi
1786505835.253358,0.732561,-0.008600,-0.044000,-1.558520,ndi
1786505835.268261,0.747463,-0.008610,-0.044010,-1.558520,ndi
1786505835.285799,0.765001,-0.008610,-0.044020,-1.558520,ndi
1786505835.303357,0.782559,-0.008610,-0.044010,-1.558510,ndi
1786505835.318274,0.797476,-0.008620,-0.044000,-1.558530,ndi
1786505835.335791,0.814993,-0.008610,-0.044010,-1.558530,ndi
1786505835.353292,0.832494,-0.008610,-0.044030,-1.558540,ndi
1786505835.368244,0.847446,-0.008620,-0.044020,-1.558530,ndi
1786505835.385760,0.864962,-0.008610,-0.044000,-1.558540,ndi
1786505835.403283,0.882485,-0.008610,-0.044010,-1.558540,ndi
1786505835.418278,0.897480,-0.008590,-0.044030,-1.558540,ndi
1786505835.435943,0.915145,-0.008600,-0.044020,-1.558520,ndi
1786505835.453388,0.932591,-0.008600,-0.044000,-1.558520,ndi
1786505835.470755,0.949957,-0.008610,-0.044020,-1.558540,ndi
1786505835.485766,0.964968,-0.008600,-0.044020,-1.558540,ndi
1786505835.503444,0.982646,-0.008600,-0.044010,-1.558540,ndi
1786505835.518548,0.997751,-0.008630,-0.044000,-1.558530,ndi
1786505835.535965,1.015167,-0.008610,-0.044020,-1.558540,ndi
1786505835.553398,1.032600,-0.008610,-0.044020,-1.558510,ndi
1786505835.568258,1.047460,-0.008610,-0.044010,-1.558520,ndi
1786505835.585759,1.064961,-0.008600,-0.044010,-1.558530,ndi
1786505835.603504,1.082706,-0.008620,-0.044020,-1.558530,ndi
1786505835.618566,1.097768,-0.008600,-0.044020,-1.558530,ndi
1786505835.635785,1.114987,-0.008600,-0.044010,-1.558540,ndi
1786505835.653241,1.132444,-0.008610,-0.044010,-1.558500,ndi
1786505835.668328,1.147530,-0.008610,-0.044020,-1.558510,ndi
1786505835.685772,1.164974,-0.008610,-0.044020,-1.558510,ndi
1786505835.703394,1.182596,-0.008610,-0.044010,-1.558520,ndi
1786505835.718569,1.197771,-0.008620,-0.044000,-1.558540,ndi
1786505835.735954,1.215157,-0.008610,-0.044020,-1.558530,ndi
1786505835.753435,1.232638,-0.008610,-0.044020,-1.558540,ndi
1786505835.768303,1.247506,-0.008620,-0.044010,-1.558540,ndi
1786505835.785748,1.264950,-0.008610,-0.044010,-1.558530,ndi
1786505835.803493,1.282696,-0.008590,-0.044020,-1.558540,ndi
1786505835.818624,1.297826,-0.008610,-0.044020,-1.558520,ndi
1786505835.835777,1.314979,-0.008600,-0.044000,-1.558510,ndi
1786505835.853288,1.332490,-0.008600,-0.044010,-1.558540,ndi
1786505835.870821,1.350024,-0.008610,-0.044020,-1.558510,ndi
1786505835.885781,1.364983,-0.008600,-0.044020,-1.558510,ndi
1786505835.903307,1.382509,-0.008610,-0.044010,-1.558520,ndi
1786505835.918299,1.397501,-0.008620,-0.044010,-1.558530,ndi
1786505835.935782,1.414984,-0.008610,-0.044010,-1.558510,ndi
1786505835.953269,1.432471,-0.008610,-0.044020,-1.558540,ndi
1786505835.968323,1.447526,-0.008620,-0.044010,-1.558530,ndi
1786505835.985775,1.464977,-0.008600,-0.044010,-1.558500,ndi
1786505836.003378,1.482580,-0.008590,-0.044020,-1.558530,ndi
1786505836.018396,1.497598,-0.008610,-0.044030,-1.558510,ndi
1786505836.035881,1.515083,-0.008590,-0.044010,-1.558510,ndi
1786505836.053289,1.532492,-0.008610,-0.044000,-1.558510,ndi
1786505836.070793,1.549995,-0.008620,-0.044020,-1.558520,ndi
1786505836.085720,1.564923,-0.008610,-0.044020,-1.558510,ndi
1786505836.103292,1.582494,-0.008610,-0.044010,-1.558510,ndi
1786505836.118503,1.597706,-0.008610,-0.044010,-1.558530,ndi
1786505836.135783,1.614985,-0.008610,-0.044020,-1.558530,ndi
1786505836.153264,1.632466,-0.008620,-0.044030,-1.558540,ndi
1786505836.168332,1.647534,-0.008610,-0.044010,-1.558520,ndi
1786505836.185764,1.664967,-0.008610,-0.044000,-1.558540,ndi
1786505836.203442,1.682644,-0.008610,-0.044020,-1.558510,ndi
1786505836.218483,1.697685,-0.008600,-0.044030,-1.558530,ndi
1786505836.235841,1.715043,-0.008600,-0.044010,-1.558520,ndi
1786505836.253406,1.732608,-0.008610,-0.044010,-1.558540,ndi
1786505836.268291,1.747494,-0.008610,-0.044020,-1.558520,ndi
1786505836.285780,1.764982,-0.008610,-0.044020,-1.558520,ndi
1786505836.303444,1.782646,-0.008620,-0.044000,-1.558520,ndi
1786505836.318480,1.797682,-0.008610,-0.044010,-1.558530,ndi
1786505836.335787,1.814990,-0.008610,-0.044030,-1.558520,ndi
1786505836.353283,1.832485,-0.008610,-0.044020,-1.558510,ndi
1786505836.368297,1.847499,-0.008610,-0.044000,-1.558510,ndi
1786505836.385778,1.864980,-0.008620,-0.044010,-1.558520,ndi
1786505836.403408,1.882610,-0.008610,-0.044030,-1.558520,ndi
1786505836.420891,1.900093,-0.008600,-0.044020,-1.558530,ndi
1786505836.435901,1.915103,-0.008610,-0.044000,-1.558510,ndi
1786505836.453366,1.932568,-0.008610,-0.044020,-1.558540,ndi
1786505836.468257,1.947459,-0.008600,-0.044020,-1.558500,ndi
1786505836.485767,1.964969,-0.008620,-0.044010,-1.558530,ndi
1786505836.503438,1.982640,-0.008620,-0.044000,-1.558490,ndi
1786505836.520893,2.000095,-0.008610,-0.044020,-1.558530,ndi
1786505836.535923,2.015125,-0.008620,-0.044020,-1.558510,ndi
1786505836.553441,2.032644,-0.008620,-0.044010,-1.558510,ndi
1786505836.570838,2.050040,-0.008600,-0.044000,-1.558490,ndi
1786505836.585778,2.064980,-0.008610,-0.044020,-1.558540,ndi
1786505836.603393,2.082595,-0.008610,-0.044020,-1.558510,ndi
1786505836.620936,2.100138,-0.008600,-0.044010,-1.558510,ndi
1786505836.635907,2.115109,-0.008610,-0.044010,-1.558510,ndi
1786505836.653329,2.132532,-0.008600,-0.044020,-1.558510,ndi
1786505836.668346,2.147549,-0.008610,-0.044020,-1.558480,ndi
1786505836.685774,2.164976,-0.008620,-0.044000,-1.558500,ndi
1786505836.703421,2.182623,-0.008610,-0.044010,-1.558510,ndi
1786505836.718469,2.197671,-0.008610,-0.044030,-1.558500,ndi
1786505836.735905,2.215107,-0.008610,-0.044020,-1.558520,ndi
1786505836.753365,2.232567,-0.008610,-0.044000,-1.558520,ndi
1786505836.768341,2.247543,-0.008610,-0.044010,-1.558530,ndi
1786505836.785761,2.264963,-0.008610,-0.044030,-1.558550,ndi
1786505836.803283,2.282486,-0.008600,-0.044000,-1.558540,ndi
1786505836.818374,2.297576,-0.008600,-0.044000,-1.558550,ndi
1786505836.835839,2.315042,-0.008610,-0.044020,-1.558550,ndi
1786505836.853312,2.332514,-0.008600,-0.044020,-1.558550,ndi
1786505836.868260,2.347462,-0.008610,-0.044000,-1.558510,ndi
1786505836.885770,2.364972,-0.008610,-0.044000,-1.558530,ndi
1786505836.903348,2.382550,-0.008610,-0.044030,-1.558530,ndi
1786505836.918567,2.397769,-0.008620,-0.044030,-1.558530,ndi
1786505836.935976,2.415178,-0.008610,-0.043990,-1.558550,ndi
1786505836.953414,2.432616,-0.008610,-0.044000,-1.558520,ndi
1786505836.968271,2.447473,-0.008610,-0.044030,-1.558550,ndi
1786505836.985762,2.464965,-0.008600,-0.044030,-1.558510,ndi
1786505837.003392,2.482594,-0.008600,-0.043990,-1.558520,ndi
1786505837.020869,2.500071,-0.008600,-0.044000,-1.558520,ndi
1786505837.035877,2.515079,-0.008610,-0.044040,-1.558520,ndi
1786505837.053339,2.532542,-0.008620,-0.044020,-1.558500,ndi
1786505837.068318,2.547520,-0.008610,-0.043990,-1.558520,ndi
1786505837.085768,2.564970,-0.008620,-0.044000,-1.558500,ndi
1786505837.103431,2.582634,-0.008620,-0.044030,-1.558510,ndi
1786505837.118484,2.597686,-0.008600,-0.044020,-1.558530,ndi
1786505837.135914,2.615116,-0.008610,-0.043980,-1.558520,ndi
1786505837.153321,2.632523,-0.008610,-0.044010,-1.558520,ndi
1786505837.170835,2.650037,-0.008600,-0.044050,-1.558530,ndi
1786505837.185782,2.664984,-0.008610,-0.044020,-1.558550,ndi
1786505837.203385,2.682587,-0.008600,-0.043980,-1.558520,ndi
1786505837.218633,2.697835,-0.008610,-0.044010,-1.558530,ndi
1786505837.236012,2.715214,-0.008610,-0.044040,-1.558530,ndi
1786505837.253416,2.732618,-0.008620,-0.044000,-1.558520,ndi
1786505837.270787,2.749989,-0.008610,-0.043980,-1.558530,ndi
1786505837.285798,2.765000,-0.008620,-0.044020,-1.558520,ndi
1786505837.303345,2.782547,-0.008610,-0.044030,-1.558520,ndi
1786505837.318326,2.797528,-0.008600,-0.044010,-1.558510,ndi
1786505837.335975,2.815177,-0.008620,-0.043990,-1.558520,ndi
1786505837.353333,2.832535,-0.008610,-0.044020,-1.558520,ndi
1786505837.370808,2.850010,-0.008610,-0.044030,-1.558520,ndi
1786505837.385783,2.864985,-0.008610,-0.044000,-1.558490,ndi
1786505837.403369,2.882571,-0.008600,-0.043990,-1.558520,ndi
1786505837.418553,2.897755,-0.008620,-0.044020,-1.558510,ndi
1786505837.435919,2.915121,-0.008610,-0.044030,-1.558530,ndi
1786505837.453416,2.932619,-0.008610,-0.044000,-1.558500,ndi
1786505837.468283,2.947485,-0.008620,-0.044000,-1.558510,ndi
1786505837.485827,2.965029,-0.008620,-0.044020,-1.558540,ndi
1786505837.503541,2.982743,-0.008600,-0.044020,-1.558510,ndi
1786505837.518554,2.997756,-0.008610,-0.044000,-1.558540,ndi
1786505837.535960,3.015162,-0.008620,-0.044010,-1.558530,ndi
1786505837.553418,3.032620,-0.008610,-0.044030,-1.558540,ndi
1786505837.568376,3.047578,-0.008610,-0.044020,-1.558510,ndi
1786505837.585797,3.064999,-0.008600,-0.044010,-1.558520,ndi
1786505837.603345,3.082547,-0.008600,-0.044010,-1.558510,ndi
1786505837.618371,3.097574,-0.008610,-0.044020,-1.558530,ndi
1786505837.635843,3.115045,-0.008600,-0.044020,-1.558530,ndi
1786505837.653322,3.132524,-0.008620,-0.044010,-1.558530,ndi
1786505837.668297,3.147499,-0.008610,-0.044010,-1.558520,ndi
1786505837.685793,3.164995,-0.008620,-0.044030,-1.558520,ndi
1786505837.703348,3.182550,-0.008610,-0.044010,-1.558530,ndi
1786505837.718340,3.197543,-0.008610,-0.044000,-1.558510,ndi
1786505837.735989,3.215192,-0.008610,-0.044010,-1.558530,ndi
1786505837.753425,3.232627,-0.008590,-0.044030,-1.558520,ndi
1786505837.768301,3.247504,-0.008610,-0.044010,-1.558520,ndi
1786505837.785780,3.264983,-0.008600,-0.044000,-1.558490,ndi
1786505837.803523,3.282725,-0.008600,-0.044020,-1.558530,ndi
1786505837.818575,3.297777,-0.008610,-0.044020,-1.558520,ndi
1786505837.836011,3.315213,-0.008610,-0.044000,-1.558520,ndi
1786505837.853393,3.332595,-0.008620,-0.044010,-1.558490,ndi
1786505837.868299,3.347502,-0.008610,-0.044020,-1.558530,ndi
1786505837.885798,3.365000,-0.008620,-0.044020,-1.558530,ndi
1786505837.903355,3.382558,-0.008610,-0.044010,-1.558530,ndi
1786505837.918351,3.397553,-0.008610,-0.044010,-1.558500,ndi
1786505837.935883,3.415085,-0.008610,-0.044020,-1.558510,ndi
1786505837.953404,3.432606,-0.008600,-0.044020,-1.558550,ndi
1786505837.968329,3.447532,-0.008610,-0.044010,-1.558530,ndi
1786505837.985780,3.464982,-0.008600,-0.044020,-1.558540,ndi
1786505838.003536,3.482738,-0.008620,-0.044020,-1.558520,ndi
1786505838.018685,3.497887,-0.008610,-0.044010,-1.558520,ndi
1786505838.036045,3.515247,-0.008610,-0.044010,-1.558530,ndi
1786505838.053381,3.532583,-0.008620,-0.044020,-1.558530,ndi
1786505838.068313,3.547515,-0.008610,-0.044020,-1.558520,ndi
1786505838.085792,3.564994,-0.008610,-0.044010,-1.558510,ndi
1786505838.103336,3.582538,-0.008610,-0.044010,-1.558520,ndi
1786505838.118369,3.597571,-0.008610,-0.044020,-1.558530,ndi
1786505838.135863,3.615066,-0.008620,-0.044020,-1.558540,ndi
1786505838.153368,3.632571,-0.008600,-0.044010,-1.558520,ndi
1786505838.168311,3.647514,-0.008620,-0.044010,-1.558530,ndi
1786505838.185789,3.664991,-0.008610,-0.044020,-1.558550,ndi
1786505838.203465,3.682668,-0.008610,-0.044020,-1.558540,ndi
1786505838.218652,3.697855,-0.008610,-0.044010,-1.558520,ndi
1786505838.235967,3.715169,-0.008620,-0.044010,-1.558530,ndi
1786505838.253453,3.732655,-0.008610,-0.044020,-1.558520,ndi
1786505838.268312,3.747514,-0.008610,-0.044010,-1.558540,ndi
1786505838.285802,3.765004,-0.008620,-0.044010,-1.558520,ndi
1786505838.303357,3.782560,-0.008610,-0.044020,-1.558520,ndi
1786505838.318337,3.797539,-0.008620,-0.044010,-1.558520,ndi
1786505838.335934,3.815136,-0.008630,-0.044010,-1.558540,ndi
1786505838.353446,3.832648,-0.008600,-0.044020,-1.558540,ndi
1786505838.368297,3.847499,-0.008610,-0.044020,-1.558520,ndi
1786505838.385800,3.865002,-0.008610,-0.044010,-1.558520,ndi
1786505838.403498,3.882700,-0.008610,-0.044000,-1.558530,ndi
1786505838.420984,3.900186,-0.008620,-0.044010,-1.558520,ndi
1786505838.435936,3.915138,-0.008620,-0.044010,-1.558510,ndi
1786505838.453405,3.932607,-0.008600,-0.044010,-1.558510,ndi
1786505838.468298,3.947500,-0.008620,-0.044010,-1.558500,ndi
1786505838.485771,3.964973,-0.008610,-0.044010,-1.558500,ndi
1786505838.503469,3.982671,-0.008600,-0.044010,-1.558500,ndi
1786505838.518521,3.997723,-0.008620,-0.044000,-1.558510,ndi
1786505838.535964,4.015166,-0.008600,-0.044010,-1.558530,ndi
1786505838.553470,4.032673,-0.008600,-0.044020,-1.558520,ndi
1786505838.568368,4.047570,-0.008610,-0.044000,-1.558510,ndi
1786505838.585773,4.064976,-0.008610,-0.044000,-1.558470,ndi
1786505838.603443,4.082645,-0.008610,-0.044020,-1.558510,ndi
1786505838.618398,4.097601,-0.008610,-0.044020,-1.558500,ndi
1786505838.635853,4.115055,-0.008620,-0.044010,-1.558500,ndi
1786505838.653494,4.132696,-0.008610,-0.044010,-1.558520,ndi
1786505838.668319,4.147521,-0.008610,-0.044020,-1.558530,ndi
1786505838.685789,4.164991,-0.008610,-0.044010,-1.558530,ndi
1786505838.703386,4.182588,-0.008610,-0.044010,-1.558520,ndi
1786505838.718479,4.197681,-0.008620,-0.044010,-1.558560,ndi
1786505838.735911,4.215113,-0.008600,-0.044020,-1.558520,ndi
1786505838.753430,4.232632,-0.008610,-0.044020,-1.558530,ndi
1786505838.768331,4.247534,-0.008600,-0.044010,-1.558550,ndi
1786505838.785776,4.264978,-0.008600,-0.044010,-1.558540,ndi
1786505838.803368,4.282570,-0.008610,-0.044020,-1.558520,ndi
1786505838.818488,4.297690,-0.008610,-0.044010,-1.558530,ndi
1786505838.835906,4.315108,-0.008610,-0.044010,-1.558520,ndi
1786505838.853438,4.332640,-0.008630,-0.044010,-1.558520,ndi
1786505838.868314,4.347516,-0.008600,-0.044020,-1.558510,ndi
1786505838.885772,4.364974,-0.008610,-0.044020,-1.558540,ndi
1786505838.903414,4.382617,-0.008610,-0.044010,-1.558520,ndi
1786505838.920965,4.400167,-0.008610,-0.044020,-1.558530,ndi
1786505838.935905,4.415108,-0.008610,-0.044010,-1.558530,ndi
1786505838.953335,4.432537,-0.008610,-0.044010,-1.558520,ndi
1786505838.968314,4.447517,-0.008600,-0.044000,-1.558500,ndi
1786505838.985797,4.464999,-0.008610,-0.044020,-1.558520,ndi
1786505839.003365,4.482567,-0.008620,-0.044020,-1.558530,ndi
1786505839.020929,4.500131,-0.008610,-0.044000,-1.558500,ndi
1786505839.035991,4.515193,-0.008630,-0.044010,-1.558510,ndi
1786505839.053458,4.532660,-0.008620,-0.044020,-1.558520,ndi
1786505839.068334,4.547536,-0.008610,-0.044010,-1.558540,ndi
1786505839.085832,4.565034,-0.008620,-0.044010,-1.558520,ndi
1786505839.103379,4.582581,-0.008610,-0.044010,-1.558530,ndi
1786505839.118371,4.597574,-0.008600,-0.044020,-1.558520,ndi
1786505839.135881,4.615084,-0.008610,-0.044020,-1.558530,ndi
1786505839.153473,4.632675,-0.008610,-0.044010,-1.558530,ndi
1786505839.168326,4.647528,-0.008610,-0.044010,-1.558520,ndi
1786505839.185938,4.665140,-0.008620,-0.044010,-1.558520,ndi
1786505839.203379,4.682581,-0.008610,-0.044010,-1.558550,ndi
1786505839.218371,4.697573,-0.008600,-0.044010,-1.558550,ndi
1786505839.235961,4.715163,-0.008620,-0.044010,-1.558490,ndi
1786505839.253420,4.732622,-0.008610,-0.044010,-1.558530,ndi
1786505839.268332,4.747534,-0.008620,-0.044010,-1.558540,ndi
1786505839.285810,4.765012,-0.008610,-0.044010,-1.558510,ndi
1786505839.303371,4.782573,-0.008610,-0.044010,-1.558540,ndi
1786505839.320857,4.800059,-0.008610,-0.044010,-1.558530,ndi
1786505839.336015,4.815217,-0.008610,-0.044010,-1.558540,ndi
1786505839.353437,4.832639,-0.008610,-0.044010,-1.558540,ndi
1786505839.368317,4.847519,-0.008610,-0.044020,-1.558520,ndi
1786505839.385868,4.865071,-0.008610,-0.044020,-1.558530,ndi
1786505839.403374,4.882577,-0.008620,-0.044010,-1.558510,ndi
1786505839.418562,4.897764,-0.008620,-0.044010,-1.558530,ndi
1786505839.436033,4.915235,-0.008620,-0.044010,-1.558530,ndi
1786505839.453456,4.932659,-0.008610,-0.044020,-1.558520,ndi
1786505839.468335,4.947538,-0.008620,-0.044020,-1.558520,ndi
1786505839.485830,4.965032,-0.008620,-0.044010,-1.558530,ndi
1786505839.503347,4.982550,-0.008600,-0.044020,-1.558530,ndi
1786505839.518396,4.997598,-0.008610,-0.044010,-1.558520,ndi
1786505839.536178,5.015381,-0.008600,-0.044010,-1.558550,ndi
1786505839.553475,5.032677,-0.008610,-0.044010,-1.558510,ndi
1786505839.568359,5.047562,-0.008620,-0.044020,-1.558540,ndi
1786505839.585824,5.065026,-0.008610,-0.044010,-1.558540,ndi
1786505839.603364,5.082567,-0.008620,-0.044010,-1.558520,ndi
1786505839.618442,5.097645,-0.008610,-0.044010,-1.558530,ndi
1786505839.635952,5.115155,-0.008620,-0.044020,-1.558510,ndi
1786505839.653392,5.132594,-0.008610,-0.044010,-1.558530,ndi
1786505839.668350,5.147552,-0.008610,-0.044010,-1.558540,ndi
1786505839.685839,5.165041,-0.008610,-0.044010,-1.558500,ndi
1786505839.703388,5.182590,-0.008590,-0.044020,-1.558540,ndi
1786505839.718496,5.197699,-0.008620,-0.044010,-1.558510,ndi
1786505839.736011,5.215213,-0.008600,-0.044010,-1.558530,ndi
1786505839.753405,5.232607,-0.008600,-0.044010,-1.558500,ndi
1786505839.768349,5.247551,-0.008620,-0.044010,-1.558520,ndi
1786505839.785830,5.265032,-0.008610,-0.044010,-1.558550,ndi
1786505839.803418,5.282620,-0.008630,-0.044020,-1.558520,ndi
1786505839.818447,5.297649,-0.008610,-0.044010,-1.558540,ndi
1786505839.835961,5.315163,-0.008610,-0.044010,-1.558530,ndi
1786505839.853408,5.332610,-0.008620,-0.044010,-1.558510,ndi
1786505839.868319,5.347521,-0.008610,-0.044010,-1.558550,ndi
1786505839.885833,5.365035,-0.008610,-0.044010,-1.558530,ndi
1786505839.903308,5.382510,-0.008610,-0.044020,-1.558510,ndi
1786505839.918324,5.397527,-0.008610,-0.044010,-1.558510,ndi
1786505839.935892,5.415094,-0.008610,-0.044030,-1.558540,ndi
1786505839.953332,5.432534,-0.008610,-0.044040,-1.558560,ndi
1786505839.968352,5.447554,-0.008590,-0.044040,-1.558560,ndi
1786505839.985840,5.465043,-0.008610,-0.044050,-1.558530,ndi
1786505840.003458,5.482660,-0.008610,-0.044040,-1.558540,ndi
1786505840.021076,5.500278,-0.008610,-0.044050,-1.558550,ndi
1786505840.035953,5.515155,-0.008610,-0.044050,-1.558540,ndi
1786505840.053468,5.532671,-0.008590,-0.044050,-1.558550,ndi
1786505840.068370,5.547572,-0.008590,-0.044050,-1.558530,ndi
1786505840.085836,5.565038,-0.008620,-0.044070,-1.558520,ndi
1786505840.103417,5.582619,-0.008610,-0.044060,-1.558510,ndi
1786505840.118380,5.597582,-0.008590,-0.044070,-1.558510,ndi
1786505840.136082,5.615284,-0.008610,-0.044070,-1.558490,ndi
1786505840.153442,5.632644,-0.008600,-0.044080,-1.558480,ndi
1786505840.168359,5.647561,-0.008600,-0.044080,-1.558460,ndi
1786505840.185861,5.665064,-0.008620,-0.044080,-1.558490,ndi
1786505840.203358,5.682560,-0.008600,-0.044090,-1.558440,ndi
1786505840.218345,5.697547,-0.008610,-0.044090,-1.558470,ndi
1786505840.235866,5.715068,-0.008610,-0.044080,-1.558470,ndi
1786505840.253475,5.732677,-0.008610,-0.044090,-1.558490,ndi
1786505840.268355,5.747557,-0.008610,-0.044100,-1.558510,ndi
1786505840.285859,5.765061,-0.008620,-0.044110,-1.558530,ndi
1786505840.303418,5.782620,-0.008610,-0.044110,-1.558550,ndi
1786505840.318351,5.797553,-0.008600,-0.044110,-1.558490,ndi
1786505840.335989,5.815192,-0.008620,-0.044120,-1.558500,ndi
1786505840.353462,5.832664,-0.008610,-0.044110,-1.558470,ndi
1786505840.368423,5.847625,-0.008610,-0.044100,-1.558440,ndi
1786505840.385835,5.865038,-0.008620,-0.044090,-1.558410,ndi
1786505840.403379,5.882582,-0.008620,-0.044090,-1.558390,ndi
1786505840.418350,5.897552,-0.008620,-0.044070,-1.558340,ndi
1786505840.435869,5.915072,-0.008620,-0.044060,-1.558340,ndi
1786505840.453364,5.932566,-0.008610,-0.044050,-1.558290,ndi
1786505840.468330,5.947532,-0.008630,-0.044050,-1.558290,ndi
1786505840.485867,5.965069,-0.008620,-0.044030,-1.558280,ndi
1786505840.503493,5.982695,-0.008630,-0.044010,-1.558250,ndi
1786505840.518425,5.997627,-0.008620,-0.044000,-1.558240,ndi
1786505840.536037,6.015240,-0.008630,-0.043990,-1.558230,ndi
1786505840.553425,6.032627,-0.008640,-0.043970,-1.558220,ndi
1786505840.568355,6.047557,-0.008640,-0.043960,-1.558230,ndi
1786505840.585844,6.065047,-0.008630,-0.043960,-1.558200,ndi
1786505840.603466,6.082668,-0.008630,-0.043960,-1.558200,ndi
1786505840.618431,6.097633,-0.008650,-0.043960,-1.558180,ndi
1786505840.635895,6.115097,-0.008640,-0.043950,-1.558150,ndi
1786505840.653515,6.132718,-0.008640,-0.043960,-1.558150,ndi
1786505840.668347,6.147549,-0.008630,-0.043960,-1.558160,ndi
1786505840.685853,6.165056,-0.008630,-0.043950,-1.558160,ndi
1786505840.703392,6.182594,-0.008640,-0.043950,-1.558140,ndi
1786505840.718425,6.197627,-0.008630,-0.043960,-1.558130,ndi
1786505840.735872,6.215074,-0.008640,-0.043970,-1.558140,ndi
1786505840.753395,6.232598,-0.008630,-0.043970,-1.558090,ndi
1786505840.768371,6.247573,-0.008640,-0.043970,-1.558040,ndi
1786505840.785890,6.265092,-0.008640,-0.043980,-1.558010,ndi
1786505840.803597,6.282799,-0.008630,-0.043970,-1.558030,ndi
1786505840.821047,6.300249,-0.008630,-0.043970,-1.557970,ndi
1786505840.836083,6.315286,-0.008620,-0.043980,-1.557960,ndi
1786505840.853517,6.332719,-0.008630,-0.043970,-1.557970,ndi
1786505840.868374,6.347576,-0.008640,-0.043980,-1.557960,ndi
1786505840.885843,6.365045,-0.008620,-0.043970,-1.557950,ndi
1786505840.903576,6.382778,-0.008620,-0.043970,-1.557940,ndi
1786505840.921082,6.400285,-0.008610,-0.043960,-1.557960,ndi
1786505840.936059,6.415261,-0.008630,-0.043950,-1.557950,ndi
1786505840.953524,6.432726,-0.008640,-0.043960,-1.557920,ndi
1786505840.968378,6.447581,-0.008620,-0.043960,-1.557900,ndi
1786505840.985860,6.465062,-0.008630,-0.043960,-1.557880,ndi
1786505841.003568,6.482770,-0.008630,-0.043960,-1.557900,ndi
1786505841.018682,6.497884,-0.008610,-0.043960,-1.557870,ndi
1786505841.036117,6.515320,-0.008630,-0.043950,-1.557870,ndi
1786505841.053542,6.532745,-0.008630,-0.043930,-1.557850,ndi
1786505841.068373,6.547575,-0.008630,-0.043910,-1.557850,ndi
1786505841.085879,6.565081,-0.008630,-0.043880,-1.557790,ndi
1786505841.103582,6.582785,-0.008630,-0.043840,-1.557760,ndi
1786505841.118416,6.597618,-0.008640,-0.043820,-1.557750,ndi
1786505841.136050,6.615252,-0.008650,-0.043800,-1.557740,ndi
1786505841.153522,6.632725,-0.008660,-0.043760,-1.557720,ndi
1786505841.168407,6.647610,-0.008670,-0.043720,-1.557690,ndi
1786505841.185880,6.665082,-0.008670,-0.043690,-1.557670,ndi
1786505841.203496,6.682699,-0.008680,-0.043680,-1.557630,ndi
1786505841.218585,6.697787,-0.008670,-0.043650,-1.557620,ndi
1786505841.236087,6.715289,-0.008680,-0.043600,-1.557590,ndi
1786505841.253386,6.732589,-0.008690,-0.043580,-1.557610,ndi
1786505841.268342,6.747544,-0.008680,-0.043570,-1.557550,ndi
1786505841.285882,6.765084,-0.008690,-0.043530,-1.557520,ndi
1786505841.303550,6.782752,-0.008690,-0.043480,-1.557530,ndi
1786505841.318401,6.797604,-0.008700,-0.043470,-1.557490,ndi
1786505841.336003,6.815206,-0.008710,-0.043450,-1.557470,ndi
1786505841.353493,6.832696,-0.008720,-0.043410,-1.557460,ndi
1786505841.368395,6.847597,-0.008720,-0.043380,-1.557450,ndi
1786505841.385885,6.865087,-0.008730,-0.043350,-1.557380,ndi
1786505841.403600,6.882802,-0.008730,-0.043340,-1.557380,ndi
1786505841.421118,6.900321,-0.008730,-0.043290,-1.557340,ndi
1786505841.436162,6.915364,-0.008750,-0.043260,-1.557330,ndi
1786505841.453484,6.932687,-0.008750,-0.043250,-1.557310,ndi
1786505841.468341,6.947544,-0.008750,-0.043240,-1.557280,ndi
1786505841.485844,6.965046,-0.008760,-0.043190,-1.557230,ndi
1786505841.503572,6.982775,-0.008750,-0.043160,-1.557260,ndi
1786505841.518592,6.997795,-0.008770,-0.043160,-1.557210,ndi
1786505841.536128,7.015330,-0.008770,-0.043130,-1.557180,ndi
1786505841.553564,7.032766,-0.008770,-0.043070,-1.557180,ndi
1786505841.568424,7.047626,-0.008800,-0.043050,-1.557130,ndi
1786505841.585882,7.065084,-0.008790,-0.043050,-1.557140,ndi
1786505841.603547,7.082749,-0.008800,-0.043020,-1.557110,ndi
1786505841.618612,7.097814,-0.008800,-0.042970,-1.557070,ndi
1786505841.636118,7.115320,-0.008820,-0.042940,-1.557060,ndi
1786505841.653534,7.132736,-0.008820,-0.042930,-1.557000,ndi
1786505841.668403,7.147605,-0.008810,-0.042900,-1.557010,ndi
1786505841.685878,7.165080,-0.008820,-0.042840,-1.556970,ndi
1786505841.703418,7.182621,-0.008830,-0.042810,-1.556920,ndi
1786505841.718412,7.197614,-0.008840,-0.042800,-1.556920,ndi
1786505841.735995,7.215197,-0.008860,-0.042750,-1.556870,ndi
1786505841.753474,7.232676,-0.008860,-0.042690,-1.556840,ndi
1786505841.768398,7.247600,-0.008890,-0.042660,-1.556810,ndi
1786505841.785892,7.265094,-0.008880,-0.042660,-1.556780,ndi
1786505841.803418,7.282621,-0.008890,-0.042600,-1.556750,ndi
1786505841.818408,7.297610,-0.008900,-0.042550,-1.556710,ndi
1786505841.835951,7.315154,-0.008900,-0.042540,-1.556710,ndi
1786505841.853375,7.332578,-0.008910,-0.042520,-1.556680,ndi
1786505841.868391,7.347594,-0.008900,-0.042470,-1.556660,ndi
1786505841.885885,7.365087,-0.008910,-0.042410,-1.556630,ndi
1786505841.903620,7.382822,-0.008930,-0.042400,-1.556600,ndi
1786505841.921094,7.400297,-0.008940,-0.042380,-1.556600,ndi
1786505841.935960,7.415163,-0.008940,-0.042330,-1.556560,ndi
1786505841.953439,7.432642,-0.008940,-0.042280,-1.556540,ndi
1786505841.968382,7.447584,-0.008960,-0.042270,-1.556520,ndi
1786505841.985892,7.465094,-0.008960,-0.042250,-1.556480,ndi
1786505842.003620,7.482822,-0.008970,-0.042200,-1.556480,ndi
1786505842.018603,7.497805,-0.008980,-0.042150,-1.556450,ndi
1786505842.036063,7.515265,-0.008980,-0.042140,-1.556390,ndi
1786505842.053498,7.532700,-0.009000,-0.042100,-1.556400,ndi
1786505842.068393,7.547595,-0.008990,-0.042050,-1.556370,ndi
1786505842.085875,7.565077,-0.009000,-0.041990,-1.556300,ndi
1786505842.103657,7.582859,-0.009020,-0.041980,-1.556270,ndi
1786505842.118681,7.597883,-0.009020,-0.041960,-1.556240,ndi
1786505842.136110,7.615312,-0.009040,-0.041900,-1.556170,ndi
1786505842.153588,7.632790,-0.009030,-0.041850,-1.556160,ndi
1786505842.168401,7.647603,-0.009050,-0.041840,-1.556150,ndi
1786505842.185908,7.665110,-0.009060,-0.041810,-1.556130,ndi
1786505842.203540,7.682742,-0.009070,-0.041750,-1.556080,ndi
1786505842.218536,7.697739,-0.009080,-0.041720,-1.556040,ndi
1786505842.236112,7.715314,-0.009080,-0.041710,-1.556040,ndi
1786505842.253426,7.732629,-0.009080,-0.041670,-1.555970,ndi
1786505842.268368,7.747570,-0.009080,-0.041630,-1.555970,ndi
1786505842.285883,7.765085,-0.009100,-0.041590,-1.555950,ndi
1786505842.303584,7.782786,-0.009110,-0.041590,-1.555920,ndi
1786505842.318498,7.797701,-0.009120,-0.041560,-1.555900,ndi
1786505842.336071,7.815273,-0.009130,-0.041500,-1.555880,ndi
1786505842.353535,7.832737,-0.009140,-0.041470,-1.555830,ndi
1786505842.368404,7.847607,-0.009160,-0.041460,-1.555850,ndi
1786505842.385913,7.865115,-0.009150,-0.041420,-1.555790,ndi
1786505842.403443,7.882645,-0.009150,-0.041370,-1.555770,ndi
1786505842.418639,7.897841,-0.009170,-0.041360,-1.555780,ndi
1786505842.436077,7.915280,-0.009170,-0.041350,-1.555700,ndi
1786505842.453533,7.932735,-0.009180,-0.041290,-1.555710,ndi
1786505842.468379,7.947581,-0.009190,-0.041250,-1.555680,ndi
1786505842.485870,7.965072,-0.009200,-0.041220,-1.555630,ndi
1786505842.503575,7.982777,-0.009210,-0.041190,-1.555590,ndi
1786505842.518562,7.997765,-0.009230,-0.041140,-1.555590,ndi
1786505842.536046,8.015248,-0.009240,-0.041110,-1.555530,ndi
1786505842.553589,8.032791,-0.009240,-0.041080,-1.555510,ndi
1786505842.568392,8.047595,-0.009260,-0.041050,-1.555470,ndi
1786505842.585888,8.065090,-0.009250,-0.040990,-1.555440,ndi
1786505842.603550,8.082752,-0.009270,-0.040970,-1.555420,ndi
1786505842.621063,8.100266,-0.009290,-0.040930,-1.555400,ndi
1786505842.636030,8.115233,-0.009290,-0.040860,-1.555320,ndi
1786505842.653527,8.132730,-0.009320,-0.040800,-1.555300,ndi
1786505842.668390,8.147592,-0.009320,-0.040790,-1.555270,ndi
1786505842.685858,8.165060,-0.009340,-0.040760,-1.555220,ndi
1786505842.703606,8.182809,-0.009340,-0.040690,-1.555180,ndi
1786505842.718564,8.197766,-0.009370,-0.040650,-1.555180,ndi
1786505842.736056,8.215258,-0.009390,-0.040600,-1.555100,ndi
1786505842.753494,8.232696,-0.009410,-0.040530,-1.555030,ndi
1786505842.768397,8.247599,-0.009410,-0.040450,-1.555010,ndi
1786505842.785913,8.265115,-0.009420,-0.040390,-1.554950,ndi
1786505842.803421,8.282623,-0.009470,-0.040360,-1.554860,ndi
1786505842.818424,8.297626,-0.009480,-0.040290,-1.554860,ndi
1786505842.836026,8.315229,-0.009480,-0.040200,-1.554810,ndi
1786505842.853542,8.332745,-0.009480,-0.040190,-1.554790,ndi
1786505842.868400,8.347602,-0.009490,-0.040190,-1.554800,ndi
1786505842.885941,8.365143,-0.009510,-0.040120,-1.554740,ndi
1786505842.903536,8.382738,-0.009530,-0.040050,-1.554710,ndi
1786505842.918468,8.397670,-0.009540,-0.040060,-1.554680,ndi
1786505842.935931,8.415134,-0.009550,-0.040050,-1.554670,ndi
1786505842.953394,8.432596,-0.009550,-0.039980,-1.554630,ndi
1786505842.968423,8.447626,-0.009580,-0.039930,-1.554580,ndi
1786505842.985910,8.465112,-0.009580,-0.039940,-1.554590,ndi
1786505843.003412,8.482614,-0.009580,-0.039920,-1.554540,ndi
1786505843.018622,8.497824,-0.009580,-0.039850,-1.554530,ndi
1786505843.036036,8.515239,-0.009600,-0.039810,-1.554520,ndi
1786505843.053523,8.532725,-0.009610,-0.039820,-1.554480,ndi
1786505843.068415,8.547617,-0.009620,-0.039790,-1.554430,ndi
1786505843.085929,8.565131,-0.009640,-0.039710,-1.554400,ndi
1786505843.103545,8.582748,-0.009640,-0.039670,-1.554370,ndi
1786505843.121030,8.600232,-0.009670,-0.039680,-1.554370,ndi
1786505843.136024,8.615227,-0.009670,-0.039640,-1.554320,ndi
1786505843.153571,8.632773,-0.009690,-0.039560,-1.554290,ndi
1786505843.168428,8.647630,-0.009710,-0.039480,-1.554210,ndi
1786505843.185957,8.665159,-0.009820,-0.039110,-1.553960,ndi
1786505843.203403,8.682606,-0.009840,-0.039090,-1.553950,ndi
1786505843.218377,8.697579,-0.009850,-0.039030,-1.553980,ndi
1786505843.236038,8.715241,-0.009840,-0.039030,-1.553970,ndi
1786505843.253473,8.732675,-0.009820,-0.039070,-1.553970,ndi
1786505843.268387,8.747589,-0.009850,-0.039010,-1.553910,ndi
1786505843.285949,8.765152,-0.009890,-0.038940,-1.553890,ndi
1786505843.303498,8.782700,-0.009860,-0.038930,-1.553860,ndi
1786505843.318450,8.797652,-0.009890,-0.038930,-1.553850,ndi
1786505843.335990,8.815193,-0.009900,-0.038880,-1.553800,ndi
1786505843.353464,8.832666,-0.009920,-0.038830,-1.553790,ndi
1786505843.368432,8.847634,-0.009950,-0.038810,-1.553780,ndi
1786505843.385956,8.865158,-0.009950,-0.038800,-1.553740,ndi
1786505843.403640,8.882842,-0.009950,-0.038740,-1.553680,ndi
1786505843.418694,8.897897,-0.009950,-0.038700,-1.553670,ndi
1786505843.436124,8.915327,-0.009990,-0.038690,-1.553640,ndi
1786505843.453499,8.932701,-0.009990,-0.038670,-1.553560,ndi
1786505843.468402,8.947605,-0.009990,-0.038630,-1.553580,ndi
1786505843.485929,8.965132,-0.010000,-0.038600,-1.553590,ndi
1786505843.503509,8.982711,-0.010010,-0.038580,-1.553570,ndi
1786505843.518591,8.997794,-0.010040,-0.038580,-1.553530,ndi
1786505843.536091,9.015293,-0.010030,-0.038550,-1.553540,ndi
1786505843.553558,9.032760,-0.010010,-0.038540,-1.553550,ndi
1786505843.568428,9.047630,-0.010020,-0.038560,-1.553550,ndi
1786505843.585946,9.065148,-0.010030,-0.038550,-1.553530,ndi
1786505843.603424,9.082626,-0.010030,-0.038530,-1.553530,ndi
1786505843.618508,9.097711,-0.010020,-0.038530,-1.553560,ndi
1786505843.636134,9.115336,-0.010010,-0.038550,-1.553530,ndi
1786505843.653539,9.132741,-0.010020,-0.038520,-1.553500,ndi
1786505843.668421,9.147624,-0.010060,-0.038480,-1.553490,ndi
1786505843.685949,9.165152,-0.010060,-0.038450,-1.553470,ndi
1786505843.703484,9.182686,-0.010070,-0.038430,-1.553410,ndi
1786505843.718488,9.197690,-0.010070,-0.038390,-1.553390,ndi
1786505843.736119,9.215321,-0.010100,-0.038340,-1.553370,ndi
1786505843.753542,9.232744,-0.010120,-0.038320,-1.553330,ndi
1786505843.768520,9.247722,-0.010130,-0.038300,-1.553340,ndi
1786505843.785985,9.265187,-0.010130,-0.038250,-1.553280,ndi
1786505843.803470,9.282672,-0.010120,-0.038220,-1.553280,ndi
1786505843.818487,9.297689,-0.010160,-0.038210,-1.553270,ndi
1786505843.835968,9.315170,-0.010150,-0.038170,-1.553220,ndi
1786505843.856010,9.335213,-0.010170,-0.038130,-1.553180,ndi
1786505843.868466,9.347668,-0.010170,-0.038110,-1.553170,ndi
1786505843.886009,9.365211,-0.010190,-0.038080,-1.553160,ndi
1786505843.903475,9.382678,-0.010220,-0.038040,-1.553090,ndi
1786505843.918421,9.397623,-0.010230,-0.038010,-1.553080,ndi
1786505843.936083,9.415285,-0.010230,-0.037990,-1.553070,ndi
1786505843.953577,9.432779,-0.010250,-0.037950,-1.553040,ndi
1786505843.968465,9.447668,-0.010360,-0.037640,-1.552850,ndi
1786505843.985922,9.465124,-0.010420,-0.037600,-1.552720,ndi
1786505844.003453,9.482655,-0.010420,-0.037600,-1.552740,ndi
1786505844.018459,9.497661,-0.010420,-0.037560,-1.552710,ndi
1786505844.035936,9.515139,-0.010400,-0.037520,-1.552730,ndi
1786505844.053570,9.532772,-0.010430,-0.037500,-1.552670,ndi
1786505844.068499,9.547701,-0.010500,-0.037480,-1.552650,ndi
1786505844.085966,9.565169,-0.010470,-0.037440,-1.552680,ndi
1786505844.103616,9.582818,-0.010500,-0.037420,-1.552650,ndi
1786505844.118610,9.597812,-0.010490,-0.037390,-1.552590,ndi
1786505844.136122,9.615325,-0.010520,-0.037360,-1.552590,ndi
1786505844.153565,9.632768,-0.010550,-0.037320,-1.552590,ndi
1786505844.168421,9.647623,-0.010530,-0.037290,-1.552550,ndi
1786505844.185937,9.665140,-0.010530,-0.037270,-1.552530,ndi
1786505844.203657,9.682860,-0.010540,-0.037240,-1.552480,ndi
1786505844.218683,9.697886,-0.010570,-0.037190,-1.552470,ndi
1786505844.236080,9.715283,-0.010590,-0.037160,-1.552430,ndi
1786505844.253612,9.732814,-0.010580,-0.037140,-1.552360,ndi
1786505844.268447,9.747650,-0.010590,-0.037110,-1.552380,ndi
1786505844.286014,9.765216,-0.010620,-0.037070,-1.552370,ndi
1786505844.303628,9.782830,-0.010660,-0.037040,-1.552300,ndi
1786505844.318471,9.797673,-0.010650,-0.037020,-1.552250,ndi
1786505844.336074,9.815276,-0.010640,-0.037000,-1.552230,ndi
1786505844.353606,9.832808,-0.010660,-0.036950,-1.552210,ndi
1786505844.368500,9.847702,-0.010680,-0.036930,-1.552210,ndi
1786505844.385930,9.865132,-0.010710,-0.036900,-1.552160,ndi
1786505844.403636,9.882839,-0.010720,-0.036860,-1.552120,ndi
1786505844.418624,9.897826,-0.010700,-0.036830,-1.552070,ndi
1786505844.436095,9.915298,-0.010730,-0.036800,-1.552060,ndi
1786505844.453613,9.932816,-0.010750,-0.036780,-1.552030,ndi
1786505844.471117,9.950319,-0.010780,-0.036740,-1.552040,ndi
1786505844.485988,9.965190,-0.010770,-0.036710,-1.552010,ndi
1786505844.503677,9.982879,-0.010780,-0.036700,-1.551980,ndi
1786505844.518515,9.997717,-0.010810,-0.036680,-1.551940,ndi
1786505844.536005,10.015207,-0.010820,-0.036640,-1.551960,ndi
1786505844.553526,10.032728,-0.010820,-0.036640,-1.551940,ndi
1786505844.568437,10.047639,-0.010800,-0.036650,-1.551930,ndi
1786505844.585930,10.065132,-0.010810,-0.036640,-1.551940,ndi
1786505844.603656,10.082859,-0.010820,-0.036620,-1.551960,ndi
1786505844.618648,10.097850,-0.010830,-0.036620,-1.551940,ndi
1786505844.636097,10.115300,-0.010830,-0.036630,-1.551940,ndi
1786505844.653495,10.132697,-0.010810,-0.036620,-1.551930,ndi
1786505844.668722,10.147924,-0.010830,-0.036600,-1.551920,ndi
1786505844.685982,10.165184,-0.010860,-0.036570,-1.551870,ndi
1786505844.703409,10.182611,-0.010870,-0.036540,-1.551840,ndi
1786505844.718448,10.197650,-0.010870,-0.036500,-1.551780,ndi
1786505844.736176,10.215379,-0.010880,-0.036470,-1.551790,ndi
1786505844.753557,10.232759,-0.010910,-0.036440,-1.551740,ndi
1786505844.768423,10.247625,-0.010930,-0.036420,-1.551710,ndi
1786505844.785909,10.265111,-0.010930,-0.036380,-1.551700,ndi
1786505844.803543,10.282745,-0.010930,-0.036350,-1.551670,ndi
1786505844.818538,10.297741,-0.010950,-0.036330,-1.551640,ndi
1786505844.836058,10.315260,-0.010980,-0.036300,-1.551610,ndi
1786505844.853596,10.332798,-0.011000,-0.036260,-1.551640,ndi
1786505844.868451,10.347653,-0.011010,-0.036230,-1.551580,ndi
1786505844.885957,10.365159,-0.011020,-0.036210,-1.551550,ndi
1786505844.903601,10.382803,-0.011030,-0.036170,-1.551530,ndi
1786505844.918551,10.397753,-0.011050,-0.036130,-1.551540,ndi
1786505844.936078,10.415281,-0.011070,-0.036110,-1.551470,ndi
1786505844.953556,10.432759,-0.011070,-0.036080,-1.551460,ndi
1786505844.968383,10.447586,-0.011080,-0.036050,-1.551460,ndi
1786505844.985959,10.465161,-0.011110,-0.036010,-1.551410,ndi
1786505845.003574,10.482777,-0.011180,-0.035880,-1.551310,ndi
1786505845.018729,10.497931,-0.011290,-0.035680,-1.551070,ndi
1786505845.036140,10.515342,-0.011320,-0.035660,-1.551080,ndi
1786505845.053475,10.532678,-0.011340,-0.035620,-1.551020,ndi
1786505845.068441,10.547643,-0.011330,-0.035580,-1.551050,ndi
1786505845.085979,10.565181,-0.011340,-0.035590,-1.550980,ndi
1786505845.103465,10.582668,-0.011370,-0.035560,-1.550970,ndi
1786505845.118468,10.597670,-0.011370,-0.035520,-1.550970,ndi
1786505845.136147,10.615350,-0.011370,-0.035480,-1.550960,ndi
1786505845.153560,10.632762,-0.011380,-0.035480,-1.550890,ndi
1786505845.168431,10.647633,-0.011390,-0.035460,-1.550840,ndi
1786505845.185945,10.665147,-0.011430,-0.035390,-1.550840,ndi
1786505845.203630,10.682832,-0.011450,-0.035370,-1.550820,ndi
1786505845.218654,10.697856,-0.011460,-0.035370,-1.550820,ndi
1786505845.236171,10.715373,-0.011480,-0.035330,-1.550790,ndi
1786505845.253557,10.732760,-0.011510,-0.035270,-1.550770,ndi
1786505845.268509,10.747711,-0.011530,-0.035250,-1.550740,ndi
1786505845.285984,10.765187,-0.011540,-0.035240,-1.550690,ndi
1786505845.303555,10.782757,-0.011550,-0.035200,-1.550660,ndi
1786505845.318514,10.797716,-0.011560,-0.035150,-1.550680,ndi
1786505845.336063,10.815265,-0.011590,-0.035130,-1.550640,ndi
1786505845.353540,10.832742,-0.011610,-0.035120,-1.550590,ndi
1786505845.368451,10.847654,-0.011620,-0.035070,-1.550540,ndi
1786505845.385930,10.865132,-0.011630,-0.035020,-1.550530,ndi
1786505845.403681,10.882883,-0.011640,-0.035020,-1.550520,ndi
1786505845.421129,10.900331,-0.011680,-0.035010,-1.550460,ndi
1786505845.435983,10.915185,-0.011680,-0.034960,-1.550460,ndi
1786505845.453509,10.932712,-0.011710,-0.034900,-1.550430,ndi
1786505845.468425,10.947628,-0.011720,-0.034910,-1.550400,ndi
1786505845.485954,10.965156,-0.011730,-0.034910,-1.550360,ndi
1786505845.503497,10.982699,-0.011750,-0.034840,-1.550350,ndi
1786505845.518541,10.997743,-0.011760,-0.034810,-1.550350,ndi
1786505845.536185,11.015387,-0.011780,-0.034820,-1.550330,ndi
1786505845.553443,11.032645,-0.011770,-0.034810,-1.550300,ndi
1786505845.568462,11.047664,-0.011780,-0.034770,-1.550310,ndi
1786505845.585935,11.065137,-0.011790,-0.034760,-1.550310,ndi
1786505845.603447,11.082650,-0.011780,-0.034790,-1.550250,ndi
1786505845.618614,11.097816,-0.011790,-0.034790,-1.550290,ndi
1786505845.636055,11.115258,-0.011790,-0.034750,-1.550320,ndi
1786505845.653597,11.132800,-0.011800,-0.034750,-1.550300,ndi
1786505845.668466,11.147668,-0.011820,-0.034770,-1.550280,ndi
1786505845.685994,11.165196,-0.011810,-0.034740,-1.550260,ndi
1786505845.703602,11.182804,-0.011840,-0.034680,-1.550210,ndi
1786505845.718584,11.197786,-0.011860,-0.034660,-1.550200,ndi
1786505845.736084,11.215286,-0.011880,-0.034650,-1.550170,ndi
1786505845.753546,11.232748,-0.011890,-0.034610,-1.550150,ndi
1786505845.768470,11.247673,-0.011910,-0.034550,-1.550120,ndi
1786505845.785992,11.265194,-0.011920,-0.034540,-1.550070,ndi
1786505845.803507,11.282709,-0.011960,-0.034540,-1.550030,ndi
1786505845.818463,11.297665,-0.011970,-0.034490,-1.550040,ndi
1786505845.835981,11.315183,-0.012000,-0.034430,-1.550000,ndi
1786505845.853492,11.332694,-0.012000,-0.034420,-1.549980,ndi
1786505845.868458,11.347660,-0.012030,-0.034420,-1.549930,ndi
1786505845.885974,11.365176,-0.012060,-0.034350,-1.549910,ndi
1786505845.903684,11.382887,-0.012060,-0.034310,-1.549890,ndi
1786505845.918646,11.397848,-0.012070,-0.034310,-1.549860,ndi
1786505845.936131,11.415333,-0.012110,-0.034260,-1.549850,ndi
1786505845.953575,11.432778,-0.012230,-0.034010,-1.549620,ndi
1786505845.968433,11.447635,-0.012260,-0.033990,-1.549620,ndi
1786505845.985954,11.465157,-0.012280,-0.034000,-1.549620,ndi
1786505846.003495,11.482697,-0.012270,-0.033950,-1.549570,ndi
1786505846.018590,11.497792,-0.012280,-0.033900,-1.549550,ndi
1786505846.036125,11.515327,-0.012320,-0.033870,-1.549500,ndi
1786505846.053605,11.532808,-0.012350,-0.033870,-1.549460,ndi
1786505846.068504,11.547706,-0.012350,-0.033830,-1.549470,ndi
1786505846.085997,11.565200,-0.012360,-0.033770,-1.549460,ndi
1786505846.103508,11.582710,-0.012390,-0.033770,-1.549350,ndi
1786505846.118600,11.597802,-0.012420,-0.033760,-1.549370,ndi
1786505846.136046,11.615248,-0.012460,-0.033700,-1.549370,ndi
1786505846.153630,11.632832,-0.012440,-0.033660,-1.549340,ndi
1786505846.168444,11.647646,-0.012450,-0.033670,-1.549280,ndi
1786505846.185940,11.665142,-0.012470,-0.033650,-1.549300,ndi
1786505846.203454,11.682656,-0.012520,-0.033560,-1.549250,ndi
1786505846.218632,11.697834,-0.012540,-0.033530,-1.549200,ndi
1786505846.236092,11.715294,-0.012520,-0.033550,-1.549160,ndi
1786505846.253635,11.732838,-0.012550,-0.033510,-1.549180,ndi
1786505846.268429,11.747631,-0.012580,-0.033450,-1.549150,ndi
1786505846.286003,11.765205,-0.012600,-0.033430,-1.549130,ndi
1786505846.303623,11.782825,-0.012620,-0.033430,-1.549080,ndi
1786505846.318615,11.797817,-0.012610,-0.033400,-1.549080,ndi
1786505846.336097,11.815299,-0.012630,-0.033330,-1.549030,ndi
1786505846.353510,11.832713,-0.012670,-0.033330,-1.549000,ndi
1786505846.368446,11.847649,-0.012690,-0.033320,-1.548990,ndi
1786505846.385988,11.865190,-0.012710,-0.033250,-1.548960,ndi
1786505846.403717,11.882919,-0.012720,-0.033200,-1.548890,ndi
1786505846.418620,11.897822,-0.012750,-0.033220,-1.548870,ndi
1786505846.436175,11.915378,-0.012780,-0.033190,-1.548880,ndi
1786505846.453600,11.932802,-0.012800,-0.033130,-1.548860,ndi
1786505846.468464,11.947667,-0.012790,-0.033100,-1.548840,ndi
1786505846.486005,11.965207,-0.012800,-0.033120,-1.548810,ndi
1786505846.503685,11.982888,-0.012840,-0.033080,-1.548820,ndi
1786505846.518538,11.997740,-0.012860,-0.033020,-1.548790,ndi
1786505846.536024,12.015226,-0.012860,-0.033010,-1.548730,ndi
1786505846.553577,12.032779,-0.012870,-0.033020,-1.548730,ndi
1786505846.568453,12.047655,-0.012880,-0.032980,-1.548740,ndi
1786505846.586002,12.065204,-0.012920,-0.032920,-1.548690,ndi
1786505846.603559,12.082761,-0.012950,-0.032910,-1.548640,ndi
1786505846.618520,12.097722,-0.012950,-0.032910,-1.548630,ndi
1786505846.636025,12.115227,-0.012960,-0.032870,-1.548630,ndi
1786505846.653593,12.132795,-0.012990,-0.032830,-1.548610,ndi
1786505846.668491,12.147693,-0.012990,-0.032830,-1.548590,ndi
1786505846.686059,12.165261,-0.012990,-0.032840,-1.548590,ndi
1786505846.703635,12.182837,-0.012990,-0.032810,-1.548580,ndi
1786505846.718736,12.197938,-0.012990,-0.032810,-1.548590,ndi
1786505846.736165,12.215367,-0.013000,-0.032830,-1.548550,ndi
1786505846.753598,12.232800,-0.012990,-0.032820,-1.548530,ndi
1786505846.768437,12.247639,-0.013020,-0.032770,-1.548540,ndi
1786505846.785975,12.265178,-0.013020,-0.032750,-1.548510,ndi
1786505846.803594,12.282797,-0.013050,-0.032740,-1.548500,ndi
1786505846.818595,12.297798,-0.013080,-0.032700,-1.548430,ndi
1786505846.836142,12.315345,-0.013080,-0.032650,-1.548400,ndi
1786505846.853557,12.332760,-0.013090,-0.032630,-1.548380,ndi
1786505846.868494,12.347697,-0.013110,-0.032620,-1.548360,ndi
1786505846.886068,12.365270,-0.013140,-0.032580,-1.548330,ndi
1786505846.903564,12.382766,-0.013150,-0.032550,-1.548310,ndi
1786505846.918587,12.397790,-0.013160,-0.032530,-1.548290,ndi
1786505846.936154,12.415356,-0.013160,-0.032520,-1.548280,ndi
1786505846.953578,12.432780,-0.013170,-0.032470,-1.548270,ndi
1786505846.968474,12.447676,-0.013230,-0.032440,-1.548200,ndi
1786505846.985997,12.465199,-0.013330,-0.032260,-1.548070,ndi
1786505847.003623,12.482826,-0.013360,-0.032220,-1.548020,ndi
1786505847.018672,12.497875,-0.013400,-0.032200,-1.548020,ndi
1786505847.036046,12.515248,-0.013410,-0.032160,-1.547960,ndi
1786505847.053592,12.532794,-0.013410,-0.032140,-1.547940,ndi
1786505847.068504,12.547706,-0.013450,-0.032100,-1.547880,ndi
1786505847.086030,12.565233,-0.013480,-0.032060,-1.547880,ndi
1786505847.103544,12.582747,-0.013480,-0.032060,-1.547910,ndi
1786505847.118607,12.597809,-0.013520,-0.032030,-1.547820,ndi
1786505847.136141,12.615344,-0.013530,-0.031980,-1.547810,ndi
1786505847.153570,12.632772,-0.013550,-0.031950,-1.547780,ndi
1786505847.168450,12.647653,-0.013590,-0.031930,-1.547790,ndi
1786505847.185987,12.665189,-0.013580,-0.031900,-1.547730,ndi
1786505847.203574,12.682777,-0.013620,-0.031860,-1.547680,ndi
1786505847.218544,12.697746,-0.013640,-0.031840,-1.547660,ndi
1786505847.236151,12.715353,-0.013650,-0.031820,-1.547630,ndi
1786505847.253620,12.732822,-0.013670,-0.031790,-1.547590,ndi
1786505847.268504,12.747706,-0.013680,-0.031750,-1.547570,ndi
1786505847.285973,12.765175,-0.013700,-0.031730,-1.547560,ndi
1786505847.303526,12.782729,-0.013730,-0.031720,-1.547560,ndi
1786505847.318537,12.797739,-0.013740,-0.031680,-1.547480,ndi
1786505847.336152,12.815354,-0.013770,-0.031640,-1.547450,ndi
1786505847.353638,12.832840,-0.013780,-0.031620,-1.547410,ndi
1786505847.368535,12.847738,-0.013820,-0.031610,-1.547420,ndi
1786505847.386021,12.865223,-0.013820,-0.031560,-1.547390,ndi
1786505847.403573,12.882775,-0.013860,-0.031530,-1.547370,ndi
1786505847.418557,12.897760,-0.013880,-0.031520,-1.547370,ndi
1786505847.436131,12.915333,-0.013880,-0.031500,-1.547330,ndi
1786505847.453676,12.932878,-0.013910,-0.031450,-1.547270,ndi
1786505847.468503,12.947705,-0.013910,-0.031420,-1.547270,ndi
1786505847.485960,12.965163,-0.013950,-0.031420,-1.547250,ndi
1786505847.503643,12.982846,-0.013940,-0.031410,-1.547240,ndi
1786505847.518652,12.997855,-0.013960,-0.031350,-1.547200,ndi
1786505847.536188,13.015391,-0.013990,-0.031320,-1.547180,ndi
1786505847.553603,13.032805,-0.014000,-0.031330,-1.547150,ndi
1786505847.568457,13.047659,-0.014030,-0.031300,-1.547150,ndi
1786505847.585956,13.065158,-0.014040,-0.031240,-1.547100,ndi
1786505847.603547,13.082749,-0.014070,-0.031230,-1.547110,ndi
1786505847.618543,13.097745,-0.014070,-0.031260,-1.547090,ndi
1786505847.636228,13.115430,-0.014090,-0.031240,-1.547070,ndi
1786505847.653658,13.132861,-0.014070,-0.031190,-1.547050,ndi
1786505847.668513,13.147715,-0.014070,-0.031220,-1.547050,ndi
1786505847.685969,13.165171,-0.014090,-0.031250,-1.547040,ndi
1786505847.703720,13.182922,-0.014080,-0.031210,-1.547020,ndi
1786505847.718573,13.197775,-0.014110,-0.031150,-1.547000,ndi
1786505847.736222,13.215425,-0.014130,-0.031140,-1.546960,ndi
1786505847.753618,13.232821,-0.014140,-0.031150,-1.546940,ndi
1786505847.768521,13.247723,-0.014170,-0.031090,-1.546920,ndi
1786505847.785944,13.265147,-0.014200,-0.031040,-1.546910,ndi
1786505847.803687,13.282889,-0.014210,-0.031040,-1.546870,ndi
1786505847.818730,13.297932,-0.014230,-0.031040,-1.546850,ndi
1786505847.836225,13.315427,-0.014250,-0.030970,-1.546840,ndi
1786505847.853647,13.332849,-0.014270,-0.030930,-1.546830,ndi
1786505847.868475,13.347677,-0.014290,-0.030940,-1.546800,ndi
1786505847.885973,13.365175,-0.014310,-0.030920,-1.546740,ndi
1786505847.903490,13.382693,-0.014330,-0.030860,-1.546710,ndi
1786505847.918522,13.397724,-0.014350,-0.030830,-1.546710,ndi
1786505847.936018,13.415220,-0.014360,-0.030840,-1.546700,ndi
1786505847.953616,13.432819,-0.014390,-0.030820,-1.546650,ndi
1786505847.968498,13.447700,-0.014410,-0.030760,-1.546630,ndi
1786505847.985960,13.465162,-0.014430,-0.030740,-1.546620,ndi
1786505848.003653,13.482855,-0.014450,-0.030740,-1.546590,ndi
1786505848.018632,13.497835,-0.014480,-0.030710,-1.546580,ndi
1786505848.036152,13.515354,-0.014500,-0.030650,-1.546540,ndi
1786505848.053631,13.532833,-0.014510,-0.030640,-1.546530,ndi
1786505848.068506,13.547709,-0.014530,-0.030640,-1.546490,ndi
1786505848.085951,13.565153,-0.014560,-0.030600,-1.546480,ndi
1786505848.103682,13.582885,-0.014570,-0.030550,-1.546440,ndi
1786505848.118586,13.597789,-0.014580,-0.030550,-1.546450,ndi
1786505848.135989,13.615191,-0.014600,-0.030540,-1.546380,ndi
1786505848.153586,13.632788,-0.014640,-0.030480,-1.546350,ndi
1786505848.168533,13.647735,-0.014660,-0.030450,-1.546340,ndi
1786505848.186015,13.665217,-0.014680,-0.030440,-1.546290,ndi
1786505848.203586,13.682789,-0.014760,-0.030350,-1.546220,ndi
1786505848.218529,13.697731,-0.014870,-0.030160,-1.546100,ndi
1786505848.236205,13.715407,-0.014910,-0.030150,-1.546070,ndi
1786505848.253664,13.732866,-0.014930,-0.030150,-1.546070,ndi
1786505848.268516,13.747718,-0.014910,-0.030110,-1.546070,ndi
1786505848.285961,13.765163,-0.014930,-0.030090,-1.546060,ndi
1786505848.303572,13.782774,-0.014970,-0.030070,-1.546010,ndi
1786505848.318559,13.797761,-0.015000,-0.030050,-1.545990,ndi
1786505848.336051,13.815253,-0.015010,-0.030010,-1.545980,ndi
1786505848.353661,13.832863,-0.015020,-0.029980,-1.545920,ndi
1786505848.368513,13.847715,-0.015070,-0.029980,-1.545900,ndi
1786505848.385978,13.865180,-0.015090,-0.029930,-1.545890,ndi
1786505848.403605,13.882808,-0.015140,-0.029880,-1.545840,ndi
1786505848.418593,13.897795,-0.015150,-0.029880,-1.545840,ndi
1786505848.436082,13.915285,-0.015150,-0.029880,-1.545830,ndi
1786505848.453645,13.932848,-0.015180,-0.029850,-1.545800,ndi
1786505848.468512,13.947714,-0.015180,-0.029830,-1.545790,ndi
1786505848.485981,13.965184,-0.015200,-0.029850,-1.545770,ndi
1786505848.503570,13.982772,-0.015190,-0.029850,-1.545770,ndi
1786505848.518558,13.997760,-0.015180,-0.029830,-1.545750,ndi
1786505848.536063,14.015266,-0.015200,-0.029830,-1.545750,ndi
1786505848.553666,14.032868,-0.015220,-0.029840,-1.545730,ndi
1786505848.568510,14.047713,-0.015240,-0.029810,-1.545720,ndi
1786505848.586009,14.065211,-0.015250,-0.029760,-1.545710,ndi
1786505848.603592,14.082795,-0.015270,-0.029740,-1.545630,ndi
1786505848.618567,14.097769,-0.015300,-0.029740,-1.545620,ndi
1786505848.636251,14.115454,-0.015320,-0.029700,-1.545600,ndi
1786505848.653657,14.132859,-0.015350,-0.029650,-1.545560,ndi
1786505848.668509,14.147711,-0.015360,-0.029650,-1.545550,ndi
1786505848.685974,14.165176,-0.015380,-0.029630,-1.545470,ndi
1786505848.703545,14.182748,-0.015420,-0.029580,-1.545500,ndi
1786505848.718558,14.197760,-0.015430,-0.029550,-1.545430,ndi
1786505848.736239,14.215442,-0.015470,-0.029540,-1.545420,ndi
1786505848.753665,14.232867,-0.015490,-0.029520,-1.545390,ndi
1786505848.768499,14.247701,-0.015500,-0.029490,-1.545380,ndi
1786505848.786008,14.265210,-0.015550,-0.029440,-1.545350,ndi
1786505848.803506,14.282708,-0.015570,-0.029440,-1.545300,ndi
1786505848.818560,14.297762,-0.015570,-0.029430,-1.545290,ndi
1786505848.836058,14.315260,-0.015600,-0.029370,-1.545260,ndi
1786505848.853597,14.332799,-0.015640,-0.029340,-1.545240,ndi
1786505848.868499,14.347701,-0.015650,-0.029340,-1.545220,ndi
1786505848.886022,14.365224,-0.015660,-0.029330,-1.545220,ndi
1786505848.903765,14.382967,-0.015670,-0.029270,-1.545210,ndi
1786505848.918611,14.397814,-0.015690,-0.029240,-1.545170,ndi
1786505848.936193,14.415395,-0.015730,-0.029250,-1.545140,ndi
1786505848.953640,14.432842,-0.015760,-0.029230,-1.545130,ndi
1786505848.968513,14.447716,-0.015760,-0.029190,-1.545120,ndi
1786505848.986014,14.465216,-0.015790,-0.029170,-1.545110,ndi
1786505849.003558,14.482761,-0.015810,-0.029170,-1.545050,ndi
1786505849.018560,14.497762,-0.015840,-0.029130,-1.545040,ndi
1786505849.036199,14.515401,-0.015880,-0.029080,-1.544980,ndi
1786505849.053556,14.532758,-0.015880,-0.029070,-1.544950,ndi
1786505849.068514,14.547717,-0.015910,-0.029060,-1.544960,ndi
1786505849.086014,14.565216,-0.015940,-0.029020,-1.544920,ndi
1786505849.103617,14.582819,-0.015970,-0.028980,-1.544860,ndi
1786505849.118554,14.597756,-0.016000,-0.028960,-1.544840,ndi
1786505849.136235,14.615437,-0.016010,-0.028960,-1.544830,ndi
1786505849.153665,14.632867,-0.016050,-0.028920,-1.544810,ndi
1786505849.168511,14.647713,-0.016080,-0.028880,-1.544790,ndi
1786505849.186013,14.665215,-0.016090,-0.028880,-1.544770,ndi
1786505849.203561,14.682764,-0.016110,-0.028860,-1.544740,ndi
1786505849.218587,14.697790,-0.016120,-0.028830,-1.544720,ndi
1786505849.236214,14.715416,-0.016170,-0.028790,-1.544670,ndi
1786505849.253625,14.732827,-0.016210,-0.028770,-1.544630,ndi
1786505849.268501,14.747703,-0.016250,-0.028720,-1.544600,ndi
1786505849.286009,14.765211,-0.016390,-0.028540,-1.544480,ndi
1786505849.303646,14.782848,-0.016440,-0.028510,-1.544440,ndi
1786505849.318558,14.797761,-0.016470,-0.028520,-1.544440,ndi
1786505849.336171,14.815373,-0.016480,-0.028490,-1.544430,ndi
1786505849.353610,14.832812,-0.016500,-0.028450,-1.544370,ndi
1786505849.368531,14.847733,-0.016540,-0.028420,-1.544330,ndi
1786505849.386023,14.865226,-0.016580,-0.028420,-1.544310,ndi
1786505849.403730,14.882932,-0.016600,-0.028380,-1.544320,ndi
1786505849.418637,14.897840,-0.016620,-0.028340,-1.544280,ndi
1786505849.436094,14.915297,-0.016630,-0.028340,-1.544250,ndi
1786505849.453671,14.932873,-0.016640,-0.028350,-1.544260,ndi
1786505849.468527,14.947730,-0.016680,-0.028340,-1.544270,ndi
1786505849.486031,14.965233,-0.016660,-0.028320,-1.544230,ndi
1786505849.503584,14.982786,-0.016650,-0.028330,-1.544220,ndi
1786505849.518607,14.997809,-0.016670,-0.028330,-1.544230,ndi
1786505849.536049,15.015252,-0.016670,-0.028320,-1.544230,ndi
1786505849.553658,15.032860,-0.016710,-0.028280,-1.544170,ndi
1786505849.568502,15.047704,-0.016720,-0.028280,-1.544140,ndi
1786505849.586010,15.065212,-0.016750,-0.028260,-1.544140,ndi
1786505849.603557,15.082760,-0.016780,-0.028230,-1.544130,ndi
1786505849.618567,15.097769,-0.016800,-0.028200,-1.544080,ndi
1786505849.636023,15.115226,-0.016850,-0.028180,-1.544050,ndi
1786505849.653662,15.132864,-0.016850,-0.028160,-1.544040,ndi
1786505849.668517,15.147719,-0.016860,-0.028140,-1.544020,ndi
1786505849.686018,15.165220,-0.016920,-0.028110,-1.544000,ndi
1786505849.703540,15.182742,-0.016960,-0.028090,-1.543960,ndi
1786505849.718568,15.197770,-0.016990,-0.028070,-1.543930,ndi
1786505849.736053,15.215255,-0.017000,-0.028040,-1.543920,ndi
1786505849.753712,15.232915,-0.017030,-0.028020,-1.543880,ndi
1786505849.768525,15.247728,-0.017070,-0.028000,-1.543870,ndi
1786505849.786016,15.265218,-0.017090,-0.027980,-1.543840,ndi
1786505849.803557,15.282759,-0.017110,-0.027950,-1.543830,ndi
1786505849.818580,15.297783,-0.017130,-0.027920,-1.543790,ndi
1786505849.836062,15.315264,-0.017170,-0.027900,-1.543750,ndi
1786505849.853661,15.332863,-0.017200,-0.027880,-1.543730,ndi
1786505849.868519,15.347721,-0.017220,-0.027860,-1.543690,ndi
1786505849.886015,15.365217,-0.017250,-0.027830,-1.543680,ndi
1786505849.903578,15.382781,-0.017280,-0.027810,-1.543650,ndi
1786505849.918597,15.397800,-0.017310,-0.027780,-1.543660,ndi
1786505849.936179,15.415381,-0.017340,-0.027770,-1.543630,ndi
1786505849.953647,15.432849,-0.017370,-0.027740,-1.543590,ndi
1786505849.968524,15.447726,-0.017380,-0.027720,-1.543590,ndi
1786505849.986028,15.465230,-0.017410,-0.027700,-1.543550,ndi
1786505850.003566,15.482768,-0.017440,-0.027680,-1.543520,ndi
1786505850.018600,15.497802,-0.017480,-0.027650,-1.543480,ndi
1786505850.036150,15.515353,-0.017500,-0.027630,-1.543490,ndi
1786505850.053715,15.532917,-0.017520,-0.027600,-1.543420,ndi
1786505850.068531,15.547733,-0.017550,-0.027580,-1.543410,ndi
1786505850.086017,15.565219,-0.017570,-0.027560,-1.543380,ndi
1786505850.103625,15.582827,-0.017620,-0.027540,-1.543350,ndi
1786505850.118602,15.597804,-0.017640,-0.027510,-1.543340,ndi
1786505850.136084,15.615286,-0.017670,-0.027500,-1.543300,ndi
1786505850.153542,15.632744,-0.017700,-0.027480,-1.543290,ndi
1786505850.168526,15.647729,-0.017730,-0.027460,-1.543290,ndi
1786505850.186044,15.665246,-0.017760,-0.027440,-1.543210,ndi
1786505850.203697,15.682899,-0.017770,-0.027420,-1.543200,ndi
1786505850.218674,15.697876,-0.017810,-0.027390,-1.543220,ndi
1786505850.236156,15.715358,-0.017840,-0.027370,-1.543160,ndi
1786505850.253587,15.732789,-0.017860,-0.027350,-1.543130,ndi
1786505850.268561,15.747764,-0.017890,-0.027330,-1.543100,ndi
1786505850.286038,15.765240,-0.017920,-0.027310,-1.543080,ndi
1786505850.303569,15.782771,-0.017960,-0.027290,-1.543090,ndi
1786505850.318560,15.797763,-0.017970,-0.027260,-1.543040,ndi
1786505850.336191,15.815394,-0.018020,-0.027250,-1.543030,ndi
1786505850.353696,15.832898,-0.018070,-0.027220,-1.543010,ndi
1786505850.368565,15.847768,-0.018060,-0.027200,-1.542990,ndi
1786505850.386029,15.865231,-0.018120,-0.027190,-1.542950,ndi
1786505850.403742,15.882944,-0.018150,-0.027170,-1.542920,ndi
1786505850.421265,15.900467,-0.018180,-0.027140,-1.542920,ndi
1786505850.436216,15.915418,-0.018210,-0.027120,-1.542870,ndi
1786505850.453615,15.932817,-0.018220,-0.027100,-1.542860,ndi
1786505850.468568,15.947770,-0.018260,-0.027090,-1.542820,ndi
1786505850.486038,15.965241,-0.018300,-0.027070,-1.542830,ndi
1786505850.503617,15.982820,-0.018330,-0.027030,-1.542800,ndi
1786505850.518647,15.997849,-0.018360,-0.027030,-1.542760,ndi
1786505850.536292,16.015494,-0.018400,-0.027010,-1.542760,ndi
1786505850.553683,16.032885,-0.018440,-0.026980,-1.542700,ndi
1786505850.568557,16.047759,-0.018450,-0.026950,-1.542660,ndi
1786505850.586037,16.065240,-0.018490,-0.026940,-1.542640,ndi
1786505850.603599,16.082801,-0.018520,-0.026910,-1.542620,ndi
1786505850.618651,16.097854,-0.018560,-0.026900,-1.542600,ndi
1786505850.636191,16.115393,-0.018590,-0.026870,-1.542550,ndi
1786505850.653577,16.132779,-0.018620,-0.026850,-1.542540,ndi
1786505850.668516,16.147719,-0.018650,-0.026830,-1.542490,ndi
1786505850.686040,16.165243,-0.018690,-0.026800,-1.542490,ndi
1786505850.703566,16.182768,-0.018740,-0.026780,-1.542460,ndi
1786505850.718603,16.197806,-0.018780,-0.026770,-1.542420,ndi
1786505850.736164,16.215366,-0.018800,-0.026740,-1.542410,ndi
1786505850.753648,16.232850,-0.018840,-0.026710,-1.542380,ndi
1786505850.768517,16.247720,-0.018870,-0.026690,-1.542350,ndi
1786505850.786046,16.265248,-0.018900,-0.026670,-1.542330,ndi
1786505850.803531,16.282733,-0.018940,-0.026640,-1.542310,ndi
1786505850.818608,16.297810,-0.018980,-0.026620,-1.542280,ndi
1786505850.836054,16.315256,-0.019010,-0.026600,-1.542270,ndi
1786505850.853708,16.332911,-0.019030,-0.026580,-1.542220,ndi
1786505850.868512,16.347714,-0.019070,-0.026560,-1.542190,ndi
1786505850.886058,16.365260,-0.019090,-0.026540,-1.542200,ndi
1786505850.903548,16.382751,-0.019140,-0.026520,-1.542160,ndi
1786505850.918602,16.397804,-0.019180,-0.026500,-1.542140,ndi
1786505850.936231,16.415433,-0.019210,-0.026480,-1.542090,ndi
1786505850.953618,16.432820,-0.019250,-0.026460,-1.542120,ndi
1786505850.968555,16.447757,-0.019270,-0.026460,-1.542090,ndi
1786505850.986019,16.465221,-0.019310,-0.026420,-1.542100,ndi
1786505851.003563,16.482765,-0.019340,-0.026400,-1.542050,ndi
1786505851.018545,16.497747,-0.019360,-0.026390,-1.542020,ndi
1786505851.036188,16.515390,-0.019400,-0.026380,-1.542000,ndi
1786505851.053591,16.532794,-0.019440,-0.026340,-1.541970,ndi
1786505851.068532,16.547734,-0.019460,-0.026320,-1.541940,ndi
1786505851.086077,16.565279,-0.019500,-0.026310,-1.541900,ndi
1786505851.103559,16.582761,-0.019560,-0.026300,-1.541890,ndi
1786505851.118633,16.597835,-0.019600,-0.026260,-1.541860,ndi
1786505851.136204,16.615406,-0.019660,-0.026210,-1.541780,ndi
1786505851.153590,16.632792,-0.019730,-0.026190,-1.541740,ndi
1786505851.168565,16.647767,-0.019790,-0.026140,-1.541700,ndi
1786505851.186026,16.665229,-0.019860,-0.026110,-1.541640,ndi
1786505851.203572,16.682775,-0.019890,-0.026100,-1.541620,ndi
1786505851.218597,16.697799,-0.019870,-0.026100,-1.541600,ndi
1786505851.236216,16.715419,-0.019920,-0.026080,-1.541610,ndi
1786505851.253567,16.732769,-0.019960,-0.026040,-1.541570,ndi
1786505851.268521,16.747723,-0.019990,-0.026030,-1.541540,ndi
1786505851.286055,16.765257,-0.020010,-0.026030,-1.541520,ndi
1786505851.303663,16.782865,-0.020060,-0.026010,-1.541520,ndi
1786505851.318638,16.797840,-0.020090,-0.025960,-1.541520,ndi
1786505851.336165,16.815367,-0.020120,-0.025960,-1.541450,ndi
1786505851.353582,16.832784,-0.020150,-0.025970,-1.541440,ndi
1786505851.368539,16.847742,-0.020160,-0.025950,-1.541430,ndi
1786505851.386025,16.865227,-0.020180,-0.025920,-1.541420,ndi
1786505851.403724,16.882926,-0.020210,-0.025930,-1.541450,ndi
1786505851.418785,16.897987,-0.020220,-0.025940,-1.541400,ndi
1786505851.436299,16.915501,-0.020250,-0.025900,-1.541360,ndi
1786505851.453591,16.932793,-0.020280,-0.025870,-1.541320,ndi
1786505851.468531,16.947733,-0.020310,-0.025880,-1.541320,ndi
1786505851.486022,16.965224,-0.020360,-0.025870,-1.541300,ndi
1786505851.503754,16.982957,-0.020390,-0.025820,-1.541250,ndi
1786505851.518738,16.997940,-0.020420,-0.025800,-1.541260,ndi
1786505851.536161,17.015363,-0.020440,-0.025810,-1.541210,ndi
1786505851.553699,17.032902,-0.020480,-0.025790,-1.541190,ndi
1786505851.568522,17.047725,-0.020530,-0.025750,-1.541160,ndi
1786505851.586015,17.065217,-0.020570,-0.025730,-1.541130,ndi
1786505851.603722,17.082924,-0.020600,-0.025740,-1.541120,ndi
1786505851.618818,17.098020,-0.020640,-0.025710,-1.541100,ndi
1786505851.636314,17.115517,-0.020670,-0.025660,-1.541090,ndi
1786505851.653589,17.132791,-0.020720,-0.025660,-1.541030,ndi
1786505851.668541,17.147744,-0.020750,-0.025660,-1.541040,ndi
1786505851.686012,17.165214,-0.020790,-0.025620,-1.540990,ndi
1786505851.703618,17.182820,-0.020830,-0.025580,-1.540940,ndi
1786505851.718683,17.197886,-0.020880,-0.025580,-1.540980,ndi
1786505851.736231,17.215433,-0.020910,-0.025580,-1.540930,ndi
1786505851.753589,17.232792,-0.020930,-0.025530,-1.540910,ndi
1786505851.768542,17.247744,-0.020980,-0.025510,-1.540890,ndi
1786505851.786030,17.265233,-0.021010,-0.025510,-1.540850,ndi
1786505851.803728,17.282930,-0.021050,-0.025490,-1.540800,ndi
1786505851.818735,17.297937,-0.021080,-0.025450,-1.540760,ndi
1786505851.836198,17.315400,-0.021120,-0.025420,-1.540740,ndi
1786505851.853687,17.332889,-0.021150,-0.025420,-1.540750,ndi
1786505851.868570,17.347772,-0.021190,-0.025400,-1.540740,ndi
1786505851.886071,17.365273,-0.021230,-0.025370,-1.540700,ndi
1786505851.903744,17.382946,-0.021260,-0.025350,-1.540680,ndi
1786505851.918731,17.397933,-0.021290,-0.025340,-1.540650,ndi
1786505851.936203,17.415405,-0.021330,-0.025320,-1.540620,ndi
1786505851.953595,17.432797,-0.021360,-0.025290,-1.540570,ndi
1786505851.968533,17.447735,-0.021390,-0.025270,-1.540600,ndi
1786505851.986040,17.465242,-0.021430,-0.025270,-1.540550,ndi
1786505852.003752,17.482955,-0.021450,-0.025240,-1.540530,ndi
1786505852.018713,17.497916,-0.021490,-0.025220,-1.540530,ndi
1786505852.036184,17.515386,-0.021510,-0.025200,-1.540490,ndi
1786505852.053727,17.532929,-0.021560,-0.025190,-1.540480,ndi
1786505852.068584,17.547787,-0.021600,-0.025170,-1.540470,ndi
1786505852.086078,17.565280,-0.021620,-0.025140,-1.540460,ndi
1786505852.103742,17.582945,-0.021660,-0.025130,-1.540450,ndi
1786505852.118777,17.597979,-0.021700,-0.025120,-1.540430,ndi
1786505852.136335,17.615537,-0.021720,-0.025090,-1.540380,ndi
1786505852.153626,17.632828,-0.021770,-0.025060,-1.540340,ndi
1786505852.168532,17.647734,-0.021790,-0.025050,-1.540330,ndi
1786505852.186058,17.665260,-0.021850,-0.025030,-1.540300,ndi
1786505852.203811,17.683013,-0.021890,-0.025000,-1.540260,ndi
1786505852.218658,17.697860,-0.021920,-0.024970,-1.540240,ndi
1786505852.236295,17.715498,-0.021970,-0.024950,-1.540190,ndi
1786505852.253622,17.732824,-0.022010,-0.024920,-1.540180,ndi
1786505852.268529,17.747731,-0.022040,-0.024900,-1.540160,ndi
1786505852.286064,17.765266,-0.022090,-0.024890,-1.540120,ndi
1786505852.303739,17.782941,-0.022140,-0.024850,-1.540090,ndi
1786505852.318650,17.797852,-0.022130,-0.024840,-1.540100,ndi
1786505852.336174,17.815376,-0.022170,-0.024830,-1.540080,ndi
1786505852.353701,17.832903,-0.022180,-0.024830,-1.540040,ndi
1786505852.368550,17.847752,-0.022190,-0.024810,-1.540050,ndi
1786505852.386011,17.865213,-0.022230,-0.024780,-1.540000,ndi
1786505852.403705,17.882907,-0.022250,-0.024780,-1.540020,ndi
1786505852.418717,17.897920,-0.022290,-0.024760,-1.540000,ndi
1786505852.436298,17.915500,-0.022330,-0.024730,-1.539980,ndi
1786505852.453767,17.932969,-0.022340,-0.024710,-1.539930,ndi
1786505852.468570,17.947773,-0.022390,-0.024710,-1.539910,ndi
1786505852.486068,17.965271,-0.022420,-0.024690,-1.539920,ndi
1786505852.503709,17.982911,-0.022450,-0.024650,-1.539860,ndi
1786505852.518745,17.997947,-0.022470,-0.024620,-1.539830,ndi
1786505852.536221,18.015423,-0.022520,-0.024630,-1.539810,ndi
1786505852.553614,18.032816,-0.022540,-0.024600,-1.539790,ndi
1786505852.568550,18.047752,-0.022570,-0.024570,-1.539780,ndi
1786505852.586052,18.065254,-0.022610,-0.024540,-1.539740,ndi
1786505852.603588,18.082790,-0.022630,-0.024540,-1.539730,ndi
1786505852.618747,18.097949,-0.022660,-0.024530,-1.539710,ndi
1786505852.636243,18.115446,-0.022700,-0.024480,-1.539660,ndi
1786505852.653721,18.132923,-0.022730,-0.024460,-1.539640,ndi
1786505852.668593,18.147796,-0.022770,-0.024470,-1.539610,ndi
1786505852.686065,18.165268,-0.022790,-0.024440,-1.539600,ndi
1786505852.703637,18.182839,-0.022840,-0.024390,-1.539580,ndi
1786505852.718767,18.197969,-0.022860,-0.024380,-1.539550,ndi
1786505852.736212,18.215415,-0.022900,-0.024390,-1.539540,ndi
1786505852.753589,18.232791,-0.022930,-0.024350,-1.539490,ndi
1786505852.768546,18.247748,-0.022960,-0.024290,-1.539500,ndi
1786505852.786078,18.265280,-0.023000,-0.024280,-1.539470,ndi
1786505852.803608,18.282811,-0.023030,-0.024300,-1.539490,ndi
1786505852.818583,18.297786,-0.023050,-0.024250,-1.539450,ndi
1786505852.836213,18.315415,-0.023090,-0.024190,-1.539420,ndi
1786505852.853641,18.332843,-0.023120,-0.024200,-1.539390,ndi
1786505852.868602,18.347804,-0.023150,-0.024210,-1.539340,ndi
1786505852.886086,18.365288,-0.023180,-0.024150,-1.539290,ndi
1786505852.903640,18.382842,-0.023200,-0.024110,-1.539240,ndi
1786505852.918766,18.397968,-0.023230,-0.024120,-1.539250,ndi
1786505852.936281,18.415484,-0.023260,-0.024120,-1.539200,ndi
1786505852.953731,18.432933,-0.023270,-0.024060,-1.539190,ndi
1786505852.968551,18.447753,-0.023320,-0.024030,-1.539180,ndi
1786505852.986104,18.465306,-0.023340,-0.024040,-1.539180,ndi
1786505853.003590,18.482792,-0.023360,-0.024030,-1.539120,ndi
1786505853.018684,18.497886,-0.023400,-0.023970,-1.539100,ndi
1786505853.036396,18.515598,-0.023430,-0.023940,-1.539080,ndi
1786505853.053762,18.532964,-0.023450,-0.023960,-1.539060,ndi
1786505853.068602,18.547804,-0.023490,-0.023940,-1.539040,ndi
1786505853.086098,18.565300,-0.023510,-0.023890,-1.539020,ndi
1786505853.103623,18.582825,-0.023540,-0.023870,-1.539000,ndi
1786505853.118671,18.597873,-0.023560,-0.023880,-1.538970,ndi
1786505853.136214,18.615416,-0.023590,-0.023850,-1.538940,ndi
1786505853.153650,18.632852,-0.023640,-0.023800,-1.538930,ndi
1786505853.168572,18.647774,-0.023640,-0.023790,-1.538900,ndi
1786505853.186152,18.665354,-0.023670,-0.023800,-1.538880,ndi
1786505853.203705,18.682908,-0.023680,-0.023760,-1.538870,ndi
1786505853.218729,18.697932,-0.023740,-0.023710,-1.538850,ndi
1786505853.236251,18.715453,-0.023760,-0.023720,-1.538820,ndi
1786505853.253720,18.732922,-0.023790,-0.023720,-1.538780,ndi
1786505853.268629,18.747831,-0.023830,-0.023670,-1.538710,ndi
1786505853.286077,18.765279,-0.023840,-0.023640,-1.538730,ndi
1786505853.303609,18.782811,-0.023880,-0.023640,-1.538740,ndi
1786505853.318769,18.797971,-0.023900,-0.023640,-1.538680,ndi
1786505853.336282,18.815484,-0.023930,-0.023580,-1.538690,ndi
1786505853.353586,18.832788,-0.023950,-0.023560,-1.538640,ndi
1786505853.368612,18.847814,-0.023970,-0.023570,-1.538610,ndi
1786505853.386073,18.865275,-0.024010,-0.023540,-1.538600,ndi
1786505853.403650,18.882852,-0.024030,-0.023500,-1.538580,ndi
1786505853.418816,18.898018,-0.024060,-0.023480,-1.538570,ndi
1786505853.436239,18.915441,-0.024090,-0.023480,-1.538530,ndi
1786505853.453725,18.932927,-0.024120,-0.023450,-1.538500,ndi
1786505853.468616,18.947818,-0.024150,-0.023410,-1.538470,ndi
1786505853.486083,18.965285,-0.024170,-0.023390,-1.538450,ndi
1786505853.503643,18.982845,-0.024200,-0.023390,-1.538430,ndi
1786505853.518807,18.998009,-0.024220,-0.023360,-1.538400,ndi
1786505853.536295,19.015497,-0.024250,-0.023320,-1.538380,ndi
1786505853.553692,19.032894,-0.024280,-0.023310,-1.538350,ndi
1786505853.568618,19.047820,-0.024290,-0.023300,-1.538320,ndi
1786505853.586079,19.065281,-0.024330,-0.023260,-1.538290,ndi
1786505853.603683,19.082886,-0.024370,-0.023230,-1.538300,ndi
1786505853.618822,19.098024,-0.024390,-0.023220,-1.538260,ndi
1786505853.636217,19.115419,-0.024420,-0.023210,-1.538250,ndi
1786505853.653773,19.132975,-0.024450,-0.023170,-1.538210,ndi
1786505853.668587,19.147789,-0.024480,-0.023150,-1.538230,ndi
1786505853.686109,19.165311,-0.024490,-0.023140,-1.538180,ndi
1786505853.703644,19.182847,-0.024530,-0.023100,-1.538140,ndi
1786505853.718667,19.197869,-0.024560,-0.023080,-1.538130,ndi
1786505853.736159,19.215362,-0.024580,-0.023070,-1.538110,ndi
1786505853.753669,19.232871,-0.024600,-0.023060,-1.538060,ndi
1786505853.768570,19.247772,-0.024600,-0.023050,-1.538050,ndi
1786505853.786115,19.265317,-0.024610,-0.023040,-1.538070,ndi
1786505853.803732,19.282934,-0.024620,-0.023040,-1.538070,ndi
1786505853.818719,19.297921,-0.024630,-0.023050,-1.538040,ndi
1786505853.836317,19.315519,-0.024630,-0.023030,-1.538060,ndi
1786505853.853756,19.332959,-0.024630,-0.023030,-1.538110,ndi
1786505853.868564,19.347766,-0.024640,-0.023050,-1.538090,ndi
1786505853.886111,19.365314,-0.024630,-0.023050,-1.538070,ndi
1786505853.903747,19.382949,-0.024640,-0.023020,-1.538070,ndi
1786505853.918594,19.397797,-0.024640,-0.023040,-1.538090,ndi
1786505853.936270,19.415472,-0.024640,-0.023060,-1.538080,ndi
1786505853.953752,19.432954,-0.024640,-0.023050,-1.538070,ndi
1786505853.968600,19.447802,-0.024640,-0.023020,-1.538070,ndi
1786505853.986123,19.465325,-0.024640,-0.023040,-1.538110,ndi
1786505854.003846,19.483048,-0.024640,-0.023060,-1.538080,ndi
1786505854.018652,19.497854,-0.024660,-0.023040,-1.538070,ndi
1786505854.036232,19.515435,-0.024640,-0.023020,-1.538080,ndi
1786505854.053764,19.532966,-0.024650,-0.023050,-1.538090,ndi
1786505854.068613,19.547816,-0.024660,-0.023060,-1.538070,ndi
1786505854.086100,19.565303,-0.024650,-0.023040,-1.538090,ndi
1786505854.103645,19.582847,-0.024650,-0.023030,-1.538070,ndi
1786505854.118594,19.597797,-0.024660,-0.023050,-1.538100,ndi
1786505854.136123,19.615326,-0.024650,-0.023060,-1.538090,ndi
1786505854.153746,19.632948,-0.024650,-0.023040,-1.538070,ndi
1786505854.168609,19.647811,-0.024650,-0.023030,-1.538080,ndi
1786505854.186098,19.665300,-0.024670,-0.023060,-1.538080,ndi
1786505854.203724,19.682926,-0.024650,-0.023050,-1.538090,ndi
1786505854.218633,19.697835,-0.024660,-0.023030,-1.538070,ndi
1786505854.236181,19.715383,-0.024670,-0.023040,-1.538110,ndi
1786505854.253803,19.733005,-0.024670,-0.023060,-1.538090,ndi
1786505854.268626,19.747829,-0.024650,-0.023050,-1.538070,ndi
1786505854.286103,19.765305,-0.024650,-0.023030,-1.538100,ndi
1786505854.303644,19.782846,-0.024670,-0.023040,-1.538080,ndi
1786505854.318576,19.797779,-0.024650,-0.023060,-1.538090,ndi
1786505854.336119,19.815322,-0.024660,-0.023050,-1.538100,ndi
1786505854.353756,19.832958,-0.024670,-0.023030,-1.538090,ndi
1786505854.368617,19.847820,-0.024650,-0.023050,-1.538080,ndi
1786505854.386124,19.865326,-0.024670,-0.023070,-1.538110,ndi
1786505854.403831,19.883034,-0.024670,-0.023030,-1.538090,ndi
1786505854.418787,19.897990,-0.024670,-0.023020,-1.538120,ndi
1786505854.436271,19.915473,-0.024650,-0.023060,-1.538090,ndi
1786505854.453784,19.932986,-0.024670,-0.023070,-1.538070,ndi
1786505854.468622,19.947824,-0.024670,-0.023030,-1.538100,ndi
1786505854.486103,19.965305,-0.024650,-0.023030,-1.538090,ndi
1786505854.503614,19.982816,-0.024680,-0.023070,-1.538090,ndi
1786505854.518755,19.997958,-0.024670,-0.023070,-1.538120,ndi
1786505854.536157,20.015359,-0.024660,-0.023030,-1.538070,ndi
1786505854.553998,20.033200,-0.024660,-0.023040,-1.538070,ndi
1786505854.568642,20.047844,-0.024650,-0.023070,-1.538100,ndi
1786505854.586126,20.065328,-0.024670,-0.023060,-1.538090,ndi
1786505854.603862,20.083064,-0.024670,-0.023030,-1.538070,ndi
1786505854.618821,20.098023,-0.024680,-0.023050,-1.538050,ndi
1786505854.636252,20.115454,-0.024670,-0.023080,-1.538070,ndi
1786505854.653744,20.132946,-0.024680,-0.023060,-1.538070,ndi
1786505854.668635,20.147837,-0.024680,-0.023030,-1.538070,ndi
1786505854.686126,20.165328,-0.024660,-0.023050,-1.538070,ndi
1786505854.703803,20.183005,-0.024680,-0.023070,-1.538070,ndi
1786505854.718760,20.197962,-0.024660,-0.023060,-1.538090,ndi
1786505854.736260,20.215462,-0.024660,-0.023040,-1.538060,ndi
1786505854.753778,20.232980,-0.024670,-0.023060,-1.538080,ndi
1786505854.768607,20.247809,-0.024660,-0.023070,-1.538060,ndi
1786505854.786147,20.265349,-0.024680,-0.023050,-1.538080,ndi
1786505854.803832,20.283034,-0.024670,-0.023040,-1.538090,ndi
1786505854.818775,20.297977,-0.024690,-0.023060,-1.538070,ndi
1786505854.836261,20.315463,-0.024680,-0.023060,-1.538070,ndi
1786505854.853796,20.332998,-0.024670,-0.023050,-1.538050,ndi
1786505854.868618,20.347820,-0.024690,-0.023050,-1.538100,ndi
1786505854.886122,20.365325,-0.024670,-0.023070,-1.538090,ndi
1786505854.903795,20.382998,-0.024680,-0.023060,-1.538070,ndi
1786505854.918772,20.397974,-0.024680,-0.023050,-1.538070,ndi
1786505854.936244,20.415447,-0.024670,-0.023060,-1.538070,ndi
1786505854.953796,20.432999,-0.024670,-0.023060,-1.538090,ndi
1786505854.968621,20.447824,-0.024690,-0.023050,-1.538070,ndi
1786505854.986119,20.465321,-0.024690,-0.023050,-1.538070,ndi
1786505855.003883,20.483085,-0.024680,-0.023070,-1.538100,ndi
1786505855.018816,20.498019,-0.024690,-0.023070,-1.538080,ndi
1786505855.036212,20.515415,-0.024690,-0.023050,-1.538080,ndi
1786505855.053653,20.532856,-0.024680,-0.023040,-1.538070,ndi
1786505855.068598,20.547800,-0.024690,-0.023060,-1.538080,ndi
1786505855.086124,20.565326,-0.024690,-0.023070,-1.538080,ndi
1786505855.103644,20.582846,-0.024680,-0.023050,-1.538090,ndi
1786505855.118662,20.597864,-0.024680,-0.023050,-1.538070,ndi
1786505855.136152,20.615354,-0.024680,-0.023070,-1.538070,ndi
1786505855.153691,20.632893,-0.024670,-0.023070,-1.538100,ndi
1786505855.168615,20.647817,-0.024690,-0.023050,-1.538090,ndi
1786505855.186128,20.665331,-0.024690,-0.023050,-1.538090,ndi
1786505855.203733,20.682936,-0.024690,-0.023070,-1.538080,ndi
1786505855.218782,20.697984,-0.024680,-0.023070,-1.538070,ndi
1786505855.236200,20.715402,-0.024690,-0.023040,-1.538080,ndi
1786505855.253780,20.732983,-0.024690,-0.023050,-1.538070,ndi
1786505855.268624,20.747827,-0.024680,-0.023070,-1.538100,ndi
1786505855.286123,20.765325,-0.024700,-0.023070,-1.538080,ndi
1786505855.303658,20.782861,-0.024690,-0.023050,-1.538070,ndi
1786505855.318631,20.797834,-0.024680,-0.023050,-1.538060,ndi
1786505855.336156,20.815359,-0.024690,-0.023070,-1.538050,ndi
1786505855.353843,20.833046,-0.024670,-0.023060,-1.538090,ndi
1786505855.368635,20.847837,-0.024700,-0.023050,-1.538080,ndi
1786505855.386091,20.865293,-0.024690,-0.023060,-1.538080,ndi
1786505855.403845,20.883047,-0.024690,-0.023070,-1.538070,ndi
1786505855.418812,20.898014,-0.024700,-0.023060,-1.538070,ndi
1786505855.436283,20.915485,-0.024690,-0.023050,-1.538070,ndi
1786505855.453763,20.932965,-0.024700,-0.023070,-1.538090,ndi
1786505855.468626,20.947829,-0.024690,-0.023070,-1.538050,ndi
1786505855.486099,20.965302,-0.024680,-0.023060,-1.538060,ndi
1786505855.503638,20.982841,-0.024690,-0.023050,-1.538060,ndi
1786505855.518668,20.997870,-0.024680,-0.023060,-1.538070,ndi
1786505855.536142,21.015344,-0.024690,-0.023070,-1.538080,ndi
1786505855.553703,21.032905,-0.024690,-0.023060,-1.538060,ndi
1786505855.568648,21.047851,-0.024690,-0.023060,-1.538060,ndi
1786505855.586148,21.065350,-0.024680,-0.023070,-1.538050,ndi
1786505855.603853,21.083056,-0.024690,-0.023060,-1.538070,ndi
1786505855.618841,21.098043,-0.024710,-0.023050,-1.538050,ndi
1786505855.636310,21.115512,-0.024690,-0.023070,-1.538030,ndi
1786505855.653755,21.132957,-0.024700,-0.023070,-1.538060,ndi
1786505855.668620,21.147822,-0.024700,-0.023060,-1.538080,ndi
1786505855.686105,21.165307,-0.024690,-0.023050,-1.538070,ndi
1786505855.703752,21.182954,-0.024690,-0.023070,-1.538070,ndi
1786505855.718786,21.197989,-0.024690,-0.023070,-1.538080,ndi
1786505855.736355,21.215557,-0.024700,-0.023050,-1.538060,ndi
1786505855.753732,21.232934,-0.024690,-0.023050,-1.538060,ndi
1786505855.768696,21.247898,-0.024690,-0.023070,-1.538080,ndi
1786505855.786154,21.265356,-0.024710,-0.023070,-1.538060,ndi
1786505855.803708,21.282910,-0.024700,-0.023050,-1.538070,ndi
1786505855.818804,21.298006,-0.024700,-0.023050,-1.538060,ndi
1786505855.836353,21.315555,-0.024680,-0.023080,-1.538070,ndi
1786505855.853817,21.333019,-0.024700,-0.023070,-1.538070,ndi
1786505855.868591,21.347794,-0.024700,-0.023050,-1.538080,ndi
1786505855.886097,21.365299,-0.024700,-0.023060,-1.538050,ndi
1786505855.903875,21.383078,-0.024700,-0.023070,-1.538080,ndi
1786505855.918838,21.398040,-0.024680,-0.023070,-1.538080,ndi
1786505855.936305,21.415507,-0.024690,-0.023050,-1.538090,ndi
1786505855.953740,21.432942,-0.024700,-0.023070,-1.538070,ndi
1786505855.968668,21.447871,-0.024690,-0.023070,-1.538060,ndi
1786505855.986140,21.465343,-0.024700,-0.023060,-1.538080,ndi
1786505856.003758,21.482960,-0.024690,-0.023060,-1.538090,ndi
1786505856.018769,21.497971,-0.024710,-0.023070,-1.538080,ndi
1786505856.036280,21.515482,-0.024700,-0.023070,-1.538060,ndi
1786505856.053649,21.532851,-0.024690,-0.023050,-1.538080,ndi
1786505856.068658,21.547860,-0.024710,-0.023060,-1.538080,ndi
1786505856.086117,21.565319,-0.024700,-0.023080,-1.538070,ndi
1786505856.103730,21.582932,-0.024700,-0.023060,-1.538070,ndi
1786505856.118723,21.597925,-0.024690,-0.023050,-1.538090,ndi
1786505856.136359,21.615561,-0.024710,-0.023060,-1.538080,ndi
1786505856.153728,21.632930,-0.024700,-0.023080,-1.538090,ndi
1786505856.168646,21.647848,-0.024700,-0.023070,-1.538070,ndi
1786505856.186163,21.665365,-0.024700,-0.023050,-1.538070,ndi
1786505856.203687,21.682889,-0.024700,-0.023060,-1.538090,ndi
1786505856.218828,21.698030,-0.024700,-0.023080,-1.538080,ndi
1786505856.236376,21.715578,-0.024690,-0.023060,-1.538080,ndi
1786505856.253808,21.733010,-0.024700,-0.023040,-1.538070,ndi
1786505856.268631,21.747834,-0.024710,-0.023060,-1.538090,ndi
1786505856.286122,21.765324,-0.024690,-0.023080,-1.538100,ndi
1786505856.303655,21.782858,-0.024700,-0.023060,-1.538080,ndi
1786505856.318787,21.797989,-0.024710,-0.023050,-1.538090,ndi
1786505856.336354,21.815557,-0.024710,-0.023070,-1.538080,ndi
1786505856.353762,21.832965,-0.024700,-0.023080,-1.538090,ndi
1786505856.368717,21.847919,-0.024710,-0.023060,-1.538090,ndi
1786505856.386149,21.865351,-0.024710,-0.023040,-1.538100,ndi
1786505856.403906,21.883108,-0.024710,-0.023070,-1.538090,ndi
1786505856.418837,21.898039,-0.024710,-0.023080,-1.538090,ndi
1786505856.436331,21.915534,-0.024700,-0.023060,-1.538070,ndi
1786505856.453773,21.932975,-0.024700,-0.023050,-1.538070,ndi
1786505856.468613,21.947815,-0.024700,-0.023070,-1.538070,ndi
1786505856.486122,21.965324,-0.024690,-0.023070,-1.538080,ndi
1786505856.503786,21.982988,-0.024690,-0.023060,-1.538060,ndi
1786505856.518833,21.998035,-0.024690,-0.023050,-1.538080,ndi
1786505856.536237,22.015440,-0.024700,-0.023070,-1.538060,ndi
1786505856.553809,22.033011,-0.024710,-0.023070,-1.538080,ndi
1786505856.568710,22.047913,-0.024710,-0.023060,-1.538070,ndi
1786505856.586158,22.065360,-0.024700,-0.023060,-1.538060,ndi
1786505856.603704,22.082906,-0.024710,-0.023070,-1.538090,ndi
1786505856.618686,22.097888,-0.024710,-0.023070,-1.538080,ndi
1786505856.636368,22.115570,-0.024700,-0.023060,-1.538100,ndi
1786505856.653779,22.132982,-0.024710,-0.023060,-1.538070,ndi
1786505856.668590,22.147793,-0.024700,-0.023070,-1.538080,ndi
1786505856.686155,22.165357,-0.024700,-0.023070,-1.538060,ndi
1786505856.703862,22.183065,-0.024700,-0.023060,-1.538050,ndi
1786505856.718852,22.198054,-0.024690,-0.023070,-1.538080,ndi
1786505856.736360,22.215562,-0.024710,-0.023070,-1.538070,ndi
1786505856.753764,22.232966,-0.024700,-0.023060,-1.538070,ndi
1786505856.768698,22.247900,-0.024700,-0.023060,-1.538070,ndi
1786505856.786183,22.265385,-0.024710,-0.023070,-1.538080,ndi
1786505856.803703,22.282905,-0.024700,-0.023070,-1.538080,ndi
1786505856.818702,22.297904,-0.024700,-0.023060,-1.538060,ndi
1786505856.836355,22.315557,-0.024710,-0.023060,-1.538090,ndi
1786505856.853791,22.332993,-0.024710,-0.023070,-1.538060,ndi
1786505856.868621,22.347823,-0.024690,-0.023070,-1.538070,ndi
1786505856.886161,22.365364,-0.024710,-0.023060,-1.538070,ndi
1786505856.903808,22.383010,-0.024700,-0.023060,-1.538070,ndi
1786505856.918777,22.397979,-0.024710,-0.023070,-1.538100,ndi
1786505856.936272,22.415475,-0.024710,-0.023060,-1.538080,ndi
1786505856.953762,22.432964,-0.024710,-0.023060,-1.538090,ndi
1786505856.968676,22.447878,-0.024720,-0.023070,-1.538100,ndi
1786505856.986158,22.465361,-0.024720,-0.023080,-1.538100,ndi
1786505857.003829,22.483031,-0.024700,-0.023060,-1.538080,ndi
1786505857.018846,22.498048,-0.024720,-0.023060,-1.538090,ndi
1786505857.036275,22.515477,-0.024710,-0.023070,-1.538080,ndi
1786505857.053761,22.532964,-0.024710,-0.023070,-1.538120,ndi
1786505857.068676,22.547878,-0.024720,-0.023060,-1.538080,ndi
1786505857.086181,22.565384,-0.024710,-0.023070,-1.538090,ndi
1786505857.103699,22.582901,-0.024700,-0.023080,-1.538100,ndi
1786505857.118707,22.597909,-0.024720,-0.023070,-1.538090,ndi
1786505857.136222,22.615425,-0.024710,-0.023060,-1.538090,ndi
1786505857.153823,22.633026,-0.024710,-0.023070,-1.538100,ndi
1786505857.168685,22.647887,-0.024730,-0.023080,-1.538110,ndi
1786505857.186191,22.665393,-0.024710,-0.023060,-1.538080,ndi
1786505857.203775,22.682978,-0.024710,-0.023070,-1.538110,ndi
1786505857.218867,22.698070,-0.024720,-0.023070,-1.538100,ndi
1786505857.236377,22.715579,-0.024710,-0.023070,-1.538100,ndi
1786505857.253758,22.732961,-0.024710,-0.023060,-1.538130,ndi
1786505857.268666,22.747869,-0.024710,-0.023070,-1.538110,ndi
1786505857.286142,22.765344,-0.024710,-0.023080,-1.538130,ndi
1786505857.303756,22.782958,-0.024710,-0.023070,-1.538100,ndi
1786505857.318705,22.797908,-0.024720,-0.023060,-1.538110,ndi
1786505857.336191,22.815394,-0.024720,-0.023070,-1.538120,ndi
1786505857.353799,22.833002,-0.024730,-0.023080,-1.538110,ndi
1786505857.368736,22.847938,-0.024720,-0.023070,-1.538110,ndi
1786505857.386184,22.865387,-0.024720,-0.023060,-1.538100,ndi
1786505857.403825,22.883027,-0.024720,-0.023070,-1.538090,ndi
1786505857.418812,22.898015,-0.024720,-0.023080,-1.538100,ndi
1786505857.436161,22.915363,-0.024720,-0.023060,-1.538110,ndi
1786505857.451204,22.930407,-0.024720,-0.023060,-1.538120,ndi
1786505857.468673,22.947876,-0.024710,-0.023080,-1.538130,ndi
1786505857.486132,22.965335,-0.024710,-0.023080,-1.538110,ndi
1786505857.503828,22.983030,-0.024730,-0.023060,-1.538100,ndi
1786505857.518848,22.998050,-0.024710,-0.023060,-1.538080,ndi
1786505857.536317,23.015520,-0.024720,-0.023080,-1.538080,ndi
1786505857.553813,23.033015,-0.024730,-0.023090,-1.538080,ndi
1786505857.568794,23.047996,-0.024730,-0.023070,-1.538080,ndi
1786505857.586205,23.065407,-0.024730,-0.023070,-1.538050,ndi
1786505857.603712,23.082914,-0.024730,-0.023090,-1.538060,ndi
1786505857.618710,23.097912,-0.024730,-0.023090,-1.538060,ndi
1786505857.636165,23.115368,-0.024720,-0.023060,-1.538090,ndi
1786505857.653824,23.133026,-0.024720,-0.023070,-1.538050,ndi
1786505857.668658,23.147860,-0.024730,-0.023090,-1.538070,ndi
1786505857.686190,23.165392,-0.024720,-0.023090,-1.538070,ndi
1786505857.703725,23.182927,-0.024730,-0.023060,-1.538060,ndi
1786505857.718835,23.198037,-0.024730,-0.023070,-1.538040,ndi
1786505857.736333,23.215536,-0.024730,-0.023090,-1.538050,ndi
1786505857.753836,23.233038,-0.024730,-0.023090,-1.538030,ndi
1786505857.768671,23.247873,-0.024740,-0.023070,-1.538030,ndi
1786505857.786224,23.265426,-0.024730,-0.023080,-1.538050,ndi
1786505857.803712,23.282914,-0.024730,-0.023090,-1.538070,ndi
1786505857.818704,23.297906,-0.024740,-0.023080,-1.538050,ndi
1786505857.836175,23.315377,-0.024720,-0.023080,-1.538060,ndi
1786505857.853802,23.333004,-0.024730,-0.023080,-1.538050,ndi
1786505857.868670,23.347872,-0.024720,-0.023090,-1.538060,ndi
1786505857.886199,23.365401,-0.024710,-0.023080,-1.538060,ndi
1786505857.903700,23.382902,-0.024720,-0.023070,-1.538070,ndi
1786505857.918737,23.397939,-0.024730,-0.023080,-1.538060,ndi
1786505857.936195,23.415397,-0.024730,-0.023090,-1.538070,ndi
1786505857.953992,23.433194,-0.024730,-0.023080,-1.538060,ndi
1786505857.968698,23.447900,-0.024740,-0.023070,-1.538040,ndi
1786505857.986176,23.465379,-0.024730,-0.023080,-1.538050,ndi
1786505858.001369,23.480571,-0.024730,-0.023090,-1.538050,ndi
1786505858.018899,23.498101,-0.024730,-0.023080,-1.538060,ndi
1786505858.036294,23.515496,-0.024730,-0.023080,-1.538080,ndi
1786505858.053815,23.533018,-0.024730,-0.023090,-1.538060,ndi
1786505858.068667,23.547869,-0.024730,-0.023080,-1.538090,ndi
1786505858.086169,23.565371,-0.024750,-0.023080,-1.538080,ndi
1786505858.103722,23.582924,-0.024730,-0.023080,-1.538100,ndi
1786505858.118679,23.597881,-0.024730,-0.023090,-1.538100,ndi
1786505858.136202,23.615404,-0.024750,-0.023080,-1.538090,ndi
1786505858.151239,23.630441,-0.024730,-0.023080,-1.538100,ndi
1786505858.168681,23.647883,-0.024730,-0.023070,-1.538070,ndi
1786505858.186193,23.665395,-0.024730,-0.023080,-1.538090,ndi
1786505858.203701,23.682903,-0.024740,-0.023080,-1.538090,ndi
1786505858.218845,23.698047,-0.024730,-0.023080,-1.538100,ndi
1786505858.236347,23.715549,-0.024730,-0.023080,-1.538080,ndi
1786505858.253837,23.733039,-0.024740,-0.023080,-1.538080,ndi
1786505858.268684,23.747887,-0.024730,-0.023080,-1.538080,ndi
1786505858.286161,23.765363,-0.024740,-0.023080,-1.538080,ndi
1786505858.303900,23.783102,-0.024740,-0.023090,-1.538080,ndi
1786505858.318791,23.797993,-0.024740,-0.023080,-1.538100,ndi
1786505858.336230,23.815432,-0.024750,-0.023080,-1.538090,ndi
1786505858.353710,23.832912,-0.024730,-0.023080,-1.538080,ndi
1786505858.368703,23.847905,-0.024740,-0.023080,-1.538100,ndi
1786505858.386222,23.865424,-0.024740,-0.023090,-1.538100,ndi
1786505858.403887,23.883089,-0.024750,-0.023090,-1.538090,ndi
1786505858.418863,23.898065,-0.024750,-0.023080,-1.538090,ndi
1786505858.436325,23.915527,-0.024740,-0.023070,-1.538070,ndi
1786505858.453789,23.932991,-0.024750,-0.023080,-1.538110,ndi
1786505858.468720,23.947922,-0.024750,-0.023080,-1.538090,ndi
1786505858.486197,23.965400,-0.024760,-0.023070,-1.538090,ndi
1786505858.503733,23.982935,-0.024760,-0.023070,-1.538120,ndi
1786505858.518751,23.997953,-0.024770,-0.023060,-1.538140,ndi
1786505858.536305,24.015508,-0.024780,-0.023040,-1.538120,ndi
1786505858.553826,24.033028,-0.024770,-0.023040,-1.538150,ndi
1786505858.568696,24.047899,-0.024780,-0.023030,-1.538160,ndi
1786505858.586235,24.065437,-0.024780,-0.023030,-1.538170,ndi
1786505858.603716,24.082918,-0.024790,-0.023020,-1.538160,ndi
1786505858.618887,24.098090,-0.024800,-0.023020,-1.538160,ndi
1786505858.636235,24.115438,-0.024780,-0.023000,-1.538190,ndi
1786505858.653829,24.133031,-0.024790,-0.022980,-1.538190,ndi
1786505858.668702,24.147905,-0.024790,-0.022980,-1.538230,ndi
1786505858.686230,24.165432,-0.024810,-0.022970,-1.538260,ndi
1786505858.703765,24.182967,-0.024810,-0.022950,-1.538240,ndi
1786505858.718787,24.197990,-0.024810,-0.022950,-1.538260,ndi
1786505858.736329,24.215531,-0.024820,-0.022950,-1.538240,ndi
1786505858.753849,24.233051,-0.024810,-0.022940,-1.538290,ndi
1786505858.768715,24.247917,-0.024830,-0.022910,-1.538270,ndi
1786505858.786202,24.265405,-0.024830,-0.022900,-1.538310,ndi
1786505858.801294,24.280496,-0.024840,-0.022900,-1.538330,ndi
1786505858.818681,24.297883,-0.024850,-0.022870,-1.538370,ndi
1786505858.836239,24.315441,-0.024850,-0.022820,-1.538390,ndi
1786505858.853831,24.333033,-0.024870,-0.022800,-1.538420,ndi
1786505858.868701,24.347903,-0.024880,-0.022790,-1.538470,ndi
1786505858.886208,24.365411,-0.024890,-0.022740,-1.538520,ndi
1786505858.903758,24.382960,-0.024910,-0.022690,-1.538560,ndi
1786505858.918739,24.397942,-0.024920,-0.022650,-1.538610,ndi
1786505858.936332,24.415535,-0.024950,-0.022620,-1.538640,ndi
1786505858.953746,24.432949,-0.024940,-0.022580,-1.538700,ndi
1786505858.968718,24.447921,-0.024960,-0.022520,-1.538740,ndi
1786505858.986168,24.465370,-0.024990,-0.022460,-1.538810,ndi
1786505859.003726,24.482928,-0.025010,-0.022440,-1.538890,ndi
1786505859.018841,24.498043,-0.025020,-0.022390,-1.538940,ndi
1786505859.036239,24.515441,-0.025030,-0.022310,-1.539010,ndi
1786505859.053767,24.532969,-0.025060,-0.022270,-1.539090,ndi
1786505859.068688,24.547890,-0.025080,-0.022200,-1.539200,ndi
1786505859.086186,24.565388,-0.025110,-0.022120,-1.539310,ndi
1786505859.103725,24.582927,-0.025130,-0.022050,-1.539370,ndi
1786505859.118794,24.597997,-0.025130,-0.022030,-1.539450,ndi
1786505859.136285,24.615487,-0.025150,-0.022010,-1.539460,ndi
1786505859.153706,24.632908,-0.025150,-0.021940,-1.539540,ndi
1786505859.168714,24.647916,-0.025170,-0.021880,-1.539620,ndi
1786505859.186209,24.665411,-0.025190,-0.021830,-1.539720,ndi
1786505859.203718,24.682920,-0.025190,-0.021780,-1.539800,ndi
1786505859.218822,24.698025,-0.025220,-0.021700,-1.539860,ndi
1786505859.236325,24.715527,-0.025220,-0.021640,-1.539920,ndi
1786505859.253792,24.732994,-0.025240,-0.021610,-1.539980,ndi
1786505859.268719,24.747921,-0.025250,-0.021580,-1.539990,ndi
1786505859.286197,24.765399,-0.025250,-0.021550,-1.540030,ndi
1786505859.303828,24.783030,-0.025280,-0.021500,-1.540110,ndi
1786505859.318849,24.798051,-0.025260,-0.021480,-1.540140,ndi
1786505859.336217,24.815419,-0.025290,-0.021450,-1.540200,ndi
1786505859.353810,24.833012,-0.025290,-0.021370,-1.540270,ndi
1786505859.368709,24.847911,-0.025290,-0.021340,-1.540290,ndi
1786505859.386199,24.865402,-0.025310,-0.021300,-1.540390,ndi
1786505859.403775,24.882977,-0.025300,-0.021240,-1.540460,ndi
1786505859.418825,24.898027,-0.025320,-0.021200,-1.540520,ndi
1786505859.436387,24.915590,-0.025320,-0.021140,-1.540600,ndi
1786505859.453846,24.933048,-0.025350,-0.021090,-1.540690,ndi
1786505859.468717,24.947920,-0.025350,-0.021030,-1.540750,ndi
1786505859.486370,24.965572,-0.025350,-0.020950,-1.540840,ndi
1786505859.503860,24.983063,-0.025370,-0.020890,-1.540950,ndi
1786505859.518801,24.998003,-0.025360,-0.020840,-1.541030,ndi
1786505859.536258,25.015460,-0.025370,-0.020780,-1.541080,ndi
1786505859.553743,25.032946,-0.025380,-0.020680,-1.541190,ndi
1786505859.568716,25.047918,-0.025370,-0.020660,-1.541230,ndi
1786505859.586214,25.065416,-0.025390,-0.020590,-1.541360,ndi
1786505859.603781,25.082983,-0.025380,-0.020520,-1.541440,ndi
1786505859.618729,25.097932,-0.025400,-0.020460,-1.541530,ndi
1786505859.636427,25.115629,-0.025390,-0.020340,-1.541690,ndi
1786505859.653750,25.132952,-0.025400,-0.020300,-1.541740,ndi
1786505859.668729,25.147931,-0.025410,-0.020230,-1.541810,ndi
1786505859.686425,25.165628,-0.025400,-0.020200,-1.541900,ndi
1786505859.703752,25.182955,-0.025390,-0.020160,-1.541950,ndi
1786505859.718724,25.197926,-0.025410,-0.020110,-1.542020,ndi
1786505859.736272,25.215474,-0.025400,-0.020030,-1.542120,ndi
1786505859.753873,25.233075,-0.025390,-0.019980,-1.542200,ndi
1786505859.768690,25.247892,-0.025410,-0.019930,-1.542260,ndi
1786505859.786184,25.265386,-0.025390,-0.019850,-1.542370,ndi
1786505859.803931,25.283134,-0.025380,-0.019800,-1.542420,ndi
1786505859.818903,25.298106,-0.025370,-0.019740,-1.542510,ndi
1786505859.836412,25.315614,-0.025370,-0.019710,-1.542550,ndi
1786505859.853840,25.333042,-0.025380,-0.019690,-1.542570,ndi
1786505859.868732,25.347935,-0.025390,-0.019660,-1.542580,ndi
1786505859.886227,25.365429,-0.025370,-0.019610,-1.542660,ndi
1786505859.903825,25.383027,-0.025370,-0.019540,-1.542770,ndi
1786505859.918902,25.398104,-0.025370,-0.019510,-1.542800,ndi
1786505859.936407,25.415609,-0.025350,-0.019470,-1.542830,ndi
1786505859.953889,25.433091,-0.025360,-0.019430,-1.542920,ndi
1786505859.968734,25.447937,-0.025330,-0.019370,-1.542970,ndi
1786505859.986184,25.465387,-0.025330,-0.019330,-1.543060,ndi
1786505860.001360,25.480562,-0.025330,-0.019300,-1.543070,ndi
1786505860.018903,25.498105,-0.025310,-0.019260,-1.543170,ndi
1786505860.036405,25.515608,-0.025330,-0.019180,-1.543250,ndi
1786505860.053887,25.533089,-0.025310,-0.019120,-1.543350,ndi
1786505860.068742,25.547944,-0.025290,-0.019090,-1.543430,ndi
1786505860.086240,25.565443,-0.025300,-0.019030,-1.543480,ndi
1786505860.103932,25.583134,-0.025280,-0.018970,-1.543540,ndi
1786505860.118896,25.598098,-0.025260,-0.018920,-1.543610,ndi
1786505860.136380,25.615582,-0.025250,-0.018880,-1.543690,ndi
1786505860.153771,25.632973,-0.025240,-0.018810,-1.543740,ndi
1786505860.168667,25.647869,-0.025230,-0.018760,-1.543800,ndi
1786505860.186218,25.665421,-0.025210,-0.018730,-1.543830,ndi
1786505860.203756,25.682958,-0.025190,-0.018640,-1.543950,ndi
1786505860.218755,25.697957,-0.025180,-0.018590,-1.544010,ndi
1786505860.236405,25.715607,-0.025180,-0.018530,-1.544090,ndi
1786505860.253850,25.733052,-0.025170,-0.018530,-1.544080,ndi
1786505860.268707,25.747910,-0.025150,-0.018470,-1.544240,ndi
1786505860.286236,25.765438,-0.025150,-0.018410,-1.544240,ndi
1786505860.303983,25.783185,-0.025130,-0.018370,-1.544330,ndi
1786505860.318838,25.798040,-0.025100,-0.018340,-1.544370,ndi
1786505860.336402,25.815605,-0.025100,-0.018290,-1.544410,ndi
1786505860.353817,25.833020,-0.025070,-0.018210,-1.544520,ndi
1786505860.368702,25.847905,-0.025070,-0.018160,-1.544590,ndi
1786505860.386203,25.865405,-0.025040,-0.018150,-1.544630,ndi
1786505860.403817,25.883019,-0.025030,-0.018120,-1.544670,ndi
1786505860.418772,25.897974,-0.025030,-0.018080,-1.544690,ndi
1786505860.436274,25.915476,-0.025020,-0.018040,-1.544760,ndi
1786505860.453832,25.933034,-0.025010,-0.018020,-1.544820,ndi
1786505860.468736,25.947938,-0.024990,-0.017970,-1.544870,ndi
1786505860.486237,25.965440,-0.025000,-0.017910,-1.544910,ndi
1786505860.503773,25.982975,-0.024960,-0.017870,-1.545000,ndi
1786505860.518892,25.998094,-0.024940,-0.017860,-1.545050,ndi
1786505860.536448,26.015651,-0.024950,-0.017810,-1.545090,ndi
1786505860.553822,26.033025,-0.024920,-0.017750,-1.545130,ndi
1786505860.568654,26.047857,-0.024890,-0.017720,-1.545200,ndi
1786505860.586256,26.065458,-0.024880,-0.017690,-1.545240,ndi
1786505860.603798,26.083000,-0.024840,-0.017630,-1.545300,ndi
1786505860.618937,26.098139,-0.024840,-0.017580,-1.545340,ndi
1786505860.636374,26.115577,-0.024810,-0.017530,-1.545440,ndi
1786505860.653859,26.133062,-0.024790,-0.017480,-1.545500,ndi
1786505860.668741,26.147943,-0.024780,-0.017430,-1.545540,ndi
1786505860.686242,26.165444,-0.024750,-0.017380,-1.545670,ndi
1786505860.703764,26.182966,-0.024730,-0.017340,-1.545720,ndi
1786505860.718761,26.197964,-0.024690,-0.017290,-1.545800,ndi
1786505860.736438,26.215640,-0.024660,-0.017220,-1.545860,ndi
1786505860.753778,26.232980,-0.024640,-0.017180,-1.545940,ndi
1786505860.768687,26.247889,-0.024590,-0.017110,-1.546030,ndi
1786505860.786233,26.265435,-0.024580,-0.017080,-1.546060,ndi
1786505860.803829,26.283031,-0.024540,-0.017010,-1.546140,ndi
1786505860.818873,26.298075,-0.024550,-0.017000,-1.546140,ndi
1786505860.836433,26.315636,-0.024500,-0.016960,-1.546200,ndi
1786505860.853884,26.333086,-0.024490,-0.016900,-1.546250,ndi
1786505860.868747,26.347950,-0.024450,-0.016850,-1.546310,ndi
1786505860.886242,26.365445,-0.024430,-0.016820,-1.546380,ndi
1786505860.903773,26.382975,-0.024420,-0.016790,-1.546420,ndi
1786505860.918754,26.397956,-0.024360,-0.016710,-1.546540,ndi
1786505860.936321,26.415524,-0.024350,-0.016650,-1.546580,ndi
1786505860.953835,26.433037,-0.024300,-0.016620,-1.546670,ndi
1786505860.968737,26.447940,-0.024290,-0.016610,-1.546660,ndi
1786505860.986265,26.465467,-0.024290,-0.016580,-1.546670,ndi
1786505861.003851,26.483053,-0.024250,-0.016510,-1.546770,ndi
1786505861.018813,26.498015,-0.024240,-0.016500,-1.546820,ndi
1786505861.036274,26.515476,-0.024220,-0.016480,-1.546850,ndi
1786505861.053787,26.532989,-0.024200,-0.016410,-1.546940,ndi
1786505861.068771,26.547973,-0.024170,-0.016360,-1.547000,ndi
1786505861.086284,26.565487,-0.024140,-0.016340,-1.547050,ndi
1786505861.103827,26.583029,-0.024110,-0.016290,-1.547110,ndi
1786505861.118870,26.598072,-0.024080,-0.016250,-1.547130,ndi
1786505861.136288,26.615490,-0.024070,-0.016210,-1.547130,ndi
1786505861.151361,26.630563,-0.024030,-0.016170,-1.547270,ndi
1786505861.168797,26.647999,-0.024000,-0.016140,-1.547310,ndi
1786505861.186271,26.665473,-0.023970,-0.016070,-1.547350,ndi
1786505861.203791,26.682993,-0.023910,-0.016010,-1.547430,ndi
1786505861.218889,26.698091,-0.023910,-0.015990,-1.547520,ndi
1786505861.236438,26.715640,-0.023850,-0.015940,-1.547550,ndi
1786505861.253894,26.733097,-0.023820,-0.015880,-1.547690,ndi
1786505861.268743,26.747946,-0.023800,-0.015850,-1.547700,ndi
1786505861.286241,26.765443,-0.023740,-0.015810,-1.547770,ndi
1786505861.301446,26.780648,-0.023730,-0.015770,-1.547790,ndi
1786505861.318898,26.798100,-0.023680,-0.015720,-1.547850,ndi
1786505861.336386,26.815588,-0.023620,-0.015650,-1.547920,ndi
1786505861.351304,26.830506,-0.023600,-0.015640,-1.547990,ndi
1786505861.368746,26.847948,-0.023560,-0.015580,-1.548030,ndi
1786505861.386269,26.865471,-0.023540,-0.015550,-1.548070,ndi
1786505861.403807,26.883009,-0.023510,-0.015510,-1.548140,ndi
1786505861.418804,26.898007,-0.023490,-0.015490,-1.548170,ndi
1786505861.436283,26.915485,-0.023440,-0.015440,-1.548250,ndi
1786505861.453766,26.932969,-0.023390,-0.015380,-1.548320,ndi
1786505861.468753,26.947955,-0.023380,-0.015360,-1.548340,ndi
1786505861.486266,26.965468,-0.023310,-0.015300,-1.548400,ndi
1786505861.501393,26.980596,-0.023280,-0.015250,-1.548490,ndi
1786505861.518901,26.998104,-0.023250,-0.015220,-1.548520,ndi
1786505861.536365,27.015568,-0.023240,-0.015220,-1.548520,ndi
1786505861.553874,27.033076,-0.023240,-0.015220,-1.548510,ndi
1786505861.568750,27.047952,-0.023150,-0.015130,-1.548640,ndi
1786505861.586245,27.065448,-0.023140,-0.015120,-1.548610,ndi
1786505861.603823,27.083025,-0.023120,-0.015080,-1.548710,ndi
1786505861.618902,27.098104,-0.023090,-0.015060,-1.548710,ndi
1786505861.636404,27.115607,-0.023060,-0.015030,-1.548800,ndi
1786505861.651492,27.130694,-0.023020,-0.015000,-1.548790,ndi
1786505861.668736,27.147938,-0.022990,-0.014960,-1.548860,ndi
1786505861.686266,27.165469,-0.022940,-0.014930,-1.548880,ndi
1786505861.704024,27.183227,-0.022890,-0.014880,-1.548960,ndi
1786505861.718903,27.198105,-0.022860,-0.014850,-1.549000,ndi
1786505861.736422,27.215624,-0.022830,-0.014810,-1.549060,ndi
1786505861.753927,27.233129,-0.022780,-0.014780,-1.549100,ndi
1786505861.768721,27.247924,-0.022730,-0.014740,-1.549140,ndi
1786505861.786249,27.265451,-0.022700,-0.014690,-1.549170,ndi
1786505861.803772,27.282974,-0.022670,-0.014670,-1.549220,ndi
1786505861.818789,27.297991,-0.022620,-0.014620,-1.549320,ndi
1786505861.836449,27.315651,-0.022610,-0.014610,-1.549330,ndi
1786505861.853858,27.333061,-0.022560,-0.014560,-1.549380,ndi
1786505861.868740,27.347942,-0.022520,-0.014520,-1.549440,ndi
1786505861.886241,27.365443,-0.022460,-0.014490,-1.549510,ndi
1786505861.903853,27.383055,-0.022400,-0.014430,-1.549560,ndi
1786505861.918824,27.398026,-0.022340,-0.014390,-1.549630,ndi
1786505861.936254,27.415456,-0.022300,-0.014340,-1.549680,ndi
1786505861.953793,27.432995,-0.022260,-0.014320,-1.549740,ndi
1786505861.968753,27.447956,-0.022210,-0.014290,-1.549770,ndi
1786505861.986243,27.465446,-0.022190,-0.014240,-1.549780,ndi
1786505862.003815,27.483018,-0.022150,-0.014220,-1.549840,ndi
1786505862.018899,27.498101,-0.022110,-0.014190,-1.549870,ndi
1786505862.036261,27.515463,-0.022060,-0.014160,-1.549910,ndi
1786505862.053814,27.533017,-0.022010,-0.014110,-1.549950,ndi
1786505862.068786,27.547988,-0.021950,-0.014060,-1.550030,ndi
1786505862.086284,27.565486,-0.021920,-0.014050,-1.550040,ndi
1786505862.103954,27.583156,-0.021920,-0.014040,-1.550040,ndi
1786505862.118942,27.598145,-0.021900,-0.014020,-1.550020,ndi
1786505862.136407,27.615609,-0.021870,-0.013990,-1.550070,ndi
1786505862.153867,27.633069,-0.021830,-0.013990,-1.550100,ndi
1786505862.168782,27.647984,-0.021800,-0.013960,-1.550150,ndi
1786505862.186281,27.665483,-0.021780,-0.013910,-1.550170,ndi
1786505862.203760,27.682962,-0.021730,-0.013890,-1.550250,ndi
1786505862.218920,27.698122,-0.021710,-0.013890,-1.550240,ndi
1786505862.236413,27.715616,-0.021660,-0.013850,-1.550290,ndi
1786505862.253849,27.733051,-0.021620,-0.013790,-1.550340,ndi
1786505862.268770,27.747972,-0.021590,-0.013780,-1.550390,ndi
1786505862.286266,27.765468,-0.021550,-0.013780,-1.550420,ndi
1786505862.301387,27.780589,-0.021510,-0.013740,-1.550420,ndi
1786505862.318881,27.798083,-0.021470,-0.013690,-1.550490,ndi
1786505862.336383,27.815586,-0.021430,-0.013680,-1.550530,ndi
1786505862.353833,27.833035,-0.021380,-0.013680,-1.550570,ndi
1786505862.368775,27.847977,-0.021360,-0.013640,-1.550590,ndi
1786505862.386250,27.865452,-0.021340,-0.013600,-1.550590,ndi
1786505862.403850,27.883053,-0.021300,-0.013600,-1.550650,ndi
1786505862.418931,27.898133,-0.021290,-0.013600,-1.550680,ndi
1786505862.436477,27.915680,-0.021250,-0.013550,-1.550700,ndi
1786505862.453796,27.932998,-0.021220,-0.013530,-1.550750,ndi
1786505862.468773,27.947976,-0.021170,-0.013520,-1.550780,ndi
1786505862.486275,27.965477,-0.021130,-0.013500,-1.550810,ndi
1786505862.501388,27.980590,-0.021110,-0.013470,-1.550810,ndi
1786505862.518878,27.998080,-0.021070,-0.013440,-1.550860,ndi
1786505862.536461,28.015664,-0.021060,-0.013450,-1.550880,ndi
1786505862.553844,28.033047,-0.021010,-0.013420,-1.550920,ndi
1786505862.568750,28.047952,-0.020980,-0.013380,-1.550980,ndi
1786505862.586256,28.065458,-0.020980,-0.013360,-1.550940,ndi
1786505862.601357,28.080559,-0.020930,-0.013370,-1.551010,ndi
1786505862.618925,28.098127,-0.020890,-0.013320,-1.551020,ndi
1786505862.636437,28.115639,-0.020830,-0.013270,-1.551100,ndi
1786505862.653848,28.133051,-0.020810,-0.013270,-1.551100,ndi
1786505862.668778,28.147980,-0.020810,-0.013290,-1.551110,ndi
1786505862.686228,28.165430,-0.020790,-0.013270,-1.551130,ndi
1786505862.703895,28.183098,-0.020790,-0.013230,-1.551130,ndi
1786505862.718817,28.198020,-0.020720,-0.013220,-1.551170,ndi
1786505862.736319,28.215522,-0.020690,-0.013220,-1.551210,ndi
1786505862.753798,28.233001,-0.020660,-0.013180,-1.551240,ndi
1786505862.768752,28.247954,-0.020630,-0.013130,-1.551240,ndi
1786505862.786275,28.265477,-0.020600,-0.013130,-1.551260,ndi
1786505862.803805,28.283008,-0.020570,-0.013130,-1.551300,ndi
1786505862.818844,28.298047,-0.020540,-0.013090,-1.551310,ndi
1786505862.836326,28.315528,-0.020500,-0.013060,-1.551330,ndi
1786505862.853788,28.332990,-0.020460,-0.013060,-1.551350,ndi
1786505862.868758,28.347960,-0.020430,-0.013040,-1.551390,ndi
1786505862.886238,28.365440,-0.020400,-0.013000,-1.551400,ndi
1786505862.903746,28.382948,-0.020360,-0.012970,-1.551440,ndi
1786505862.918905,28.398108,-0.020300,-0.012970,-1.551480,ndi
1786505862.936419,28.415622,-0.020270,-0.012950,-1.551510,ndi
1786505862.953772,28.432974,-0.020220,-0.012900,-1.551530,ndi
1786505862.968739,28.447941,-0.020180,-0.012880,-1.551560,ndi
1786505862.986273,28.465475,-0.020130,-0.012880,-1.551610,ndi
1786505863.003785,28.482987,-0.020080,-0.012850,-1.551640,ndi
1786505863.019023,28.498225,-0.020040,-0.012810,-1.551670,ndi
1786505863.036272,28.515475,-0.019960,-0.012780,-1.551730,ndi
1786505863.053869,28.533071,-0.019910,-0.012770,-1.551760,ndi
1786505863.068794,28.547996,-0.019880,-0.012750,-1.551760,ndi
1786505863.086240,28.565442,-0.019860,-0.012720,-1.551790,ndi
1786505863.103730,28.582932,-0.019830,-0.012720,-1.551820,ndi
1786505863.119016,28.598218,-0.019780,-0.012710,-1.551860,ndi
1786505863.136340,28.615542,-0.019720,-0.012660,-1.551900,ndi
1786505863.153757,28.632959,-0.019690,-0.012630,-1.551940,ndi
1786505863.168754,28.647956,-0.019650,-0.012630,-1.551980,ndi
1786505863.186249,28.665451,-0.019590,-0.012600,-1.552020,ndi
1786505863.203833,28.683036,-0.019540,-0.012550,-1.552080,ndi
1786505863.218833,28.698035,-0.019510,-0.012530,-1.552090,ndi
1786505863.236435,28.715637,-0.019490,-0.012550,-1.552110,ndi
1786505863.253889,28.733091,-0.019480,-0.012540,-1.552130,ndi
1786505863.268804,28.748006,-0.019440,-0.012490,-1.552160,ndi
1786505863.286256,28.765459,-0.019380,-0.012470,-1.552230,ndi
1786505863.303818,28.783020,-0.019340,-0.012480,-1.552210,ndi
1786505863.318971,28.798174,-0.019290,-0.012460,-1.552240,ndi
1786505863.336290,28.815493,-0.019240,-0.012400,-1.552270,ndi
1786505863.353947,28.833149,-0.019200,-0.012390,-1.552310,ndi
1786505863.368773,28.847975,-0.019140,-0.012390,-1.552330,ndi
1786505863.386249,28.865452,-0.019090,-0.012360,-1.552380,ndi
1786505863.403898,28.883101,-0.019050,-0.012310,-1.552410,ndi
1786505863.418831,28.898033,-0.018990,-0.012310,-1.552460,ndi
1786505863.436440,28.915642,-0.018950,-0.012300,-1.552450,ndi
1786505863.453798,28.933000,-0.018900,-0.012260,-1.552490,ndi
1786505863.468760,28.947963,-0.018840,-0.012230,-1.552500,ndi
1786505863.486258,28.965460,-0.018790,-0.012220,-1.552500,ndi
1786505863.501371,28.980574,-0.018750,-0.012220,-1.552540,ndi
1786505863.518960,28.998163,-0.018700,-0.012180,-1.552580,ndi
1786505863.536393,29.015595,-0.018660,-0.012140,-1.552580,ndi
1786505863.553889,29.033091,-0.018610,-0.012140,-1.552620,ndi
1786505863.568776,29.047978,-0.018560,-0.012120,-1.552630,ndi
1786505863.586277,29.065479,-0.018520,-0.012090,-1.552650,ndi
1786505863.603853,29.083055,-0.018420,-0.012050,-1.552710,ndi
1786505863.618929,29.098131,-0.018370,-0.012040,-1.552740,ndi
1786505863.636430,29.115632,-0.018320,-0.012020,-1.552770,ndi
1786505863.653914,29.133116,-0.018280,-0.011990,-1.552790,ndi
1786505863.668742,29.147944,-0.018250,-0.011980,-1.552800,ndi
1786505863.686292,29.165494,-0.018200,-0.011980,-1.552800,ndi
1786505863.703857,29.183059,-0.018130,-0.011940,-1.552840,ndi
1786505863.718922,29.198124,-0.018090,-0.011910,-1.552850,ndi
1786505863.736325,29.215527,-0.018050,-0.011910,-1.552870,ndi
1786505863.753836,29.233038,-0.017990,-0.011880,-1.552950,ndi
1786505863.768862,29.248064,-0.017930,-0.011850,-1.553020,ndi
1786505863.786334,29.265536,-0.017900,-0.011830,-1.553040,ndi
1786505863.801421,29.280623,-0.017870,-0.011830,-1.553040,ndi
1786505863.818782,29.297984,-0.017850,-0.011830,-1.553060,ndi
1786505863.836402,29.315604,-0.017840,-0.011800,-1.553090,ndi
1786505863.851405,29.330608,-0.017770,-0.011790,-1.553120,ndi
1786505863.868744,29.347946,-0.017720,-0.011790,-1.553150,ndi
1786505863.886256,29.365458,-0.017690,-0.011760,-1.553150,ndi
1786505863.903793,29.382996,-0.017620,-0.011730,-1.553180,ndi
1786505863.918802,29.398005,-0.017570,-0.011730,-1.553170,ndi
1786505863.936430,29.415633,-0.017540,-0.011720,-1.553210,ndi
1786505863.953898,29.433100,-0.017490,-0.011680,-1.553210,ndi
1786505863.968748,29.447950,-0.017430,-0.011660,-1.553270,ndi
1786505863.986282,29.465484,-0.017380,-0.011660,-1.553280,ndi
1786505864.001546,29.480748,-0.017340,-0.011650,-1.553290,ndi
1786505864.018974,29.498176,-0.017270,-0.011610,-1.553330,ndi
1786505864.036457,29.515660,-0.017240,-0.011580,-1.553370,ndi
1786505864.053927,29.533129,-0.017180,-0.011590,-1.553400,ndi
1786505864.068777,29.547979,-0.017120,-0.011570,-1.553430,ndi
1786505864.086286,29.565489,-0.017080,-0.011540,-1.553450,ndi
1786505864.103833,29.583035,-0.017020,-0.011520,-1.553470,ndi
1786505864.118850,29.598053,-0.016980,-0.011520,-1.553490,ndi
1786505864.136352,29.615554,-0.016910,-0.011510,-1.553520,ndi
1786505864.153852,29.633055,-0.016860,-0.011470,-1.553540,ndi
1786505864.168801,29.648003,-0.016790,-0.011450,-1.553590,ndi
1786505864.186283,29.665486,-0.016720,-0.011450,-1.553600,ndi
1786505864.201514,29.680716,-0.016680,-0.011430,-1.553640,ndi
1786505864.218862,29.698064,-0.016620,-0.011390,-1.553640,ndi
1786505864.236321,29.715523,-0.016580,-0.011390,-1.553660,ndi
1786505864.253819,29.733022,-0.016530,-0.011390,-1.553670,ndi
1786505864.268775,29.747977,-0.016490,-0.011370,-1.553700,ndi
1786505864.286325,29.765528,-0.016430,-0.011330,-1.553730,ndi
1786505864.303821,29.783024,-0.016360,-0.011330,-1.553730,ndi
1786505864.318827,29.798029,-0.016300,-0.011320,-1.553760,ndi
1786505864.336450,29.815652,-0.016240,-0.011280,-1.553780,ndi
1786505864.353875,29.833078,-0.016160,-0.011250,-1.553800,ndi
1786505864.368836,29.848038,-0.016130,-0.011250,-1.553810,ndi
1786505864.386314,29.865516,-0.016120,-0.011260,-1.553810,ndi
1786505864.403868,29.883071,-0.016090,-0.011240,-1.553830,ndi
1786505864.418879,29.898081,-0.016030,-0.011220,-1.553870,ndi
1786505864.436351,29.915554,-0.015970,-0.011210,-1.553900,ndi
1786505864.453848,29.933050,-0.015910,-0.011210,-1.553910,ndi
1786505864.468801,29.948003,-0.015870,-0.011170,-1.553940,ndi
1786505864.486319,29.965521,-0.015810,-0.011140,-1.553950,ndi
1786505864.503819,29.983021,-0.015740,-0.011150,-1.553980,ndi
1786505864.518891,29.998094,-0.015690,-0.011130,-1.553990,ndi
1786505864.536365,30.015567,-0.015640,-0.011090,-1.554010,ndi
1786505864.553849,30.033051,-0.015580,-0.011080,-1.554000,ndi
1786505864.568834,30.048036,-0.015530,-0.011090,-1.554080,ndi
1786505864.586276,30.065478,-0.015470,-0.011070,-1.554020,ndi
1786505864.604058,30.083261,-0.015390,-0.011030,-1.554070,ndi
1786505864.619009,30.098211,-0.015320,-0.011020,-1.554110,ndi
1786505864.636545,30.115747,-0.015260,-0.011020,-1.554080,ndi
1786505864.653969,30.133171,-0.015190,-0.011000,-1.554130,ndi
1786505864.668824,30.148026,-0.015130,-0.010980,-1.554150,ndi
1786505864.686283,30.165486,-0.015070,-0.010960,-1.554180,ndi
1786505864.703822,30.183024,-0.015010,-0.010960,-1.554230,ndi
1786505864.718838,30.198040,-0.014940,-0.010940,-1.554220,ndi
1786505864.736340,30.215542,-0.014870,-0.010910,-1.554230,ndi
1786505864.753809,30.233011,-0.014780,-0.010880,-1.554230,ndi
1786505864.768822,30.248025,-0.014720,-0.010880,-1.554250,ndi
1786505864.786312,30.265514,-0.014680,-0.010870,-1.554270,ndi
1786505864.803875,30.283077,-0.014620,-0.010860,-1.554280,ndi
1786505864.818980,30.298183,-0.014570,-0.010840,-1.554290,ndi
1786505864.836427,30.315629,-0.014520,-0.010840,-1.554280,ndi
1786505864.853960,30.333163,-0.014460,-0.010820,-1.554320,ndi
1786505864.868810,30.348013,-0.014380,-0.010800,-1.554350,ndi
1786505864.886289,30.365491,-0.014300,-0.010790,-1.554370,ndi
1786505864.903819,30.383021,-0.014210,-0.010770,-1.554370,ndi
1786505864.918955,30.398157,-0.014170,-0.010770,-1.554360,ndi
1786505864.936526,30.415728,-0.014110,-0.010750,-1.554410,ndi
1786505864.953822,30.433025,-0.014110,-0.010740,-1.554420,ndi
1786505864.968855,30.448057,-0.014080,-0.010750,-1.554390,ndi
1786505864.986297,30.465499,-0.014040,-0.010740,-1.554420,ndi
1786505865.001590,30.480793,-0.013970,-0.010720,-1.554420,ndi
1786505865.018979,30.498182,-0.013920,-0.010700,-1.554430,ndi
1786505865.036330,30.515532,-0.013870,-0.010710,-1.554480,ndi
1786505865.051423,30.530626,-0.013820,-0.010700,-1.554450,ndi
1786505865.068849,30.548051,-0.013750,-0.010670,-1.554510,ndi
1786505865.086347,30.565549,-0.013700,-0.010680,-1.554520,ndi
1786505865.103991,30.583193,-0.013630,-0.010670,-1.554560,ndi
1786505865.118891,30.598093,-0.013590,-0.010660,-1.554560,ndi
1786505865.136508,30.615710,-0.013530,-0.010640,-1.554620,ndi
1786505865.153951,30.633153,-0.013450,-0.010630,-1.554580,ndi
1786505865.168797,30.648000,-0.013410,-0.010630,-1.554620,ndi
1786505865.186296,30.665498,-0.013340,-0.010610,-1.554600,ndi
1786505865.204079,30.683282,-0.013260,-0.010590,-1.554650,ndi
1786505865.218928,30.698130,-0.013220,-0.010590,-1.554640,ndi
1786505865.236404,30.715606,-0.013150,-0.010580,-1.554650,ndi
1786505865.253863,30.733065,-0.013080,-0.010560,-1.554690,ndi
1786505865.268838,30.748040,-0.013040,-0.010550,-1.554670,ndi
1786505865.286289,30.765491,-0.012950,-0.010560,-1.554700,ndi
1786505865.303901,30.783103,-0.012900,-0.010540,-1.554730,ndi
1786505865.318962,30.798164,-0.012820,-0.010530,-1.554750,ndi
1786505865.336463,30.815665,-0.012740,-0.010520,-1.554750,ndi
1786505865.353998,30.833201,-0.012680,-0.010520,-1.554760,ndi
1786505865.368826,30.848029,-0.012640,-0.010510,-1.554780,ndi
1786505865.386309,30.865511,-0.012570,-0.010490,-1.554790,ndi
1786505865.403913,30.883115,-0.012500,-0.010480,-1.554790,ndi
1786505865.418842,30.898044,-0.012450,-0.010480,-1.554790,ndi
1786505865.436372,30.915575,-0.012400,-0.010470,-1.554800,ndi
1786505865.453950,30.933152,-0.012320,-0.010460,-1.554860,ndi
1786505865.468815,30.948017,-0.012250,-0.010440,-1.554800,ndi
1786505865.486325,30.965527,-0.012170,-0.010440,-1.554850,ndi
1786505865.503843,30.983045,-0.012100,-0.010440,-1.554870,ndi
1786505865.518860,30.998063,-0.012080,-0.010430,-1.554840,ndi
1786505865.536381,31.015584,-0.012050,-0.010420,-1.554850,ndi
1786505865.553850,31.033052,-0.012040,-0.010430,-1.554860,ndi
1786505865.568810,31.048012,-0.011970,-0.010420,-1.554880,ndi
1786505865.586321,31.065523,-0.011890,-0.010400,-1.554890,ndi
1786505865.603847,31.083049,-0.011820,-0.010390,-1.554870,ndi
1786505865.618804,31.098006,-0.011740,-0.010390,-1.554910,ndi
1786505865.636343,31.115546,-0.011690,-0.010400,-1.554930,ndi
1786505865.653837,31.133039,-0.011620,-0.010370,-1.554930,ndi
1786505865.668806,31.148008,-0.011570,-0.010350,-1.554940,ndi
1786505865.686358,31.165560,-0.011500,-0.010370,-1.554940,ndi
1786505865.703870,31.183073,-0.011440,-0.010370,-1.554940,ndi
1786505865.718844,31.198046,-0.011370,-0.010340,-1.554940,ndi
1786505865.736374,31.215576,-0.011310,-0.010330,-1.554920,ndi
1786505865.753848,31.233051,-0.011230,-0.010350,-1.554950,ndi
1786505865.768820,31.248022,-0.011150,-0.010340,-1.554960,ndi
1786505865.786313,31.265515,-0.011080,-0.010310,-1.554930,ndi
1786505865.801406,31.280608,-0.011020,-0.010310,-1.554940,ndi
1786505865.818851,31.298054,-0.010950,-0.010330,-1.554940,ndi
1786505865.836475,31.315677,-0.010870,-0.010320,-1.554960,ndi
1786505865.853886,31.333088,-0.010800,-0.010290,-1.555000,ndi
1786505865.868814,31.348016,-0.010740,-0.010290,-1.555000,ndi
1786505865.886338,31.365540,-0.010650,-0.010300,-1.555000,ndi
1786505865.901425,31.380627,-0.010580,-0.010300,-1.555010,ndi
1786505865.918962,31.398164,-0.010510,-0.010270,-1.555010,ndi
1786505865.936430,31.415633,-0.010430,-0.010270,-1.555000,ndi
1786505865.953860,31.433063,-0.010370,-0.010290,-1.555000,ndi
1786505865.968840,31.448042,-0.010310,-0.010290,-1.555000,ndi
1786505865.986343,31.465545,-0.010250,-0.010250,-1.555010,ndi
1786505866.003911,31.483114,-0.010170,-0.010250,-1.554980,ndi
1786505866.018837,31.498039,-0.010110,-0.010270,-1.554990,ndi
1786505866.036375,31.515577,-0.010020,-0.010260,-1.554990,ndi
1786505866.053920,31.533122,-0.009880,-0.010230,-1.554960,ndi
1786505866.068850,31.548052,-0.009820,-0.010230,-1.554970,ndi
1786505866.086302,31.565504,-0.009780,-0.010250,-1.554960,ndi
1786505866.104029,31.583232,-0.009750,-0.010240,-1.554990,ndi
1786505866.118894,31.598096,-0.009740,-0.010220,-1.554990,ndi
1786505866.136494,31.615696,-0.009690,-0.010230,-1.554960,ndi
1786505866.154005,31.633207,-0.009610,-0.010250,-1.554980,ndi
1786505866.168828,31.648031,-0.009530,-0.010240,-1.554950,ndi
1786505866.186336,31.665538,-0.009490,-0.010210,-1.554950,ndi
1786505866.201395,31.680597,-0.009440,-0.010220,-1.554960,ndi
1786505866.218868,31.698070,-0.009360,-0.010240,-1.554980,ndi
1786505866.236476,31.715678,-0.009290,-0.010230,-1.554950,ndi
1786505866.253953,31.733155,-0.009210,-0.010200,-1.554980,ndi
1786505866.268842,31.748045,-0.009140,-0.010220,-1.554960,ndi
1786505866.286335,31.765538,-0.009090,-0.010230,-1.554980,ndi
1786505866.301475,31.780677,-0.009020,-0.010220,-1.554990,ndi
1786505866.318841,31.798043,-0.008960,-0.010210,-1.554970,ndi
1786505866.336462,31.815664,-0.008890,-0.010230,-1.555010,ndi
1786505866.353856,31.833058,-0.008800,-0.010240,-1.554980,ndi
1786505866.368848,31.848050,-0.008720,-0.010220,-1.554930,ndi
1786505866.386315,31.865518,-0.008670,-0.010210,-1.554960,ndi
1786505866.404063,31.883266,-0.008600,-0.010230,-1.554930,ndi
1786505866.418987,31.898190,-0.008560,-0.010230,-1.554950,ndi
1786505866.436517,31.915719,-0.008490,-0.010220,-1.554950,ndi
1786505866.453919,31.933121,-0.008400,-0.010210,-1.554950,ndi
1786505866.468827,31.948029,-0.008330,-0.010230,-1.554910,ndi
1786505866.486342,31.965544,-0.008260,-0.010230,-1.554950,ndi
1786505866.501440,31.980642,-0.008210,-0.010230,-1.554930,ndi
1786505866.518902,31.998104,-0.008150,-0.010210,-1.554930,ndi
1786505866.536366,32.015568,-0.008080,-0.010230,-1.554900,ndi
1786505866.553966,32.033169,-0.008020,-0.010230,-1.554890,ndi
1786505866.568831,32.048033,-0.007960,-0.010230,-1.554890,ndi
1786505866.586310,32.065512,-0.007900,-0.010220,-1.554910,ndi
1786505866.603862,32.083064,-0.007820,-0.010240,-1.554890,ndi
1786505866.618852,32.098055,-0.007740,-0.010240,-1.554890,ndi
1786505866.636471,32.115673,-0.007670,-0.010230,-1.554890,ndi
1786505866.653998,32.133200,-0.007610,-0.010230,-1.554910,ndi
1786505866.668841,32.148043,-0.007610,-0.010240,-1.554880,ndi
1786505866.686306,32.165509,-0.007590,-0.010240,-1.554930,ndi
1786505866.704004,32.183206,-0.007560,-0.010230,-1.554880,ndi
1786505866.718961,32.198163,-0.007510,-0.010230,-1.554900,ndi
1786505866.736494,32.215696,-0.007430,-0.010250,-1.554870,ndi
1786505866.753878,32.233081,-0.007360,-0.010250,-1.554820,ndi
1786505866.768824,32.248026,-0.007310,-0.010240,-1.554820,ndi
1786505866.786320,32.265522,-0.007250,-0.010250,-1.554810,ndi
1786505866.803837,32.283040,-0.007190,-0.010270,-1.554820,ndi
1786505866.818809,32.298011,-0.007120,-0.010270,-1.554810,ndi
1786505866.836506,32.315708,-0.007050,-0.010250,-1.554790,ndi
1786505866.854002,32.333204,-0.006990,-0.010270,-1.554780,ndi
1786505866.868851,32.348053,-0.006930,-0.010290,-1.554780,ndi
1786505866.886323,32.365525,-0.006870,-0.010270,-1.554800,ndi
1786505866.901479,32.380681,-0.006810,-0.010270,-1.554780,ndi
1786505866.918884,32.398086,-0.006720,-0.010280,-1.554790,ndi
1786505866.936333,32.415536,-0.006670,-0.010290,-1.554780,ndi
1786505866.953993,32.433195,-0.006610,-0.010290,-1.554750,ndi
1786505866.968837,32.448039,-0.006540,-0.010300,-1.554760,ndi
1786505866.986301,32.465504,-0.006470,-0.010300,-1.554780,ndi
1786505867.003984,32.483186,-0.006400,-0.010310,-1.554740,ndi
1786505867.018996,32.498198,-0.006360,-0.010310,-1.554760,ndi
1786505867.036454,32.515656,-0.006280,-0.010310,-1.554720,ndi
1786505867.053918,32.533120,-0.006210,-0.010320,-1.554720,ndi
1786505867.068866,32.548068,-0.006160,-0.010330,-1.554710,ndi
1786505867.086299,32.565501,-0.006100,-0.010340,-1.554730,ndi
1786505867.101422,32.580624,-0.006070,-0.010340,-1.554700,ndi
1786505867.118863,32.598065,-0.006010,-0.010350,-1.554690,ndi
1786505867.136494,32.615696,-0.005940,-0.010360,-1.554690,ndi
1786505867.153883,32.633085,-0.005890,-0.010350,-1.554650,ndi
1786505867.168846,32.648048,-0.005830,-0.010360,-1.554660,ndi
1786505867.186317,32.665519,-0.005760,-0.010380,-1.554620,ndi
1786505867.203832,32.683034,-0.005640,-0.010380,-1.554590,ndi
1786505867.218884,32.698086,-0.005570,-0.010380,-1.554570,ndi
1786505867.236341,32.715543,-0.005540,-0.010390,-1.554580,ndi
1786505867.254017,32.733219,-0.005510,-0.010400,-1.554620,ndi
1786505867.268880,32.748083,-0.005500,-0.010400,-1.554600,ndi
1786505867.286320,32.765522,-0.005470,-0.010400,-1.554600,ndi
1786505867.301493,32.780695,-0.005420,-0.010400,-1.554600,ndi
1786505867.318936,32.798138,-0.005350,-0.010420,-1.554570,ndi
1786505867.336444,32.815646,-0.005280,-0.010430,-1.554590,ndi
1786505867.353906,32.833108,-0.005220,-0.010430,-1.554510,ndi
1786505867.368865,32.848067,-0.005130,-0.010440,-1.554470,ndi
1786505867.386319,32.865522,-0.005080,-0.010460,-1.554490,ndi
1786505867.403828,32.883030,-0.005010,-0.010470,-1.554440,ndi
1786505867.418897,32.898099,-0.004930,-0.010470,-1.554420,ndi
1786505867.436551,32.915753,-0.004880,-0.010470,-1.554400,ndi
1786505867.454121,32.933323,-0.004810,-0.010490,-1.554420,ndi
1786505867.468923,32.948125,-0.004770,-0.010500,-1.554370,ndi
1786505867.486362,32.965565,-0.004720,-0.010500,-1.554400,ndi
1786505867.504055,32.983257,-0.004650,-0.010510,-1.554360,ndi
1786505867.518981,32.998183,-0.004610,-0.010530,-1.554330,ndi
1786505867.536529,33.015731,-0.004540,-0.010540,-1.554340,ndi
1786505867.553902,33.033104,-0.004470,-0.010540,-1.554270,ndi
1786505867.568811,33.048013,-0.004400,-0.010550,-1.554320,ndi
1786505867.586303,33.065506,-0.004330,-0.010580,-1.554240,ndi
1786505867.603907,33.083109,-0.004240,-0.010580,-1.554270,ndi
1786505867.618870,33.098073,-0.004150,-0.010590,-1.554260,ndi
1786505867.636505,33.115707,-0.004090,-0.010600,-1.554210,ndi
1786505867.654010,33.133212,-0.004020,-0.010630,-1.554200,ndi
1786505867.668828,33.148030,-0.003960,-0.010630,-1.554180,ndi
1786505867.686343,33.165545,-0.003910,-0.010640,-1.554170,ndi
1786505867.703952,33.183154,-0.003830,-0.010650,-1.554170,ndi
1786505867.718890,33.198092,-0.003800,-0.010670,-1.554120,ndi
1786505867.736496,33.215698,-0.003720,-0.010680,-1.554110,ndi
1786505867.753872,33.233074,-0.003630,-0.010680,-1.554070,ndi
1786505867.768808,33.248011,-0.003550,-0.010710,-1.554020,ndi
1786505867.786302,33.265504,-0.003460,-0.010740,-1.553980,ndi
1786505867.803886,33.283088,-0.003420,-0.010730,-1.553990,ndi
1786505867.818880,33.298082,-0.003410,-0.010730,-1.553990,ndi
1786505867.836524,33.315727,-0.003400,-0.010740,-1.553960,ndi
1786505867.853986,33.333189,-0.003380,-0.010760,-1.553960,ndi
1786505867.868843,33.348045,-0.003350,-0.010750,-1.553960,ndi
1786505867.886343,33.365546,-0.003300,-0.010750,-1.553940,ndi
1786505867.901450,33.380653,-0.003220,-0.010780,-1.553920,ndi
1786505867.918874,33.398076,-0.003150,-0.010810,-1.553900,ndi
1786505867.936486,33.415688,-0.003080,-0.010800,-1.553860,ndi
1786505867.953892,33.433095,-0.003040,-0.010800,-1.553830,ndi
1786505867.968810,33.448012,-0.003000,-0.010830,-1.553840,ndi
1786505867.986341,33.465543,-0.002920,-0.010860,-1.553830,ndi
1786505868.001472,33.480674,-0.002860,-0.010850,-1.553780,ndi
1786505868.018858,33.498061,-0.002760,-0.010860,-1.553760,ndi
1786505868.036394,33.515597,-0.002710,-0.010890,-1.553730,ndi
1786505868.051606,33.530809,-0.002670,-0.010920,-1.553720,ndi
1786505868.069009,33.548211,-0.002590,-0.010910,-1.553670,ndi
1786505868.086365,33.565567,-0.002540,-0.010920,-1.553660,ndi
1786505868.101483,33.580685,-0.002470,-0.010960,-1.553640,ndi
1786505868.118902,33.598105,-0.002440,-0.010980,-1.553610,ndi
1786505868.136395,33.615597,-0.002380,-0.010960,-1.553590,ndi
1786505868.151576,33.630779,-0.002300,-0.010980,-1.553560,ndi
1786505868.168814,33.648016,-0.002240,-0.011020,-1.553530,ndi
1786505868.186337,33.665539,-0.002110,-0.011050,-1.553500,ndi
1786505868.201475,33.680678,-0.002060,-0.011050,-1.553470,ndi
1786505868.218885,33.698087,-0.001990,-0.011060,-1.553420,ndi
1786505868.236398,33.715600,-0.001940,-0.011100,-1.553410,ndi
1786505868.254110,33.733312,-0.001880,-0.011110,-1.553370,ndi
1786505868.268889,33.748092,-0.001810,-0.011110,-1.553390,ndi
1786505868.286351,33.765554,-0.001740,-0.011150,-1.553350,ndi
1786505868.301512,33.780714,-0.001670,-0.011180,-1.553290,ndi
1786505868.318927,33.798129,-0.001610,-0.011190,-1.553250,ndi
1786505868.336452,33.815654,-0.001480,-0.011210,-1.553170,ndi
1786505868.353907,33.833109,-0.001370,-0.011270,-1.553110,ndi
1786505868.368850,33.848053,-0.001310,-0.011290,-1.553100,ndi
1786505868.386350,33.865552,-0.001250,-0.011290,-1.553060,ndi
1786505868.401473,33.880675,-0.001240,-0.011280,-1.553060,ndi
1786505868.418925,33.898128,-0.001230,-0.011310,-1.553050,ndi
1786505868.436495,33.915697,-0.001190,-0.011320,-1.553040,ndi
1786505868.454143,33.933345,-0.001090,-0.011340,-1.552970,ndi
1786505868.468871,33.948073,-0.001030,-0.011370,-1.552960,ndi
1786505868.486336,33.965539,-0.000950,-0.011410,-1.552900,ndi
1786505868.503870,33.983072,-0.000870,-0.011430,-1.552890,ndi
1786505868.518901,33.998103,-0.000820,-0.011430,-1.552840,ndi
1786505868.536419,34.015622,-0.000750,-0.011460,-1.552810,ndi
1786505868.553949,34.033151,-0.000660,-0.011520,-1.552800,ndi
1786505868.568871,34.048074,-0.000600,-0.011530,-1.552720,ndi
1786505868.586368,34.065570,-0.000530,-0.011530,-1.552710,ndi
1786505868.601506,34.080708,-0.000470,-0.011560,-1.552690,ndi
1786505868.618936,34.098138,-0.000410,-0.011590,-1.552660,ndi
1786505868.636432,34.115634,-0.000330,-0.011610,-1.552600,ndi
1786505868.653971,34.133173,-0.000260,-0.011630,-1.552560,ndi
1786505868.668889,34.148092,-0.000220,-0.011660,-1.552550,ndi
1786505868.686390,34.165592,-0.000170,-0.011680,-1.552490,ndi
1786505868.703916,34.183118,-0.000110,-0.011680,-1.552490,ndi
1786505868.719043,34.198246,-0.000080,-0.011700,-1.552430,ndi
1786505868.736637,34.215839,-0.000020,-0.011740,-1.552430,ndi
1786505868.751517,34.230720,0.000000,-0.011750,-1.552410,ndi
1786505868.768833,34.248035,0.000090,-0.011770,-1.552360,ndi
1786505868.786442,34.265644,0.000190,-0.011820,-1.552290,ndi
1786505868.801635,34.280838,0.000230,-0.011850,-1.552260,ndi
1786505868.819031,34.298233,0.000250,-0.011860,-1.552260,ndi
1786505868.836423,34.315625,0.000290,-0.011860,-1.552200,ndi
1786505868.853890,34.333093,0.000340,-0.011900,-1.552140,ndi
1786505868.868909,34.348111,0.000420,-0.011940,-1.552070,ndi
1786505868.886400,34.365602,0.000450,-0.011930,-1.552050,ndi
1786505868.901584,34.380786,0.000510,-0.011940,-1.552080,ndi
1786505868.918939,34.398141,0.000590,-0.011990,-1.551990,ndi
1786505868.936436,34.415638,0.000680,-0.012050,-1.551950,ndi
1786505868.951555,34.430757,0.000720,-0.012050,-1.551870,ndi
1786505868.968888,34.448090,0.000750,-0.012040,-1.551880,ndi
1786505868.986398,34.465600,0.000760,-0.012080,-1.551880,ndi
1786505869.001513,34.480715,0.000770,-0.012090,-1.551870,ndi
1786505869.018897,34.498099,0.000820,-0.012090,-1.551840,ndi
1786505869.036428,34.515630,0.000910,-0.012130,-1.551790,ndi
1786505869.053947,34.533149,0.000970,-0.012190,-1.551720,ndi
1786505869.068979,34.548181,0.001020,-0.012210,-1.551710,ndi
1786505869.086397,34.565599,0.001080,-0.012220,-1.551660,ndi
1786505869.103901,34.583103,0.001150,-0.012250,-1.551630,ndi
1786505869.118902,34.598104,0.001190,-0.012300,-1.551600,ndi
1786505869.136432,34.615634,0.001280,-0.012340,-1.551550,ndi
1786505869.151566,34.630768,0.001360,-0.012340,-1.551480,ndi
1786505869.168863,34.648066,0.001410,-0.012380,-1.551440,ndi
1786505869.186368,34.665571,0.001460,-0.012420,-1.551410,ndi
1786505869.201589,34.680791,0.001520,-0.012450,-1.551350,ndi
1786505869.218978,34.698181,0.001600,-0.012470,-1.551270,ndi
1786505869.236500,34.715702,0.001650,-0.012520,-1.551260,ndi
1786505869.254032,34.733235,0.001740,-0.012590,-1.551170,ndi
1786505869.268907,34.748110,0.001800,-0.012590,-1.551110,ndi
1786505869.286391,34.765593,0.001830,-0.012610,-1.551120,ndi
1786505869.303947,34.783149,0.001880,-0.012670,-1.551060,ndi
1786505869.319117,34.798320,0.001930,-0.012690,-1.551020,ndi
1786505869.336506,34.815708,0.002010,-0.012700,-1.550960,ndi
1786505869.353945,34.833147,0.002110,-0.012760,-1.550860,ndi
1786505869.368885,34.848087,0.002160,-0.012800,-1.550820,ndi
1786505869.386382,34.865585,0.002220,-0.012840,-1.550790,ndi
1786505869.403918,34.883120,0.002250,-0.012840,-1.550730,ndi
1786505869.418894,34.898096,0.002290,-0.012860,-1.550660,ndi
1786505869.436388,34.915591,0.002360,-0.012930,-1.550650,ndi
1786505869.453953,34.933155,0.002470,-0.012990,-1.550560,ndi
1786505869.468923,34.948125,0.002520,-0.012990,-1.550530,ndi
1786505869.486408,34.965610,0.002590,-0.013050,-1.550470,ndi
1786505869.501612,34.980815,0.002660,-0.013120,-1.550400,ndi
1786505869.518948,34.998150,0.002720,-0.013140,-1.550340,ndi
1786505869.536449,35.015651,0.002730,-0.013140,-1.550280,ndi
1786505869.553926,35.033129,0.002760,-0.013170,-1.550310,ndi
1786505869.569026,35.048229,0.002770,-0.013190,-1.550260,ndi
1786505869.586417,35.065619,0.002790,-0.013190,-1.550260,ndi
1786505869.601572,35.080774,0.002830,-0.013210,-1.550180,ndi
1786505869.618950,35.098152,0.002950,-0.013300,-1.550090,ndi
1786505869.636557,35.115759,0.003020,-0.013360,-1.550040,ndi
1786505869.651666,35.130869,0.003040,-0.013360,-1.550000,ndi
1786505869.668911,35.148113,0.003080,-0.013370,-1.549940,ndi
1786505869.686417,35.165619,0.003110,-0.013430,-1.549880,ndi
1786505869.701699,35.180901,0.003190,-0.013480,-1.549870,ndi
1786505869.719067,35.198270,0.003260,-0.013510,-1.549820,ndi
1786505869.736540,35.215742,0.003310,-0.013540,-1.549740,ndi
1786505869.754051,35.233253,0.003390,-0.013620,-1.549700,ndi
1786505869.768926,35.248129,0.003440,-0.013660,-1.549650,ndi
1786505869.786404,35.265606,0.003520,-0.013700,-1.549520,ndi
1786505869.801555,35.280757,0.003570,-0.013740,-1.549450,ndi
1786505869.818894,35.298096,0.003630,-0.013810,-1.549380,ndi
1786505869.836565,35.315767,0.003680,-0.013850,-1.549360,ndi
1786505869.851567,35.330769,0.003710,-0.013860,-1.549320,ndi
1786505869.868884,35.348087,0.003750,-0.013890,-1.549250,ndi
1786505869.886391,35.365593,0.003790,-0.013950,-1.549180,ndi
1786505869.901534,35.380737,0.003880,-0.014010,-1.549070,ndi
1786505869.918874,35.398076,0.003950,-0.014050,-1.549020,ndi
1786505869.936375,35.415577,0.003980,-0.014080,-1.548940,ndi
1786505869.954072,35.433274,0.004040,-0.014130,-1.548870,ndi
1786505869.968974,35.448176,0.004090,-0.014170,-1.548860,ndi
1786505869.986442,35.465644,0.004140,-0.014200,-1.548800,ndi
1786505870.004029,35.483232,0.004180,-0.014240,-1.548720,ndi
1786505870.018969,35.498171,0.004210,-0.014290,-1.548670,ndi
1786505870.036613,35.515815,0.004260,-0.014330,-1.548650,ndi
1786505870.054051,35.533253,0.004310,-0.014370,-1.548520,ndi
1786505870.068929,35.548131,0.004370,-0.014430,-1.548480,ndi
1786505870.086417,35.565619,0.004440,-0.014520,-1.548360,ndi
1786505870.103910,35.583112,0.004480,-0.014540,-1.548340,ndi
1786505870.118913,35.598115,0.004480,-0.014530,-1.548310,ndi
1786505870.136401,35.615603,0.004490,-0.014550,-1.548300,ndi
1786505870.151610,35.630813,0.004510,-0.014570,-1.548280,ndi
1786505870.168955,35.648157,0.004510,-0.014590,-1.548220,ndi
1786505870.186435,35.665637,0.004630,-0.014660,-1.548130,ndi
1786505870.203943,35.683145,0.004690,-0.014740,-1.548020,ndi
1786505870.218979,35.698181,0.004710,-0.014780,-1.547970,ndi
1786505870.236470,35.715672,0.004750,-0.014800,-1.547920,ndi
1786505870.251601,35.730803,0.004780,-0.014830,-1.547850,ndi
1786505870.268891,35.748093,0.004830,-0.014890,-1.547840,ndi
1786505870.286389,35.765592,0.004870,-0.014940,-1.547690,ndi
1786505870.301384,35.780586,0.004920,-0.014980,-1.547690,ndi
1786505870.318912,35.798114,0.004960,-0.015030,-1.547580,ndi
1786505870.336468,35.815670,0.005010,-0.015080,-1.547560,ndi
1786505870.353926,35.833128,0.005040,-0.015120,-1.547440,ndi
1786505870.369014,35.848217,0.005050,-0.015140,-1.547430,ndi
1786505870.386448,35.865650,0.005120,-0.015200,-1.547340,ndi
1786505870.401580,35.880783,0.005150,-0.015270,-1.547300,ndi
1786505870.418983,35.898186,0.005190,-0.015300,-1.547210,ndi
1786505870.436470,35.915672,0.005220,-0.015340,-1.547170,ndi
1786505870.451624,35.930827,0.005250,-0.015380,-1.547100,ndi
1786505870.468902,35.948104,0.005290,-0.015440,-1.547060,ndi
1786505870.486406,35.965608,0.005390,-0.015560,-1.546880,ndi
1786505870.503916,35.983118,0.005470,-0.015670,-1.546740,ndi
1786505870.518903,35.998105,0.005500,-0.015700,-1.546660,ndi
1786505870.536470,36.015672,0.005510,-0.015730,-1.546590,ndi
1786505870.551610,36.030813,0.005550,-0.015760,-1.546600,ndi
1786505870.568911,36.048113,0.005590,-0.015820,-1.546470,ndi
1786505870.586430,36.065632,0.005670,-0.015940,-1.546300,ndi
1786505870.603993,36.083195,0.005680,-0.015980,-1.546220,ndi
1786505870.618918,36.098121,0.005720,-0.016010,-1.546180,ndi
1786505870.636476,36.115678,0.005830,-0.016210,-1.545920,ndi
1786505870.654023,36.133225,0.005870,-0.016290,-1.545810,ndi
1786505870.668931,36.148134,0.005920,-0.016320,-1.545750,ndi
1786505870.686424,36.165627,0.005910,-0.016340,-1.545740,ndi
1786505870.703997,36.183200,0.005930,-0.016370,-1.545670,ndi
1786505870.719021,36.198223,0.005950,-0.016410,-1.545660,ndi
1786505870.736570,36.215772,0.005980,-0.016460,-1.545560,ndi
1786505870.751601,36.230803,0.006030,-0.016540,-1.545450,ndi
1786505870.768937,36.248139,0.006050,-0.016610,-1.545340,ndi
1786505870.786436,36.265639,0.006090,-0.016690,-1.545240,ndi
1786505870.804019,36.283221,0.006130,-0.016770,-1.545200,ndi
1786505870.818953,36.298156,0.006170,-0.016850,-1.545040,ndi
1786505870.836568,36.315770,0.006220,-0.016980,-1.544870,ndi
1786505870.851614,36.330816,0.006250,-0.016990,-1.544810,ndi
1786505870.868963,36.348165,0.006260,-0.017030,-1.544740,ndi
1786505870.886432,36.365634,0.006280,-0.017090,-1.544720,ndi
1786505870.901454,36.380656,0.006310,-0.017140,-1.544630,ndi
1786505870.919015,36.398217,0.006340,-0.017210,-1.544530,ndi
1786505870.936568,36.415770,0.006350,-0.017260,-1.544450,ndi
1786505870.951602,36.430804,0.006390,-0.017380,-1.544260,ndi
1786505870.968918,36.448120,0.006410,-0.017430,-1.544240,ndi
1786505870.986434,36.465636,0.006420,-0.017450,-1.544200,ndi
1786505871.001564,36.480766,0.006420,-0.017480,-1.544160,ndi
1786505871.018914,36.498116,0.006470,-0.017570,-1.544010,ndi
1786505871.036561,36.515764,0.006500,-0.017660,-1.543880,ndi
1786505871.051734,36.530936,0.006530,-0.017750,-1.543750,ndi
1786505871.068947,36.548150,0.006560,-0.017810,-1.543660,ndi
1786505871.086401,36.565603,0.006550,-0.017860,-1.543610,ndi
1786505871.101430,36.580632,0.006570,-0.017890,-1.543560,ndi
1786505871.118986,36.598188,0.006590,-0.017920,-1.543490,ndi
1786505871.136474,36.615676,0.006600,-0.017950,-1.543450,ndi
1786505871.151575,36.630777,0.006600,-0.017990,-1.543390,ndi
1786505871.168926,36.648128,0.006620,-0.018070,-1.543340,ndi
1786505871.186446,36.665648,0.006650,-0.018160,-1.543140,ndi
1786505871.203947,36.683149,0.006650,-0.018240,-1.543040,ndi
1786505871.218980,36.698182,0.006670,-0.018290,-1.542970,ndi
1786505871.236566,36.715769,0.006690,-0.018340,-1.542900,ndi
1786505871.251706,36.730909,0.006680,-0.018360,-1.542880,ndi
1786505871.268947,36.748149,0.006700,-0.018380,-1.542810,ndi
1786505871.286404,36.765606,0.006700,-0.018410,-1.542810,ndi
1786505871.303899,36.783102,0.006700,-0.018490,-1.542660,ndi
1786505871.319094,36.798296,0.006730,-0.018540,-1.542590,ndi
1786505871.336486,36.815688,0.006720,-0.018590,-1.542580,ndi
1786505871.351695,36.830897,0.006740,-0.018620,-1.542500,ndi
1786505871.368934,36.848137,0.006740,-0.018650,-1.542430,ndi
1786505871.386484,36.865686,0.006740,-0.018710,-1.542370,ndi
1786505871.401583,36.880785,0.006750,-0.018770,-1.542310,ndi
1786505871.418963,36.898165,0.006750,-0.018810,-1.542210,ndi
1786505871.436517,36.915719,0.006770,-0.018840,-1.542170,ndi
1786505871.451590,36.930792,0.006770,-0.018890,-1.542040,ndi
1786505871.468909,36.948112,0.006780,-0.018980,-1.541980,ndi
1786505871.486367,36.965569,0.006780,-0.019040,-1.541900,ndi
1786505871.501449,36.980651,0.006790,-0.019080,-1.541780,ndi
1786505871.519063,36.998266,0.006800,-0.019140,-1.541720,ndi
1786505871.536563,37.015765,0.006780,-0.019210,-1.541630,ndi
1786505871.551595,37.030798,0.006800,-0.019240,-1.541590,ndi
1786505871.568933,37.048136,0.006800,-0.019280,-1.541520,ndi
1786505871.586447,37.065649,0.006800,-0.019380,-1.541380,ndi
1786505871.601660,37.080862,0.006810,-0.019460,-1.541310,ndi
1786505871.618987,37.098189,0.006810,-0.019530,-1.541180,ndi
1786505871.636503,37.115706,0.006820,-0.019560,-1.541170,ndi
1786505871.651648,37.130850,0.006810,-0.019610,-1.541090,ndi
1786505871.668917,37.148119,0.006810,-0.019640,-1.541030,ndi
1786505871.686454,37.165657,0.006810,-0.019680,-1.540960,ndi
1786505871.701693,37.180896,0.006810,-0.019770,-1.540830,ndi
1786505871.718973,37.198175,0.006820,-0.019850,-1.540780,ndi
1786505871.736589,37.215791,0.006800,-0.019880,-1.540710,ndi
1786505871.751682,37.230885,0.006810,-0.019920,-1.540670,ndi
1786505871.768940,37.248142,0.006800,-0.020000,-1.540540,ndi
1786505871.786510,37.265712,0.006790,-0.020110,-1.540390,ndi
1786505871.801700,37.280903,0.006790,-0.020140,-1.540330,ndi
1786505871.818998,37.298201,0.006780,-0.020130,-1.540320,ndi
1786505871.836554,37.315756,0.006800,-0.020160,-1.540310,ndi
1786505871.851632,37.330834,0.006780,-0.020190,-1.540300,ndi
1786505871.868921,37.348123,0.006780,-0.020230,-1.540230,ndi
1786505871.886436,37.365638,0.006760,-0.020350,-1.540030,ndi
1786505871.904035,37.383237,0.006770,-0.020430,-1.539960,ndi
1786505871.919032,37.398235,0.006760,-0.020480,-1.539890,ndi
1786505871.936604,37.415807,0.006730,-0.020530,-1.539780,ndi
1786505871.954039,37.433241,0.006740,-0.020630,-1.539660,ndi
1786505871.968934,37.448136,0.006710,-0.020760,-1.539470,ndi
1786505871.986475,37.465677,0.006710,-0.020840,-1.539380,ndi
1786505872.001680,37.480882,0.006690,-0.020890,-1.539280,ndi
1786505872.019108,37.498311,0.006670,-0.021000,-1.539090,ndi
1786505872.036519,37.515721,0.006680,-0.021070,-1.539000,ndi
1786505872.054054,37.533256,0.006650,-0.021130,-1.538900,ndi
1786505872.068923,37.548125,0.006650,-0.021150,-1.538850,ndi
1786505872.086440,37.565642,0.006640,-0.021190,-1.538810,ndi
1786505872.101684,37.580886,0.006610,-0.021300,-1.538710,ndi
1786505872.119198,37.598400,0.006570,-0.021440,-1.538490,ndi
1786505872.136633,37.615835,0.006540,-0.021510,-1.538410,ndi
1786505872.153990,37.633192,0.006540,-0.021560,-1.538340,ndi
1786505872.168945,37.648147,0.006510,-0.021640,-1.538200,ndi
1786505872.186496,37.665698,0.006430,-0.021930,-1.537770,ndi
1786505872.204036,37.683238,0.006420,-0.021970,-1.537660,ndi
1786505872.219149,37.698351,0.006410,-0.022000,-1.537670,ndi
1786505872.236653,37.715855,0.006410,-0.022050,-1.537610,ndi
1786505872.254071,37.733273,0.006330,-0.022160,-1.537390,ndi
1786505872.268922,37.748124,0.006330,-0.022210,-1.537370,ndi
1786505872.286501,37.765703,0.006340,-0.022240,-1.537360,ndi
1786505872.301744,37.780946,0.006300,-0.022260,-1.537320,ndi
1786505872.319092,37.798295,0.006280,-0.022320,-1.537210,ndi
1786505872.336559,37.815761,0.006250,-0.022400,-1.537120,ndi
1786505872.351543,37.830745,0.006230,-0.022450,-1.537070,ndi
1786505872.368968,37.848170,0.006210,-0.022470,-1.537060,ndi
1786505872.386537,37.865739,0.006200,-0.022470,-1.537000,ndi
1786505872.401747,37.880949,0.006190,-0.022520,-1.536970,ndi
1786505872.419127,37.898329,0.006140,-0.022630,-1.536760,ndi
1786505872.436692,37.915894,0.006110,-0.022700,-1.536660,ndi
1786505872.454062,37.933264,0.006080,-0.022730,-1.536590,ndi
1786505872.468914,37.948117,0.006060,-0.022790,-1.536550,ndi
1786505872.486507,37.965709,0.006050,-0.022820,-1.536490,ndi
1786505872.501655,37.980857,0.006020,-0.022850,-1.536390,ndi
1786505872.518961,37.998164,0.006000,-0.022920,-1.536320,ndi
1786505872.536471,38.015673,0.005970,-0.022970,-1.536260,ndi
1786505872.554131,38.033333,0.005920,-0.023010,-1.536170,ndi
1786505872.568958,38.048160,0.005910,-0.023040,-1.536100,ndi
1786505872.586533,38.065735,0.005860,-0.023100,-1.536020,ndi
1786505872.603941,38.083143,0.005840,-0.023180,-1.535940,ndi
1786505872.619109,38.098311,0.005810,-0.023230,-1.535830,ndi
1786505872.636552,38.115754,0.005770,-0.023290,-1.535750,ndi
1786505872.654016,38.133218,0.005730,-0.023370,-1.535670,ndi
1786505872.668908,38.148111,0.005700,-0.023420,-1.535570,ndi
1786505872.686503,38.165706,0.005680,-0.023430,-1.535580,ndi
1786505872.701652,38.180854,0.005660,-0.023450,-1.535560,ndi
1786505872.718985,38.198187,0.005630,-0.023510,-1.535450,ndi
1786505872.736634,38.215836,0.005540,-0.023640,-1.535310,ndi
1786505872.754049,38.233251,0.005510,-0.023660,-1.535230,ndi
1786505872.768936,38.248138,0.005490,-0.023690,-1.535160,ndi
1786505872.786582,38.265785,0.005460,-0.023740,-1.535180,ndi
1786505872.801610,38.280812,0.005410,-0.023820,-1.535030,ndi
1786505872.818953,38.298156,0.005380,-0.023850,-1.534970,ndi
1786505872.836481,38.315684,0.005350,-0.023900,-1.534880,ndi
1786505872.853977,38.333179,0.005320,-0.023960,-1.534860,ndi
1786505872.868964,38.348167,0.005290,-0.023970,-1.534790,ndi
1786505872.886506,38.365709,0.005250,-0.024030,-1.534660,ndi
1786505872.901657,38.380860,0.005180,-0.024080,-1.534600,ndi
1786505872.919103,38.398305,0.005170,-0.024120,-1.534590,ndi
1786505872.936561,38.415764,0.005160,-0.024130,-1.534590,ndi
1786505872.951680,38.430883,0.005150,-0.024120,-1.534500,ndi
1786505872.968934,38.448136,0.005090,-0.024240,-1.534380,ndi
1786505872.986451,38.465653,0.005010,-0.024340,-1.534270,ndi
1786505873.001581,38.480784,0.005000,-0.024340,-1.534250,ndi
1786505873.019115,38.498317,0.004970,-0.024370,-1.534190,ndi
1786505873.036615,38.515817,0.004930,-0.024430,-1.534120,ndi
1786505873.054027,38.533230,0.004870,-0.024510,-1.534050,ndi
1786505873.068976,38.548178,0.004840,-0.024520,-1.534010,ndi
1786505873.086470,38.565672,0.004820,-0.024560,-1.533990,ndi
1786505873.104214,38.583417,0.004750,-0.024640,-1.533900,ndi
1786505873.119179,38.598382,0.004720,-0.024670,-1.533820,ndi
1786505873.136632,38.615834,0.004690,-0.024680,-1.533810,ndi
1786505873.151703,38.630905,0.004640,-0.024720,-1.533720,ndi
1786505873.168978,38.648181,0.004600,-0.024790,-1.533620,ndi
1786505873.186455,38.665658,0.004540,-0.024860,-1.533530,ndi
1786505873.201820,38.681022,0.004500,-0.024880,-1.533480,ndi
1786505873.219158,38.698360,0.004440,-0.024950,-1.533360,ndi
1786505873.236559,38.715761,0.004370,-0.025040,-1.533280,ndi
1786505873.251630,38.730832,0.004350,-0.025070,-1.533250,ndi
1786505873.268988,38.748191,0.004300,-0.025080,-1.533220,ndi
1786505873.286476,38.765678,0.004220,-0.025170,-1.533050,ndi
1786505873.304086,38.783288,0.004180,-0.025220,-1.533050,ndi
1786505873.319133,38.798336,0.004150,-0.025230,-1.532990,ndi
1786505873.336495,38.815697,0.004120,-0.025240,-1.532960,ndi
1786505873.351701,38.830903,0.004080,-0.025290,-1.532930,ndi
1786505873.368957,38.848160,0.004030,-0.025360,-1.532820,ndi
1786505873.386465,38.865668,0.003980,-0.025380,-1.532740,ndi
1786505873.404104,38.883306,0.003940,-0.025400,-1.532690,ndi
1786505873.419080,38.898283,0.003930,-0.025440,-1.532620,ndi
1786505873.436615,38.915817,0.003830,-0.025540,-1.532550,ndi
1786505873.451607,38.930809,0.003770,-0.025580,-1.532490,ndi
1786505873.468982,38.948184,0.003700,-0.025620,-1.532430,ndi
1786505873.486483,38.965685,0.003660,-0.025670,-1.532400,ndi
1786505873.501790,38.980992,0.003670,-0.025680,-1.532380,ndi
1786505873.519114,38.998316,0.003650,-0.025670,-1.532350,ndi
1786505873.536708,39.015910,0.003570,-0.025730,-1.532250,ndi
1786505873.551693,39.030895,0.003510,-0.025790,-1.532170,ndi
1786505873.568963,39.048165,0.003480,-0.025830,-1.532140,ndi
1786505873.586452,39.065655,0.003440,-0.025830,-1.532090,ndi
1786505873.601604,39.080807,0.003410,-0.025860,-1.532050,ndi
1786505873.619006,39.098209,0.003360,-0.025930,-1.531990,ndi
1786505873.636671,39.115873,0.003290,-0.025980,-1.531950,ndi
1786505873.651694,39.130896,0.003250,-0.025990,-1.531870,ndi
1786505873.668987,39.148189,0.003190,-0.026040,-1.531800,ndi
1786505873.686478,39.165680,0.003130,-0.026120,-1.531730,ndi
1786505873.704067,39.183270,0.003050,-0.026160,-1.531680,ndi
1786505873.719094,39.198296,0.002960,-0.026210,-1.531560,ndi
1786505873.736671,39.215873,0.002920,-0.026260,-1.531480,ndi
1786505873.751713,39.230916,0.002880,-0.026310,-1.531450,ndi
1786505873.768986,39.248188,0.002850,-0.026310,-1.531440,ndi
1786505873.786466,39.265668,0.002800,-0.026340,-1.531410,ndi
1786505873.801852,39.281054,0.002750,-0.026380,-1.531330,ndi
1786505873.819146,39.298348,0.002680,-0.026440,-1.531320,ndi
1786505873.836569,39.315771,0.002620,-0.026470,-1.531270,ndi
1786505873.851733,39.330935,0.002510,-0.026540,-1.531140,ndi
1786505873.868979,39.348181,0.002430,-0.026620,-1.531080,ndi
1786505873.886489,39.365691,0.002390,-0.026650,-1.531020,ndi
1786505873.904195,39.383397,0.002360,-0.026650,-1.531010,ndi
1786505873.919143,39.398345,0.002290,-0.026680,-1.530940,ndi
1786505873.936560,39.415763,0.002240,-0.026740,-1.530870,ndi
1786505873.951883,39.431085,0.002180,-0.026770,-1.530830,ndi
1786505873.968990,39.448193,0.002140,-0.026790,-1.530770,ndi
1786505873.986510,39.465712,0.002080,-0.026820,-1.530730,ndi
1786505874.001743,39.480945,0.002020,-0.026870,-1.530670,ndi
1786505874.018991,39.498193,0.001940,-0.026920,-1.530650,ndi
1786505874.036669,39.515872,0.001890,-0.026940,-1.530580,ndi
1786505874.054145,39.533348,0.001870,-0.026960,-1.530550,ndi
1786505874.069031,39.548233,0.001840,-0.026980,-1.530520,ndi
1786505874.086514,39.565717,0.001740,-0.027050,-1.530460,ndi
1786505874.101638,39.580840,0.001680,-0.027070,-1.530430,ndi
1786505874.119201,39.598404,0.001640,-0.027090,-1.530360,ndi
1786505874.136684,39.615886,0.001610,-0.027120,-1.530360,ndi
1786505874.154024,39.633226,0.001540,-0.027140,-1.530270,ndi
1786505874.168989,39.648191,0.001500,-0.027180,-1.530230,ndi
1786505874.186457,39.665659,0.001450,-0.027210,-1.530220,ndi
1786505874.201605,39.680808,0.001380,-0.027250,-1.530130,ndi
1786505874.219174,39.698377,0.001300,-0.027290,-1.530100,ndi
1786505874.236606,39.715809,0.001200,-0.027360,-1.530070,ndi
1786505874.254134,39.733337,0.001130,-0.027410,-1.529990,ndi
1786505874.268950,39.748152,0.001040,-0.027440,-1.529890,ndi
1786505874.286519,39.765721,0.000990,-0.027470,-1.529920,ndi
1786505874.304040,39.783242,0.000960,-0.027490,-1.529870,ndi
1786505874.319160,39.798362,0.000860,-0.027540,-1.529770,ndi
1786505874.336596,39.815798,0.000790,-0.027570,-1.529730,ndi
1786505874.351665,39.830868,0.000720,-0.027620,-1.529670,ndi
1786505874.368975,39.848177,0.000640,-0.027670,-1.529650,ndi
1786505874.386485,39.865687,0.000570,-0.027700,-1.529610,ndi
1786505874.401732,39.880934,0.000390,-0.027780,-1.529490,ndi
1786505874.419042,39.898244,0.000340,-0.027810,-1.529470,ndi
1786505874.436518,39.915721,0.000280,-0.027850,-1.529420,ndi
1786505874.451651,39.930854,0.000250,-0.027870,-1.529380,ndi
1786505874.468991,39.948193,0.000140,-0.027900,-1.529350,ndi
1786505874.486522,39.965724,0.000080,-0.027950,-1.529270,ndi
1786505874.504179,39.983381,0.000040,-0.027970,-1.529240,ndi
1786505874.519105,39.998308,0.000000,-0.027970,-1.529210,ndi
1786505874.536613,40.015815,-0.000040,-0.027990,-1.529180,ndi
1786505874.551646,40.030848,-0.000140,-0.028050,-1.529100,ndi
1786505874.569003,40.048206,-0.000200,-0.028090,-1.529060,ndi
1786505874.586500,40.065702,-0.000270,-0.028100,-1.529040,ndi
1786505874.601566,40.080768,-0.000330,-0.028120,-1.529010,ndi
1786505874.618928,40.098130,-0.000340,-0.028150,-1.529030,ndi
1786505874.636479,40.115681,-0.000390,-0.028170,-1.528940,ndi
1786505874.651525,40.130727,-0.000470,-0.028190,-1.528910,ndi
1786505874.668977,40.148179,-0.000530,-0.028210,-1.528900,ndi
1786505874.686482,40.165684,-0.000580,-0.028260,-1.528850,ndi
1786505874.701614,40.180817,-0.000670,-0.028290,-1.528800,ndi
1786505874.719158,40.198360,-0.000750,-0.028310,-1.528720,ndi
1786505874.736610,40.215812,-0.000780,-0.028330,-1.528710,ndi
1786505874.754039,40.233241,-0.000890,-0.028400,-1.528690,ndi
1786505874.768980,40.248182,-0.000970,-0.028430,-1.528620,ndi
1786505874.786470,40.265672,-0.001050,-0.028430,-1.528590,ndi
1786505874.801580,40.280782,-0.001110,-0.028470,-1.528550,ndi
1786505874.819019,40.298221,-0.001150,-0.028530,-1.528580,ndi
1786505874.836502,40.315705,-0.001320,-0.028560,-1.528490,ndi
1786505874.851840,40.331043,-0.001370,-0.028560,-1.528420,ndi
1786505874.868991,40.348194,-0.001450,-0.028610,-1.528410,ndi
1786505874.886452,40.365655,-0.001530,-0.028660,-1.528360,ndi
1786505874.901630,40.380832,-0.001560,-0.028650,-1.528330,ndi
1786505874.919146,40.398348,-0.001640,-0.028650,-1.528310,ndi
1786505874.936615,40.415817,-0.001720,-0.028710,-1.528290,ndi
1786505874.954068,40.433270,-0.001850,-0.028770,-1.528230,ndi
1786505874.968997,40.448199,-0.001910,-0.028770,-1.528200,ndi
1786505874.986465,40.465667,-0.001960,-0.028770,-1.528180,ndi
1786505875.001676,40.480878,-0.002010,-0.028820,-1.528170,ndi
1786505875.019127,40.498329,-0.002040,-0.028840,-1.528120,ndi
1786505875.036631,40.515833,-0.002140,-0.028850,-1.528100,ndi
1786505875.051622,40.530824,-0.002180,-0.028860,-1.528070,ndi
1786505875.069000,40.548203,-0.002260,-0.028900,-1.528020,ndi
1786505875.086514,40.565717,-0.002330,-0.028920,-1.528000,ndi
1786505875.101660,40.580863,-0.002400,-0.028930,-1.527970,ndi
1786505875.119088,40.598290,-0.002500,-0.028960,-1.527910,ndi
1786505875.136545,40.615747,-0.002560,-0.029000,-1.527890,ndi
1786505875.154177,40.633379,-0.002620,-0.029010,-1.527840,ndi
1786505875.168999,40.648201,-0.002660,-0.029010,-1.527810,ndi
1786505875.186480,40.665682,-0.002690,-0.029010,-1.527820,ndi
1786505875.201606,40.680808,-0.002750,-0.029050,-1.527800,ndi
1786505875.219197,40.698399,-0.002840,-0.029070,-1.527770,ndi
1786505875.236650,40.715852,-0.002900,-0.029080,-1.527750,ndi
1786505875.254129,40.733331,-0.002990,-0.029110,-1.527730,ndi
1786505875.269009,40.748211,-0.003060,-0.029130,-1.527690,ndi
1786505875.286488,40.765691,-0.003140,-0.029150,-1.527690,ndi
1786505875.304019,40.783221,-0.003210,-0.029170,-1.527670,ndi
1786505875.319039,40.798242,-0.003260,-0.029190,-1.527650,ndi
1786505875.336552,40.815754,-0.003320,-0.029200,-1.527610,ndi
1786505875.351605,40.830808,-0.003390,-0.029210,-1.527590,ndi
1786505875.368973,40.848176,-0.003450,-0.029230,-1.527520,ndi
1786505875.386497,40.865699,-0.003630,-0.029280,-1.527500,ndi
1786505875.401634,40.880836,-0.003720,-0.029310,-1.527500,ndi
1786505875.419202,40.898404,-0.003810,-0.029330,-1.527490,ndi
1786505875.436655,40.915858,-0.003900,-0.029370,-1.527430,ndi
1786505875.451664,40.930866,-0.003980,-0.029390,-1.527410,ndi
1786505875.469005,40.948208,-0.004040,-0.029390,-1.527360,ndi
1786505875.486522,40.965724,-0.004120,-0.029400,-1.527350,ndi
1786505875.504226,40.983428,-0.004200,-0.029440,-1.527320,ndi
1786505875.519230,40.998433,-0.004350,-0.029480,-1.527250,ndi
1786505875.536618,41.015820,-0.004400,-0.029470,-1.527250,ndi
1786505875.551809,41.031011,-0.004470,-0.029480,-1.527240,ndi
1786505875.568972,41.048174,-0.004520,-0.029530,-1.527230,ndi
1786505875.586477,41.065679,-0.004600,-0.029530,-1.527190,ndi
1786505875.601655,41.080857,-0.004680,-0.029520,-1.527180,ndi
1786505875.619193,41.098395,-0.004760,-0.029550,-1.527150,ndi
1786505875.636637,41.115840,-0.004840,-0.029590,-1.527140,ndi
1786505875.651674,41.130877,-0.004880,-0.029590,-1.527140,ndi
1786505875.669002,41.148204,-0.004960,-0.029580,-1.527110,ndi
1786505875.686459,41.165661,-0.005040,-0.029610,-1.527070,ndi
1786505875.701595,41.180797,-0.005090,-0.029650,-1.527070,ndi
1786505875.719167,41.198370,-0.005160,-0.029640,-1.527040,ndi
1786505875.736672,41.215874,-0.005190,-0.029630,-1.527050,ndi
1786505875.754132,41.233334,-0.005240,-0.029670,-1.527040,ndi
1786505875.768966,41.248168,-0.005300,-0.029690,-1.527020,ndi
1786505875.786472,41.265674,-0.005350,-0.029670,-1.527020,ndi
1786505875.804123,41.283325,-0.005400,-0.029670,-1.527000,ndi
1786505875.819092,41.298294,-0.005430,-0.029700,-1.526990,ndi
1786505875.836642,41.315844,-0.005510,-0.029730,-1.526990,ndi
1786505875.851746,41.330948,-0.005570,-0.029720,-1.526950,ndi
1786505875.868987,41.348189,-0.005660,-0.029720,-1.526940,ndi
1786505875.886491,41.365693,-0.005750,-0.029760,-1.526900,ndi
1786505875.901587,41.380789,-0.005820,-0.029780,-1.526880,ndi
1786505875.919059,41.398261,-0.005890,-0.029770,-1.526880,ndi
1786505875.936682,41.415885,-0.005960,-0.029770,-1.526860,ndi
1786505875.951648,41.430851,-0.006030,-0.029810,-1.526840,ndi
1786505875.968978,41.448180,-0.006100,-0.029820,-1.526830,ndi
1786505875.986482,41.465685,-0.006160,-0.029810,-1.526830,ndi
1786505876.001673,41.480875,-0.006250,-0.029810,-1.526810,ndi
1786505876.019094,41.498296,-0.006350,-0.029860,-1.526790,ndi
1786505876.036634,41.515836,-0.006430,-0.029870,-1.526780,ndi
1786505876.054114,41.533317,-0.006510,-0.029850,-1.526750,ndi
1786505876.069036,41.548238,-0.006720,-0.029890,-1.526730,ndi
1786505876.086494,41.565697,-0.006790,-0.029930,-1.526710,ndi
1786505876.101592,41.580795,-0.006860,-0.029940,-1.526720,ndi
1786505876.119086,41.598288,-0.006910,-0.029910,-1.526690,ndi
1786505876.136663,41.615865,-0.006970,-0.029940,-1.526700,ndi
1786505876.154124,41.633326,-0.007130,-0.029980,-1.526660,ndi
1786505876.169004,41.648206,-0.007180,-0.029970,-1.526680,ndi
1786505876.186511,41.665713,-0.007270,-0.029960,-1.526650,ndi
1786505876.201676,41.680878,-0.007400,-0.030000,-1.526660,ndi
1786505876.219171,41.698373,-0.007490,-0.030040,-1.526640,ndi
1786505876.236523,41.715725,-0.007620,-0.030030,-1.526640,ndi
1786505876.251659,41.730861,-0.007740,-0.030020,-1.526620,ndi
1786505876.269016,41.748219,-0.007790,-0.030050,-1.526570,ndi
1786505876.286483,41.765685,-0.007840,-0.030070,-1.526610,ndi
1786505876.301562,41.780764,-0.007850,-0.030040,-1.526590,ndi
1786505876.319091,41.798293,-0.007890,-0.030040,-1.526590,ndi
1786505876.336591,41.815794,-0.007960,-0.030060,-1.526570,ndi
1786505876.354141,41.833343,-0.008010,-0.030080,-1.526600,ndi
1786505876.368964,41.848166,-0.008040,-0.030060,-1.526610,ndi
1786505876.386483,41.865686,-0.008110,-0.030060,-1.526590,ndi
1786505876.401547,41.880749,-0.008160,-0.030080,-1.526600,ndi
1786505876.419038,41.898241,-0.008240,-0.030090,-1.526580,ndi
1786505876.436591,41.915793,-0.008320,-0.030080,-1.526570,ndi
1786505876.451609,41.930811,-0.008380,-0.030080,-1.526560,ndi
1786505876.469030,41.948232,-0.008470,-0.030110,-1.526550,ndi
1786505876.486503,41.965705,-0.008570,-0.030110,-1.526550,ndi
1786505876.503989,41.983192,-0.008680,-0.030090,-1.526540,ndi
1786505876.519072,41.998274,-0.008720,-0.030100,-1.526520,ndi
1786505876.536546,42.015749,-0.008770,-0.030120,-1.526540,ndi
1786505876.551626,42.030828,-0.008810,-0.030110,-1.526560,ndi
1786505876.568976,42.048179,-0.008910,-0.030110,-1.526540,ndi
1786505876.586488,42.065691,-0.008980,-0.030120,-1.526520,ndi
1786505876.601690,42.080893,-0.009030,-0.030130,-1.526530,ndi
1786505876.619045,42.098247,-0.009130,-0.030120,-1.526550,ndi
1786505876.636544,42.115746,-0.009270,-0.030120,-1.526540,ndi
1786505876.651621,42.130824,-0.009330,-0.030120,-1.526520,ndi
1786505876.668998,42.148200,-0.009380,-0.030130,-1.526530,ndi
1786505876.686498,42.165701,-0.009410,-0.030130,-1.526530,ndi
1786505876.701712,42.180914,-0.009470,-0.030130,-1.526530,ndi
1786505876.719121,42.198323,-0.009530,-0.030130,-1.526540,ndi
1786505876.736569,42.215771,-0.009610,-0.030140,-1.526510,ndi
1786505876.754172,42.233374,-0.009650,-0.030130,-1.526540,ndi
1786505876.769029,42.248232,-0.009720,-0.030130,-1.526540,ndi
1786505876.786515,42.265717,-0.009800,-0.030140,-1.526560,ndi
1786505876.801754,42.280956,-0.009880,-0.030140,-1.526540,ndi
1786505876.819074,42.298276,-0.009930,-0.030130,-1.526550,ndi
1786505876.836564,42.315767,-0.009970,-0.030140,-1.526570,ndi
1786505876.851738,42.330940,-0.010000,-0.030140,-1.526570,ndi
1786505876.869025,42.348227,-0.010060,-0.030140,-1.526560,ndi
1786505876.886512,42.365714,-0.010130,-0.030130,-1.526560,ndi
1786505876.901705,42.380907,-0.010160,-0.030140,-1.526540,ndi
1786505876.919173,42.398375,-0.010220,-0.030140,-1.526580,ndi
1786505876.936579,42.415781,-0.010320,-0.030140,-1.526550,ndi
1786505876.951621,42.430823,-0.010370,-0.030140,-1.526570,ndi
1786505876.969073,42.448275,-0.010450,-0.030130,-1.526570,ndi
1786505876.986519,42.465721,-0.010520,-0.030130,-1.526570,ndi
1786505877.001768,42.480970,-0.010600,-0.030140,-1.526620,ndi
1786505877.019182,42.498384,-0.010730,-0.030140,-1.526590,ndi
1786505877.036583,42.515786,-0.010800,-0.030120,-1.526620,ndi
1786505877.051713,42.530915,-0.010920,-0.030120,-1.526620,ndi
1786505877.069048,42.548250,-0.010980,-0.030130,-1.526640,ndi
1786505877.086538,42.565740,-0.011050,-0.030120,-1.526620,ndi
1786505877.101636,42.580838,-0.011120,-0.030110,-1.526640,ndi
1786505877.119162,42.598364,-0.011220,-0.030100,-1.526630,ndi
1786505877.136565,42.615768,-0.011310,-0.030110,-1.526670,ndi
1786505877.151575,42.630777,-0.011380,-0.030100,-1.526650,ndi
1786505877.169052,42.648255,-0.011450,-0.030090,-1.526690,ndi
1786505877.186532,42.665734,-0.011640,-0.030090,-1.526690,ndi
1786505877.201712,42.680914,-0.011670,-0.030090,-1.526700,ndi
1786505877.219125,42.698328,-0.011770,-0.030080,-1.526710,ndi
1786505877.236577,42.715779,-0.011830,-0.030060,-1.526700,ndi
1786505877.251634,42.730836,-0.011870,-0.030070,-1.526690,ndi
1786505877.269068,42.748270,-0.011970,-0.030060,-1.526730,ndi
1786505877.286529,42.765731,-0.012030,-0.030050,-1.526750,ndi
1786505877.301658,42.780860,-0.012090,-0.030050,-1.526750,ndi
1786505877.319187,42.798389,-0.012140,-0.030050,-1.526720,ndi
1786505877.336631,42.815833,-0.012240,-0.030050,-1.526770,ndi
1786505877.351662,42.830864,-0.012300,-0.030030,-1.526780,ndi
1786505877.369067,42.848269,-0.012380,-0.030030,-1.526780,ndi
1786505877.386541,42.865743,-0.012450,-0.030030,-1.526820,ndi
1786505877.401647,42.880849,-0.012450,-0.030030,-1.526820,ndi
1786505877.419096,42.898298,-0.012540,-0.030010,-1.526830,ndi
1786505877.436546,42.915748,-0.012600,-0.030010,-1.526840,ndi
1786505877.451899,42.931102,-0.012650,-0.030010,-1.526840,ndi
1786505877.469004,42.948206,-0.012720,-0.030000,-1.526860,ndi
1786505877.486531,42.965734,-0.012780,-0.029980,-1.526870,ndi
1786505877.501728,42.980930,-0.012830,-0.029980,-1.526870,ndi
1786505877.519191,42.998393,-0.012910,-0.029980,-1.526920,ndi
1786505877.536767,43.015969,-0.012970,-0.029970,-1.526900,ndi
1786505877.551904,43.031106,-0.013030,-0.029950,-1.526910,ndi
1786505877.569009,43.048211,-0.013110,-0.029950,-1.526960,ndi
1786505877.586521,43.065723,-0.013190,-0.029940,-1.527000,ndi
1786505877.604222,43.083424,-0.013280,-0.029930,-1.527030,ndi
1786505877.619158,43.098360,-0.013380,-0.029910,-1.527030,ndi
1786505877.636654,43.115856,-0.013440,-0.029910,-1.527030,ndi
1786505877.651862,43.131065,-0.013500,-0.029910,-1.527040,ndi
1786505877.669052,43.148254,-0.013570,-0.029890,-1.527050,ndi
1786505877.686537,43.165739,-0.013670,-0.029880,-1.527110,ndi
1786505877.704235,43.183437,-0.013740,-0.029870,-1.527120,ndi
1786505877.719133,43.198335,-0.013810,-0.029850,-1.527160,ndi
1786505877.736559,43.215761,-0.013930,-0.029840,-1.527150,ndi
1786505877.751661,43.230864,-0.014040,-0.029830,-1.527200,ndi
1786505877.769042,43.248244,-0.014090,-0.029810,-1.527190,ndi
1786505877.786521,43.265723,-0.014160,-0.029800,-1.527230,ndi
1786505877.801692,43.280895,-0.014190,-0.029810,-1.527250,ndi
1786505877.819077,43.298279,-0.014280,-0.029790,-1.527260,ndi
1786505877.836599,43.315801,-0.014330,-0.029770,-1.527320,ndi
1786505877.851747,43.330949,-0.014410,-0.029760,-1.527300,ndi
1786505877.869035,43.348238,-0.014460,-0.029760,-1.527330,ndi
1786505877.886541,43.365744,-0.014550,-0.029750,-1.527360,ndi
1786505877.901698,43.380901,-0.014610,-0.029730,-1.527350,ndi
1786505877.919149,43.398351,-0.014670,-0.029720,-1.527410,ndi
1786505877.936679,43.415881,-0.014720,-0.029700,-1.527390,ndi
1786505877.951781,43.430983,-0.014760,-0.029700,-1.527400,ndi
1786505877.969044,43.448246,-0.014760,-0.029700,-1.527400,ndi
1786505877.986519,43.465721,-0.014880,-0.029680,-1.527450,ndi
1786505878.004043,43.483245,-0.014940,-0.029670,-1.527480,ndi
1786505878.019079,43.498281,-0.014980,-0.029650,-1.527500,ndi
1786505878.036700,43.515902,-0.015040,-0.029650,-1.527530,ndi
1786505878.051861,43.531063,-0.015110,-0.029640,-1.527520,ndi
1786505878.069065,43.548267,-0.015150,-0.029630,-1.527560,ndi
1786505878.086531,43.565733,-0.015240,-0.029610,-1.527600,ndi
1786505878.101566,43.580768,-0.015290,-0.029600,-1.527560,ndi
1786505878.119069,43.598272,-0.015340,-0.029590,-1.527630,ndi
1786505878.136725,43.615927,-0.015410,-0.029570,-1.527660,ndi
1786505878.151866,43.631069,-0.015480,-0.029550,-1.527650,ndi
1786505878.169047,43.648250,-0.015570,-0.029540,-1.527680,ndi
1786505878.186538,43.665740,-0.015660,-0.029520,-1.527710,ndi
1786505878.201667,43.680869,-0.015710,-0.029510,-1.527770,ndi
1786505878.219167,43.698370,-0.015800,-0.029480,-1.527790,ndi
1786505878.236581,43.715783,-0.015860,-0.029470,-1.527810,ndi
1786505878.251712,43.730914,-0.015930,-0.029460,-1.527840,ndi
1786505878.269054,43.748256,-0.016000,-0.029440,-1.527910,ndi
1786505878.286501,43.765703,-0.016070,-0.029410,-1.527900,ndi
1786505878.301637,43.780839,-0.016180,-0.029390,-1.528000,ndi
1786505878.319193,43.798395,-0.016240,-0.029370,-1.528010,ndi
1786505878.336564,43.815766,-0.016300,-0.029370,-1.528030,ndi
1786505878.354146,43.833349,-0.016320,-0.029360,-1.528040,ndi
1786505878.369078,43.848280,-0.016390,-0.029340,-1.528080,ndi
1786505878.386545,43.865747,-0.016470,-0.029320,-1.528090,ndi
1786505878.401698,43.880901,-0.016530,-0.029300,-1.528150,ndi
1786505878.419111,43.898313,-0.016610,-0.029280,-1.528200,ndi
1786505878.436589,43.915792,-0.016680,-0.029260,-1.528190,ndi
1786505878.451676,43.930878,-0.016750,-0.029230,-1.528230,ndi
1786505878.469033,43.948235,-0.016850,-0.029210,-1.528250,ndi
1786505878.486519,43.965721,-0.016900,-0.029200,-1.528300,ndi
1786505878.501578,43.980780,-0.016920,-0.029200,-1.528310,ndi
1786505878.519166,43.998368,-0.016930,-0.029180,-1.528320,ndi
1786505878.536661,44.015863,-0.017010,-0.029150,-1.528330,ndi
1786505878.551798,44.031000,-0.017060,-0.029150,-1.528380,ndi
1786505878.569097,44.048300,-0.017130,-0.029130,-1.528410,ndi
1786505878.586581,44.065784,-0.017200,-0.029100,-1.528440,ndi
1786505878.604078,44.083281,-0.017260,-0.029080,-1.528480,ndi
1786505878.619091,44.098294,-0.017330,-0.029060,-1.528460,ndi
1786505878.636691,44.115893,-0.017400,-0.029040,-1.528510,ndi
1786505878.654229,44.133432,-0.017460,-0.029010,-1.528540,ndi
1786505878.669122,44.148324,-0.017520,-0.029000,-1.528600,ndi
1786505878.686551,44.165753,-0.017570,-0.028980,-1.528600,ndi
1786505878.701576,44.180779,-0.017650,-0.028960,-1.528670,ndi
1786505878.719242,44.198444,-0.017730,-0.028930,-1.528690,ndi
1786505878.736752,44.215954,-0.017790,-0.028900,-1.528760,ndi
1786505878.751887,44.231089,-0.017850,-0.028880,-1.528750,ndi
1786505878.769045,44.248247,-0.017910,-0.028860,-1.528790,ndi
1786505878.786531,44.265733,-0.018020,-0.028820,-1.528870,ndi
1786505878.801705,44.280908,-0.018100,-0.028800,-1.528920,ndi
1786505878.819116,44.298318,-0.018200,-0.028760,-1.528980,ndi
1786505878.836622,44.315824,-0.018270,-0.028730,-1.529010,ndi
1786505878.851949,44.331151,-0.018320,-0.028710,-1.529100,ndi
1786505878.869097,44.348299,-0.018450,-0.028680,-1.529150,ndi
1786505878.886535,44.365737,-0.018520,-0.028640,-1.529250,ndi
1786505878.901628,44.380830,-0.018570,-0.028600,-1.529230,ndi
1786505878.919258,44.398460,-0.018600,-0.028600,-1.529280,ndi
1786505878.936747,44.415949,-0.018690,-0.028570,-1.529320,ndi
1786505878.951728,44.430930,-0.018750,-0.028550,-1.529370,ndi
1786505878.969079,44.448281,-0.018830,-0.028500,-1.529420,ndi
1786505878.986540,44.465742,-0.018880,-0.028480,-1.529440,ndi
1786505879.001736,44.480938,-0.018960,-0.028460,-1.529520,ndi
1786505879.019087,44.498289,-0.019030,-0.028430,-1.529540,ndi
1786505879.036760,44.515963,-0.019100,-0.028390,-1.529570,ndi
1786505879.054176,44.533379,-0.019140,-0.028380,-1.529610,ndi
1786505879.069111,44.548313,-0.019160,-0.028370,-1.529620,ndi
1786505879.086589,44.565791,-0.019180,-0.028370,-1.529650,ndi
1786505879.101738,44.580940,-0.019240,-0.028330,-1.529670,ndi
1786505879.119236,44.598438,-0.019270,-0.028330,-1.529700,ndi
1786505879.136871,44.616074,-0.019340,-0.028300,-1.529780,ndi
1786505879.151762,44.630964,-0.019380,-0.028270,-1.529770,ndi
1786505879.169107,44.648309,-0.019450,-0.028240,-1.529860,ndi
1786505879.186591,44.665793,-0.019510,-0.028220,-1.529860,ndi
1786505879.201847,44.681049,-0.019570,-0.028190,-1.529930,ndi
1786505879.219215,44.698417,-0.019650,-0.028140,-1.529970,ndi
1786505879.236738,44.715940,-0.019710,-0.028110,-1.530000,ndi
1786505879.251801,44.731004,-0.019770,-0.028100,-1.530040,ndi
1786505879.269072,44.748274,-0.019860,-0.028050,-1.530120,ndi
1786505879.286526,44.765728,-0.019930,-0.028000,-1.530160,ndi
1786505879.304038,44.783240,-0.020000,-0.027970,-1.530220,ndi
1786505879.319075,44.798278,-0.020040,-0.027960,-1.530260,ndi
1786505879.336709,44.815912,-0.020100,-0.027920,-1.530270,ndi
1786505879.354188,44.833391,-0.020170,-0.027880,-1.530340,ndi
1786505879.369093,44.848295,-0.020210,-0.027850,-1.530430,ndi
1786505879.386601,44.865803,-0.020270,-0.027830,-1.530430,ndi
1786505879.401725,44.880927,-0.020320,-0.027810,-1.530510,ndi
1786505879.419164,44.898366,-0.020430,-0.027730,-1.530560,ndi
1786505879.436671,44.915873,-0.020470,-0.027720,-1.530590,ndi
1786505879.451790,44.930992,-0.020520,-0.027690,-1.530630,ndi
1786505879.469079,44.948281,-0.020570,-0.027660,-1.530700,ndi
1786505879.486537,44.965739,-0.020630,-0.027620,-1.530710,ndi
1786505879.501812,44.981014,-0.020670,-0.027590,-1.530780,ndi
1786505879.519091,44.998294,-0.020730,-0.027570,-1.530820,ndi
1786505879.536584,45.015786,-0.020780,-0.027550,-1.530830,ndi
1786505879.554126,45.033328,-0.020840,-0.027520,-1.530880,ndi
1786505879.569034,45.048236,-0.020890,-0.027480,-1.530930,ndi
1786505879.586588,45.065790,-0.020950,-0.027430,-1.530980,ndi
1786505879.604168,45.083371,-0.021020,-0.027410,-1.531040,ndi
1786505879.619140,45.098342,-0.021050,-0.027380,-1.531060,ndi
1786505879.636751,45.115953,-0.021060,-0.027370,-1.531110,ndi
1786505879.651879,45.131081,-0.021100,-0.027350,-1.531120,ndi
1786505879.669102,45.148305,-0.021160,-0.027310,-1.531150,ndi
1786505879.686574,45.165776,-0.021180,-0.027290,-1.531200,ndi
1786505879.704116,45.183318,-0.021250,-0.027250,-1.531240,ndi
1786505879.719145,45.198347,-0.021300,-0.027220,-1.531280,ndi
1786505879.736623,45.215826,-0.021350,-0.027180,-1.531340,ndi
1786505879.754149,45.233351,-0.021400,-0.027160,-1.531390,ndi
1786505879.769067,45.248269,-0.021470,-0.027120,-1.531430,ndi
1786505879.786568,45.265770,-0.021530,-0.027070,-1.531490,ndi
1786505879.801785,45.280988,-0.021580,-0.027030,-1.531560,ndi
1786505879.819224,45.298426,-0.021630,-0.027010,-1.531620,ndi
1786505879.836771,45.315973,-0.021690,-0.026960,-1.531650,ndi
1786505879.851847,45.331049,-0.021750,-0.026920,-1.531700,ndi
1786505879.869103,45.348306,-0.021820,-0.026880,-1.531790,ndi
1786505879.886612,45.365815,-0.021850,-0.026840,-1.531850,ndi
1786505879.904136,45.383338,-0.021910,-0.026790,-1.531890,ndi
1786505879.919172,45.398374,-0.021980,-0.026750,-1.531980,ndi
1786505879.936726,45.415929,-0.022020,-0.026730,-1.532040,ndi
1786505879.954183,45.433385,-0.022090,-0.026670,-1.532100,ndi
1786505879.969112,45.448314,-0.022140,-0.026640,-1.532120,ndi
1786505879.986599,45.465801,-0.022240,-0.026560,-1.532250,ndi
1786505880.004210,45.483412,-0.022300,-0.026530,-1.532320,ndi
1786505880.019202,45.498404,-0.022320,-0.026500,-1.532350,ndi
1786505880.036782,45.515985,-0.022360,-0.026460,-1.532370,ndi
1786505880.051820,45.531023,-0.022420,-0.026410,-1.532440,ndi
1786505880.069062,45.548265,-0.022460,-0.026390,-1.532490,ndi
1786505880.086585,45.565788,-0.022520,-0.026340,-1.532540,ndi
1786505880.101615,45.580818,-0.022550,-0.026300,-1.532620,ndi
1786505880.119071,45.598274,-0.022600,-0.026260,-1.532620,ndi
1786505880.136832,45.616035,-0.022670,-0.026220,-1.532770,ndi
1786505880.151813,45.631015,-0.022730,-0.026160,-1.532780,ndi
1786505880.169070,45.648272,-0.022780,-0.026110,-1.532850,ndi
1786505880.186638,45.665841,-0.022790,-0.026100,-1.532870,ndi
1786505880.201707,45.680909,-0.022810,-0.026100,-1.532920,ndi
1786505880.219236,45.698438,-0.022850,-0.026060,-1.532960,ndi
1786505880.236774,45.715976,-0.022890,-0.026010,-1.533040,ndi
1786505880.251814,45.731017,-0.022940,-0.025980,-1.533060,ndi
1786505880.269074,45.748276,-0.022970,-0.025950,-1.533110,ndi
1786505880.286589,45.765791,-0.023030,-0.025890,-1.533180,ndi
1786505880.304111,45.783314,-0.023060,-0.025850,-1.533230,ndi
1786505880.319134,45.798337,-0.023120,-0.025830,-1.533290,ndi
1786505880.336639,45.815841,-0.023160,-0.025780,-1.533360,ndi
1786505880.351769,45.830971,-0.023200,-0.025730,-1.533450,ndi
1786505880.369111,45.848313,-0.023250,-0.025690,-1.533460,ndi
1786505880.386589,45.865791,-0.023280,-0.025660,-1.533480,ndi
1786505880.401603,45.880805,-0.023340,-0.025610,-1.533600,ndi
1786505880.419315,45.898518,-0.023370,-0.025560,-1.533640,ndi
1786505880.436759,45.915962,-0.023420,-0.025500,-1.533720,ndi
1786505880.454176,45.933378,-0.023480,-0.025470,-1.533810,ndi
1786505880.469085,45.948288,-0.023500,-0.025440,-1.533820,ndi
1786505880.486591,45.965794,-0.023550,-0.025370,-1.533880,ndi
1786505880.501586,45.980788,-0.023580,-0.025330,-1.533970,ndi
1786505880.519118,45.998321,-0.023640,-0.025300,-1.534040,ndi
1786505880.536681,46.015883,-0.023700,-0.025220,-1.534140,ndi
1786505880.554170,46.033372,-0.023740,-0.025160,-1.534200,ndi
1786505880.569078,46.048281,-0.023780,-0.025130,-1.534260,ndi
1786505880.586573,46.065775,-0.023810,-0.025110,-1.534320,ndi
1786505880.601621,46.080823,-0.023820,-0.025070,-1.534360,ndi
1786505880.619122,46.098325,-0.023880,-0.025000,-1.534420,ndi
1786505880.636761,46.115964,-0.023920,-0.024980,-1.534490,ndi
1786505880.651772,46.130975,-0.023950,-0.024950,-1.534540,ndi
1786505880.669135,46.148337,-0.023980,-0.024890,-1.534630,ndi
1786505880.686585,46.165788,-0.024030,-0.024840,-1.534710,ndi
1786505880.701625,46.180827,-0.024050,-0.024810,-1.534740,ndi
1786505880.719122,46.198324,-0.024110,-0.024750,-1.534830,ndi
1786505880.736802,46.216004,-0.024130,-0.024710,-1.534840,ndi
1786505880.751767,46.230969,-0.024140,-0.024700,-1.534880,ndi
1786505880.769117,46.248319,-0.024140,-0.024710,-1.534910,ndi
1786505880.786591,46.265793,-0.024210,-0.024630,-1.534970,ndi
1786505880.801679,46.280882,-0.024210,-0.024590,-1.534980,ndi
1786505880.819130,46.298332,-0.024230,-0.024560,-1.535030,ndi
1786505880.836612,46.315815,-0.024280,-0.024530,-1.535130,ndi
1786505880.851764,46.330966,-0.024300,-0.024490,-1.535170,ndi
1786505880.869100,46.348302,-0.024330,-0.024440,-1.535210,ndi
1786505880.886575,46.365778,-0.024370,-0.024400,-1.535310,ndi
1786505880.901647,46.380849,-0.024410,-0.024360,-1.535370,ndi
1786505880.919159,46.398362,-0.024440,-0.024300,-1.535450,ndi
1786505880.936789,46.415991,-0.024480,-0.024230,-1.535520,ndi
1786505880.951826,46.431028,-0.024510,-0.024210,-1.535570,ndi
1786505880.969071,46.448274,-0.024550,-0.024170,-1.535600,ndi
1786505880.986608,46.465810,-0.024590,-0.024080,-1.535720,ndi
1786505881.001753,46.480955,-0.024600,-0.024060,-1.535740,ndi
1786505881.019122,46.498324,-0.024620,-0.024050,-1.535770,ndi
1786505881.036724,46.515926,-0.024640,-0.024030,-1.535840,ndi
1786505881.054137,46.533339,-0.024630,-0.024000,-1.535820,ndi
1786505881.069129,46.548331,-0.024630,-0.024000,-1.535820,ndi
1786505881.086575,46.565777,-0.024650,-0.024030,-1.535820,ndi
1786505881.101637,46.580839,-0.024650,-0.024020,-1.535820,ndi
1786505881.119228,46.598430,-0.024650,-0.023990,-1.535810,ndi
1786505881.136839,46.616041,-0.024640,-0.024000,-1.535810,ndi
1786505881.151823,46.631025,-0.024660,-0.024030,-1.535850,ndi
1786505881.169100,46.648303,-0.024650,-0.024010,-1.535840,ndi
1786505881.186605,46.665807,-0.024640,-0.023980,-1.535840,ndi
1786505881.201656,46.680858,-0.024650,-0.024000,-1.535840,ndi
1786505881.219100,46.698303,-0.024650,-0.024030,-1.535830,ndi
1786505881.236586,46.715789,-0.024660,-0.024000,-1.535840,ndi
1786505881.251901,46.731103,-0.024640,-0.023980,-1.535840,ndi
1786505881.269111,46.748314,-0.024650,-0.024010,-1.535850,ndi
1786505881.286601,46.765803,-0.024640,-0.024020,-1.535840,ndi
1786505881.301716,46.780918,-0.024640,-0.024000,-1.535830,ndi
1786505881.319240,46.798443,-0.024660,-0.023980,-1.535820,ndi
1786505881.336669,46.815871,-0.024660,-0.024010,-1.535840,ndi
1786505881.351772,46.830975,-0.024650,-0.024020,-1.535840,ndi
1786505881.369117,46.848319,-0.024660,-0.023990,-1.535850,ndi
1786505881.386594,46.865796,-0.024650,-0.023990,-1.535840,ndi
1786505881.401646,46.880848,-0.024650,-0.024020,-1.535830,ndi
1786505881.419066,46.898269,-0.024650,-0.024020,-1.535840,ndi
1786505881.436586,46.915788,-0.024650,-0.023990,-1.535870,ndi
1786505881.451719,46.930921,-0.024650,-0.023990,-1.535830,ndi
1786505881.469135,46.948337,-0.024650,-0.024020,-1.535830,ndi
1786505881.486600,46.965802,-0.024660,-0.024010,-1.535850,ndi
1786505881.501653,46.980855,-0.024660,-0.023980,-1.535850,ndi
1786505881.519106,46.998309,-0.024660,-0.023990,-1.535850,ndi
1786505881.536796,47.015999,-0.024660,-0.024030,-1.535810,ndi
1786505881.551747,47.030950,-0.024660,-0.024010,-1.535830,ndi
1786505881.569116,47.048318,-0.024660,-0.023980,-1.535840,ndi
1786505881.586623,47.065825,-0.024640,-0.024000,-1.535860,ndi
1786505881.604292,47.083494,-0.024660,-0.024020,-1.535840,ndi
1786505881.619343,47.098546,-0.024660,-0.023990,-1.535840,ndi
1786505881.636814,47.116016,-0.024650,-0.023990,-1.535850,ndi
1786505881.651771,47.130974,-0.024650,-0.024010,-1.535830,ndi
1786505881.669131,47.148333,-0.024650,-0.024010,-1.535860,ndi
1786505881.686618,47.165820,-0.024660,-0.023980,-1.535850,ndi
1786505881.701728,47.180930,-0.024660,-0.023990,-1.535850,ndi
1786505881.719158,47.198360,-0.024660,-0.024010,-1.535850,ndi
1786505881.736796,47.215998,-0.024660,-0.024010,-1.535850,ndi
1786505881.751824,47.231026,-0.024660,-0.023990,-1.535850,ndi
1786505881.769114,47.248317,-0.024650,-0.023990,-1.535850,ndi
1786505881.786616,47.265818,-0.024650,-0.024020,-1.535860,ndi
1786505881.801732,47.280934,-0.024660,-0.024010,-1.535840,ndi
1786505881.819179,47.298381,-0.024660,-0.023990,-1.535860,ndi
1786505881.836649,47.315851,-0.024640,-0.024000,-1.535850,ndi
1786505881.851695,47.330897,-0.024660,-0.024020,-1.535860,ndi
1786505881.869114,47.348316,-0.024640,-0.024000,-1.535850,ndi
1786505881.886630,47.365832,-0.024660,-0.023990,-1.535870,ndi
1786505881.901691,47.380893,-0.024660,-0.024000,-1.535870,ndi
1786505881.919188,47.398391,-0.024650,-0.024010,-1.535840,ndi
1786505881.936836,47.416038,-0.024670,-0.024000,-1.535870,ndi
1786505881.951795,47.430997,-0.024650,-0.023990,-1.535850,ndi
1786505881.969110,47.448313,-0.024660,-0.024000,-1.535860,ndi
1786505881.986629,47.465831,-0.024650,-0.024000,-1.535850,ndi
1786505882.001857,47.481059,-0.024650,-0.023990,-1.535880,ndi
1786505882.019248,47.498451,-0.024660,-0.024000,-1.535860,ndi
1786505882.036771,47.515973,-0.024650,-0.024000,-1.535850,ndi
1786505882.051823,47.531025,-0.024650,-0.024000,-1.535840,ndi
1786505882.069149,47.548352,-0.024640,-0.023990,-1.535870,ndi
1786505882.086639,47.565842,-0.024650,-0.024000,-1.535870,ndi
1786505882.101770,47.580973,-0.024660,-0.024000,-1.535850,ndi
1786505882.119306,47.598508,-0.024650,-0.024000,-1.535850,ndi
1786505882.136848,47.616051,-0.024660,-0.024000,-1.535880,ndi
1786505882.154118,47.633320,-0.024650,-0.024000,-1.535860,ndi
1786505882.169134,47.648336,-0.024660,-0.024010,-1.535870,ndi
1786505882.186595,47.665797,-0.024660,-0.024000,-1.535850,ndi
1786505882.201859,47.681061,-0.024650,-0.023990,-1.535860,ndi
1786505882.219316,47.698518,-0.024660,-0.024010,-1.535850,ndi
1786505882.236754,47.715957,-0.024650,-0.024010,-1.535850,ndi
1786505882.251818,47.731020,-0.024660,-0.024000,-1.535850,ndi
1786505882.269152,47.748354,-0.024670,-0.024000,-1.535840,ndi
1786505882.286652,47.765854,-0.024650,-0.024010,-1.535840,ndi
1786505882.304324,47.783526,-0.024660,-0.024010,-1.535850,ndi
1786505882.319241,47.798444,-0.024660,-0.024000,-1.535850,ndi
1786505882.336644,47.815846,-0.024670,-0.024000,-1.535860,ndi
1786505882.351848,47.831051,-0.024650,-0.024010,-1.535850,ndi
1786505882.369139,47.848341,-0.024660,-0.024010,-1.535860,ndi
1786505882.386618,47.865821,-0.024660,-0.024000,-1.535850,ndi
1786505882.401782,47.880985,-0.024660,-0.024000,-1.535850,ndi
1786505882.419272,47.898474,-0.024660,-0.024010,-1.535840,ndi
1786505882.436893,47.916096,-0.024650,-0.024010,-1.535860,ndi
1786505882.451761,47.930964,-0.024660,-0.024000,-1.535850,ndi
1786505882.469176,47.948379,-0.024670,-0.024000,-1.535860,ndi
