stamp,elapsed,x,y,z,frame_id
1786506018.504125,0.000000,-0.007150,-0.044010,-1.558570,ndi
1786506018.519168,0.015043,-0.007160,-0.044030,-1.558550,ndi
1786506018.536773,0.032648,-0.007120,-0.044010,-1.558570,ndi
1786506018.554118,0.049993,-0.007160,-0.044000,-1.558560,ndi
1786506018.569094,0.064969,-0.007130,-0.044020,-1.558560,ndi
1786506018.586617,0.082492,-0.007140,-0.044020,-1.558580,ndi
1786506018.601754,0.097629,-0.007160,-0.044010,-1.558580,ndi
1786506018.619359,0.115233,-0.007140,-0.044010,-1.558570,ndi
1786506018.636808,0.132683,-0.007170,-0.044020,-1.558550,ndi
1786506018.651728,0.147603,-0.007150,-0.044030,-1.558550,ndi
1786506018.669089,0.164964,-0.007140,-0.044020,-1.558540,ndi
1786506018.686584,0.182459,-0.007140,-0.044010,-1.558530,ndi
1786506018.701732,0.197607,-0.007140,-0.044020,-1.558550,ndi
1786506018.719179,0.215054,-0.007160,-0.044020,-1.558550,ndi
1786506018.736690,0.232564,-0.007130,-0.044010,-1.558530,ndi
1786506018.751852,0.247727,-0.007150,-0.044020,-1.558550,ndi
1786506018.769062,0.264937,-0.007160,-0.044040,-1.558530,ndi
1786506018.786582,0.282457,-0.007130,-0.044020,-1.558570,ndi
1786506018.801685,0.297559,-0.007170,-0.044010,-1.558540,ndi
1786506018.819132,0.315006,-0.007150,-0.044030,-1.558560,ndi
1786506018.836726,0.332601,-0.007150,-0.044030,-1.558550,ndi
1786506018.851706,0.347581,-0.007170,-0.044020,-1.558550,ndi
1786506018.869077,0.364952,-0.007150,-0.044020,-1.558570,ndi
1786506018.886579,0.382454,-0.007150,-0.044040,-1.558540,ndi
1786506018.901655,0.397530,-0.007160,-0.044030,-1.558570,ndi
1786506018.919099,0.414974,-0.007140,-0.044010,-1.558560,ndi
1786506018.936615,0.432489,-0.007140,-0.044020,-1.558530,ndi
1786506018.951791,0.447665,-0.007150,-0.044040,-1.558580,ndi
1786506018.969110,0.464985,-0.007140,-0.044030,-1.558530,ndi
1786506018.986598,0.482473,-0.007140,-0.044010,-1.558540,ndi
1786506019.001818,0.497693,-0.007170,-0.044020,-1.558560,ndi
1786506019.019264,0.515138,-0.007160,-0.044040,-1.558550,ndi
1786506019.036711,0.532585,-0.007150,-0.044030,-1.558550,ndi
1786506019.051824,0.547698,-0.007160,-0.044020,-1.558540,ndi
1786506019.069101,0.564976,-0.007160,-0.044030,-1.558560,ndi
1786506019.086598,0.582473,-0.007170,-0.044040,-1.558550,ndi
1786506019.101699,0.597574,-0.007160,-0.044020,-1.558530,ndi
1786506019.119318,0.615192,-0.007150,-0.044010,-1.558550,ndi
1786506019.136818,0.632693,-0.007150,-0.044040,-1.558550,ndi
1786506019.151846,0.647721,-0.007140,-0.044040,-1.558530,ndi
1786506019.169102,0.664977,-0.007150,-0.044020,-1.558540,ndi
1786506019.186549,0.682424,-0.007170,-0.044020,-1.558540,ndi
1786506019.201858,0.697732,-0.007160,-0.044050,-1.558550,ndi
1786506019.219226,0.715101,-0.007160,-0.044050,-1.558530,ndi
1786506019.236755,0.732630,-0.007160,-0.044020,-1.558540,ndi
1786506019.254366,0.750241,-0.007150,-0.044020,-1.558560,ndi
1786506019.269079,0.764954,-0.007170,-0.044050,-1.558530,ndi
1786506019.286618,0.782493,-0.007150,-0.044050,-1.558560,ndi
1786506019.301672,0.797547,-0.007140,-0.044010,-1.558560,ndi
1786506019.319100,0.814975,-0.007160,-0.044020,-1.558540,ndi
1786506019.336652,0.832527,-0.007130,-0.044050,-1.558580,ndi
1786506019.351857,0.847732,-0.007160,-0.044040,-1.558550,ndi
1786506019.369114,0.864989,-0.007150,-0.044010,-1.558560,ndi
1786506019.386636,0.882511,-0.007170,-0.044030,-1.558550,ndi
1786506019.404102,0.899977,-0.007170,-0.044050,-1.558540,ndi
1786506019.419095,0.914970,-0.007150,-0.044030,-1.558540,ndi
1786506019.436706,0.932581,-0.007160,-0.044010,-1.558540,ndi
1786506019.454164,0.950039,-0.007140,-0.044040,-1.558580,ndi
1786506019.469127,0.965002,-0.007160,-0.044050,-1.558580,ndi
1786506019.486599,0.982474,-0.007160,-0.044030,-1.558560,ndi
1786506019.504099,0.999974,-0.007140,-0.044020,-1.558560,ndi
1786506019.519160,1.015035,-0.007160,-0.044040,-1.558540,ndi
1786506019.536814,1.032689,-0.007130,-0.044050,-1.558560,ndi
1786506019.551748,1.047623,-0.007160,-0.044030,-1.558560,ndi
1786506019.569136,1.065011,-0.007160,-0.044010,-1.558550,ndi
1786506019.586614,1.082489,-0.007140,-0.044050,-1.558560,ndi
1786506019.601629,1.097504,-0.007170,-0.044050,-1.558530,ndi
1786506019.619105,1.114980,-0.007150,-0.044020,-1.558560,ndi
1786506019.636645,1.132519,-0.007160,-0.044020,-1.558560,ndi
1786506019.654155,1.150029,-0.007160,-0.044040,-1.558540,ndi
1786506019.669143,1.165018,-0.007150,-0.044050,-1.558570,ndi
1786506019.686617,1.182492,-0.007170,-0.044010,-1.558540,ndi
1786506019.701647,1.197522,-0.007140,-0.044020,-1.558520,ndi
1786506019.719142,1.215017,-0.007150,-0.044050,-1.558550,ndi
1786506019.736688,1.232563,-0.007150,-0.044040,-1.558540,ndi
1786506019.754139,1.250014,-0.007150,-0.044010,-1.558570,ndi
1786506019.769104,1.264978,-0.007170,-0.044020,-1.558530,ndi
1786506019.786613,1.282487,-0.007150,-0.044050,-1.558550,ndi
1786506019.801693,1.297568,-0.007150,-0.044040,-1.558540,ndi
1786506019.819165,1.315040,-0.007170,-0.044010,-1.558530,ndi
1786506019.836686,1.332561,-0.007140,-0.044030,-1.558560,ndi
1786506019.851718,1.347593,-0.007160,-0.044040,-1.558540,ndi
1786506019.869110,1.364985,-0.007160,-0.044030,-1.558570,ndi
1786506019.886594,1.382469,-0.007140,-0.044020,-1.558570,ndi
1786506019.901658,1.397532,-0.007160,-0.044030,-1.558550,ndi
1786506019.919155,1.415030,-0.007140,-0.044040,-1.558560,ndi
1786506019.936660,1.432535,-0.007150,-0.044020,-1.558520,ndi
1786506019.951760,1.447635,-0.007150,-0.044020,-1.558550,ndi
1786506019.969101,1.464976,-0.007160,-0.044040,-1.558560,ndi
1786506019.986592,1.482467,-0.007160,-0.044030,-1.558510,ndi
1786506020.001729,1.497604,-0.007150,-0.044020,-1.558550,ndi
1786506020.019212,1.515087,-0.007170,-0.044020,-1.558500,ndi
1786506020.036747,1.532622,-0.007140,-0.044040,-1.558580,ndi
1786506020.051667,1.547542,-0.007140,-0.044030,-1.558570,ndi
1786506020.069134,1.565009,-0.007170,-0.044020,-1.558560,ndi
1786506020.086604,1.582479,-0.007130,-0.044040,-1.558560,ndi
1786506020.104151,1.600026,-0.007150,-0.044040,-1.558540,ndi
1786506020.119156,1.615031,-0.007150,-0.044020,-1.558540,ndi
1786506020.136637,1.632512,-0.007140,-0.044010,-1.558550,ndi
1786506020.151657,1.647532,-0.007160,-0.044030,-1.558540,ndi
1786506020.169123,1.664998,-0.007140,-0.044050,-1.558560,ndi
1786506020.186619,1.682494,-0.007160,-0.044020,-1.558550,ndi
1786506020.201616,1.697491,-0.007160,-0.044010,-1.558530,ndi
1786506020.219078,1.714952,-0.007150,-0.044040,-1.558530,ndi
1786506020.236629,1.732504,-0.007160,-0.044040,-1.558550,ndi
1786506020.251604,1.747479,-0.007160,-0.044020,-1.558540,ndi
1786506020.269091,1.764966,-0.007160,-0.044020,-1.558560,ndi
1786506020.286620,1.782495,-0.007150,-0.044040,-1.558540,ndi
1786506020.301696,1.797571,-0.007140,-0.044040,-1.558580,ndi
1786506020.319164,1.815038,-0.007150,-0.044020,-1.558530,ndi
1786506020.336881,1.832756,-0.007150,-0.044020,-1.558580,ndi
1786506020.351879,1.847754,-0.007150,-0.044040,-1.558540,ndi
1786506020.369142,1.865017,-0.007170,-0.044040,-1.558560,ndi
1786506020.386606,1.882481,-0.007150,-0.044020,-1.558570,ndi
1786506020.401628,1.897503,-0.007160,-0.044020,-1.558530,ndi
1786506020.419249,1.915123,-0.007150,-0.044040,-1.558550,ndi
1786506020.436798,1.932673,-0.007150,-0.044030,-1.558550,ndi
1786506020.451733,1.947608,-0.007160,-0.044020,-1.558530,ndi
1786506020.469121,1.964996,-0.007140,-0.044030,-1.558570,ndi
1786506020.486623,1.982498,-0.007150,-0.044030,-1.558530,ndi
1786506020.501783,1.997658,-0.007140,-0.044030,-1.558560,ndi
1786506020.519174,2.015049,-0.007140,-0.044020,-1.558540,ndi
1786506020.536750,2.032625,-0.007160,-0.044030,-1.558530,ndi
1786506020.551795,2.047670,-0.007150,-0.044030,-1.558560,ndi
1786506020.569160,2.065035,-0.007160,-0.044030,-1.558520,ndi
1786506020.586622,2.082497,-0.007150,-0.044030,-1.558560,ndi
1786506020.601667,2.097542,-0.007160,-0.044030,-1.558540,ndi
1786506020.619199,2.115073,-0.007150,-0.044030,-1.558540,ndi
1786506020.636781,2.132655,-0.007140,-0.044030,-1.558540,ndi
1786506020.651806,2.147681,-0.007170,-0.044030,-1.558540,ndi
1786506020.669133,2.165008,-0.007140,-0.044040,-1.558560,ndi
1786506020.686639,2.182514,-0.007150,-0.044020,-1.558530,ndi
1786506020.701765,2.197640,-0.007160,-0.044020,-1.558550,ndi
1786506020.719199,2.215074,-0.007140,-0.044040,-1.558570,ndi
1786506020.736794,2.232669,-0.007160,-0.044030,-1.558540,ndi
1786506020.754157,2.250031,-0.007150,-0.044020,-1.558540,ndi
1786506020.769159,2.265034,-0.007160,-0.044030,-1.558550,ndi
1786506020.786614,2.282489,-0.007170,-0.044040,-1.558510,ndi
1786506020.801767,2.297642,-0.007150,-0.044030,-1.558540,ndi
1786506020.819182,2.315057,-0.007160,-0.044020,-1.558510,ndi
1786506020.836739,2.332613,-0.007150,-0.044040,-1.558540,ndi
1786506020.851661,2.347536,-0.007150,-0.044040,-1.558550,ndi
1786506020.869116,2.364991,-0.007150,-0.044020,-1.558530,ndi
1786506020.886597,2.382472,-0.007140,-0.044030,-1.558550,ndi
1786506020.901687,2.397562,-0.007150,-0.044030,-1.558530,ndi
1786506020.919171,2.415045,-0.007160,-0.044030,-1.558540,ndi
1786506020.936870,2.432745,-0.007150,-0.044020,-1.558540,ndi
1786506020.954148,2.450023,-0.007170,-0.044030,-1.558520,ndi
1786506020.969147,2.465022,-0.007150,-0.044040,-1.558560,ndi
1786506020.986638,2.482512,-0.007170,-0.044030,-1.558560,ndi
1786506021.001659,2.497534,-0.007160,-0.044020,-1.558550,ndi
1786506021.019164,2.515039,-0.007150,-0.044030,-1.558540,ndi
1786506021.036688,2.532563,-0.007170,-0.044040,-1.558520,ndi
1786506021.051837,2.547712,-0.007150,-0.044030,-1.558550,ndi
1786506021.069137,2.565012,-0.007150,-0.044020,-1.558540,ndi
1786506021.086622,2.582497,-0.007150,-0.044040,-1.558520,ndi
1786506021.101772,2.597647,-0.007150,-0.044040,-1.558550,ndi
1786506021.119265,2.615140,-0.007170,-0.044020,-1.558510,ndi
1786506021.136783,2.632658,-0.007150,-0.044030,-1.558540,ndi
1786506021.151662,2.647537,-0.007170,-0.044040,-1.558530,ndi
1786506021.169132,2.665007,-0.007160,-0.044040,-1.558530,ndi
1786506021.186626,2.682501,-0.007160,-0.044020,-1.558540,ndi
1786506021.201705,2.697580,-0.007170,-0.044020,-1.558520,ndi
1786506021.219168,2.715043,-0.007140,-0.044040,-1.558540,ndi
1786506021.236775,2.732650,-0.007160,-0.044030,-1.558530,ndi
1786506021.251679,2.747554,-0.007150,-0.044020,-1.558530,ndi
1786506021.269129,2.765004,-0.007140,-0.044030,-1.558550,ndi
1786506021.286610,2.782485,-0.007160,-0.044040,-1.558530,ndi
1786506021.301697,2.797572,-0.007150,-0.044040,-1.558560,ndi
1786506021.319200,2.815074,-0.007160,-0.044030,-1.558530,ndi
1786506021.336666,2.832541,-0.007160,-0.044030,-1.558530,ndi
1786506021.351705,2.847580,-0.007150,-0.044030,-1.558550,ndi
1786506021.369134,2.865009,-0.007170,-0.044030,-1.558550,ndi
1786506021.386644,2.882519,-0.007150,-0.044030,-1.558570,ndi
1786506021.401729,2.897604,-0.007160,-0.044040,-1.558550,ndi
1786506021.419224,2.915099,-0.007170,-0.044030,-1.558560,ndi
1786506021.436696,2.932570,-0.007150,-0.044030,-1.558570,ndi
1786506021.451774,2.947649,-0.007150,-0.044030,-1.558540,ndi
1786506021.469105,2.964980,-0.007150,-0.044040,-1.558540,ndi
1786506021.486630,2.982505,-0.007150,-0.044030,-1.558560,ndi
1786506021.501757,2.997632,-0.007150,-0.044030,-1.558530,ndi
1786506021.519335,3.015210,-0.007140,-0.044030,-1.558550,ndi
1786506021.536782,3.032657,-0.007170,-0.044030,-1.558550,ndi
1786506021.551862,3.047736,-0.007160,-0.044020,-1.558540,ndi
1786506021.569144,3.065019,-0.007160,-0.044030,-1.558550,ndi
1786506021.586633,3.082508,-0.007160,-0.044040,-1.558550,ndi
1786506021.601653,3.097528,-0.007150,-0.044030,-1.558560,ndi
1786506021.619288,3.115163,-0.007160,-0.044020,-1.558530,ndi
1786506021.636663,3.132538,-0.007150,-0.044030,-1.558540,ndi
1786506021.651809,3.147684,-0.007150,-0.044040,-1.558520,ndi
1786506021.669091,3.164965,-0.007150,-0.044030,-1.558520,ndi
1786506021.686636,3.182511,-0.007130,-0.044020,-1.558530,ndi
1786506021.701650,3.197525,-0.007170,-0.044030,-1.558540,ndi
1786506021.719143,3.215018,-0.007150,-0.044040,-1.558540,ndi
1786506021.736675,3.232550,-0.007150,-0.044030,-1.558540,ndi
1786506021.751817,3.247692,-0.007180,-0.044020,-1.558530,ndi
1786506021.769158,3.265033,-0.007140,-0.044030,-1.558550,ndi
1786506021.786615,3.282490,-0.007160,-0.044050,-1.558550,ndi
1786506021.801819,3.297694,-0.007160,-0.044030,-1.558530,ndi
1786506021.819360,3.315235,-0.007140,-0.044020,-1.558550,ndi
1786506021.836797,3.332671,-0.007150,-0.044040,-1.558550,ndi
1786506021.851830,3.347704,-0.007150,-0.044050,-1.558550,ndi
1786506021.869120,3.364995,-0.007150,-0.044030,-1.558550,ndi
1786506021.886632,3.382507,-0.007150,-0.044020,-1.558540,ndi
1786506021.901677,3.397552,-0.007160,-0.044040,-1.558540,ndi
1786506021.919220,3.415095,-0.007150,-0.044040,-1.558540,ndi
1786506021.936748,3.432623,-0.007150,-0.044020,-1.558560,ndi
1786506021.954290,3.450165,-0.007170,-0.044020,-1.558530,ndi
1786506021.969143,3.465018,-0.007150,-0.044040,-1.558530,ndi
1786506021.986668,3.482543,-0.007150,-0.044040,-1.558560,ndi
1786506022.001862,3.497737,-0.007160,-0.044020,-1.558530,ndi
1786506022.019315,3.515189,-0.007150,-0.044020,-1.558550,ndi
1786506022.036648,3.532523,-0.007160,-0.044050,-1.558560,ndi
1786506022.054255,3.550130,-0.007150,-0.044040,-1.558510,ndi
1786506022.069125,3.565000,-0.007130,-0.044010,-1.558520,ndi
1786506022.086645,3.582520,-0.007170,-0.044020,-1.558530,ndi
1786506022.101740,3.597615,-0.007150,-0.044050,-1.558570,ndi
1786506022.119286,3.615161,-0.007160,-0.044030,-1.558520,ndi
1786506022.136762,3.632637,-0.007160,-0.044020,-1.558530,ndi
1786506022.151688,3.647563,-0.007160,-0.044030,-1.558570,ndi
1786506022.169133,3.665008,-0.007160,-0.044050,-1.558540,ndi
1786506022.186653,3.682528,-0.007150,-0.044030,-1.558550,ndi
1786506022.201655,3.697530,-0.007150,-0.044010,-1.558540,ndi
1786506022.219285,3.715160,-0.007160,-0.044040,-1.558570,ndi
1786506022.236799,3.732673,-0.007140,-0.044050,-1.558560,ndi
1786506022.251831,3.747705,-0.007160,-0.044030,-1.558530,ndi
1786506022.269128,3.765002,-0.007150,-0.044010,-1.558560,ndi
1786506022.286640,3.782515,-0.007150,-0.044030,-1.558540,ndi
1786506022.301774,3.797649,-0.007160,-0.044050,-1.558560,ndi
1786506022.319263,3.815138,-0.007160,-0.044030,-1.558550,ndi
1786506022.336769,3.832644,-0.007160,-0.044020,-1.558520,ndi
1786506022.351906,3.847780,-0.007150,-0.044040,-1.558560,ndi
1786506022.369164,3.865039,-0.007160,-0.044050,-1.558540,ndi
1786506022.386671,3.882546,-0.007160,-0.044020,-1.558530,ndi
1786506022.401661,3.897536,-0.007150,-0.044020,-1.558560,ndi
1786506022.419176,3.915051,-0.007160,-0.044040,-1.558520,ndi
1786506022.436811,3.932686,-0.007140,-0.044040,-1.558570,ndi
1786506022.451654,3.947529,-0.007140,-0.044020,-1.558540,ndi
1786506022.469160,3.965035,-0.007150,-0.044020,-1.558540,ndi
1786506022.486715,3.982590,-0.007140,-0.044050,-1.558570,ndi
1786506022.501945,3.997820,-0.007160,-0.044040,-1.558530,ndi
1786506022.519340,4.015215,-0.007160,-0.044020,-1.558530,ndi
1786506022.536835,4.032710,-0.007160,-0.044030,-1.558530,ndi
1786506022.554220,4.050095,-0.007160,-0.044050,-1.558530,ndi
1786506022.569164,4.065038,-0.007140,-0.044040,-1.558550,ndi
1786506022.586622,4.082496,-0.007160,-0.044020,-1.558530,ndi
1786506022.601635,4.097510,-0.007150,-0.044030,-1.558550,ndi
1786506022.619313,4.115188,-0.007140,-0.044050,-1.558570,ndi
1786506022.636784,4.132659,-0.007160,-0.044040,-1.558520,ndi
1786506022.654219,4.150094,-0.007140,-0.044020,-1.558570,ndi
1786506022.669132,4.165007,-0.007160,-0.044030,-1.558530,ndi
1786506022.686735,4.182610,-0.007160,-0.044040,-1.558560,ndi
1786506022.701833,4.197708,-0.007150,-0.044040,-1.558570,ndi
1786506022.719276,4.215151,-0.007170,-0.044020,-1.558530,ndi
1786506022.736771,4.232646,-0.007150,-0.044030,-1.558540,ndi
1786506022.751843,4.247718,-0.007160,-0.044040,-1.558530,ndi
1786506022.769149,4.265023,-0.007160,-0.044040,-1.558570,ndi
1786506022.786636,4.282511,-0.007150,-0.044020,-1.558560,ndi
1786506022.801912,4.297787,-0.007160,-0.044030,-1.558520,ndi
1786506022.819403,4.315278,-0.007140,-0.044050,-1.558560,ndi
1786506022.836872,4.332747,-0.007160,-0.044030,-1.558550,ndi
1786506022.854299,4.350173,-0.007140,-0.044030,-1.558560,ndi
1786506022.869146,4.365021,-0.007150,-0.044040,-1.558550,ndi
1786506022.886677,4.382551,-0.007160,-0.044040,-1.558550,ndi
1786506022.901665,4.397540,-0.007150,-0.044030,-1.558580,ndi
1786506022.919182,4.415057,-0.007170,-0.044030,-1.558550,ndi
1786506022.936773,4.432647,-0.007160,-0.044030,-1.558570,ndi
1786506022.952058,4.447932,-0.007150,-0.044040,-1.558550,ndi
1786506022.969157,4.465032,-0.007170,-0.044020,-1.558540,ndi
1786506022.986638,4.482513,-0.007150,-0.044020,-1.558570,ndi
1786506023.001671,4.497545,-0.007160,-0.044040,-1.558560,ndi
1786506023.019309,4.515184,-0.007160,-0.044040,-1.558550,ndi
1786506023.036768,4.532643,-0.007140,-0.044030,-1.558590,ndi
1786506023.051791,4.547666,-0.007150,-0.044030,-1.558530,ndi
1786506023.069169,4.565044,-0.007150,-0.044040,-1.558540,ndi
1786506023.086678,4.582553,-0.007160,-0.044030,-1.558550,ndi
1786506023.101914,4.597789,-0.007170,-0.044030,-1.558540,ndi
1786506023.119284,4.615159,-0.007150,-0.044040,-1.558560,ndi
1786506023.136799,4.632674,-0.007170,-0.044030,-1.558540,ndi
1786506023.151726,4.647601,-0.007150,-0.044030,-1.558540,ndi
1786506023.169179,4.665054,-0.007160,-0.044030,-1.558540,ndi
1786506023.186639,4.682513,-0.007160,-0.044040,-1.558560,ndi
1786506023.201779,4.697654,-0.007140,-0.044040,-1.558570,ndi
1786506023.219183,4.715058,-0.007150,-0.044030,-1.558540,ndi
1786506023.236806,4.732681,-0.007140,-0.044040,-1.558570,ndi
1786506023.251697,4.747571,-0.007150,-0.044040,-1.558540,ndi
1786506023.269155,4.765030,-0.007150,-0.044030,-1.558560,ndi
1786506023.286657,4.782531,-0.007150,-0.044030,-1.558580,ndi
1786506023.301911,4.797786,-0.007170,-0.044030,-1.558570,ndi
1786506023.319291,4.815166,-0.007150,-0.044040,-1.558560,ndi
1786506023.336862,4.832737,-0.007160,-0.044030,-1.558570,ndi
1786506023.351809,4.847684,-0.007160,-0.044020,-1.558540,ndi
1786506023.369162,4.865037,-0.007150,-0.044030,-1.558570,ndi
1786506023.386661,4.882535,-0.007160,-0.044040,-1.558570,ndi
1786506023.401741,4.897616,-0.007140,-0.044040,-1.558580,ndi
1786506023.419180,4.915055,-0.007160,-0.044020,-1.558590,ndi
1786506023.436826,4.932700,-0.007150,-0.044030,-1.558560,ndi
1786506023.451671,4.947546,-0.007150,-0.044040,-1.558580,ndi
1786506023.469157,4.965032,-0.007170,-0.044030,-1.558540,ndi
1786506023.486653,4.982528,-0.007160,-0.044030,-1.558570,ndi
1786506023.504333,5.000207,-0.007160,-0.044040,-1.558570,ndi
1786506023.519194,5.015069,-0.007170,-0.044040,-1.558550,ndi
1786506023.536697,5.032572,-0.007150,-0.044030,-1.558580,ndi
1786506023.551684,5.047559,-0.007170,-0.044020,-1.558560,ndi
1786506023.569203,5.065078,-0.007160,-0.044040,-1.558560,ndi
1786506023.586682,5.082557,-0.007150,-0.044040,-1.558560,ndi
1786506023.601696,5.097571,-0.007160,-0.044030,-1.558540,ndi
1786506023.619197,5.115072,-0.007150,-0.044030,-1.558550,ndi
1786506023.636829,5.132704,-0.007150,-0.044040,-1.558530,ndi
1786506023.651895,5.147770,-0.007160,-0.044040,-1.558560,ndi
1786506023.669165,5.165040,-0.007160,-0.044020,-1.558570,ndi
1786506023.686681,5.182555,-0.007170,-0.044040,-1.558550,ndi
1786506023.701667,5.197542,-0.007150,-0.044040,-1.558550,ndi
1786506023.719157,5.215031,-0.007170,-0.044030,-1.558520,ndi
1786506023.736716,5.232591,-0.007160,-0.044030,-1.558570,ndi
1786506023.754333,5.250208,-0.007150,-0.044040,-1.558550,ndi
1786506023.769182,5.265057,-0.007170,-0.044040,-1.558540,ndi
1786506023.786659,5.282534,-0.007130,-0.044040,-1.558580,ndi
1786506023.801698,5.297573,-0.007150,-0.044020,-1.558540,ndi
1786506023.819175,5.315050,-0.007150,-0.044030,-1.558550,ndi
1786506023.836705,5.332580,-0.007140,-0.044040,-1.558580,ndi
1786506023.854298,5.350173,-0.007160,-0.044030,-1.558530,ndi
1786506023.869180,5.365055,-0.007150,-0.044030,-1.558560,ndi
1786506023.886656,5.382531,-0.007160,-0.044030,-1.558550,ndi
1786506023.901675,5.397550,-0.007160,-0.044040,-1.558520,ndi
1786506023.919209,5.415084,-0.007160,-0.044030,-1.558540,ndi
1786506023.936761,5.432636,-0.007160,-0.044020,-1.558530,ndi
1786506023.951869,5.447743,-0.007150,-0.044030,-1.558540,ndi
1786506023.969196,5.465070,-0.007160,-0.044040,-1.558550,ndi
1786506023.986671,5.482546,-0.007140,-0.044030,-1.558540,ndi
1786506024.001697,5.497572,-0.007140,-0.044020,-1.558550,ndi
1786506024.019155,5.515030,-0.007160,-0.044030,-1.558520,ndi
1786506024.036832,5.532707,-0.007140,-0.044030,-1.558550,ndi
1786506024.054364,5.550239,-0.007160,-0.044020,-1.558530,ndi
1786506024.069133,5.565008,-0.007160,-0.044030,-1.558530,ndi
1786506024.086695,5.582570,-0.007150,-0.044040,-1.558540,ndi
1786506024.101683,5.597558,-0.007170,-0.044030,-1.558530,ndi
1786506024.119180,5.615055,-0.007150,-0.044030,-1.558560,ndi
1786506024.136898,5.632773,-0.007150,-0.044030,-1.558530,ndi
1786506024.151835,5.647710,-0.007150,-0.044030,-1.558530,ndi
1786506024.169207,5.665082,-0.007140,-0.044030,-1.558540,ndi
1786506024.186680,5.682554,-0.007160,-0.044030,-1.558520,ndi
1786506024.201737,5.697612,-0.007150,-0.044040,-1.558510,ndi
1786506024.219215,5.715090,-0.007160,-0.044030,-1.558560,ndi
1786506024.236748,5.732622,-0.007160,-0.044030,-1.558540,ndi
1786506024.251808,5.747683,-0.007150,-0.044030,-1.558550,ndi
1786506024.269192,5.765066,-0.007170,-0.044030,-1.558540,ndi
1786506024.286670,5.782545,-0.007140,-0.044040,-1.558550,ndi
1786506024.301669,5.797544,-0.007160,-0.044030,-1.558570,ndi
1786506024.319155,5.815030,-0.007160,-0.044030,-1.558520,ndi
1786506024.336703,5.832578,-0.007140,-0.044040,-1.558550,ndi
1786506024.351879,5.847754,-0.007170,-0.044030,-1.558530,ndi
1786506024.369209,5.865084,-0.007150,-0.044030,-1.558580,ndi
1786506024.386672,5.882547,-0.007150,-0.044030,-1.558540,ndi
1786506024.401764,5.897639,-0.007150,-0.044030,-1.558540,ndi
1786506024.419250,5.915125,-0.007140,-0.044040,-1.558540,ndi
1786506024.436732,5.932607,-0.007160,-0.044020,-1.558550,ndi
1786506024.454310,5.950185,-0.007150,-0.044040,-1.558550,ndi
1786506024.469177,5.965052,-0.007170,-0.044040,-1.558550,ndi
1786506024.486680,5.982554,-0.007160,-0.044030,-1.558560,ndi
1786506024.501912,5.997787,-0.007150,-0.044030,-1.558570,ndi
1786506024.519332,6.015207,-0.007160,-0.044030,-1.558550,ndi
1786506024.536882,6.032757,-0.007150,-0.044040,-1.558550,ndi
1786506024.551860,6.047735,-0.007160,-0.044030,-1.558570,ndi
1786506024.569184,6.065058,-0.007150,-0.044030,-1.558550,ndi
1786506024.586706,6.082581,-0.007140,-0.044040,-1.558560,ndi
1786506024.601693,6.097568,-0.007160,-0.044030,-1.558530,ndi
1786506024.619198,6.115073,-0.007140,-0.044030,-1.558540,ndi
1786506024.636768,6.132643,-0.007150,-0.044040,-1.558560,ndi
1786506024.651839,6.147713,-0.007170,-0.044030,-1.558520,ndi
1786506024.669399,6.165274,-0.007150,-0.044030,-1.558540,ndi
1786506024.686711,6.182586,-0.007170,-0.044020,-1.558540,ndi
1786506024.701771,6.197646,-0.007160,-0.044030,-1.558540,ndi
1786506024.719221,6.215096,-0.007140,-0.044040,-1.558550,ndi
1786506024.736719,6.232594,-0.007160,-0.044030,-1.558520,ndi
1786506024.754329,6.250204,-0.007160,-0.044020,-1.558550,ndi
1786506024.769156,6.265030,-0.007150,-0.044030,-1.558550,ndi
1786506024.786678,6.282553,-0.007150,-0.044040,-1.558530,ndi
1786506024.801666,6.297541,-0.007140,-0.044030,-1.558560,ndi
1786506024.819180,6.315055,-0.007160,-0.044020,-1.558540,ndi
1786506024.836764,6.332639,-0.007150,-0.044040,-1.558540,ndi
1786506024.854336,6.350210,-0.007170,-0.044030,-1.558520,ndi
1786506024.869274,6.365149,-0.007160,-0.044030,-1.558530,ndi
1786506024.886670,6.382545,-0.007160,-0.044030,-1.558550,ndi
1786506024.901914,6.397789,-0.007160,-0.044040,-1.558510,ndi
1786506024.919384,6.415258,-0.007150,-0.044040,-1.558540,ndi
1786506024.936914,6.432789,-0.007170,-0.044020,-1.558540,ndi
1786506024.951797,6.447672,-0.007160,-0.044040,-1.558540,ndi
1786506024.969209,6.465084,-0.007140,-0.044040,-1.558570,ndi
1786506024.986677,6.482552,-0.007160,-0.044030,-1.558520,ndi
1786506025.001891,6.497766,-0.007150,-0.044020,-1.558530,ndi
1786506025.019382,6.515256,-0.007160,-0.044040,-1.558530,ndi
1786506025.036932,6.532807,-0.007160,-0.044040,-1.558560,ndi
1786506025.051816,6.547691,-0.007150,-0.044020,-1.558550,ndi
1786506025.069272,6.565147,-0.007160,-0.044020,-1.558560,ndi
1786506025.086715,6.582589,-0.007160,-0.044050,-1.558580,ndi
1786506025.101801,6.597676,-0.007160,-0.044050,-1.558530,ndi
1786506025.119400,6.615275,-0.007150,-0.044020,-1.558530,ndi
1786506025.136899,6.632774,-0.007150,-0.044030,-1.558560,ndi
1786506025.151799,6.647674,-0.007150,-0.044050,-1.558530,ndi
1786506025.169209,6.665084,-0.007140,-0.044040,-1.558550,ndi
1786506025.186737,6.682612,-0.007150,-0.044010,-1.558530,ndi
1786506025.201705,6.697580,-0.007150,-0.044020,-1.558540,ndi
1786506025.219246,6.715121,-0.007150,-0.044050,-1.558550,ndi
1786506025.236704,6.732579,-0.007160,-0.044030,-1.558530,ndi
1786506025.251700,6.747575,-0.007160,-0.044010,-1.558540,ndi
1786506025.269331,6.765206,-0.007150,-0.044030,-1.558560,ndi
1786506025.286736,6.782611,-0.007160,-0.044050,-1.558540,ndi
1786506025.301723,6.797598,-0.007150,-0.044040,-1.558560,ndi
1786506025.319260,6.815135,-0.007170,-0.044010,-1.558530,ndi
1786506025.336719,6.832594,-0.007150,-0.044040,-1.558550,ndi
1786506025.351708,6.847583,-0.007130,-0.044050,-1.558570,ndi
1786506025.369215,6.865090,-0.007160,-0.044020,-1.558510,ndi
1786506025.386713,6.882588,-0.007140,-0.044010,-1.558560,ndi
1786506025.401714,6.897588,-0.007160,-0.044040,-1.558530,ndi
1786506025.419213,6.915088,-0.007160,-0.044050,-1.558520,ndi
1786506025.436916,6.932791,-0.007150,-0.044020,-1.558550,ndi
1786506025.451749,6.947624,-0.007170,-0.044010,-1.558520,ndi
1786506025.469244,6.965119,-0.007150,-0.044050,-1.558550,ndi
1786506025.486745,6.982620,-0.007160,-0.044040,-1.558540,ndi
1786506025.501750,6.997625,-0.007150,-0.044020,-1.558540,ndi
1786506025.519374,7.015249,-0.007150,-0.044020,-1.558560,ndi
1786506025.536913,7.032788,-0.007170,-0.044050,-1.558540,ndi
1786506025.554331,7.050206,-0.007150,-0.044040,-1.558560,ndi
1786506025.569183,7.065058,-0.007150,-0.044010,-1.558530,ndi
1786506025.586723,7.082598,-0.007150,-0.044030,-1.558530,ndi
1786506025.601712,7.097587,-0.007150,-0.044050,-1.558570,ndi
1786506025.619505,7.115380,-0.007160,-0.044030,-1.558550,ndi
1786506025.636853,7.132728,-0.007150,-0.044010,-1.558550,ndi
1786506025.651828,7.147703,-0.007160,-0.044030,-1.558540,ndi
1786506025.669200,7.165075,-0.007160,-0.044050,-1.558560,ndi
1786506025.686720,7.182595,-0.007150,-0.044030,-1.558550,ndi
1786506025.701739,7.197613,-0.007160,-0.044010,-1.558530,ndi
1786506025.719313,7.215188,-0.007140,-0.044050,-1.558550,ndi
1786506025.736755,7.232630,-0.007140,-0.044050,-1.558560,ndi
1786506025.751730,7.247605,-0.007160,-0.044020,-1.558550,ndi
1786506025.769196,7.265070,-0.007130,-0.044020,-1.558560,ndi
1786506025.786736,7.282611,-0.007160,-0.044040,-1.558530,ndi
1786506025.801755,7.297630,-0.007140,-0.044050,-1.558560,ndi
1786506025.819405,7.315280,-0.007160,-0.044020,-1.558550,ndi
1786506025.836923,7.332798,-0.007170,-0.044030,-1.558540,ndi
1786506025.851888,7.347763,-0.007150,-0.044040,-1.558560,ndi
1786506025.869210,7.365085,-0.007170,-0.044040,-1.558510,ndi
1786506025.886853,7.382728,-0.007160,-0.044020,-1.558550,ndi
1786506025.901722,7.397597,-0.007150,-0.044060,-1.558570,ndi
1786506025.919333,7.415208,-0.007150,-0.044090,-1.558570,ndi
1786506025.936834,7.432709,-0.007130,-0.044080,-1.558600,ndi
1786506025.954258,7.450133,-0.007160,-0.044050,-1.558540,ndi
1786506025.969194,7.465069,-0.007130,-0.044070,-1.558560,ndi
1786506025.986733,7.482608,-0.007150,-0.044080,-1.558550,ndi
1786506026.001757,7.497632,-0.007140,-0.044080,-1.558570,ndi
1786506026.019279,7.515154,-0.007130,-0.044070,-1.558570,ndi
1786506026.036758,7.532633,-0.007170,-0.044080,-1.558540,ndi
1786506026.051755,7.547630,-0.007140,-0.044100,-1.558540,ndi
1786506026.069212,7.565087,-0.007140,-0.044090,-1.558550,ndi
1786506026.086753,7.582628,-0.007150,-0.044080,-1.558530,ndi
1786506026.101768,7.597643,-0.007130,-0.044110,-1.558530,ndi
1786506026.119442,7.615317,-0.007170,-0.044100,-1.558490,ndi
1786506026.136891,7.632766,-0.007130,-0.044090,-1.558480,ndi
1786506026.151892,7.647767,-0.007140,-0.044100,-1.558500,ndi
1786506026.169204,7.665079,-0.007150,-0.044110,-1.558480,ndi
1786506026.186744,7.682619,-0.007140,-0.044110,-1.558490,ndi
1786506026.201755,7.697630,-0.007150,-0.044090,-1.558460,ndi
1786506026.219327,7.715202,-0.007140,-0.044110,-1.558470,ndi
1786506026.236716,7.732591,-0.007160,-0.044120,-1.558450,ndi
1786506026.251719,7.747594,-0.007150,-0.044120,-1.558480,ndi
1786506026.269224,7.765099,-0.007140,-0.044110,-1.558490,ndi
1786506026.286766,7.782641,-0.007170,-0.044120,-1.558460,ndi
1786506026.301915,7.797790,-0.007150,-0.044120,-1.558460,ndi
1786506026.319437,7.815311,-0.007160,-0.044110,-1.558460,ndi
1786506026.336943,7.832818,-0.007150,-0.044090,-1.558400,ndi
1786506026.351926,7.847800,-0.007150,-0.044110,-1.558430,ndi
1786506026.369220,7.865095,-0.007170,-0.044100,-1.558380,ndi
1786506026.386745,7.882620,-0.007150,-0.044070,-1.558370,ndi
1786506026.401776,7.897651,-0.007160,-0.044070,-1.558370,ndi
1786506026.419233,7.915108,-0.007180,-0.044070,-1.558320,ndi
1786506026.436775,7.932650,-0.007170,-0.044050,-1.558350,ndi
1786506026.451706,7.947581,-0.007180,-0.044030,-1.558340,ndi
1786506026.469232,7.965107,-0.007170,-0.044020,-1.558300,ndi
1786506026.486766,7.982641,-0.007170,-0.044020,-1.558340,ndi
1786506026.501988,7.997863,-0.007180,-0.044000,-1.558280,ndi
1786506026.519438,8.015313,-0.007170,-0.043980,-1.558290,ndi
1786506026.536936,8.032811,-0.007190,-0.043980,-1.558250,ndi
1786506026.554254,8.050129,-0.007160,-0.043990,-1.558280,ndi
1786506026.569216,8.065091,-0.007180,-0.043980,-1.558250,ndi
1786506026.586757,8.082632,-0.007190,-0.043960,-1.558240,ndi
1786506026.604362,8.100236,-0.007180,-0.043980,-1.558230,ndi
1786506026.619421,8.115296,-0.007190,-0.043980,-1.558250,ndi
1786506026.636912,8.132787,-0.007180,-0.043970,-1.558240,ndi
1786506026.651937,8.147812,-0.007180,-0.043970,-1.558250,ndi
1786506026.669216,8.165091,-0.007190,-0.043970,-1.558220,ndi
1786506026.686750,8.182625,-0.007180,-0.043980,-1.558220,ndi
1786506026.701988,8.197863,-0.007170,-0.043970,-1.558200,ndi
1786506026.719354,8.215229,-0.007170,-0.043980,-1.558160,ndi
1786506026.736789,8.232664,-0.007160,-0.043990,-1.558140,ndi
1786506026.751725,8.247600,-0.007180,-0.043980,-1.558140,ndi
1786506026.769234,8.265109,-0.007180,-0.043980,-1.558130,ndi
1786506026.786771,8.282646,-0.007170,-0.043980,-1.558100,ndi
1786506026.801780,8.297655,-0.007180,-0.043990,-1.558100,ndi
1786506026.819269,8.315144,-0.007160,-0.043980,-1.558120,ndi
1786506026.836770,8.332645,-0.007180,-0.043980,-1.558100,ndi
1786506026.851737,8.347612,-0.007170,-0.043980,-1.558090,ndi
1786506026.869240,8.365115,-0.007160,-0.043980,-1.558090,ndi
1786506026.886781,8.382655,-0.007180,-0.043960,-1.558070,ndi
1786506026.901794,8.397669,-0.007180,-0.043970,-1.558090,ndi
1786506026.919296,8.415170,-0.007170,-0.043970,-1.558020,ndi
1786506026.936794,8.432669,-0.007150,-0.043970,-1.558020,ndi
1786506026.951884,8.447759,-0.007170,-0.043960,-1.557990,ndi
1786506026.969229,8.465104,-0.007170,-0.043970,-1.557990,ndi
1786506026.986713,8.482588,-0.007160,-0.043970,-1.557940,ndi
1786506027.001981,8.497856,-0.007200,-0.043960,-1.557940,ndi
1786506027.019395,8.515270,-0.007160,-0.043940,-1.557930,ndi
1786506027.036754,8.532629,-0.007170,-0.043920,-1.557900,ndi
1786506027.051945,8.547820,-0.007200,-0.043900,-1.557870,ndi
1786506027.069224,8.565099,-0.007180,-0.043870,-1.557870,ndi
1786506027.086805,8.582680,-0.007200,-0.043830,-1.557860,ndi
1786506027.101938,8.597813,-0.007190,-0.043800,-1.557820,ndi
1786506027.119427,8.615302,-0.007200,-0.043760,-1.557790,ndi
1786506027.136961,8.632836,-0.007210,-0.043730,-1.557740,ndi
1786506027.151875,8.647749,-0.007200,-0.043710,-1.557740,ndi
1786506027.169223,8.665098,-0.007230,-0.043670,-1.557680,ndi
1786506027.186757,8.682631,-0.007210,-0.043640,-1.557670,ndi
1786506027.201810,8.697685,-0.007230,-0.043620,-1.557630,ndi
1786506027.219353,8.715228,-0.007240,-0.043590,-1.557620,ndi
1786506027.236925,8.732800,-0.007220,-0.043550,-1.557590,ndi
1786506027.251823,8.747698,-0.007260,-0.043530,-1.557570,ndi
1786506027.269203,8.765078,-0.007240,-0.043510,-1.557530,ndi
1786506027.286817,8.782692,-0.007250,-0.043470,-1.557540,ndi
1786506027.301780,8.797655,-0.007260,-0.043430,-1.557510,ndi
1786506027.319288,8.815162,-0.007240,-0.043420,-1.557460,ndi
1786506027.336803,8.832678,-0.007270,-0.043390,-1.557470,ndi
1786506027.351825,8.847699,-0.007290,-0.043340,-1.557430,ndi
1786506027.369205,8.865080,-0.007280,-0.043320,-1.557420,ndi
1786506027.386750,8.882624,-0.007300,-0.043310,-1.557390,ndi
1786506027.401807,8.897682,-0.007290,-0.043270,-1.557390,ndi
1786506027.419363,8.915238,-0.007300,-0.043230,-1.557350,ndi
1786506027.436945,8.932820,-0.007310,-0.043200,-1.557320,ndi
1786506027.451755,8.947630,-0.007300,-0.043200,-1.557330,ndi
1786506027.469259,8.965134,-0.007320,-0.043170,-1.557290,ndi
1786506027.486804,8.982678,-0.007320,-0.043130,-1.557270,ndi
1786506027.502021,8.997896,-0.007320,-0.043110,-1.557280,ndi
1786506027.519388,9.015263,-0.007330,-0.043090,-1.557210,ndi
1786506027.536900,9.032775,-0.007320,-0.043060,-1.557190,ndi
1786506027.551830,9.047705,-0.007340,-0.043010,-1.557150,ndi
1786506027.569250,9.065125,-0.007340,-0.043000,-1.557140,ndi
1786506027.586779,9.082654,-0.007370,-0.042980,-1.557080,ndi
1786506027.601815,9.097690,-0.007360,-0.042930,-1.557070,ndi
1786506027.619296,9.115170,-0.007360,-0.042890,-1.557050,ndi
1786506027.636897,9.132771,-0.007380,-0.042870,-1.557000,ndi
1786506027.651867,9.147742,-0.007370,-0.042850,-1.557000,ndi
1786506027.669220,9.165095,-0.007390,-0.042790,-1.556980,ndi
1786506027.686758,9.182633,-0.007390,-0.042750,-1.556960,ndi
1786506027.701791,9.197665,-0.007370,-0.042730,-1.556930,ndi
1786506027.719274,9.215149,-0.007410,-0.042690,-1.556880,ndi
1786506027.736927,9.232802,-0.007390,-0.042640,-1.556860,ndi
1786506027.751956,9.247831,-0.007410,-0.042600,-1.556850,ndi
1786506027.769385,9.265260,-0.007430,-0.042580,-1.556800,ndi
1786506027.786742,9.282617,-0.007420,-0.042540,-1.556750,ndi
1786506027.801821,9.297696,-0.007440,-0.042500,-1.556760,ndi
1786506027.819412,9.315287,-0.007450,-0.042470,-1.556720,ndi
1786506027.836953,9.332828,-0.007450,-0.042450,-1.556680,ndi
1786506027.852047,9.347922,-0.007460,-0.042410,-1.556660,ndi
1786506027.869244,9.365119,-0.007460,-0.042360,-1.556640,ndi
1786506027.886752,9.382627,-0.007470,-0.042330,-1.556620,ndi
1786506027.901751,9.397626,-0.007470,-0.042310,-1.556600,ndi
1786506027.919241,9.415116,-0.007480,-0.042260,-1.556540,ndi
1786506027.936908,9.432783,-0.007500,-0.042210,-1.556540,ndi
1786506027.951880,9.447755,-0.007490,-0.042190,-1.556530,ndi
1786506027.969225,9.465100,-0.007530,-0.042160,-1.556450,ndi
1786506027.986786,9.482661,-0.007510,-0.042120,-1.556440,ndi
1786506028.001816,9.497691,-0.007520,-0.042070,-1.556420,ndi
1786506028.019369,9.515244,-0.007540,-0.042040,-1.556380,ndi
1786506028.036898,9.532773,-0.007520,-0.042020,-1.556370,ndi
1786506028.054374,9.550249,-0.007560,-0.041970,-1.556310,ndi
1786506028.069214,9.565089,-0.007560,-0.041930,-1.556300,ndi
1786506028.086758,9.582633,-0.007550,-0.041910,-1.556260,ndi
1786506028.101816,9.597691,-0.007570,-0.041880,-1.556230,ndi
1786506028.119460,9.615335,-0.007570,-0.041830,-1.556190,ndi
1786506028.136955,9.632830,-0.007590,-0.041790,-1.556160,ndi
1786506028.151902,9.647777,-0.007600,-0.041770,-1.556110,ndi
1786506028.169259,9.665133,-0.007600,-0.041740,-1.556120,ndi
1786506028.186788,9.682663,-0.007620,-0.041680,-1.556060,ndi
1786506028.201749,9.697624,-0.007620,-0.041660,-1.556070,ndi
1786506028.219391,9.715266,-0.007630,-0.041640,-1.556040,ndi
1786506028.236850,9.732724,-0.007630,-0.041600,-1.556010,ndi
1786506028.251777,9.747652,-0.007630,-0.041560,-1.555980,ndi
1786506028.269253,9.765128,-0.007660,-0.041530,-1.555950,ndi
1786506028.286818,9.782692,-0.007640,-0.041510,-1.555940,ndi
1786506028.301858,9.797733,-0.007660,-0.041470,-1.555910,ndi
1786506028.319416,9.815291,-0.007670,-0.041420,-1.555880,ndi
1786506028.336968,9.832843,-0.007670,-0.041400,-1.555840,ndi
1786506028.351892,9.847766,-0.007700,-0.041390,-1.555830,ndi
1786506028.369290,9.865165,-0.007690,-0.041340,-1.555820,ndi
1786506028.386758,9.882633,-0.007710,-0.041300,-1.555810,ndi
1786506028.401762,9.897637,-0.007730,-0.041280,-1.555750,ndi
1786506028.419315,9.915190,-0.007720,-0.041250,-1.555740,ndi
1786506028.436804,9.932679,-0.007750,-0.041190,-1.555680,ndi
1786506028.451828,9.947703,-0.007740,-0.041170,-1.555690,ndi
1786506028.469233,9.965108,-0.007750,-0.041150,-1.555670,ndi
1786506028.486792,9.982667,-0.007770,-0.041090,-1.555610,ndi
1786506028.501798,9.997673,-0.007760,-0.041050,-1.555590,ndi
1786506028.519277,10.015152,-0.007790,-0.041010,-1.555520,ndi
1786506028.536768,10.032643,-0.007800,-0.040980,-1.555550,ndi
1786506028.551853,10.047728,-0.007810,-0.040950,-1.555480,ndi
1786506028.569253,10.065128,-0.007830,-0.040900,-1.555420,ndi
1786506028.586751,10.082626,-0.007830,-0.040850,-1.555420,ndi
1786506028.601747,10.097622,-0.007860,-0.040810,-1.555350,ndi
1786506028.619476,10.115351,-0.007860,-0.040770,-1.555320,ndi
1786506028.637002,10.132876,-0.007870,-0.040730,-1.555330,ndi
1786506028.651870,10.147745,-0.007890,-0.040690,-1.555280,ndi
1786506028.669253,10.165128,-0.007880,-0.040650,-1.555240,ndi
1786506028.686756,10.182631,-0.007920,-0.040570,-1.555160,ndi
1786506028.701859,10.197734,-0.007930,-0.040510,-1.555100,ndi
1786506028.719491,10.215366,-0.007940,-0.040450,-1.555060,ndi
1786506028.736910,10.232785,-0.008000,-0.040370,-1.555000,ndi
1786506028.751848,10.247722,-0.007950,-0.040310,-1.554950,ndi
1786506028.769291,10.265166,-0.008000,-0.040250,-1.554900,ndi
1786506028.786774,10.282649,-0.008030,-0.040200,-1.554860,ndi
1786506028.801798,10.297673,-0.007990,-0.040160,-1.554870,ndi
1786506028.819491,10.315366,-0.008050,-0.040120,-1.554830,ndi
1786506028.836987,10.332862,-0.008040,-0.040080,-1.554800,ndi
1786506028.851907,10.347781,-0.008050,-0.040050,-1.554770,ndi
1786506028.869239,10.365113,-0.008070,-0.040020,-1.554740,ndi
1786506028.886767,10.382642,-0.008050,-0.039990,-1.554710,ndi
1786506028.901931,10.397805,-0.008080,-0.039950,-1.554670,ndi
1786506028.919391,10.415266,-0.008080,-0.039930,-1.554680,ndi
1786506028.936923,10.432798,-0.008100,-0.039900,-1.554640,ndi
1786506028.951881,10.447756,-0.008130,-0.039870,-1.554640,ndi
1786506028.969251,10.465126,-0.008110,-0.039820,-1.554600,ndi
1786506028.986771,10.482646,-0.008130,-0.039790,-1.554540,ndi
1786506029.001898,10.497772,-0.008130,-0.039780,-1.554530,ndi
1786506029.019409,10.515284,-0.008150,-0.039750,-1.554500,ndi
1786506029.036852,10.532727,-0.008160,-0.039690,-1.554480,ndi
1786506029.051993,10.547868,-0.008130,-0.039670,-1.554450,ndi
1786506029.069231,10.565106,-0.008180,-0.039650,-1.554390,ndi
1786506029.086766,10.582641,-0.008180,-0.039600,-1.554380,ndi
1786506029.102005,10.597879,-0.008200,-0.039530,-1.554370,ndi
1786506029.119506,10.615381,-0.008310,-0.039170,-1.554140,ndi
1786506029.136985,10.632860,-0.008340,-0.039090,-1.554040,ndi
1786506029.151887,10.647762,-0.008370,-0.039080,-1.554070,ndi
1786506029.169287,10.665162,-0.008360,-0.039020,-1.554010,ndi
1786506029.186805,10.682680,-0.008360,-0.039020,-1.554060,ndi
1786506029.201789,10.697664,-0.008370,-0.039020,-1.553980,ndi
1786506029.219332,10.715206,-0.008410,-0.038970,-1.553950,ndi
1786506029.236910,10.732785,-0.008430,-0.038900,-1.553940,ndi
1786506029.251895,10.747770,-0.008410,-0.038900,-1.553890,ndi
1786506029.269270,10.765145,-0.008400,-0.038890,-1.553830,ndi
1786506029.286776,10.782651,-0.008440,-0.038830,-1.553840,ndi
1786506029.301895,10.797770,-0.008440,-0.038780,-1.553830,ndi
1786506029.319412,10.815287,-0.008480,-0.038770,-1.553780,ndi
1786506029.336875,10.832750,-0.008460,-0.038750,-1.553760,ndi
1786506029.351902,10.847777,-0.008460,-0.038710,-1.553710,ndi
1786506029.369268,10.865143,-0.008500,-0.038650,-1.553700,ndi
1786506029.386815,10.882690,-0.008510,-0.038640,-1.553700,ndi
1786506029.402010,10.897885,-0.008520,-0.038640,-1.553640,ndi
1786506029.419475,10.915349,-0.008510,-0.038580,-1.553630,ndi
1786506029.436973,10.932848,-0.008520,-0.038540,-1.553650,ndi
1786506029.451821,10.947696,-0.008540,-0.038550,-1.553590,ndi
1786506029.469292,10.965167,-0.008540,-0.038550,-1.553590,ndi
1786506029.486804,10.982679,-0.008540,-0.038510,-1.553600,ndi
1786506029.504569,11.000444,-0.008520,-0.038520,-1.553600,ndi
1786506029.519403,11.015277,-0.008530,-0.038540,-1.553570,ndi
1786506029.536926,11.032801,-0.008570,-0.038540,-1.553560,ndi
1786506029.551930,11.047805,-0.008550,-0.038500,-1.553600,ndi
1786506029.569261,11.065135,-0.008550,-0.038500,-1.553580,ndi
1786506029.586779,11.082654,-0.008540,-0.038510,-1.553540,ndi
1786506029.602055,11.097930,-0.008550,-0.038470,-1.553520,ndi
1786506029.619445,11.115320,-0.008600,-0.038400,-1.553560,ndi
1786506029.636965,11.132839,-0.008570,-0.038400,-1.553510,ndi
1786506029.651913,11.147788,-0.008590,-0.038380,-1.553450,ndi
1786506029.669260,11.165135,-0.008600,-0.038330,-1.553440,ndi
1786506029.686819,11.182694,-0.008610,-0.038270,-1.553410,ndi
1786506029.702029,11.197904,-0.008650,-0.038270,-1.553370,ndi
1786506029.719459,11.215333,-0.008650,-0.038240,-1.553350,ndi
1786506029.736983,11.232858,-0.008660,-0.038180,-1.553340,ndi
1786506029.751894,11.247769,-0.008670,-0.038160,-1.553330,ndi
1786506029.769260,11.265135,-0.008690,-0.038160,-1.553300,ndi
1786506029.786815,11.282690,-0.008710,-0.038120,-1.553250,ndi
1786506029.801816,11.297691,-0.008700,-0.038070,-1.553240,ndi
1786506029.819342,11.315217,-0.008700,-0.038040,-1.553230,ndi
1786506029.836933,11.332808,-0.008710,-0.038040,-1.553220,ndi
1786506029.851957,11.347832,-0.008740,-0.037990,-1.553160,ndi
1786506029.869312,11.365187,-0.008760,-0.037920,-1.553120,ndi
1786506029.886778,11.382653,-0.008810,-0.037750,-1.553000,ndi
1786506029.901815,11.397690,-0.008880,-0.037640,-1.552790,ndi
1786506029.919481,11.415356,-0.008910,-0.037600,-1.552780,ndi
1786506029.937012,11.432887,-0.008920,-0.037540,-1.552780,ndi
1786506029.951945,11.447820,-0.008940,-0.037520,-1.552770,ndi
1786506029.969307,11.465182,-0.008920,-0.037540,-1.552740,ndi
1786506029.986802,11.482677,-0.008970,-0.037470,-1.552730,ndi
1786506030.001837,11.497711,-0.009000,-0.037410,-1.552730,ndi
1786506030.019448,11.515323,-0.008980,-0.037420,-1.552720,ndi
1786506030.036826,11.532701,-0.008980,-0.037400,-1.552630,ndi
1786506030.051909,11.547784,-0.008980,-0.037340,-1.552600,ndi
1786506030.069279,11.565154,-0.009000,-0.037290,-1.552600,ndi
1786506030.086830,11.582705,-0.009040,-0.037300,-1.552550,ndi
1786506030.101834,11.597709,-0.009020,-0.037290,-1.552560,ndi
1786506030.119329,11.615204,-0.009040,-0.037210,-1.552510,ndi
1786506030.136833,11.632708,-0.009070,-0.037180,-1.552530,ndi
1786506030.151936,11.647811,-0.009080,-0.037190,-1.552460,ndi
1786506030.169330,11.665205,-0.009110,-0.037150,-1.552420,ndi
1786506030.186785,11.682659,-0.009090,-0.037070,-1.552420,ndi
1786506030.201823,11.697698,-0.009100,-0.037050,-1.552380,ndi
1786506030.219350,11.715225,-0.009140,-0.037050,-1.552360,ndi
1786506030.236890,11.732764,-0.009150,-0.037010,-1.552360,ndi
1786506030.251905,11.747780,-0.009160,-0.036950,-1.552310,ndi
1786506030.269280,11.765155,-0.009140,-0.036950,-1.552310,ndi
1786506030.286815,11.782690,-0.009180,-0.036950,-1.552270,ndi
1786506030.301814,11.797689,-0.009200,-0.036890,-1.552230,ndi
1786506030.319308,11.815183,-0.009220,-0.036820,-1.552210,ndi
1786506030.337015,11.832890,-0.009230,-0.036820,-1.552200,ndi
1786506030.351916,11.847790,-0.009220,-0.036820,-1.552150,ndi
1786506030.369339,11.865213,-0.009250,-0.036760,-1.552110,ndi
1786506030.386847,11.882722,-0.009280,-0.036710,-1.552090,ndi
1786506030.401780,11.897655,-0.009280,-0.036710,-1.552100,ndi
1786506030.419314,11.915189,-0.009290,-0.036690,-1.552060,ndi
1786506030.437003,11.932878,-0.009280,-0.036640,-1.552060,ndi
1786506030.451906,11.947781,-0.009310,-0.036610,-1.552020,ndi
1786506030.469304,11.965179,-0.009350,-0.036620,-1.551970,ndi
1786506030.486852,11.982727,-0.009310,-0.036620,-1.551990,ndi
1786506030.501823,11.997698,-0.009340,-0.036590,-1.551980,ndi
1786506030.519422,12.015297,-0.009310,-0.036590,-1.552000,ndi
1786506030.536981,12.032856,-0.009340,-0.036610,-1.551960,ndi
1786506030.551937,12.047812,-0.009360,-0.036610,-1.551980,ndi
1786506030.569310,12.065185,-0.009320,-0.036580,-1.551980,ndi
1786506030.586825,12.082700,-0.009340,-0.036580,-1.551980,ndi
1786506030.601817,12.097692,-0.009350,-0.036570,-1.551970,ndi
1786506030.619461,12.115336,-0.009380,-0.036520,-1.551940,ndi
1786506030.637012,12.132886,-0.009390,-0.036470,-1.551900,ndi
1786506030.651946,12.147821,-0.009380,-0.036450,-1.551860,ndi
1786506030.669311,12.165185,-0.009410,-0.036430,-1.551820,ndi
1786506030.686848,12.182723,-0.009420,-0.036380,-1.551790,ndi
1786506030.701804,12.197679,-0.009460,-0.036350,-1.551780,ndi
1786506030.719333,12.215208,-0.009470,-0.036330,-1.551750,ndi
1786506030.736866,12.232741,-0.009460,-0.036300,-1.551720,ndi
1786506030.751813,12.247688,-0.009490,-0.036260,-1.551700,ndi
1786506030.769307,12.265182,-0.009500,-0.036230,-1.551690,ndi
1786506030.786834,12.282709,-0.009530,-0.036220,-1.551640,ndi
1786506030.801863,12.297738,-0.009540,-0.036180,-1.551610,ndi
1786506030.819378,12.315253,-0.009520,-0.036130,-1.551620,ndi
1786506030.836915,12.332790,-0.009570,-0.036110,-1.551550,ndi
1786506030.851935,12.347810,-0.009570,-0.036100,-1.551540,ndi
1786506030.869305,12.365180,-0.009600,-0.036050,-1.551530,ndi
1786506030.886795,12.382670,-0.009650,-0.035930,-1.551400,ndi
1786506030.902008,12.397883,-0.009730,-0.035740,-1.551220,ndi
1786506030.919498,12.415373,-0.009790,-0.035730,-1.551190,ndi
1786506030.937017,12.432892,-0.009810,-0.035680,-1.551150,ndi
1786506030.951923,12.447798,-0.009790,-0.035610,-1.551170,ndi
1786506030.969299,12.465174,-0.009790,-0.035630,-1.551120,ndi
1786506030.986823,12.482697,-0.009810,-0.035610,-1.551090,ndi
1786506031.002022,12.497897,-0.009840,-0.035550,-1.551080,ndi
1786506031.019576,12.515451,-0.009850,-0.035510,-1.551060,ndi
1786506031.037016,12.532891,-0.009830,-0.035520,-1.551020,ndi
1786506031.052025,12.547900,-0.009850,-0.035500,-1.550990,ndi
1786506031.069317,12.565192,-0.009890,-0.035430,-1.550980,ndi
1786506031.086824,12.582699,-0.009930,-0.035400,-1.550940,ndi
1786506031.101863,12.597738,-0.009940,-0.035400,-1.550920,ndi
1786506031.119394,12.615269,-0.009930,-0.035360,-1.550870,ndi
1786506031.137016,12.632891,-0.009970,-0.035290,-1.550850,ndi
1786506031.151937,12.647812,-0.009980,-0.035280,-1.550820,ndi
1786506031.169313,12.665188,-0.010030,-0.035280,-1.550790,ndi
1786506031.186800,12.682675,-0.010020,-0.035230,-1.550750,ndi
1786506031.201786,12.697660,-0.010000,-0.035190,-1.550790,ndi
1786506031.219330,12.715205,-0.010060,-0.035170,-1.550720,ndi
1786506031.236967,12.732842,-0.010070,-0.035150,-1.550690,ndi
1786506031.251948,12.747823,-0.010100,-0.035100,-1.550650,ndi
1786506031.269310,12.765184,-0.010110,-0.035060,-1.550600,ndi
1786506031.286796,12.782671,-0.010090,-0.035060,-1.550600,ndi
1786506031.301968,12.797843,-0.010160,-0.035030,-1.550560,ndi
1786506031.319440,12.815315,-0.010170,-0.034990,-1.550590,ndi
1786506031.336886,12.832761,-0.010170,-0.034950,-1.550530,ndi
1786506031.351903,12.847778,-0.010190,-0.034940,-1.550500,ndi
1786506031.369302,12.865176,-0.010180,-0.034930,-1.550490,ndi
1786506031.386776,12.882651,-0.010240,-0.034880,-1.550450,ndi
1786506031.401966,12.897841,-0.010240,-0.034850,-1.550460,ndi
1786506031.419484,12.915359,-0.010250,-0.034830,-1.550410,ndi
1786506031.436934,12.932809,-0.010250,-0.034820,-1.550360,ndi
1786506031.451938,12.947813,-0.010260,-0.034780,-1.550400,ndi
1786506031.469309,12.965183,-0.010310,-0.034760,-1.550360,ndi
1786506031.486784,12.982658,-0.010290,-0.034780,-1.550330,ndi
1786506031.501892,12.997767,-0.010280,-0.034780,-1.550350,ndi
1786506031.519445,13.015320,-0.010270,-0.034760,-1.550340,ndi
1786506031.536971,13.032846,-0.010270,-0.034760,-1.550360,ndi
1786506031.551966,13.047841,-0.010320,-0.034770,-1.550300,ndi
1786506031.569298,13.065173,-0.010290,-0.034760,-1.550320,ndi
1786506031.586796,13.082671,-0.010290,-0.034710,-1.550320,ndi
1786506031.601866,13.097741,-0.010330,-0.034680,-1.550260,ndi
1786506031.619493,13.115368,-0.010340,-0.034660,-1.550230,ndi
1786506031.636999,13.132874,-0.010380,-0.034620,-1.550200,ndi
1786506031.651930,13.147805,-0.010390,-0.034580,-1.550180,ndi
1786506031.669288,13.165163,-0.010380,-0.034560,-1.550130,ndi
1786506031.686801,13.182676,-0.010440,-0.034540,-1.550100,ndi
1786506031.701814,13.197689,-0.010450,-0.034510,-1.550080,ndi
1786506031.719291,13.215166,-0.010470,-0.034470,-1.550040,ndi
1786506031.736826,13.232701,-0.010470,-0.034440,-1.550000,ndi
1786506031.751943,13.247818,-0.010470,-0.034430,-1.550020,ndi
1786506031.769297,13.265172,-0.010520,-0.034380,-1.550000,ndi
1786506031.786806,13.282681,-0.010520,-0.034350,-1.550000,ndi
1786506031.801865,13.297740,-0.010550,-0.034330,-1.549980,ndi
1786506031.819537,13.315412,-0.010540,-0.034310,-1.549950,ndi
1786506031.836901,13.332776,-0.010590,-0.034240,-1.549930,ndi
1786506031.851885,13.347760,-0.010730,-0.034010,-1.549700,ndi
1786506031.869292,13.365167,-0.010750,-0.033990,-1.549650,ndi
1786506031.886821,13.382696,-0.010760,-0.033980,-1.549660,ndi
1786506031.901810,13.397685,-0.010770,-0.033930,-1.549630,ndi
1786506031.919316,13.415191,-0.010760,-0.033910,-1.549620,ndi
1786506031.936851,13.432726,-0.010800,-0.033880,-1.549550,ndi
1786506031.951936,13.447811,-0.010830,-0.033850,-1.549560,ndi
1786506031.969304,13.465179,-0.010830,-0.033810,-1.549550,ndi
1786506031.986798,13.482673,-0.010840,-0.033770,-1.549480,ndi
1786506032.001990,13.497864,-0.010860,-0.033750,-1.549430,ndi
1786506032.019464,13.515339,-0.010910,-0.033730,-1.549430,ndi
1786506032.036993,13.532868,-0.010930,-0.033690,-1.549480,ndi
1786506032.052050,13.547925,-0.010920,-0.033650,-1.549430,ndi
1786506032.069346,13.565221,-0.010960,-0.033640,-1.549380,ndi
1786506032.086841,13.582716,-0.010970,-0.033620,-1.549390,ndi
1786506032.101977,13.597852,-0.011010,-0.033570,-1.549340,ndi
1786506032.119453,13.615328,-0.011020,-0.033530,-1.549280,ndi
1786506032.136947,13.632822,-0.011020,-0.033520,-1.549270,ndi
1786506032.151960,13.647835,-0.011050,-0.033500,-1.549250,ndi
1786506032.169306,13.665181,-0.011060,-0.033460,-1.549270,ndi
1786506032.186845,13.682720,-0.011100,-0.033410,-1.549210,ndi
1786506032.201908,13.697783,-0.011090,-0.033400,-1.549160,ndi
1786506032.219470,13.715345,-0.011090,-0.033390,-1.549170,ndi
1786506032.236979,13.732853,-0.011140,-0.033330,-1.549090,ndi
1786506032.251939,13.747813,-0.011160,-0.033300,-1.549100,ndi
1786506032.269328,13.765203,-0.011200,-0.033270,-1.549060,ndi
1786506032.286838,13.782713,-0.011190,-0.033240,-1.549060,ndi
1786506032.301849,13.797724,-0.011200,-0.033210,-1.549010,ndi
1786506032.319382,13.815257,-0.011240,-0.033170,-1.549000,ndi
1786506032.337048,13.832923,-0.011250,-0.033160,-1.548960,ndi
1786506032.351931,13.847806,-0.011270,-0.033140,-1.548960,ndi
1786506032.369385,13.865260,-0.011270,-0.033100,-1.548930,ndi
1786506032.386855,13.882730,-0.011280,-0.033070,-1.548900,ndi
1786506032.401864,13.897739,-0.011320,-0.033050,-1.548860,ndi
1786506032.419355,13.915230,-0.011340,-0.033020,-1.548840,ndi
1786506032.437088,13.932963,-0.011350,-0.032990,-1.548820,ndi
1786506032.451962,13.947837,-0.011350,-0.032980,-1.548820,ndi
1786506032.469355,13.965230,-0.011370,-0.032950,-1.548770,ndi
1786506032.486841,13.982716,-0.011410,-0.032920,-1.548730,ndi
1786506032.501861,13.997736,-0.011420,-0.032880,-1.548700,ndi
1786506032.519557,14.015431,-0.011440,-0.032860,-1.548710,ndi
1786506032.537034,14.032909,-0.011440,-0.032850,-1.548680,ndi
1786506032.551956,14.047831,-0.011450,-0.032830,-1.548670,ndi
1786506032.569321,14.065196,-0.011480,-0.032800,-1.548650,ndi
1786506032.586826,14.082700,-0.011460,-0.032810,-1.548670,ndi
1786506032.601943,14.097817,-0.011460,-0.032820,-1.548650,ndi
1786506032.619427,14.115302,-0.011470,-0.032800,-1.548610,ndi
1786506032.637007,14.132882,-0.011480,-0.032790,-1.548630,ndi
1786506032.651957,14.147832,-0.011490,-0.032800,-1.548610,ndi
1786506032.669356,14.165231,-0.011500,-0.032770,-1.548570,ndi
1786506032.686836,14.182711,-0.011520,-0.032720,-1.548530,ndi
1786506032.701895,14.197770,-0.011530,-0.032690,-1.548480,ndi
1786506032.719394,14.215269,-0.011550,-0.032670,-1.548510,ndi
1786506032.736946,14.232821,-0.011570,-0.032640,-1.548450,ndi
1786506032.751993,14.247868,-0.011570,-0.032610,-1.548440,ndi
1786506032.769323,14.265198,-0.011580,-0.032590,-1.548430,ndi
1786506032.786856,14.282731,-0.011610,-0.032570,-1.548380,ndi
1786506032.802048,14.297923,-0.011610,-0.032540,-1.548400,ndi
1786506032.819524,14.315399,-0.011640,-0.032490,-1.548370,ndi
1786506032.837096,14.332971,-0.011730,-0.032330,-1.548250,ndi
1786506032.851948,14.347822,-0.011780,-0.032290,-1.548150,ndi
1786506032.869357,14.365232,-0.011820,-0.032260,-1.548130,ndi
1786506032.886840,14.382715,-0.011840,-0.032200,-1.548110,ndi
1786506032.902005,14.397880,-0.011850,-0.032180,-1.548090,ndi
1786506032.919443,14.415318,-0.011860,-0.032180,-1.548080,ndi
1786506032.937002,14.432877,-0.011920,-0.032120,-1.548050,ndi
1786506032.952023,14.447897,-0.011940,-0.032070,-1.548070,ndi
1786506032.969344,14.465219,-0.011930,-0.032080,-1.548020,ndi
1786506032.986814,14.482689,-0.011940,-0.032050,-1.547960,ndi
1786506033.001958,14.497833,-0.011970,-0.032010,-1.547960,ndi
1786506033.019547,14.515421,-0.012000,-0.031960,-1.547950,ndi
1786506033.037050,14.532925,-0.012030,-0.031950,-1.547880,ndi
1786506033.052004,14.547879,-0.012030,-0.031940,-1.547870,ndi
1786506033.069354,14.565229,-0.012050,-0.031880,-1.547840,ndi
1786506033.086869,14.582743,-0.012070,-0.031850,-1.547820,ndi
1786506033.101911,14.597786,-0.012100,-0.031850,-1.547780,ndi
1786506033.119523,14.615397,-0.012130,-0.031810,-1.547700,ndi
1786506033.136986,14.632861,-0.012110,-0.031760,-1.547730,ndi
1786506033.151925,14.647800,-0.012130,-0.031740,-1.547700,ndi
1786506033.169336,14.665211,-0.012170,-0.031730,-1.547650,ndi
1786506033.186827,14.682702,-0.012180,-0.031690,-1.547620,ndi
1786506033.201919,14.697794,-0.012220,-0.031650,-1.547570,ndi
1786506033.219382,14.715257,-0.012210,-0.031640,-1.547580,ndi
1786506033.237074,14.732949,-0.012260,-0.031630,-1.547530,ndi
1786506033.251955,14.747830,-0.012280,-0.031590,-1.547510,ndi
1786506033.269350,14.765225,-0.012290,-0.031540,-1.547510,ndi
1786506033.286838,14.782712,-0.012320,-0.031520,-1.547450,ndi
1786506033.301888,14.797762,-0.012300,-0.031520,-1.547430,ndi
1786506033.319387,14.815262,-0.012340,-0.031470,-1.547410,ndi
1786506033.337060,14.832935,-0.012390,-0.031440,-1.547380,ndi
1786506033.351994,14.847869,-0.012370,-0.031430,-1.547370,ndi
1786506033.369355,14.865230,-0.012390,-0.031400,-1.547350,ndi
1786506033.386820,14.882695,-0.012410,-0.031370,-1.547320,ndi
1786506033.401875,14.897750,-0.012440,-0.031330,-1.547290,ndi
1786506033.419369,14.915244,-0.012470,-0.031320,-1.547250,ndi
1786506033.436951,14.932826,-0.012480,-0.031300,-1.547220,ndi
1786506033.451941,14.947816,-0.012490,-0.031250,-1.547210,ndi
1786506033.469350,14.965225,-0.012500,-0.031230,-1.547210,ndi
1786506033.486847,14.982722,-0.012550,-0.031210,-1.547150,ndi
1786506033.501974,14.997849,-0.012560,-0.031190,-1.547130,ndi
1786506033.519388,15.015263,-0.012560,-0.031150,-1.547110,ndi
1786506033.537009,15.032883,-0.012590,-0.031130,-1.547110,ndi
1786506033.552016,15.047891,-0.012600,-0.031120,-1.547070,ndi
1786506033.569357,15.065232,-0.012610,-0.031100,-1.547040,ndi
1786506033.586852,15.082727,-0.012630,-0.031080,-1.547060,ndi
1786506033.602060,15.097935,-0.012600,-0.031090,-1.547030,ndi
1786506033.619424,15.115299,-0.012620,-0.031110,-1.547020,ndi
1786506033.636919,15.132794,-0.012640,-0.031080,-1.547030,ndi
1786506033.651993,15.147868,-0.012630,-0.031060,-1.547040,ndi
1786506033.669350,15.165225,-0.012660,-0.031040,-1.547010,ndi
1786506033.686851,15.182726,-0.012670,-0.031030,-1.546920,ndi
1786506033.701890,15.197765,-0.012690,-0.030980,-1.546950,ndi
1786506033.719386,15.215261,-0.012730,-0.030940,-1.546920,ndi
1786506033.737031,15.232906,-0.012730,-0.030940,-1.546910,ndi
1786506033.752038,15.247913,-0.012750,-0.030910,-1.546840,ndi
1786506033.769338,15.265213,-0.012760,-0.030870,-1.546870,ndi
1786506033.786841,15.282716,-0.012800,-0.030850,-1.546830,ndi
1786506033.802056,15.297931,-0.012820,-0.030840,-1.546800,ndi
1786506033.819527,15.315402,-0.012830,-0.030810,-1.546790,ndi
1786506033.837077,15.332952,-0.012860,-0.030780,-1.546780,ndi
1786506033.851997,15.347872,-0.012850,-0.030770,-1.546800,ndi
1786506033.869372,15.365247,-0.012890,-0.030740,-1.546730,ndi
1786506033.886859,15.382734,-0.012910,-0.030700,-1.546680,ndi
1786506033.902058,15.397933,-0.012910,-0.030690,-1.546670,ndi
1786506033.919594,15.415469,-0.012950,-0.030660,-1.546640,ndi
1786506033.937094,15.432969,-0.012950,-0.030640,-1.546610,ndi
1786506033.952008,15.447883,-0.012990,-0.030610,-1.546580,ndi
1786506033.969340,15.465215,-0.013000,-0.030570,-1.546560,ndi
1786506033.986860,15.482735,-0.013010,-0.030550,-1.546580,ndi
1786506034.002004,15.497879,-0.013050,-0.030530,-1.546490,ndi
1786506034.019580,15.515455,-0.013070,-0.030490,-1.546480,ndi
1786506034.037142,15.533017,-0.013110,-0.030450,-1.546430,ndi
1786506034.051972,15.547847,-0.013150,-0.030410,-1.546380,ndi
1786506034.069371,15.565246,-0.013230,-0.030270,-1.546280,ndi
1786506034.086875,15.582750,-0.013290,-0.030210,-1.546220,ndi
1786506034.101880,15.597754,-0.013320,-0.030200,-1.546220,ndi
1786506034.119478,15.615353,-0.013350,-0.030170,-1.546200,ndi
1786506034.136898,15.632772,-0.013340,-0.030150,-1.546180,ndi
1786506034.151950,15.647825,-0.013350,-0.030120,-1.546100,ndi
1786506034.169363,15.665238,-0.013410,-0.030080,-1.546090,ndi
1786506034.186875,15.682750,-0.013410,-0.030060,-1.546120,ndi
1786506034.201867,15.697742,-0.013450,-0.030060,-1.546070,ndi
1786506034.219389,15.715264,-0.013470,-0.030010,-1.546030,ndi
1786506034.236987,15.732862,-0.013490,-0.029970,-1.546040,ndi
1786506034.252014,15.747889,-0.013540,-0.029950,-1.545990,ndi
1786506034.269375,15.765250,-0.013550,-0.029930,-1.545990,ndi
1786506034.286892,15.782767,-0.013570,-0.029890,-1.545940,ndi
1786506034.302094,15.797969,-0.013590,-0.029870,-1.545900,ndi
1786506034.319589,15.815464,-0.013590,-0.029870,-1.545880,ndi
1786506034.337089,15.832964,-0.013610,-0.029860,-1.545870,ndi
1786506034.351985,15.847859,-0.013610,-0.029840,-1.545860,ndi
1786506034.369386,15.865261,-0.013610,-0.029840,-1.545890,ndi
1786506034.386884,15.882759,-0.013610,-0.029860,-1.545860,ndi
1786506034.401859,15.897733,-0.013620,-0.029850,-1.545860,ndi
1786506034.419537,15.915412,-0.013650,-0.029830,-1.545830,ndi
1786506034.437030,15.932904,-0.013630,-0.029800,-1.545840,ndi
1786506034.452011,15.947886,-0.013660,-0.029800,-1.545830,ndi
1786506034.469357,15.965232,-0.013700,-0.029780,-1.545790,ndi
1786506034.486848,15.982723,-0.013710,-0.029730,-1.545750,ndi
1786506034.501907,15.997782,-0.013750,-0.029710,-1.545740,ndi
1786506034.519377,16.015252,-0.013750,-0.029690,-1.545710,ndi
1786506034.536914,16.032789,-0.013770,-0.029660,-1.545690,ndi
1786506034.552031,16.047906,-0.013820,-0.029620,-1.545650,ndi
1786506034.569369,16.065244,-0.013830,-0.029600,-1.545640,ndi
1786506034.586859,16.082734,-0.013850,-0.029580,-1.545600,ndi
1786506034.601846,16.097721,-0.013880,-0.029560,-1.545560,ndi
1786506034.619526,16.115401,-0.013900,-0.029520,-1.545530,ndi
1786506034.636861,16.132736,-0.013940,-0.029480,-1.545510,ndi
1786506034.651999,16.147874,-0.013960,-0.029480,-1.545490,ndi
1786506034.669357,16.165232,-0.013970,-0.029450,-1.545460,ndi
1786506034.686842,16.182717,-0.014000,-0.029410,-1.545410,ndi
1786506034.701847,16.197722,-0.014020,-0.029380,-1.545410,ndi
1786506034.719371,16.215246,-0.014050,-0.029370,-1.545370,ndi
1786506034.736861,16.232736,-0.014050,-0.029340,-1.545370,ndi
1786506034.751877,16.247752,-0.014070,-0.029300,-1.545330,ndi
1786506034.769370,16.265244,-0.014110,-0.029290,-1.545300,ndi
1786506034.786871,16.282746,-0.014120,-0.029280,-1.545250,ndi
1786506034.801905,16.297780,-0.014170,-0.029240,-1.545250,ndi
1786506034.819413,16.315288,-0.014170,-0.029210,-1.545270,ndi
1786506034.836947,16.332822,-0.014190,-0.029200,-1.545200,ndi
1786506034.852000,16.347874,-0.014220,-0.029190,-1.545220,ndi
1786506034.869403,16.365278,-0.014240,-0.029150,-1.545190,ndi
1786506034.886882,16.382756,-0.014270,-0.029110,-1.545150,ndi
1786506034.901928,16.397803,-0.014260,-0.029110,-1.545140,ndi
1786506034.919436,16.415310,-0.014310,-0.029090,-1.545100,ndi
1786506034.936993,16.432868,-0.014350,-0.029030,-1.545070,ndi
1786506034.952037,16.447912,-0.014340,-0.029000,-1.545090,ndi
1786506034.969375,16.465250,-0.014410,-0.028990,-1.545010,ndi
1786506034.986866,16.482741,-0.014470,-0.028910,-1.544940,ndi
1786506035.001941,16.497816,-0.014590,-0.028770,-1.544810,ndi
1786506035.019543,16.515418,-0.014640,-0.028750,-1.544790,ndi
1786506035.037107,16.532982,-0.014630,-0.028750,-1.544800,ndi
1786506035.052026,16.547901,-0.014660,-0.028730,-1.544770,ndi
1786506035.069379,16.565253,-0.014660,-0.028690,-1.544750,ndi
1786506035.086889,16.582763,-0.014710,-0.028670,-1.544720,ndi
1786506035.101890,16.597765,-0.014740,-0.028660,-1.544710,ndi
1786506035.119420,16.615294,-0.014740,-0.028620,-1.544680,ndi
1786506035.137064,16.632939,-0.014790,-0.028570,-1.544630,ndi
1786506035.151990,16.647865,-0.014810,-0.028560,-1.544600,ndi
1786506035.169392,16.665267,-0.014850,-0.028540,-1.544590,ndi
1786506035.186891,16.682766,-0.014900,-0.028510,-1.544590,ndi
1786506035.201961,16.697836,-0.014890,-0.028480,-1.544590,ndi
1786506035.219605,16.715480,-0.014930,-0.028460,-1.544490,ndi
1786506035.237109,16.732984,-0.014960,-0.028430,-1.544480,ndi
1786506035.252039,16.747914,-0.014980,-0.028390,-1.544480,ndi
1786506035.269390,16.765265,-0.015040,-0.028370,-1.544400,ndi
1786506035.286886,16.782761,-0.015050,-0.028350,-1.544380,ndi
1786506035.301914,16.797789,-0.015080,-0.028320,-1.544320,ndi
1786506035.319444,16.815319,-0.015100,-0.028280,-1.544330,ndi
1786506035.336956,16.832831,-0.015130,-0.028280,-1.544290,ndi
1786506035.351941,16.847816,-0.015170,-0.028260,-1.544260,ndi
1786506035.369382,16.865257,-0.015150,-0.028240,-1.544280,ndi
1786506035.386888,16.882763,-0.015170,-0.028250,-1.544270,ndi
1786506035.401944,16.897819,-0.015180,-0.028240,-1.544270,ndi
1786506035.419436,16.915311,-0.015190,-0.028240,-1.544260,ndi
1786506035.436969,16.932844,-0.015180,-0.028220,-1.544240,ndi
1786506035.451937,16.947812,-0.015170,-0.028240,-1.544230,ndi
1786506035.469359,16.965234,-0.015200,-0.028230,-1.544200,ndi
1786506035.486894,16.982769,-0.015230,-0.028210,-1.544170,ndi
1786506035.501952,16.997827,-0.015220,-0.028180,-1.544170,ndi
1786506035.519574,17.015449,-0.015280,-0.028170,-1.544170,ndi
1786506035.537079,17.032954,-0.015280,-0.028140,-1.544110,ndi
1786506035.552072,17.047947,-0.015330,-0.028100,-1.544110,ndi
1786506035.569373,17.065248,-0.015390,-0.028080,-1.544060,ndi
1786506035.586894,17.082769,-0.015400,-0.028060,-1.544040,ndi
1786506035.602115,17.097990,-0.015450,-0.028050,-1.543990,ndi
1786506035.619568,17.115443,-0.015440,-0.028000,-1.543980,ndi
1786506035.637033,17.132907,-0.015490,-0.027990,-1.543970,ndi
1786506035.651993,17.147868,-0.015510,-0.027970,-1.543910,ndi
1786506035.669397,17.165272,-0.015510,-0.027950,-1.543930,ndi
1786506035.686895,17.182770,-0.015550,-0.027910,-1.543890,ndi
1786506035.701982,17.197857,-0.015560,-0.027900,-1.543890,ndi
1786506035.719590,17.215465,-0.015620,-0.027890,-1.543850,ndi
1786506035.737070,17.232945,-0.015650,-0.027850,-1.543840,ndi
1786506035.752045,17.247920,-0.015650,-0.027830,-1.543800,ndi
1786506035.769380,17.265255,-0.015690,-0.027810,-1.543800,ndi
1786506035.786909,17.282784,-0.015720,-0.027790,-1.543750,ndi
1786506035.802080,17.297955,-0.015740,-0.027760,-1.543730,ndi
1786506035.819582,17.315457,-0.015770,-0.027730,-1.543720,ndi
1786506035.837120,17.332995,-0.015800,-0.027720,-1.543680,ndi
1786506035.851995,17.347870,-0.015820,-0.027700,-1.543630,ndi
1786506035.869393,17.365268,-0.015860,-0.027670,-1.543630,ndi
1786506035.886883,17.382758,-0.015870,-0.027650,-1.543630,ndi
1786506035.901916,17.397791,-0.015910,-0.027620,-1.543570,ndi
1786506035.919575,17.415450,-0.015920,-0.027600,-1.543530,ndi
1786506035.937096,17.432971,-0.015970,-0.027580,-1.543530,ndi
1786506035.952074,17.447949,-0.015990,-0.027550,-1.543500,ndi
1786506035.969419,17.465294,-0.016030,-0.027530,-1.543490,ndi
1786506035.986899,17.482774,-0.016070,-0.027510,-1.543420,ndi
1786506036.001994,17.497869,-0.016070,-0.027490,-1.543440,ndi
1786506036.019659,17.515534,-0.016120,-0.027470,-1.543370,ndi
1786506036.037070,17.532945,-0.016150,-0.027450,-1.543340,ndi
1786506036.052036,17.547911,-0.016170,-0.027430,-1.543320,ndi
1786506036.069397,17.565272,-0.016210,-0.027400,-1.543320,ndi
1786506036.086983,17.582858,-0.016210,-0.027370,-1.543280,ndi
1786506036.102084,17.597959,-0.016260,-0.027360,-1.543280,ndi
1786506036.119568,17.615443,-0.016310,-0.027310,-1.543200,ndi
1786506036.137009,17.632884,-0.016390,-0.027250,-1.543160,ndi
1786506036.152089,17.647964,-0.016500,-0.027180,-1.543050,ndi
1786506036.169395,17.665270,-0.016540,-0.027150,-1.543060,ndi
1786506036.186936,17.682811,-0.016580,-0.027120,-1.543030,ndi
1786506036.201937,17.697812,-0.016620,-0.027100,-1.543020,ndi
1786506036.219445,17.715320,-0.016610,-0.027100,-1.542990,ndi
1786506036.236958,17.732833,-0.016660,-0.027080,-1.542920,ndi
1786506036.252006,17.747880,-0.016690,-0.027050,-1.542940,ndi
1786506036.269398,17.765273,-0.016700,-0.027030,-1.542930,ndi
1786506036.286963,17.782837,-0.016710,-0.027040,-1.542910,ndi
1786506036.302033,17.797908,-0.016720,-0.027040,-1.542890,ndi
1786506036.319604,17.815479,-0.016750,-0.027010,-1.542870,ndi
1786506036.337104,17.832979,-0.016760,-0.027010,-1.542880,ndi
1786506036.352158,17.848033,-0.016760,-0.027030,-1.542870,ndi
1786506036.369417,17.865292,-0.016780,-0.027000,-1.542860,ndi
1786506036.386882,17.882757,-0.016800,-0.026970,-1.542830,ndi
1786506036.401991,17.897866,-0.016840,-0.026970,-1.542800,ndi
1786506036.419493,17.915368,-0.016880,-0.026960,-1.542800,ndi
1786506036.437063,17.932937,-0.016900,-0.026910,-1.542780,ndi
1786506036.451988,17.947863,-0.016930,-0.026890,-1.542740,ndi
1786506036.469384,17.965259,-0.016960,-0.026880,-1.542730,ndi
1786506036.486901,17.982776,-0.017020,-0.026860,-1.542630,ndi
1786506036.501936,17.997811,-0.017030,-0.026820,-1.542630,ndi
1786506036.519526,18.015401,-0.017070,-0.026800,-1.542620,ndi
1786506036.537181,18.033056,-0.017110,-0.026810,-1.542570,ndi
1786506036.552036,18.047911,-0.017130,-0.026780,-1.542570,ndi
1786506036.569417,18.065292,-0.017190,-0.026730,-1.542520,ndi
1786506036.586946,18.082820,-0.017210,-0.026720,-1.542500,ndi
1786506036.601960,18.097835,-0.017230,-0.026730,-1.542500,ndi
1786506036.619502,18.115376,-0.017280,-0.026680,-1.542440,ndi
1786506036.637008,18.132883,-0.017300,-0.026640,-1.542470,ndi
1786506036.652059,18.147933,-0.017360,-0.026640,-1.542400,ndi
1786506036.669413,18.165288,-0.017380,-0.026640,-1.542360,ndi
1786506036.686903,18.182778,-0.017400,-0.026590,-1.542350,ndi
1786506036.702031,18.197906,-0.017450,-0.026560,-1.542320,ndi
1786506036.719614,18.215489,-0.017480,-0.026550,-1.542310,ndi
1786506036.737184,18.233059,-0.017530,-0.026540,-1.542280,ndi
1786506036.752067,18.247942,-0.017560,-0.026510,-1.542240,ndi
1786506036.769407,18.265282,-0.017570,-0.026480,-1.542250,ndi
1786506036.786887,18.282762,-0.017630,-0.026480,-1.542230,ndi
1786506036.802093,18.297967,-0.017630,-0.026470,-1.542230,ndi
1786506036.819540,18.315415,-0.017680,-0.026430,-1.542180,ndi
1786506036.837065,18.332940,-0.017720,-0.026410,-1.542160,ndi
1786506036.851904,18.347779,-0.017720,-0.026410,-1.542140,ndi
1786506036.869410,18.365285,-0.017780,-0.026390,-1.542100,ndi
1786506036.886914,18.382789,-0.017790,-0.026350,-1.542070,ndi
1786506036.902054,18.397928,-0.017830,-0.026340,-1.542080,ndi
1786506036.919550,18.415425,-0.017880,-0.026330,-1.542050,ndi
1786506036.936935,18.432810,-0.017880,-0.026290,-1.542040,ndi
1786506036.952015,18.447890,-0.017960,-0.026270,-1.542000,ndi
1786506036.969433,18.465308,-0.017970,-0.026260,-1.541960,ndi
1786506036.986918,18.482793,-0.018020,-0.026240,-1.541930,ndi
1786506037.002059,18.497934,-0.018090,-0.026200,-1.541890,ndi
1786506037.019606,18.515481,-0.018150,-0.026140,-1.541810,ndi
1786506037.037105,18.532980,-0.018250,-0.026100,-1.541760,ndi
1786506037.052023,18.547898,-0.018260,-0.026100,-1.541750,ndi
1786506037.069431,18.565306,-0.018290,-0.026070,-1.541750,ndi
1786506037.086965,18.582840,-0.018330,-0.026050,-1.541730,ndi
1786506037.102084,18.597959,-0.018360,-0.026040,-1.541710,ndi
1786506037.119619,18.615494,-0.018430,-0.026010,-1.541640,ndi
1786506037.137093,18.632967,-0.018450,-0.025990,-1.541640,ndi
1786506037.152073,18.647948,-0.018480,-0.025980,-1.541610,ndi
1786506037.169424,18.665299,-0.018540,-0.025960,-1.541590,ndi
1786506037.186930,18.682805,-0.018540,-0.025940,-1.541580,ndi
1786506037.201910,18.697785,-0.018590,-0.025910,-1.541540,ndi
1786506037.219408,18.715283,-0.018590,-0.025920,-1.541550,ndi
1786506037.237024,18.732898,-0.018600,-0.025920,-1.541540,ndi
1786506037.252017,18.747892,-0.018610,-0.025910,-1.541490,ndi
1786506037.269426,18.765301,-0.018610,-0.025890,-1.541530,ndi
1786506037.286923,18.782798,-0.018660,-0.025890,-1.541490,ndi
1786506037.301994,18.797869,-0.018680,-0.025890,-1.541480,ndi
1786506037.319515,18.815389,-0.018710,-0.025860,-1.541460,ndi
1786506037.336965,18.832839,-0.018760,-0.025830,-1.541410,ndi
1786506037.351993,18.847868,-0.018770,-0.025830,-1.541420,ndi
1786506037.369421,18.865296,-0.018830,-0.025810,-1.541330,ndi
1786506037.386968,18.882843,-0.018850,-0.025780,-1.541310,ndi
1786506037.401915,18.897790,-0.018870,-0.025760,-1.541320,ndi
1786506037.419455,18.915330,-0.018930,-0.025750,-1.541270,ndi
1786506037.436942,18.932817,-0.018950,-0.025730,-1.541270,ndi
1786506037.452150,18.948025,-0.018970,-0.025700,-1.541230,ndi
1786506037.469404,18.965279,-0.019010,-0.025680,-1.541240,ndi
1786506037.486899,18.982774,-0.018990,-0.025680,-1.541220,ndi
1786506037.501945,18.997820,-0.019110,-0.025660,-1.541160,ndi
1786506037.519394,19.015269,-0.019110,-0.025610,-1.541170,ndi
1786506037.536942,19.032817,-0.019120,-0.025600,-1.541140,ndi
1786506037.551947,19.047822,-0.019260,-0.025600,-1.541090,ndi
1786506037.569390,19.065265,-0.019230,-0.025560,-1.541080,ndi
1786506037.586925,19.082800,-0.019320,-0.025520,-1.541010,ndi
1786506037.601984,19.097859,-0.019320,-0.025530,-1.541020,ndi
1786506037.619436,19.115311,-0.019360,-0.025520,-1.541000,ndi
1786506037.637009,19.132884,-0.019420,-0.025480,-1.540950,ndi
1786506037.651945,19.147820,-0.019400,-0.025450,-1.540950,ndi
1786506037.669377,19.165252,-0.019480,-0.025450,-1.540940,ndi
1786506037.686916,19.182791,-0.019520,-0.025430,-1.540890,ndi
1786506037.701960,19.197835,-0.019530,-0.025390,-1.540880,ndi
1786506037.719448,19.215323,-0.019590,-0.025360,-1.540840,ndi
1786506037.737039,19.232914,-0.019590,-0.025370,-1.540830,ndi
1786506037.752037,19.247912,-0.019680,-0.025340,-1.540780,ndi
1786506037.769438,19.265313,-0.019690,-0.025290,-1.540790,ndi
1786506037.786916,19.282790,-0.019690,-0.025290,-1.540750,ndi
1786506037.801947,19.297822,-0.019780,-0.025300,-1.540740,ndi
1786506037.819595,19.315470,-0.019760,-0.025250,-1.540690,ndi
1786506037.837056,19.332931,-0.019830,-0.025200,-1.540680,ndi
1786506037.852075,19.347950,-0.019830,-0.025230,-1.540690,ndi
1786506037.869438,19.365313,-0.019850,-0.025230,-1.540650,ndi
1786506037.886923,19.382798,-0.019930,-0.025160,-1.540600,ndi
1786506037.901948,19.397823,-0.019920,-0.025130,-1.540590,ndi
1786506037.919456,19.415330,-0.019980,-0.025170,-1.540560,ndi
1786506037.936992,19.432867,-0.020010,-0.025150,-1.540540,ndi
1786506037.952015,19.447890,-0.020040,-0.025080,-1.540540,ndi
1786506037.969427,19.465302,-0.020080,-0.025080,-1.540500,ndi
1786506037.986944,19.482819,-0.020090,-0.025110,-1.540460,ndi
1786506038.002056,19.497931,-0.020160,-0.025070,-1.540460,ndi
1786506038.019554,19.515429,-0.020180,-0.025000,-1.540430,ndi
1786506038.037113,19.532988,-0.020210,-0.025010,-1.540430,ndi
1786506038.052061,19.547935,-0.020240,-0.025040,-1.540400,ndi
1786506038.069421,19.565296,-0.020250,-0.024970,-1.540410,ndi
1786506038.086946,19.582821,-0.020330,-0.024920,-1.540360,ndi
1786506038.102081,19.597956,-0.020330,-0.024940,-1.540310,ndi
1786506038.119553,19.615428,-0.020370,-0.024950,-1.540300,ndi
1786506038.137100,19.632975,-0.020420,-0.024890,-1.540270,ndi
1786506038.152062,19.647937,-0.020420,-0.024850,-1.540290,ndi
1786506038.169458,19.665333,-0.020470,-0.024880,-1.540230,ndi
1786506038.186931,19.682806,-0.020500,-0.024870,-1.540230,ndi
1786506038.201990,19.697865,-0.020510,-0.024810,-1.540210,ndi
1786506038.219463,19.715338,-0.020570,-0.024780,-1.540160,ndi
1786506038.237060,19.732934,-0.020570,-0.024810,-1.540120,ndi
1786506038.252048,19.747922,-0.020620,-0.024790,-1.540150,ndi
1786506038.269418,19.765293,-0.020660,-0.024710,-1.540100,ndi
1786506038.286926,19.782801,-0.020680,-0.024710,-1.540090,ndi
1786506038.302036,19.797911,-0.020730,-0.024730,-1.540040,ndi
1786506038.319549,19.815424,-0.020750,-0.024690,-1.540000,ndi
1786506038.337079,19.832954,-0.020800,-0.024640,-1.539980,ndi
1786506038.352073,19.847948,-0.020820,-0.024640,-1.539970,ndi
1786506038.369477,19.865351,-0.020840,-0.024650,-1.539950,ndi
1786506038.386922,19.882797,-0.020890,-0.024600,-1.539900,ndi
1786506038.402175,19.898050,-0.020900,-0.024560,-1.539930,ndi
1786506038.419641,19.915516,-0.020940,-0.024560,-1.539890,ndi
1786506038.437103,19.932977,-0.020970,-0.024560,-1.539820,ndi
1786506038.452015,19.947890,-0.021000,-0.024520,-1.539860,ndi
1786506038.469449,19.965323,-0.021040,-0.024470,-1.539810,ndi
1786506038.486976,19.982851,-0.021050,-0.024490,-1.539790,ndi
1786506038.502083,19.997957,-0.021110,-0.024470,-1.539790,ndi
1786506038.519653,20.015528,-0.021140,-0.024420,-1.539730,ndi
1786506038.537111,20.032986,-0.021160,-0.024400,-1.539710,ndi
1786506038.552082,20.047957,-0.021210,-0.024400,-1.539670,ndi
1786506038.569677,20.065552,-0.021220,-0.024370,-1.539670,ndi
1786506038.586964,20.082839,-0.021270,-0.024330,-1.539650,ndi
1786506038.601979,20.097854,-0.021310,-0.024320,-1.539600,ndi
1786506038.619443,20.115318,-0.021320,-0.024310,-1.539580,ndi
1786506038.637051,20.132926,-0.021370,-0.024270,-1.539570,ndi
1786506038.652000,20.147875,-0.021390,-0.024240,-1.539570,ndi
1786506038.669449,20.165323,-0.021430,-0.024240,-1.539540,ndi
1786506038.686947,20.182822,-0.021460,-0.024220,-1.539500,ndi
1786506038.702055,20.197930,-0.021480,-0.024180,-1.539500,ndi
1786506038.719532,20.215406,-0.021540,-0.024150,-1.539460,ndi
1786506038.736984,20.232859,-0.021550,-0.024160,-1.539440,ndi
1786506038.752012,20.247887,-0.021570,-0.024130,-1.539430,ndi
1786506038.769432,20.265307,-0.021620,-0.024090,-1.539370,ndi
1786506038.786949,20.282824,-0.021620,-0.024080,-1.539370,ndi
1786506038.801965,20.297839,-0.021660,-0.024070,-1.539350,ndi
1786506038.819484,20.315359,-0.021690,-0.024030,-1.539330,ndi
1786506038.836987,20.332861,-0.021720,-0.023990,-1.539280,ndi
1786506038.851943,20.347817,-0.021730,-0.023990,-1.539240,ndi
1786506038.869465,20.365340,-0.021760,-0.023990,-1.539240,ndi
1786506038.886954,20.382829,-0.021800,-0.023940,-1.539210,ndi
1786506038.901951,20.397826,-0.021820,-0.023920,-1.539190,ndi
1786506038.919595,20.415469,-0.021850,-0.023910,-1.539150,ndi
1786506038.937177,20.433052,-0.021880,-0.023890,-1.539120,ndi
1786506038.952048,20.447923,-0.021900,-0.023860,-1.539130,ndi
1786506038.969415,20.465290,-0.021930,-0.023830,-1.539100,ndi
1786506038.986958,20.482833,-0.021960,-0.023830,-1.539040,ndi
1786506039.002074,20.497949,-0.021970,-0.023820,-1.539050,ndi
1786506039.019632,20.515507,-0.022010,-0.023770,-1.539030,ndi
1786506039.037072,20.532947,-0.022020,-0.023750,-1.539000,ndi
1786506039.052117,20.547992,-0.022070,-0.023760,-1.538980,ndi
1786506039.069456,20.565331,-0.022100,-0.023730,-1.538910,ndi
1786506039.086977,20.582852,-0.022120,-0.023690,-1.538910,ndi
1786506039.102178,20.598053,-0.022160,-0.023670,-1.538890,ndi
1786506039.119610,20.615485,-0.022180,-0.023660,-1.538850,ndi
1786506039.137193,20.633068,-0.022220,-0.023640,-1.538850,ndi
1786506039.152101,20.647975,-0.022230,-0.023610,-1.538850,ndi
1786506039.169428,20.665303,-0.022260,-0.023600,-1.538850,ndi
1786506039.186956,20.682831,-0.022300,-0.023590,-1.538770,ndi
1786506039.202113,20.697988,-0.022310,-0.023570,-1.538760,ndi
1786506039.219600,20.715475,-0.022340,-0.023530,-1.538760,ndi
1786506039.237130,20.733005,-0.022370,-0.023510,-1.538710,ndi
1786506039.252027,20.747902,-0.022380,-0.023510,-1.538720,ndi
1786506039.269447,20.765321,-0.022440,-0.023470,-1.538660,ndi
1786506039.284507,20.780382,-0.022450,-0.023440,-1.538640,ndi
1786506039.302083,20.797957,-0.022470,-0.023430,-1.538630,ndi
1786506039.319574,20.815449,-0.022510,-0.023410,-1.538600,ndi
1786506039.337139,20.833014,-0.022530,-0.023380,-1.538570,ndi
1786506039.352052,20.847927,-0.022560,-0.023360,-1.538530,ndi
1786506039.369454,20.865329,-0.022580,-0.023350,-1.538490,ndi
1786506039.386948,20.882823,-0.022610,-0.023320,-1.538500,ndi
1786506039.401979,20.897854,-0.022640,-0.023290,-1.538460,ndi
1786506039.419475,20.915350,-0.022650,-0.023270,-1.538440,ndi
1786506039.437031,20.932905,-0.022700,-0.023250,-1.538400,ndi
1786506039.452102,20.947977,-0.022710,-0.023230,-1.538390,ndi
1786506039.469464,20.965339,-0.022740,-0.023200,-1.538390,ndi
1786506039.487027,20.982902,-0.022790,-0.023180,-1.538340,ndi
1786506039.501998,20.997873,-0.022790,-0.023170,-1.538330,ndi
1786506039.519465,21.015340,-0.022850,-0.023140,-1.538280,ndi
1786506039.536969,21.032844,-0.022860,-0.023120,-1.538270,ndi
1786506039.552040,21.047915,-0.022870,-0.023110,-1.538260,ndi
1786506039.569437,21.065312,-0.022920,-0.023070,-1.538210,ndi
1786506039.584555,21.080430,-0.022920,-0.023050,-1.538200,ndi
1786506039.602007,21.097882,-0.022970,-0.023030,-1.538160,ndi
1786506039.619493,21.115367,-0.022990,-0.023010,-1.538170,ndi
1786506039.637008,21.132883,-0.023010,-0.022990,-1.538150,ndi
1786506039.652087,21.147962,-0.023020,-0.022990,-1.538100,ndi
1786506039.669458,21.165333,-0.023010,-0.022990,-1.538150,ndi
1786506039.684578,21.180453,-0.023040,-0.022990,-1.538120,ndi
1786506039.702176,21.198051,-0.023040,-0.022990,-1.538130,ndi
1786506039.719590,21.215465,-0.023030,-0.022990,-1.538140,ndi
1786506039.737025,21.232900,-0.023040,-0.022990,-1.538120,ndi
1786506039.751961,21.247836,-0.023040,-0.022990,-1.538140,ndi
1786506039.769463,21.265338,-0.023050,-0.022980,-1.538130,ndi
1786506039.786965,21.282840,-0.023030,-0.022990,-1.538120,ndi
1786506039.802154,21.298029,-0.023040,-0.023000,-1.538130,ndi
1786506039.819680,21.315555,-0.023060,-0.022990,-1.538110,ndi
1786506039.837183,21.333058,-0.023040,-0.022980,-1.538140,ndi
1786506039.852089,21.347964,-0.023040,-0.022990,-1.538130,ndi
1786506039.869482,21.365357,-0.023060,-0.023000,-1.538100,ndi
1786506039.887000,21.382874,-0.023040,-0.022990,-1.538140,ndi
1786506039.902037,21.397912,-0.023060,-0.022990,-1.538100,ndi
1786506039.919634,21.415509,-0.023050,-0.023000,-1.538120,ndi
1786506039.937176,21.433050,-0.023050,-0.023000,-1.538120,ndi
1786506039.952063,21.447938,-0.023060,-0.022990,-1.538090,ndi
1786506039.969475,21.465350,-0.023040,-0.022990,-1.538130,ndi
1786506039.986991,21.482866,-0.023060,-0.023000,-1.538110,ndi
1786506040.002109,21.497983,-0.023040,-0.023000,-1.538130,ndi
1786506040.019543,21.515418,-0.023030,-0.022990,-1.538120,ndi
1786506040.037075,21.532950,-0.023050,-0.023000,-1.538110,ndi
1786506040.052038,21.547913,-0.023050,-0.023000,-1.538100,ndi
1786506040.069481,21.565356,-0.023060,-0.022990,-1.538100,ndi
1786506040.087010,21.582885,-0.023050,-0.022980,-1.538110,ndi
1786506040.102098,21.597972,-0.023050,-0.023000,-1.538150,ndi
1786506040.119614,21.615489,-0.023060,-0.023010,-1.538120,ndi
1786506040.137101,21.632976,-0.023040,-0.022990,-1.538150,ndi
1786506040.152065,21.647939,-0.023070,-0.022980,-1.538110,ndi
1786506040.169492,21.665367,-0.023050,-0.023000,-1.538150,ndi
1786506040.184518,21.680393,-0.023040,-0.023010,-1.538140,ndi
1786506040.202122,21.697997,-0.023060,-0.022990,-1.538110,ndi
1786506040.219580,21.715455,-0.023050,-0.022990,-1.538110,ndi
1786506040.237001,21.732876,-0.023070,-0.023010,-1.538120,ndi
1786506040.252088,21.747963,-0.023060,-0.023000,-1.538140,ndi
1786506040.269475,21.765349,-0.023050,-0.022990,-1.538140,ndi
1786506040.287010,21.782885,-0.023080,-0.022990,-1.538110,ndi
1786506040.302156,21.798031,-0.023050,-0.023010,-1.538140,ndi
1786506040.319634,21.815509,-0.023070,-0.023000,-1.538110,ndi
1786506040.337118,21.832993,-0.023060,-0.022990,-1.538130,ndi
1786506040.352063,21.847938,-0.023060,-0.023000,-1.538120,ndi
1786506040.369441,21.865316,-0.023070,-0.023000,-1.538130,ndi
1786506040.386958,21.882833,-0.023050,-0.023000,-1.538130,ndi
1786506040.402056,21.897931,-0.023070,-0.023000,-1.538130,ndi
1786506040.419645,21.915519,-0.023070,-0.023000,-1.538130,ndi
1786506040.437169,21.933044,-0.023050,-0.022990,-1.538130,ndi
1786506040.452090,21.947965,-0.023080,-0.022980,-1.538130,ndi
1786506040.469485,21.965360,-0.023060,-0.023010,-1.538150,ndi
1786506040.487012,21.982887,-0.023080,-0.023010,-1.538150,ndi
1786506040.502071,21.997946,-0.023060,-0.022990,-1.538130,ndi
1786506040.519766,22.015641,-0.023070,-0.022990,-1.538140,ndi
1786506040.537122,22.032997,-0.023080,-0.023010,-1.538120,ndi
1786506040.552141,22.048016,-0.023060,-0.023010,-1.538180,ndi
1786506040.569481,22.065356,-0.023080,-0.022990,-1.538140,ndi
1786506040.586962,22.082837,-0.023060,-0.023000,-1.538150,ndi
1786506040.602122,22.097997,-0.023050,-0.023010,-1.538150,ndi
1786506040.619571,22.115446,-0.023080,-0.023000,-1.538130,ndi
1786506040.637123,22.132998,-0.023060,-0.022990,-1.538160,ndi
1786506040.652116,22.147991,-0.023080,-0.023000,-1.538140,ndi
1786506040.669484,22.165359,-0.023080,-0.023010,-1.538110,ndi
1786506040.687076,22.182950,-0.023070,-0.022990,-1.538140,ndi
1786506040.702171,22.198045,-0.023090,-0.022990,-1.538140,ndi
1786506040.719635,22.215510,-0.023060,-0.023010,-1.538130,ndi
1786506040.737015,22.232890,-0.023060,-0.023010,-1.538150,ndi
1786506040.752091,22.247966,-0.023090,-0.022990,-1.538110,ndi
1786506040.769511,22.265386,-0.023060,-0.022990,-1.538130,ndi
1786506040.787012,22.282887,-0.023070,-0.023010,-1.538120,ndi
1786506040.801978,22.297853,-0.023060,-0.023010,-1.538110,ndi
1786506040.819541,22.315416,-0.023070,-0.022980,-1.538140,ndi
1786506040.834576,22.330451,-0.023080,-0.022980,-1.538110,ndi
1786506040.851972,22.347847,-0.023080,-0.023010,-1.538140,ndi
1786506040.869474,22.365349,-0.023080,-0.023010,-1.538120,ndi
1786506040.887069,22.382944,-0.023070,-0.022990,-1.538110,ndi
1786506040.902130,22.398005,-0.023080,-0.023000,-1.538150,ndi
1786506040.919608,22.415483,-0.023080,-0.023010,-1.538120,ndi
1786506040.937129,22.433004,-0.023070,-0.023000,-1.538160,ndi
1786506040.952091,22.447966,-0.023080,-0.022990,-1.538130,ndi
1786506040.969488,22.465363,-0.023060,-0.023010,-1.538140,ndi
1786506040.986965,22.482840,-0.023080,-0.023020,-1.538120,ndi
1786506041.002008,22.497883,-0.023100,-0.022990,-1.538130,ndi
1786506041.019674,22.515549,-0.023070,-0.022980,-1.538140,ndi
1786506041.037121,22.532995,-0.023090,-0.023010,-1.538120,ndi
1786506041.052158,22.548033,-0.023090,-0.023020,-1.538120,ndi
1786506041.069493,22.565368,-0.023070,-0.023000,-1.538140,ndi
1786506041.087013,22.582887,-0.023090,-0.022990,-1.538100,ndi
1786506041.102149,22.598024,-0.023070,-0.023010,-1.538150,ndi
1786506041.119617,22.615491,-0.023070,-0.023020,-1.538110,ndi
1786506041.137145,22.633019,-0.023090,-0.023000,-1.538120,ndi
1786506041.152135,22.648010,-0.023070,-0.023000,-1.538120,ndi
1786506041.169507,22.665382,-0.023080,-0.023010,-1.538110,ndi
1786506041.186981,22.682856,-0.023070,-0.023010,-1.538120,ndi
1786506041.202152,22.698027,-0.023080,-0.023000,-1.538120,ndi
1786506041.219622,22.715497,-0.023080,-0.022990,-1.538130,ndi
1786506041.237146,22.733021,-0.023090,-0.023010,-1.538140,ndi
1786506041.252117,22.747992,-0.023100,-0.023010,-1.538100,ndi
1786506041.269473,22.765348,-0.023070,-0.023000,-1.538150,ndi
1786506041.286977,22.782852,-0.023090,-0.023000,-1.538110,ndi
1786506041.302188,22.798063,-0.023090,-0.023020,-1.538140,ndi
1786506041.319682,22.815557,-0.023070,-0.023010,-1.538130,ndi
1786506041.337124,22.832999,-0.023100,-0.023000,-1.538120,ndi
1786506041.352138,22.848013,-0.023070,-0.023000,-1.538130,ndi
1786506041.369477,22.865352,-0.023080,-0.023010,-1.538140,ndi
1786506041.386957,22.882832,-0.023090,-0.023010,-1.538130,ndi
1786506041.402184,22.898059,-0.023070,-0.023000,-1.538130,ndi
1786506041.419608,22.915483,-0.023100,-0.023000,-1.538130,ndi
1786506041.437102,22.932976,-0.023090,-0.023020,-1.538130,ndi
1786506041.452136,22.948011,-0.023090,-0.023020,-1.538120,ndi
1786506041.469478,22.965353,-0.023100,-0.023000,-1.538120,ndi
1786506041.486980,22.982855,-0.023080,-0.023010,-1.538150,ndi
1786506041.502050,22.997925,-0.023090,-0.023020,-1.538120,ndi
1786506041.519632,23.015507,-0.023090,-0.023020,-1.538140,ndi
1786506041.537172,23.033047,-0.023090,-0.023000,-1.538130,ndi
1786506041.552132,23.048007,-0.023090,-0.023010,-1.538120,ndi
1786506041.569563,23.065438,-0.023080,-0.023020,-1.538160,ndi
1786506041.587006,23.082880,-0.023100,-0.023010,-1.538110,ndi
1786506041.602194,23.098069,-0.023090,-0.023000,-1.538130,ndi
1786506041.619613,23.115488,-0.023100,-0.023000,-1.538100,ndi
1786506041.637112,23.132987,-0.023100,-0.023020,-1.538110,ndi
1786506041.652141,23.148016,-0.023090,-0.023020,-1.538130,ndi
1786506041.669490,23.165365,-0.023110,-0.023000,-1.538110,ndi
1786506041.687006,23.182881,-0.023090,-0.023000,-1.538120,ndi
1786506041.702056,23.197931,-0.023080,-0.023020,-1.538140,ndi
1786506041.719647,23.215522,-0.023100,-0.023020,-1.538120,ndi
1786506041.737085,23.232960,-0.023070,-0.023000,-1.538120,ndi
1786506041.752138,23.248013,-0.023090,-0.023010,-1.538130,ndi
1786506041.769475,23.265350,-0.023080,-0.023030,-1.538120,ndi
1786506041.786988,23.282863,-0.023090,-0.023010,-1.538130,ndi
1786506041.802143,23.298018,-0.023100,-0.023000,-1.538120,ndi
1786506041.819629,23.315504,-0.023080,-0.023010,-1.538120,ndi
1786506041.837070,23.332944,-0.023100,-0.023030,-1.538100,ndi
1786506041.852011,23.347886,-0.023100,-0.023010,-1.538130,ndi
1786506041.869500,23.365375,-0.023090,-0.023000,-1.538140,ndi
1786506041.887028,23.382903,-0.023100,-0.023020,-1.538120,ndi
1786506041.902196,23.398071,-0.023090,-0.023030,-1.538140,ndi
1786506041.919649,23.415524,-0.023100,-0.023000,-1.538090,ndi
1786506041.937159,23.433034,-0.023090,-0.023000,-1.538130,ndi
1786506041.952095,23.447970,-0.023090,-0.023020,-1.538170,ndi
1786506041.969487,23.465362,-0.023100,-0.023020,-1.538130,ndi
1786506041.986998,23.482873,-0.023090,-0.023000,-1.538150,ndi
1786506042.002111,23.497986,-0.023090,-0.023000,-1.538150,ndi
1786506042.019645,23.515520,-0.023100,-0.023030,-1.538120,ndi
1786506042.037125,23.533000,-0.023090,-0.023020,-1.538180,ndi
1786506042.052025,23.547900,-0.023110,-0.022990,-1.538150,ndi
1786506042.069547,23.565422,-0.023090,-0.023000,-1.538140,ndi
1786506042.087059,23.582933,-0.023100,-0.023030,-1.538140,ndi
1786506042.102084,23.597959,-0.023100,-0.023020,-1.538150,ndi
1786506042.119585,23.615460,-0.023080,-0.022990,-1.538140,ndi
1786506042.137083,23.632957,-0.023100,-0.023010,-1.538140,ndi
1786506042.152078,23.647953,-0.023090,-0.023030,-1.538150,ndi
1786506042.169536,23.665411,-0.023100,-0.023010,-1.538140,ndi
1786506042.187042,23.682917,-0.023110,-0.023000,-1.538140,ndi
1786506042.202051,23.697926,-0.023090,-0.023020,-1.538150,ndi
1786506042.219716,23.715591,-0.023110,-0.023040,-1.538130,ndi
1786506042.237209,23.733084,-0.023100,-0.023010,-1.538150,ndi
1786506042.252137,23.748012,-0.023100,-0.023000,-1.538160,ndi
1786506042.269505,23.765380,-0.023100,-0.023030,-1.538120,ndi
1786506042.287048,23.782923,-0.023100,-0.023030,-1.538130,ndi
1786506042.302101,23.797976,-0.023110,-0.023010,-1.538110,ndi
1786506042.319694,23.815569,-0.023090,-0.023010,-1.538130,ndi
1786506042.337218,23.833093,-0.023110,-0.023030,-1.538120,ndi
1786506042.352031,23.847906,-0.023100,-0.023030,-1.538120,ndi
1786506042.369546,23.865421,-0.023100,-0.023010,-1.538130,ndi
1786506042.384622,23.880497,-0.023110,-0.023020,-1.538130,ndi
1786506042.402215,23.898090,-0.023100,-0.023030,-1.538130,ndi
1786506042.419697,23.915571,-0.023110,-0.023020,-1.538130,ndi
1786506042.437213,23.933088,-0.023130,-0.023010,-1.538120,ndi
1786506042.452094,23.947968,-0.023090,-0.023020,-1.538130,ndi
1786506042.469520,23.965395,-0.023110,-0.023020,-1.538110,ndi
1786506042.484586,23.980461,-0.023110,-0.023020,-1.538140,ndi
1786506042.502100,23.997975,-0.023110,-0.023020,-1.538150,ndi
1786506042.519585,24.015460,-0.023120,-0.023030,-1.538140,ndi
1786506042.537171,24.033046,-0.023090,-0.023020,-1.538140,ndi
1786506042.552122,24.047997,-0.023110,-0.023010,-1.538140,ndi
1786506042.569510,24.065385,-0.023120,-0.023020,-1.538140,ndi
1786506042.584587,24.080462,-0.023100,-0.023030,-1.538160,ndi
1786506042.602213,24.098088,-0.023130,-0.023010,-1.538150,ndi
1786506042.619714,24.115589,-0.023110,-0.023020,-1.538140,ndi
1786506042.637250,24.133125,-0.023120,-0.023030,-1.538150,ndi
1786506042.652151,24.148026,-0.023120,-0.023020,-1.538140,ndi
1786506042.669525,24.165400,-0.023110,-0.023010,-1.538140,ndi
1786506042.684572,24.180447,-0.023130,-0.023020,-1.538140,ndi
1786506042.702135,24.198010,-0.023100,-0.023040,-1.538140,ndi
1786506042.719571,24.215446,-0.023120,-0.023020,-1.538140,ndi
1786506042.737041,24.232916,-0.023110,-0.023010,-1.538140,ndi
1786506042.752151,24.248026,-0.023090,-0.023030,-1.538130,ndi
1786506042.769516,24.265390,-0.023120,-0.023030,-1.538150,ndi
1786506042.784587,24.280462,-0.023100,-0.023020,-1.538130,ndi
1786506042.802035,24.297910,-0.023120,-0.023010,-1.538140,ndi
1786506042.819541,24.315416,-0.023130,-0.023040,-1.538140,ndi
1786506042.837126,24.333001,-0.023100,-0.023040,-1.538150,ndi
1786506042.852186,24.348061,-0.023120,-0.023010,-1.538140,ndi
1786506042.869529,24.365404,-0.023110,-0.023020,-1.538160,ndi
1786506042.884575,24.380450,-0.023120,-0.023050,-1.538140,ndi
1786506042.902221,24.398096,-0.023120,-0.023030,-1.538140,ndi
1786506042.919756,24.415631,-0.023100,-0.023000,-1.538160,ndi
1786506042.937260,24.433135,-0.023130,-0.023020,-1.538130,ndi
1786506042.952162,24.448037,-0.023100,-0.023060,-1.538140,ndi
1786506042.969535,24.465410,-0.023110,-0.023020,-1.538150,ndi
1786506042.987005,24.482880,-0.023130,-0.022990,-1.538140,ndi
1786506043.002054,24.497929,-0.023110,-0.023030,-1.538150,ndi
1786506043.019652,24.515527,-0.023130,-0.023060,-1.538140,ndi
1786506043.037084,24.532959,-0.023120,-0.023010,-1.538130,ndi
1786506043.052037,24.547912,-0.023120,-0.022990,-1.538160,ndi
1786506043.069512,24.565387,-0.023130,-0.023030,-1.538190,ndi
1786506043.084689,24.580564,-0.023120,-0.023050,-1.538140,ndi
1786506043.102159,24.598034,-0.023130,-0.022990,-1.538130,ndi
1786506043.119698,24.615572,-0.023120,-0.022990,-1.538160,ndi
1786506043.137144,24.633019,-0.023130,-0.023030,-1.538160,ndi
1786506043.152160,24.648035,-0.023140,-0.023010,-1.538200,ndi
1786506043.169545,24.665420,-0.023140,-0.022960,-1.538190,ndi
1786506043.187001,24.682876,-0.023180,-0.022960,-1.538190,ndi
1786506043.202102,24.697977,-0.023150,-0.023000,-1.538210,ndi
1786506043.219637,24.715512,-0.023170,-0.022980,-1.538240,ndi
1786506043.237169,24.733044,-0.023180,-0.022920,-1.538210,ndi
1786506043.252156,24.748031,-0.023150,-0.022930,-1.538260,ndi
1786506043.269518,24.765393,-0.023190,-0.022960,-1.538250,ndi
1786506043.284614,24.780489,-0.023170,-0.022930,-1.538270,ndi
1786506043.302098,24.797973,-0.023170,-0.022880,-1.538300,ndi
1786506043.319732,24.815607,-0.023190,-0.022900,-1.538270,ndi
1786506043.337250,24.833125,-0.023160,-0.022910,-1.538310,ndi
1786506043.352191,24.848066,-0.023190,-0.022870,-1.538310,ndi
1786506043.369503,24.865378,-0.023180,-0.022850,-1.538310,ndi
1786506043.387045,24.882920,-0.023190,-0.022880,-1.538330,ndi
1786506043.402176,24.898051,-0.023210,-0.022870,-1.538370,ndi
1786506043.419678,24.915553,-0.023180,-0.022820,-1.538380,ndi
1786506043.437148,24.933023,-0.023220,-0.022810,-1.538410,ndi
1786506043.452168,24.948043,-0.023210,-0.022830,-1.538420,ndi
1786506043.469532,24.965407,-0.023220,-0.022790,-1.538470,ndi
1786506043.484587,24.980462,-0.023230,-0.022730,-1.538490,ndi
1786506043.502070,24.997945,-0.023220,-0.022720,-1.538530,ndi
1786506043.519668,25.015543,-0.023250,-0.022720,-1.538600,ndi
1786506043.537048,25.032923,-0.023260,-0.022660,-1.538630,ndi
1786506043.552112,25.047987,-0.023280,-0.022610,-1.538670,ndi
1786506043.569529,25.065403,-0.023300,-0.022580,-1.538710,ndi
1786506043.587081,25.082956,-0.023280,-0.022550,-1.538770,ndi
1786506043.602077,25.097952,-0.023340,-0.022500,-1.538790,ndi
1786506043.619704,25.115579,-0.023330,-0.022440,-1.538830,ndi
1786506043.637216,25.133091,-0.023320,-0.022420,-1.538920,ndi
1786506043.652140,25.148015,-0.023370,-0.022380,-1.538910,ndi
1786506043.669521,25.165396,-0.023370,-0.022290,-1.539020,ndi
1786506043.687050,25.182925,-0.023380,-0.022250,-1.539060,ndi
1786506043.702095,25.197970,-0.023420,-0.022210,-1.539120,ndi
1786506043.719617,25.215492,-0.023440,-0.022100,-1.539300,ndi
1786506043.737097,25.232972,-0.023500,-0.022010,-1.539380,ndi
1786506043.752174,25.248049,-0.023460,-0.021970,-1.539410,ndi
1786506043.769537,25.265412,-0.023480,-0.021970,-1.539520,ndi
1786506043.784654,25.280529,-0.023500,-0.021910,-1.539550,ndi
1786506043.802068,25.297943,-0.023490,-0.021830,-1.539660,ndi
1786506043.819571,25.315446,-0.023560,-0.021790,-1.539740,ndi
1786506043.837094,25.332969,-0.023530,-0.021760,-1.539790,ndi
1786506043.852152,25.348027,-0.023560,-0.021670,-1.539860,ndi
1786506043.869524,25.365399,-0.023580,-0.021620,-1.539900,ndi
1786506043.887056,25.382931,-0.023560,-0.021570,-1.539980,ndi
1786506043.902092,25.397967,-0.023620,-0.021540,-1.540020,ndi
1786506043.919588,25.415463,-0.023590,-0.021490,-1.540050,ndi
1786506043.934631,25.430506,-0.023610,-0.021470,-1.540070,ndi
1786506043.952202,25.448077,-0.023630,-0.021460,-1.540110,ndi
1786506043.969552,25.465426,-0.023630,-0.021400,-1.540180,ndi
1786506043.987045,25.482920,-0.023650,-0.021320,-1.540260,ndi
1786506044.002232,25.498107,-0.023650,-0.021280,-1.540330,ndi
1786506044.019707,25.515582,-0.023650,-0.021260,-1.540420,ndi
1786506044.037033,25.532908,-0.023670,-0.021200,-1.540460,ndi
1786506044.052066,25.547940,-0.023670,-0.021150,-1.540520,ndi
1786506044.069525,25.565400,-0.023690,-0.021100,-1.540610,ndi
1786506044.087081,25.582956,-0.023680,-0.021040,-1.540700,ndi
1786506044.102159,25.598034,-0.023690,-0.020980,-1.540800,ndi
1786506044.119686,25.615561,-0.023720,-0.020890,-1.540850,ndi
1786506044.137173,25.633048,-0.023710,-0.020850,-1.540990,ndi
1786506044.152181,25.648056,-0.023730,-0.020790,-1.541010,ndi
1786506044.169562,25.665437,-0.023720,-0.020730,-1.541060,ndi
1786506044.187026,25.682901,-0.023730,-0.020650,-1.541220,ndi
1786506044.202100,25.697975,-0.023750,-0.020620,-1.541240,ndi
1786506044.219617,25.715492,-0.023740,-0.020560,-1.541380,ndi
1786506044.237111,25.732986,-0.023750,-0.020470,-1.541410,ndi
1786506044.252177,25.748052,-0.023770,-0.020410,-1.541530,ndi
1786506044.269531,25.765406,-0.023750,-0.020380,-1.541590,ndi
1786506044.287057,25.782932,-0.023760,-0.020270,-1.541730,ndi
1786506044.302069,25.797944,-0.023760,-0.020200,-1.541830,ndi
1786506044.319704,25.815579,-0.023760,-0.020170,-1.541880,ndi
1786506044.337197,25.833072,-0.023770,-0.020160,-1.541910,ndi
1786506044.352199,25.848074,-0.023760,-0.020060,-1.542110,ndi
1786506044.369570,25.865445,-0.023770,-0.020020,-1.542120,ndi
1786506044.387046,25.882921,-0.023770,-0.019980,-1.542230,ndi
1786506044.402105,25.897980,-0.023760,-0.019920,-1.542290,ndi
1786506044.419533,25.915408,-0.023770,-0.019840,-1.542360,ndi
1786506044.434613,25.930488,-0.023760,-0.019780,-1.542450,ndi
1786506044.452170,25.948045,-0.023770,-0.019730,-1.542510,ndi
1786506044.469555,25.965430,-0.023740,-0.019690,-1.542550,ndi
1786506044.487064,25.982939,-0.023750,-0.019640,-1.542580,ndi
1786506044.502083,25.997958,-0.023750,-0.019630,-1.542590,ndi
1786506044.519655,26.015530,-0.023730,-0.019570,-1.542730,ndi
1786506044.537178,26.033053,-0.023740,-0.019540,-1.542740,ndi
1786506044.552199,26.048074,-0.023730,-0.019460,-1.542850,ndi
1786506044.569594,26.065469,-0.023720,-0.019430,-1.542870,ndi
1786506044.587049,26.082924,-0.023730,-0.019390,-1.542930,ndi
1786506044.602273,26.098147,-0.023710,-0.019340,-1.542980,ndi
1786506044.620037,26.115912,-0.023700,-0.019280,-1.543090,ndi
1786506044.637097,26.132972,-0.023700,-0.019260,-1.543160,ndi
1786506044.652172,26.148047,-0.023680,-0.019220,-1.543190,ndi
1786506044.669600,26.165475,-0.023690,-0.019150,-1.543270,ndi
1786506044.684643,26.180518,-0.023660,-0.019100,-1.543350,ndi
1786506044.702202,26.198077,-0.023650,-0.019050,-1.543420,ndi
1786506044.719570,26.215445,-0.023660,-0.019020,-1.543470,ndi
1786506044.734643,26.230517,-0.023640,-0.018950,-1.543570,ndi
1786506044.752151,26.248026,-0.023650,-0.018890,-1.543600,ndi
1786506044.769548,26.265423,-0.023630,-0.018840,-1.543700,ndi
1786506044.787109,26.282984,-0.023620,-0.018800,-1.543760,ndi
1786506044.802109,26.297984,-0.023610,-0.018730,-1.543800,ndi
1786506044.819789,26.315664,-0.023610,-0.018700,-1.543880,ndi
1786506044.837155,26.333030,-0.023590,-0.018620,-1.543950,ndi
1786506044.852048,26.347923,-0.023560,-0.018550,-1.544070,ndi
1786506044.869576,26.365451,-0.023560,-0.018490,-1.544090,ndi
1786506044.887031,26.382905,-0.023540,-0.018470,-1.544170,ndi
1786506044.902175,26.398050,-0.023540,-0.018450,-1.544190,ndi
1786506044.919703,26.415578,-0.023540,-0.018390,-1.544230,ndi
1786506044.934632,26.430507,-0.023510,-0.018340,-1.544280,ndi
1786506044.952182,26.448056,-0.023510,-0.018310,-1.544320,ndi
1786506044.969522,26.465397,-0.023490,-0.018270,-1.544380,ndi
1786506044.984649,26.480524,-0.023450,-0.018210,-1.544470,ndi
1786506045.002218,26.498092,-0.023460,-0.018150,-1.544520,ndi
1786506045.019706,26.515581,-0.023420,-0.018100,-1.544630,ndi
1786506045.037048,26.532923,-0.023420,-0.018090,-1.544660,ndi
1786506045.052203,26.548078,-0.023420,-0.018050,-1.544670,ndi
1786506045.069621,26.565496,-0.023390,-0.018040,-1.544710,ndi
1786506045.087097,26.582972,-0.023400,-0.018010,-1.544760,ndi
1786506045.102262,26.598137,-0.023380,-0.017970,-1.544830,ndi
1786506045.119716,26.615591,-0.023360,-0.017900,-1.544900,ndi
1786506045.134685,26.630559,-0.023350,-0.017860,-1.544960,ndi
1786506045.152180,26.648055,-0.023330,-0.017820,-1.545050,ndi
1786506045.169537,26.665411,-0.023330,-0.017780,-1.545060,ndi
1786506045.187058,26.682933,-0.023290,-0.017730,-1.545130,ndi
1786506045.202214,26.698089,-0.023290,-0.017700,-1.545190,ndi
1786506045.219686,26.715561,-0.023280,-0.017670,-1.545230,ndi
1786506045.237167,26.733042,-0.023240,-0.017610,-1.545300,ndi
1786506045.252227,26.748102,-0.023230,-0.017550,-1.545340,ndi
1786506045.269597,26.765471,-0.023200,-0.017510,-1.545400,ndi
1786506045.287058,26.782933,-0.023170,-0.017470,-1.545510,ndi
1786506045.302101,26.797976,-0.023180,-0.017430,-1.545550,ndi
1786506045.319575,26.815450,-0.023150,-0.017390,-1.545610,ndi
1786506045.337182,26.833057,-0.023140,-0.017340,-1.545650,ndi
1786506045.352204,26.848079,-0.023110,-0.017290,-1.545770,ndi
1786506045.369569,26.865443,-0.023070,-0.017230,-1.545870,ndi
1786506045.387053,26.882927,-0.023050,-0.017180,-1.545920,ndi
1786506045.402072,26.897947,-0.022990,-0.017100,-1.546060,ndi
1786506045.419593,26.915468,-0.022970,-0.017040,-1.546110,ndi
1786506045.434772,26.930646,-0.022950,-0.017000,-1.546160,ndi
1786506045.452121,26.947996,-0.022920,-0.016980,-1.546210,ndi
1786506045.469596,26.965471,-0.022920,-0.016960,-1.546220,ndi
1786506045.487043,26.982918,-0.022870,-0.016880,-1.546290,ndi
1786506045.502233,26.998108,-0.022850,-0.016840,-1.546320,ndi
1786506045.519752,27.015627,-0.022830,-0.016800,-1.546390,ndi
1786506045.537201,27.033076,-0.022810,-0.016760,-1.546430,ndi
1786506045.552231,27.048106,-0.022790,-0.016690,-1.546490,ndi
1786506045.569570,27.065445,-0.022730,-0.016650,-1.546580,ndi
1786506045.587124,27.082999,-0.022710,-0.016600,-1.546630,ndi
1786506045.602191,27.098066,-0.022690,-0.016560,-1.546690,ndi
1786506045.619710,27.115585,-0.022680,-0.016550,-1.546690,ndi
1786506045.637259,27.133134,-0.022680,-0.016540,-1.546690,ndi
1786506045.652207,27.148082,-0.022610,-0.016470,-1.546860,ndi
1786506045.669538,27.165413,-0.022610,-0.016430,-1.546850,ndi
1786506045.687101,27.182976,-0.022610,-0.016420,-1.546880,ndi
1786506045.702284,27.198159,-0.022560,-0.016360,-1.547010,ndi
1786506045.719772,27.215647,-0.022560,-0.016330,-1.547000,ndi
1786506045.737264,27.233139,-0.022500,-0.016280,-1.547070,ndi
1786506045.752195,27.248070,-0.022510,-0.016250,-1.547090,ndi
1786506045.769555,27.265430,-0.022470,-0.016210,-1.547130,ndi
1786506045.787091,27.282966,-0.022430,-0.016180,-1.547170,ndi
1786506045.802148,27.298023,-0.022410,-0.016120,-1.547230,ndi
1786506045.819674,27.315549,-0.022380,-0.016100,-1.547290,ndi
1786506045.834776,27.330651,-0.022340,-0.016040,-1.547380,ndi
1786506045.852149,27.348024,-0.022320,-0.016010,-1.547410,ndi
1786506045.869577,27.365452,-0.022250,-0.015940,-1.547500,ndi
1786506045.887124,27.382999,-0.022260,-0.015910,-1.547560,ndi
1786506045.902138,27.398013,-0.022220,-0.015880,-1.547620,ndi
1786506045.919807,27.415682,-0.022180,-0.015810,-1.547700,ndi
1786506045.937244,27.433119,-0.022160,-0.015780,-1.547750,ndi
1786506045.952209,27.448084,-0.022110,-0.015750,-1.547790,ndi
1786506045.969574,27.465449,-0.022060,-0.015670,-1.547890,ndi
1786506045.987124,27.482999,-0.022030,-0.015640,-1.547910,ndi
1786506046.002088,27.497963,-0.021980,-0.015590,-1.548040,ndi
1786506046.019690,27.515564,-0.021980,-0.015580,-1.548000,ndi
1786506046.037170,27.533045,-0.021890,-0.015500,-1.548130,ndi
1786506046.052100,27.547975,-0.021880,-0.015470,-1.548140,ndi
1786506046.069600,27.565475,-0.021840,-0.015420,-1.548200,ndi
1786506046.084774,27.580648,-0.021820,-0.015410,-1.548270,ndi
1786506046.102138,27.598012,-0.021780,-0.015340,-1.548330,ndi
1786506046.119657,27.615532,-0.021740,-0.015290,-1.548420,ndi
1786506046.137120,27.632994,-0.021710,-0.015260,-1.548460,ndi
1786506046.152076,27.647950,-0.021660,-0.015210,-1.548510,ndi
1786506046.169557,27.665432,-0.021650,-0.015190,-1.548540,ndi
1786506046.187103,27.682977,-0.021650,-0.015180,-1.548510,ndi
1786506046.202075,27.697950,-0.021640,-0.015190,-1.548550,ndi
1786506046.219592,27.715467,-0.021570,-0.015120,-1.548650,ndi
1786506046.237175,27.733050,-0.021550,-0.015090,-1.548620,ndi
1786506046.252211,27.748086,-0.021510,-0.015050,-1.548710,ndi
1786506046.269572,27.765447,-0.021490,-0.015020,-1.548740,ndi
1786506046.287097,27.782972,-0.021430,-0.014980,-1.548800,ndi
1786506046.302069,27.797944,-0.021410,-0.014940,-1.548840,ndi
1786506046.319589,27.815464,-0.021370,-0.014890,-1.548890,ndi
1786506046.337131,27.833006,-0.021310,-0.014880,-1.548950,ndi
1786506046.352123,27.847998,-0.021280,-0.014830,-1.548970,ndi
1786506046.369559,27.865434,-0.021240,-0.014800,-1.549030,ndi
1786506046.387088,27.882963,-0.021210,-0.014760,-1.549070,ndi
1786506046.402216,27.898091,-0.021180,-0.014740,-1.549130,ndi
1786506046.419703,27.915578,-0.021110,-0.014690,-1.549200,ndi
1786506046.437226,27.933101,-0.021080,-0.014650,-1.549210,ndi
1786506046.452181,27.948056,-0.021050,-0.014620,-1.549270,ndi
1786506046.469573,27.965447,-0.021030,-0.014590,-1.549320,ndi
1786506046.487069,27.982944,-0.020980,-0.014560,-1.549380,ndi
1786506046.502065,27.997940,-0.020940,-0.014520,-1.549410,ndi
1786506046.519569,28.015444,-0.020930,-0.014490,-1.549450,ndi
1786506046.537253,28.033128,-0.020830,-0.014410,-1.549550,ndi
1786506046.552215,28.048090,-0.020790,-0.014390,-1.549630,ndi
1786506046.569564,28.065439,-0.020740,-0.014350,-1.549650,ndi
1786506046.587084,28.082959,-0.020680,-0.014300,-1.549720,ndi
1786506046.602106,28.097980,-0.020680,-0.014280,-1.549750,ndi
1786506046.619642,28.115517,-0.020610,-0.014250,-1.549780,ndi
1786506046.637267,28.133142,-0.020570,-0.014210,-1.549840,ndi
1786506046.652194,28.148069,-0.020540,-0.014170,-1.549830,ndi
1786506046.669588,28.165463,-0.020500,-0.014170,-1.549900,ndi
1786506046.687090,28.182965,-0.020470,-0.014110,-1.549920,ndi
1786506046.702108,28.197983,-0.020400,-0.014060,-1.550000,ndi
1786506046.719731,28.215606,-0.020360,-0.014030,-1.550030,ndi
1786506046.737216,28.233091,-0.020350,-0.014040,-1.550030,ndi
1786506046.752214,28.248089,-0.020340,-0.014040,-1.550020,ndi
1786506046.769589,28.265464,-0.020350,-0.014010,-1.550050,ndi
1786506046.787116,28.282991,-0.020290,-0.013960,-1.550110,ndi
1786506046.802094,28.297968,-0.020250,-0.013970,-1.550100,ndi
1786506046.819613,28.315488,-0.020240,-0.013950,-1.550150,ndi
1786506046.837217,28.333092,-0.020190,-0.013900,-1.550190,ndi
1786506046.852125,28.348000,-0.020190,-0.013870,-1.550220,ndi
1786506046.869631,28.365506,-0.020150,-0.013880,-1.550210,ndi
1786506046.887135,28.383010,-0.020110,-0.013850,-1.550260,ndi
1786506046.902112,28.397987,-0.020110,-0.013810,-1.550300,ndi
1786506046.919613,28.415488,-0.020060,-0.013790,-1.550330,ndi
1786506046.937247,28.433122,-0.020020,-0.013780,-1.550380,ndi
1786506046.952214,28.448088,-0.019980,-0.013750,-1.550420,ndi
1786506046.969564,28.465439,-0.019940,-0.013710,-1.550490,ndi
1786506046.987103,28.482977,-0.019930,-0.013690,-1.550480,ndi
1786506047.002097,28.497972,-0.019870,-0.013690,-1.550530,ndi
1786506047.019745,28.515620,-0.019850,-0.013660,-1.550560,ndi
1786506047.037191,28.533066,-0.019800,-0.013630,-1.550600,ndi
1786506047.052161,28.548036,-0.019770,-0.013620,-1.550640,ndi
1786506047.069643,28.565518,-0.019760,-0.013600,-1.550640,ndi
1786506047.087137,28.583012,-0.019720,-0.013570,-1.550670,ndi
1786506047.102132,28.598007,-0.019660,-0.013520,-1.550710,ndi
1786506047.119760,28.615635,-0.019640,-0.013520,-1.550760,ndi
1786506047.137276,28.633151,-0.019570,-0.013500,-1.550790,ndi
1786506047.152205,28.648079,-0.019570,-0.013470,-1.550800,ndi
1786506047.169572,28.665447,-0.019530,-0.013450,-1.550850,ndi
1786506047.184615,28.680490,-0.019490,-0.013440,-1.550850,ndi
1786506047.202118,28.697993,-0.019450,-0.013410,-1.550900,ndi
1786506047.219620,28.715495,-0.019400,-0.013370,-1.550930,ndi
1786506047.237328,28.733202,-0.019380,-0.013350,-1.550950,ndi
1786506047.252199,28.748074,-0.019320,-0.013330,-1.551020,ndi
1786506047.269575,28.765450,-0.019250,-0.013270,-1.551100,ndi
1786506047.287117,28.782992,-0.019250,-0.013240,-1.551100,ndi
1786506047.302153,28.798028,-0.019220,-0.013250,-1.551110,ndi
1786506047.319775,28.815650,-0.019250,-0.013250,-1.551100,ndi
1786506047.337265,28.833139,-0.019210,-0.013240,-1.551150,ndi
1786506047.352231,28.848106,-0.019150,-0.013200,-1.551150,ndi
1786506047.369606,28.865481,-0.019150,-0.013200,-1.551160,ndi
1786506047.387121,28.882996,-0.019090,-0.013180,-1.551220,ndi
1786506047.402190,28.898065,-0.019080,-0.013140,-1.551240,ndi
1786506047.419736,28.915611,-0.019020,-0.013120,-1.551290,ndi
1786506047.437249,28.933124,-0.018990,-0.013120,-1.551300,ndi
1786506047.452241,28.948116,-0.018970,-0.013090,-1.551300,ndi
1786506047.469589,28.965463,-0.018920,-0.013040,-1.551380,ndi
1786506047.487113,28.982988,-0.018900,-0.013030,-1.551350,ndi
1786506047.502096,28.997971,-0.018840,-0.013030,-1.551410,ndi
1786506047.519755,29.015630,-0.018790,-0.012990,-1.551420,ndi
1786506047.537238,29.033113,-0.018780,-0.012940,-1.551460,ndi
1786506047.552240,29.048115,-0.018720,-0.012940,-1.551500,ndi
1786506047.569610,29.065485,-0.018700,-0.012930,-1.551530,ndi
1786506047.587101,29.082975,-0.018640,-0.012890,-1.551520,ndi
1786506047.602153,29.098028,-0.018600,-0.012860,-1.551600,ndi
1786506047.619762,29.115637,-0.018590,-0.012860,-1.551600,ndi
1786506047.637176,29.133051,-0.018510,-0.012850,-1.551680,ndi
1786506047.652153,29.148028,-0.018480,-0.012790,-1.551670,ndi
1786506047.669607,29.165482,-0.018400,-0.012750,-1.551750,ndi
1786506047.687120,29.182995,-0.018360,-0.012760,-1.551780,ndi
1786506047.702316,29.198191,-0.018330,-0.012750,-1.551790,ndi
1786506047.719785,29.215660,-0.018260,-0.012690,-1.551820,ndi
1786506047.737324,29.233199,-0.018250,-0.012670,-1.551830,ndi
1786506047.752245,29.248120,-0.018210,-0.012690,-1.551890,ndi
1786506047.769626,29.265501,-0.018180,-0.012680,-1.551910,ndi
1786506047.784700,29.280575,-0.018150,-0.012620,-1.551930,ndi
1786506047.802140,29.298015,-0.018080,-0.012600,-1.551990,ndi
1786506047.819759,29.315634,-0.018040,-0.012610,-1.552020,ndi
1786506047.837312,29.333187,-0.017990,-0.012570,-1.552060,ndi
1786506047.852271,29.348146,-0.017930,-0.012510,-1.552140,ndi
1786506047.869654,29.365529,-0.017940,-0.012510,-1.552110,ndi
1786506047.884680,29.380555,-0.017910,-0.012540,-1.552120,ndi
1786506047.902151,29.398026,-0.017900,-0.012520,-1.552160,ndi
1786506047.919667,29.415542,-0.017850,-0.012450,-1.552210,ndi
1786506047.937354,29.433228,-0.017790,-0.012470,-1.552210,ndi
1786506047.952206,29.448081,-0.017760,-0.012470,-1.552250,ndi
1786506047.969603,29.465478,-0.017710,-0.012420,-1.552290,ndi
1786506047.987121,29.482996,-0.017670,-0.012380,-1.552330,ndi
1786506048.002128,29.498003,-0.017640,-0.012380,-1.552290,ndi
1786506048.019630,29.515505,-0.017590,-0.012390,-1.552340,ndi
1786506048.037220,29.533095,-0.017540,-0.012340,-1.552400,ndi
1786506048.052114,29.547989,-0.017490,-0.012300,-1.552390,ndi
1786506048.069640,29.565515,-0.017420,-0.012300,-1.552440,ndi
1786506048.084784,29.580659,-0.017420,-0.012290,-1.552460,ndi
1786506048.102257,29.598132,-0.017340,-0.012260,-1.552480,ndi
1786506048.119795,29.615669,-0.017290,-0.012230,-1.552510,ndi
1786506048.137240,29.633115,-0.017230,-0.012220,-1.552570,ndi
1786506048.152245,29.648120,-0.017200,-0.012200,-1.552580,ndi
1786506048.169645,29.665520,-0.017160,-0.012160,-1.552580,ndi
1786506048.184798,29.680673,-0.017100,-0.012140,-1.552620,ndi
1786506048.202325,29.698200,-0.017070,-0.012140,-1.552610,ndi
1786506048.219840,29.715715,-0.016990,-0.012100,-1.552660,ndi
1786506048.237308,29.733183,-0.016920,-0.012050,-1.552710,ndi
1786506048.252262,29.748137,-0.016880,-0.012040,-1.552720,ndi
1786506048.269635,29.765510,-0.016820,-0.012040,-1.552760,ndi
1786506048.287143,29.783018,-0.016790,-0.012010,-1.552820,ndi
1786506048.302263,29.798138,-0.016760,-0.012000,-1.552780,ndi
1786506048.319732,29.815607,-0.016710,-0.012000,-1.552810,ndi
1786506048.337226,29.833101,-0.016680,-0.011970,-1.552830,ndi
1786506048.352233,29.848108,-0.016610,-0.011930,-1.552890,ndi
1786506048.369623,29.865498,-0.016550,-0.011910,-1.552900,ndi
1786506048.387189,29.883064,-0.016470,-0.011910,-1.552950,ndi
1786506048.402258,29.898133,-0.016410,-0.011870,-1.552990,ndi
1786506048.419772,29.915647,-0.016390,-0.011830,-1.553020,ndi
1786506048.437273,29.933148,-0.016350,-0.011830,-1.553040,ndi
1786506048.452302,29.948177,-0.016350,-0.011840,-1.553040,ndi
1786506048.469666,29.965541,-0.016330,-0.011830,-1.553020,ndi
1786506048.484866,29.980741,-0.016260,-0.011780,-1.553150,ndi
1786506048.502188,29.998063,-0.016240,-0.011770,-1.553120,ndi
1786506048.519658,30.015532,-0.016160,-0.011770,-1.553170,ndi
1786506048.537115,30.032990,-0.016130,-0.011740,-1.553200,ndi
1786506048.552196,30.048071,-0.016090,-0.011710,-1.553210,ndi
1786506048.569639,30.065514,-0.016020,-0.011710,-1.553250,ndi
1786506048.584748,30.080623,-0.015980,-0.011700,-1.553210,ndi
1786506048.602132,30.098007,-0.015900,-0.011670,-1.553250,ndi
1786506048.619666,30.115541,-0.015880,-0.011640,-1.553290,ndi
1786506048.637132,30.133007,-0.015820,-0.011640,-1.553290,ndi
1786506048.652207,30.148082,-0.015750,-0.011630,-1.553350,ndi
1786506048.669628,30.165503,-0.015720,-0.011580,-1.553330,ndi
1786506048.687114,30.182989,-0.015640,-0.011560,-1.553370,ndi
1786506048.702156,30.198031,-0.015610,-0.011570,-1.553360,ndi
1786506048.719720,30.215595,-0.015560,-0.011550,-1.553410,ndi
1786506048.737160,30.233035,-0.015520,-0.011510,-1.553450,ndi
1786506048.752276,30.248151,-0.015480,-0.011510,-1.553410,ndi
1786506048.769641,30.265516,-0.015400,-0.011510,-1.553520,ndi
1786506048.784718,30.280593,-0.015350,-0.011490,-1.553540,ndi
1786506048.802227,30.298102,-0.015270,-0.011420,-1.553580,ndi
1786506048.819732,30.315607,-0.015160,-0.011430,-1.553620,ndi
1786506048.834801,30.330676,-0.015150,-0.011440,-1.553600,ndi
1786506048.852260,30.348135,-0.015100,-0.011400,-1.553630,ndi
1786506048.869628,30.365503,-0.015060,-0.011360,-1.553600,ndi
1786506048.884852,30.380727,-0.015010,-0.011380,-1.553680,ndi
1786506048.902200,30.398075,-0.014930,-0.011380,-1.553670,ndi
1786506048.919803,30.415678,-0.014900,-0.011320,-1.553710,ndi
1786506048.937345,30.433220,-0.014840,-0.011300,-1.553730,ndi
1786506048.952240,30.448115,-0.014780,-0.011320,-1.553760,ndi
1786506048.969624,30.465498,-0.014690,-0.011290,-1.553780,ndi
1786506048.987111,30.482986,-0.014620,-0.011240,-1.553810,ndi
1786506049.002258,30.498132,-0.014620,-0.011220,-1.553800,ndi
1786506049.019651,30.515526,-0.014600,-0.011250,-1.553800,ndi
1786506049.037187,30.533062,-0.014580,-0.011260,-1.553830,ndi
1786506049.052205,30.548080,-0.014540,-0.011210,-1.553840,ndi
1786506049.069703,30.565578,-0.014460,-0.011190,-1.553880,ndi
1786506049.084821,30.580696,-0.014420,-0.011200,-1.553890,ndi
1786506049.102155,30.598030,-0.014380,-0.011190,-1.553900,ndi
1786506049.119776,30.615650,-0.014310,-0.011160,-1.553920,ndi
1786506049.137271,30.633146,-0.014280,-0.011140,-1.553940,ndi
1786506049.152229,30.648103,-0.014220,-0.011160,-1.553950,ndi
1786506049.169616,30.665491,-0.014170,-0.011140,-1.554010,ndi
1786506049.184715,30.680589,-0.014140,-0.011100,-1.554030,ndi
1786506049.202224,30.698099,-0.014070,-0.011100,-1.554050,ndi
1786506049.219716,30.715591,-0.014050,-0.011100,-1.554070,ndi
1786506049.237212,30.733087,-0.013960,-0.011070,-1.554070,ndi
1786506049.252263,30.748137,-0.013930,-0.011040,-1.554110,ndi
1786506049.269620,30.765495,-0.013880,-0.011040,-1.554130,ndi
1786506049.287128,30.783003,-0.013790,-0.011030,-1.554140,ndi
1786506049.302257,30.798132,-0.013750,-0.011000,-1.554160,ndi
1786506049.319774,30.815649,-0.013660,-0.010990,-1.554160,ndi
1786506049.334827,30.830702,-0.013600,-0.010990,-1.554200,ndi
1786506049.352265,30.848140,-0.013550,-0.010970,-1.554190,ndi
1786506049.369622,30.865496,-0.013470,-0.010940,-1.554250,ndi
1786506049.387117,30.882992,-0.013410,-0.010930,-1.554220,ndi
1786506049.402152,30.898027,-0.013350,-0.010930,-1.554280,ndi
1786506049.419766,30.915641,-0.013320,-0.010900,-1.554300,ndi
1786506049.434797,30.930672,-0.013260,-0.010880,-1.554280,ndi
1786506049.452342,30.948216,-0.013190,-0.010890,-1.554320,ndi
1786506049.469668,30.965543,-0.013140,-0.010870,-1.554300,ndi
1786506049.487139,30.983014,-0.013060,-0.010840,-1.554340,ndi
1786506049.502326,30.998201,-0.013010,-0.010840,-1.554360,ndi
1786506049.519786,31.015661,-0.012970,-0.010830,-1.554360,ndi
1786506049.537271,31.033146,-0.012830,-0.010810,-1.554420,ndi
1786506049.552260,31.048135,-0.012760,-0.010780,-1.554420,ndi
1786506049.569642,31.065517,-0.012720,-0.010770,-1.554450,ndi
1786506049.584761,31.080636,-0.012700,-0.010790,-1.554460,ndi
1786506049.602170,31.098045,-0.012700,-0.010770,-1.554440,ndi
1786506049.619680,31.115555,-0.012660,-0.010760,-1.554480,ndi
1786506049.637197,31.133072,-0.012590,-0.010750,-1.554500,ndi
1786506049.652165,31.148040,-0.012530,-0.010750,-1.554510,ndi
1786506049.669626,31.165501,-0.012460,-0.010730,-1.554500,ndi
1786506049.684786,31.180661,-0.012430,-0.010710,-1.554500,ndi
1786506049.702140,31.198015,-0.012370,-0.010710,-1.554520,ndi
1786506049.719759,31.215634,-0.012310,-0.010710,-1.554530,ndi
1786506049.737253,31.233128,-0.012250,-0.010690,-1.554540,ndi
1786506049.752237,31.248111,-0.012170,-0.010670,-1.554550,ndi
1786506049.769713,31.265588,-0.012110,-0.010660,-1.554600,ndi
1786506049.784756,31.280631,-0.012060,-0.010660,-1.554610,ndi
1786506049.802227,31.298102,-0.012010,-0.010640,-1.554610,ndi
1786506049.819766,31.315641,-0.011930,-0.010630,-1.554630,ndi
1786506049.837254,31.333128,-0.011860,-0.010630,-1.554670,ndi
1786506049.852246,31.348121,-0.011830,-0.010610,-1.554680,ndi
1786506049.869634,31.365509,-0.011770,-0.010600,-1.554660,ndi
1786506049.884732,31.380607,-0.011730,-0.010590,-1.554710,ndi
1786506049.902325,31.398200,-0.011680,-0.010600,-1.554710,ndi
1786506049.919766,31.415641,-0.011600,-0.010580,-1.554700,ndi
1786506049.937312,31.433187,-0.011560,-0.010550,-1.554700,ndi
1786506049.952244,31.448119,-0.011480,-0.010550,-1.554760,ndi
1786506049.969662,31.465537,-0.011420,-0.010560,-1.554750,ndi
1786506049.987168,31.483043,-0.011370,-0.010540,-1.554750,ndi
1786506050.002224,31.498099,-0.011310,-0.010520,-1.554810,ndi
1786506050.019790,31.515665,-0.011280,-0.010520,-1.554800,ndi
1786506050.037196,31.533071,-0.011200,-0.010530,-1.554820,ndi
1786506050.052183,31.548058,-0.011140,-0.010500,-1.554820,ndi
1786506050.069675,31.565550,-0.011080,-0.010480,-1.554780,ndi
1786506050.087238,31.583113,-0.010990,-0.010490,-1.554840,ndi
1786506050.102201,31.598076,-0.010930,-0.010490,-1.554820,ndi
1786506050.119845,31.615720,-0.010830,-0.010460,-1.554870,ndi
1786506050.137391,31.633266,-0.010750,-0.010440,-1.554880,ndi
1786506050.152274,31.648149,-0.010740,-0.010460,-1.554860,ndi
1786506050.169726,31.665601,-0.010720,-0.010460,-1.554870,ndi
1786506050.184763,31.680638,-0.010720,-0.010440,-1.554880,ndi
1786506050.202163,31.698037,-0.010630,-0.010420,-1.554890,ndi
1786506050.219688,31.715563,-0.010560,-0.010440,-1.554920,ndi
1786506050.237206,31.733081,-0.010520,-0.010420,-1.554910,ndi
1786506050.252257,31.748132,-0.010460,-0.010410,-1.554920,ndi
1786506050.269624,31.765498,-0.010390,-0.010400,-1.554890,ndi
1786506050.284759,31.780634,-0.010300,-0.010410,-1.554930,ndi
1786506050.302217,31.798092,-0.010230,-0.010400,-1.554930,ndi
1786506050.319801,31.815676,-0.010190,-0.010380,-1.554920,ndi
1786506050.337305,31.833180,-0.010110,-0.010380,-1.554970,ndi
1786506050.352241,31.848116,-0.010080,-0.010380,-1.554940,ndi
1786506050.369660,31.865535,-0.010000,-0.010370,-1.554990,ndi
1786506050.384750,31.880625,-0.009900,-0.010360,-1.554990,ndi
1786506050.402202,31.898077,-0.009860,-0.010350,-1.554990,ndi
1786506050.419718,31.915592,-0.009790,-0.010350,-1.555030,ndi
1786506050.437176,31.933051,-0.009720,-0.010340,-1.554980,ndi
1786506050.452247,31.948122,-0.009660,-0.010330,-1.554970,ndi
1786506050.469676,31.965551,-0.009600,-0.010330,-1.554990,ndi
1786506050.487149,31.983024,-0.009520,-0.010320,-1.554970,ndi
1786506050.502169,31.998044,-0.009420,-0.010310,-1.554980,ndi
1786506050.519690,32.015564,-0.009340,-0.010310,-1.555020,ndi
1786506050.534768,32.030643,-0.009250,-0.010310,-1.555000,ndi
1786506050.552253,32.048128,-0.009180,-0.010290,-1.555050,ndi
1786506050.569747,32.065622,-0.009140,-0.010280,-1.554990,ndi
1786506050.587158,32.083033,-0.009040,-0.010300,-1.555060,ndi
1786506050.602175,32.098050,-0.009020,-0.010300,-1.555030,ndi
1786506050.619684,32.115558,-0.008970,-0.010270,-1.555050,ndi
1786506050.634781,32.130656,-0.008870,-0.010260,-1.555040,ndi
1786506050.652140,32.148015,-0.008810,-0.010280,-1.555030,ndi
1786506050.669692,32.165566,-0.008680,-0.010290,-1.555060,ndi
1786506050.684779,32.180654,-0.008590,-0.010260,-1.555020,ndi
1786506050.702207,32.198082,-0.008510,-0.010240,-1.555020,ndi
1786506050.719723,32.215598,-0.008440,-0.010270,-1.555020,ndi
1786506050.737327,32.233202,-0.008430,-0.010260,-1.555030,ndi
1786506050.752290,32.248165,-0.008420,-0.010240,-1.555070,ndi
1786506050.769704,32.265579,-0.008360,-0.010240,-1.555070,ndi
1786506050.784706,32.280581,-0.008300,-0.010260,-1.555060,ndi
1786506050.802287,32.298162,-0.008190,-0.010250,-1.555070,ndi
1786506050.819756,32.315631,-0.008140,-0.010230,-1.555040,ndi
1786506050.837254,32.333129,-0.008060,-0.010230,-1.555040,ndi
1786506050.852308,32.348183,-0.007990,-0.010250,-1.555030,ndi
1786506050.869670,32.365545,-0.007940,-0.010240,-1.555030,ndi
1786506050.887177,32.383052,-0.007850,-0.010220,-1.555010,ndi
1786506050.902187,32.398062,-0.007790,-0.010230,-1.555020,ndi
1786506050.919744,32.415619,-0.007700,-0.010250,-1.555010,ndi
1786506050.937247,32.433122,-0.007630,-0.010220,-1.555040,ndi
1786506050.952242,32.448117,-0.007570,-0.010210,-1.555040,ndi
1786506050.969689,32.465564,-0.007490,-0.010230,-1.555060,ndi
1786506050.984710,32.480585,-0.007460,-0.010240,-1.555020,ndi
1786506051.002291,32.498166,-0.007370,-0.010220,-1.555030,ndi
1786506051.019768,32.515642,-0.007310,-0.010200,-1.555020,ndi
1786506051.037359,32.533233,-0.007260,-0.010230,-1.555030,ndi
1786506051.052278,32.548153,-0.007180,-0.010250,-1.555010,ndi
1786506051.069664,32.565539,-0.007130,-0.010210,-1.555000,ndi
1786506051.084768,32.580643,-0.007070,-0.010210,-1.554960,ndi
1786506051.102205,32.598079,-0.006960,-0.010240,-1.555010,ndi
1786506051.119680,32.615555,-0.006900,-0.010240,-1.554980,ndi
1786506051.134814,32.630689,-0.006830,-0.010220,-1.554990,ndi
1786506051.152276,32.648151,-0.006800,-0.010220,-1.554980,ndi
1786506051.169680,32.665555,-0.006730,-0.010250,-1.555000,ndi
1786506051.184781,32.680656,-0.006690,-0.010240,-1.554970,ndi
1786506051.202305,32.698179,-0.006650,-0.010210,-1.554970,ndi
1786506051.219838,32.715713,-0.006550,-0.010230,-1.554990,ndi
1786506051.237373,32.733248,-0.006500,-0.010250,-1.554940,ndi
1786506051.252301,32.748176,-0.006400,-0.010250,-1.554950,ndi
1786506051.269687,32.765562,-0.006280,-0.010230,-1.554980,ndi
1786506051.284710,32.780585,-0.006240,-0.010230,-1.554900,ndi
1786506051.302376,32.798251,-0.006200,-0.010260,-1.554950,ndi
1786506051.319861,32.815736,-0.006200,-0.010240,-1.554930,ndi
1786506051.337367,32.833242,-0.006170,-0.010230,-1.554960,ndi
1786506051.352342,32.848217,-0.006130,-0.010250,-1.554970,ndi
1786506051.369692,32.865567,-0.006080,-0.010270,-1.554950,ndi
1786506051.387221,32.883096,-0.006000,-0.010250,-1.554940,ndi
1786506051.402247,32.898122,-0.005970,-0.010230,-1.554950,ndi
1786506051.419853,32.915728,-0.005910,-0.010260,-1.554980,ndi
1786506051.437348,32.933223,-0.005850,-0.010280,-1.554930,ndi
1786506051.452277,32.948152,-0.005800,-0.010260,-1.554930,ndi
1786506051.469658,32.965533,-0.005720,-0.010250,-1.554900,ndi
1786506051.484772,32.980647,-0.005650,-0.010260,-1.554890,ndi
1786506051.502295,32.998170,-0.005580,-0.010290,-1.554870,ndi
1786506051.519737,33.015612,-0.005490,-0.010280,-1.554880,ndi
1786506051.537265,33.033140,-0.005460,-0.010260,-1.554880,ndi
1786506051.552310,33.048185,-0.005390,-0.010290,-1.554880,ndi
1786506051.569765,33.065640,-0.005330,-0.010300,-1.554890,ndi
1786506051.584744,33.080619,-0.005290,-0.010280,-1.554860,ndi
1786506051.602253,33.098128,-0.005200,-0.010290,-1.554880,ndi
1786506051.619896,33.115771,-0.005170,-0.010310,-1.554860,ndi
1786506051.634922,33.130796,-0.005100,-0.010310,-1.554840,ndi
1786506051.652289,33.148164,-0.005030,-0.010300,-1.554840,ndi
1786506051.669666,33.165541,-0.004950,-0.010300,-1.554790,ndi
1786506051.687207,33.183081,-0.004840,-0.010330,-1.554800,ndi
1786506051.702190,33.198065,-0.004800,-0.010330,-1.554780,ndi
1786506051.719732,33.215607,-0.004750,-0.010330,-1.554770,ndi
1786506051.737365,33.233240,-0.004710,-0.010330,-1.554800,ndi
1786506051.752310,33.248184,-0.004670,-0.010340,-1.554760,ndi
1786506051.769763,33.265638,-0.004600,-0.010350,-1.554770,ndi
1786506051.787190,33.283065,-0.004570,-0.010340,-1.554760,ndi
1786506051.802179,33.298054,-0.004510,-0.010360,-1.554780,ndi
1786506051.819711,33.315586,-0.004420,-0.010360,-1.554770,ndi
1786506051.837181,33.333056,-0.004360,-0.010360,-1.554760,ndi
1786506051.852150,33.348025,-0.004260,-0.010370,-1.554710,ndi
1786506051.869714,33.365588,-0.004250,-0.010380,-1.554690,ndi
1786506051.887235,33.383110,-0.004220,-0.010380,-1.554690,ndi
1786506051.902225,33.398099,-0.004200,-0.010380,-1.554690,ndi
1786506051.919781,33.415656,-0.004210,-0.010390,-1.554700,ndi
1786506051.937352,33.433227,-0.004100,-0.010400,-1.554690,ndi
1786506051.952215,33.448090,-0.004040,-0.010400,-1.554650,ndi
1786506051.969903,33.465778,-0.003980,-0.010410,-1.554650,ndi
1786506051.987222,33.483097,-0.003910,-0.010430,-1.554640,ndi
1786506052.002272,33.498147,-0.003850,-0.010430,-1.554590,ndi
1786506052.019777,33.515652,-0.003770,-0.010420,-1.554620,ndi
1786506052.037339,33.533214,-0.003720,-0.010440,-1.554600,ndi
1786506052.052316,33.548191,-0.003650,-0.010460,-1.554570,ndi
1786506052.069692,33.565567,-0.003590,-0.010460,-1.554630,ndi
1786506052.087189,33.583064,-0.003520,-0.010450,-1.554550,ndi
1786506052.102282,33.598157,-0.003420,-0.010480,-1.554540,ndi
1786506052.119833,33.615707,-0.003380,-0.010500,-1.554510,ndi
1786506052.137342,33.633217,-0.003310,-0.010500,-1.554520,ndi
1786506052.152300,33.648175,-0.003260,-0.010490,-1.554460,ndi
1786506052.169695,33.665570,-0.003230,-0.010520,-1.554460,ndi
1786506052.184794,33.680669,-0.003170,-0.010540,-1.554450,ndi
1786506052.202295,33.698170,-0.003110,-0.010530,-1.554430,ndi
1786506052.219808,33.715683,-0.003040,-0.010520,-1.554430,ndi
1786506052.237339,33.733214,-0.002950,-0.010570,-1.554450,ndi
1786506052.252281,33.748156,-0.002900,-0.010590,-1.554370,ndi
1786506052.269698,33.765573,-0.002800,-0.010580,-1.554340,ndi
1786506052.284899,33.780774,-0.002750,-0.010560,-1.554310,ndi
1786506052.302216,33.798090,-0.002710,-0.010600,-1.554310,ndi
1786506052.319743,33.815618,-0.002620,-0.010640,-1.554290,ndi
1786506052.334846,33.830720,-0.002580,-0.010620,-1.554300,ndi
1786506052.352341,33.848216,-0.002510,-0.010600,-1.554280,ndi
1786506052.369725,33.865600,-0.002410,-0.010660,-1.554240,ndi
1786506052.384793,33.880668,-0.002350,-0.010690,-1.554230,ndi
1786506052.402214,33.898089,-0.002220,-0.010690,-1.554230,ndi
1786506052.419729,33.915604,-0.002130,-0.010670,-1.554180,ndi
1786506052.437392,33.933267,-0.002070,-0.010720,-1.554120,ndi
1786506052.452260,33.948134,-0.002050,-0.010750,-1.554130,ndi
1786506052.469761,33.965636,-0.002030,-0.010710,-1.554130,ndi
1786506052.487183,33.983058,-0.002010,-0.010690,-1.554160,ndi
1786506052.502237,33.998112,-0.001960,-0.010730,-1.554120,ndi
1786506052.519758,34.015632,-0.001880,-0.010780,-1.554060,ndi
1786506052.537236,34.033111,-0.001790,-0.010760,-1.554070,ndi
1786506052.552342,34.048217,-0.001750,-0.010750,-1.554000,ndi
1786506052.569701,34.065576,-0.001670,-0.010810,-1.554040,ndi
1786506052.587204,34.083079,-0.001610,-0.010830,-1.553980,ndi
1786506052.602257,34.098131,-0.001550,-0.010810,-1.553940,ndi
1786506052.619714,34.115589,-0.001490,-0.010810,-1.553950,ndi
1786506052.637252,34.133127,-0.001460,-0.010860,-1.553910,ndi
1786506052.652329,34.148204,-0.001380,-0.010880,-1.553920,ndi
1786506052.669704,34.165579,-0.001330,-0.010850,-1.553870,ndi
1786506052.687174,34.183049,-0.001260,-0.010860,-1.553860,ndi
1786506052.702230,34.198105,-0.001210,-0.010910,-1.553820,ndi
1786506052.719779,34.215653,-0.001140,-0.010930,-1.553810,ndi
1786506052.737295,34.233170,-0.001030,-0.010910,-1.553760,ndi
1786506052.752314,34.248189,-0.001000,-0.010930,-1.553760,ndi
1786506052.769678,34.265553,-0.000940,-0.010990,-1.553740,ndi
1786506052.787194,34.283069,-0.000840,-0.010990,-1.553730,ndi
1786506052.802193,34.298068,-0.000780,-0.010980,-1.553670,ndi
1786506052.819679,34.315554,-0.000710,-0.011020,-1.553620,ndi
1786506052.837187,34.333062,-0.000650,-0.011060,-1.553590,ndi
1786506052.852325,34.348200,-0.000590,-0.011050,-1.553550,ndi
1786506052.869674,34.365549,-0.000480,-0.011050,-1.553540,ndi
1786506052.887161,34.383035,-0.000430,-0.011100,-1.553490,ndi
1786506052.902272,34.398147,-0.000370,-0.011140,-1.553500,ndi
1786506052.919845,34.415720,-0.000320,-0.011120,-1.553430,ndi
1786506052.937368,34.433243,-0.000270,-0.011130,-1.553450,ndi
1786506052.952341,34.448216,-0.000190,-0.011160,-1.553400,ndi
1786506052.969685,34.465560,-0.000080,-0.011220,-1.553360,ndi
1786506052.987206,34.483081,0.000030,-0.011230,-1.553290,ndi
1786506053.002274,34.498148,0.000100,-0.011240,-1.553270,ndi
1786506053.019740,34.515615,0.000110,-0.011280,-1.553230,ndi
1786506053.037236,34.533111,0.000140,-0.011280,-1.553230,ndi
1786506053.052325,34.548199,0.000150,-0.011260,-1.553230,ndi
1786506053.069679,34.565553,0.000180,-0.011270,-1.553240,ndi
1786506053.087194,34.583069,0.000250,-0.011310,-1.553210,ndi
1786506053.102256,34.598131,0.000340,-0.011350,-1.553140,ndi
1786506053.119811,34.615686,0.000410,-0.011340,-1.553110,ndi
1786506053.137339,34.633214,0.000440,-0.011370,-1.553070,ndi
1786506053.152324,34.648199,0.000520,-0.011400,-1.553040,ndi
1786506053.169667,34.665541,0.000590,-0.011420,-1.553040,ndi
1786506053.187189,34.683064,0.000630,-0.011420,-1.553010,ndi
1786506053.202306,34.698181,0.000720,-0.011450,-1.553000,ndi
1786506053.219726,34.715601,0.000780,-0.011490,-1.552930,ndi
1786506053.237238,34.733113,0.000850,-0.011510,-1.552910,ndi
1786506053.252320,34.748194,0.000910,-0.011520,-1.552900,ndi
1786506053.269687,34.765562,0.000970,-0.011550,-1.552850,ndi
1786506053.287225,34.783100,0.001090,-0.011600,-1.552800,ndi
1786506053.302339,34.798213,0.001130,-0.011610,-1.552790,ndi
1786506053.319784,34.815659,0.001170,-0.011620,-1.552780,ndi
1786506053.334796,34.830671,0.001220,-0.011630,-1.552760,ndi
1786506053.352352,34.848227,0.001250,-0.011660,-1.552670,ndi
1786506053.369711,34.865586,0.001350,-0.011690,-1.552640,ndi
1786506053.387250,34.883125,0.001380,-0.011700,-1.552610,ndi
1786506053.402292,34.898167,0.001460,-0.011730,-1.552560,ndi
1786506053.419804,34.915679,0.001540,-0.011760,-1.552540,ndi
1786506053.434834,34.930709,0.001560,-0.011780,-1.552470,ndi
1786506053.452379,34.948253,0.001660,-0.011800,-1.552460,ndi
1786506053.469733,34.965608,0.001700,-0.011820,-1.552440,ndi
1786506053.487243,34.983118,0.001750,-0.011850,-1.552380,ndi
1786506053.502356,34.998231,0.001810,-0.011880,-1.552350,ndi
1786506053.519887,35.015762,0.001830,-0.011890,-1.552300,ndi
1786506053.537444,35.033319,0.001900,-0.011910,-1.552270,ndi
1786506053.552375,35.048249,0.001980,-0.011950,-1.552210,ndi
1786506053.569715,35.065589,0.002050,-0.011990,-1.552150,ndi
1786506053.584873,35.080748,0.002120,-0.012010,-1.552120,ndi
1786506053.602289,35.098164,0.002130,-0.012010,-1.552100,ndi
1786506053.619787,35.115661,0.002150,-0.012030,-1.552110,ndi
1786506053.637306,35.133181,0.002160,-0.012040,-1.552130,ndi
1786506053.652248,35.148123,0.002200,-0.012040,-1.552080,ndi
1786506053.669710,35.165585,0.002300,-0.012070,-1.552010,ndi
1786506053.687203,35.183078,0.002330,-0.012110,-1.551950,ndi
1786506053.702414,35.198289,0.002380,-0.012130,-1.551930,ndi
1786506053.719942,35.215816,0.002410,-0.012140,-1.551880,ndi
1786506053.734790,35.230665,0.002450,-0.012150,-1.551860,ndi
1786506053.752346,35.248220,0.002530,-0.012200,-1.551850,ndi
1786506053.769719,35.265594,0.002570,-0.012230,-1.551830,ndi
1786506053.784822,35.280697,0.002650,-0.012240,-1.551790,ndi
1786506053.802293,35.298168,0.002690,-0.012260,-1.551750,ndi
1786506053.819789,35.315664,0.002730,-0.012310,-1.551710,ndi
1786506053.837383,35.333258,0.002830,-0.012340,-1.551700,ndi
1786506053.852383,35.348258,0.002850,-0.012350,-1.551670,ndi
1786506053.869708,35.365583,0.002900,-0.012370,-1.551610,ndi
1786506053.887223,35.383098,0.002960,-0.012420,-1.551570,ndi
1786506053.902373,35.398248,0.003010,-0.012440,-1.551520,ndi
1786506053.919874,35.415749,0.003070,-0.012450,-1.551530,ndi
1786506053.934911,35.430786,0.003110,-0.012480,-1.551430,ndi
1786506053.952337,35.448212,0.003260,-0.012580,-1.551340,ndi
1786506053.969718,35.465593,0.003330,-0.012600,-1.551260,ndi
1786506053.985099,35.480974,0.003370,-0.012610,-1.551220,ndi
1786506054.002376,35.498251,0.003440,-0.012660,-1.551170,ndi
1786506054.019880,35.515755,0.003510,-0.012720,-1.551100,ndi
1786506054.037344,35.533219,0.003590,-0.012740,-1.551070,ndi
1786506054.052349,35.548224,0.003640,-0.012760,-1.551030,ndi
1786506054.069713,35.565588,0.003680,-0.012810,-1.550990,ndi
1786506054.087209,35.583084,0.003760,-0.012860,-1.550920,ndi
1786506054.102334,35.598209,0.003820,-0.012880,-1.550820,ndi
1786506054.119810,35.615685,0.003900,-0.012920,-1.550760,ndi
1786506054.137424,35.633298,0.003980,-0.012980,-1.550750,ndi
1786506054.152351,35.648226,0.004030,-0.013020,-1.550680,ndi
1786506054.169717,35.665592,0.004080,-0.013010,-1.550650,ndi
1786506054.184904,35.680779,0.004090,-0.013020,-1.550660,ndi
1786506054.202316,35.698190,0.004080,-0.013050,-1.550660,ndi
1786506054.219831,35.715706,0.004110,-0.013060,-1.550660,ndi
1786506054.234871,35.730746,0.004170,-0.013070,-1.550570,ndi
1786506054.252285,35.748159,0.004250,-0.013140,-1.550500,ndi
1786506054.269726,35.765601,0.004290,-0.013190,-1.550440,ndi
1786506054.284800,35.780674,0.004330,-0.013210,-1.550410,ndi
1786506054.302456,35.798331,0.004370,-0.013210,-1.550350,ndi
1786506054.319892,35.815767,0.004400,-0.013250,-1.550340,ndi
1786506054.337426,35.833301,0.004490,-0.013320,-1.550280,ndi
1786506054.352379,35.848253,0.004530,-0.013340,-1.550190,ndi
1786506054.369725,35.865600,0.004600,-0.013370,-1.550120,ndi
1786506054.384921,35.880796,0.004660,-0.013420,-1.550110,ndi
1786506054.402463,35.898338,0.004690,-0.013480,-1.550000,ndi
1786506054.419962,35.915837,0.004860,-0.013560,-1.549890,ndi
1786506054.437468,35.933342,0.004920,-0.013590,-1.549830,ndi
1786506054.452337,35.948211,0.004930,-0.013630,-1.549790,ndi
1786506054.469748,35.965623,0.005060,-0.013720,-1.549710,ndi
1786506054.487208,35.983083,0.005090,-0.013730,-1.549650,ndi
1786506054.502326,35.998201,0.005100,-0.013750,-1.549620,ndi
1786506054.519890,36.015765,0.005130,-0.013780,-1.549600,ndi
1786506054.537375,36.033250,0.005180,-0.013810,-1.549530,ndi
1786506054.552343,36.048218,0.005350,-0.013920,-1.549350,ndi
1786506054.569736,36.065611,0.005370,-0.013960,-1.549330,ndi
1786506054.584888,36.080763,0.005370,-0.013990,-1.549270,ndi
1786506054.602436,36.098311,0.005420,-0.014000,-1.549280,ndi
1786506054.619929,36.115803,0.005470,-0.014030,-1.549150,ndi
1786506054.637438,36.133313,0.005630,-0.014160,-1.549010,ndi
1786506054.652371,36.148246,0.005620,-0.014200,-1.548970,ndi
1786506054.669763,36.165638,0.005650,-0.014190,-1.548960,ndi
1786506054.684860,36.180735,0.005690,-0.014210,-1.548940,ndi
1786506054.702457,36.198332,0.005750,-0.014300,-1.548830,ndi
1786506054.719849,36.215724,0.005870,-0.014400,-1.548700,ndi
1786506054.735098,36.230973,0.005900,-0.014410,-1.548650,ndi
1786506054.752362,36.248237,0.005920,-0.014420,-1.548620,ndi
1786506054.769736,36.265611,0.005940,-0.014460,-1.548610,ndi
1786506054.784885,36.280760,0.005940,-0.014490,-1.548590,ndi
1786506054.802435,36.298310,0.006040,-0.014540,-1.548520,ndi
1786506054.819939,36.315814,0.006110,-0.014600,-1.548380,ndi
1786506054.837425,36.333300,0.006110,-0.014640,-1.548350,ndi
1786506054.852366,36.348241,0.006140,-0.014660,-1.548330,ndi
1786506054.869754,36.365629,0.006150,-0.014660,-1.548270,ndi
1786506054.884773,36.380648,0.006200,-0.014700,-1.548270,ndi
1786506054.902479,36.398354,0.006290,-0.014810,-1.548070,ndi
1786506054.919955,36.415829,0.006360,-0.014870,-1.548000,ndi
1786506054.937442,36.433317,0.006400,-0.014890,-1.547920,ndi
1786506054.952354,36.448229,0.006420,-0.014920,-1.547890,ndi
1786506054.969748,36.465623,0.006480,-0.014990,-1.547860,ndi
1786506054.984823,36.480698,0.006520,-0.015040,-1.547760,ndi
1786506055.002291,36.498166,0.006580,-0.015080,-1.547650,ndi
1786506055.019848,36.515723,0.006630,-0.015130,-1.547590,ndi
1786506055.037382,36.533257,0.006630,-0.015170,-1.547550,ndi
1786506055.052400,36.548275,0.006670,-0.015200,-1.547520,ndi
1786506055.069708,36.565583,0.006720,-0.015250,-1.547390,ndi
1786506055.084873,36.580748,0.006750,-0.015300,-1.547340,ndi
1786506055.102326,36.598201,0.006810,-0.015370,-1.547280,ndi
1786506055.119901,36.615776,0.006860,-0.015430,-1.547190,ndi
1786506055.137395,36.633270,0.006930,-0.015510,-1.547100,ndi
1786506055.152347,36.648222,0.006950,-0.015550,-1.547000,ndi
1786506055.169732,36.665607,0.006980,-0.015610,-1.546930,ndi
1786506055.184817,36.680692,0.007030,-0.015640,-1.546900,ndi
1786506055.202432,36.698307,0.007050,-0.015680,-1.546840,ndi
1786506055.219870,36.715745,0.007070,-0.015710,-1.546820,ndi
1786506055.234941,36.730816,0.007100,-0.015730,-1.546760,ndi
1786506055.252280,36.748154,0.007110,-0.015780,-1.546700,ndi
1786506055.269732,36.765607,0.007180,-0.015860,-1.546600,ndi
1786506055.284838,36.780713,0.007240,-0.015970,-1.546390,ndi
1786506055.302293,36.798167,0.007270,-0.016010,-1.546320,ndi
1786506055.319920,36.815795,0.007290,-0.016020,-1.546310,ndi
1786506055.334911,36.830786,0.007290,-0.016040,-1.546270,ndi
1786506055.352391,36.848266,0.007310,-0.016070,-1.546260,ndi
1786506055.369732,36.865607,0.007330,-0.016100,-1.546210,ndi
1786506055.384901,36.880776,0.007380,-0.016170,-1.546110,ndi
1786506055.402304,36.898179,0.007440,-0.016260,-1.546030,ndi
1786506055.419736,36.915611,0.007490,-0.016350,-1.545890,ndi
1786506055.437325,36.933200,0.007550,-0.016450,-1.545740,ndi
1786506055.452429,36.948304,0.007570,-0.016500,-1.545660,ndi
1786506055.469735,36.965610,0.007580,-0.016560,-1.545560,ndi
1786506055.484843,36.980718,0.007620,-0.016590,-1.545560,ndi
1786506055.502244,36.998119,0.007680,-0.016730,-1.545290,ndi
1786506055.519886,37.015760,0.007780,-0.016890,-1.545150,ndi
1786506055.537384,37.033259,0.007780,-0.016930,-1.545080,ndi
1786506055.552335,37.048210,0.007790,-0.016960,-1.545020,ndi
1786506055.569746,37.065621,0.007830,-0.017000,-1.544970,ndi
1786506055.587270,37.083145,0.007840,-0.017060,-1.544870,ndi
1786506055.602258,37.098133,0.007880,-0.017130,-1.544800,ndi
1786506055.619766,37.115641,0.007910,-0.017240,-1.544600,ndi
1786506055.637433,37.133307,0.007940,-0.017290,-1.544560,ndi
1786506055.652403,37.148278,0.007970,-0.017350,-1.544490,ndi
1786506055.669755,37.165630,0.007970,-0.017420,-1.544410,ndi
1786506055.684844,37.180719,0.008080,-0.017650,-1.544080,ndi
1786506055.702320,37.198195,0.008110,-0.017740,-1.543930,ndi
1786506055.719790,37.215665,0.008130,-0.017810,-1.543860,ndi
1786506055.734931,37.230806,0.008160,-0.017870,-1.543790,ndi
1786506055.752365,37.248240,0.008150,-0.017870,-1.543710,ndi
1786506055.769745,37.265620,0.008170,-0.017910,-1.543710,ndi
1786506055.784831,37.280706,0.008180,-0.017970,-1.543620,ndi
1786506055.802264,37.298139,0.008200,-0.018030,-1.543530,ndi
1786506055.819876,37.315751,0.008230,-0.018070,-1.543450,ndi
1786506055.837453,37.333328,0.008230,-0.018210,-1.543240,ndi
1786506055.852376,37.348251,0.008270,-0.018310,-1.543140,ndi
1786506055.869736,37.365611,0.008280,-0.018330,-1.543100,ndi
1786506055.884834,37.380709,0.008270,-0.018330,-1.543050,ndi
1786506055.902389,37.398264,0.008300,-0.018360,-1.543110,ndi
1786506055.919795,37.415670,0.008270,-0.018400,-1.543010,ndi
1786506055.934928,37.430803,0.008310,-0.018470,-1.542930,ndi
1786506055.952282,37.448157,0.008360,-0.018630,-1.542710,ndi
1786506055.969733,37.465608,0.008330,-0.018670,-1.542650,ndi
1786506055.984950,37.480824,0.008370,-0.018690,-1.542650,ndi
1786506056.002270,37.498145,0.008350,-0.018700,-1.542620,ndi
1786506056.019789,37.515664,0.008360,-0.018730,-1.542570,ndi
1786506056.034998,37.530873,0.008380,-0.018770,-1.542500,ndi
1786506056.052345,37.548220,0.008340,-0.018810,-1.542460,ndi
1786506056.069772,37.565646,0.008370,-0.018840,-1.542420,ndi
1786506056.084911,37.580786,0.008360,-0.018880,-1.542290,ndi
1786506056.102556,37.598431,0.008390,-0.018970,-1.542190,ndi
1786506056.119919,37.615794,0.008400,-0.019050,-1.542080,ndi
1786506056.137372,37.633246,0.008400,-0.019190,-1.541840,ndi
1786506056.152358,37.648233,0.008430,-0.019250,-1.541760,ndi
1786506056.169721,37.665596,0.008410,-0.019310,-1.541730,ndi
1786506056.187227,37.683102,0.008420,-0.019340,-1.541660,ndi
1786506056.202306,37.698181,0.008420,-0.019380,-1.541600,ndi
1786506056.219800,37.715675,0.008410,-0.019440,-1.541500,ndi
1786506056.234806,37.730681,0.008440,-0.019500,-1.541450,ndi
1786506056.252315,37.748189,0.008420,-0.019600,-1.541290,ndi
1786506056.269750,37.765625,0.008430,-0.019670,-1.541180,ndi
1786506056.284825,37.780700,0.008440,-0.019720,-1.541150,ndi
1786506056.302309,37.798183,0.008410,-0.019770,-1.541030,ndi
1786506056.319828,37.815702,0.008450,-0.019820,-1.540960,ndi
1786506056.334878,37.830753,0.008420,-0.019870,-1.540880,ndi
1786506056.352328,37.848203,0.008420,-0.019940,-1.540830,ndi
1786506056.369817,37.865692,0.008440,-0.020020,-1.540690,ndi
1786506056.384892,37.880767,0.008400,-0.020040,-1.540660,ndi
1786506056.402340,37.898215,0.008410,-0.020090,-1.540610,ndi
1786506056.419922,37.915797,0.008400,-0.020220,-1.540450,ndi
1786506056.437384,37.933259,0.008380,-0.020470,-1.540050,ndi
1786506056.452355,37.948230,0.008380,-0.020530,-1.540030,ndi
1786506056.469759,37.965634,0.008370,-0.020570,-1.539940,ndi
1786506056.484831,37.980706,0.008380,-0.020610,-1.539940,ndi
1786506056.502305,37.998180,0.008370,-0.020690,-1.539810,ndi
1786506056.519823,38.015698,0.008350,-0.020760,-1.539700,ndi
1786506056.537319,38.033194,0.008350,-0.020800,-1.539640,ndi
1786506056.552320,38.048195,0.008330,-0.020840,-1.539610,ndi
1786506056.569764,38.065639,0.008360,-0.020880,-1.539490,ndi
1786506056.584936,38.080811,0.008340,-0.020950,-1.539370,ndi
1786506056.602417,38.098292,0.008310,-0.021050,-1.539180,ndi
1786506056.619968,38.115843,0.008310,-0.021130,-1.539110,ndi
1786506056.637501,38.133376,0.008270,-0.021180,-1.538990,ndi
1786506056.652410,38.148285,0.008280,-0.021230,-1.538940,ndi
1786506056.669742,38.165617,0.008250,-0.021290,-1.538900,ndi
1786506056.684858,38.180732,0.008240,-0.021350,-1.538800,ndi
1786506056.702416,38.198291,0.008230,-0.021450,-1.538670,ndi
1786506056.719909,38.215784,0.008200,-0.021500,-1.538550,ndi
1786506056.734998,38.230873,0.008190,-0.021560,-1.538520,ndi
1786506056.752388,38.248263,0.008190,-0.021620,-1.538400,ndi
1786506056.769726,38.265601,0.008150,-0.021650,-1.538300,ndi
1786506056.784826,38.280701,0.008160,-0.021700,-1.538270,ndi
1786506056.802450,38.298325,0.008120,-0.021760,-1.538170,ndi
1786506056.819927,38.315802,0.008090,-0.021880,-1.538040,ndi
1786506056.837419,38.333294,0.008060,-0.021930,-1.537920,ndi
1786506056.852387,38.348262,0.008030,-0.021990,-1.537820,ndi
1786506056.869776,38.365650,0.008030,-0.022070,-1.537750,ndi
1786506056.884864,38.380739,0.008000,-0.022090,-1.537690,ndi
1786506056.902380,38.398255,0.007980,-0.022140,-1.537570,ndi
1786506056.919945,38.415819,0.007970,-0.022220,-1.537520,ndi
1786506056.934971,38.430846,0.007940,-0.022270,-1.537440,ndi
1786506056.952399,38.448274,0.007940,-0.022300,-1.537420,ndi
1786506056.969746,38.465621,0.007890,-0.022350,-1.537320,ndi
1786506056.984983,38.480858,0.007840,-0.022480,-1.537160,ndi
1786506057.002368,38.498243,0.007830,-0.022560,-1.537030,ndi
1786506057.019803,38.515678,0.007790,-0.022560,-1.537010,ndi
1786506057.034954,38.530829,0.007810,-0.022570,-1.537000,ndi
1786506057.052377,38.548252,0.007780,-0.022630,-1.536980,ndi
1786506057.069762,38.565637,0.007750,-0.022700,-1.536870,ndi
1786506057.087292,38.583167,0.007740,-0.022730,-1.536770,ndi
1786506057.102322,38.598197,0.007680,-0.022760,-1.536660,ndi
1786506057.119907,38.615782,0.007670,-0.022860,-1.536550,ndi
1786506057.137392,38.633266,0.007640,-0.022920,-1.536530,ndi
1786506057.152366,38.648241,0.007610,-0.022950,-1.536380,ndi
1786506057.169775,38.665650,0.007600,-0.022990,-1.536310,ndi
1786506057.187223,38.683098,0.007550,-0.023070,-1.536250,ndi
1786506057.202272,38.698147,0.007540,-0.023120,-1.536210,ndi
1786506057.219798,38.715673,0.007490,-0.023150,-1.536100,ndi
1786506057.237444,38.733319,0.007450,-0.023220,-1.535990,ndi
1786506057.252382,38.748257,0.007440,-0.023290,-1.535960,ndi
1786506057.269757,38.765631,0.007390,-0.023330,-1.535900,ndi
1786506057.284868,38.780743,0.007390,-0.023350,-1.535810,ndi
1786506057.302301,38.798176,0.007260,-0.023540,-1.535540,ndi
1786506057.319824,38.815699,0.007230,-0.023600,-1.535510,ndi
1786506057.337440,38.833315,0.007240,-0.023630,-1.535440,ndi
1786506057.352425,38.848300,0.007180,-0.023670,-1.535370,ndi
1786506057.369784,38.865659,0.007140,-0.023770,-1.535280,ndi
1786506057.384871,38.880746,0.007080,-0.023840,-1.535160,ndi
1786506057.402275,38.898150,0.007030,-0.023880,-1.535090,ndi
1786506057.419780,38.915655,0.007030,-0.023900,-1.535070,ndi
1786506057.435026,38.930901,0.006990,-0.023920,-1.535000,ndi
1786506057.452404,38.948279,0.006980,-0.023960,-1.534980,ndi
1786506057.469802,38.965677,0.006960,-0.023990,-1.534950,ndi
1786506057.484896,38.980771,0.006920,-0.024030,-1.534850,ndi
1786506057.502302,38.998177,0.006880,-0.024100,-1.534780,ndi
1786506057.519848,39.015723,0.006810,-0.024170,-1.534640,ndi
1786506057.537522,39.033397,0.006780,-0.024220,-1.534610,ndi
1786506057.552407,39.048281,0.006730,-0.024290,-1.534480,ndi
1786506057.569790,39.065665,0.006690,-0.024320,-1.534390,ndi
1786506057.584886,39.080760,0.006700,-0.024330,-1.534430,ndi
1786506057.602459,39.098334,0.006680,-0.024340,-1.534410,ndi
1786506057.620010,39.115885,0.006660,-0.024360,-1.534360,ndi
1786506057.637489,39.133364,0.006620,-0.024410,-1.534300,ndi
1786506057.652414,39.148288,0.006550,-0.024470,-1.534200,ndi
1786506057.669803,39.165678,0.006520,-0.024540,-1.534140,ndi
1786506057.684962,39.180837,0.006490,-0.024570,-1.534140,ndi
1786506057.702378,39.198253,0.006450,-0.024590,-1.534070,ndi
1786506057.719868,39.215743,0.006420,-0.024640,-1.534020,ndi
1786506057.737429,39.233304,0.006360,-0.024700,-1.533920,ndi
1786506057.752395,39.248270,0.006340,-0.024740,-1.533870,ndi
1786506057.769771,39.265646,0.006290,-0.024780,-1.533800,ndi
1786506057.784925,39.280800,0.006230,-0.024830,-1.533720,ndi
1786506057.802274,39.298149,0.006200,-0.024900,-1.533610,ndi
1786506057.819837,39.315712,0.006120,-0.024940,-1.533540,ndi
1786506057.834938,39.330812,0.006100,-0.024970,-1.533480,ndi
1786506057.852425,39.348300,0.006030,-0.025030,-1.533390,ndi
1786506057.869794,39.365669,0.005990,-0.025090,-1.533380,ndi
1786506057.884869,39.380744,0.005970,-0.025140,-1.533280,ndi
1786506057.902401,39.398276,0.005860,-0.025210,-1.533210,ndi
1786506057.919953,39.415828,0.005810,-0.025270,-1.533130,ndi
1786506057.934981,39.430856,0.005750,-0.025330,-1.533020,ndi
1786506057.952392,39.448267,0.005700,-0.025370,-1.532930,ndi
1786506057.969821,39.465696,0.005690,-0.025390,-1.532930,ndi
1786506057.984868,39.480743,0.005630,-0.025410,-1.532870,ndi
1786506058.002339,39.498214,0.005570,-0.025490,-1.532770,ndi
1786506058.019847,39.515722,0.005530,-0.025530,-1.532700,ndi
1786506058.034818,39.530693,0.005470,-0.025560,-1.532630,ndi
1786506058.052402,39.548277,0.005450,-0.025610,-1.532610,ndi
1786506058.069774,39.565649,0.005380,-0.025640,-1.532500,ndi
1786506058.084902,39.580777,0.005370,-0.025670,-1.532550,ndi
1786506058.102392,39.598267,0.005300,-0.025700,-1.532440,ndi
1786506058.119988,39.615863,0.005260,-0.025750,-1.532420,ndi
1786506058.137473,39.633348,0.005250,-0.025780,-1.532420,ndi
1786506058.152394,39.648268,0.005210,-0.025770,-1.532310,ndi
1786506058.169817,39.665692,0.005170,-0.025830,-1.532270,ndi
1786506058.184869,39.680744,0.005120,-0.025870,-1.532200,ndi
1786506058.202319,39.698194,0.005060,-0.025910,-1.532170,ndi
1786506058.219820,39.715694,0.005040,-0.025920,-1.532130,ndi
1786506058.235018,39.730892,0.004990,-0.025950,-1.532100,ndi
1786506058.252405,39.748280,0.004940,-0.026020,-1.531980,ndi
1786506058.269797,39.765672,0.004890,-0.026050,-1.531910,ndi
1786506058.284877,39.780751,0.004840,-0.026050,-1.531880,ndi
1786506058.302426,39.798301,0.004780,-0.026130,-1.531880,ndi
1786506058.319979,39.815854,0.004660,-0.026240,-1.531740,ndi
1786506058.335035,39.830910,0.004610,-0.026270,-1.531640,ndi
1786506058.352329,39.848203,0.004550,-0.026320,-1.531570,ndi
1786506058.369876,39.865751,0.004440,-0.026390,-1.531480,ndi
1786506058.384894,39.880769,0.004400,-0.026450,-1.531470,ndi
1786506058.402354,39.898229,0.004310,-0.026490,-1.531400,ndi
1786506058.419801,39.915676,0.004230,-0.026540,-1.531300,ndi
1786506058.435158,39.931033,0.004200,-0.026590,-1.531280,ndi
1786506058.452433,39.948308,0.004130,-0.026630,-1.531200,ndi
1786506058.469849,39.965724,0.004090,-0.026640,-1.531200,ndi
1786506058.484905,39.980780,0.004020,-0.026690,-1.531090,ndi
1786506058.502332,39.998207,0.003940,-0.026760,-1.531060,ndi
1786506058.519839,40.015714,0.003920,-0.026780,-1.531010,ndi
1786506058.537556,40.033431,0.003860,-0.026780,-1.530950,ndi
1786506058.552392,40.048267,0.003830,-0.026810,-1.530930,ndi
1786506058.569809,40.065684,0.003780,-0.026850,-1.530870,ndi
1786506058.584878,40.080753,0.003720,-0.026880,-1.530820,ndi
1786506058.602350,40.098225,0.003680,-0.026900,-1.530780,ndi
1786506058.619864,40.115739,0.003590,-0.026940,-1.530690,ndi
1786506058.634938,40.130813,0.003520,-0.027020,-1.530670,ndi
1786506058.652351,40.148226,0.003400,-0.027080,-1.530550,ndi
1786506058.669825,40.165700,0.003350,-0.027090,-1.530470,ndi
1786506058.684851,40.180726,0.003340,-0.027120,-1.530470,ndi
1786506058.702325,40.198200,0.003290,-0.027160,-1.530460,ndi
1786506058.719830,40.215705,0.003300,-0.027150,-1.530470,ndi
1786506058.735012,40.230887,0.003190,-0.027200,-1.530380,ndi
1786506058.752334,40.248209,0.003090,-0.027270,-1.530260,ndi
1786506058.769823,40.265698,0.003090,-0.027300,-1.530270,ndi
1786506058.784886,40.280761,0.003010,-0.027280,-1.530250,ndi
1786506058.802336,40.298211,0.003000,-0.027320,-1.530200,ndi
1786506058.819956,40.315831,0.002930,-0.027370,-1.530170,ndi
1786506058.837434,40.333308,0.002840,-0.027400,-1.530120,ndi
1786506058.852410,40.348284,0.002830,-0.027410,-1.530100,ndi
1786506058.869807,40.365681,0.002740,-0.027450,-1.530020,ndi
1786506058.884835,40.380710,0.002710,-0.027500,-1.530050,ndi
1786506058.902443,40.398318,0.002660,-0.027510,-1.529980,ndi
1786506058.919926,40.415801,0.002570,-0.027530,-1.529920,ndi
1786506058.935098,40.430973,0.002530,-0.027590,-1.529880,ndi
1786506058.952439,40.448314,0.002450,-0.027630,-1.529870,ndi
1786506058.969809,40.465684,0.002370,-0.027660,-1.529800,ndi
1786506058.984899,40.480774,0.002300,-0.027670,-1.529750,ndi
1786506059.002336,40.498211,0.002190,-0.027750,-1.529670,ndi
1786506059.019905,40.515779,0.002160,-0.027800,-1.529650,ndi
1786506059.034937,40.530812,0.002080,-0.027800,-1.529580,ndi
1786506059.052393,40.548268,0.001950,-0.027850,-1.529510,ndi
1786506059.069809,40.565684,0.001880,-0.027910,-1.529460,ndi
1786506059.087314,40.583189,0.001810,-0.027960,-1.529440,ndi
1786506059.102447,40.598321,0.001800,-0.027960,-1.529390,ndi
1786506059.119836,40.615711,0.001710,-0.027970,-1.529310,ndi
1786506059.137345,40.633219,0.001630,-0.028030,-1.529280,ndi
1786506059.152363,40.648238,0.001560,-0.028080,-1.529260,ndi
1786506059.169802,40.665677,0.001500,-0.028070,-1.529160,ndi
1786506059.184875,40.680750,0.001450,-0.028090,-1.529180,ndi
1786506059.202440,40.698315,0.001380,-0.028140,-1.529120,ndi
1786506059.219878,40.715753,0.001300,-0.028190,-1.529080,ndi
1786506059.234984,40.730859,0.001270,-0.028190,-1.529060,ndi
1786506059.252396,40.748271,0.001200,-0.028190,-1.529040,ndi
1786506059.269827,40.765702,0.001210,-0.028230,-1.529050,ndi
1786506059.284900,40.780775,0.001150,-0.028260,-1.529000,ndi
1786506059.302399,40.798274,0.001040,-0.028280,-1.528940,ndi
1786506059.319816,40.815691,0.000990,-0.028300,-1.528900,ndi
1786506059.334977,40.830852,0.000900,-0.028350,-1.528860,ndi
1786506059.352350,40.848225,0.000880,-0.028380,-1.528850,ndi
1786506059.369862,40.865737,0.000810,-0.028360,-1.528790,ndi
1786506059.384887,40.880762,0.000770,-0.028390,-1.528780,ndi
1786506059.402515,40.898390,0.000690,-0.028460,-1.528760,ndi
1786506059.419928,40.915802,0.000600,-0.028480,-1.528710,ndi
1786506059.435146,40.931020,0.000560,-0.028480,-1.528660,ndi
1786506059.452437,40.948312,0.000500,-0.028510,-1.528660,ndi
1786506059.469798,40.965673,0.000410,-0.028570,-1.528600,ndi
1786506059.484870,40.980745,0.000360,-0.028580,-1.528610,ndi
1786506059.502350,40.998225,0.000290,-0.028580,-1.528510,ndi
1786506059.519861,41.015735,0.000220,-0.028610,-1.528520,ndi
1786506059.535023,41.030898,0.000160,-0.028660,-1.528480,ndi
1786506059.552441,41.048316,0.000080,-0.028670,-1.528420,ndi
1786506059.569838,41.065713,0.000030,-0.028680,-1.528390,ndi
1786506059.584892,41.080767,-0.000030,-0.028700,-1.528370,ndi
1786506059.602417,41.098292,-0.000140,-0.028770,-1.528330,ndi
1786506059.619913,41.115788,-0.000190,-0.028770,-1.528320,ndi
1786506059.637540,41.133415,-0.000250,-0.028760,-1.528260,ndi
1786506059.652533,41.148407,-0.000290,-0.028800,-1.528310,ndi
1786506059.669815,41.165689,-0.000380,-0.028870,-1.528250,ndi
1786506059.684923,41.180798,-0.000420,-0.028860,-1.528220,ndi
1786506059.702374,41.198249,-0.000480,-0.028860,-1.528180,ndi
1786506059.719884,41.215759,-0.000550,-0.028900,-1.528140,ndi
1786506059.735000,41.230875,-0.000610,-0.028950,-1.528120,ndi
1786506059.752351,41.248226,-0.000700,-0.028940,-1.528080,ndi
1786506059.769836,41.265711,-0.000790,-0.028950,-1.528050,ndi
1786506059.784919,41.280794,-0.000830,-0.028990,-1.528040,ndi
1786506059.802420,41.298295,-0.000880,-0.029020,-1.527970,ndi
1786506059.819903,41.315778,-0.000900,-0.029010,-1.527990,ndi
1786506059.835078,41.330953,-0.000940,-0.029000,-1.527990,ndi
1786506059.852399,41.348274,-0.001120,-0.029070,-1.527910,ndi
1786506059.869829,41.365704,-0.001170,-0.029110,-1.527940,ndi
1786506059.887335,41.383209,-0.001250,-0.029100,-1.527880,ndi
1786506059.902435,41.398310,-0.001290,-0.029120,-1.527830,ndi
1786506059.919934,41.415809,-0.001440,-0.029170,-1.527790,ndi
1786506059.935020,41.430895,-0.001500,-0.029190,-1.527790,ndi
1786506059.952371,41.448246,-0.001550,-0.029180,-1.527770,ndi
1786506059.969797,41.465672,-0.001640,-0.029200,-1.527740,ndi
1786506059.984881,41.480756,-0.001670,-0.029240,-1.527730,ndi
1786506060.002386,41.498261,-0.001750,-0.029240,-1.527700,ndi
1786506060.019857,41.515732,-0.001850,-0.029250,-1.527650,ndi
1786506060.035226,41.531101,-0.001900,-0.029280,-1.527630,ndi
1786506060.052417,41.548292,-0.002020,-0.029320,-1.527590,ndi
1786506060.069875,41.565749,-0.002140,-0.029350,-1.527560,ndi
1786506060.087367,41.583241,-0.002230,-0.029350,-1.527500,ndi
1786506060.102405,41.598279,-0.002370,-0.029400,-1.527480,ndi
1786506060.119961,41.615836,-0.002480,-0.029440,-1.527460,ndi
1786506060.135140,41.631015,-0.002590,-0.029450,-1.527400,ndi
1786506060.152444,41.648319,-0.002700,-0.029470,-1.527370,ndi
1786506060.169821,41.665696,-0.002870,-0.029520,-1.527320,ndi
1786506060.184880,41.680755,-0.002960,-0.029550,-1.527280,ndi
1786506060.202404,41.698279,-0.003010,-0.029560,-1.527280,ndi
1786506060.219878,41.715753,-0.003090,-0.029560,-1.527260,ndi
1786506060.235023,41.730898,-0.003120,-0.029580,-1.527240,ndi
1786506060.252485,41.748359,-0.003180,-0.029600,-1.527240,ndi
1786506060.269863,41.765738,-0.003240,-0.029600,-1.527220,ndi
1786506060.287301,41.783176,-0.003270,-0.029610,-1.527190,ndi
1786506060.302342,41.798217,-0.003360,-0.029630,-1.527120,ndi
1786506060.319898,41.815773,-0.003420,-0.029640,-1.527160,ndi
1786506060.334927,41.830801,-0.003490,-0.029650,-1.527140,ndi
1786506060.352314,41.848189,-0.003550,-0.029660,-1.527110,ndi
1786506060.369844,41.865719,-0.003580,-0.029680,-1.527140,ndi
1786506060.387318,41.883193,-0.003620,-0.029680,-1.527110,ndi
1786506060.402362,41.898237,-0.003660,-0.029680,-1.527130,ndi
1786506060.419879,41.915754,-0.003730,-0.029700,-1.527090,ndi
1786506060.434890,41.930765,-0.003800,-0.029710,-1.527060,ndi
1786506060.452318,41.948193,-0.003820,-0.029710,-1.527070,ndi
1786506060.469837,41.965712,-0.003890,-0.029730,-1.527070,ndi
1786506060.487328,41.983203,-0.003940,-0.029730,-1.527040,ndi
1786506060.502351,41.998226,-0.003990,-0.029740,-1.527060,ndi
1786506060.519862,42.015737,-0.004070,-0.029750,-1.527010,ndi
1786506060.534917,42.030792,-0.004120,-0.029770,-1.526990,ndi
1786506060.552350,42.048225,-0.004220,-0.029780,-1.527030,ndi
1786506060.569827,42.065701,-0.004310,-0.029790,-1.526960,ndi
1786506060.584849,42.080724,-0.004350,-0.029800,-1.526970,ndi
1786506060.602484,42.098358,-0.004460,-0.029820,-1.526960,ndi
1786506060.619961,42.115835,-0.004550,-0.029840,-1.526950,ndi
1786506060.635050,42.130925,-0.004640,-0.029840,-1.526900,ndi
1786506060.652445,42.148320,-0.004710,-0.029850,-1.526900,ndi
1786506060.669833,42.165708,-0.004770,-0.029860,-1.526900,ndi
1786506060.684855,42.180730,-0.004840,-0.029870,-1.526800,ndi
1786506060.702371,42.198246,-0.004910,-0.029880,-1.526860,ndi
1786506060.719937,42.215812,-0.005140,-0.029910,-1.526840,ndi
1786506060.735119,42.230994,-0.005220,-0.029940,-1.526830,ndi
1786506060.752478,42.248353,-0.005250,-0.029940,-1.526830,ndi
1786506060.769831,42.265706,-0.005330,-0.029940,-1.526790,ndi
1786506060.784824,42.280699,-0.005410,-0.029950,-1.526770,ndi
1786506060.802439,42.298314,-0.005570,-0.029980,-1.526740,ndi
1786506060.819911,42.315786,-0.005640,-0.029990,-1.526730,ndi
1786506060.834911,42.330786,-0.005680,-0.029990,-1.526730,ndi
1786506060.852373,42.348248,-0.005790,-0.030010,-1.526710,ndi
1786506060.869853,42.365728,-0.005850,-0.030020,-1.526720,ndi
1786506060.887343,42.383218,-0.005970,-0.030020,-1.526680,ndi
1786506060.902385,42.398260,-0.006070,-0.030030,-1.526690,ndi
1786506060.919891,42.415766,-0.006110,-0.030050,-1.526680,ndi
1786506060.935117,42.430991,-0.006150,-0.030050,-1.526660,ndi
1786506060.952486,42.448361,-0.006170,-0.030050,-1.526660,ndi
1786506060.969849,42.465724,-0.006240,-0.030050,-1.526660,ndi
1786506060.984858,42.480732,-0.006290,-0.030060,-1.526650,ndi
1786506061.002475,42.498350,-0.006310,-0.030070,-1.526680,ndi
1786506061.019979,42.515854,-0.006390,-0.030060,-1.526650,ndi
1786506061.035087,42.530962,-0.006420,-0.030080,-1.526680,ndi
1786506061.052478,42.548352,-0.006480,-0.030090,-1.526650,ndi
1786506061.069858,42.565733,-0.006580,-0.030090,-1.526650,ndi
1786506061.087363,42.583238,-0.006630,-0.030080,-1.526670,ndi
1786506061.102517,42.598392,-0.006740,-0.030090,-1.526650,ndi
1786506061.120080,42.615955,-0.006810,-0.030100,-1.526620,ndi
1786506061.135104,42.630979,-0.006860,-0.030100,-1.526650,ndi
1786506061.152479,42.648354,-0.006990,-0.030100,-1.526580,ndi
1786506061.169861,42.665736,-0.007030,-0.030110,-1.526620,ndi
1786506061.184853,42.680728,-0.007100,-0.030110,-1.526600,ndi
1786506061.202380,42.698255,-0.007180,-0.030100,-1.526610,ndi
1786506061.219836,42.715711,-0.007250,-0.030110,-1.526580,ndi
1786506061.234935,42.730810,-0.007320,-0.030130,-1.526600,ndi
1786506061.252384,42.748259,-0.007400,-0.030130,-1.526610,ndi
1786506061.269831,42.765706,-0.007550,-0.030110,-1.526590,ndi
1786506061.287352,42.783226,-0.007620,-0.030120,-1.526600,ndi
1786506061.302355,42.798230,-0.007660,-0.030130,-1.526610,ndi
1786506061.319904,42.815779,-0.007730,-0.030120,-1.526580,ndi
1786506061.334998,42.830873,-0.007770,-0.030120,-1.526600,ndi
1786506061.352357,42.848232,-0.007870,-0.030120,-1.526620,ndi
1786506061.369844,42.865719,-0.007940,-0.030130,-1.526590,ndi
1786506061.384864,42.880739,-0.007970,-0.030130,-1.526600,ndi
1786506061.402389,42.898264,-0.008030,-0.030120,-1.526580,ndi
1786506061.419882,42.915757,-0.008080,-0.030130,-1.526630,ndi
1786506061.435021,42.930896,-0.008150,-0.030140,-1.526620,ndi
1786506061.452415,42.948290,-0.008200,-0.030120,-1.526620,ndi
1786506061.469841,42.965716,-0.008250,-0.030130,-1.526670,ndi
1786506061.487336,42.983211,-0.008320,-0.030140,-1.526640,ndi
1786506061.502373,42.998248,-0.008310,-0.030130,-1.526620,ndi
1786506061.519864,43.015739,-0.008380,-0.030120,-1.526640,ndi
1786506061.534980,43.030855,-0.008440,-0.030130,-1.526630,ndi
1786506061.552376,43.048250,-0.008480,-0.030150,-1.526620,ndi
1786506061.569841,43.065716,-0.008570,-0.030130,-1.526610,ndi
1786506061.584898,43.080772,-0.008600,-0.030120,-1.526610,ndi
1786506061.602437,43.098312,-0.008690,-0.030130,-1.526630,ndi
1786506061.619932,43.115807,-0.008740,-0.030140,-1.526620,ndi
1786506061.634997,43.130872,-0.008790,-0.030130,-1.526620,ndi
1786506061.652411,43.148286,-0.008900,-0.030110,-1.526610,ndi
1786506061.669846,43.165721,-0.008970,-0.030130,-1.526660,ndi
1786506061.687344,43.183218,-0.009040,-0.030130,-1.526660,ndi
1786506061.702375,43.198250,-0.009140,-0.030110,-1.526660,ndi
1786506061.719889,43.215764,-0.009190,-0.030110,-1.526650,ndi
1786506061.737373,43.233248,-0.009290,-0.030120,-1.526660,ndi
1786506061.752360,43.248235,-0.009400,-0.030110,-1.526660,ndi
1786506061.769866,43.265740,-0.009450,-0.030090,-1.526680,ndi
1786506061.784966,43.280841,-0.009540,-0.030100,-1.526680,ndi
1786506061.802388,43.298263,-0.009640,-0.030100,-1.526730,ndi
1786506061.819926,43.315801,-0.009740,-0.030090,-1.526710,ndi
1786506061.837406,43.333281,-0.009880,-0.030070,-1.526720,ndi
1786506061.852415,43.348289,-0.009930,-0.030080,-1.526730,ndi
1786506061.869879,43.365753,-0.010080,-0.030080,-1.526770,ndi
1786506061.884911,43.380786,-0.010130,-0.030070,-1.526750,ndi
1786506061.902385,43.398260,-0.010250,-0.030050,-1.526780,ndi
1786506061.920026,43.415901,-0.010310,-0.030050,-1.526780,ndi
1786506061.935194,43.431069,-0.010370,-0.030060,-1.526790,ndi
1786506061.952445,43.448319,-0.010460,-0.030030,-1.526770,ndi
1786506061.969840,43.465715,-0.010510,-0.030040,-1.526850,ndi
1786506061.987341,43.483216,-0.010640,-0.030040,-1.526840,ndi
1786506062.002391,43.498266,-0.010730,-0.030030,-1.526870,ndi
1786506062.019844,43.515718,-0.010780,-0.030010,-1.526880,ndi
1786506062.034930,43.530805,-0.010830,-0.030020,-1.526890,ndi
1786506062.052443,43.548317,-0.010810,-0.030030,-1.526900,ndi
1786506062.069880,43.565755,-0.010920,-0.030000,-1.526870,ndi
1786506062.087404,43.583278,-0.010980,-0.030000,-1.526890,ndi
1786506062.102394,43.598269,-0.011030,-0.030000,-1.526940,ndi
1786506062.119945,43.615820,-0.011110,-0.029980,-1.526900,ndi
1786506062.135102,43.630977,-0.011130,-0.029970,-1.526940,ndi
1786506062.152495,43.648370,-0.011190,-0.029970,-1.526940,ndi
1786506062.169854,43.665729,-0.011280,-0.029980,-1.526950,ndi
1786506062.184963,43.680838,-0.011320,-0.029970,-1.526980,ndi
1786506062.202388,43.698263,-0.011400,-0.029940,-1.526980,ndi
1786506062.219902,43.715777,-0.011460,-0.029940,-1.526980,ndi
1786506062.234887,43.730762,-0.011520,-0.029940,-1.527010,ndi
1786506062.252515,43.748389,-0.011620,-0.029910,-1.527000,ndi
1786506062.269897,43.765771,-0.011700,-0.029900,-1.527040,ndi
1786506062.287339,43.783214,-0.011800,-0.029900,-1.527030,ndi
1786506062.302499,43.798374,-0.011860,-0.029890,-1.527060,ndi
1786506062.320089,43.815964,-0.011930,-0.029860,-1.527080,ndi
1786506062.337508,43.833383,-0.011990,-0.029860,-1.527110,ndi
1786506062.352406,43.848281,-0.012040,-0.029870,-1.527140,ndi
1786506062.369861,43.865736,-0.012130,-0.029850,-1.527150,ndi
1786506062.384869,43.880744,-0.012250,-0.029820,-1.527190,ndi
1786506062.402476,43.898351,-0.012320,-0.029810,-1.527240,ndi
1786506062.419999,43.915874,-0.012410,-0.029810,-1.527230,ndi
1786506062.435111,43.930985,-0.012420,-0.029800,-1.527230,ndi
1786506062.452533,43.948408,-0.012500,-0.029780,-1.527270,ndi
1786506062.469885,43.965760,-0.012580,-0.029780,-1.527300,ndi
1786506062.487355,43.983230,-0.012660,-0.029780,-1.527320,ndi
1786506062.502400,43.998275,-0.012710,-0.029750,-1.527330,ndi
1786506062.519914,44.015789,-0.012760,-0.029730,-1.527360,ndi
1786506062.537397,44.033272,-0.012850,-0.029740,-1.527360,ndi
1786506062.552395,44.048270,-0.012910,-0.029740,-1.527410,ndi
1786506062.569853,44.065727,-0.012980,-0.029700,-1.527420,ndi
1786506062.584873,44.080748,-0.013040,-0.029700,-1.527440,ndi
1786506062.602471,44.098346,-0.013040,-0.029710,-1.527440,ndi
1786506062.620028,44.115903,-0.013090,-0.029690,-1.527420,ndi
1786506062.635138,44.131012,-0.013170,-0.029660,-1.527470,ndi
1786506062.652501,44.148376,-0.013230,-0.029650,-1.527490,ndi
1786506062.669976,44.165851,-0.013320,-0.029650,-1.527480,ndi
1786506062.684892,44.180767,-0.013370,-0.029640,-1.527520,ndi
1786506062.702399,44.198274,-0.013450,-0.029610,-1.527530,ndi
1786506062.719930,44.215805,-0.013530,-0.029600,-1.527570,ndi
1786506062.734998,44.230873,-0.013550,-0.029600,-1.527580,ndi
1786506062.752424,44.248299,-0.013660,-0.029570,-1.527630,ndi
1786506062.769858,44.265733,-0.013710,-0.029550,-1.527650,ndi
1786506062.784953,44.280828,-0.013790,-0.029540,-1.527690,ndi
1786506062.802388,44.298263,-0.013850,-0.029540,-1.527730,ndi
1786506062.819998,44.315872,-0.013910,-0.029510,-1.527750,ndi
1786506062.835045,44.330920,-0.014000,-0.029490,-1.527730,ndi
1786506062.852496,44.348371,-0.014050,-0.029480,-1.527810,ndi
1786506062.869896,44.365771,-0.014130,-0.029480,-1.527820,ndi
1786506062.884925,44.380800,-0.014200,-0.029460,-1.527860,ndi
1786506062.902406,44.398281,-0.014230,-0.029430,-1.527880,ndi
1786506062.919922,44.415797,-0.014320,-0.029430,-1.527890,ndi
1786506062.937418,44.433293,-0.014380,-0.029410,-1.527950,ndi
1786506062.952410,44.448285,-0.014490,-0.029370,-1.527990,ndi
1786506062.969918,44.465793,-0.014540,-0.029370,-1.528000,ndi
1786506062.987372,44.483247,-0.014600,-0.029350,-1.528080,ndi
1786506063.002506,44.498381,-0.014660,-0.029340,-1.528070,ndi
1786506063.019958,44.515833,-0.014720,-0.029310,-1.528070,ndi
1786506063.035076,44.530951,-0.014800,-0.029290,-1.528100,ndi
1786506063.052465,44.548340,-0.014900,-0.029280,-1.528160,ndi
1786506063.069887,44.565762,-0.014950,-0.029260,-1.528200,ndi
1786506063.085058,44.580933,-0.015030,-0.029240,-1.528220,ndi
1786506063.102445,44.598320,-0.015140,-0.029210,-1.528290,ndi
1786506063.120043,44.615917,-0.015200,-0.029190,-1.528300,ndi
1786506063.135213,44.631088,-0.015270,-0.029170,-1.528340,ndi
1786506063.152514,44.648389,-0.015280,-0.029160,-1.528350,ndi
1786506063.169871,44.665746,-0.015330,-0.029150,-1.528360,ndi
1786506063.184971,44.680846,-0.015410,-0.029130,-1.528420,ndi
1786506063.202417,44.698292,-0.015440,-0.029110,-1.528420,ndi
1786506063.219891,44.715766,-0.015550,-0.029080,-1.528460,ndi
1786506063.237416,44.733291,-0.015600,-0.029060,-1.528500,ndi
1786506063.252415,44.748290,-0.015680,-0.029040,-1.528530,ndi
1786506063.269900,44.765775,-0.015750,-0.029010,-1.528560,ndi
1786506063.284906,44.780781,-0.015800,-0.028990,-1.528580,ndi
1786506063.302411,44.798285,-0.015880,-0.028980,-1.528590,ndi
1786506063.319919,44.815794,-0.015930,-0.028960,-1.528670,ndi
1786506063.334927,44.830802,-0.016030,-0.028930,-1.528670,ndi
1786506063.352417,44.848291,-0.016110,-0.028890,-1.528740,ndi
1786506063.369863,44.865737,-0.016170,-0.028880,-1.528780,ndi
1786506063.384889,44.880764,-0.016260,-0.028850,-1.528820,ndi
1786506063.402489,44.898364,-0.016300,-0.028820,-1.528870,ndi
1786506063.420005,44.915880,-0.016390,-0.028790,-1.528900,ndi
1786506063.435058,44.930933,-0.016470,-0.028770,-1.528920,ndi
1786506063.452460,44.948335,-0.016510,-0.028750,-1.529020,ndi
1786506063.469917,44.965792,-0.016620,-0.028710,-1.528980,ndi
1786506063.485034,44.980909,-0.016650,-0.028700,-1.529070,ndi
1786506063.502568,44.998443,-0.016710,-0.028670,-1.529110,ndi
1786506063.520100,45.015975,-0.016830,-0.028640,-1.529190,ndi
1786506063.537536,45.033411,-0.016870,-0.028610,-1.529240,ndi
1786506063.552500,45.048374,-0.016930,-0.028580,-1.529260,ndi
1786506063.569905,45.065780,-0.016950,-0.028570,-1.529270,ndi
1786506063.584912,45.080787,-0.016990,-0.028570,-1.529330,ndi
1786506063.602481,45.098356,-0.017070,-0.028530,-1.529370,ndi
1786506063.620075,45.115950,-0.017120,-0.028490,-1.529410,ndi
1786506063.635209,45.131083,-0.017190,-0.028480,-1.529450,ndi
1786506063.652508,45.148383,-0.017260,-0.028460,-1.529460,ndi
1786506063.669909,45.165783,-0.017330,-0.028420,-1.529510,ndi
1786506063.684928,45.180803,-0.017410,-0.028390,-1.529560,ndi
1786506063.702383,45.198258,-0.017440,-0.028370,-1.529620,ndi
1786506063.719958,45.215833,-0.017500,-0.028360,-1.529580,ndi
1786506063.735180,45.231055,-0.017490,-0.028360,-1.529590,ndi
1786506063.752503,45.248378,-0.017570,-0.028320,-1.529680,ndi
1786506063.769882,45.265757,-0.017630,-0.028300,-1.529720,ndi
1786506063.784925,45.280799,-0.017680,-0.028270,-1.529760,ndi
1786506063.802388,45.298263,-0.017750,-0.028250,-1.529800,ndi
1786506063.820013,45.315888,-0.017820,-0.028210,-1.529880,ndi
1786506063.835198,45.331073,-0.017870,-0.028180,-1.529940,ndi
1786506063.852569,45.348444,-0.017930,-0.028170,-1.529930,ndi
1786506063.869935,45.365809,-0.017970,-0.028130,-1.529990,ndi
1786506063.884993,45.380868,-0.018040,-0.028110,-1.529990,ndi
1786506063.902467,45.398342,-0.018120,-0.028070,-1.530040,ndi
1786506063.920131,45.416006,-0.018170,-0.028040,-1.530100,ndi
1786506063.935364,45.431238,-0.018250,-0.028000,-1.530150,ndi
1786506063.952546,45.448421,-0.018310,-0.027970,-1.530230,ndi
1786506063.969864,45.465739,-0.018380,-0.027940,-1.530280,ndi
1786506063.984925,45.480799,-0.018440,-0.027900,-1.530300,ndi
1786506064.002434,45.498309,-0.018480,-0.027870,-1.530360,ndi
1786506064.020011,45.515886,-0.018580,-0.027830,-1.530390,ndi
1786506064.037618,45.533493,-0.018610,-0.027810,-1.530470,ndi
1786506064.052590,45.548465,-0.018680,-0.027770,-1.530510,ndi
1786506064.069939,45.565814,-0.018790,-0.027710,-1.530560,ndi
1786506064.084923,45.580798,-0.018820,-0.027700,-1.530600,ndi
1786506064.102474,45.598349,-0.018900,-0.027650,-1.530670,ndi
1786506064.119978,45.615853,-0.018920,-0.027620,-1.530700,ndi
1786506064.135127,45.631002,-0.018960,-0.027620,-1.530740,ndi
1786506064.152526,45.648401,-0.019040,-0.027590,-1.530750,ndi
1786506064.169919,45.665794,-0.019080,-0.027540,-1.530850,ndi
1786506064.187382,45.683257,-0.019150,-0.027500,-1.530860,ndi
1786506064.202435,45.698310,-0.019180,-0.027490,-1.530880,ndi
1786506064.220035,45.715909,-0.019260,-0.027450,-1.530980,ndi
1786506064.235114,45.730989,-0.019330,-0.027400,-1.531010,ndi
1786506064.252498,45.748373,-0.019380,-0.027360,-1.531090,ndi
1786506064.269967,45.765842,-0.019420,-0.027360,-1.531140,ndi
1786506064.284916,45.780791,-0.019440,-0.027340,-1.531120,ndi
1786506064.302458,45.798333,-0.019450,-0.027310,-1.531160,ndi
1786506064.319939,45.815814,-0.019520,-0.027290,-1.531230,ndi
1786506064.334969,45.830844,-0.019540,-0.027280,-1.531260,ndi
1786506064.352383,45.848258,-0.019610,-0.027220,-1.531330,ndi
1786506064.369904,45.865779,-0.019640,-0.027190,-1.531340,ndi
1786506064.384918,45.880793,-0.019710,-0.027160,-1.531400,ndi
1786506064.402403,45.898278,-0.019760,-0.027140,-1.531410,ndi
1786506064.419986,45.915861,-0.019790,-0.027080,-1.531480,ndi
1786506064.437464,45.933339,-0.019890,-0.027040,-1.531540,ndi
1786506064.452422,45.948297,-0.019930,-0.027030,-1.531550,ndi
1786506064.470028,45.965903,-0.019970,-0.027000,-1.531600,ndi
1786506064.484923,45.980798,-0.020040,-0.026930,-1.531630,ndi
1786506064.502472,45.998347,-0.020080,-0.026880,-1.531710,ndi
1786506064.519947,46.015822,-0.020150,-0.026870,-1.531760,ndi
1786506064.534966,46.030841,-0.020200,-0.026840,-1.531820,ndi
1786506064.552462,46.048337,-0.020230,-0.026770,-1.531890,ndi
1786506064.570050,46.065925,-0.020320,-0.026720,-1.531910,ndi
1786506064.585054,46.080929,-0.020350,-0.026710,-1.532010,ndi
1786506064.602525,46.098400,-0.020420,-0.026660,-1.532050,ndi
1786506064.620042,46.115917,-0.020480,-0.026600,-1.532120,ndi
1786506064.635161,46.131036,-0.020560,-0.026530,-1.532230,ndi
1786506064.652527,46.148402,-0.020620,-0.026530,-1.532250,ndi
1786506064.669903,46.165777,-0.020670,-0.026470,-1.532350,ndi
1786506064.684905,46.180780,-0.020710,-0.026430,-1.532360,ndi
1786506064.702482,46.198357,-0.020770,-0.026390,-1.532410,ndi
1786506064.719979,46.215854,-0.020800,-0.026380,-1.532470,ndi
1786506064.735031,46.230906,-0.020880,-0.026320,-1.532510,ndi
1786506064.752480,46.248355,-0.020910,-0.026270,-1.532600,ndi
1786506064.769901,46.265775,-0.020970,-0.026240,-1.532670,ndi
1786506064.784950,46.280825,-0.021000,-0.026220,-1.532680,ndi
1786506064.802473,46.298348,-0.021070,-0.026140,-1.532820,ndi
1786506064.819977,46.315852,-0.021140,-0.026090,-1.532850,ndi
1786506064.835066,46.330941,-0.021150,-0.026100,-1.532900,ndi
1786506064.852471,46.348346,-0.021170,-0.026090,-1.532910,ndi
1786506064.869910,46.365785,-0.021190,-0.026030,-1.532950,ndi
1786506064.887402,46.383277,-0.021230,-0.025990,-1.533010,ndi
1786506064.902617,46.398492,-0.021290,-0.025980,-1.533040,ndi
1786506064.920088,46.415962,-0.021330,-0.025930,-1.533130,ndi
1786506064.935232,46.431107,-0.021360,-0.025870,-1.533160,ndi
1786506064.952551,46.448426,-0.021430,-0.025830,-1.533210,ndi
1786506064.969929,46.465804,-0.021440,-0.025830,-1.533320,ndi
1786506064.984963,46.480838,-0.021510,-0.025770,-1.533330,ndi
1786506065.002643,46.498518,-0.021560,-0.025690,-1.533430,ndi
1786506065.020120,46.515995,-0.021590,-0.025680,-1.533480,ndi
1786506065.037638,46.533513,-0.021670,-0.025640,-1.533530,ndi
1786506065.052588,46.548463,-0.021690,-0.025580,-1.533590,ndi
1786506065.069884,46.565759,-0.021760,-0.025500,-1.533690,ndi
1786506065.084920,46.580795,-0.021790,-0.025490,-1.533730,ndi
1786506065.102459,46.598334,-0.021830,-0.025460,-1.533830,ndi
1786506065.119955,46.615829,-0.021880,-0.025390,-1.533910,ndi
1786506065.135169,46.631044,-0.021910,-0.025340,-1.533930,ndi
1786506065.152547,46.648422,-0.021960,-0.025320,-1.534000,ndi
1786506065.169903,46.665778,-0.021990,-0.025280,-1.534060,ndi
1786506065.184956,46.680831,-0.022030,-0.025210,-1.534140,ndi
1786506065.202463,46.698338,-0.022110,-0.025140,-1.534230,ndi
1786506065.220071,46.715946,-0.022140,-0.025120,-1.534290,ndi
1786506065.235203,46.731078,-0.022190,-0.025070,-1.534370,ndi
1786506065.252573,46.748448,-0.022210,-0.025030,-1.534380,ndi
1786506065.269897,46.765772,-0.022230,-0.025000,-1.534470,ndi
1786506065.284910,46.780785,-0.022270,-0.024980,-1.534510,ndi
1786506065.302421,46.798296,-0.022310,-0.024920,-1.534570,ndi
1786506065.320069,46.815943,-0.022350,-0.024880,-1.534630,ndi
1786506065.335149,46.831024,-0.022380,-0.024850,-1.534660,ndi
1786506065.352561,46.848436,-0.022410,-0.024780,-1.534750,ndi
1786506065.369927,46.865802,-0.022470,-0.024720,-1.534810,ndi
1786506065.385013,46.880888,-0.022510,-0.024670,-1.534880,ndi
1786506065.402451,46.898326,-0.022510,-0.024660,-1.534910,ndi
1786506065.419976,46.915851,-0.022550,-0.024660,-1.534900,ndi
1786506065.434967,46.930842,-0.022540,-0.024620,-1.534950,ndi
1786506065.452406,46.948281,-0.022600,-0.024560,-1.535030,ndi
1786506065.469915,46.965790,-0.022630,-0.024550,-1.535090,ndi
1786506065.484959,46.980834,-0.022640,-0.024500,-1.535180,ndi
1786506065.502381,46.998256,-0.022680,-0.024440,-1.535200,ndi
1786506065.519979,47.015854,-0.022700,-0.024410,-1.535270,ndi
1786506065.535029,47.030904,-0.022740,-0.024390,-1.535330,ndi
1786506065.552461,47.048336,-0.022770,-0.024340,-1.535370,ndi
1786506065.569936,47.065811,-0.022800,-0.024260,-1.535460,ndi
1786506065.585030,47.080905,-0.022860,-0.024220,-1.535500,ndi
1786506065.602478,47.098352,-0.022860,-0.024200,-1.535570,ndi
1786506065.620030,47.115905,-0.022920,-0.024140,-1.535610,ndi
1786506065.637464,47.133338,-0.022960,-0.024070,-1.535720,ndi
1786506065.652476,47.148351,-0.022950,-0.024050,-1.535770,ndi
1786506065.669937,47.165812,-0.022990,-0.024040,-1.535770,ndi
1786506065.684927,47.180802,-0.022990,-0.024010,-1.535810,ndi
1786506065.702423,47.198298,-0.023010,-0.023980,-1.535850,ndi
1786506065.720006,47.215881,-0.023010,-0.023990,-1.535860,ndi
1786506065.737514,47.233389,-0.023000,-0.023990,-1.535870,ndi
1786506065.752465,47.248340,-0.023030,-0.023970,-1.535880,ndi
1786506065.769960,47.265835,-0.023010,-0.023970,-1.535880,ndi
1786506065.785051,47.280926,-0.023030,-0.023980,-1.535890,ndi
1786506065.802454,47.298329,-0.023030,-0.023990,-1.535880,ndi
1786506065.820013,47.315888,-0.023010,-0.023960,-1.535890,ndi
1786506065.834984,47.330859,-0.023040,-0.023960,-1.535890,ndi
1786506065.852463,47.348337,-0.023020,-0.023980,-1.535880,ndi
1786506065.869953,47.365828,-0.023020,-0.023970,-1.535890,ndi
1786506065.884974,47.380849,-0.023030,-0.023960,-1.535890,ndi
1786506065.902444,47.398319,-0.023010,-0.023970,-1.535910,ndi
1786506065.919969,47.415844,-0.023030,-0.023980,-1.535880,ndi
1786506065.935224,47.431099,-0.023010,-0.023970,-1.535880,ndi
1786506065.952565,47.448440,-0.023010,-0.023960,-1.535870,ndi
1786506065.969949,47.465823,-0.023030,-0.023970,-1.535880,ndi
1786506065.985004,47.480879,-0.023010,-0.023980,-1.535880,ndi
1786506066.002474,47.498349,-0.023040,-0.023970,-1.535890,ndi
1786506066.020134,47.516009,-0.023020,-0.023970,-1.535880,ndi
1786506066.035154,47.531029,-0.023010,-0.023980,-1.535890,ndi
1786506066.052559,47.548434,-0.023030,-0.023980,-1.535850,ndi
1786506066.069941,47.565816,-0.023010,-0.023970,-1.535890,ndi
1786506066.084922,47.580797,-0.023030,-0.023960,-1.535870,ndi
1786506066.102461,47.598336,-0.023020,-0.023980,-1.535890,ndi
1786506066.120007,47.615882,-0.023010,-0.023980,-1.535880,ndi
1786506066.135234,47.631109,-0.023020,-0.023960,-1.535880,ndi
1786506066.152549,47.648423,-0.023000,-0.023960,-1.535900,ndi
1786506066.169969,47.665844,-0.023030,-0.023980,-1.535880,ndi
1786506066.187460,47.683335,-0.023020,-0.023970,-1.535880,ndi
1786506066.202536,47.698411,-0.023020,-0.023960,-1.535920,ndi
1786506066.219985,47.715859,-0.023030,-0.023960,-1.535880,ndi
1786506066.235050,47.730925,-0.023030,-0.023980,-1.535890,ndi
1786506066.252601,47.748476,-0.023020,-0.023970,-1.535880,ndi
1786506066.269911,47.765786,-0.023020,-0.023970,-1.535870,ndi
1786506066.284913,47.780788,-0.023010,-0.023970,-1.535900,ndi
1786506066.302463,47.798337,-0.023030,-0.023980,-1.535890,ndi
1786506066.319962,47.815837,-0.023010,-0.023960,-1.535900,ndi
1786506066.335020,47.830895,-0.023020,-0.023960,-1.535880,ndi
1786506066.352588,47.848463,-0.023030,-0.023970,-1.535870,ndi
1786506066.369949,47.865824,-0.023010,-0.023980,-1.535890,ndi
1786506066.385070,47.880945,-0.023030,-0.023970,-1.535880,ndi
1786506066.402491,47.898366,-0.023020,-0.023960,-1.535910,ndi
1786506066.419949,47.915823,-0.023030,-0.023970,-1.535880,ndi
1786506066.434966,47.930841,-0.023030,-0.023980,-1.535860,ndi
1786506066.452585,47.948460,-0.023020,-0.023970,-1.535890,ndi
1786506066.469939,47.965814,-0.023040,-0.023960,-1.535890,ndi
1786506066.484957,47.980832,-0.023020,-0.023980,-1.535880,ndi
1786506066.502471,47.998346,-0.023020,-0.023980,-1.535870,ndi
1786506066.519992,48.015867,-0.023030,-0.023960,-1.535870,ndi
1786506066.535169,48.031044,-0.023010,-0.023970,-1.535880,ndi
1786506066.552576,48.048451,-0.023040,-0.023970,-1.535890,ndi
1786506066.569945,48.065820,-0.023030,-0.023970,-1.535890,ndi
1786506066.585166,48.081041,-0.023020,-0.023960,-1.535890,ndi
1786506066.602488,48.098363,-0.023040,-0.023970,-1.535880,ndi
1786506066.619993,48.115868,-0.023020,-0.023980,-1.535860,ndi
1786506066.637627,48.133502,-0.023040,-0.023970,-1.535860,ndi
1786506066.652575,48.148449,-0.023020,-0.023970,-1.535880,ndi
1786506066.669953,48.165828,-0.023030,-0.023970,-1.535910,ndi
1786506066.684952,48.180827,-0.023040,-0.023980,-1.535880,ndi
1786506066.702615,48.198489,-0.023010,-0.023970,-1.535870,ndi
1786506066.720003,48.215878,-0.023030,-0.023960,-1.535870,ndi
1786506066.735026,48.230901,-0.023020,-0.023970,-1.535890,ndi
1786506066.752499,48.248374,-0.023030,-0.023980,-1.535890,ndi
1786506066.769949,48.265824,-0.023040,-0.023970,-1.535870,ndi
1786506066.784958,48.280833,-0.023030,-0.023960,-1.535900,ndi
1786506066.802503,48.298378,-0.023050,-0.023980,-1.535880,ndi
1786506066.819977,48.315852,-0.023030,-0.023980,-1.535880,ndi
1786506066.834991,48.330865,-0.023020,-0.023960,-1.535890,ndi
1786506066.852504,48.348378,-0.023050,-0.023960,-1.535880,ndi
1786506066.869980,48.365855,-0.023020,-0.023980,-1.535900,ndi
1786506066.884953,48.380828,-0.023020,-0.023980,-1.535890,ndi
1786506066.902477,48.398352,-0.023030,-0.023960,-1.535890,ndi
1786506066.919941,48.415816,-0.023020,-0.023960,-1.535880,ndi
1786506066.934962,48.430837,-0.023050,-0.023980,-1.535870,ndi
1786506066.952482,48.448357,-0.023020,-0.023970,-1.535890,ndi
1786506066.969932,48.465806,-0.023020,-0.023960,-1.535870,ndi
1786506066.984978,48.480853,-0.023050,-0.023970,-1.535880,ndi
1786506067.002584,48.498459,-0.023020,-0.023980,-1.535880,ndi
1786506067.020022,48.515897,-0.023040,-0.023970,-1.535860,ndi
1786506067.035150,48.531025,-0.023020,-0.023960,-1.535880,ndi
1786506067.052501,48.548376,-0.023020,-0.023970,-1.535880,ndi
1786506067.069944,48.565819,-0.023040,-0.023990,-1.535890,ndi
1786506067.084975,48.580850,-0.023010,-0.023980,-1.535890,ndi
1786506067.102502,48.598377,-0.023040,-0.023960,-1.535870,ndi
1786506067.119986,48.615861,-0.023020,-0.023980,-1.535900,ndi
1786506067.135045,48.630920,-0.023020,-0.023990,-1.535900,ndi
1786506067.152715,48.648590,-0.023050,-0.023970,-1.535880,ndi
1786506067.169970,48.665845,-0.023020,-0.023960,-1.535920,ndi
1786506067.184982,48.680857,-0.023040,-0.023970,-1.535870,ndi
