stamp,elapsed,x,y,z,frame_id
1786514611.474157,0.000000,-0.008650,-0.041810,-1.554630,ndi
1786514611.489150,0.014993,-0.008660,-0.041810,-1.554630,ndi
1786514611.506620,0.032463,-0.008660,-0.041810,-1.554620,ndi
1786514611.524121,0.049964,-0.008650,-0.041820,-1.554640,ndi
1786514611.539111,0.064954,-0.008650,-0.041820,-1.554650,ndi
1786514611.556644,0.082487,-0.008650,-0.041800,-1.554660,ndi
1786514611.574216,0.100059,-0.008650,-0.041810,-1.554640,ndi
1786514611.589222,0.115065,-0.008660,-0.041820,-1.554620,ndi
1786514611.606591,0.132434,-0.008650,-0.041820,-1.554650,ndi
1786514611.624081,0.149924,-0.008640,-0.041800,-1.554660,ndi
1786514611.639104,0.164947,-0.008660,-0.041800,-1.554620,ndi
1786514611.656654,0.182497,-0.008650,-0.041820,-1.554620,ndi
1786514611.674122,0.199965,-0.008640,-0.041820,-1.554630,ndi
1786514611.689149,0.214992,-0.008660,-0.041810,-1.554620,ndi
1786514611.706646,0.232489,-0.008660,-0.041810,-1.554640,ndi
1786514611.721753,0.247597,-0.008660,-0.041820,-1.554640,ndi
1786514611.739125,0.264969,-0.008650,-0.041820,-1.554630,ndi
1786514611.756661,0.282504,-0.008650,-0.041800,-1.554620,ndi
1786514611.774173,0.300016,-0.008660,-0.041800,-1.554620,ndi
1786514611.789160,0.315003,-0.008650,-0.041820,-1.554660,ndi
1786514611.806625,0.332468,-0.008630,-0.041820,-1.554660,ndi
1786514611.821768,0.347611,-0.008650,-0.041810,-1.554650,ndi
1786514611.839111,0.364954,-0.008650,-0.041810,-1.554650,ndi
1786514611.856681,0.382524,-0.008650,-0.041820,-1.554640,ndi
1786514611.874216,0.400059,-0.008650,-0.041810,-1.554640,ndi
1786514611.889121,0.414964,-0.008650,-0.041800,-1.554630,ndi
1786514611.906639,0.432482,-0.008640,-0.041810,-1.554650,ndi
1786514611.921751,0.447594,-0.008650,-0.041820,-1.554670,ndi
1786514611.939139,0.464983,-0.008650,-0.041810,-1.554660,ndi
1786514611.956632,0.482476,-0.008650,-0.041800,-1.554660,ndi
1786514611.971831,0.497674,-0.008660,-0.041810,-1.554640,ndi
1786514611.989133,0.514977,-0.008640,-0.041810,-1.554650,ndi
1786514612.006649,0.532493,-0.008630,-0.041810,-1.554650,ndi
1786514612.024169,0.550012,-0.008650,-0.041810,-1.554630,ndi
1786514612.039086,0.564929,-0.008650,-0.041810,-1.554610,ndi
1786514612.056624,0.582468,-0.008660,-0.041810,-1.554630,ndi
1786514612.074181,0.600024,-0.008650,-0.041800,-1.554650,ndi
1786514612.089236,0.615080,-0.008650,-0.041800,-1.554630,ndi
1786514612.106773,0.632616,-0.008650,-0.041810,-1.554610,ndi
1786514612.124225,0.650068,-0.008650,-0.041810,-1.554620,ndi
1786514612.139089,0.664932,-0.008650,-0.041800,-1.554620,ndi
1786514612.156597,0.682440,-0.008650,-0.041810,-1.554620,ndi
1786514612.174166,0.700010,-0.008650,-0.041810,-1.554640,ndi
1786514612.189098,0.714941,-0.008640,-0.041810,-1.554640,ndi
1786514612.206667,0.732510,-0.008640,-0.041800,-1.554630,ndi
1786514612.224171,0.750014,-0.008650,-0.041800,-1.554640,ndi
1786514612.239104,0.764947,-0.008650,-0.041810,-1.554620,ndi
1786514612.256614,0.782457,-0.008650,-0.041810,-1.554620,ndi
1786514612.274163,0.800006,-0.008650,-0.041800,-1.554650,ndi
1786514612.289151,0.814994,-0.008660,-0.041800,-1.554660,ndi
1786514612.306668,0.832511,-0.008650,-0.041810,-1.554630,ndi
1786514612.324195,0.850038,-0.008640,-0.041800,-1.554630,ndi
1786514612.339103,0.864947,-0.008640,-0.041800,-1.554630,ndi
1786514612.356605,0.882448,-0.008650,-0.041800,-1.554620,ndi
1786514612.374212,0.900055,-0.008650,-0.041810,-1.554630,ndi
1786514612.389169,0.915012,-0.008640,-0.041810,-1.554630,ndi
1786514612.406804,0.932647,-0.008650,-0.041800,-1.554640,ndi
1786514612.424118,0.949961,-0.008650,-0.041800,-1.554620,ndi
1786514612.439145,0.964988,-0.008650,-0.041810,-1.554640,ndi
1786514612.456627,0.982470,-0.008650,-0.041800,-1.554620,ndi
1786514612.472049,0.997892,-0.008650,-0.041800,-1.554650,ndi
1786514612.489260,1.015104,-0.008650,-0.041810,-1.554660,ndi
1786514612.506818,1.032661,-0.008650,-0.041800,-1.554640,ndi
1786514612.521753,1.047596,-0.008650,-0.041790,-1.554650,ndi
1786514612.539155,1.064998,-0.008640,-0.041800,-1.554630,ndi
1786514612.556607,1.082450,-0.008650,-0.041810,-1.554640,ndi
1786514612.574236,1.100079,-0.008650,-0.041810,-1.554670,ndi
1786514612.589160,1.115004,-0.008630,-0.041800,-1.554650,ndi
1786514612.606824,1.132668,-0.008650,-0.041800,-1.554650,ndi
1786514612.621822,1.147666,-0.008640,-0.041810,-1.554640,ndi
1786514612.639138,1.164981,-0.008650,-0.041800,-1.554660,ndi
1786514612.656622,1.182466,-0.008640,-0.041790,-1.554670,ndi
1786514612.674200,1.200043,-0.008640,-0.041800,-1.554640,ndi
1786514612.689179,1.215023,-0.008650,-0.041810,-1.554650,ndi
1786514612.706795,1.232639,-0.008640,-0.041800,-1.554680,ndi
1786514612.721855,1.247698,-0.008640,-0.041800,-1.554680,ndi
1786514612.739119,1.264962,-0.008640,-0.041800,-1.554670,ndi
1786514612.756633,1.282476,-0.008650,-0.041800,-1.554660,ndi
1786514612.774057,1.299900,-0.008650,-0.041800,-1.554640,ndi
1786514612.789226,1.315069,-0.008640,-0.041800,-1.554660,ndi
1786514612.806752,1.332596,-0.008650,-0.041800,-1.554660,ndi
1786514612.824121,1.349964,-0.008640,-0.041810,-1.554670,ndi
1786514612.839140,1.364984,-0.008650,-0.041800,-1.554690,ndi
1786514612.856637,1.382480,-0.008650,-0.041800,-1.554660,ndi
1786514612.874290,1.400133,-0.008650,-0.041800,-1.554660,ndi
1786514612.889236,1.415080,-0.008640,-0.041800,-1.554660,ndi
1786514612.906847,1.432690,-0.008650,-0.041800,-1.554650,ndi
1786514612.924098,1.449941,-0.008650,-0.041800,-1.554630,ndi
1786514612.939120,1.464963,-0.008650,-0.041800,-1.554650,ndi
1786514612.956605,1.482448,-0.008650,-0.041800,-1.554630,ndi
1786514612.974166,1.500009,-0.008640,-0.041800,-1.554660,ndi
1786514612.989228,1.515071,-0.008630,-0.041800,-1.554650,ndi
1786514613.006766,1.532609,-0.008650,-0.041800,-1.554660,ndi
1786514613.021875,1.547718,-0.008650,-0.041800,-1.554670,ndi
1786514613.039126,1.564969,-0.008640,-0.041800,-1.554660,ndi
1786514613.056625,1.582468,-0.008640,-0.041810,-1.554650,ndi
1786514613.071824,1.597667,-0.008650,-0.041800,-1.554640,ndi
1786514613.089172,1.615016,-0.008640,-0.041790,-1.554650,ndi
1786514613.106732,1.632576,-0.008650,-0.041790,-1.554650,ndi
1786514613.124140,1.649983,-0.008650,-0.041810,-1.554650,ndi
1786514613.139125,1.664968,-0.008640,-0.041800,-1.554640,ndi
1786514613.156641,1.682484,-0.008640,-0.041800,-1.554670,ndi
1786514613.174149,1.699992,-0.008620,-0.041800,-1.554660,ndi
1786514613.189219,1.715062,-0.008640,-0.041800,-1.554660,ndi
1786514613.206783,1.732626,-0.008640,-0.041800,-1.554630,ndi
1786514613.224183,1.750026,-0.008650,-0.041790,-1.554650,ndi
1786514613.239118,1.764961,-0.008640,-0.041800,-1.554640,ndi
1786514613.256636,1.782479,-0.008650,-0.041810,-1.554640,ndi
1786514613.271877,1.797720,-0.008630,-0.041800,-1.554660,ndi
1786514613.289185,1.815028,-0.008640,-0.041790,-1.554650,ndi
1786514613.306773,1.832616,-0.008650,-0.041800,-1.554650,ndi
1786514613.324155,1.849998,-0.008640,-0.041800,-1.554640,ndi
1786514613.339149,1.864993,-0.008650,-0.041800,-1.554650,ndi
1786514613.356620,1.882463,-0.008650,-0.041790,-1.554670,ndi
1786514613.371735,1.897578,-0.008620,-0.041800,-1.554690,ndi
1786514613.389273,1.915117,-0.008650,-0.041800,-1.554650,ndi
1786514613.406850,1.932693,-0.008640,-0.041800,-1.554650,ndi
1786514613.421848,1.947691,-0.008640,-0.041790,-1.554620,ndi
1786514613.439130,1.964973,-0.008640,-0.041800,-1.554660,ndi
1786514613.456615,1.982458,-0.008640,-0.041810,-1.554640,ndi
1786514613.474327,2.000170,-0.008640,-0.041800,-1.554630,ndi
1786514613.489308,2.015151,-0.008650,-0.041790,-1.554620,ndi
1786514613.506860,2.032703,-0.008640,-0.041800,-1.554630,ndi
1786514613.524172,2.050015,-0.008630,-0.041800,-1.554640,ndi
1786514613.539126,2.064969,-0.008640,-0.041800,-1.554640,ndi
1786514613.556591,2.082434,-0.008640,-0.041790,-1.554660,ndi
1786514613.574183,2.100027,-0.008630,-0.041800,-1.554640,ndi
1786514613.589221,2.115064,-0.008650,-0.041810,-1.554640,ndi
1786514613.606891,2.132734,-0.008630,-0.041800,-1.554630,ndi
1786514613.624144,2.149987,-0.008650,-0.041790,-1.554620,ndi
1786514613.639143,2.164986,-0.008650,-0.041800,-1.554640,ndi
1786514613.656627,2.182470,-0.008640,-0.041800,-1.554670,ndi
1786514613.674181,2.200025,-0.008650,-0.041790,-1.554630,ndi
1786514613.689246,2.215089,-0.008650,-0.041790,-1.554640,ndi
1786514613.706741,2.232584,-0.008640,-0.041800,-1.554630,ndi
1786514613.721852,2.247695,-0.008650,-0.041800,-1.554640,ndi
1786514613.739140,2.264983,-0.008630,-0.041800,-1.554630,ndi
1786514613.756550,2.282393,-0.008620,-0.041790,-1.554660,ndi
1786514613.774196,2.300039,-0.008650,-0.041800,-1.554660,ndi
1786514613.789255,2.315098,-0.008640,-0.041790,-1.554660,ndi
1786514613.806809,2.332652,-0.008640,-0.041790,-1.554630,ndi
1786514613.824177,2.350020,-0.008640,-0.041790,-1.554640,ndi
1786514613.839111,2.364954,-0.008640,-0.041800,-1.554630,ndi
1786514613.856636,2.382479,-0.008650,-0.041800,-1.554630,ndi
1786514613.871955,2.397798,-0.008640,-0.041790,-1.554630,ndi
1786514613.889270,2.415113,-0.008640,-0.041790,-1.554630,ndi
1786514613.906893,2.432737,-0.008640,-0.041800,-1.554640,ndi
1786514613.924277,2.450120,-0.008650,-0.041800,-1.554630,ndi
1786514613.939106,2.464949,-0.008640,-0.041800,-1.554650,ndi
1786514613.956542,2.482385,-0.008620,-0.041790,-1.554640,ndi
1786514613.971756,2.497599,-0.008640,-0.041800,-1.554640,ndi
1786514613.989223,2.515066,-0.008630,-0.041800,-1.554650,ndi
1786514614.006839,2.532682,-0.008650,-0.041780,-1.554620,ndi
1786514614.024158,2.550001,-0.008650,-0.041790,-1.554640,ndi
1786514614.039124,2.564967,-0.008640,-0.041800,-1.554650,ndi
1786514614.056646,2.582489,-0.008640,-0.041800,-1.554650,ndi
1786514614.071748,2.597591,-0.008630,-0.041790,-1.554640,ndi
1786514614.089144,2.614987,-0.008650,-0.041790,-1.554630,ndi
1786514614.106664,2.632507,-0.008650,-0.041800,-1.554660,ndi
1786514614.121722,2.647565,-0.008630,-0.041800,-1.554630,ndi
1786514614.139072,2.664915,-0.008640,-0.041790,-1.554660,ndi
1786514614.156610,2.682454,-0.008640,-0.041790,-1.554640,ndi
1786514614.171748,2.697591,-0.008640,-0.041800,-1.554620,ndi
1786514614.189280,2.715123,-0.008640,-0.041790,-1.554620,ndi
1786514614.206950,2.732793,-0.008640,-0.041790,-1.554640,ndi
1786514614.224170,2.750013,-0.008640,-0.041790,-1.554640,ndi
1786514614.239124,2.764967,-0.008650,-0.041800,-1.554630,ndi
1786514614.256629,2.782472,-0.008650,-0.041800,-1.554660,ndi
1786514614.274250,2.800093,-0.008640,-0.041790,-1.554630,ndi
1786514614.289248,2.815091,-0.008650,-0.041790,-1.554660,ndi
1786514614.306876,2.832719,-0.008640,-0.041800,-1.554650,ndi
1786514614.324230,2.850073,-0.008640,-0.041790,-1.554660,ndi
1786514614.339050,2.864893,-0.008640,-0.041790,-1.554640,ndi
1786514614.356646,2.882489,-0.008640,-0.041800,-1.554630,ndi
1786514614.371735,2.897578,-0.008650,-0.041800,-1.554620,ndi
1786514614.389136,2.914979,-0.008640,-0.041800,-1.554620,ndi
1786514614.406698,2.932541,-0.008630,-0.041790,-1.554630,ndi
1786514614.424307,2.950150,-0.008640,-0.041790,-1.554630,ndi
1786514614.439163,2.965007,-0.008640,-0.041790,-1.554640,ndi
1786514614.456645,2.982488,-0.008640,-0.041790,-1.554640,ndi
1786514614.471802,2.997645,-0.008640,-0.041800,-1.554650,ndi
1786514614.489227,3.015070,-0.008650,-0.041800,-1.554640,ndi
1786514614.506774,3.032617,-0.008640,-0.041800,-1.554630,ndi
1786514614.524267,3.050111,-0.008640,-0.041790,-1.554630,ndi
1786514614.539167,3.065011,-0.008630,-0.041790,-1.554650,ndi
1786514614.556642,3.082485,-0.008640,-0.041800,-1.554620,ndi
1786514614.571799,3.097642,-0.008650,-0.041800,-1.554650,ndi
1786514614.589330,3.115173,-0.008640,-0.041790,-1.554630,ndi
1786514614.606805,3.132648,-0.008640,-0.041800,-1.554650,ndi
1786514614.624259,3.150102,-0.008650,-0.041800,-1.554650,ndi
1786514614.639157,3.165000,-0.008640,-0.041800,-1.554620,ndi
1786514614.656639,3.182482,-0.008650,-0.041790,-1.554650,ndi
1786514614.671728,3.197571,-0.008640,-0.041790,-1.554640,ndi
1786514614.689234,3.215077,-0.008640,-0.041810,-1.554660,ndi
1786514614.706680,3.232523,-0.008650,-0.041800,-1.554650,ndi
1786514614.724145,3.249988,-0.008640,-0.041800,-1.554660,ndi
1786514614.739122,3.264965,-0.008630,-0.041790,-1.554640,ndi
1786514614.756637,3.282480,-0.008640,-0.041800,-1.554640,ndi
1786514614.774248,3.300091,-0.008640,-0.041800,-1.554620,ndi
1786514614.789243,3.315086,-0.008640,-0.041790,-1.554640,ndi
1786514614.806832,3.332675,-0.008640,-0.041790,-1.554630,ndi
1786514614.824120,3.349963,-0.008650,-0.041810,-1.554630,ndi
1786514614.839182,3.365026,-0.008640,-0.041800,-1.554660,ndi
1786514614.856673,3.382516,-0.008650,-0.041790,-1.554650,ndi
1786514614.874298,3.400141,-0.008650,-0.041800,-1.554650,ndi
1786514614.889286,3.415129,-0.008630,-0.041800,-1.554630,ndi
1786514614.906764,3.432607,-0.008650,-0.041800,-1.554660,ndi
1786514614.924084,3.449927,-0.008640,-0.041790,-1.554640,ndi
1786514614.939112,3.464955,-0.008630,-0.041790,-1.554650,ndi
1786514614.956666,3.482509,-0.008640,-0.041800,-1.554640,ndi
1786514614.974342,3.500185,-0.008640,-0.041790,-1.554640,ndi
1786514614.989310,3.515153,-0.008640,-0.041790,-1.554630,ndi
1786514615.006888,3.532731,-0.008650,-0.041800,-1.554640,ndi
1786514615.024279,3.550122,-0.008640,-0.041800,-1.554630,ndi
1786514615.039157,3.565000,-0.008640,-0.041790,-1.554620,ndi
1786514615.056651,3.582494,-0.008640,-0.041790,-1.554640,ndi
1786514615.074229,3.600072,-0.008650,-0.041800,-1.554640,ndi
1786514615.089288,3.615131,-0.008640,-0.041800,-1.554660,ndi
1786514615.106808,3.632651,-0.008640,-0.041800,-1.554640,ndi
1786514615.124155,3.649998,-0.008620,-0.041790,-1.554660,ndi
1786514615.139172,3.665015,-0.008650,-0.041800,-1.554660,ndi
1786514615.156686,3.682529,-0.008650,-0.041800,-1.554650,ndi
1786514615.171780,3.697623,-0.008650,-0.041790,-1.554680,ndi
1786514615.189329,3.715172,-0.008690,-0.041770,-1.554730,ndi
1786514615.206860,3.732703,-0.008710,-0.041760,-1.554770,ndi
1786514615.224166,3.750009,-0.008740,-0.041740,-1.554830,ndi
1786514615.239181,3.765024,-0.008780,-0.041710,-1.554890,ndi
1786514615.256658,3.782501,-0.008780,-0.041700,-1.554900,ndi
1786514615.274309,3.800153,-0.008790,-0.041700,-1.554870,ndi
1786514615.289345,3.815188,-0.008800,-0.041690,-1.554890,ndi
1786514615.306911,3.832754,-0.008810,-0.041670,-1.554930,ndi
1786514615.324273,3.850116,-0.008830,-0.041650,-1.554900,ndi
1786514615.339176,3.865019,-0.008830,-0.041650,-1.554890,ndi
1786514615.356732,3.882575,-0.008830,-0.041650,-1.554870,ndi
1786514615.374329,3.900172,-0.008840,-0.041630,-1.554860,ndi
1786514615.389349,3.915193,-0.008840,-0.041630,-1.554860,ndi
1786514615.406827,3.932670,-0.008850,-0.041640,-1.554790,ndi
1786514615.421993,3.947836,-0.008840,-0.041640,-1.554770,ndi
1786514615.439163,3.965006,-0.008830,-0.041630,-1.554750,ndi
1786514615.456659,3.982502,-0.008840,-0.041630,-1.554700,ndi
1786514615.474288,4.000132,-0.008860,-0.041620,-1.554720,ndi
1786514615.489249,4.015092,-0.008860,-0.041620,-1.554680,ndi
1786514615.506736,4.032579,-0.008850,-0.041600,-1.554710,ndi
1786514615.524239,4.050082,-0.008840,-0.041600,-1.554660,ndi
1786514615.539179,4.065022,-0.008850,-0.041600,-1.554650,ndi
1786514615.556664,4.082508,-0.008860,-0.041590,-1.554640,ndi
1786514615.574264,4.100107,-0.008860,-0.041590,-1.554600,ndi
1786514615.589287,4.115130,-0.008840,-0.041590,-1.554600,ndi
1786514615.606736,4.132579,-0.008860,-0.041600,-1.554590,ndi
1786514615.624237,4.150080,-0.008860,-0.041600,-1.554580,ndi
1786514615.639189,4.165032,-0.008840,-0.041600,-1.554520,ndi
1786514615.656694,4.182538,-0.008860,-0.041620,-1.554520,ndi
1786514615.671942,4.197785,-0.008840,-0.041630,-1.554500,ndi
1786514615.689322,4.215166,-0.008850,-0.041630,-1.554510,ndi
1786514615.706767,4.232610,-0.008840,-0.041640,-1.554480,ndi
1786514615.721958,4.247801,-0.008850,-0.041650,-1.554460,ndi
1786514615.739228,4.265071,-0.008840,-0.041660,-1.554430,ndi
1786514615.756699,4.282542,-0.008850,-0.041660,-1.554400,ndi
1786514615.771804,4.297647,-0.008840,-0.041660,-1.554390,ndi
1786514615.789207,4.315051,-0.008850,-0.041670,-1.554360,ndi
1786514615.806711,4.332554,-0.008850,-0.041670,-1.554340,ndi
1786514615.821788,4.347631,-0.008830,-0.041660,-1.554310,ndi
1786514615.839167,4.365010,-0.008840,-0.041660,-1.554280,ndi
1786514615.856694,4.382537,-0.008850,-0.041670,-1.554240,ndi
1786514615.871777,4.397620,-0.008840,-0.041670,-1.554220,ndi
1786514615.889344,4.415187,-0.008860,-0.041650,-1.554200,ndi
1786514615.906713,4.432557,-0.008830,-0.041650,-1.554190,ndi
1786514615.924231,4.450074,-0.008850,-0.041660,-1.554160,ndi
1786514615.939173,4.465016,-0.008860,-0.041660,-1.554130,ndi
1786514615.956693,4.482537,-0.008860,-0.041660,-1.554060,ndi
1786514615.971802,4.497645,-0.008850,-0.041660,-1.554040,ndi
1786514615.989209,4.515052,-0.008860,-0.041660,-1.553990,ndi
1786514616.006739,4.532582,-0.008850,-0.041640,-1.553940,ndi
1786514616.021796,4.547639,-0.008860,-0.041620,-1.553900,ndi
1786514616.039205,4.565048,-0.008880,-0.041590,-1.553890,ndi
1786514616.056712,4.582555,-0.008870,-0.041570,-1.553870,ndi
1786514616.071754,4.597598,-0.008870,-0.041540,-1.553850,ndi
1786514616.089153,4.614996,-0.008890,-0.041490,-1.553810,ndi
1786514616.106843,4.632686,-0.008890,-0.041460,-1.553750,ndi
1786514616.122112,4.647955,-0.008920,-0.041430,-1.553760,ndi
1786514616.139216,4.665059,-0.008920,-0.041390,-1.553720,ndi
1786514616.156744,4.682587,-0.008920,-0.041350,-1.553680,ndi
1786514616.171981,4.697824,-0.008940,-0.041320,-1.553660,ndi
1786514616.189326,4.715169,-0.008950,-0.041300,-1.553630,ndi
1786514616.206826,4.732669,-0.008940,-0.041260,-1.553600,ndi
1786514616.224153,4.749996,-0.008950,-0.041220,-1.553540,ndi
1786514616.239163,4.765007,-0.008950,-0.041200,-1.553510,ndi
1786514616.256705,4.782548,-0.008960,-0.041170,-1.553500,ndi
1786514616.271804,4.797647,-0.008970,-0.041150,-1.553490,ndi
1786514616.289141,4.814985,-0.008970,-0.041120,-1.553460,ndi
1786514616.306720,4.832563,-0.008980,-0.041080,-1.553440,ndi
1786514616.324284,4.850127,-0.008990,-0.041040,-1.553400,ndi
1786514616.339204,4.865047,-0.009000,-0.041000,-1.553400,ndi
1786514616.356706,4.882549,-0.009010,-0.040960,-1.553370,ndi
1786514616.371816,4.897659,-0.009030,-0.040930,-1.553340,ndi
1786514616.389203,4.915046,-0.009020,-0.040900,-1.553310,ndi
1786514616.406738,4.932581,-0.009030,-0.040860,-1.553290,ndi
1786514616.421809,4.947652,-0.009050,-0.040820,-1.553240,ndi
1786514616.439200,4.965044,-0.009060,-0.040770,-1.553220,ndi
1786514616.456714,4.982557,-0.009080,-0.040720,-1.553160,ndi
1786514616.474280,5.000123,-0.009090,-0.040660,-1.553140,ndi
1786514616.489132,5.014975,-0.009080,-0.040630,-1.553120,ndi
1786514616.506746,5.032589,-0.009110,-0.040590,-1.553070,ndi
1786514616.521778,5.047621,-0.009130,-0.040560,-1.553020,ndi
1786514616.539273,5.065116,-0.009140,-0.040510,-1.553010,ndi
1786514616.556707,5.082550,-0.009150,-0.040490,-1.552980,ndi
1786514616.571819,5.097662,-0.009160,-0.040460,-1.552950,ndi
1786514616.589408,5.115251,-0.009170,-0.040420,-1.552900,ndi
1786514616.606743,5.132586,-0.009180,-0.040380,-1.552860,ndi
1786514616.621790,5.147633,-0.009200,-0.040350,-1.552820,ndi
1786514616.639214,5.165057,-0.009200,-0.040310,-1.552800,ndi
1786514616.656708,5.182551,-0.009210,-0.040270,-1.552810,ndi
1786514616.674220,5.200063,-0.009230,-0.040220,-1.552770,ndi
1786514616.689312,5.215156,-0.009240,-0.040180,-1.552690,ndi
1786514616.706863,5.232706,-0.009250,-0.040140,-1.552740,ndi
1786514616.721780,5.247623,-0.009270,-0.040090,-1.552680,ndi
1786514616.739241,5.265084,-0.009290,-0.040040,-1.552630,ndi
1786514616.756734,5.282578,-0.009290,-0.040000,-1.552610,ndi
1786514616.771764,5.297607,-0.009310,-0.039990,-1.552600,ndi
1786514616.789349,5.315192,-0.009310,-0.039940,-1.552570,ndi
1786514616.806796,5.332639,-0.009330,-0.039890,-1.552530,ndi
1786514616.821972,5.347816,-0.009350,-0.039850,-1.552500,ndi
1786514616.839210,5.365053,-0.009360,-0.039820,-1.552450,ndi
1786514616.856691,5.382534,-0.009370,-0.039770,-1.552450,ndi
1786514616.874158,5.400001,-0.009380,-0.039730,-1.552430,ndi
1786514616.889305,5.415148,-0.009390,-0.039690,-1.552350,ndi
1786514616.906870,5.432713,-0.009410,-0.039670,-1.552330,ndi
1786514616.921866,5.447709,-0.009420,-0.039630,-1.552320,ndi
1786514616.939206,5.465049,-0.009440,-0.039580,-1.552290,ndi
1786514616.956744,5.482587,-0.009450,-0.039540,-1.552240,ndi
1786514616.971923,5.497766,-0.009470,-0.039520,-1.552190,ndi
1786514616.989271,5.515115,-0.009470,-0.039490,-1.552180,ndi
1786514617.006827,5.532670,-0.009490,-0.039430,-1.552130,ndi
1786514617.024186,5.550029,-0.009510,-0.039400,-1.552100,ndi
1786514617.039182,5.565025,-0.009510,-0.039370,-1.552100,ndi
1786514617.056679,5.582522,-0.009520,-0.039330,-1.552070,ndi
1786514617.074312,5.600155,-0.009530,-0.039280,-1.552030,ndi
1786514617.089351,5.615195,-0.009560,-0.039240,-1.551990,ndi
1786514617.106900,5.632743,-0.009570,-0.039210,-1.551960,ndi
1786514617.124193,5.650036,-0.009580,-0.039170,-1.551920,ndi
1786514617.139210,5.665053,-0.009600,-0.039130,-1.551890,ndi
1786514617.156715,5.682558,-0.009620,-0.039080,-1.551860,ndi
1786514617.171783,5.697626,-0.009630,-0.039040,-1.551840,ndi
1786514617.189210,5.715053,-0.009650,-0.039010,-1.551770,ndi
1786514617.206714,5.732557,-0.009670,-0.038950,-1.551750,ndi
1786514617.224208,5.750051,-0.009680,-0.038910,-1.551690,ndi
1786514617.239196,5.765039,-0.009680,-0.038890,-1.551660,ndi
1786514617.256693,5.782536,-0.009690,-0.038860,-1.551640,ndi
1786514617.271797,5.797640,-0.009700,-0.038810,-1.551630,ndi
1786514617.289244,5.815087,-0.009740,-0.038760,-1.551570,ndi
1786514617.306830,5.832674,-0.009750,-0.038730,-1.551500,ndi
1786514617.321944,5.847787,-0.009760,-0.038690,-1.551460,ndi
1786514617.339205,5.865048,-0.009780,-0.038650,-1.551420,ndi
1786514617.356750,5.882593,-0.009800,-0.038590,-1.551400,ndi
1786514617.374212,5.900055,-0.009810,-0.038550,-1.551340,ndi
1786514617.389206,5.915049,-0.009830,-0.038510,-1.551340,ndi
1786514617.406718,5.932561,-0.009850,-0.038450,-1.551300,ndi
1786514617.421915,5.947758,-0.009860,-0.038410,-1.551250,ndi
1786514617.439226,5.965069,-0.009880,-0.038380,-1.551200,ndi
1786514617.456660,5.982503,-0.009890,-0.038330,-1.551180,ndi
1786514617.471940,5.997783,-0.009900,-0.038280,-1.551140,ndi
1786514617.489369,6.015212,-0.009940,-0.038210,-1.551070,ndi
1786514617.506884,6.032727,-0.009950,-0.038150,-1.551050,ndi
1786514617.524193,6.050036,-0.009960,-0.038100,-1.550990,ndi
1786514617.539221,6.065064,-0.009980,-0.038060,-1.550960,ndi
1786514617.556749,6.082592,-0.010010,-0.038020,-1.550960,ndi
1786514617.571807,6.097650,-0.010030,-0.037970,-1.550950,ndi
1786514617.589243,6.115086,-0.010030,-0.037930,-1.550900,ndi
1786514617.606848,6.132691,-0.010050,-0.037890,-1.550870,ndi
1786514617.621829,6.147672,-0.010090,-0.037860,-1.550860,ndi
1786514617.639195,6.165038,-0.010090,-0.037820,-1.550820,ndi
1786514617.656628,6.182471,-0.010090,-0.037780,-1.550770,ndi
1786514617.671786,6.197629,-0.010120,-0.037760,-1.550780,ndi
1786514617.689267,6.215110,-0.010140,-0.037720,-1.550760,ndi
1786514617.706818,6.232661,-0.010150,-0.037680,-1.550690,ndi
1786514617.721759,6.247602,-0.010180,-0.037640,-1.550680,ndi
1786514617.739264,6.265107,-0.010180,-0.037610,-1.550630,ndi
1786514617.756754,6.282597,-0.010200,-0.037580,-1.550620,ndi
1786514617.771770,6.297614,-0.010230,-0.037540,-1.550620,ndi
1786514617.789192,6.315036,-0.010220,-0.037500,-1.550550,ndi
1786514617.806755,6.332598,-0.010250,-0.037470,-1.550520,ndi
1786514617.821810,6.347653,-0.010270,-0.037430,-1.550500,ndi
1786514617.839203,6.365047,-0.010280,-0.037400,-1.550510,ndi
1786514617.856655,6.382499,-0.010290,-0.037360,-1.550420,ndi
1786514617.871788,6.397631,-0.010310,-0.037330,-1.550390,ndi
1786514617.889316,6.415159,-0.010340,-0.037290,-1.550370,ndi
1786514617.907061,6.432904,-0.010360,-0.037240,-1.550370,ndi
1786514617.921913,6.447757,-0.010370,-0.037220,-1.550330,ndi
1786514617.939240,6.465083,-0.010390,-0.037190,-1.550300,ndi
1786514617.956749,6.482592,-0.010400,-0.037150,-1.550230,ndi
1786514617.971923,6.497766,-0.010410,-0.037110,-1.550190,ndi
1786514617.989320,6.515163,-0.010430,-0.037080,-1.550190,ndi
1786514618.006985,6.532829,-0.010460,-0.037040,-1.550170,ndi
1786514618.024348,6.550191,-0.010480,-0.036990,-1.550140,ndi
1786514618.039125,6.564968,-0.010480,-0.036960,-1.550130,ndi
1786514618.056662,6.582505,-0.010500,-0.036930,-1.550100,ndi
1786514618.072009,6.597852,-0.010510,-0.036890,-1.550070,ndi
1786514618.089256,6.615099,-0.010540,-0.036860,-1.550060,ndi
1786514618.106786,6.632629,-0.010540,-0.036830,-1.550010,ndi
1786514618.121881,6.647724,-0.010540,-0.036800,-1.549980,ndi
1786514618.139255,6.665098,-0.010570,-0.036760,-1.549940,ndi
1786514618.156762,6.682605,-0.010580,-0.036730,-1.549950,ndi
1786514618.171880,6.697723,-0.010600,-0.036700,-1.549910,ndi
1786514618.189246,6.715089,-0.010610,-0.036670,-1.549860,ndi
1786514618.206805,6.732648,-0.010630,-0.036640,-1.549840,ndi
1786514618.224278,6.750121,-0.010650,-0.036590,-1.549800,ndi
1786514618.239149,6.764992,-0.010660,-0.036560,-1.549760,ndi
1786514618.256705,6.782548,-0.010680,-0.036540,-1.549740,ndi
1786514618.271807,6.797650,-0.010690,-0.036510,-1.549710,ndi
1786514618.289283,6.815126,-0.010710,-0.036470,-1.549680,ndi
1786514618.306778,6.832621,-0.010720,-0.036420,-1.549640,ndi
1786514618.324203,6.850046,-0.010750,-0.036400,-1.549600,ndi
1786514618.339297,6.865140,-0.010760,-0.036370,-1.549570,ndi
1786514618.356770,6.882613,-0.010770,-0.036310,-1.549510,ndi
1786514618.374240,6.900083,-0.010810,-0.036260,-1.549500,ndi
1786514618.389256,6.915099,-0.010820,-0.036240,-1.549470,ndi
1786514618.406848,6.932692,-0.010830,-0.036210,-1.549440,ndi
1786514618.421786,6.947629,-0.010850,-0.036170,-1.549400,ndi
1786514618.439115,6.964958,-0.010840,-0.036130,-1.549380,ndi
1786514618.456709,6.982552,-0.010890,-0.036100,-1.549340,ndi
1786514618.474351,7.000195,-0.010920,-0.036060,-1.549290,ndi
1786514618.489362,7.015205,-0.010930,-0.036020,-1.549260,ndi
1786514618.506848,7.032691,-0.010940,-0.035980,-1.549220,ndi
1786514618.524319,7.050162,-0.010960,-0.035950,-1.549220,ndi
1786514618.539259,7.065102,-0.010970,-0.035910,-1.549160,ndi
1786514618.556735,7.082578,-0.011000,-0.035850,-1.549170,ndi
1786514618.571865,7.097708,-0.011030,-0.035800,-1.549100,ndi
1786514618.589252,7.115095,-0.011060,-0.035740,-1.549070,ndi
1786514618.606817,7.132660,-0.011100,-0.035670,-1.549000,ndi
1786514618.621799,7.147642,-0.011110,-0.035630,-1.548960,ndi
1786514618.639240,7.165083,-0.011140,-0.035570,-1.548890,ndi
1786514618.656772,7.182615,-0.011170,-0.035550,-1.548850,ndi
1786514618.671910,7.197753,-0.011170,-0.035520,-1.548830,ndi
1786514618.689299,7.215142,-0.011190,-0.035480,-1.548790,ndi
1786514618.706801,7.232645,-0.011220,-0.035430,-1.548770,ndi
1786514618.721857,7.247700,-0.011240,-0.035400,-1.548750,ndi
1786514618.739233,7.265076,-0.011250,-0.035370,-1.548730,ndi
1786514618.756818,7.282661,-0.011270,-0.035330,-1.548710,ndi
1786514618.771809,7.297652,-0.011290,-0.035290,-1.548640,ndi
1786514618.789290,7.315133,-0.011310,-0.035260,-1.548590,ndi
1786514618.806875,7.332718,-0.011320,-0.035220,-1.548570,ndi
1786514618.824143,7.349986,-0.011330,-0.035180,-1.548540,ndi
1786514618.839210,7.365053,-0.011360,-0.035140,-1.548470,ndi
1786514618.856789,7.382632,-0.011390,-0.035100,-1.548460,ndi
1786514618.874214,7.400057,-0.011410,-0.035070,-1.548430,ndi
1786514618.889244,7.415087,-0.011420,-0.035040,-1.548410,ndi
1786514618.906830,7.432673,-0.011440,-0.035000,-1.548390,ndi
1786514618.924266,7.450109,-0.011470,-0.034960,-1.548380,ndi
1786514618.939234,7.465077,-0.011480,-0.034930,-1.548350,ndi
1786514618.956764,7.482607,-0.011490,-0.034890,-1.548310,ndi
1786514618.971950,7.497793,-0.011510,-0.034860,-1.548280,ndi
1786514618.989338,7.515182,-0.011530,-0.034830,-1.548270,ndi
1786514619.006829,7.532672,-0.011540,-0.034780,-1.548260,ndi
1786514619.024246,7.550089,-0.011550,-0.034750,-1.548240,ndi
1786514619.039205,7.565048,-0.011580,-0.034730,-1.548190,ndi
1786514619.056738,7.582581,-0.011590,-0.034690,-1.548160,ndi
1786514619.071826,7.597670,-0.011630,-0.034650,-1.548140,ndi
1786514619.089252,7.615095,-0.011640,-0.034610,-1.548100,ndi
1786514619.106853,7.632696,-0.011660,-0.034590,-1.548050,ndi
1786514619.124327,7.650170,-0.011690,-0.034550,-1.548000,ndi
1786514619.139217,7.665060,-0.011690,-0.034510,-1.548000,ndi
1786514619.156766,7.682609,-0.011720,-0.034480,-1.547940,ndi
1786514619.174221,7.700064,-0.011760,-0.034440,-1.547910,ndi
1786514619.189248,7.715091,-0.011770,-0.034410,-1.547890,ndi
1786514619.206853,7.732696,-0.011770,-0.034380,-1.547860,ndi
1786514619.224251,7.750094,-0.011800,-0.034350,-1.547820,ndi
1786514619.239255,7.765098,-0.011820,-0.034310,-1.547810,ndi
1786514619.256754,7.782597,-0.011840,-0.034260,-1.547780,ndi
1786514619.274352,7.800195,-0.011880,-0.034210,-1.547730,ndi
1786514619.289371,7.815214,-0.011890,-0.034170,-1.547670,ndi
1786514619.306781,7.832624,-0.011910,-0.034130,-1.547670,ndi
1786514619.321854,7.847697,-0.011950,-0.034100,-1.547600,ndi
1786514619.339262,7.865105,-0.011960,-0.034060,-1.547550,ndi
1786514619.356827,7.882670,-0.011980,-0.034030,-1.547550,ndi
1786514619.371936,7.897779,-0.012000,-0.033990,-1.547510,ndi
1786514619.389316,7.915159,-0.012020,-0.033960,-1.547500,ndi
1786514619.406841,7.932684,-0.012050,-0.033920,-1.547510,ndi
1786514619.424360,7.950203,-0.012060,-0.033880,-1.547440,ndi
1786514619.439302,7.965145,-0.012080,-0.033850,-1.547430,ndi
1786514619.456771,7.982614,-0.012110,-0.033810,-1.547370,ndi
1786514619.471994,7.997837,-0.012130,-0.033780,-1.547360,ndi
1786514619.489423,8.015266,-0.012140,-0.033740,-1.547310,ndi
1786514619.506876,8.032719,-0.012170,-0.033720,-1.547290,ndi
1786514619.524231,8.050074,-0.012180,-0.033680,-1.547270,ndi
1786514619.539250,8.065093,-0.012200,-0.033640,-1.547220,ndi
1786514619.556802,8.082645,-0.012230,-0.033610,-1.547190,ndi
1786514619.574266,8.100109,-0.012230,-0.033590,-1.547150,ndi
1786514619.589306,8.115149,-0.012260,-0.033550,-1.547140,ndi
1786514619.606704,8.132547,-0.012270,-0.033510,-1.547120,ndi
1786514619.621841,8.147684,-0.012290,-0.033480,-1.547070,ndi
1786514619.639242,8.165085,-0.012310,-0.033450,-1.547030,ndi
1786514619.656873,8.182716,-0.012330,-0.033410,-1.547030,ndi
1786514619.671868,8.197711,-0.012350,-0.033380,-1.546960,ndi
1786514619.689376,8.215219,-0.012370,-0.033340,-1.546930,ndi
1786514619.706788,8.232631,-0.012390,-0.033320,-1.546910,ndi
1786514619.724242,8.250086,-0.012410,-0.033280,-1.546870,ndi
1786514619.739253,8.265096,-0.012430,-0.033240,-1.546830,ndi
1786514619.756777,8.282620,-0.012450,-0.033210,-1.546800,ndi
1786514619.774308,8.300152,-0.012480,-0.033180,-1.546770,ndi
1786514619.789311,8.315154,-0.012490,-0.033150,-1.546750,ndi
1786514619.806811,8.332654,-0.012500,-0.033110,-1.546710,ndi
1786514619.821937,8.347780,-0.012540,-0.033080,-1.546690,ndi
1786514619.839255,8.365098,-0.012570,-0.033050,-1.546670,ndi
1786514619.856806,8.382649,-0.012580,-0.033010,-1.546600,ndi
1786514619.872071,8.397914,-0.012600,-0.032990,-1.546590,ndi
1786514619.889435,8.415278,-0.012620,-0.032950,-1.546540,ndi
1786514619.906905,8.432748,-0.012630,-0.032920,-1.546550,ndi
1786514619.924365,8.450208,-0.012670,-0.032890,-1.546520,ndi
1786514619.939242,8.465085,-0.012680,-0.032860,-1.546500,ndi
1786514619.956792,8.482635,-0.012690,-0.032820,-1.546430,ndi
1786514619.972040,8.497883,-0.012730,-0.032800,-1.546400,ndi
1786514619.989389,8.515233,-0.012730,-0.032760,-1.546410,ndi
1786514620.006914,8.532758,-0.012750,-0.032720,-1.546370,ndi
1786514620.024386,8.550229,-0.012790,-0.032690,-1.546350,ndi
1786514620.039314,8.565157,-0.012800,-0.032660,-1.546310,ndi
1786514620.056845,8.582688,-0.012830,-0.032620,-1.546270,ndi
1786514620.071849,8.597692,-0.012840,-0.032600,-1.546260,ndi
1786514620.089264,8.615107,-0.012860,-0.032570,-1.546230,ndi
1786514620.106936,8.632779,-0.012890,-0.032530,-1.546200,ndi
1786514620.124373,8.650216,-0.012920,-0.032490,-1.546160,ndi
1786514620.139284,8.665128,-0.012930,-0.032450,-1.546120,ndi
1786514620.156792,8.682635,-0.012960,-0.032420,-1.546080,ndi
1786514620.171946,8.697789,-0.012970,-0.032380,-1.546070,ndi
1786514620.189224,8.715068,-0.012990,-0.032340,-1.546040,ndi
1786514620.206909,8.732753,-0.013030,-0.032310,-1.545990,ndi
1786514620.221930,8.747773,-0.013030,-0.032290,-1.545950,ndi
1786514620.239264,8.765108,-0.013060,-0.032240,-1.545930,ndi
1786514620.256815,8.782659,-0.013090,-0.032190,-1.545900,ndi
1786514620.274384,8.800228,-0.013100,-0.032160,-1.545850,ndi
1786514620.289416,8.815259,-0.013130,-0.032140,-1.545840,ndi
1786514620.306896,8.832739,-0.013160,-0.032090,-1.545780,ndi
1786514620.324366,8.850209,-0.013170,-0.032040,-1.545760,ndi
1786514620.339273,8.865116,-0.013200,-0.032030,-1.545740,ndi
1786514620.356766,8.882609,-0.013220,-0.031990,-1.545690,ndi
1786514620.371803,8.897646,-0.013230,-0.031960,-1.545700,ndi
1786514620.389244,8.915087,-0.013250,-0.031910,-1.545660,ndi
1786514620.406772,8.932615,-0.013290,-0.031890,-1.545630,ndi
1786514620.424259,8.950102,-0.013300,-0.031870,-1.545610,ndi
1786514620.439250,8.965093,-0.013320,-0.031830,-1.545550,ndi
1786514620.456844,8.982687,-0.013360,-0.031780,-1.545520,ndi
1786514620.472059,8.997902,-0.013370,-0.031760,-1.545520,ndi
1786514620.489462,9.015305,-0.013400,-0.031730,-1.545490,ndi
1786514620.506887,9.032730,-0.013420,-0.031690,-1.545460,ndi
1786514620.524370,9.050213,-0.013440,-0.031650,-1.545420,ndi
1786514620.539253,9.065096,-0.013480,-0.031620,-1.545400,ndi
1786514620.556767,9.082610,-0.013490,-0.031610,-1.545360,ndi
1786514620.571839,9.097682,-0.013510,-0.031570,-1.545330,ndi
1786514620.589319,9.115162,-0.013530,-0.031520,-1.545290,ndi
1786514620.606929,9.132772,-0.013560,-0.031490,-1.545240,ndi
1786514620.624356,9.150199,-0.013580,-0.031470,-1.545220,ndi
1786514620.639263,9.165106,-0.013610,-0.031440,-1.545210,ndi
1786514620.656899,9.182742,-0.013630,-0.031390,-1.545170,ndi
1786514620.671809,9.197653,-0.013650,-0.031360,-1.545140,ndi
1786514620.689297,9.215140,-0.013670,-0.031330,-1.545080,ndi
1786514620.706933,9.232776,-0.013690,-0.031300,-1.545080,ndi
1786514620.721915,9.247758,-0.013720,-0.031270,-1.545040,ndi
1786514620.739273,9.265116,-0.013740,-0.031230,-1.544990,ndi
1786514620.756763,9.282607,-0.013760,-0.031200,-1.544970,ndi
1786514620.771873,9.297717,-0.013770,-0.031180,-1.544940,ndi
1786514620.789310,9.315153,-0.013790,-0.031150,-1.544910,ndi
1786514620.806860,9.332703,-0.013820,-0.031110,-1.544890,ndi
1786514620.824394,9.350237,-0.013840,-0.031070,-1.544850,ndi
1786514620.839257,9.365100,-0.013860,-0.031050,-1.544820,ndi
1786514620.856784,9.382627,-0.013870,-0.031030,-1.544790,ndi
1786514620.874289,9.400132,-0.013900,-0.030990,-1.544740,ndi
1786514620.889336,9.415179,-0.013920,-0.030950,-1.544720,ndi
1786514620.906836,9.432679,-0.013940,-0.030930,-1.544700,ndi
1786514620.924268,9.450111,-0.013960,-0.030910,-1.544650,ndi
1786514620.939270,9.465113,-0.013980,-0.030870,-1.544630,ndi
1786514620.956758,9.482601,-0.014000,-0.030830,-1.544620,ndi
1786514620.971794,9.497637,-0.014010,-0.030800,-1.544580,ndi
1786514620.989298,9.515141,-0.014040,-0.030770,-1.544550,ndi
1786514621.006965,9.532809,-0.014070,-0.030730,-1.544500,ndi
1786514621.024416,9.550259,-0.014090,-0.030670,-1.544480,ndi
1786514621.039265,9.565109,-0.014120,-0.030650,-1.544490,ndi
1786514621.056757,9.582600,-0.014140,-0.030620,-1.544430,ndi
1786514621.074261,9.600104,-0.014160,-0.030580,-1.544450,ndi
1786514621.089296,9.615139,-0.014190,-0.030550,-1.544410,ndi
1786514621.106828,9.632671,-0.014210,-0.030520,-1.544360,ndi
1786514621.124266,9.650109,-0.014220,-0.030500,-1.544330,ndi
1786514621.139251,9.665094,-0.014250,-0.030470,-1.544310,ndi
1786514621.156755,9.682598,-0.014280,-0.030420,-1.544290,ndi
1786514621.171705,9.697548,-0.014290,-0.030380,-1.544220,ndi
1786514621.189276,9.715119,-0.014330,-0.030360,-1.544200,ndi
1786514621.206802,9.732645,-0.014340,-0.030330,-1.544170,ndi
1786514621.224264,9.750107,-0.014370,-0.030290,-1.544130,ndi
1786514621.239250,9.765093,-0.014400,-0.030260,-1.544110,ndi
1786514621.256736,9.782579,-0.014410,-0.030230,-1.544090,ndi
1786514621.271797,9.797640,-0.014420,-0.030210,-1.544050,ndi
1786514621.289365,9.815208,-0.014450,-0.030180,-1.544050,ndi
1786514621.306837,9.832680,-0.014450,-0.030160,-1.543990,ndi
1786514621.321894,9.847737,-0.014460,-0.030160,-1.544000,ndi
1786514621.339220,9.865063,-0.014470,-0.030160,-1.543970,ndi
1786514621.356730,9.882573,-0.014460,-0.030160,-1.544000,ndi
1786514621.371950,9.897793,-0.014460,-0.030160,-1.543960,ndi
1786514621.389381,9.915224,-0.014470,-0.030160,-1.543980,ndi
1786514621.406900,9.932743,-0.014460,-0.030160,-1.543980,ndi
1786514621.421901,9.947744,-0.014480,-0.030160,-1.543980,ndi
1786514621.439286,9.965129,-0.014480,-0.030160,-1.543960,ndi
1786514621.456796,9.982640,-0.014470,-0.030160,-1.543990,ndi
1786514621.471776,9.997619,-0.014470,-0.030160,-1.543980,ndi
1786514621.489272,10.015115,-0.014480,-0.030150,-1.543970,ndi
1786514621.506942,10.032785,-0.014480,-0.030160,-1.544000,ndi
1786514621.522065,10.047908,-0.014480,-0.030170,-1.543990,ndi
1786514621.539251,10.065094,-0.014480,-0.030160,-1.543980,ndi
1786514621.556687,10.082530,-0.014470,-0.030160,-1.543970,ndi
1786514621.574250,10.100093,-0.014480,-0.030170,-1.543990,ndi
1786514621.589324,10.115168,-0.014480,-0.030170,-1.543980,ndi
1786514621.606851,10.132694,-0.014480,-0.030160,-1.543980,ndi
1786514621.621838,10.147681,-0.014480,-0.030160,-1.543980,ndi
1786514621.639244,10.165087,-0.014490,-0.030170,-1.543980,ndi
1786514621.656776,10.182619,-0.014490,-0.030170,-1.544000,ndi
1786514621.671952,10.197796,-0.014480,-0.030160,-1.543990,ndi
1786514621.689429,10.215272,-0.014480,-0.030160,-1.543990,ndi
1786514621.706928,10.232771,-0.014490,-0.030170,-1.543990,ndi
1786514621.721983,10.247826,-0.014490,-0.030170,-1.543980,ndi
1786514621.739272,10.265115,-0.014480,-0.030160,-1.544010,ndi
1786514621.756692,10.282535,-0.014480,-0.030160,-1.543990,ndi
1786514621.774271,10.300114,-0.014490,-0.030170,-1.543970,ndi
1786514621.789291,10.315135,-0.014490,-0.030170,-1.543990,ndi
1786514621.806949,10.332792,-0.014490,-0.030160,-1.543980,ndi
1786514621.824434,10.350277,-0.014490,-0.030160,-1.543980,ndi
1786514621.839254,10.365098,-0.014490,-0.030160,-1.543970,ndi
1786514621.856776,10.382620,-0.014490,-0.030170,-1.543980,ndi
1786514621.874278,10.400121,-0.014500,-0.030160,-1.544010,ndi
1786514621.889315,10.415158,-0.014490,-0.030160,-1.544000,ndi
1786514621.906977,10.432820,-0.014500,-0.030170,-1.543970,ndi
1786514621.921930,10.447773,-0.014490,-0.030170,-1.543990,ndi
1786514621.939183,10.465026,-0.014490,-0.030160,-1.544000,ndi
1786514621.956769,10.482612,-0.014490,-0.030160,-1.543960,ndi
1786514621.974385,10.500228,-0.014500,-0.030170,-1.543970,ndi
1786514621.989307,10.515150,-0.014500,-0.030170,-1.543990,ndi
1786514622.006799,10.532643,-0.014500,-0.030160,-1.543990,ndi
1786514622.024270,10.550113,-0.014500,-0.030160,-1.543950,ndi
1786514622.039254,10.565098,-0.014510,-0.030170,-1.543990,ndi
1786514622.056785,10.582628,-0.014490,-0.030170,-1.543990,ndi
1786514622.071828,10.597671,-0.014500,-0.030160,-1.544000,ndi
1786514622.089303,10.615146,-0.014500,-0.030160,-1.543980,ndi
1786514622.106984,10.632828,-0.014500,-0.030170,-1.543980,ndi
1786514622.124410,10.650254,-0.014510,-0.030170,-1.543970,ndi
1786514622.139197,10.665040,-0.014500,-0.030160,-1.543990,ndi
1786514622.156795,10.682638,-0.014500,-0.030160,-1.543980,ndi
1786514622.174294,10.700137,-0.014510,-0.030170,-1.543980,ndi
1786514622.189298,10.715142,-0.014500,-0.030160,-1.544010,ndi
1786514622.206918,10.732761,-0.014500,-0.030160,-1.543970,ndi
1786514622.221944,10.747787,-0.014510,-0.030160,-1.544000,ndi
1786514622.239318,10.765161,-0.014510,-0.030180,-1.543980,ndi
1786514622.256766,10.782609,-0.014500,-0.030170,-1.543970,ndi
1786514622.272024,10.797867,-0.014510,-0.030150,-1.543990,ndi
1786514622.289429,10.815273,-0.014500,-0.030160,-1.543990,ndi
1786514622.306902,10.832745,-0.014510,-0.030170,-1.543980,ndi
1786514622.324425,10.850268,-0.014510,-0.030160,-1.544010,ndi
1786514622.339208,10.865051,-0.014500,-0.030160,-1.543990,ndi
1786514622.356764,10.882607,-0.014520,-0.030170,-1.543980,ndi
1786514622.371763,10.897606,-0.014510,-0.030170,-1.544020,ndi
1786514622.389305,10.915148,-0.014510,-0.030160,-1.543980,ndi
1786514622.406984,10.932827,-0.014520,-0.030160,-1.544000,ndi
1786514622.421920,10.947763,-0.014510,-0.030160,-1.543990,ndi
1786514622.439283,10.965126,-0.014510,-0.030170,-1.543970,ndi
1786514622.456789,10.982633,-0.014520,-0.030170,-1.544020,ndi
1786514622.471856,10.997699,-0.014510,-0.030160,-1.543990,ndi
1786514622.489339,11.015182,-0.014520,-0.030170,-1.544010,ndi
1786514622.506936,11.032779,-0.014520,-0.030170,-1.544020,ndi
1786514622.524343,11.050186,-0.014510,-0.030160,-1.544000,ndi
1786514622.539253,11.065097,-0.014500,-0.030160,-1.543990,ndi
1786514622.556822,11.082665,-0.014530,-0.030170,-1.544000,ndi
1786514622.571844,11.097687,-0.014510,-0.030180,-1.544010,ndi
1786514622.589358,11.115201,-0.014510,-0.030160,-1.543990,ndi
1786514622.606868,11.132711,-0.014520,-0.030160,-1.544000,ndi
1786514622.621782,11.147625,-0.014520,-0.030170,-1.543990,ndi
1786514622.639306,11.165149,-0.014520,-0.030170,-1.544030,ndi
1786514622.656796,11.182639,-0.014510,-0.030160,-1.544040,ndi
1786514622.671920,11.197763,-0.014520,-0.030160,-1.544010,ndi
1786514622.689332,11.215175,-0.014530,-0.030170,-1.544000,ndi
1786514622.706830,11.232673,-0.014510,-0.030180,-1.544030,ndi
1786514622.721962,11.247805,-0.014520,-0.030170,-1.544020,ndi
1786514622.739254,11.265098,-0.014510,-0.030160,-1.544010,ndi
1786514622.756815,11.282658,-0.014520,-0.030160,-1.544010,ndi
1786514622.771890,11.297734,-0.014520,-0.030170,-1.544010,ndi
1786514622.789445,11.315288,-0.014520,-0.030170,-1.544010,ndi
1786514622.806964,11.332807,-0.014520,-0.030170,-1.544010,ndi
1786514622.824402,11.350245,-0.014520,-0.030180,-1.544040,ndi
1786514622.839291,11.365134,-0.014520,-0.030170,-1.544010,ndi
1786514622.856781,11.382624,-0.014520,-0.030160,-1.544000,ndi
1786514622.871942,11.397785,-0.014520,-0.030170,-1.544030,ndi
1786514622.889346,11.415190,-0.014530,-0.030170,-1.544010,ndi
1786514622.906881,11.432724,-0.014520,-0.030170,-1.544020,ndi
1786514622.921950,11.447793,-0.014520,-0.030170,-1.543990,ndi
1786514622.939282,11.465125,-0.014520,-0.030170,-1.544020,ndi
1786514622.956781,11.482625,-0.014520,-0.030170,-1.544020,ndi
1786514622.972013,11.497856,-0.014520,-0.030170,-1.544030,ndi
1786514622.989400,11.515243,-0.014520,-0.030170,-1.543990,ndi
1786514623.006903,11.532746,-0.014530,-0.030170,-1.543990,ndi
1786514623.022025,11.547868,-0.014530,-0.030170,-1.543990,ndi
1786514623.039317,11.565160,-0.014520,-0.030170,-1.543980,ndi
1786514623.056806,11.582649,-0.014530,-0.030170,-1.544010,ndi
1786514623.071807,11.597651,-0.014520,-0.030170,-1.544000,ndi
1786514623.089340,11.615184,-0.014520,-0.030170,-1.543980,ndi
1786514623.106776,11.632619,-0.014530,-0.030170,-1.544020,ndi
1786514623.124386,11.650229,-0.014520,-0.030170,-1.544010,ndi
1786514623.139354,11.665197,-0.014520,-0.030170,-1.544010,ndi
1786514623.156849,11.682693,-0.014530,-0.030170,-1.544020,ndi
1786514623.171817,11.697660,-0.014530,-0.030170,-1.544000,ndi
1786514623.189301,11.715144,-0.014520,-0.030180,-1.544020,ndi
1786514623.206845,11.732688,-0.014530,-0.030180,-1.544020,ndi
1786514623.224368,11.750211,-0.014540,-0.030170,-1.544010,ndi
1786514623.239299,11.765142,-0.014520,-0.030170,-1.544010,ndi
1786514623.256821,11.782665,-0.014530,-0.030180,-1.544030,ndi
1786514623.274408,11.800251,-0.014530,-0.030180,-1.544020,ndi
1786514623.289409,11.815252,-0.014520,-0.030170,-1.544020,ndi
1786514623.306912,11.832755,-0.014540,-0.030170,-1.544020,ndi
1786514623.324418,11.850261,-0.014520,-0.030180,-1.544010,ndi
1786514623.339295,11.865139,-0.014530,-0.030180,-1.544010,ndi
1786514623.356865,11.882708,-0.014530,-0.030170,-1.544020,ndi
1786514623.371801,11.897644,-0.014530,-0.030170,-1.544000,ndi
1786514623.389333,11.915176,-0.014530,-0.030170,-1.544040,ndi
1786514623.406809,11.932652,-0.014530,-0.030180,-1.544000,ndi
1786514623.422000,11.947843,-0.014540,-0.030180,-1.544020,ndi
1786514623.439313,11.965156,-0.014530,-0.030170,-1.544040,ndi
1786514623.456831,11.982675,-0.014540,-0.030170,-1.544010,ndi
1786514623.471802,11.997646,-0.014530,-0.030170,-1.544010,ndi
1786514623.489334,12.015177,-0.014530,-0.030170,-1.544000,ndi
1786514623.506939,12.032782,-0.014520,-0.030180,-1.544010,ndi
1786514623.522065,12.047908,-0.014530,-0.030170,-1.544010,ndi
1786514623.539290,12.065133,-0.014540,-0.030170,-1.544020,ndi
1786514623.556825,12.082668,-0.014530,-0.030180,-1.544020,ndi
1786514623.574281,12.100124,-0.014530,-0.030170,-1.544000,ndi
1786514623.589340,12.115183,-0.014540,-0.030170,-1.544020,ndi
1786514623.606923,12.132766,-0.014540,-0.030170,-1.544000,ndi
1786514623.624378,12.150222,-0.014540,-0.030180,-1.544030,ndi
1786514623.639296,12.165139,-0.014540,-0.030180,-1.544010,ndi
1786514623.656810,12.182653,-0.014530,-0.030170,-1.544000,ndi
1786514623.671807,12.197650,-0.014530,-0.030170,-1.544010,ndi
1786514623.689458,12.215301,-0.014540,-0.030180,-1.544030,ndi
1786514623.706955,12.232798,-0.014530,-0.030180,-1.544010,ndi
1786514623.722101,12.247944,-0.014530,-0.030170,-1.544010,ndi
1786514623.739405,12.265248,-0.014540,-0.030170,-1.544020,ndi
1786514623.756840,12.282684,-0.014520,-0.030180,-1.544020,ndi
1786514623.771814,12.297657,-0.014540,-0.030180,-1.544030,ndi
1786514623.789338,12.315181,-0.014540,-0.030170,-1.544020,ndi
1786514623.806857,12.332700,-0.014530,-0.030170,-1.544010,ndi
1786514623.821856,12.347699,-0.014540,-0.030180,-1.544000,ndi
1786514623.839331,12.365174,-0.014530,-0.030180,-1.544020,ndi
1786514623.856809,12.382652,-0.014530,-0.030170,-1.544000,ndi
1786514623.871825,12.397668,-0.014550,-0.030170,-1.543990,ndi
1786514623.889304,12.415148,-0.014540,-0.030180,-1.544020,ndi
1786514623.906824,12.432667,-0.014520,-0.030180,-1.543990,ndi
1786514623.921808,12.447651,-0.014540,-0.030170,-1.543990,ndi
1786514623.939351,12.465194,-0.014550,-0.030170,-1.544030,ndi
1786514623.956827,12.482671,-0.014540,-0.030180,-1.544000,ndi
1786514623.974413,12.500256,-0.014540,-0.030190,-1.544010,ndi
1786514623.989412,12.515255,-0.014540,-0.030170,-1.544000,ndi
1786514624.006926,12.532769,-0.014540,-0.030170,-1.544040,ndi
1786514624.022023,12.547866,-0.014550,-0.030170,-1.544030,ndi
1786514624.039340,12.565183,-0.014540,-0.030180,-1.544000,ndi
1786514624.056812,12.582655,-0.014540,-0.030170,-1.544040,ndi
1786514624.071911,12.597754,-0.014550,-0.030160,-1.544040,ndi
1786514624.089340,12.615183,-0.014540,-0.030180,-1.544040,ndi
1786514624.106961,12.632805,-0.014540,-0.030180,-1.544020,ndi
1786514624.124331,12.650174,-0.014550,-0.030170,-1.544050,ndi
1786514624.139342,12.665185,-0.014550,-0.030160,-1.544050,ndi
1786514624.156818,12.682662,-0.014550,-0.030170,-1.544030,ndi
1786514624.174385,12.700228,-0.014550,-0.030180,-1.544010,ndi
1786514624.189380,12.715223,-0.014550,-0.030170,-1.544010,ndi
1786514624.206894,12.732738,-0.014540,-0.030160,-1.544020,ndi
1786514624.221931,12.747774,-0.014560,-0.030180,-1.544020,ndi
1786514624.239343,12.765187,-0.014550,-0.030180,-1.544030,ndi
1786514624.256838,12.782681,-0.014550,-0.030160,-1.544010,ndi
1786514624.274357,12.800200,-0.014560,-0.030160,-1.544030,ndi
1786514624.289406,12.815249,-0.014530,-0.030170,-1.544040,ndi
1786514624.306908,12.832751,-0.014560,-0.030180,-1.544000,ndi
1786514624.324481,12.850324,-0.014560,-0.030160,-1.544010,ndi
1786514624.339359,12.865202,-0.014550,-0.030150,-1.544030,ndi
1786514624.356856,12.882699,-0.014560,-0.030150,-1.544050,ndi
1786514624.371977,12.897820,-0.014550,-0.030150,-1.544030,ndi
1786514624.389524,12.915367,-0.014560,-0.030150,-1.544060,ndi
1786514624.407011,12.932854,-0.014560,-0.030140,-1.544050,ndi
1786514624.424389,12.950232,-0.014570,-0.030140,-1.544070,ndi
1786514624.439361,12.965204,-0.014570,-0.030130,-1.544080,ndi
1786514624.456822,12.982665,-0.014570,-0.030120,-1.544050,ndi
1786514624.471843,12.997686,-0.014580,-0.030120,-1.544060,ndi
1786514624.489462,13.015305,-0.014570,-0.030110,-1.544010,ndi
1786514624.506878,13.032721,-0.014590,-0.030100,-1.544110,ndi
1786514624.524378,13.050221,-0.014590,-0.030090,-1.544070,ndi
1786514624.539337,13.065181,-0.014600,-0.030080,-1.544080,ndi
1786514624.556822,13.082665,-0.014600,-0.030080,-1.544080,ndi
1786514624.571877,13.097720,-0.014600,-0.030070,-1.544100,ndi
1786514624.589359,13.115202,-0.014600,-0.030070,-1.544100,ndi
1786514624.606963,13.132806,-0.014600,-0.030060,-1.544100,ndi
1786514624.624355,13.150198,-0.014620,-0.030040,-1.544110,ndi
1786514624.639324,13.165167,-0.014610,-0.030030,-1.544090,ndi
1786514624.656822,13.182665,-0.014610,-0.030020,-1.544110,ndi
1786514624.671803,13.197646,-0.014640,-0.030030,-1.544130,ndi
1786514624.689519,13.215362,-0.014610,-0.030010,-1.544120,ndi
1786514624.706989,13.232832,-0.014630,-0.030000,-1.544120,ndi
1786514624.722080,13.247923,-0.014640,-0.030000,-1.544130,ndi
1786514624.739313,13.265156,-0.014640,-0.029990,-1.544140,ndi
1786514624.756843,13.282686,-0.014640,-0.029980,-1.544150,ndi
1786514624.771826,13.297669,-0.014660,-0.029960,-1.544180,ndi
1786514624.789669,13.315512,-0.014650,-0.029970,-1.544190,ndi
1786514624.806889,13.332732,-0.014660,-0.029970,-1.544170,ndi
1786514624.821852,13.347695,-0.014670,-0.029950,-1.544160,ndi
1786514624.839307,13.365150,-0.014660,-0.029940,-1.544160,ndi
1786514624.856797,13.382640,-0.014670,-0.029940,-1.544180,ndi
1786514624.871811,13.397654,-0.014670,-0.029940,-1.544220,ndi
1786514624.889342,13.415185,-0.014670,-0.029930,-1.544200,ndi
1786514624.906877,13.432720,-0.014680,-0.029920,-1.544190,ndi
1786514624.922053,13.447896,-0.014680,-0.029920,-1.544210,ndi
1786514624.939335,13.465178,-0.014680,-0.029900,-1.544210,ndi
1786514624.956812,13.482656,-0.014690,-0.029890,-1.544230,ndi
1786514624.971882,13.497725,-0.014690,-0.029900,-1.544230,ndi
1786514624.989499,13.515342,-0.014690,-0.029890,-1.544260,ndi
1786514625.007023,13.532866,-0.014710,-0.029880,-1.544250,ndi
1786514625.024487,13.550331,-0.014720,-0.029870,-1.544270,ndi
1786514625.039361,13.565204,-0.014700,-0.029870,-1.544210,ndi
1786514625.056814,13.582657,-0.014720,-0.029870,-1.544280,ndi
1786514625.074329,13.600172,-0.014710,-0.029850,-1.544260,ndi
1786514625.089341,13.615184,-0.014720,-0.029840,-1.544280,ndi
1786514625.106866,13.632709,-0.014730,-0.029840,-1.544260,ndi
1786514625.122057,13.647901,-0.014730,-0.029840,-1.544250,ndi
1786514625.139338,13.665181,-0.014730,-0.029830,-1.544270,ndi
1786514625.156839,13.682683,-0.014760,-0.029820,-1.544280,ndi
1786514625.172113,13.697956,-0.014740,-0.029830,-1.544270,ndi
1786514625.189440,13.715283,-0.014740,-0.029820,-1.544280,ndi
1786514625.206997,13.732840,-0.014760,-0.029800,-1.544260,ndi
1786514625.222070,13.747913,-0.014750,-0.029790,-1.544310,ndi
1786514625.239305,13.765148,-0.014770,-0.029800,-1.544300,ndi
1786514625.256763,13.782606,-0.014770,-0.029800,-1.544320,ndi
1786514625.271854,13.797697,-0.014750,-0.029780,-1.544310,ndi
1786514625.289348,13.815191,-0.014770,-0.029780,-1.544320,ndi
1786514625.306871,13.832714,-0.014790,-0.029770,-1.544330,ndi
1786514625.321849,13.847692,-0.014770,-0.029770,-1.544300,ndi
1786514625.339350,13.865193,-0.014780,-0.029760,-1.544340,ndi
1786514625.356910,13.882753,-0.014800,-0.029750,-1.544350,ndi
1786514625.371871,13.897714,-0.014790,-0.029750,-1.544360,ndi
1786514625.389384,13.915227,-0.014800,-0.029740,-1.544360,ndi
1786514625.407038,13.932881,-0.014800,-0.029730,-1.544370,ndi
1786514625.422292,13.948135,-0.014800,-0.029730,-1.544350,ndi
1786514625.439359,13.965203,-0.014820,-0.029730,-1.544360,ndi
1786514625.456799,13.982642,-0.014800,-0.029720,-1.544370,ndi
1786514625.471884,13.997728,-0.014800,-0.029710,-1.544360,ndi
1786514625.489549,14.015392,-0.014820,-0.029710,-1.544350,ndi
1786514625.507087,14.032930,-0.014820,-0.029710,-1.544380,ndi
1786514625.522047,14.047890,-0.014820,-0.029690,-1.544390,ndi
1786514625.539323,14.065166,-0.014830,-0.029690,-1.544370,ndi
1786514625.556869,14.082712,-0.014830,-0.029690,-1.544400,ndi
1786514625.571938,14.097781,-0.014840,-0.029680,-1.544390,ndi
1786514625.589570,14.115413,-0.014850,-0.029670,-1.544410,ndi
1786514625.606946,14.132789,-0.014850,-0.029660,-1.544440,ndi
1786514625.621926,14.147769,-0.014850,-0.029660,-1.544470,ndi
1786514625.639334,14.165177,-0.014870,-0.029650,-1.544460,ndi
1786514625.656810,14.182653,-0.014850,-0.029630,-1.544480,ndi
1786514625.671886,14.197729,-0.014880,-0.029630,-1.544480,ndi
1786514625.689390,14.215234,-0.014880,-0.029630,-1.544510,ndi
1786514625.706902,14.232745,-0.014880,-0.029620,-1.544500,ndi
1786514625.722041,14.247884,-0.014900,-0.029610,-1.544510,ndi
1786514625.739345,14.265188,-0.014900,-0.029610,-1.544530,ndi
1786514625.756872,14.282715,-0.014900,-0.029610,-1.544530,ndi
1786514625.771934,14.297777,-0.014900,-0.029600,-1.544550,ndi
1786514625.789435,14.315279,-0.014910,-0.029580,-1.544560,ndi
1786514625.807096,14.332940,-0.014920,-0.029580,-1.544540,ndi
1786514625.822083,14.347926,-0.014920,-0.029590,-1.544550,ndi
1786514625.839300,14.365144,-0.014920,-0.029570,-1.544570,ndi
1786514625.856854,14.382697,-0.014920,-0.029560,-1.544540,ndi
1786514625.871885,14.397728,-0.014930,-0.029560,-1.544600,ndi
1786514625.889422,14.415265,-0.014930,-0.029570,-1.544570,ndi
1786514625.906929,14.432772,-0.014930,-0.029550,-1.544560,ndi
1786514625.922040,14.447883,-0.014950,-0.029530,-1.544550,ndi
1786514625.939341,14.465184,-0.014960,-0.029540,-1.544590,ndi
1786514625.956848,14.482691,-0.014950,-0.029550,-1.544580,ndi
1786514625.971841,14.497684,-0.014950,-0.029540,-1.544590,ndi
1786514625.989379,14.515223,-0.014950,-0.029520,-1.544570,ndi
1786514626.006898,14.532741,-0.014970,-0.029520,-1.544590,ndi
1786514626.021858,14.547701,-0.014960,-0.029530,-1.544600,ndi
1786514626.039248,14.565091,-0.014960,-0.029510,-1.544620,ndi
1786514626.056827,14.582670,-0.014980,-0.029500,-1.544600,ndi
1786514626.071847,14.597691,-0.014960,-0.029500,-1.544580,ndi
1786514626.089516,14.615360,-0.014980,-0.029510,-1.544600,ndi
1786514626.106993,14.632837,-0.014980,-0.029490,-1.544580,ndi
1786514626.122085,14.647928,-0.014980,-0.029470,-1.544630,ndi
1786514626.139381,14.665224,-0.014990,-0.029490,-1.544630,ndi
1786514626.156854,14.682697,-0.014990,-0.029490,-1.544600,ndi
1786514626.171875,14.697718,-0.014990,-0.029480,-1.544590,ndi
1786514626.189391,14.715234,-0.015000,-0.029450,-1.544580,ndi
1786514626.207079,14.732922,-0.015000,-0.029460,-1.544630,ndi
1786514626.224462,14.750305,-0.014990,-0.029460,-1.544620,ndi
1786514626.239277,14.765120,-0.015000,-0.029440,-1.544630,ndi
1786514626.256857,14.782700,-0.015010,-0.029430,-1.544640,ndi
1786514626.274436,14.800279,-0.015010,-0.029440,-1.544660,ndi
1786514626.289443,14.815286,-0.015030,-0.029440,-1.544670,ndi
1786514626.307035,14.832878,-0.015010,-0.029420,-1.544650,ndi
1786514626.322073,14.847916,-0.015030,-0.029410,-1.544660,ndi
1786514626.339398,14.865241,-0.015040,-0.029410,-1.544670,ndi
1786514626.356856,14.882699,-0.015020,-0.029410,-1.544650,ndi
1786514626.372096,14.897939,-0.015040,-0.029400,-1.544690,ndi
1786514626.389466,14.915309,-0.015050,-0.029400,-1.544670,ndi
1786514626.407046,14.932889,-0.015040,-0.029390,-1.544700,ndi
1786514626.422076,14.947919,-0.015050,-0.029390,-1.544710,ndi
1786514626.439354,14.965197,-0.015040,-0.029380,-1.544670,ndi
1786514626.456889,14.982732,-0.015050,-0.029370,-1.544680,ndi
1786514626.474372,15.000215,-0.015060,-0.029370,-1.544680,ndi
1786514626.489384,15.015227,-0.015060,-0.029360,-1.544700,ndi
1786514626.507068,15.032911,-0.015040,-0.029350,-1.544680,ndi
1786514626.524384,15.050227,-0.015070,-0.029360,-1.544700,ndi
1786514626.539375,15.065218,-0.015060,-0.029350,-1.544710,ndi
1786514626.556892,15.082736,-0.015070,-0.029340,-1.544680,ndi
1786514626.571983,15.097826,-0.015080,-0.029340,-1.544690,ndi
1786514626.589503,15.115346,-0.015070,-0.029340,-1.544710,ndi
1786514626.606948,15.132791,-0.015070,-0.029340,-1.544710,ndi
1786514626.621879,15.147722,-0.015080,-0.029330,-1.544710,ndi
1786514626.639335,15.165178,-0.015060,-0.029320,-1.544700,ndi
1786514626.656883,15.182726,-0.015080,-0.029320,-1.544740,ndi
1786514626.671873,15.197716,-0.015090,-0.029320,-1.544730,ndi
1786514626.689382,15.215225,-0.015090,-0.029300,-1.544730,ndi
1786514626.706907,15.232750,-0.015090,-0.029300,-1.544720,ndi
1786514626.721888,15.247731,-0.015100,-0.029300,-1.544740,ndi
1786514626.739375,15.265218,-0.015090,-0.029300,-1.544740,ndi
1786514626.756882,15.282726,-0.015100,-0.029290,-1.544750,ndi
1786514626.771879,15.297722,-0.015100,-0.029280,-1.544750,ndi
1786514626.789387,15.315230,-0.015100,-0.029280,-1.544750,ndi
1786514626.806922,15.332765,-0.015110,-0.029270,-1.544780,ndi
1786514626.824387,15.350230,-0.015100,-0.029260,-1.544760,ndi
1786514626.839365,15.365209,-0.015110,-0.029260,-1.544790,ndi
1786514626.856897,15.382740,-0.015120,-0.029260,-1.544780,ndi
1786514626.871937,15.397780,-0.015120,-0.029260,-1.544790,ndi
1786514626.889526,15.415370,-0.015110,-0.029250,-1.544790,ndi
1786514626.907003,15.432846,-0.015120,-0.029230,-1.544790,ndi
1786514626.924434,15.450277,-0.015120,-0.029230,-1.544820,ndi
1786514626.939368,15.465211,-0.015130,-0.029230,-1.544810,ndi
1786514626.956865,15.482708,-0.015140,-0.029220,-1.544810,ndi
1786514626.971911,15.497755,-0.015120,-0.029220,-1.544820,ndi
1786514626.989524,15.515367,-0.015140,-0.029220,-1.544810,ndi
1786514627.007021,15.532864,-0.015150,-0.029210,-1.544850,ndi
1786514627.024507,15.550350,-0.015130,-0.029200,-1.544810,ndi
1786514627.039381,15.565224,-0.015150,-0.029190,-1.544860,ndi
1786514627.056900,15.582743,-0.015150,-0.029190,-1.544850,ndi
1786514627.071928,15.597771,-0.015140,-0.029190,-1.544860,ndi
1786514627.089427,15.615271,-0.015160,-0.029180,-1.544860,ndi
1786514627.106908,15.632751,-0.015160,-0.029180,-1.544880,ndi
1786514627.122065,15.647908,-0.015150,-0.029170,-1.544860,ndi
1786514627.139380,15.665223,-0.015160,-0.029160,-1.544880,ndi
1786514627.156921,15.682764,-0.015160,-0.029160,-1.544900,ndi
1786514627.171956,15.697799,-0.015150,-0.029150,-1.544880,ndi
1786514627.189408,15.715251,-0.015170,-0.029150,-1.544900,ndi
1786514627.206833,15.732677,-0.015170,-0.029140,-1.544920,ndi
1786514627.224456,15.750299,-0.015150,-0.029140,-1.544910,ndi
1786514627.239383,15.765226,-0.015170,-0.029130,-1.544930,ndi
1786514627.256929,15.782773,-0.015170,-0.029120,-1.544940,ndi
1786514627.272023,15.797866,-0.015180,-0.029110,-1.544970,ndi
1786514627.289485,15.815329,-0.015180,-0.029100,-1.544950,ndi
1786514627.306901,15.832744,-0.015170,-0.029110,-1.544940,ndi
1786514627.324494,15.850337,-0.015180,-0.029100,-1.544960,ndi
1786514627.339377,15.865221,-0.015190,-0.029080,-1.544970,ndi
1786514627.356947,15.882790,-0.015180,-0.029080,-1.545000,ndi
1786514627.371936,15.897779,-0.015190,-0.029080,-1.545010,ndi
1786514627.389504,15.915347,-0.015200,-0.029070,-1.545020,ndi
1786514627.406975,15.932818,-0.015180,-0.029050,-1.545040,ndi
1786514627.422070,15.947913,-0.015200,-0.029050,-1.545030,ndi
1786514627.439374,15.965217,-0.015200,-0.029050,-1.545020,ndi
1786514627.456908,15.982751,-0.015200,-0.029030,-1.545060,ndi
1786514627.471925,15.997768,-0.015210,-0.029020,-1.545060,ndi
1786514627.489532,16.015375,-0.015210,-0.029010,-1.545060,ndi
1786514627.507136,16.032979,-0.015200,-0.029020,-1.545080,ndi
1786514627.522090,16.047934,-0.015210,-0.029010,-1.545100,ndi
1786514627.539394,16.065237,-0.015210,-0.028990,-1.545100,ndi
1786514627.556891,16.082734,-0.015210,-0.029000,-1.545090,ndi
1786514627.571979,16.097822,-0.015210,-0.029010,-1.545100,ndi
1786514627.589400,16.115243,-0.015210,-0.028990,-1.545120,ndi
1786514627.606925,16.132768,-0.015220,-0.028970,-1.545120,ndi
1786514627.621942,16.147785,-0.015220,-0.028970,-1.545120,ndi
1786514627.639386,16.165229,-0.015220,-0.028980,-1.545160,ndi
1786514627.656908,16.182751,-0.015220,-0.028960,-1.545150,ndi
1786514627.671976,16.197819,-0.015220,-0.028940,-1.545170,ndi
1786514627.689384,16.215227,-0.015230,-0.028950,-1.545160,ndi
1786514627.706934,16.232777,-0.015230,-0.028950,-1.545170,ndi
1786514627.724484,16.250327,-0.015220,-0.028940,-1.545180,ndi
1786514627.739390,16.265234,-0.015220,-0.028930,-1.545170,ndi
1786514627.756893,16.282736,-0.015230,-0.028930,-1.545180,ndi
1786514627.771974,16.297817,-0.015220,-0.028930,-1.545210,ndi
1786514627.789372,16.315215,-0.015230,-0.028920,-1.545210,ndi
1786514627.806930,16.332773,-0.015220,-0.028910,-1.545190,ndi
1786514627.824487,16.350331,-0.015240,-0.028910,-1.545200,ndi
1786514627.839391,16.365235,-0.015250,-0.028910,-1.545220,ndi
1786514627.856911,16.382754,-0.015230,-0.028890,-1.545240,ndi
1786514627.871998,16.397841,-0.015240,-0.028890,-1.545270,ndi
1786514627.889440,16.415283,-0.015250,-0.028890,-1.545230,ndi
1786514627.906953,16.432796,-0.015240,-0.028880,-1.545270,ndi
1786514627.921962,16.447805,-0.015240,-0.028870,-1.545270,ndi
1786514627.939379,16.465223,-0.015240,-0.028860,-1.545260,ndi
1786514627.956900,16.482743,-0.015240,-0.028870,-1.545300,ndi
1786514627.971952,16.497795,-0.015250,-0.028860,-1.545300,ndi
1786514627.989464,16.515307,-0.015250,-0.028850,-1.545340,ndi
1786514628.007022,16.532866,-0.015240,-0.028850,-1.545320,ndi
1786514628.024513,16.550356,-0.015250,-0.028840,-1.545330,ndi
1786514628.039412,16.565255,-0.015260,-0.028830,-1.545310,ndi
1786514628.056932,16.582776,-0.015240,-0.028820,-1.545370,ndi
1786514628.071984,16.597827,-0.015260,-0.028810,-1.545390,ndi
1786514628.089460,16.615303,-0.015250,-0.028830,-1.545380,ndi
1786514628.106924,16.632767,-0.015250,-0.028810,-1.545370,ndi
1786514628.121983,16.647826,-0.015260,-0.028800,-1.545390,ndi
1786514628.139405,16.665248,-0.015250,-0.028790,-1.545390,ndi
1786514628.156928,16.682771,-0.015270,-0.028800,-1.545420,ndi
1786514628.171924,16.697767,-0.015260,-0.028790,-1.545430,ndi
1786514628.189340,16.715183,-0.015260,-0.028770,-1.545400,ndi
1786514628.206935,16.732778,-0.015260,-0.028770,-1.545430,ndi
1786514628.222150,16.747993,-0.015270,-0.028780,-1.545430,ndi
1786514628.239398,16.765241,-0.015260,-0.028760,-1.545430,ndi
1786514628.256916,16.782759,-0.015260,-0.028750,-1.545440,ndi
1786514628.271910,16.797753,-0.015280,-0.028740,-1.545440,ndi
1786514628.289412,16.815255,-0.015250,-0.028750,-1.545480,ndi
1786514628.306992,16.832835,-0.015260,-0.028750,-1.545460,ndi
1786514628.321985,16.847828,-0.015270,-0.028730,-1.545450,ndi
1786514628.339406,16.865249,-0.015270,-0.028730,-1.545460,ndi
1786514628.356931,16.882774,-0.015280,-0.028730,-1.545470,ndi
1786514628.371969,16.897812,-0.015260,-0.028730,-1.545470,ndi
1786514628.389449,16.915292,-0.015260,-0.028720,-1.545500,ndi
1786514628.406969,16.932812,-0.015290,-0.028700,-1.545490,ndi
1786514628.424515,16.950358,-0.015270,-0.028710,-1.545500,ndi
1786514628.439432,16.965276,-0.015270,-0.028710,-1.545490,ndi
1786514628.456916,16.982759,-0.015270,-0.028700,-1.545510,ndi
1786514628.471900,16.997743,-0.015280,-0.028680,-1.545530,ndi
1786514628.489543,17.015386,-0.015280,-0.028690,-1.545540,ndi
1786514628.507029,17.032872,-0.015270,-0.028690,-1.545560,ndi
1786514628.522004,17.047847,-0.015270,-0.028680,-1.545550,ndi
1786514628.539396,17.065239,-0.015280,-0.028660,-1.545560,ndi
1786514628.556900,17.082743,-0.015280,-0.028660,-1.545560,ndi
1786514628.572052,17.097895,-0.015270,-0.028670,-1.545570,ndi
1786514628.589441,17.115284,-0.015270,-0.028650,-1.545570,ndi
1786514628.606927,17.132770,-0.015280,-0.028630,-1.545580,ndi
1786514628.621994,17.147837,-0.015280,-0.028630,-1.545620,ndi
1786514628.639426,17.165270,-0.015280,-0.028630,-1.545600,ndi
1786514628.656920,17.182763,-0.015280,-0.028620,-1.545640,ndi
1786514628.671981,17.197824,-0.015290,-0.028610,-1.545610,ndi
1786514628.689472,17.215316,-0.015280,-0.028610,-1.545610,ndi
1786514628.707036,17.232879,-0.015280,-0.028610,-1.545640,ndi
1786514628.722060,17.247903,-0.015290,-0.028600,-1.545600,ndi
1786514628.739409,17.265252,-0.015280,-0.028580,-1.545640,ndi
1786514628.756896,17.282740,-0.015290,-0.028580,-1.545650,ndi
1786514628.771971,17.297814,-0.015280,-0.028570,-1.545680,ndi
1786514628.789436,17.315279,-0.015280,-0.028560,-1.545630,ndi
1786514628.806967,17.332810,-0.015290,-0.028550,-1.545660,ndi
1786514628.822119,17.347962,-0.015290,-0.028550,-1.545660,ndi
1786514628.839476,17.365319,-0.015280,-0.028550,-1.545680,ndi
1786514628.856903,17.382746,-0.015290,-0.028540,-1.545730,ndi
1786514628.871994,17.397837,-0.015280,-0.028530,-1.545710,ndi
1786514628.889514,17.415358,-0.015300,-0.028530,-1.545700,ndi
1786514628.906997,17.432840,-0.015280,-0.028530,-1.545720,ndi
1786514628.922028,17.447871,-0.015280,-0.028530,-1.545740,ndi
1786514628.939455,17.465298,-0.015280,-0.028510,-1.545740,ndi
1786514628.956892,17.482735,-0.015290,-0.028510,-1.545760,ndi
1786514628.974519,17.500362,-0.015280,-0.028510,-1.545750,ndi
1786514628.989548,17.515391,-0.015280,-0.028510,-1.545790,ndi
1786514629.007077,17.532921,-0.015290,-0.028500,-1.545760,ndi
1786514629.022144,17.547987,-0.015290,-0.028490,-1.545760,ndi
1786514629.039429,17.565273,-0.015280,-0.028490,-1.545760,ndi
1786514629.056948,17.582791,-0.015300,-0.028490,-1.545790,ndi
1786514629.072086,17.597929,-0.015280,-0.028480,-1.545770,ndi
1786514629.089524,17.615367,-0.015290,-0.028470,-1.545790,ndi
1786514629.107052,17.632895,-0.015300,-0.028470,-1.545810,ndi
1786514629.121994,17.647838,-0.015280,-0.028460,-1.545790,ndi
1786514629.139407,17.665250,-0.015290,-0.028450,-1.545790,ndi
1786514629.156888,17.682731,-0.015290,-0.028440,-1.545840,ndi
1786514629.171970,17.697813,-0.015280,-0.028440,-1.545790,ndi
1786514629.189502,17.715345,-0.015280,-0.028440,-1.545850,ndi
1786514629.207025,17.732868,-0.015290,-0.028430,-1.545810,ndi
1786514629.222141,17.747984,-0.015290,-0.028420,-1.545850,ndi
1786514629.239461,17.765304,-0.015280,-0.028420,-1.545850,ndi
1786514629.256966,17.782809,-0.015300,-0.028420,-1.545870,ndi
1786514629.272118,17.797961,-0.015280,-0.028410,-1.545870,ndi
1786514629.289606,17.815449,-0.015290,-0.028410,-1.545880,ndi
1786514629.307106,17.832949,-0.015280,-0.028390,-1.545870,ndi
1786514629.322081,17.847924,-0.015280,-0.028390,-1.545880,ndi
1786514629.339418,17.865261,-0.015290,-0.028390,-1.545880,ndi
1786514629.356916,17.882760,-0.015270,-0.028380,-1.545890,ndi
1786514629.372064,17.897907,-0.015290,-0.028370,-1.545910,ndi
1786514629.389523,17.915366,-0.015280,-0.028370,-1.545900,ndi
1786514629.407079,17.932922,-0.015280,-0.028370,-1.545910,ndi
1786514629.424548,17.950391,-0.015280,-0.028360,-1.545920,ndi
1786514629.439442,17.965286,-0.015290,-0.028350,-1.545920,ndi
1786514629.456971,17.982814,-0.015280,-0.028360,-1.545930,ndi
1786514629.472105,17.997948,-0.015270,-0.028350,-1.545930,ndi
1786514629.489593,18.015436,-0.015280,-0.028350,-1.545940,ndi
1786514629.507130,18.032973,-0.015280,-0.028340,-1.545950,ndi
1786514629.522047,18.047890,-0.015270,-0.028330,-1.545960,ndi
1786514629.539409,18.065253,-0.015280,-0.028330,-1.545960,ndi
1786514629.556863,18.082706,-0.015270,-0.028330,-1.545990,ndi
1786514629.572131,18.097975,-0.015270,-0.028320,-1.545980,ndi
1786514629.589596,18.115439,-0.015280,-0.028320,-1.545970,ndi
1786514629.607006,18.132849,-0.015270,-0.028310,-1.545980,ndi
1786514629.621973,18.147816,-0.015270,-0.028300,-1.546000,ndi
1786514629.639455,18.165298,-0.015280,-0.028300,-1.546000,ndi
1786514629.656959,18.182802,-0.015270,-0.028290,-1.546040,ndi
1786514629.671928,18.197771,-0.015270,-0.028290,-1.546030,ndi
1786514629.689447,18.215290,-0.015270,-0.028280,-1.546040,ndi
1786514629.707034,18.232877,-0.015270,-0.028280,-1.546060,ndi
1786514629.724532,18.250376,-0.015270,-0.028270,-1.546040,ndi
1786514629.739438,18.265281,-0.015270,-0.028260,-1.546060,ndi
1786514629.756959,18.282802,-0.015260,-0.028260,-1.546080,ndi
1786514629.772153,18.297996,-0.015260,-0.028250,-1.546080,ndi
1786514629.789595,18.315439,-0.015270,-0.028250,-1.546110,ndi
1786514629.806940,18.332783,-0.015260,-0.028240,-1.546110,ndi
1786514629.821925,18.347768,-0.015270,-0.028230,-1.546110,ndi
1786514629.839427,18.365270,-0.015270,-0.028220,-1.546090,ndi
1786514629.856952,18.382795,-0.015270,-0.028220,-1.546130,ndi
1786514629.872000,18.397843,-0.015260,-0.028210,-1.546130,ndi
1786514629.889508,18.415351,-0.015260,-0.028210,-1.546160,ndi
1786514629.907046,18.432889,-0.015260,-0.028200,-1.546160,ndi
1786514629.924528,18.450371,-0.015260,-0.028200,-1.546130,ndi
1786514629.939378,18.465221,-0.015260,-0.028190,-1.546180,ndi
1786514629.956946,18.482789,-0.015260,-0.028180,-1.546160,ndi
1786514629.972137,18.497980,-0.015250,-0.028190,-1.546180,ndi
1786514629.989652,18.515496,-0.015250,-0.028180,-1.546210,ndi
1786514630.007168,18.533011,-0.015260,-0.028170,-1.546180,ndi
1786514630.024526,18.550369,-0.015260,-0.028170,-1.546190,ndi
1786514630.039432,18.565275,-0.015250,-0.028170,-1.546170,ndi
1786514630.056967,18.582810,-0.015240,-0.028170,-1.546190,ndi
1786514630.072125,18.597968,-0.015250,-0.028150,-1.546200,ndi
1786514630.089592,18.615435,-0.015250,-0.028160,-1.546230,ndi
1786514630.107133,18.632976,-0.015240,-0.028160,-1.546230,ndi
1786514630.122045,18.647888,-0.015250,-0.028150,-1.546210,ndi
1786514630.139420,18.665263,-0.015230,-0.028140,-1.546220,ndi
1786514630.157005,18.682848,-0.015240,-0.028140,-1.546250,ndi
1786514630.172087,18.697930,-0.015240,-0.028140,-1.546250,ndi
1786514630.189507,18.715351,-0.015240,-0.028130,-1.546240,ndi
1786514630.207038,18.732881,-0.015230,-0.028120,-1.546260,ndi
1786514630.222099,18.747942,-0.015240,-0.028110,-1.546270,ndi
1786514630.239451,18.765294,-0.015240,-0.028110,-1.546230,ndi
1786514630.256990,18.782833,-0.015230,-0.028110,-1.546290,ndi
1786514630.272044,18.797887,-0.015250,-0.028100,-1.546250,ndi
1786514630.289522,18.815365,-0.015230,-0.028090,-1.546300,ndi
1786514630.307027,18.832870,-0.015220,-0.028090,-1.546310,ndi
1786514630.322102,18.847945,-0.015240,-0.028090,-1.546350,ndi
1786514630.339435,18.865278,-0.015210,-0.028070,-1.546330,ndi
1786514630.357000,18.882843,-0.015230,-0.028080,-1.546330,ndi
1786514630.372113,18.897957,-0.015230,-0.028070,-1.546330,ndi
1786514630.389615,18.915458,-0.015220,-0.028060,-1.546340,ndi
1786514630.407122,18.932966,-0.015230,-0.028060,-1.546350,ndi
1786514630.424580,18.950423,-0.015230,-0.028050,-1.546370,ndi
1786514630.439456,18.965299,-0.015220,-0.028050,-1.546350,ndi
1786514630.456971,18.982815,-0.015210,-0.028030,-1.546380,ndi
1786514630.471974,18.997817,-0.015230,-0.028040,-1.546390,ndi
1786514630.489649,19.015492,-0.015220,-0.028040,-1.546390,ndi
1786514630.507148,19.032991,-0.015220,-0.028020,-1.546390,ndi
1786514630.522057,19.047900,-0.015210,-0.028020,-1.546390,ndi
1786514630.539452,19.065295,-0.015200,-0.028020,-1.546420,ndi
1786514630.557020,19.082863,-0.015220,-0.028010,-1.546410,ndi
1786514630.572116,19.097960,-0.015210,-0.028000,-1.546430,ndi
1786514630.589623,19.115466,-0.015200,-0.028000,-1.546440,ndi
1786514630.607014,19.132858,-0.015220,-0.027990,-1.546430,ndi
1786514630.622035,19.147878,-0.015210,-0.028000,-1.546430,ndi
1786514630.639453,19.165296,-0.015200,-0.027980,-1.546440,ndi
1786514630.657004,19.182847,-0.015200,-0.027970,-1.546440,ndi
1786514630.671962,19.197805,-0.015210,-0.027980,-1.546440,ndi
1786514630.689535,19.215378,-0.015210,-0.027980,-1.546450,ndi
1786514630.706989,19.232832,-0.015200,-0.027960,-1.546470,ndi
1786514630.724481,19.250324,-0.015190,-0.027950,-1.546470,ndi
1786514630.739477,19.265320,-0.015190,-0.027950,-1.546470,ndi
1786514630.757001,19.282844,-0.015190,-0.027950,-1.546510,ndi
1786514630.772086,19.297930,-0.015210,-0.027940,-1.546490,ndi
1786514630.789488,19.315331,-0.015190,-0.027930,-1.546470,ndi
1786514630.807005,19.332848,-0.015180,-0.027930,-1.546490,ndi
1786514630.822086,19.347929,-0.015190,-0.027930,-1.546510,ndi
1786514630.839455,19.365298,-0.015190,-0.027920,-1.546510,ndi
1786514630.857017,19.382860,-0.015180,-0.027920,-1.546500,ndi
1786514630.871965,19.397809,-0.015180,-0.027920,-1.546530,ndi
1786514630.889512,19.415355,-0.015190,-0.027910,-1.546530,ndi
1786514630.906991,19.432834,-0.015170,-0.027900,-1.546520,ndi
1786514630.922014,19.447857,-0.015180,-0.027900,-1.546510,ndi
1786514630.939553,19.465396,-0.015180,-0.027910,-1.546550,ndi
1786514630.957068,19.482911,-0.015170,-0.027900,-1.546520,ndi
1786514630.972070,19.497913,-0.015180,-0.027880,-1.546530,ndi
1786514630.989669,19.515512,-0.015170,-0.027890,-1.546580,ndi
1786514631.007167,19.533010,-0.015170,-0.027890,-1.546560,ndi
1786514631.022070,19.547913,-0.015170,-0.027880,-1.546550,ndi
1786514631.039445,19.565288,-0.015170,-0.027860,-1.546580,ndi
1786514631.056954,19.582797,-0.015170,-0.027880,-1.546580,ndi
1786514631.072048,19.597892,-0.015170,-0.027870,-1.546530,ndi
1786514631.089674,19.615517,-0.015170,-0.027860,-1.546570,ndi
1786514631.107098,19.632941,-0.015160,-0.027850,-1.546610,ndi
1786514631.122070,19.647913,-0.015160,-0.027840,-1.546580,ndi
1786514631.139632,19.665475,-0.015160,-0.027840,-1.546610,ndi
1786514631.157020,19.682863,-0.015160,-0.027840,-1.546610,ndi
1786514631.172114,19.697957,-0.015160,-0.027840,-1.546610,ndi
1786514631.189600,19.715443,-0.015150,-0.027830,-1.546630,ndi
1786514631.207074,19.732918,-0.015160,-0.027830,-1.546630,ndi
1786514631.224599,19.750442,-0.015150,-0.027820,-1.546650,ndi
1786514631.239450,19.765293,-0.015160,-0.027820,-1.546610,ndi
1786514631.257007,19.782851,-0.015150,-0.027820,-1.546630,ndi
1786514631.272032,19.797875,-0.015150,-0.027800,-1.546650,ndi
1786514631.289518,19.815361,-0.015150,-0.027790,-1.546670,ndi
1786514631.306978,19.832821,-0.015140,-0.027800,-1.546670,ndi
1786514631.322089,19.847932,-0.015150,-0.027790,-1.546670,ndi
1786514631.339497,19.865340,-0.015150,-0.027770,-1.546650,ndi
1786514631.357044,19.882888,-0.015140,-0.027770,-1.546690,ndi
1786514631.372069,19.897913,-0.015140,-0.027780,-1.546700,ndi
1786514631.389526,19.915369,-0.015140,-0.027770,-1.546680,ndi
1786514631.407062,19.932905,-0.015130,-0.027760,-1.546710,ndi
1786514631.422104,19.947948,-0.015130,-0.027750,-1.546710,ndi
1786514631.439458,19.965301,-0.015130,-0.027760,-1.546720,ndi
1786514631.456997,19.982840,-0.015120,-0.027760,-1.546720,ndi
1786514631.472048,19.997891,-0.015130,-0.027740,-1.546710,ndi
1786514631.489682,20.015525,-0.015120,-0.027730,-1.546750,ndi
1786514631.507058,20.032901,-0.015100,-0.027750,-1.546740,ndi
1786514631.522076,20.047919,-0.015110,-0.027750,-1.546730,ndi
1786514631.539454,20.065298,-0.015130,-0.027720,-1.546750,ndi
1786514631.556997,20.082840,-0.015110,-0.027720,-1.546760,ndi
1786514631.572168,20.098011,-0.015120,-0.027730,-1.546750,ndi
1786514631.589622,20.115465,-0.015110,-0.027730,-1.546760,ndi
1786514631.607041,20.132884,-0.015100,-0.027710,-1.546760,ndi
1786514631.621990,20.147834,-0.015120,-0.027700,-1.546770,ndi
1786514631.639451,20.165294,-0.015100,-0.027720,-1.546770,ndi
1786514631.656993,20.182836,-0.015090,-0.027710,-1.546790,ndi
1786514631.674624,20.200467,-0.015110,-0.027690,-1.546770,ndi
1786514631.689607,20.215450,-0.015100,-0.027690,-1.546840,ndi
1786514631.707150,20.232993,-0.015090,-0.027700,-1.546780,ndi
1786514631.722099,20.247942,-0.015090,-0.027690,-1.546850,ndi
1786514631.739480,20.265323,-0.015090,-0.027670,-1.546830,ndi
1786514631.756999,20.282842,-0.015090,-0.027670,-1.546810,ndi
1786514631.772018,20.297861,-0.015090,-0.027680,-1.546810,ndi
1786514631.789485,20.315328,-0.015090,-0.027680,-1.546830,ndi
1786514631.807024,20.332867,-0.015070,-0.027660,-1.546840,ndi
1786514631.822012,20.347855,-0.015090,-0.027650,-1.546820,ndi
1786514631.839465,20.365308,-0.015080,-0.027660,-1.546850,ndi
1786514631.856987,20.382830,-0.015080,-0.027660,-1.546860,ndi
1786514631.871982,20.397825,-0.015060,-0.027640,-1.546810,ndi
1786514631.889428,20.415272,-0.015060,-0.027640,-1.546890,ndi
1786514631.907021,20.432864,-0.015070,-0.027640,-1.546900,ndi
1786514631.921974,20.447817,-0.015060,-0.027640,-1.546880,ndi
1786514631.939476,20.465319,-0.015060,-0.027620,-1.546900,ndi
1786514631.957009,20.482852,-0.015060,-0.027620,-1.546900,ndi
1786514631.972094,20.497937,-0.015050,-0.027630,-1.546930,ndi
1786514631.989719,20.515563,-0.015050,-0.027620,-1.546900,ndi
1786514632.007177,20.533020,-0.015060,-0.027610,-1.546940,ndi
1786514632.022220,20.548064,-0.015050,-0.027620,-1.546930,ndi
1786514632.039472,20.565315,-0.015040,-0.027610,-1.546930,ndi
1786514632.056992,20.582835,-0.015040,-0.027600,-1.546970,ndi
1786514632.071951,20.597794,-0.015040,-0.027600,-1.546960,ndi
1786514632.089434,20.615277,-0.015040,-0.027600,-1.546920,ndi
1786514632.107022,20.632865,-0.015040,-0.027600,-1.546940,ndi
1786514632.122123,20.647966,-0.015040,-0.027590,-1.546960,ndi
1786514632.139487,20.665330,-0.015040,-0.027590,-1.546950,ndi
1786514632.157040,20.682883,-0.015030,-0.027590,-1.546940,ndi
1786514632.172084,20.697927,-0.015040,-0.027580,-1.546980,ndi
1786514632.189553,20.715396,-0.015020,-0.027570,-1.546950,ndi
1786514632.207098,20.732941,-0.015020,-0.027560,-1.546990,ndi
1786514632.222071,20.747914,-0.015030,-0.027570,-1.546970,ndi
1786514632.239470,20.765313,-0.015020,-0.027570,-1.547020,ndi
1786514632.257000,20.782843,-0.015000,-0.027550,-1.547020,ndi
1786514632.272159,20.798002,-0.015020,-0.027550,-1.547060,ndi
1786514632.289637,20.815480,-0.015010,-0.027550,-1.547030,ndi
1786514632.307200,20.833043,-0.015000,-0.027530,-1.547060,ndi
1786514632.322184,20.848027,-0.015010,-0.027540,-1.547070,ndi
1786514632.339473,20.865316,-0.015000,-0.027530,-1.547100,ndi
1786514632.357032,20.882875,-0.015000,-0.027520,-1.547090,ndi
1786514632.371994,20.897837,-0.015010,-0.027520,-1.547070,ndi
1786514632.389526,20.915369,-0.015000,-0.027530,-1.547070,ndi
1786514632.407187,20.933030,-0.014990,-0.027510,-1.547070,ndi
1786514632.422096,20.947939,-0.015000,-0.027510,-1.547120,ndi
1786514632.439480,20.965323,-0.015000,-0.027510,-1.547120,ndi
1786514632.456981,20.982824,-0.014980,-0.027510,-1.547100,ndi
1786514632.474555,21.000398,-0.014980,-0.027500,-1.547110,ndi
1786514632.489608,21.015451,-0.014980,-0.027500,-1.547080,ndi
1786514632.507199,21.033042,-0.014990,-0.027490,-1.547140,ndi
1786514632.524537,21.050380,-0.014980,-0.027490,-1.547120,ndi
1786514632.539531,21.065374,-0.014970,-0.027480,-1.547140,ndi
1786514632.557046,21.082890,-0.014980,-0.027480,-1.547120,ndi
1786514632.572001,21.097844,-0.014970,-0.027470,-1.547150,ndi
1786514632.589531,21.115375,-0.014960,-0.027480,-1.547110,ndi
1786514632.607044,21.132887,-0.014960,-0.027480,-1.547120,ndi
1786514632.622030,21.147873,-0.014960,-0.027470,-1.547130,ndi
1786514632.639484,21.165327,-0.014960,-0.027470,-1.547170,ndi
1786514632.656985,21.182828,-0.014950,-0.027470,-1.547150,ndi
1786514632.671925,21.197768,-0.014940,-0.027460,-1.547160,ndi
1786514632.689510,21.215353,-0.014950,-0.027460,-1.547170,ndi
1786514632.707049,21.232892,-0.014940,-0.027450,-1.547160,ndi
1786514632.721992,21.247835,-0.014950,-0.027450,-1.547180,ndi
1786514632.739477,21.265321,-0.014940,-0.027450,-1.547190,ndi
1786514632.756992,21.282835,-0.014940,-0.027440,-1.547190,ndi
1786514632.772005,21.297848,-0.014930,-0.027440,-1.547210,ndi
1786514632.789534,21.315377,-0.014930,-0.027440,-1.547210,ndi
1786514632.807126,21.332969,-0.014930,-0.027430,-1.547220,ndi
1786514632.822142,21.347985,-0.014920,-0.027430,-1.547220,ndi
1786514632.839501,21.365345,-0.014930,-0.027430,-1.547220,ndi
1786514632.856973,21.382817,-0.014920,-0.027420,-1.547240,ndi
1786514632.872000,21.397843,-0.014900,-0.027430,-1.547210,ndi
1786514632.889521,21.415365,-0.014910,-0.027420,-1.547270,ndi
1786514632.907108,21.432951,-0.014910,-0.027410,-1.547270,ndi
1786514632.922177,21.448020,-0.014910,-0.027420,-1.547260,ndi
1786514632.939498,21.465342,-0.014910,-0.027420,-1.547250,ndi
1786514632.957042,21.482885,-0.014890,-0.027410,-1.547270,ndi
1786514632.972075,21.497918,-0.014900,-0.027400,-1.547290,ndi
1786514632.989629,21.515472,-0.014890,-0.027410,-1.547270,ndi
1786514633.007177,21.533020,-0.014880,-0.027410,-1.547300,ndi
1786514633.022086,21.547930,-0.014890,-0.027400,-1.547270,ndi
1786514633.039505,21.565348,-0.014880,-0.027390,-1.547300,ndi
1786514633.056927,21.582770,-0.014870,-0.027400,-1.547280,ndi
1786514633.072112,21.597955,-0.014870,-0.027400,-1.547270,ndi
1786514633.089587,21.615430,-0.014870,-0.027390,-1.547290,ndi
1786514633.107076,21.632919,-0.014870,-0.027380,-1.547280,ndi
1786514633.122063,21.647907,-0.014870,-0.027390,-1.547320,ndi
1786514633.139492,21.665335,-0.014860,-0.027390,-1.547320,ndi
1786514633.157078,21.682921,-0.014860,-0.027380,-1.547330,ndi
1786514633.172050,21.697893,-0.014860,-0.027370,-1.547330,ndi
1786514633.189559,21.715402,-0.014840,-0.027380,-1.547310,ndi
1786514633.207050,21.732893,-0.014850,-0.027380,-1.547320,ndi
1786514633.222000,21.747844,-0.014840,-0.027370,-1.547350,ndi
1786514633.239469,21.765312,-0.014840,-0.027360,-1.547330,ndi
1786514633.256929,21.782772,-0.014830,-0.027370,-1.547350,ndi
1786514633.272122,21.797965,-0.014840,-0.027360,-1.547350,ndi
1786514633.289694,21.815537,-0.014810,-0.027350,-1.547400,ndi
1786514633.307240,21.833083,-0.014830,-0.027340,-1.547420,ndi
1786514633.322131,21.847974,-0.014850,-0.027340,-1.547420,ndi
1786514633.339486,21.865329,-0.014810,-0.027350,-1.547390,ndi
1786514633.357098,21.882941,-0.014810,-0.027340,-1.547410,ndi
1786514633.372041,21.897884,-0.014800,-0.027330,-1.547420,ndi
1786514633.389560,21.915404,-0.014810,-0.027340,-1.547430,ndi
1786514633.407035,21.932878,-0.014820,-0.027340,-1.547450,ndi
1786514633.422035,21.947878,-0.014800,-0.027330,-1.547450,ndi
1786514633.439476,21.965319,-0.014790,-0.027320,-1.547470,ndi
1786514633.456928,21.982772,-0.014790,-0.027330,-1.547420,ndi
1786514633.472199,21.998042,-0.014790,-0.027330,-1.547460,ndi
1786514633.489690,22.015533,-0.014800,-0.027310,-1.547450,ndi
1786514633.507224,22.033067,-0.014770,-0.027320,-1.547470,ndi
1786514633.522151,22.047994,-0.014770,-0.027330,-1.547450,ndi
1786514633.539493,22.065336,-0.014780,-0.027320,-1.547470,ndi
1786514633.557046,22.082889,-0.014780,-0.027310,-1.547450,ndi
1786514633.572116,22.097959,-0.014770,-0.027300,-1.547490,ndi
1786514633.589588,22.115431,-0.014750,-0.027310,-1.547510,ndi
1786514633.607124,22.132967,-0.014750,-0.027320,-1.547500,ndi
1786514633.622065,22.147908,-0.014770,-0.027300,-1.547540,ndi
1786514633.639428,22.165271,-0.014770,-0.027290,-1.547530,ndi
1786514633.656970,22.182813,-0.014730,-0.027310,-1.547520,ndi
1786514633.672108,22.197951,-0.014720,-0.027300,-1.547530,ndi
1786514633.689555,22.215399,-0.014740,-0.027290,-1.547550,ndi
1786514633.707097,22.232940,-0.014740,-0.027280,-1.547550,ndi
1786514633.722048,22.247891,-0.014730,-0.027300,-1.547540,ndi
1786514633.739481,22.265324,-0.014730,-0.027300,-1.547540,ndi
1786514633.757038,22.282881,-0.014710,-0.027280,-1.547550,ndi
1786514633.772137,22.297980,-0.014730,-0.027270,-1.547540,ndi
1786514633.789688,22.315531,-0.014710,-0.027280,-1.547520,ndi
1786514633.807196,22.333039,-0.014700,-0.027280,-1.547560,ndi
1786514633.822123,22.347966,-0.014700,-0.027270,-1.547550,ndi
1786514633.839445,22.365288,-0.014690,-0.027270,-1.547540,ndi
1786514633.857088,22.382931,-0.014700,-0.027280,-1.547530,ndi
1786514633.872197,22.398040,-0.014700,-0.027290,-1.547550,ndi
1786514633.889690,22.415533,-0.014690,-0.027270,-1.547550,ndi
1786514633.907222,22.433065,-0.014680,-0.027260,-1.547580,ndi
1786514633.922136,22.447979,-0.014680,-0.027260,-1.547570,ndi
1786514633.939529,22.465373,-0.014680,-0.027270,-1.547560,ndi
1786514633.957042,22.482885,-0.014670,-0.027260,-1.547580,ndi
1786514633.972202,22.498045,-0.014670,-0.027260,-1.547560,ndi
1786514633.989728,22.515572,-0.014650,-0.027260,-1.547570,ndi
1786514634.007251,22.533094,-0.014650,-0.027270,-1.547570,ndi
1786514634.022139,22.547982,-0.014660,-0.027260,-1.547580,ndi
1786514634.039452,22.565295,-0.014640,-0.027240,-1.547600,ndi
1786514634.057042,22.582885,-0.014630,-0.027240,-1.547600,ndi
1786514634.072201,22.598044,-0.014630,-0.027250,-1.547610,ndi
1786514634.089680,22.615523,-0.014630,-0.027260,-1.547600,ndi
1786514634.107185,22.633028,-0.014640,-0.027240,-1.547610,ndi
1786514634.122137,22.647980,-0.014630,-0.027250,-1.547610,ndi
1786514634.139530,22.665374,-0.014610,-0.027250,-1.547630,ndi
1786514634.157071,22.682914,-0.014620,-0.027250,-1.547590,ndi
1786514634.172076,22.697919,-0.014620,-0.027240,-1.547620,ndi
1786514634.189570,22.715413,-0.014620,-0.027240,-1.547610,ndi
1786514634.207077,22.732920,-0.014600,-0.027250,-1.547650,ndi
1786514634.222114,22.747957,-0.014590,-0.027240,-1.547650,ndi
1786514634.239507,22.765350,-0.014600,-0.027230,-1.547630,ndi
1786514634.257049,22.782892,-0.014610,-0.027240,-1.547650,ndi
1786514634.272214,22.798057,-0.014580,-0.027230,-1.547660,ndi
1786514634.289662,22.815505,-0.014570,-0.027230,-1.547630,ndi
1786514634.307220,22.833063,-0.014580,-0.027220,-1.547670,ndi
1786514634.322125,22.847968,-0.014580,-0.027230,-1.547650,ndi
1786514634.339561,22.865404,-0.014580,-0.027230,-1.547660,ndi
1786514634.357052,22.882895,-0.014560,-0.027230,-1.547640,ndi
1786514634.372219,22.898062,-0.014550,-0.027230,-1.547670,ndi
1786514634.389695,22.915538,-0.014560,-0.027220,-1.547650,ndi
1786514634.407212,22.933055,-0.014550,-0.027220,-1.547660,ndi
1786514634.422071,22.947914,-0.014550,-0.027230,-1.547680,ndi
1786514634.439497,22.965340,-0.014530,-0.027230,-1.547670,ndi
1786514634.457029,22.982872,-0.014530,-0.027230,-1.547650,ndi
1786514634.472346,22.998189,-0.014530,-0.027220,-1.547700,ndi
1786514634.489719,23.015562,-0.014530,-0.027220,-1.547710,ndi
1786514634.507270,23.033113,-0.014520,-0.027220,-1.547710,ndi
1786514634.522168,23.048012,-0.014520,-0.027210,-1.547740,ndi
1786514634.539518,23.065361,-0.014500,-0.027210,-1.547700,ndi
1786514634.557022,23.082865,-0.014500,-0.027220,-1.547690,ndi
1786514634.572029,23.097872,-0.014510,-0.027230,-1.547710,ndi
1786514634.589535,23.115378,-0.014490,-0.027220,-1.547710,ndi
1786514634.607128,23.132971,-0.014490,-0.027210,-1.547710,ndi
1786514634.622143,23.147986,-0.014470,-0.027210,-1.547710,ndi
1786514634.639501,23.165344,-0.014480,-0.027210,-1.547730,ndi
1786514634.657048,23.182891,-0.014480,-0.027220,-1.547740,ndi
1786514634.672316,23.198159,-0.014460,-0.027210,-1.547720,ndi
1786514634.689555,23.215399,-0.014460,-0.027210,-1.547730,ndi
1786514634.707196,23.233039,-0.014460,-0.027220,-1.547710,ndi
1786514634.722138,23.247981,-0.014470,-0.027210,-1.547690,ndi
1786514634.739508,23.265351,-0.014450,-0.027210,-1.547720,ndi
1786514634.757029,23.282872,-0.014430,-0.027210,-1.547730,ndi
1786514634.772073,23.297916,-0.014460,-0.027220,-1.547740,ndi
1786514634.789658,23.315501,-0.014440,-0.027210,-1.547710,ndi
1786514634.807061,23.332905,-0.014440,-0.027210,-1.547740,ndi
1786514634.821922,23.347765,-0.014420,-0.027220,-1.547720,ndi
1786514634.839503,23.365346,-0.014410,-0.027210,-1.547760,ndi
1786514634.857019,23.382862,-0.014420,-0.027200,-1.547750,ndi
1786514634.872058,23.397901,-0.014420,-0.027200,-1.547750,ndi
1786514634.889515,23.415358,-0.014410,-0.027210,-1.547770,ndi
1786514634.907212,23.433055,-0.014400,-0.027210,-1.547750,ndi
1786514634.922151,23.447994,-0.014390,-0.027210,-1.547740,ndi
1786514634.939502,23.465345,-0.014400,-0.027200,-1.547740,ndi
1786514634.957039,23.482882,-0.014390,-0.027210,-1.547790,ndi
1786514634.972028,23.497871,-0.014390,-0.027200,-1.547790,ndi
1786514634.989504,23.515347,-0.014370,-0.027200,-1.547780,ndi
1786514635.007092,23.532935,-0.014380,-0.027210,-1.547790,ndi
1786514635.022107,23.547950,-0.014360,-0.027210,-1.547770,ndi
1786514635.039509,23.565352,-0.014360,-0.027210,-1.547790,ndi
1786514635.057137,23.582980,-0.014350,-0.027210,-1.547770,ndi
1786514635.072137,23.597980,-0.014360,-0.027200,-1.547800,ndi
1786514635.089689,23.615532,-0.014340,-0.027200,-1.547780,ndi
1786514635.107188,23.633031,-0.014350,-0.027200,-1.547750,ndi
1786514635.122142,23.647985,-0.014340,-0.027210,-1.547800,ndi
1786514635.139541,23.665384,-0.014330,-0.027200,-1.547810,ndi
1786514635.157041,23.682884,-0.014330,-0.027210,-1.547790,ndi
1786514635.172031,23.697874,-0.014330,-0.027210,-1.547810,ndi
1786514635.189550,23.715393,-0.014320,-0.027200,-1.547810,ndi
1786514635.207140,23.732984,-0.014310,-0.027200,-1.547820,ndi
1786514635.224626,23.750469,-0.014310,-0.027210,-1.547840,ndi
1786514635.239486,23.765329,-0.014300,-0.027210,-1.547870,ndi
1786514635.257044,23.782887,-0.014300,-0.027200,-1.547840,ndi
1786514635.272227,23.798070,-0.014290,-0.027200,-1.547830,ndi
1786514635.289558,23.815401,-0.014280,-0.027210,-1.547840,ndi
1786514635.307220,23.833063,-0.014290,-0.027210,-1.547830,ndi
1786514635.322172,23.848015,-0.014280,-0.027210,-1.547860,ndi
1786514635.339510,23.865353,-0.014280,-0.027210,-1.547860,ndi
1786514635.357080,23.882923,-0.014270,-0.027210,-1.547850,ndi
1786514635.372031,23.897874,-0.014250,-0.027210,-1.547830,ndi
1786514635.389524,23.915367,-0.014250,-0.027210,-1.547860,ndi
1786514635.407135,23.932978,-0.014250,-0.027210,-1.547910,ndi
1786514635.422161,23.948004,-0.014250,-0.027210,-1.547870,ndi
1786514635.439537,23.965380,-0.014240,-0.027210,-1.547820,ndi
1786514635.457057,23.982900,-0.014240,-0.027210,-1.547870,ndi
1786514635.472050,23.997893,-0.014230,-0.027210,-1.547890,ndi
1786514635.489645,24.015488,-0.014230,-0.027210,-1.547860,ndi
1786514635.507166,24.033009,-0.014220,-0.027220,-1.547850,ndi
1786514635.522147,24.047990,-0.014220,-0.027210,-1.547860,ndi
1786514635.539514,24.065357,-0.014220,-0.027210,-1.547870,ndi
1786514635.557046,24.082889,-0.014220,-0.027220,-1.547880,ndi
1786514635.572093,24.097936,-0.014210,-0.027210,-1.547840,ndi
1786514635.589567,24.115411,-0.014210,-0.027220,-1.547870,ndi
1786514635.607049,24.132892,-0.014190,-0.027220,-1.547860,ndi
1786514635.622066,24.147909,-0.014210,-0.027220,-1.547890,ndi
1786514635.639617,24.165460,-0.014200,-0.027210,-1.547860,ndi
1786514635.657036,24.182879,-0.014210,-0.027210,-1.547890,ndi
1786514635.671998,24.197841,-0.014210,-0.027220,-1.547890,ndi
1786514635.689574,24.215417,-0.014200,-0.027220,-1.547870,ndi
1786514635.707059,24.232902,-0.014200,-0.027220,-1.547840,ndi
1786514635.722042,24.247885,-0.014200,-0.027220,-1.547860,ndi
1786514635.739518,24.265361,-0.014200,-0.027230,-1.547850,ndi
1786514635.757033,24.282876,-0.014200,-0.027220,-1.547850,ndi
1786514635.772007,24.297850,-0.014200,-0.027220,-1.547860,ndi
1786514635.789477,24.315320,-0.014200,-0.027220,-1.547840,ndi
1786514635.807161,24.333004,-0.014200,-0.027220,-1.547860,ndi
1786514635.822179,24.348022,-0.014200,-0.027230,-1.547860,ndi
1786514635.839529,24.365372,-0.014200,-0.027220,-1.547890,ndi
1786514635.857027,24.382870,-0.014200,-0.027220,-1.547870,ndi
1786514635.872097,24.397940,-0.014200,-0.027230,-1.547880,ndi
1786514635.889688,24.415531,-0.014190,-0.027220,-1.547850,ndi
1786514635.907207,24.433050,-0.014200,-0.027220,-1.547830,ndi
1786514635.922169,24.448012,-0.014200,-0.027220,-1.547860,ndi
1786514635.939524,24.465368,-0.014190,-0.027230,-1.547850,ndi
1786514635.957061,24.482904,-0.014210,-0.027230,-1.547830,ndi
1786514635.972087,24.497930,-0.014200,-0.027220,-1.547870,ndi
1786514635.989600,24.515443,-0.014180,-0.027220,-1.547870,ndi
1786514636.007178,24.533021,-0.014200,-0.027220,-1.547860,ndi
1786514636.022177,24.548020,-0.014210,-0.027230,-1.547880,ndi
1786514636.039533,24.565377,-0.014200,-0.027220,-1.547850,ndi
1786514636.057049,24.582892,-0.014200,-0.027220,-1.547870,ndi
1786514636.072081,24.597924,-0.014200,-0.027230,-1.547860,ndi
1786514636.089735,24.615578,-0.014190,-0.027230,-1.547840,ndi
1786514636.107178,24.633021,-0.014200,-0.027230,-1.547840,ndi
1786514636.122157,24.648000,-0.014200,-0.027220,-1.547860,ndi
1786514636.139535,24.665379,-0.014200,-0.027220,-1.547840,ndi
1786514636.157046,24.682889,-0.014210,-0.027230,-1.547840,ndi
1786514636.172026,24.697870,-0.014200,-0.027230,-1.547880,ndi
1786514636.189549,24.715392,-0.014190,-0.027230,-1.547820,ndi
1786514636.207142,24.732985,-0.014210,-0.027220,-1.547860,ndi
1786514636.222052,24.747895,-0.014200,-0.027230,-1.547860,ndi
1786514636.239554,24.765397,-0.014210,-0.027230,-1.547870,ndi
1786514636.257063,24.782906,-0.014210,-0.027230,-1.547860,ndi
1786514636.272128,24.797971,-0.014210,-0.027230,-1.547830,ndi
1786514636.289759,24.815602,-0.014210,-0.027230,-1.547830,ndi
1786514636.307240,24.833083,-0.014200,-0.027230,-1.547850,ndi
1786514636.322144,24.847987,-0.014210,-0.027230,-1.547850,ndi
1786514636.339545,24.865388,-0.014200,-0.027220,-1.547860,ndi
1786514636.357057,24.882900,-0.014210,-0.027230,-1.547850,ndi
1786514636.372002,24.897845,-0.014190,-0.027240,-1.547870,ndi
1786514636.389553,24.915396,-0.014210,-0.027240,-1.547840,ndi
1786514636.407150,24.932993,-0.014210,-0.027230,-1.547850,ndi
1786514636.422062,24.947906,-0.014200,-0.027230,-1.547850,ndi
1786514636.439552,24.965395,-0.014210,-0.027230,-1.547870,ndi
1786514636.457078,24.982921,-0.014200,-0.027230,-1.547860,ndi
1786514636.472029,24.997872,-0.014210,-0.027230,-1.547860,ndi
1786514636.489606,25.015449,-0.014220,-0.027230,-1.547850,ndi
1786514636.507154,25.032997,-0.014190,-0.027230,-1.547820,ndi
1786514636.522189,25.048033,-0.014200,-0.027230,-1.547850,ndi
1786514636.539539,25.065382,-0.014210,-0.027230,-1.547860,ndi
1786514636.557032,25.082875,-0.014200,-0.027230,-1.547820,ndi
1786514636.572029,25.097872,-0.014200,-0.027230,-1.547850,ndi
1786514636.589694,25.115537,-0.014210,-0.027230,-1.547860,ndi
1786514636.607142,25.132985,-0.014200,-0.027230,-1.547850,ndi
1786514636.622177,25.148020,-0.014210,-0.027230,-1.547850,ndi
1786514636.639547,25.165390,-0.014210,-0.027240,-1.547830,ndi
1786514636.657065,25.182909,-0.014200,-0.027230,-1.547830,ndi
1786514636.672062,25.197905,-0.014210,-0.027230,-1.547840,ndi
1786514636.689598,25.215441,-0.014210,-0.027230,-1.547840,ndi
1786514636.707127,25.232970,-0.014200,-0.027240,-1.547850,ndi
1786514636.722073,25.247916,-0.014210,-0.027230,-1.547830,ndi
1786514636.739554,25.265398,-0.014200,-0.027230,-1.547830,ndi
1786514636.757108,25.282952,-0.014210,-0.027230,-1.547820,ndi
1786514636.772012,25.297855,-0.014200,-0.027230,-1.547830,ndi
1786514636.789585,25.315428,-0.014190,-0.027240,-1.547820,ndi
1786514636.807150,25.332994,-0.014210,-0.027230,-1.547850,ndi
1786514636.822060,25.347903,-0.014210,-0.027230,-1.547850,ndi
1786514636.839561,25.365405,-0.014210,-0.027230,-1.547830,ndi
1786514636.857051,25.382894,-0.014210,-0.027230,-1.547860,ndi
1786514636.872142,25.397985,-0.014220,-0.027230,-1.547830,ndi
1786514636.889824,25.415667,-0.014210,-0.027240,-1.547860,ndi
1786514636.907330,25.433173,-0.014210,-0.027230,-1.547840,ndi
1786514636.922193,25.448036,-0.014210,-0.027230,-1.547850,ndi
1786514636.939546,25.465389,-0.014220,-0.027230,-1.547830,ndi
1786514636.956984,25.482827,-0.014210,-0.027240,-1.547840,ndi
1786514636.972046,25.497889,-0.014190,-0.027230,-1.547830,ndi
1786514636.989609,25.515452,-0.014220,-0.027230,-1.547870,ndi
1786514637.007302,25.533145,-0.014210,-0.027240,-1.547840,ndi
1786514637.022197,25.548041,-0.014210,-0.027240,-1.547830,ndi
1786514637.039589,25.565432,-0.014210,-0.027230,-1.547840,ndi
1786514637.057058,25.582901,-0.014210,-0.027230,-1.547850,ndi
1786514637.072075,25.597919,-0.014210,-0.027240,-1.547830,ndi
1786514637.089609,25.615453,-0.014210,-0.027230,-1.547830,ndi
1786514637.107226,25.633069,-0.014210,-0.027230,-1.547840,ndi
1786514637.122204,25.648047,-0.014210,-0.027230,-1.547840,ndi
1786514637.139560,25.665403,-0.014210,-0.027240,-1.547840,ndi
1786514637.157010,25.682853,-0.014200,-0.027240,-1.547840,ndi
1786514637.172072,25.697915,-0.014210,-0.027230,-1.547850,ndi
1786514637.189658,25.715501,-0.014220,-0.027220,-1.547850,ndi
1786514637.207146,25.732989,-0.014210,-0.027230,-1.547850,ndi
1786514637.222208,25.748051,-0.014210,-0.027240,-1.547840,ndi
1786514637.239552,25.765395,-0.014220,-0.027230,-1.547830,ndi
1786514637.257108,25.782951,-0.014210,-0.027220,-1.547840,ndi
1786514637.272199,25.798042,-0.014220,-0.027240,-1.547830,ndi
1786514637.289706,25.815549,-0.014210,-0.027240,-1.547820,ndi
1786514637.307231,25.833074,-0.014200,-0.027230,-1.547860,ndi
1786514637.322160,25.848003,-0.014220,-0.027220,-1.547830,ndi
1786514637.339573,25.865416,-0.014210,-0.027230,-1.547860,ndi
1786514637.357020,25.882863,-0.014190,-0.027240,-1.547820,ndi
1786514637.372062,25.897905,-0.014220,-0.027230,-1.547830,ndi
1786514637.389555,25.915398,-0.014210,-0.027220,-1.547820,ndi
1786514637.407086,25.932929,-0.014210,-0.027240,-1.547830,ndi
1786514637.422071,25.947914,-0.014210,-0.027240,-1.547810,ndi
1786514637.439542,25.965385,-0.014210,-0.027230,-1.547860,ndi
1786514637.457050,25.982893,-0.014220,-0.027230,-1.547820,ndi
1786514637.472091,25.997934,-0.014210,-0.027230,-1.547810,ndi
1786514637.489654,26.015497,-0.014200,-0.027240,-1.547830,ndi
1786514637.507197,26.033040,-0.014210,-0.027230,-1.547810,ndi
1786514637.522202,26.048045,-0.014220,-0.027230,-1.547840,ndi
1786514637.539480,26.065323,-0.014210,-0.027230,-1.547820,ndi
1786514637.557072,26.082915,-0.014200,-0.027240,-1.547800,ndi
1786514637.572136,26.097979,-0.014200,-0.027230,-1.547850,ndi
1786514637.589757,26.115600,-0.014210,-0.027230,-1.547840,ndi
1786514637.607148,26.132991,-0.014220,-0.027240,-1.547840,ndi
1786514637.622158,26.148001,-0.014200,-0.027240,-1.547850,ndi
1786514637.639561,26.165404,-0.014220,-0.027240,-1.547830,ndi
1786514637.657055,26.182898,-0.014220,-0.027230,-1.547850,ndi
1786514637.672214,26.198057,-0.014200,-0.027230,-1.547830,ndi
1786514637.689795,26.215638,-0.014200,-0.027240,-1.547830,ndi
1786514637.707229,26.233072,-0.014210,-0.027240,-1.547840,ndi
1786514637.722208,26.248051,-0.014210,-0.027230,-1.547830,ndi
1786514637.739485,26.265328,-0.014210,-0.027230,-1.547810,ndi
1786514637.757049,26.282892,-0.014220,-0.027240,-1.547820,ndi
1786514637.772268,26.298111,-0.014210,-0.027240,-1.547860,ndi
1786514637.789697,26.315540,-0.014220,-0.027230,-1.547830,ndi
1786514637.807246,26.333089,-0.014210,-0.027240,-1.547820,ndi
1786514637.822236,26.348079,-0.014210,-0.027230,-1.547830,ndi
1786514637.839586,26.365430,-0.014220,-0.027240,-1.547820,ndi
1786514637.857071,26.382914,-0.014210,-0.027240,-1.547810,ndi
1786514637.872200,26.398043,-0.014210,-0.027230,-1.547810,ndi
1786514637.889854,26.415697,-0.014210,-0.027230,-1.547810,ndi
1786514637.907107,26.432950,-0.014210,-0.027240,-1.547800,ndi
1786514637.922105,26.447948,-0.014210,-0.027230,-1.547810,ndi
1786514637.939466,26.465310,-0.014210,-0.027230,-1.547820,ndi
1786514637.957045,26.482888,-0.014200,-0.027240,-1.547800,ndi
1786514637.972193,26.498036,-0.014210,-0.027240,-1.547810,ndi
1786514637.989690,26.515533,-0.014220,-0.027230,-1.547770,ndi
1786514638.007245,26.533088,-0.014220,-0.027230,-1.547800,ndi
1786514638.022221,26.548064,-0.014220,-0.027230,-1.547760,ndi
1786514638.039584,26.565427,-0.014200,-0.027240,-1.547810,ndi
1786514638.057051,26.582895,-0.014210,-0.027230,-1.547770,ndi
1786514638.072225,26.598068,-0.014220,-0.027230,-1.547850,ndi
1786514638.089767,26.615610,-0.014200,-0.027230,-1.547840,ndi
1786514638.107276,26.633119,-0.014210,-0.027230,-1.547840,ndi
1786514638.122195,26.648039,-0.014210,-0.027230,-1.547830,ndi
1786514638.139573,26.665416,-0.014190,-0.027230,-1.547820,ndi
1786514638.157140,26.682983,-0.014210,-0.027230,-1.547850,ndi
1786514638.172084,26.697927,-0.014210,-0.027240,-1.547830,ndi
1786514638.189646,26.715489,-0.014190,-0.027240,-1.547820,ndi
1786514638.207104,26.732947,-0.014200,-0.027230,-1.547830,ndi
1786514638.222073,26.747916,-0.014210,-0.027230,-1.547810,ndi
1786514638.239593,26.765436,-0.014190,-0.027230,-1.547830,ndi
1786514638.257075,26.782918,-0.014200,-0.027230,-1.547800,ndi
1786514638.272135,26.797978,-0.014200,-0.027230,-1.547810,ndi
1786514638.289630,26.815473,-0.014200,-0.027230,-1.547830,ndi
1786514638.307156,26.832999,-0.014220,-0.027240,-1.547820,ndi
1786514638.322060,26.847903,-0.014200,-0.027240,-1.547830,ndi
1786514638.339638,26.865481,-0.014190,-0.027230,-1.547780,ndi
1786514638.357116,26.882959,-0.014210,-0.027220,-1.547830,ndi
1786514638.372153,26.897996,-0.014200,-0.027220,-1.547820,ndi
1786514638.389714,26.915557,-0.014200,-0.027240,-1.547800,ndi
1786514638.407241,26.933084,-0.014210,-0.027240,-1.547820,ndi
1786514638.422106,26.947949,-0.014200,-0.027230,-1.547820,ndi
1786514638.439569,26.965412,-0.014200,-0.027230,-1.547800,ndi
1786514638.457083,26.982926,-0.014210,-0.027230,-1.547820,ndi
1786514638.472129,26.997972,-0.014190,-0.027230,-1.547830,ndi
1786514638.489714,27.015557,-0.014210,-0.027220,-1.547810,ndi
1786514638.507239,27.033082,-0.014210,-0.027230,-1.547820,ndi
1786514638.522138,27.047981,-0.014190,-0.027240,-1.547810,ndi
1786514638.539594,27.065437,-0.014210,-0.027240,-1.547820,ndi
1786514638.557100,27.082943,-0.014210,-0.027230,-1.547810,ndi
1786514638.572119,27.097963,-0.014200,-0.027230,-1.547790,ndi
1786514638.589754,27.115597,-0.014200,-0.027230,-1.547790,ndi
1786514638.607219,27.133063,-0.014200,-0.027230,-1.547820,ndi
1786514638.622188,27.148031,-0.014210,-0.027230,-1.547790,ndi
1786514638.639622,27.165466,-0.014210,-0.027230,-1.547790,ndi
1786514638.657080,27.182924,-0.014200,-0.027240,-1.547810,ndi
1786514638.672074,27.197917,-0.014200,-0.027240,-1.547790,ndi
1786514638.689595,27.215438,-0.014210,-0.027240,-1.547820,ndi
1786514638.707205,27.233048,-0.014200,-0.027230,-1.547820,ndi
1786514638.722142,27.247985,-0.014200,-0.027230,-1.547820,ndi
1786514638.739578,27.265421,-0.014210,-0.027230,-1.547810,ndi
1786514638.757106,27.282949,-0.014200,-0.027240,-1.547830,ndi
1786514638.772149,27.297992,-0.014210,-0.027240,-1.547810,ndi
1786514638.789740,27.315583,-0.014210,-0.027240,-1.547820,ndi
1786514638.807217,27.333060,-0.014210,-0.027230,-1.547790,ndi
1786514638.822221,27.348064,-0.014210,-0.027230,-1.547810,ndi
1786514638.839574,27.365417,-0.014200,-0.027240,-1.547790,ndi
1786514638.857097,27.382940,-0.014210,-0.027230,-1.547810,ndi
1786514638.872170,27.398013,-0.014220,-0.027230,-1.547790,ndi
1786514638.889740,27.415583,-0.014200,-0.027240,-1.547770,ndi
1786514638.907233,27.433076,-0.014210,-0.027240,-1.547800,ndi
1786514638.922228,27.448071,-0.014200,-0.027240,-1.547780,ndi
1786514638.939587,27.465430,-0.014200,-0.027230,-1.547800,ndi
1786514638.957112,27.482955,-0.014210,-0.027240,-1.547790,ndi
1786514638.972147,27.497990,-0.014210,-0.027240,-1.547800,ndi
1786514638.989719,27.515562,-0.014210,-0.027240,-1.547800,ndi
1786514639.007231,27.533075,-0.014210,-0.027240,-1.547790,ndi
1786514639.022116,27.547959,-0.014210,-0.027240,-1.547770,ndi
1786514639.039598,27.565441,-0.014200,-0.027240,-1.547780,ndi
1786514639.057117,27.582960,-0.014210,-0.027240,-1.547780,ndi
1786514639.072162,27.598005,-0.014220,-0.027230,-1.547770,ndi
1786514639.089738,27.615581,-0.014210,-0.027240,-1.547790,ndi
1786514639.107185,27.633028,-0.014200,-0.027240,-1.547790,ndi
1786514639.122216,27.648060,-0.014200,-0.027250,-1.547810,ndi
1786514639.139596,27.665439,-0.014200,-0.027240,-1.547820,ndi
1786514639.157136,27.682979,-0.014220,-0.027230,-1.547810,ndi
1786514639.172196,27.698039,-0.014200,-0.027240,-1.547800,ndi
1786514639.189688,27.715531,-0.014200,-0.027240,-1.547810,ndi
1786514639.207248,27.733091,-0.014210,-0.027240,-1.547820,ndi
1786514639.222199,27.748043,-0.014210,-0.027240,-1.547820,ndi
1786514639.239608,27.765451,-0.014210,-0.027240,-1.547820,ndi
1786514639.257093,27.782937,-0.014210,-0.027240,-1.547820,ndi
1786514639.272089,27.797932,-0.014200,-0.027240,-1.547800,ndi
1786514639.289605,27.815448,-0.014210,-0.027240,-1.547810,ndi
1786514639.307066,27.832909,-0.014210,-0.027230,-1.547840,ndi
1786514639.322250,27.848093,-0.014200,-0.027240,-1.547840,ndi
1786514639.339608,27.865452,-0.014210,-0.027240,-1.547830,ndi
1786514639.357165,27.883008,-0.014220,-0.027240,-1.547820,ndi
1786514639.372188,27.898031,-0.014200,-0.027240,-1.547840,ndi
1786514639.389701,27.915544,-0.014210,-0.027240,-1.547840,ndi
1786514639.407227,27.933070,-0.014210,-0.027240,-1.547830,ndi
1786514639.422271,27.948114,-0.014210,-0.027230,-1.547820,ndi
1786514639.439605,27.965448,-0.014220,-0.027230,-1.547840,ndi
1786514639.457124,27.982967,-0.014210,-0.027240,-1.547800,ndi
1786514639.472307,27.998150,-0.014200,-0.027240,-1.547850,ndi
1786514639.489663,28.015506,-0.014210,-0.027230,-1.547820,ndi
1786514639.507243,28.033086,-0.014200,-0.027230,-1.547820,ndi
1786514639.522230,28.048074,-0.014200,-0.027230,-1.547860,ndi
1786514639.539600,28.065444,-0.014210,-0.027230,-1.547840,ndi
1786514639.557136,28.082979,-0.014210,-0.027230,-1.547840,ndi
1786514639.572189,28.098032,-0.014200,-0.027230,-1.547840,ndi
1786514639.589778,28.115622,-0.014210,-0.027240,-1.547800,ndi
1786514639.607128,28.132972,-0.014210,-0.027230,-1.547810,ndi
1786514639.622234,28.148077,-0.014200,-0.027230,-1.547830,ndi
1786514639.639626,28.165469,-0.014210,-0.027230,-1.547830,ndi
1786514639.657113,28.182956,-0.014200,-0.027240,-1.547820,ndi
1786514639.672203,28.198046,-0.014210,-0.027240,-1.547820,ndi
1786514639.689600,28.215444,-0.014210,-0.027240,-1.547800,ndi
1786514639.707273,28.233116,-0.014210,-0.027240,-1.547840,ndi
1786514639.722267,28.248110,-0.014200,-0.027240,-1.547820,ndi
1786514639.739597,28.265440,-0.014200,-0.027230,-1.547820,ndi
1786514639.757130,28.282973,-0.014200,-0.027230,-1.547820,ndi
1786514639.772165,28.298008,-0.014210,-0.027240,-1.547800,ndi
1786514639.789721,28.315564,-0.014200,-0.027250,-1.547830,ndi
1786514639.808369,28.334212,-0.014200,-0.027240,-1.547820,ndi
1786514639.822141,28.347984,-0.014210,-0.027240,-1.547820,ndi
1786514639.839614,28.365457,-0.014210,-0.027240,-1.547810,ndi
1786514639.857099,28.382942,-0.014200,-0.027240,-1.547810,ndi
1786514639.872097,28.397941,-0.014210,-0.027230,-1.547820,ndi
1786514639.889605,28.415448,-0.014200,-0.027240,-1.547820,ndi
1786514639.907244,28.433087,-0.014200,-0.027240,-1.547820,ndi
1786514639.922218,28.448061,-0.014210,-0.027250,-1.547810,ndi
1786514639.939616,28.465459,-0.014210,-0.027240,-1.547810,ndi
1786514639.957131,28.482974,-0.014210,-0.027240,-1.547830,ndi
1786514639.972137,28.497981,-0.014210,-0.027240,-1.547830,ndi
1786514639.989726,28.515569,-0.014200,-0.027250,-1.547830,ndi
1786514640.007296,28.533139,-0.014200,-0.027240,-1.547800,ndi
1786514640.022118,28.547961,-0.014200,-0.027240,-1.547800,ndi
1786514640.039610,28.565453,-0.014210,-0.027250,-1.547830,ndi
1786514640.057196,28.583040,-0.014210,-0.027240,-1.547830,ndi
1786514640.072222,28.598065,-0.014190,-0.027240,-1.547830,ndi
1786514640.089746,28.615589,-0.014190,-0.027240,-1.547810,ndi
1786514640.107302,28.633145,-0.014210,-0.027230,-1.547800,ndi
1786514640.122269,28.648112,-0.014200,-0.027200,-1.547850,ndi
1786514640.139610,28.665453,-0.014210,-0.027170,-1.547810,ndi
1786514640.157148,28.682991,-0.014220,-0.027160,-1.547830,ndi
1786514640.172223,28.698066,-0.014200,-0.027130,-1.547780,ndi
1786514640.189757,28.715600,-0.014210,-0.027110,-1.547860,ndi
1786514640.207434,28.733278,-0.014220,-0.027070,-1.547810,ndi
1786514640.222272,28.748115,-0.014220,-0.027060,-1.547820,ndi
1786514640.239654,28.765497,-0.014220,-0.027060,-1.547830,ndi
1786514640.257111,28.782954,-0.014220,-0.027040,-1.547850,ndi
1786514640.272119,28.797962,-0.014210,-0.027020,-1.547830,ndi
1786514640.289689,28.815532,-0.014220,-0.027010,-1.547830,ndi
1786514640.307252,28.833095,-0.014240,-0.027000,-1.547820,ndi
1786514640.322229,28.848072,-0.014220,-0.026980,-1.547840,ndi
1786514640.339697,28.865540,-0.014240,-0.026960,-1.547800,ndi
1786514640.357125,28.882968,-0.014240,-0.026940,-1.547800,ndi
1786514640.372170,28.898013,-0.014240,-0.026900,-1.547780,ndi
1786514640.389707,28.915550,-0.014270,-0.026860,-1.547760,ndi
1786514640.407193,28.933037,-0.014270,-0.026830,-1.547740,ndi
1786514640.422237,28.948080,-0.014270,-0.026810,-1.547720,ndi
1786514640.439717,28.965560,-0.014290,-0.026780,-1.547710,ndi
1786514640.457111,28.982955,-0.014290,-0.026740,-1.547720,ndi
1786514640.472054,28.997897,-0.014300,-0.026700,-1.547670,ndi
1786514640.489617,29.015460,-0.014320,-0.026670,-1.547610,ndi
1786514640.507297,29.033140,-0.014320,-0.026640,-1.547610,ndi
1786514640.522263,29.048106,-0.014320,-0.026600,-1.547600,ndi
1786514640.539681,29.065524,-0.014350,-0.026550,-1.547550,ndi
1786514640.557116,29.082959,-0.014360,-0.026520,-1.547530,ndi
1786514640.572264,29.098107,-0.014370,-0.026490,-1.547510,ndi
1786514640.589784,29.115628,-0.014380,-0.026450,-1.547490,ndi
1786514640.607268,29.133111,-0.014390,-0.026410,-1.547460,ndi
1786514640.622211,29.148054,-0.014410,-0.026380,-1.547480,ndi
1786514640.639650,29.165493,-0.014410,-0.026350,-1.547450,ndi
1786514640.657116,29.182959,-0.014420,-0.026300,-1.547420,ndi
1786514640.672158,29.198001,-0.014430,-0.026270,-1.547420,ndi
1786514640.689755,29.215598,-0.014440,-0.026240,-1.547410,ndi
1786514640.707257,29.233100,-0.014440,-0.026210,-1.547390,ndi
1786514640.722254,29.248097,-0.014450,-0.026190,-1.547390,ndi
1786514640.739722,29.265565,-0.014430,-0.026170,-1.547390,ndi
1786514640.757121,29.282964,-0.014420,-0.026140,-1.547340,ndi
1786514640.772273,29.298116,-0.014410,-0.026120,-1.547300,ndi
1786514640.789778,29.315621,-0.014400,-0.026090,-1.547330,ndi
1786514640.807243,29.333086,-0.014400,-0.026060,-1.547300,ndi
1786514640.822248,29.348091,-0.014400,-0.026040,-1.547300,ndi
1786514640.839684,29.365527,-0.014400,-0.026030,-1.547250,ndi
1786514640.857058,29.382901,-0.014390,-0.026000,-1.547210,ndi
1786514640.872124,29.397967,-0.014380,-0.025990,-1.547180,ndi
1786514640.889671,29.415514,-0.014370,-0.025970,-1.547170,ndi
1786514640.907208,29.433051,-0.014380,-0.025940,-1.547130,ndi
1786514640.922137,29.447980,-0.014390,-0.025910,-1.547120,ndi
1786514640.939658,29.465501,-0.014380,-0.025880,-1.547080,ndi
1786514640.957141,29.482985,-0.014400,-0.025850,-1.547050,ndi
1786514640.972149,29.497992,-0.014390,-0.025820,-1.547070,ndi
1786514640.989689,29.515532,-0.014390,-0.025780,-1.547010,ndi
1786514641.007193,29.533036,-0.014400,-0.025760,-1.546970,ndi
1786514641.022293,29.548136,-0.014410,-0.025730,-1.546950,ndi
1786514641.039649,29.565492,-0.014410,-0.025700,-1.546960,ndi
1786514641.057064,29.582907,-0.014400,-0.025670,-1.546930,ndi
1786514641.072145,29.597988,-0.014420,-0.025660,-1.546930,ndi
1786514641.089643,29.615486,-0.014420,-0.025620,-1.546860,ndi
1786514641.107177,29.633020,-0.014430,-0.025580,-1.546900,ndi
1786514641.122150,29.647993,-0.014440,-0.025560,-1.546890,ndi
1786514641.139652,29.665495,-0.014440,-0.025550,-1.546880,ndi
1786514641.157162,29.683006,-0.014460,-0.025530,-1.546840,ndi
1786514641.172161,29.698004,-0.014450,-0.025500,-1.546820,ndi
1786514641.189657,29.715501,-0.014470,-0.025460,-1.546800,ndi
1786514641.207157,29.733000,-0.014480,-0.025430,-1.546760,ndi
1786514641.222278,29.748121,-0.014490,-0.025400,-1.546720,ndi
1786514641.239608,29.765451,-0.014500,-0.025350,-1.546720,ndi
1786514641.257071,29.782914,-0.014490,-0.025310,-1.546680,ndi
1786514641.272268,29.798111,-0.014510,-0.025280,-1.546610,ndi
1786514641.289816,29.815660,-0.014520,-0.025240,-1.546580,ndi
1786514641.307345,29.833188,-0.014530,-0.025200,-1.546580,ndi
1786514641.322262,29.848105,-0.014540,-0.025160,-1.546540,ndi
1786514641.339655,29.865498,-0.014550,-0.025120,-1.546510,ndi
1786514641.357168,29.883011,-0.014570,-0.025090,-1.546510,ndi
1786514641.372315,29.898158,-0.014560,-0.025060,-1.546460,ndi
1786514641.389766,29.915609,-0.014580,-0.025020,-1.546430,ndi
1786514641.407351,29.933194,-0.014590,-0.024970,-1.546390,ndi
1786514641.422278,29.948121,-0.014600,-0.024940,-1.546390,ndi
1786514641.439550,29.965393,-0.014610,-0.024900,-1.546320,ndi
1786514641.457120,29.982963,-0.014600,-0.024860,-1.546290,ndi
1786514641.472260,29.998103,-0.014630,-0.024810,-1.546300,ndi
1786514641.489703,30.015546,-0.014640,-0.024780,-1.546280,ndi
1786514641.507224,30.033067,-0.014640,-0.024740,-1.546290,ndi
1786514641.522332,30.048175,-0.014660,-0.024690,-1.546290,ndi
1786514641.539666,30.065509,-0.014680,-0.024630,-1.546220,ndi
1786514641.557156,30.082999,-0.014680,-0.024590,-1.546220,ndi
1786514641.572163,30.098006,-0.014690,-0.024550,-1.546170,ndi
1786514641.589690,30.115534,-0.014710,-0.024510,-1.546130,ndi
1786514641.607138,30.132982,-0.014720,-0.024470,-1.546130,ndi
1786514641.622301,30.148144,-0.014730,-0.024430,-1.546080,ndi
1786514641.639567,30.165410,-0.014730,-0.024390,-1.546050,ndi
1786514641.657156,30.183000,-0.014740,-0.024340,-1.546050,ndi
1786514641.672179,30.198022,-0.014760,-0.024300,-1.545980,ndi
1786514641.689686,30.215529,-0.014760,-0.024250,-1.545960,ndi
1786514641.707185,30.233028,-0.014770,-0.024220,-1.545960,ndi
1786514641.722132,30.247976,-0.014780,-0.024190,-1.545950,ndi
1786514641.739708,30.265552,-0.014800,-0.024140,-1.545890,ndi
1786514641.757157,30.283000,-0.014810,-0.024100,-1.545890,ndi
1786514641.772300,30.298143,-0.014810,-0.024070,-1.545880,ndi
1786514641.789851,30.315694,-0.014830,-0.024030,-1.545810,ndi
1786514641.807364,30.333207,-0.014840,-0.023980,-1.545800,ndi
1786514641.822326,30.348170,-0.014850,-0.023950,-1.545830,ndi
1786514641.839609,30.365452,-0.014850,-0.023910,-1.545820,ndi
1786514641.857172,30.383015,-0.014870,-0.023870,-1.545800,ndi
1786514641.872341,30.398184,-0.014870,-0.023830,-1.545770,ndi
1786514641.889815,30.415658,-0.014880,-0.023790,-1.545750,ndi
1786514641.907371,30.433214,-0.014900,-0.023740,-1.545760,ndi
1786514641.922258,30.448101,-0.014900,-0.023720,-1.545700,ndi
1786514641.939648,30.465491,-0.014920,-0.023670,-1.545720,ndi
1786514641.957155,30.482998,-0.014930,-0.023630,-1.545670,ndi
1786514641.972334,30.498177,-0.014930,-0.023600,-1.545620,ndi
1786514641.989834,30.515677,-0.014940,-0.023570,-1.545580,ndi
1786514642.007363,30.533206,-0.014950,-0.023530,-1.545570,ndi
1786514642.022318,30.548161,-0.014960,-0.023490,-1.545580,ndi
1786514642.039652,30.565495,-0.014960,-0.023450,-1.545540,ndi
1786514642.057183,30.583026,-0.014970,-0.023420,-1.545520,ndi
1786514642.072393,30.598236,-0.014980,-0.023390,-1.545490,ndi
1786514642.089819,30.615663,-0.014990,-0.023360,-1.545490,ndi
1786514642.107367,30.633210,-0.015000,-0.023320,-1.545480,ndi
1786514642.122290,30.648133,-0.015010,-0.023280,-1.545440,ndi
1786514642.139655,30.665498,-0.015020,-0.023240,-1.545420,ndi
1786514642.157154,30.682997,-0.015020,-0.023200,-1.545390,ndi
1786514642.172295,30.698138,-0.015040,-0.023170,-1.545390,ndi
1786514642.189882,30.715725,-0.015040,-0.023130,-1.545380,ndi
1786514642.207361,30.733204,-0.015050,-0.023090,-1.545360,ndi
1786514642.222428,30.748271,-0.015060,-0.023060,-1.545290,ndi
1786514642.239621,30.765464,-0.015060,-0.023000,-1.545280,ndi
1786514642.257177,30.783020,-0.015080,-0.022960,-1.545260,ndi
1786514642.272187,30.798030,-0.015100,-0.022920,-1.545240,ndi
1786514642.289732,30.815575,-0.015100,-0.022890,-1.545220,ndi
1786514642.307401,30.833244,-0.015110,-0.022850,-1.545170,ndi
1786514642.322289,30.848133,-0.015140,-0.022810,-1.545170,ndi
1786514642.339671,30.865514,-0.015130,-0.022770,-1.545120,ndi
1786514642.357155,30.882998,-0.015130,-0.022720,-1.545130,ndi
1786514642.372312,30.898155,-0.015170,-0.022690,-1.545090,ndi
1786514642.389884,30.915727,-0.015170,-0.022640,-1.545090,ndi
1786514642.407374,30.933217,-0.015170,-0.022590,-1.545080,ndi
1786514642.422237,30.948080,-0.015180,-0.022550,-1.545030,ndi
1786514642.439678,30.965522,-0.015200,-0.022500,-1.545010,ndi
1786514642.457185,30.983028,-0.015210,-0.022450,-1.545020,ndi
1786514642.472205,30.998049,-0.015240,-0.022420,-1.545000,ndi
1786514642.489696,31.015539,-0.015230,-0.022380,-1.544950,ndi
1786514642.507221,31.033064,-0.015240,-0.022320,-1.544920,ndi
1786514642.522295,31.048138,-0.015260,-0.022280,-1.544900,ndi
1786514642.539662,31.065506,-0.015270,-0.022240,-1.544870,ndi
1786514642.557186,31.083029,-0.015280,-0.022200,-1.544810,ndi
1786514642.572189,31.098032,-0.015280,-0.022160,-1.544790,ndi
1786514642.589859,31.115702,-0.015290,-0.022110,-1.544740,ndi
1786514642.607249,31.133092,-0.015310,-0.022070,-1.544720,ndi
1786514642.622123,31.147966,-0.015300,-0.022040,-1.544730,ndi
1786514642.639679,31.165523,-0.015310,-0.021990,-1.544730,ndi
1786514642.657181,31.183024,-0.015330,-0.021940,-1.544690,ndi
1786514642.672165,31.198008,-0.015340,-0.021900,-1.544680,ndi
1786514642.689699,31.215543,-0.015350,-0.021870,-1.544660,ndi
1786514642.707307,31.233150,-0.015370,-0.021820,-1.544630,ndi
1786514642.722303,31.248146,-0.015370,-0.021780,-1.544650,ndi
1786514642.739727,31.265570,-0.015380,-0.021740,-1.544640,ndi
1786514642.757160,31.283003,-0.015390,-0.021710,-1.544610,ndi
1786514642.772243,31.298086,-0.015380,-0.021670,-1.544610,ndi
1786514642.789809,31.315652,-0.015410,-0.021630,-1.544570,ndi
1786514642.807279,31.333122,-0.015420,-0.021590,-1.544540,ndi
1786514642.822248,31.348091,-0.015400,-0.021560,-1.544500,ndi
1786514642.839682,31.365525,-0.015430,-0.021510,-1.544470,ndi
1786514642.857189,31.383032,-0.015450,-0.021470,-1.544480,ndi
1786514642.872260,31.398103,-0.015440,-0.021440,-1.544470,ndi
1786514642.889808,31.415651,-0.015460,-0.021400,-1.544430,ndi
1786514642.907301,31.433145,-0.015480,-0.021360,-1.544390,ndi
1786514642.922299,31.448142,-0.015470,-0.021320,-1.544350,ndi
1786514642.939661,31.465504,-0.015490,-0.021290,-1.544350,ndi
1786514642.957186,31.483029,-0.015480,-0.021250,-1.544340,ndi
1786514642.972258,31.498101,-0.015480,-0.021220,-1.544340,ndi
1786514642.989807,31.515650,-0.015520,-0.021170,-1.544290,ndi
1786514643.007221,31.533064,-0.015490,-0.021150,-1.544310,ndi
1786514643.022304,31.548147,-0.015510,-0.021130,-1.544290,ndi
1786514643.039682,31.565526,-0.015520,-0.021080,-1.544280,ndi
1786514643.057186,31.583029,-0.015530,-0.021040,-1.544230,ndi
1786514643.072284,31.598127,-0.015550,-0.021010,-1.544220,ndi
1786514643.089774,31.615617,-0.015560,-0.020960,-1.544210,ndi
1786514643.107355,31.633198,-0.015560,-0.020910,-1.544180,ndi
1786514643.122310,31.648153,-0.015570,-0.020880,-1.544160,ndi
1786514643.139691,31.665534,-0.015580,-0.020850,-1.544160,ndi
1786514643.157200,31.683043,-0.015580,-0.020800,-1.544130,ndi
1786514643.172168,31.698011,-0.015600,-0.020760,-1.544110,ndi
1786514643.189820,31.715663,-0.015600,-0.020720,-1.544060,ndi
1786514643.207249,31.733093,-0.015600,-0.020680,-1.544040,ndi
1786514643.222276,31.748120,-0.015620,-0.020640,-1.543980,ndi
1786514643.239692,31.765536,-0.015620,-0.020600,-1.543980,ndi
1786514643.257190,31.783033,-0.015630,-0.020560,-1.543980,ndi
1786514643.272266,31.798109,-0.015640,-0.020530,-1.543930,ndi
1786514643.289830,31.815674,-0.015640,-0.020480,-1.543900,ndi
1786514643.307333,31.833177,-0.015660,-0.020420,-1.543870,ndi
1786514643.322308,31.848151,-0.015670,-0.020380,-1.543870,ndi
1786514643.339673,31.865516,-0.015670,-0.020340,-1.543840,ndi
1786514643.357219,31.883062,-0.015690,-0.020290,-1.543820,ndi
1786514643.372184,31.898027,-0.015690,-0.020240,-1.543820,ndi
1786514643.389765,31.915608,-0.015710,-0.020190,-1.543800,ndi
1786514643.407299,31.933142,-0.015700,-0.020160,-1.543740,ndi
1786514643.422301,31.948144,-0.015700,-0.020130,-1.543800,ndi
1786514643.439703,31.965546,-0.015720,-0.020070,-1.543760,ndi
1786514643.457202,31.983045,-0.015730,-0.020030,-1.543760,ndi
1786514643.472219,31.998062,-0.015730,-0.020010,-1.543740,ndi
1786514643.489850,32.015693,-0.015750,-0.019950,-1.543710,ndi
1786514643.507308,32.033151,-0.015740,-0.019900,-1.543680,ndi
1786514643.522242,32.048085,-0.015760,-0.019850,-1.543660,ndi
1786514643.539676,32.065519,-0.015760,-0.019820,-1.543590,ndi
1786514643.557181,32.083024,-0.015770,-0.019770,-1.543600,ndi
1786514643.572202,32.098045,-0.015770,-0.019720,-1.543530,ndi
1786514643.589793,32.115636,-0.015790,-0.019680,-1.543540,ndi
1786514643.607290,32.133133,-0.015790,-0.019650,-1.543530,ndi
1786514643.622299,32.148142,-0.015780,-0.019620,-1.543530,ndi
1786514643.639726,32.165569,-0.015810,-0.019570,-1.543510,ndi
1786514643.657201,32.183044,-0.015810,-0.019520,-1.543490,ndi
1786514643.672210,32.198053,-0.015820,-0.019500,-1.543490,ndi
1786514643.689698,32.215541,-0.015830,-0.019460,-1.543440,ndi
1786514643.707370,32.233213,-0.015840,-0.019410,-1.543450,ndi
1786514643.722339,32.248182,-0.015850,-0.019370,-1.543450,ndi
1786514643.739674,32.265517,-0.015840,-0.019340,-1.543430,ndi
1786514643.757180,32.283023,-0.015850,-0.019300,-1.543390,ndi
1786514643.772288,32.298131,-0.015850,-0.019250,-1.543390,ndi
1786514643.789747,32.315590,-0.015870,-0.019210,-1.543350,ndi
1786514643.807193,32.333036,-0.015880,-0.019170,-1.543310,ndi
1786514643.822243,32.348086,-0.015870,-0.019130,-1.543300,ndi
1786514643.839730,32.365573,-0.015890,-0.019080,-1.543300,ndi
1786514643.857248,32.383091,-0.015890,-0.019040,-1.543270,ndi
1786514643.872176,32.398019,-0.015900,-0.019000,-1.543240,ndi
1786514643.889701,32.415544,-0.015890,-0.018960,-1.543230,ndi
1786514643.907265,32.433108,-0.015900,-0.018920,-1.543220,ndi
1786514643.922151,32.447994,-0.015920,-0.018890,-1.543180,ndi
1786514643.939697,32.465540,-0.015920,-0.018860,-1.543130,ndi
1786514643.957232,32.483075,-0.015920,-0.018810,-1.543120,ndi
1786514643.972185,32.498029,-0.015930,-0.018780,-1.543150,ndi
1786514643.989665,32.515508,-0.015930,-0.018730,-1.543120,ndi
1786514644.007230,32.533073,-0.015950,-0.018690,-1.543100,ndi
1786514644.022197,32.548040,-0.015940,-0.018640,-1.543080,ndi
1786514644.039723,32.565566,-0.015950,-0.018610,-1.543070,ndi
1786514644.057247,32.583091,-0.015970,-0.018570,-1.543030,ndi
1786514644.072292,32.598135,-0.015980,-0.018530,-1.543030,ndi
1786514644.089722,32.615566,-0.015980,-0.018480,-1.543030,ndi
1786514644.107228,32.633071,-0.015980,-0.018440,-1.543020,ndi
1786514644.122305,32.648148,-0.015970,-0.018400,-1.543010,ndi
1786514644.139707,32.665550,-0.015990,-0.018360,-1.542990,ndi
1786514644.157192,32.683036,-0.016000,-0.018300,-1.542940,ndi
1786514644.172258,32.698101,-0.015990,-0.018270,-1.542940,ndi
1786514644.189847,32.715690,-0.015990,-0.018230,-1.542880,ndi
1786514644.207357,32.733200,-0.016010,-0.018180,-1.542890,ndi
1786514644.222324,32.748167,-0.016020,-0.018130,-1.542870,ndi
1786514644.239709,32.765552,-0.016020,-0.018090,-1.542870,ndi
1786514644.257234,32.783077,-0.016030,-0.018040,-1.542830,ndi
1786514644.272326,32.798170,-0.016040,-0.017990,-1.542820,ndi
1786514644.289904,32.815747,-0.016050,-0.017950,-1.542800,ndi
1786514644.307393,32.833236,-0.016050,-0.017910,-1.542770,ndi
1786514644.322354,32.848197,-0.016050,-0.017870,-1.542800,ndi
1786514644.339662,32.865505,-0.016060,-0.017820,-1.542770,ndi
1786514644.357210,32.883054,-0.016050,-0.017780,-1.542720,ndi
1786514644.372198,32.898041,-0.016050,-0.017730,-1.542740,ndi
1786514644.389721,32.915564,-0.016060,-0.017700,-1.542700,ndi
1786514644.407271,32.933115,-0.016070,-0.017640,-1.542700,ndi
1786514644.422229,32.948072,-0.016070,-0.017600,-1.542660,ndi
1786514644.439810,32.965653,-0.016090,-0.017550,-1.542650,ndi
1786514644.457230,32.983073,-0.016090,-0.017490,-1.542610,ndi
1786514644.472285,32.998128,-0.016090,-0.017450,-1.542570,ndi
1786514644.489824,33.015667,-0.016100,-0.017410,-1.542610,ndi
1786514644.507386,33.033229,-0.016100,-0.017370,-1.542550,ndi
1786514644.522314,33.048157,-0.016100,-0.017330,-1.542520,ndi
1786514644.539703,33.065546,-0.016120,-0.017280,-1.542550,ndi
1786514644.557196,33.083039,-0.016110,-0.017250,-1.542530,ndi
1786514644.572243,33.098086,-0.016120,-0.017220,-1.542530,ndi
1786514644.589903,33.115746,-0.016130,-0.017150,-1.542510,ndi
1786514644.607239,33.133082,-0.016130,-0.017110,-1.542520,ndi
1786514644.622237,33.148080,-0.016130,-0.017080,-1.542490,ndi
1786514644.639688,33.165531,-0.016130,-0.017040,-1.542490,ndi
1786514644.657230,33.183074,-0.016150,-0.016980,-1.542430,ndi
1786514644.672197,33.198040,-0.016150,-0.016940,-1.542410,ndi
1786514644.689764,33.215608,-0.016170,-0.016910,-1.542360,ndi
1786514644.707373,33.233217,-0.016160,-0.016880,-1.542380,ndi
1786514644.722298,33.248142,-0.016160,-0.016820,-1.542310,ndi
1786514644.739685,33.265528,-0.016180,-0.016770,-1.542330,ndi
1786514644.757156,33.282999,-0.016170,-0.016750,-1.542310,ndi
1786514644.772197,33.298040,-0.016170,-0.016710,-1.542270,ndi
1786514644.789729,33.315572,-0.016170,-0.016640,-1.542250,ndi
1786514644.807254,33.333097,-0.016180,-0.016590,-1.542260,ndi
1786514644.822287,33.348130,-0.016200,-0.016570,-1.542270,ndi
1786514644.839723,33.365566,-0.016180,-0.016540,-1.542250,ndi
1786514644.857203,33.383046,-0.016210,-0.016480,-1.542220,ndi
1786514644.872174,33.398017,-0.016200,-0.016440,-1.542210,ndi
1786514644.889715,33.415558,-0.016200,-0.016410,-1.542220,ndi
1786514644.907320,33.433163,-0.016210,-0.016370,-1.542220,ndi
1786514644.922298,33.448142,-0.016200,-0.016320,-1.542200,ndi
1786514644.939699,33.465542,-0.016220,-0.016260,-1.542200,ndi
1786514644.957172,33.483015,-0.016210,-0.016220,-1.542150,ndi
1786514644.972234,33.498077,-0.016220,-0.016190,-1.542150,ndi
1786514644.989724,33.515568,-0.016230,-0.016140,-1.542110,ndi
1786514645.007387,33.533230,-0.016230,-0.016090,-1.542060,ndi
1786514645.022335,33.548178,-0.016240,-0.016050,-1.542020,ndi
1786514645.039692,33.565535,-0.016230,-0.016010,-1.542010,ndi
1786514645.054779,33.580622,-0.016230,-0.015970,-1.542000,ndi
1786514645.072245,33.598088,-0.016240,-0.015920,-1.541980,ndi
1786514645.089828,33.615671,-0.016230,-0.015870,-1.541950,ndi
1786514645.107333,33.633176,-0.016240,-0.015830,-1.541910,ndi
1786514645.122287,33.648130,-0.016250,-0.015790,-1.541920,ndi
1786514645.139677,33.665520,-0.016250,-0.015740,-1.541870,ndi
1786514645.157171,33.683014,-0.016240,-0.015690,-1.541860,ndi
1786514645.172315,33.698159,-0.016250,-0.015640,-1.541910,ndi
1786514645.189826,33.715669,-0.016260,-0.015600,-1.541900,ndi
1786514645.207344,33.733187,-0.016250,-0.015550,-1.541890,ndi
1786514645.222357,33.748200,-0.016260,-0.015510,-1.541890,ndi
1786514645.239699,33.765542,-0.016250,-0.015450,-1.541850,ndi
1786514645.254783,33.780626,-0.016260,-0.015410,-1.541860,ndi
1786514645.272233,33.798076,-0.016260,-0.015370,-1.541830,ndi
1786514645.289719,33.815562,-0.016260,-0.015330,-1.541810,ndi
1786514645.304770,33.830613,-0.016260,-0.015280,-1.541800,ndi
1786514645.322308,33.848151,-0.016260,-0.015230,-1.541760,ndi
1786514645.339637,33.865480,-0.016260,-0.015190,-1.541740,ndi
1786514645.357263,33.883106,-0.016250,-0.015130,-1.541690,ndi
1786514645.372251,33.898094,-0.016270,-0.015070,-1.541680,ndi
1786514645.389715,33.915558,-0.016260,-0.015030,-1.541670,ndi
1786514645.404786,33.930629,-0.016260,-0.014990,-1.541650,ndi
1786514645.422289,33.948132,-0.016260,-0.014950,-1.541650,ndi
1786514645.439698,33.965541,-0.016270,-0.014890,-1.541620,ndi
1786514645.454770,33.980613,-0.016270,-0.014860,-1.541630,ndi
1786514645.472322,33.998165,-0.016270,-0.014820,-1.541590,ndi
1786514645.489879,34.015722,-0.016260,-0.014780,-1.541600,ndi
1786514645.507382,34.033225,-0.016270,-0.014720,-1.541570,ndi
1786514645.522255,34.048098,-0.016270,-0.014680,-1.541580,ndi
1786514645.539636,34.065479,-0.016270,-0.014650,-1.541540,ndi
1786514645.557236,34.083079,-0.016260,-0.014590,-1.541550,ndi
1786514645.572238,34.098081,-0.016270,-0.014550,-1.541560,ndi
1786514645.589866,34.115709,-0.016260,-0.014500,-1.541500,ndi
1786514645.607311,34.133154,-0.016270,-0.014470,-1.541490,ndi
1786514645.622254,34.148097,-0.016270,-0.014430,-1.541500,ndi
1786514645.639717,34.165560,-0.016270,-0.014380,-1.541450,ndi
1786514645.654760,34.180603,-0.016270,-0.014330,-1.541410,ndi
1786514645.672325,34.198168,-0.016270,-0.014300,-1.541390,ndi
1786514645.689863,34.215707,-0.016260,-0.014250,-1.541380,ndi
1786514645.707335,34.233178,-0.016260,-0.014190,-1.541360,ndi
1786514645.722267,34.248110,-0.016270,-0.014160,-1.541390,ndi
1786514645.739671,34.265514,-0.016260,-0.014120,-1.541360,ndi
1786514645.757253,34.283096,-0.016250,-0.014070,-1.541320,ndi
1786514645.772286,34.298129,-0.016260,-0.014040,-1.541330,ndi
1786514645.789778,34.315621,-0.016260,-0.014000,-1.541330,ndi
1786514645.807341,34.333184,-0.016260,-0.013970,-1.541310,ndi
1786514645.822269,34.348113,-0.016260,-0.013920,-1.541300,ndi
1786514645.839682,34.365525,-0.016260,-0.013870,-1.541300,ndi
1786514645.854767,34.380610,-0.016260,-0.013830,-1.541260,ndi
1786514645.872205,34.398048,-0.016250,-0.013790,-1.541230,ndi
1786514645.889732,34.415575,-0.016250,-0.013740,-1.541230,ndi
1786514645.904812,34.430655,-0.016260,-0.013690,-1.541230,ndi
1786514645.922209,34.448052,-0.016260,-0.013650,-1.541180,ndi
1786514645.939700,34.465543,-0.016250,-0.013610,-1.541140,ndi
1786514645.957294,34.483137,-0.016250,-0.013560,-1.541130,ndi
1786514645.972267,34.498110,-0.016250,-0.013520,-1.541100,ndi
1786514645.989863,34.515707,-0.016250,-0.013470,-1.541060,ndi
1786514646.007393,34.533236,-0.016250,-0.013420,-1.541050,ndi
1786514646.022354,34.548198,-0.016260,-0.013370,-1.541040,ndi
1786514646.039726,34.565569,-0.016240,-0.013330,-1.541010,ndi
1786514646.054822,34.580665,-0.016250,-0.013300,-1.541000,ndi
1786514646.072264,34.598107,-0.016250,-0.013250,-1.540980,ndi
1786514646.089875,34.615718,-0.016240,-0.013190,-1.540990,ndi
1786514646.107332,34.633175,-0.016240,-0.013140,-1.540970,ndi
1786514646.122225,34.648068,-0.016250,-0.013100,-1.540940,ndi
1786514646.139691,34.665534,-0.016240,-0.013050,-1.540960,ndi
1786514646.155020,34.680863,-0.016240,-0.013000,-1.540980,ndi
1786514646.172300,34.698143,-0.016250,-0.012960,-1.540970,ndi
1786514646.189871,34.715714,-0.016240,-0.012920,-1.540910,ndi
1786514646.207392,34.733235,-0.016230,-0.012860,-1.540900,ndi
1786514646.222312,34.748155,-0.016250,-0.012820,-1.540930,ndi
1786514646.239726,34.765569,-0.016240,-0.012780,-1.540860,ndi
1786514646.257245,34.783088,-0.016240,-0.012730,-1.540860,ndi
1786514646.272322,34.798165,-0.016250,-0.012680,-1.540820,ndi
1786514646.289860,34.815703,-0.016240,-0.012640,-1.540830,ndi
1786514646.307389,34.833232,-0.016240,-0.012610,-1.540790,ndi
1786514646.322247,34.848090,-0.016230,-0.012610,-1.540810,ndi
1786514646.339721,34.865564,-0.016230,-0.012590,-1.540810,ndi
1786514646.357343,34.883186,-0.016230,-0.012580,-1.540820,ndi
1786514646.372256,34.898099,-0.016240,-0.012590,-1.540820,ndi
1786514646.389775,34.915618,-0.016220,-0.012590,-1.540810,ndi
1786514646.407298,34.933141,-0.016220,-0.012580,-1.540790,ndi
1786514646.422281,34.948124,-0.016230,-0.012580,-1.540810,ndi
1786514646.439706,34.965549,-0.016220,-0.012590,-1.540780,ndi
1786514646.457238,34.983081,-0.016220,-0.012580,-1.540790,ndi
1786514646.472284,34.998127,-0.016230,-0.012580,-1.540800,ndi
1786514646.489738,35.015581,-0.016230,-0.012570,-1.540820,ndi
1786514646.507353,35.033196,-0.016230,-0.012590,-1.540810,ndi
1786514646.522262,35.048105,-0.016210,-0.012580,-1.540830,ndi
1786514646.539798,35.065641,-0.016220,-0.012560,-1.540830,ndi
1786514646.557275,35.083118,-0.016220,-0.012570,-1.540840,ndi
1786514646.572315,35.098159,-0.016220,-0.012580,-1.540840,ndi
1786514646.589905,35.115748,-0.016220,-0.012570,-1.540830,ndi
1786514646.607277,35.133120,-0.016220,-0.012560,-1.540820,ndi
1786514646.622271,35.148114,-0.016220,-0.012560,-1.540840,ndi
1786514646.639746,35.165589,-0.016210,-0.012580,-1.540830,ndi
1786514646.654804,35.180647,-0.016220,-0.012570,-1.540820,ndi
1786514646.672252,35.198096,-0.016210,-0.012570,-1.540820,ndi
1786514646.689738,35.215581,-0.016210,-0.012570,-1.540820,ndi
1786514646.707290,35.233133,-0.016220,-0.012580,-1.540840,ndi
1786514646.722281,35.248124,-0.016200,-0.012570,-1.540830,ndi
1786514646.739740,35.265584,-0.016210,-0.012560,-1.540830,ndi
1786514646.757292,35.283135,-0.016210,-0.012570,-1.540850,ndi
1786514646.772297,35.298140,-0.016210,-0.012580,-1.540850,ndi
1786514646.789742,35.315585,-0.016210,-0.012570,-1.540830,ndi
1786514646.807294,35.333137,-0.016210,-0.012560,-1.540840,ndi
1786514646.822248,35.348091,-0.016210,-0.012570,-1.540810,ndi
1786514646.839741,35.365584,-0.016210,-0.012580,-1.540820,ndi
1786514646.857260,35.383103,-0.016210,-0.012570,-1.540820,ndi
1786514646.872345,35.398188,-0.016210,-0.012560,-1.540820,ndi
1786514646.889853,35.415696,-0.016210,-0.012570,-1.540840,ndi
1786514646.907331,35.433174,-0.016200,-0.012590,-1.540830,ndi
1786514646.922358,35.448201,-0.016200,-0.012570,-1.540850,ndi
1786514646.939732,35.465575,-0.016210,-0.012560,-1.540830,ndi
1786514646.957277,35.483120,-0.016210,-0.012570,-1.540830,ndi
1786514646.972372,35.498215,-0.016200,-0.012580,-1.540850,ndi
1786514646.989894,35.515738,-0.016200,-0.012580,-1.540840,ndi
1786514647.007433,35.533277,-0.016210,-0.012550,-1.540830,ndi
1786514647.022353,35.548197,-0.016200,-0.012570,-1.540820,ndi
1786514647.039735,35.565578,-0.016210,-0.012580,-1.540800,ndi
1786514647.057261,35.583104,-0.016200,-0.012570,-1.540800,ndi
1786514647.072535,35.598378,-0.016210,-0.012560,-1.540850,ndi
1786514647.089864,35.615707,-0.016210,-0.012560,-1.540810,ndi
1786514647.107332,35.633175,-0.016190,-0.012580,-1.540830,ndi
1786514647.122320,35.648163,-0.016200,-0.012580,-1.540810,ndi
1786514647.139737,35.665580,-0.016200,-0.012560,-1.540820,ndi
1786514647.157275,35.683119,-0.016200,-0.012560,-1.540830,ndi
1786514647.172288,35.698132,-0.016200,-0.012570,-1.540830,ndi
1786514647.189753,35.715596,-0.016200,-0.012580,-1.540840,ndi
1786514647.204851,35.730694,-0.016200,-0.012570,-1.540810,ndi
1786514647.222328,35.748171,-0.016210,-0.012570,-1.540810,ndi
1786514647.239739,35.765583,-0.016200,-0.012570,-1.540820,ndi
1786514647.257270,35.783113,-0.016190,-0.012570,-1.540810,ndi
1786514647.272345,35.798188,-0.016200,-0.012570,-1.540830,ndi
1786514647.289765,35.815608,-0.016200,-0.012560,-1.540820,ndi
1786514647.307243,35.833086,-0.016190,-0.012570,-1.540800,ndi
1786514647.322252,35.848095,-0.016200,-0.012570,-1.540830,ndi
1786514647.339755,35.865598,-0.016200,-0.012570,-1.540830,ndi
1786514647.357331,35.883174,-0.016200,-0.012560,-1.540820,ndi
1786514647.372291,35.898134,-0.016210,-0.012560,-1.540800,ndi
1786514647.389860,35.915703,-0.016190,-0.012570,-1.540810,ndi
1786514647.407396,35.933239,-0.016190,-0.012570,-1.540840,ndi
1786514647.422384,35.948227,-0.016210,-0.012570,-1.540800,ndi
1786514647.439763,35.965606,-0.016200,-0.012560,-1.540810,ndi
1786514647.454811,35.980654,-0.016200,-0.012560,-1.540820,ndi
1786514647.472361,35.998204,-0.016190,-0.012570,-1.540800,ndi
1786514647.489869,36.015712,-0.016200,-0.012560,-1.540810,ndi
1786514647.507418,36.033261,-0.016200,-0.012560,-1.540790,ndi
1786514647.522411,36.048254,-0.016190,-0.012570,-1.540810,ndi
1786514647.539747,36.065590,-0.016190,-0.012570,-1.540820,ndi
1786514647.557270,36.083113,-0.016200,-0.012570,-1.540810,ndi
1786514647.572358,36.098202,-0.016200,-0.012560,-1.540810,ndi
1786514647.589906,36.115749,-0.016190,-0.012560,-1.540790,ndi
1786514647.607389,36.133232,-0.016190,-0.012570,-1.540830,ndi
1786514647.622430,36.148273,-0.016190,-0.012560,-1.540810,ndi
1786514647.639751,36.165594,-0.016200,-0.012560,-1.540800,ndi
1786514647.657258,36.183101,-0.016200,-0.012560,-1.540820,ndi
1786514647.672235,36.198079,-0.016190,-0.012570,-1.540820,ndi
1786514647.689693,36.215537,-0.016180,-0.012560,-1.540790,ndi
