stamp,elapsed,x,y,z,frame_id
1786510222.768404,0.000000,-0.008690,-0.044440,-1.557620,ndi
1786510222.785811,0.017407,-0.008700,-0.044430,-1.557630,ndi
1786510222.803209,0.034804,-0.008690,-0.044460,-1.557640,ndi
1786510222.818280,0.049875,-0.008690,-0.044460,-1.557620,ndi
1786510222.835798,0.067394,-0.008690,-0.044440,-1.557650,ndi
1786510222.853263,0.084858,-0.008690,-0.044440,-1.557650,ndi
1786510222.868248,0.099844,-0.008710,-0.044450,-1.557640,ndi
1786510222.885786,0.117382,-0.008690,-0.044450,-1.557640,ndi
1786510222.903276,0.134871,-0.008690,-0.044440,-1.557610,ndi
1786510222.918324,0.149920,-0.008700,-0.044440,-1.557620,ndi
1786510222.935768,0.167364,-0.008700,-0.044460,-1.557640,ndi
1786510222.953263,0.184858,-0.008690,-0.044450,-1.557610,ndi
1786510222.968537,0.200133,-0.008690,-0.044440,-1.557650,ndi
1786510222.985805,0.217401,-0.008700,-0.044440,-1.557640,ndi
1786510223.003192,0.234788,-0.008690,-0.044470,-1.557660,ndi
1786510223.018257,0.249853,-0.008690,-0.044460,-1.557650,ndi
1786510223.035825,0.267421,-0.008700,-0.044440,-1.557650,ndi
1786510223.053272,0.284868,-0.008690,-0.044450,-1.557650,ndi
1786510223.068314,0.299910,-0.008700,-0.044460,-1.557630,ndi
1786510223.085796,0.317391,-0.008700,-0.044450,-1.557600,ndi
1786510223.103284,0.334880,-0.008690,-0.044440,-1.557620,ndi
1786510223.118293,0.349888,-0.008700,-0.044450,-1.557640,ndi
1786510223.135748,0.367344,-0.008690,-0.044470,-1.557650,ndi
1786510223.153289,0.384884,-0.008700,-0.044450,-1.557640,ndi
1786510223.168295,0.399891,-0.008710,-0.044430,-1.557650,ndi
1786510223.185792,0.417388,-0.008700,-0.044460,-1.557640,ndi
1786510223.203195,0.434791,-0.008680,-0.044470,-1.557660,ndi
1786510223.218281,0.449876,-0.008690,-0.044440,-1.557630,ndi
1786510223.235789,0.467385,-0.008690,-0.044430,-1.557650,ndi
1786510223.253387,0.484983,-0.008700,-0.044460,-1.557650,ndi
1786510223.268270,0.499865,-0.008690,-0.044470,-1.557640,ndi
1786510223.285758,0.517354,-0.008690,-0.044440,-1.557630,ndi
1786510223.303304,0.534900,-0.008700,-0.044440,-1.557650,ndi
1786510223.318322,0.549917,-0.008690,-0.044460,-1.557650,ndi
1786510223.337241,0.568837,-0.008690,-0.044470,-1.557650,ndi
1786510223.353312,0.584908,-0.008700,-0.044440,-1.557650,ndi
1786510223.368323,0.599919,-0.008690,-0.044440,-1.557650,ndi
1786510223.385815,0.617410,-0.008700,-0.044470,-1.557660,ndi
1786510223.403272,0.634868,-0.008690,-0.044460,-1.557650,ndi
1786510223.418298,0.649894,-0.008690,-0.044440,-1.557660,ndi
1786510223.435798,0.667394,-0.008690,-0.044450,-1.557670,ndi
1786510223.453288,0.684883,-0.008700,-0.044470,-1.557650,ndi
1786510223.468319,0.699915,-0.008690,-0.044460,-1.557640,ndi
1786510223.485800,0.717396,-0.008740,-0.044430,-1.557640,ndi
1786510223.503304,0.734900,-0.008700,-0.044450,-1.557670,ndi
1786510223.518290,0.749886,-0.008700,-0.044480,-1.557650,ndi
1786510223.535793,0.767389,-0.008740,-0.044460,-1.557630,ndi
1786510223.553296,0.784892,-0.008660,-0.044430,-1.557670,ndi
1786510223.568300,0.799895,-0.008700,-0.044440,-1.557660,ndi
1786510223.585847,0.817443,-0.008700,-0.044470,-1.557650,ndi
1786510223.603276,0.834872,-0.008670,-0.044460,-1.557660,ndi
1786510223.618307,0.849903,-0.008690,-0.044430,-1.557650,ndi
1786510223.635802,0.867397,-0.008700,-0.044450,-1.557620,ndi
1786510223.653295,0.884890,-0.008700,-0.044470,-1.557650,ndi
1786510223.668288,0.899884,-0.008690,-0.044460,-1.557660,ndi
1786510223.685807,0.917402,-0.008710,-0.044430,-1.557690,ndi
1786510223.703280,0.934875,-0.008690,-0.044450,-1.557660,ndi
1786510223.718401,0.949996,-0.008710,-0.044470,-1.557640,ndi
1786510223.735769,0.967365,-0.008700,-0.044460,-1.557650,ndi
1786510223.753292,0.984887,-0.008680,-0.044440,-1.557650,ndi
1786510223.768263,0.999859,-0.008710,-0.044460,-1.557650,ndi
1786510223.785725,1.017320,-0.008680,-0.044470,-1.557670,ndi
1786510223.803309,1.034905,-0.008690,-0.044430,-1.557660,ndi
1786510223.818426,1.050022,-0.008710,-0.044440,-1.557650,ndi
1786510223.835802,1.067398,-0.008690,-0.044460,-1.557660,ndi
1786510223.853327,1.084923,-0.008690,-0.044460,-1.557640,ndi
1786510223.868293,1.099888,-0.008700,-0.044440,-1.557640,ndi
1786510223.885797,1.117393,-0.008700,-0.044440,-1.557660,ndi
1786510223.903292,1.134888,-0.008700,-0.044470,-1.557670,ndi
1786510223.918330,1.149926,-0.008690,-0.044460,-1.557640,ndi
1786510223.935779,1.167374,-0.008690,-0.044430,-1.557640,ndi
1786510223.953282,1.184878,-0.008700,-0.044450,-1.557630,ndi
1786510223.968271,1.199867,-0.008710,-0.044470,-1.557630,ndi
1786510223.985729,1.217324,-0.008670,-0.044460,-1.557650,ndi
1786510224.003294,1.234890,-0.008700,-0.044440,-1.557650,ndi
1786510224.018325,1.249921,-0.008700,-0.044440,-1.557640,ndi
1786510224.035810,1.267406,-0.008690,-0.044460,-1.557630,ndi
1786510224.053294,1.284890,-0.008700,-0.044450,-1.557640,ndi
1786510224.068272,1.299868,-0.008690,-0.044440,-1.557650,ndi
1786510224.085812,1.317408,-0.008690,-0.044450,-1.557660,ndi
1786510224.103316,1.334912,-0.008700,-0.044470,-1.557630,ndi
1786510224.118333,1.349929,-0.008700,-0.044450,-1.557650,ndi
1786510224.135803,1.367398,-0.008690,-0.044440,-1.557670,ndi
1786510224.153291,1.384887,-0.008700,-0.044450,-1.557650,ndi
1786510224.168228,1.399824,-0.008690,-0.044470,-1.557660,ndi
1786510224.185786,1.417382,-0.008680,-0.044450,-1.557650,ndi
1786510224.203287,1.434883,-0.008710,-0.044440,-1.557640,ndi
1786510224.218304,1.449900,-0.008690,-0.044450,-1.557630,ndi
1786510224.235799,1.467394,-0.008690,-0.044470,-1.557630,ndi
1786510224.253289,1.484884,-0.008700,-0.044450,-1.557660,ndi
1786510224.268302,1.499898,-0.008700,-0.044440,-1.557670,ndi
1786510224.285810,1.517406,-0.008690,-0.044450,-1.557640,ndi
1786510224.303311,1.534907,-0.008700,-0.044470,-1.557660,ndi
1786510224.318321,1.549917,-0.008690,-0.044450,-1.557640,ndi
1786510224.335815,1.567411,-0.008690,-0.044440,-1.557650,ndi
1786510224.353264,1.584860,-0.008710,-0.044460,-1.557640,ndi
1786510224.368240,1.599836,-0.008690,-0.044460,-1.557650,ndi
1786510224.385816,1.617412,-0.008690,-0.044450,-1.557620,ndi
1786510224.403308,1.634903,-0.008700,-0.044450,-1.557630,ndi
1786510224.418313,1.649909,-0.008690,-0.044460,-1.557640,ndi
1786510224.435799,1.667395,-0.008700,-0.044450,-1.557660,ndi
1786510224.453273,1.684869,-0.008700,-0.044440,-1.557660,ndi
1786510224.468341,1.699937,-0.008690,-0.044450,-1.557650,ndi
1786510224.485810,1.717405,-0.008690,-0.044460,-1.557640,ndi
1786510224.503312,1.734908,-0.008700,-0.044450,-1.557650,ndi
1786510224.518303,1.749898,-0.008700,-0.044440,-1.557660,ndi
1786510224.535791,1.767387,-0.008690,-0.044450,-1.557620,ndi
1786510224.553291,1.784887,-0.008690,-0.044460,-1.557630,ndi
1786510224.568237,1.799833,-0.008690,-0.044440,-1.557650,ndi
1786510224.585859,1.817455,-0.008690,-0.044450,-1.557650,ndi
1786510224.603314,1.834909,-0.008690,-0.044460,-1.557650,ndi
1786510224.618342,1.849938,-0.008700,-0.044460,-1.557630,ndi
1786510224.635831,1.867426,-0.008700,-0.044440,-1.557630,ndi
1786510224.653312,1.884907,-0.008700,-0.044450,-1.557640,ndi
1786510224.668329,1.899925,-0.008700,-0.044460,-1.557630,ndi
1786510224.686140,1.917736,-0.008690,-0.044450,-1.557630,ndi
1786510224.703359,1.934955,-0.008700,-0.044440,-1.557640,ndi
1786510224.718347,1.949943,-0.008700,-0.044450,-1.557630,ndi
1786510224.735829,1.967424,-0.008690,-0.044460,-1.557650,ndi
1786510224.753219,1.984815,-0.008700,-0.044450,-1.557650,ndi
1786510224.768300,1.999896,-0.008690,-0.044440,-1.557640,ndi
1786510224.785826,2.017421,-0.008690,-0.044460,-1.557630,ndi
1786510224.803309,2.034905,-0.008700,-0.044460,-1.557650,ndi
1786510224.818329,2.049924,-0.008710,-0.044440,-1.557630,ndi
1786510224.835819,2.067414,-0.008690,-0.044440,-1.557610,ndi
1786510224.853282,2.084878,-0.008700,-0.044460,-1.557640,ndi
1786510224.868320,2.099915,-0.008700,-0.044460,-1.557650,ndi
1786510224.885808,2.117404,-0.008690,-0.044450,-1.557640,ndi
1786510224.903348,2.134943,-0.008700,-0.044450,-1.557630,ndi
1786510224.918361,2.149957,-0.008700,-0.044460,-1.557630,ndi
1786510224.935812,2.167408,-0.008690,-0.044450,-1.557630,ndi
1786510224.953217,2.184812,-0.008690,-0.044440,-1.557650,ndi
1786510224.968275,2.199871,-0.008690,-0.044450,-1.557620,ndi
1786510224.985821,2.217417,-0.008690,-0.044460,-1.557640,ndi
1786510225.003317,2.234912,-0.008690,-0.044450,-1.557620,ndi
1786510225.018311,2.249906,-0.008690,-0.044440,-1.557620,ndi
1786510225.035824,2.267420,-0.008690,-0.044450,-1.557650,ndi
1786510225.053317,2.284913,-0.008700,-0.044460,-1.557640,ndi
1786510225.068323,2.299919,-0.008680,-0.044450,-1.557630,ndi
1786510225.085816,2.317412,-0.008690,-0.044430,-1.557610,ndi
1786510225.103338,2.334933,-0.008700,-0.044450,-1.557640,ndi
1786510225.118340,2.349936,-0.008690,-0.044460,-1.557620,ndi
1786510225.135784,2.367380,-0.008690,-0.044440,-1.557630,ndi
1786510225.153252,2.384848,-0.008690,-0.044440,-1.557640,ndi
1786510225.168344,2.399940,-0.008690,-0.044460,-1.557600,ndi
1786510225.185833,2.417429,-0.008690,-0.044460,-1.557640,ndi
1786510225.203327,2.434923,-0.008700,-0.044440,-1.557630,ndi
1786510225.218344,2.449940,-0.008690,-0.044440,-1.557640,ndi
1786510225.235795,2.467391,-0.008700,-0.044460,-1.557630,ndi
1786510225.253327,2.484923,-0.008690,-0.044460,-1.557620,ndi
1786510225.268321,2.499917,-0.008690,-0.044440,-1.557640,ndi
1786510225.285827,2.517423,-0.008700,-0.044440,-1.557630,ndi
1786510225.303340,2.534936,-0.008690,-0.044460,-1.557610,ndi
1786510225.318354,2.549949,-0.008690,-0.044450,-1.557630,ndi
1786510225.335749,2.567344,-0.008700,-0.044430,-1.557630,ndi
1786510225.353271,2.584867,-0.008690,-0.044450,-1.557590,ndi
1786510225.368320,2.599916,-0.008700,-0.044460,-1.557650,ndi
1786510225.385808,2.617404,-0.008690,-0.044450,-1.557630,ndi
1786510225.403317,2.634913,-0.008700,-0.044430,-1.557640,ndi
1786510225.418331,2.649927,-0.008690,-0.044450,-1.557620,ndi
1786510225.435859,2.667454,-0.008690,-0.044470,-1.557630,ndi
1786510225.453353,2.684949,-0.008700,-0.044440,-1.557640,ndi
1786510225.468342,2.699938,-0.008700,-0.044440,-1.557640,ndi
1786510225.485827,2.717423,-0.008700,-0.044460,-1.557610,ndi
1786510225.503343,2.734939,-0.008690,-0.044470,-1.557630,ndi
1786510225.518325,2.749921,-0.008690,-0.044440,-1.557640,ndi
1786510225.535739,2.767335,-0.008690,-0.044440,-1.557650,ndi
1786510225.553329,2.784925,-0.008680,-0.044460,-1.557630,ndi
1786510225.568347,2.799943,-0.008690,-0.044460,-1.557630,ndi
1786510225.585839,2.817434,-0.008690,-0.044430,-1.557620,ndi
1786510225.603328,2.834924,-0.008690,-0.044440,-1.557630,ndi
1786510225.618315,2.849910,-0.008690,-0.044470,-1.557630,ndi
1786510225.635803,2.867398,-0.008700,-0.044460,-1.557640,ndi
1786510225.653290,2.884886,-0.008700,-0.044440,-1.557640,ndi
1786510225.668320,2.899916,-0.008700,-0.044440,-1.557630,ndi
1786510225.685829,2.917425,-0.008690,-0.044470,-1.557650,ndi
1786510225.703342,2.934938,-0.008700,-0.044450,-1.557630,ndi
1786510225.718367,2.949962,-0.008700,-0.044430,-1.557650,ndi
1786510225.735745,2.967341,-0.008670,-0.044450,-1.557630,ndi
1786510225.753311,2.984906,-0.008700,-0.044470,-1.557630,ndi
1786510225.768370,2.999966,-0.008690,-0.044450,-1.557650,ndi
1786510225.785834,3.017430,-0.008690,-0.044440,-1.557640,ndi
1786510225.803317,3.034913,-0.008700,-0.044450,-1.557620,ndi
1786510225.818306,3.049902,-0.008690,-0.044470,-1.557640,ndi
1786510225.835811,3.067407,-0.008700,-0.044440,-1.557630,ndi
1786510225.853311,3.084907,-0.008690,-0.044440,-1.557650,ndi
1786510225.868311,3.099906,-0.008690,-0.044450,-1.557630,ndi
1786510225.885820,3.117416,-0.008700,-0.044470,-1.557630,ndi
1786510225.903352,3.134948,-0.008700,-0.044450,-1.557640,ndi
1786510225.918334,3.149929,-0.008690,-0.044440,-1.557630,ndi
1786510225.935746,3.167342,-0.008680,-0.044460,-1.557630,ndi
1786510225.953338,3.184934,-0.008700,-0.044460,-1.557630,ndi
1786510225.968333,3.199929,-0.008700,-0.044440,-1.557630,ndi
1786510225.985815,3.217411,-0.008700,-0.044440,-1.557630,ndi
1786510226.003318,3.234914,-0.008690,-0.044460,-1.557640,ndi
1786510226.018311,3.249906,-0.008670,-0.044460,-1.557630,ndi
1786510226.035824,3.267420,-0.008700,-0.044430,-1.557660,ndi
1786510226.053313,3.284909,-0.008700,-0.044420,-1.557710,ndi
1786510226.068341,3.299936,-0.008720,-0.044410,-1.557750,ndi
1786510226.085829,3.317425,-0.008760,-0.044380,-1.557790,ndi
1786510226.103333,3.334929,-0.008800,-0.044360,-1.557780,ndi
1786510226.118345,3.349941,-0.008790,-0.044370,-1.557820,ndi
1786510226.135812,3.367408,-0.008780,-0.044380,-1.557800,ndi
1786510226.153341,3.384937,-0.008810,-0.044370,-1.557810,ndi
1786510226.168332,3.399928,-0.008830,-0.044350,-1.557820,ndi
1786510226.185841,3.417436,-0.008840,-0.044360,-1.557770,ndi
1786510226.203336,3.434932,-0.008810,-0.044380,-1.557760,ndi
1786510226.218342,3.449938,-0.008830,-0.044380,-1.557760,ndi
1786510226.235851,3.467447,-0.008830,-0.044380,-1.557720,ndi
1786510226.253344,3.484940,-0.008840,-0.044390,-1.557720,ndi
1786510226.268319,3.499915,-0.008830,-0.044410,-1.557680,ndi
1786510226.285836,3.517432,-0.008810,-0.044410,-1.557670,ndi
1786510226.303339,3.534935,-0.008820,-0.044410,-1.557620,ndi
1786510226.318271,3.549867,-0.008830,-0.044440,-1.557600,ndi
1786510226.335832,3.567428,-0.008830,-0.044440,-1.557580,ndi
1786510226.353334,3.584929,-0.008820,-0.044440,-1.557580,ndi
1786510226.368361,3.599957,-0.008810,-0.044450,-1.557530,ndi
1786510226.385841,3.617437,-0.008820,-0.044460,-1.557510,ndi
1786510226.403325,3.634921,-0.008820,-0.044460,-1.557500,ndi
1786510226.418354,3.649950,-0.008820,-0.044460,-1.557460,ndi
1786510226.435842,3.667438,-0.008810,-0.044460,-1.557460,ndi
1786510226.453321,3.684917,-0.008800,-0.044490,-1.557420,ndi
1786510226.468371,3.699967,-0.008820,-0.044490,-1.557360,ndi
1786510226.485896,3.717491,-0.008810,-0.044480,-1.557370,ndi
1786510226.503364,3.734960,-0.008810,-0.044480,-1.557340,ndi
1786510226.518270,3.749866,-0.008790,-0.044490,-1.557320,ndi
1786510226.535839,3.767435,-0.008790,-0.044500,-1.557300,ndi
1786510226.553377,3.784972,-0.008810,-0.044500,-1.557290,ndi
1786510226.568369,3.799965,-0.008820,-0.044500,-1.557290,ndi
1786510226.585858,3.817454,-0.008800,-0.044510,-1.557260,ndi
1786510226.603334,3.834930,-0.008800,-0.044520,-1.557240,ndi
1786510226.618374,3.849970,-0.008790,-0.044530,-1.557220,ndi
1786510226.635843,3.867439,-0.008800,-0.044530,-1.557180,ndi
1786510226.653341,3.884936,-0.008800,-0.044530,-1.557160,ndi
1786510226.668362,3.899958,-0.008790,-0.044540,-1.557140,ndi
1786510226.685838,3.917433,-0.008780,-0.044550,-1.557100,ndi
1786510226.703288,3.934883,-0.008800,-0.044550,-1.557090,ndi
1786510226.718320,3.949915,-0.008790,-0.044540,-1.557060,ndi
1786510226.735829,3.967425,-0.008780,-0.044540,-1.557050,ndi
1786510226.753364,3.984960,-0.008780,-0.044550,-1.557040,ndi
1786510226.768370,3.999965,-0.008780,-0.044530,-1.557030,ndi
1786510226.785826,4.017421,-0.008810,-0.044470,-1.556990,ndi
1786510226.803334,4.034930,-0.008830,-0.044430,-1.556970,ndi
1786510226.818354,4.049949,-0.008820,-0.044410,-1.556920,ndi
1786510226.835844,4.067439,-0.008820,-0.044360,-1.556920,ndi
1786510226.853335,4.084931,-0.008840,-0.044300,-1.556880,ndi
1786510226.868357,4.099952,-0.008840,-0.044270,-1.556860,ndi
1786510226.885822,4.117417,-0.008860,-0.044240,-1.556820,ndi
1786510226.903365,4.134961,-0.008860,-0.044190,-1.556800,ndi
1786510226.918324,4.149920,-0.008840,-0.044150,-1.556770,ndi
1786510226.935853,4.167449,-0.008870,-0.044120,-1.556740,ndi
1786510226.953335,4.184931,-0.008890,-0.044100,-1.556730,ndi
1786510226.968338,4.199934,-0.008880,-0.044060,-1.556720,ndi
1786510226.985841,4.217437,-0.008890,-0.044010,-1.556710,ndi
1786510227.003325,4.234921,-0.008900,-0.043990,-1.556670,ndi
1786510227.018337,4.249933,-0.008900,-0.043960,-1.556620,ndi
1786510227.035869,4.267465,-0.008910,-0.043920,-1.556590,ndi
1786510227.053348,4.284944,-0.008900,-0.043920,-1.556620,ndi
1786510227.068325,4.299921,-0.008900,-0.043930,-1.556600,ndi
1786510227.085793,4.317389,-0.008900,-0.043940,-1.556570,ndi
1786510227.103429,4.335025,-0.008900,-0.043910,-1.556560,ndi
1786510227.118377,4.349973,-0.008910,-0.043890,-1.556550,ndi
1786510227.135853,4.367449,-0.008930,-0.043850,-1.556500,ndi
1786510227.153356,4.384952,-0.008920,-0.043810,-1.556410,ndi
1786510227.168346,4.399941,-0.008930,-0.043760,-1.556410,ndi
1786510227.185810,4.417406,-0.008950,-0.043710,-1.556340,ndi
1786510227.203346,4.434942,-0.008960,-0.043660,-1.556290,ndi
1786510227.218356,4.449952,-0.008960,-0.043630,-1.556260,ndi
1786510227.235838,4.467434,-0.008970,-0.043570,-1.556180,ndi
1786510227.253345,4.484941,-0.008980,-0.043530,-1.556170,ndi
1786510227.268334,4.499930,-0.008990,-0.043520,-1.556150,ndi
1786510227.285824,4.517419,-0.009000,-0.043460,-1.556090,ndi
1786510227.303303,4.534899,-0.009000,-0.043410,-1.556040,ndi
1786510227.318367,4.549962,-0.009020,-0.043390,-1.556070,ndi
1786510227.335870,4.567465,-0.009030,-0.043360,-1.556000,ndi
1786510227.353333,4.584929,-0.009020,-0.043300,-1.555960,ndi
1786510227.368382,4.599977,-0.009040,-0.043260,-1.555920,ndi
1786510227.385825,4.617420,-0.009050,-0.043240,-1.555930,ndi
1786510227.403342,4.634938,-0.009050,-0.043220,-1.555900,ndi
1786510227.418363,4.649959,-0.009060,-0.043190,-1.555930,ndi
1786510227.435865,4.667461,-0.009060,-0.043140,-1.555920,ndi
1786510227.453366,4.684962,-0.009070,-0.043140,-1.555910,ndi
1786510227.468345,4.699940,-0.009060,-0.043150,-1.555900,ndi
1786510227.485720,4.717316,-0.009070,-0.043120,-1.555900,ndi
1786510227.503331,4.734927,-0.009070,-0.043090,-1.555890,ndi
1786510227.518378,4.749974,-0.009080,-0.043080,-1.555850,ndi
1786510227.535908,4.767504,-0.009090,-0.043060,-1.555790,ndi
1786510227.553418,4.785014,-0.009100,-0.043010,-1.555770,ndi
1786510227.568367,4.799962,-0.009110,-0.042970,-1.555780,ndi
1786510227.585864,4.817460,-0.009120,-0.042950,-1.555780,ndi
1786510227.603367,4.834963,-0.009110,-0.042920,-1.555720,ndi
1786510227.618366,4.849962,-0.009120,-0.042880,-1.555700,ndi
1786510227.635871,4.867467,-0.009130,-0.042840,-1.555700,ndi
1786510227.653364,4.884960,-0.009140,-0.042830,-1.555680,ndi
1786510227.668353,4.899949,-0.009130,-0.042780,-1.555640,ndi
1786510227.685773,4.917369,-0.009130,-0.042730,-1.555600,ndi
1786510227.703339,4.934935,-0.009160,-0.042690,-1.555570,ndi
1786510227.718387,4.949983,-0.009150,-0.042670,-1.555560,ndi
1786510227.735883,4.967478,-0.009170,-0.042640,-1.555510,ndi
1786510227.753349,4.984945,-0.009180,-0.042590,-1.555470,ndi
1786510227.768365,4.999961,-0.009180,-0.042560,-1.555480,ndi
1786510227.785887,5.017483,-0.009200,-0.042530,-1.555420,ndi
1786510227.803366,5.034962,-0.009210,-0.042490,-1.555400,ndi
1786510227.818397,5.049993,-0.009210,-0.042440,-1.555400,ndi
1786510227.835876,5.067472,-0.009230,-0.042400,-1.555360,ndi
1786510227.853379,5.084974,-0.009230,-0.042370,-1.555340,ndi
1786510227.868337,5.099932,-0.009240,-0.042340,-1.555300,ndi
1786510227.885775,5.117371,-0.009230,-0.042300,-1.555280,ndi
1786510227.903373,5.134969,-0.009240,-0.042260,-1.555240,ndi
1786510227.918473,5.150068,-0.009260,-0.042220,-1.555190,ndi
1786510227.935866,5.167462,-0.009280,-0.042180,-1.555140,ndi
1786510227.953380,5.184976,-0.009290,-0.042070,-1.555090,ndi
1786510227.968346,5.199942,-0.009310,-0.042030,-1.555020,ndi
1786510227.985862,5.217458,-0.009320,-0.042000,-1.554990,ndi
1786510228.003347,5.234943,-0.009320,-0.041950,-1.554970,ndi
1786510228.018387,5.249983,-0.009340,-0.041920,-1.554940,ndi
1786510228.035872,5.267468,-0.009340,-0.041880,-1.554860,ndi
1786510228.053349,5.284945,-0.009350,-0.041850,-1.554850,ndi
1786510228.068278,5.299874,-0.009350,-0.041810,-1.554820,ndi
1786510228.085856,5.317451,-0.009370,-0.041770,-1.554770,ndi
1786510228.103352,5.334948,-0.009370,-0.041720,-1.554760,ndi
1786510228.118401,5.349997,-0.009380,-0.041680,-1.554710,ndi
1786510228.135863,5.367458,-0.009410,-0.041650,-1.554690,ndi
1786510228.153356,5.384951,-0.009410,-0.041610,-1.554640,ndi
1786510228.168352,5.399948,-0.009420,-0.041570,-1.554580,ndi
1786510228.185863,5.417459,-0.009430,-0.041530,-1.554570,ndi
1786510228.203348,5.434943,-0.009440,-0.041470,-1.554540,ndi
1786510228.218362,5.449957,-0.009470,-0.041430,-1.554520,ndi
1786510228.235873,5.467469,-0.009470,-0.041380,-1.554470,ndi
1786510228.253344,5.484940,-0.009480,-0.041340,-1.554460,ndi
1786510228.268286,5.499882,-0.009500,-0.041330,-1.554440,ndi
1786510228.285854,5.517450,-0.009510,-0.041290,-1.554380,ndi
1786510228.303371,5.534967,-0.009510,-0.041240,-1.554420,ndi
1786510228.318411,5.550007,-0.009540,-0.041200,-1.554360,ndi
1786510228.335881,5.567477,-0.009540,-0.041170,-1.554320,ndi
1786510228.353357,5.584953,-0.009560,-0.041130,-1.554300,ndi
1786510228.368391,5.599987,-0.009570,-0.041090,-1.554270,ndi
1786510228.385864,5.617459,-0.009570,-0.041070,-1.554260,ndi
1786510228.403359,5.634955,-0.009580,-0.041050,-1.554250,ndi
1786510228.418390,5.649986,-0.009590,-0.041020,-1.554240,ndi
1786510228.435853,5.667449,-0.009590,-0.040980,-1.554220,ndi
1786510228.453379,5.684975,-0.009600,-0.040970,-1.554200,ndi
1786510228.468329,5.699925,-0.009610,-0.040960,-1.554180,ndi
1786510228.485852,5.717448,-0.009610,-0.040930,-1.554130,ndi
1786510228.503367,5.734962,-0.009620,-0.040910,-1.554210,ndi
1786510228.518407,5.750002,-0.009640,-0.040880,-1.554150,ndi
1786510228.535878,5.767473,-0.009640,-0.040840,-1.554120,ndi
1786510228.553398,5.784994,-0.009650,-0.040810,-1.554060,ndi
1786510228.568383,5.799978,-0.009670,-0.040780,-1.554050,ndi
1786510228.585832,5.817428,-0.009680,-0.040740,-1.554020,ndi
1786510228.603363,5.834959,-0.009690,-0.040720,-1.553980,ndi
1786510228.618392,5.849988,-0.009700,-0.040690,-1.553970,ndi
1786510228.635872,5.867468,-0.009700,-0.040650,-1.553950,ndi
1786510228.653291,5.884887,-0.009710,-0.040620,-1.553920,ndi
1786510228.668330,5.899926,-0.009720,-0.040580,-1.553920,ndi
1786510228.685857,5.917452,-0.009740,-0.040530,-1.553860,ndi
1786510228.703348,5.934943,-0.009750,-0.040510,-1.553810,ndi
1786510228.718396,5.949992,-0.009750,-0.040470,-1.553790,ndi
1786510228.735857,5.967452,-0.009760,-0.040420,-1.553730,ndi
1786510228.753380,5.984975,-0.009780,-0.040390,-1.553680,ndi
1786510228.768368,5.999964,-0.009800,-0.040350,-1.553640,ndi
1786510228.785846,6.017442,-0.009810,-0.040300,-1.553580,ndi
1786510228.803363,6.034958,-0.009810,-0.040270,-1.553580,ndi
1786510228.818401,6.049997,-0.009830,-0.040240,-1.553540,ndi
1786510228.835853,6.067449,-0.009840,-0.040200,-1.553540,ndi
1786510228.853276,6.084872,-0.009850,-0.040140,-1.553490,ndi
1786510228.868379,6.099974,-0.009860,-0.040120,-1.553480,ndi
1786510228.885882,6.117478,-0.009870,-0.040090,-1.553470,ndi
1786510228.903393,6.134989,-0.009880,-0.040050,-1.553410,ndi
1786510228.918503,6.150098,-0.009890,-0.040000,-1.553350,ndi
1786510228.935895,6.167491,-0.009910,-0.039960,-1.553330,ndi
1786510228.953396,6.184992,-0.009910,-0.039940,-1.553320,ndi
1786510228.968400,6.199996,-0.009920,-0.039910,-1.553280,ndi
1786510228.985891,6.217487,-0.009930,-0.039840,-1.553240,ndi
1786510229.003377,6.234973,-0.009950,-0.039810,-1.553200,ndi
1786510229.018420,6.250016,-0.009960,-0.039790,-1.553180,ndi
1786510229.035851,6.267446,-0.009970,-0.039750,-1.553120,ndi
1786510229.053283,6.284879,-0.009970,-0.039680,-1.553100,ndi
1786510229.068356,6.299952,-0.010000,-0.039660,-1.553050,ndi
1786510229.085869,6.317464,-0.010010,-0.039630,-1.553020,ndi
1786510229.103369,6.334965,-0.010030,-0.039590,-1.552990,ndi
1786510229.118402,6.349998,-0.010030,-0.039550,-1.552960,ndi
1786510229.135882,6.367478,-0.010050,-0.039520,-1.552940,ndi
1786510229.153392,6.384988,-0.010060,-0.039510,-1.552930,ndi
1786510229.168390,6.399986,-0.010070,-0.039470,-1.552900,ndi
1786510229.185867,6.417463,-0.010080,-0.039410,-1.552850,ndi
1786510229.203361,6.434957,-0.010090,-0.039390,-1.552820,ndi
1786510229.218382,6.449978,-0.010110,-0.039370,-1.552770,ndi
1786510229.235830,6.467426,-0.010120,-0.039320,-1.552780,ndi
1786510229.253339,6.484935,-0.010130,-0.039270,-1.552750,ndi
1786510229.268401,6.499996,-0.010140,-0.039250,-1.552740,ndi
1786510229.285897,6.517493,-0.010150,-0.039230,-1.552730,ndi
1786510229.303368,6.534964,-0.010170,-0.039180,-1.552700,ndi
1786510229.318404,6.550000,-0.010190,-0.039140,-1.552670,ndi
1786510229.335888,6.567483,-0.010180,-0.039130,-1.552650,ndi
1786510229.353395,6.584991,-0.010210,-0.039090,-1.552620,ndi
1786510229.368403,6.599999,-0.010200,-0.039050,-1.552570,ndi
1786510229.385888,6.617484,-0.010220,-0.039000,-1.552580,ndi
1786510229.403422,6.635018,-0.010230,-0.039000,-1.552560,ndi
1786510229.418372,6.649968,-0.010250,-0.038980,-1.552530,ndi
1786510229.435802,6.667398,-0.010280,-0.038910,-1.552490,ndi
1786510229.453347,6.684943,-0.010270,-0.038870,-1.552470,ndi
1786510229.468425,6.700020,-0.010310,-0.038860,-1.552410,ndi
1786510229.485899,6.717495,-0.010300,-0.038830,-1.552410,ndi
1786510229.503395,6.734991,-0.010330,-0.038770,-1.552360,ndi
1786510229.518402,6.749998,-0.010340,-0.038730,-1.552330,ndi
1786510229.535915,6.767511,-0.010380,-0.038720,-1.552270,ndi
1786510229.553413,6.785008,-0.010370,-0.038690,-1.552200,ndi
1786510229.568411,6.800007,-0.010370,-0.038630,-1.552220,ndi
1786510229.585905,6.817501,-0.010400,-0.038590,-1.552160,ndi
1786510229.603384,6.834980,-0.010410,-0.038580,-1.552140,ndi
1786510229.618394,6.849990,-0.010440,-0.038540,-1.552100,ndi
1786510229.635867,6.867463,-0.010430,-0.038480,-1.552080,ndi
1786510229.653388,6.884984,-0.010460,-0.038440,-1.552050,ndi
1786510229.668446,6.900042,-0.010460,-0.038430,-1.552030,ndi
1786510229.685887,6.917483,-0.010490,-0.038390,-1.551990,ndi
1786510229.703376,6.934971,-0.010510,-0.038340,-1.551950,ndi
1786510229.718371,6.949967,-0.010500,-0.038310,-1.551940,ndi
1786510229.735890,6.967485,-0.010530,-0.038300,-1.551930,ndi
1786510229.753385,6.984981,-0.010540,-0.038240,-1.551890,ndi
1786510229.768392,6.999988,-0.010550,-0.038190,-1.551860,ndi
1786510229.785884,7.017480,-0.010580,-0.038170,-1.551810,ndi
1786510229.803380,7.034976,-0.010580,-0.038150,-1.551790,ndi
1786510229.818357,7.049953,-0.010600,-0.038110,-1.551770,ndi
1786510229.835816,7.067411,-0.010610,-0.038050,-1.551740,ndi
1786510229.853405,7.085001,-0.010630,-0.038020,-1.551720,ndi
1786510229.868490,7.100085,-0.010640,-0.038000,-1.551710,ndi
1786510229.885907,7.117503,-0.010650,-0.037960,-1.551640,ndi
1786510229.903397,7.134993,-0.010670,-0.037910,-1.551610,ndi
1786510229.918378,7.149974,-0.010690,-0.037890,-1.551580,ndi
1786510229.935921,7.167517,-0.010680,-0.037870,-1.551570,ndi
1786510229.953416,7.185012,-0.010700,-0.037820,-1.551550,ndi
1786510229.968407,7.200003,-0.010720,-0.037790,-1.551530,ndi
1786510229.985899,7.217495,-0.010730,-0.037770,-1.551500,ndi
1786510230.003389,7.234985,-0.010750,-0.037740,-1.551480,ndi
1786510230.018313,7.249909,-0.010760,-0.037700,-1.551420,ndi
1786510230.035894,7.267490,-0.010760,-0.037650,-1.551420,ndi
1786510230.053422,7.285017,-0.010770,-0.037630,-1.551360,ndi
1786510230.068456,7.300052,-0.010800,-0.037610,-1.551360,ndi
1786510230.085908,7.317503,-0.010810,-0.037550,-1.551310,ndi
1786510230.103400,7.334996,-0.010840,-0.037520,-1.551270,ndi
1786510230.118410,7.350006,-0.010860,-0.037480,-1.551260,ndi
1786510230.135904,7.367500,-0.010860,-0.037430,-1.551220,ndi
1786510230.153409,7.385005,-0.010890,-0.037400,-1.551190,ndi
1786510230.168420,7.400016,-0.010900,-0.037370,-1.551150,ndi
1786510230.185934,7.417530,-0.010910,-0.037350,-1.551120,ndi
1786510230.203397,7.434993,-0.010930,-0.037310,-1.551110,ndi
1786510230.218318,7.449914,-0.010950,-0.037280,-1.551130,ndi
1786510230.235910,7.467506,-0.010960,-0.037250,-1.551100,ndi
1786510230.253412,7.485007,-0.010980,-0.037220,-1.551030,ndi
1786510230.268412,7.500008,-0.010990,-0.037170,-1.551040,ndi
1786510230.285885,7.517480,-0.011010,-0.037150,-1.551010,ndi
1786510230.303376,7.534972,-0.011040,-0.037120,-1.550970,ndi
1786510230.318417,7.550013,-0.011030,-0.037090,-1.550920,ndi
1786510230.335891,7.567487,-0.011050,-0.037050,-1.550920,ndi
1786510230.353389,7.584985,-0.011080,-0.037020,-1.550890,ndi
1786510230.368393,7.599989,-0.011080,-0.037000,-1.550870,ndi
1786510230.385885,7.617481,-0.011110,-0.036970,-1.550840,ndi
1786510230.403375,7.634971,-0.011130,-0.036930,-1.550840,ndi
1786510230.418320,7.649915,-0.011120,-0.036910,-1.550820,ndi
1786510230.435925,7.667521,-0.011150,-0.036890,-1.550780,ndi
1786510230.453446,7.685042,-0.011160,-0.036840,-1.550760,ndi
1786510230.468463,7.700059,-0.011180,-0.036810,-1.550720,ndi
1786510230.485891,7.717487,-0.011210,-0.036790,-1.550690,ndi
1786510230.503379,7.734974,-0.011210,-0.036760,-1.550650,ndi
1786510230.518417,7.750013,-0.011210,-0.036710,-1.550630,ndi
1786510230.535920,7.767516,-0.011250,-0.036660,-1.550580,ndi
1786510230.553449,7.785044,-0.011260,-0.036650,-1.550550,ndi
1786510230.568432,7.800028,-0.011270,-0.036610,-1.550490,ndi
1786510230.585912,7.817508,-0.011300,-0.036550,-1.550470,ndi
1786510230.603386,7.834981,-0.011300,-0.036510,-1.550450,ndi
1786510230.618384,7.849980,-0.011310,-0.036500,-1.550420,ndi
1786510230.635965,7.867561,-0.011340,-0.036470,-1.550340,ndi
1786510230.653396,7.884992,-0.011350,-0.036400,-1.550320,ndi
1786510230.668427,7.900023,-0.011380,-0.036360,-1.550300,ndi
1786510230.685913,7.917509,-0.011390,-0.036360,-1.550260,ndi
1786510230.703405,7.935001,-0.011410,-0.036320,-1.550260,ndi
1786510230.718431,7.950027,-0.011420,-0.036260,-1.550190,ndi
1786510230.735922,7.967518,-0.011430,-0.036230,-1.550160,ndi
1786510230.753403,7.984998,-0.011450,-0.036220,-1.550170,ndi
1786510230.768431,8.000027,-0.011470,-0.036180,-1.550120,ndi
1786510230.785885,8.017480,-0.011490,-0.036120,-1.550090,ndi
1786510230.803384,8.034980,-0.011490,-0.036100,-1.550100,ndi
1786510230.818379,8.049975,-0.011500,-0.036090,-1.550040,ndi
1786510230.835993,8.067589,-0.011540,-0.036040,-1.550050,ndi
1786510230.853433,8.085029,-0.011550,-0.035970,-1.549990,ndi
1786510230.868435,8.100031,-0.011580,-0.035960,-1.549960,ndi
1786510230.885924,8.117520,-0.011570,-0.035960,-1.549920,ndi
1786510230.903418,8.135014,-0.011600,-0.035900,-1.549890,ndi
1786510230.918449,8.150044,-0.011620,-0.035860,-1.549880,ndi
1786510230.935905,8.167501,-0.011630,-0.035850,-1.549840,ndi
1786510230.953409,8.185005,-0.011650,-0.035840,-1.549790,ndi
1786510230.968416,8.200012,-0.011660,-0.035780,-1.549780,ndi
1786510230.985879,8.217474,-0.011670,-0.035730,-1.549740,ndi
1786510231.003324,8.234919,-0.011700,-0.035740,-1.549720,ndi
1786510231.018418,8.250014,-0.011720,-0.035730,-1.549690,ndi
1786510231.035977,8.267573,-0.011720,-0.035670,-1.549660,ndi
1786510231.053444,8.285040,-0.011750,-0.035630,-1.549640,ndi
1786510231.068448,8.300043,-0.011770,-0.035630,-1.549600,ndi
1786510231.085903,8.317499,-0.011770,-0.035600,-1.549560,ndi
1786510231.103418,8.335014,-0.011800,-0.035550,-1.549560,ndi
1786510231.118442,8.350038,-0.011820,-0.035520,-1.549560,ndi
1786510231.135935,8.367531,-0.011830,-0.035510,-1.549480,ndi
1786510231.153439,8.385035,-0.011860,-0.035480,-1.549480,ndi
1786510231.168409,8.400004,-0.011870,-0.035430,-1.549420,ndi
1786510231.185890,8.417486,-0.011880,-0.035400,-1.549430,ndi
1786510231.203386,8.434982,-0.011900,-0.035390,-1.549380,ndi
1786510231.218424,8.450020,-0.011920,-0.035350,-1.549330,ndi
1786510231.235922,8.467517,-0.011950,-0.035290,-1.549310,ndi
1786510231.253466,8.485061,-0.011980,-0.035260,-1.549280,ndi
1786510231.268436,8.500032,-0.011980,-0.035250,-1.549260,ndi
1786510231.285912,8.517508,-0.012010,-0.035210,-1.549220,ndi
1786510231.303405,8.535001,-0.012030,-0.035160,-1.549210,ndi
1786510231.318437,8.550033,-0.012040,-0.035140,-1.549180,ndi
1786510231.335938,8.567533,-0.012070,-0.035130,-1.549170,ndi
1786510231.353437,8.585033,-0.012090,-0.035080,-1.549110,ndi
1786510231.368400,8.599996,-0.012090,-0.035040,-1.549110,ndi
1786510231.385824,8.617420,-0.012130,-0.035010,-1.549070,ndi
1786510231.403387,8.634983,-0.012140,-0.034980,-1.549030,ndi
1786510231.418463,8.650059,-0.012160,-0.034950,-1.549020,ndi
1786510231.435925,8.667521,-0.012190,-0.034900,-1.548980,ndi
1786510231.453450,8.685045,-0.012200,-0.034880,-1.548960,ndi
1786510231.468460,8.700056,-0.012230,-0.034850,-1.548930,ndi
1786510231.485923,8.717518,-0.012240,-0.034810,-1.548910,ndi
1786510231.503409,8.735004,-0.012250,-0.034770,-1.548850,ndi
1786510231.518455,8.750051,-0.012270,-0.034750,-1.548830,ndi
1786510231.535913,8.767509,-0.012290,-0.034720,-1.548820,ndi
1786510231.553476,8.785072,-0.012300,-0.034690,-1.548810,ndi
1786510231.568416,8.800011,-0.012330,-0.034650,-1.548760,ndi
1786510231.585851,8.817447,-0.012330,-0.034610,-1.548730,ndi
1786510231.603412,8.835008,-0.012360,-0.034580,-1.548700,ndi
1786510231.618444,8.850040,-0.012380,-0.034560,-1.548660,ndi
1786510231.635936,8.867532,-0.012400,-0.034530,-1.548630,ndi
1786510231.653452,8.885047,-0.012410,-0.034480,-1.548590,ndi
1786510231.668407,8.900003,-0.012430,-0.034450,-1.548570,ndi
1786510231.685936,8.917532,-0.012450,-0.034430,-1.548510,ndi
1786510231.703436,8.935032,-0.012480,-0.034390,-1.548500,ndi
1786510231.718441,8.950037,-0.012500,-0.034350,-1.548470,ndi
1786510231.735929,8.967524,-0.012500,-0.034330,-1.548430,ndi
1786510231.753432,8.985028,-0.012530,-0.034310,-1.548420,ndi
1786510231.768416,9.000012,-0.012550,-0.034270,-1.548390,ndi
1786510231.785861,9.017457,-0.012560,-0.034230,-1.548360,ndi
1786510231.803416,9.035012,-0.012570,-0.034210,-1.548340,ndi
1786510231.818450,9.050046,-0.012600,-0.034190,-1.548320,ndi
1786510231.835925,9.067521,-0.012630,-0.034150,-1.548260,ndi
1786510231.853446,9.085042,-0.012630,-0.034100,-1.548230,ndi
1786510231.868426,9.100022,-0.012670,-0.034090,-1.548230,ndi
1786510231.885942,9.117538,-0.012680,-0.034080,-1.548200,ndi
1786510231.903427,9.135022,-0.012680,-0.034030,-1.548160,ndi
1786510231.918447,9.150043,-0.012710,-0.034000,-1.548110,ndi
1786510231.935918,9.167514,-0.012730,-0.033990,-1.548080,ndi
1786510231.953413,9.185009,-0.012750,-0.033960,-1.548080,ndi
1786510231.968349,9.199945,-0.012770,-0.033920,-1.548050,ndi
1786510231.985900,9.217495,-0.012780,-0.033880,-1.548040,ndi
1786510232.003430,9.235026,-0.012820,-0.033860,-1.548000,ndi
1786510232.018462,9.250058,-0.012840,-0.033840,-1.547990,ndi
1786510232.035934,9.267530,-0.012860,-0.033790,-1.547960,ndi
1786510232.053439,9.285035,-0.012870,-0.033760,-1.547950,ndi
1786510232.068439,9.300035,-0.012890,-0.033760,-1.547910,ndi
1786510232.085943,9.317539,-0.012910,-0.033730,-1.547910,ndi
1786510232.103438,9.335033,-0.012930,-0.033660,-1.547840,ndi
1786510232.118458,9.350054,-0.012950,-0.033630,-1.547800,ndi
1786510232.135936,9.367531,-0.012960,-0.033640,-1.547780,ndi
1786510232.153394,9.384990,-0.012980,-0.033590,-1.547730,ndi
1786510232.168348,9.399944,-0.013010,-0.033540,-1.547700,ndi
1786510232.185928,9.417523,-0.013030,-0.033510,-1.547670,ndi
1786510232.203435,9.435030,-0.013050,-0.033510,-1.547620,ndi
1786510232.218465,9.450061,-0.013070,-0.033470,-1.547580,ndi
1786510232.235934,9.467530,-0.013080,-0.033410,-1.547560,ndi
1786510232.253435,9.485030,-0.013110,-0.033390,-1.547560,ndi
1786510232.268466,9.500062,-0.013120,-0.033400,-1.547510,ndi
1786510232.285950,9.517545,-0.013130,-0.033360,-1.547490,ndi
1786510232.303439,9.535035,-0.013160,-0.033290,-1.547490,ndi
1786510232.318458,9.550054,-0.013180,-0.033260,-1.547480,ndi
1786510232.335930,9.567526,-0.013200,-0.033270,-1.547440,ndi
1786510232.353399,9.584995,-0.013230,-0.033210,-1.547400,ndi
1786510232.368371,9.599967,-0.013220,-0.033160,-1.547410,ndi
1786510232.385916,9.617512,-0.013260,-0.033140,-1.547390,ndi
1786510232.403435,9.635031,-0.013290,-0.033150,-1.547370,ndi
1786510232.418451,9.650047,-0.013300,-0.033110,-1.547350,ndi
1786510232.435945,9.667541,-0.013320,-0.033030,-1.547290,ndi
1786510232.453439,9.685035,-0.013340,-0.033020,-1.547270,ndi
1786510232.468490,9.700086,-0.013360,-0.033020,-1.547240,ndi
1786510232.485909,9.717505,-0.013390,-0.032960,-1.547200,ndi
1786510232.503440,9.735035,-0.013410,-0.032910,-1.547200,ndi
1786510232.518468,9.750063,-0.013430,-0.032900,-1.547130,ndi
1786510232.535948,9.767544,-0.013440,-0.032890,-1.547130,ndi
1786510232.553394,9.784989,-0.013470,-0.032830,-1.547120,ndi
1786510232.568438,9.800034,-0.013470,-0.032790,-1.547090,ndi
1786510232.585953,9.817549,-0.013510,-0.032780,-1.547070,ndi
1786510232.603520,9.835116,-0.013530,-0.032770,-1.547020,ndi
1786510232.618434,9.850030,-0.013550,-0.032720,-1.546990,ndi
1786510232.635943,9.867539,-0.013590,-0.032660,-1.546950,ndi
1786510232.653464,9.885060,-0.013600,-0.032660,-1.546920,ndi
1786510232.668466,9.900062,-0.013630,-0.032640,-1.546910,ndi
1786510232.685951,9.917547,-0.013640,-0.032590,-1.546870,ndi
1786510232.703440,9.935036,-0.013660,-0.032530,-1.546800,ndi
1786510232.718484,9.950080,-0.013690,-0.032520,-1.546780,ndi
1786510232.735914,9.967510,-0.013700,-0.032520,-1.546760,ndi
1786510232.753367,9.984963,-0.013720,-0.032460,-1.546760,ndi
1786510232.768425,10.000021,-0.013730,-0.032420,-1.546710,ndi
1786510232.785968,10.017564,-0.013760,-0.032420,-1.546690,ndi
1786510232.803453,10.035049,-0.013780,-0.032410,-1.546650,ndi
1786510232.818465,10.050061,-0.013810,-0.032350,-1.546640,ndi
1786510232.835988,10.067583,-0.013810,-0.032300,-1.546590,ndi
1786510232.853448,10.085044,-0.013820,-0.032310,-1.546560,ndi
1786510232.868463,10.100059,-0.013860,-0.032300,-1.546520,ndi
1786510232.885955,10.117551,-0.013860,-0.032240,-1.546500,ndi
1786510232.903452,10.135048,-0.013890,-0.032190,-1.546480,ndi
1786510232.918481,10.150077,-0.013910,-0.032180,-1.546420,ndi
1786510232.935926,10.167521,-0.013920,-0.032160,-1.546390,ndi
1786510232.953374,10.184970,-0.013940,-0.032100,-1.546350,ndi
1786510232.968428,10.200023,-0.013960,-0.032070,-1.546340,ndi
1786510232.985937,10.217533,-0.013980,-0.032070,-1.546320,ndi
1786510233.003435,10.235030,-0.014000,-0.032050,-1.546270,ndi
1786510233.018474,10.250070,-0.014020,-0.031990,-1.546230,ndi
1786510233.035922,10.267517,-0.014050,-0.031940,-1.546240,ndi
1786510233.053559,10.285155,-0.014060,-0.031960,-1.546220,ndi
1786510233.068478,10.300073,-0.014070,-0.031930,-1.546190,ndi
1786510233.085944,10.317539,-0.014080,-0.031870,-1.546170,ndi
1786510233.103479,10.335074,-0.014130,-0.031850,-1.546140,ndi
1786510233.118489,10.350085,-0.014140,-0.031850,-1.546120,ndi
1786510233.135955,10.367551,-0.014150,-0.031820,-1.546060,ndi
1786510233.153413,10.385008,-0.014170,-0.031760,-1.546050,ndi
1786510233.168465,10.400061,-0.014190,-0.031730,-1.546010,ndi
1786510233.185955,10.417551,-0.014220,-0.031730,-1.546000,ndi
1786510233.203457,10.435053,-0.014250,-0.031690,-1.545990,ndi
1786510233.218472,10.450067,-0.014250,-0.031640,-1.545910,ndi
1786510233.235928,10.467524,-0.014290,-0.031610,-1.545910,ndi
1786510233.253644,10.485239,-0.014320,-0.031610,-1.545870,ndi
1786510233.268483,10.500079,-0.014320,-0.031570,-1.545830,ndi
1786510233.285963,10.517559,-0.014360,-0.031510,-1.545820,ndi
1786510233.303449,10.535045,-0.014370,-0.031500,-1.545800,ndi
1786510233.318469,10.550065,-0.014390,-0.031490,-1.545770,ndi
1786510233.335870,10.567466,-0.014420,-0.031450,-1.545740,ndi
1786510233.353439,10.585035,-0.014430,-0.031390,-1.545670,ndi
1786510233.368478,10.600074,-0.014450,-0.031380,-1.545660,ndi
1786510233.385949,10.617545,-0.014480,-0.031370,-1.545630,ndi
1786510233.403443,10.635039,-0.014500,-0.031310,-1.545600,ndi
1786510233.418469,10.650065,-0.014520,-0.031270,-1.545550,ndi
1786510233.435932,10.667528,-0.014550,-0.031260,-1.545530,ndi
1786510233.453449,10.685045,-0.014560,-0.031250,-1.545520,ndi
1786510233.468512,10.700108,-0.014560,-0.031200,-1.545520,ndi
1786510233.485943,10.717538,-0.014590,-0.031160,-1.545470,ndi
1786510233.503456,10.735052,-0.014630,-0.031150,-1.545460,ndi
1786510233.518450,10.750045,-0.014630,-0.031140,-1.545440,ndi
1786510233.535867,10.767463,-0.014640,-0.031090,-1.545420,ndi
1786510233.553497,10.785093,-0.014670,-0.031040,-1.545390,ndi
1786510233.568474,10.800070,-0.014690,-0.031050,-1.545360,ndi
1786510233.585964,10.817560,-0.014720,-0.031030,-1.545330,ndi
1786510233.603457,10.835053,-0.014730,-0.030970,-1.545350,ndi
1786510233.618468,10.850063,-0.014750,-0.030930,-1.545300,ndi
1786510233.635980,10.867576,-0.014770,-0.030930,-1.545290,ndi
1786510233.653466,10.885062,-0.014790,-0.030890,-1.545270,ndi
1786510233.668495,10.900091,-0.014810,-0.030850,-1.545200,ndi
1786510233.685974,10.917570,-0.014830,-0.030820,-1.545190,ndi
1786510233.703458,10.935054,-0.014850,-0.030810,-1.545170,ndi
1786510233.718448,10.950044,-0.014860,-0.030780,-1.545150,ndi
1786510233.735889,10.967485,-0.014880,-0.030720,-1.545110,ndi
1786510233.753449,10.985045,-0.014910,-0.030700,-1.545070,ndi
1786510233.768456,11.000051,-0.014920,-0.030690,-1.545030,ndi
1786510233.785956,11.017552,-0.014950,-0.030660,-1.544980,ndi
1786510233.803433,11.035028,-0.014970,-0.030610,-1.544970,ndi
1786510233.818433,11.050028,-0.014980,-0.030590,-1.544940,ndi
1786510233.835951,11.067547,-0.015010,-0.030580,-1.544900,ndi
1786510233.853453,11.085049,-0.015030,-0.030530,-1.544860,ndi
1786510233.868468,11.100064,-0.015050,-0.030490,-1.544820,ndi
1786510233.885980,11.117575,-0.015080,-0.030480,-1.544790,ndi
1786510233.903431,11.135027,-0.015100,-0.030470,-1.544760,ndi
1786510233.918398,11.149994,-0.015100,-0.030420,-1.544750,ndi
1786510233.935931,11.167527,-0.015120,-0.030370,-1.544690,ndi
1786510233.953467,11.185062,-0.015160,-0.030360,-1.544690,ndi
1786510233.968473,11.200069,-0.015170,-0.030350,-1.544630,ndi
1786510233.985972,11.217567,-0.015200,-0.030300,-1.544620,ndi
1786510234.003454,11.235049,-0.015210,-0.030260,-1.544600,ndi
1786510234.018452,11.250048,-0.015240,-0.030250,-1.544600,ndi
1786510234.035981,11.267577,-0.015260,-0.030240,-1.544550,ndi
1786510234.053461,11.285056,-0.015280,-0.030190,-1.544500,ndi
1786510234.068517,11.300113,-0.015300,-0.030150,-1.544470,ndi
1786510234.085980,11.317576,-0.015320,-0.030150,-1.544490,ndi
1786510234.103437,11.335033,-0.015330,-0.030120,-1.544450,ndi
1786510234.118384,11.349980,-0.015350,-0.030070,-1.544440,ndi
1786510234.135959,11.367554,-0.015380,-0.030040,-1.544390,ndi
1786510234.153476,11.385072,-0.015390,-0.030030,-1.544390,ndi
1786510234.168473,11.400069,-0.015420,-0.030000,-1.544350,ndi
1786510234.185969,11.417565,-0.015450,-0.029930,-1.544310,ndi
1786510234.203440,11.435036,-0.015470,-0.029900,-1.544260,ndi
1786510234.218467,11.450063,-0.015500,-0.029910,-1.544250,ndi
1786510234.235972,11.467567,-0.015510,-0.029860,-1.544220,ndi
1786510234.253452,11.485048,-0.015530,-0.029810,-1.544190,ndi
1786510234.268499,11.500094,-0.015560,-0.029800,-1.544200,ndi
1786510234.285969,11.517565,-0.015580,-0.029780,-1.544170,ndi
1786510234.303437,11.535033,-0.015600,-0.029740,-1.544130,ndi
1786510234.318404,11.550000,-0.015610,-0.029700,-1.544100,ndi
1786510234.335965,11.567561,-0.015640,-0.029690,-1.544080,ndi
1786510234.353475,11.585071,-0.015670,-0.029660,-1.544020,ndi
1786510234.368484,11.600080,-0.015700,-0.029620,-1.544010,ndi
1786510234.385969,11.617565,-0.015710,-0.029580,-1.543950,ndi
1786510234.403445,11.635041,-0.015730,-0.029570,-1.543960,ndi
1786510234.418481,11.650076,-0.015750,-0.029550,-1.543950,ndi
1786510234.435991,11.667587,-0.015760,-0.029500,-1.543900,ndi
1786510234.453463,11.685058,-0.015790,-0.029460,-1.543880,ndi
1786510234.468543,11.700138,-0.015800,-0.029450,-1.543830,ndi
1786510234.485976,11.717572,-0.015820,-0.029440,-1.543850,ndi
1786510234.503422,11.735018,-0.015840,-0.029390,-1.543820,ndi
1786510234.518461,11.750056,-0.015870,-0.029360,-1.543760,ndi
1786510234.535956,11.767552,-0.015890,-0.029350,-1.543750,ndi
1786510234.551116,11.782712,-0.015920,-0.029320,-1.543710,ndi
1786510234.568805,11.800401,-0.015950,-0.029280,-1.543690,ndi
1786510234.585996,11.817592,-0.015960,-0.029240,-1.543660,ndi
1786510234.603474,11.835069,-0.016000,-0.029220,-1.543610,ndi
1786510234.618492,11.850088,-0.016020,-0.029190,-1.543560,ndi
1786510234.635957,11.867553,-0.016030,-0.029150,-1.543530,ndi
1786510234.653479,11.885074,-0.016060,-0.029120,-1.543530,ndi
1786510234.668488,11.900084,-0.016070,-0.029110,-1.543500,ndi
1786510234.685972,11.917567,-0.016110,-0.029080,-1.543430,ndi
1786510234.703399,11.934995,-0.016120,-0.029050,-1.543420,ndi
1786510234.718446,11.950042,-0.016120,-0.029020,-1.543380,ndi
1786510234.735993,11.967589,-0.016150,-0.029010,-1.543390,ndi
1786510234.753454,11.985049,-0.016190,-0.028980,-1.543360,ndi
1786510234.768529,12.000125,-0.016200,-0.028950,-1.543340,ndi
1786510234.785979,12.017575,-0.016220,-0.028920,-1.543290,ndi
1786510234.803472,12.035068,-0.016250,-0.028890,-1.543280,ndi
1786510234.818476,12.050071,-0.016270,-0.028860,-1.543260,ndi
1786510234.835964,12.067560,-0.016290,-0.028820,-1.543240,ndi
1786510234.853462,12.085058,-0.016310,-0.028800,-1.543190,ndi
1786510234.868481,12.100076,-0.016320,-0.028790,-1.543170,ndi
1786510234.885954,12.117550,-0.016340,-0.028750,-1.543160,ndi
1786510234.903387,12.134983,-0.016370,-0.028730,-1.543130,ndi
1786510234.918487,12.150083,-0.016390,-0.028710,-1.543090,ndi
1786510234.936095,12.167691,-0.016400,-0.028670,-1.543090,ndi
1786510234.953494,12.185090,-0.016420,-0.028650,-1.543050,ndi
1786510234.968539,12.200135,-0.016440,-0.028630,-1.543020,ndi
1786510234.985958,12.217553,-0.016470,-0.028600,-1.542980,ndi
1786510235.003494,12.235089,-0.016490,-0.028570,-1.542970,ndi
1786510235.018499,12.250095,-0.016510,-0.028550,-1.542950,ndi
1786510235.035971,12.267567,-0.016530,-0.028510,-1.542910,ndi
1786510235.053496,12.285092,-0.016560,-0.028480,-1.542860,ndi
1786510235.068473,12.300069,-0.016590,-0.028460,-1.542850,ndi
1786510235.085954,12.317550,-0.016600,-0.028430,-1.542830,ndi
1786510235.103450,12.335046,-0.016600,-0.028400,-1.542780,ndi
1786510235.118505,12.350101,-0.016650,-0.028370,-1.542750,ndi
1786510235.135988,12.367584,-0.016670,-0.028340,-1.542730,ndi
1786510235.153487,12.385083,-0.016680,-0.028310,-1.542720,ndi
1786510235.168773,12.400369,-0.016710,-0.028280,-1.542630,ndi
1786510235.185987,12.417583,-0.016730,-0.028250,-1.542630,ndi
1786510235.203490,12.435086,-0.016740,-0.028220,-1.542630,ndi
1786510235.218493,12.450089,-0.016780,-0.028200,-1.542590,ndi
1786510235.235981,12.467576,-0.016800,-0.028170,-1.542550,ndi
1786510235.253480,12.485076,-0.016810,-0.028130,-1.542540,ndi
1786510235.268467,12.500063,-0.016850,-0.028110,-1.542510,ndi
1786510235.285868,12.517463,-0.016860,-0.028090,-1.542460,ndi
1786510235.303448,12.535044,-0.016870,-0.028050,-1.542420,ndi
1786510235.318492,12.550088,-0.016920,-0.028020,-1.542420,ndi
1786510235.335994,12.567590,-0.016920,-0.027990,-1.542400,ndi
1786510235.353487,12.585082,-0.016960,-0.027970,-1.542360,ndi
1786510235.368501,12.600097,-0.016990,-0.027940,-1.542340,ndi
1786510235.385993,12.617588,-0.017000,-0.027910,-1.542340,ndi
1786510235.403490,12.635086,-0.017020,-0.027880,-1.542290,ndi
1786510235.418515,12.650111,-0.017060,-0.027860,-1.542270,ndi
1786510235.435990,12.667586,-0.017050,-0.027820,-1.542220,ndi
1786510235.453494,12.685090,-0.017100,-0.027780,-1.542180,ndi
1786510235.468493,12.700089,-0.017120,-0.027760,-1.542190,ndi
1786510235.485917,12.717513,-0.017120,-0.027730,-1.542130,ndi
1786510235.503470,12.735065,-0.017160,-0.027700,-1.542120,ndi
1786510235.518512,12.750108,-0.017180,-0.027670,-1.542070,ndi
1786510235.536013,12.767609,-0.017200,-0.027640,-1.542040,ndi
1786510235.553546,12.785142,-0.017230,-0.027620,-1.542000,ndi
1786510235.568494,12.800089,-0.017240,-0.027580,-1.541970,ndi
1786510235.585998,12.817593,-0.017250,-0.027560,-1.541950,ndi
1786510235.603501,12.835097,-0.017290,-0.027530,-1.541920,ndi
1786510235.618516,12.850112,-0.017300,-0.027510,-1.541880,ndi
1786510235.636003,12.867599,-0.017310,-0.027480,-1.541860,ndi
1786510235.653490,12.885086,-0.017340,-0.027460,-1.541840,ndi
1786510235.668504,12.900100,-0.017340,-0.027440,-1.541830,ndi
1786510235.685921,12.917516,-0.017390,-0.027410,-1.541780,ndi
1786510235.703468,12.935064,-0.017410,-0.027380,-1.541770,ndi
1786510235.718512,12.950108,-0.017420,-0.027360,-1.541710,ndi
1786510235.736017,12.967613,-0.017440,-0.027350,-1.541710,ndi
1786510235.753499,12.985095,-0.017460,-0.027310,-1.541660,ndi
1786510235.768487,13.000083,-0.017480,-0.027280,-1.541660,ndi
1786510235.786013,13.017609,-0.017510,-0.027260,-1.541630,ndi
1786510235.803509,13.035105,-0.017530,-0.027230,-1.541600,ndi
1786510235.818512,13.050108,-0.017530,-0.027200,-1.541540,ndi
1786510235.836000,13.067595,-0.017570,-0.027170,-1.541530,ndi
1786510235.853438,13.085034,-0.017600,-0.027150,-1.541470,ndi
1786510235.868425,13.100021,-0.017620,-0.027130,-1.541510,ndi
1786510235.885957,13.117553,-0.017620,-0.027080,-1.541440,ndi
1786510235.903494,13.135090,-0.017660,-0.027050,-1.541410,ndi
1786510235.918529,13.150125,-0.017690,-0.027030,-1.541380,ndi
1786510235.936004,13.167600,-0.017720,-0.027010,-1.541380,ndi
1786510235.953499,13.185095,-0.017730,-0.026970,-1.541320,ndi
1786510235.968473,13.200069,-0.017760,-0.026940,-1.541320,ndi
1786510235.986020,13.217615,-0.017780,-0.026940,-1.541310,ndi
1786510236.003501,13.235096,-0.017810,-0.026910,-1.541250,ndi
1786510236.018527,13.250122,-0.017830,-0.026870,-1.541210,ndi
1786510236.036014,13.267610,-0.017850,-0.026840,-1.541210,ndi
1786510236.053470,13.285065,-0.017870,-0.026840,-1.541190,ndi
1786510236.068424,13.300020,-0.017910,-0.026810,-1.541160,ndi
1786510236.085979,13.317575,-0.017920,-0.026750,-1.541130,ndi
1786510236.103534,13.335130,-0.017940,-0.026720,-1.541120,ndi
1786510236.118513,13.350109,-0.017980,-0.026730,-1.541050,ndi
1786510236.136006,13.367602,-0.017980,-0.026690,-1.541060,ndi
1786510236.153486,13.385082,-0.018010,-0.026640,-1.541040,ndi
1786510236.168511,13.400106,-0.018050,-0.026620,-1.541030,ndi
1786510236.186017,13.417612,-0.018060,-0.026610,-1.540980,ndi
1786510236.203500,13.435096,-0.018070,-0.026570,-1.540990,ndi
1786510236.218517,13.450112,-0.018110,-0.026530,-1.540950,ndi
1786510236.236003,13.467599,-0.018120,-0.026500,-1.540920,ndi
1786510236.253474,13.485070,-0.018150,-0.026500,-1.540900,ndi
1786510236.268475,13.500071,-0.018180,-0.026470,-1.540850,ndi
1786510236.285994,13.517590,-0.018200,-0.026410,-1.540860,ndi
1786510236.303498,13.535094,-0.018230,-0.026390,-1.540820,ndi
1786510236.318521,13.550117,-0.018250,-0.026390,-1.540790,ndi
1786510236.335988,13.567584,-0.018270,-0.026350,-1.540740,ndi
1786510236.353476,13.585072,-0.018300,-0.026300,-1.540710,ndi
1786510236.368498,13.600093,-0.018320,-0.026300,-1.540670,ndi
1786510236.386020,13.617616,-0.018340,-0.026280,-1.540670,ndi
1786510236.403501,13.635096,-0.018370,-0.026230,-1.540630,ndi
1786510236.418514,13.650110,-0.018380,-0.026200,-1.540610,ndi
1786510236.435987,13.667583,-0.018410,-0.026190,-1.540530,ndi
1786510236.453451,13.685046,-0.018450,-0.026170,-1.540550,ndi
1786510236.468518,13.700114,-0.018470,-0.026130,-1.540530,ndi
1786510236.485994,13.717590,-0.018500,-0.026090,-1.540460,ndi
1786510236.503517,13.735113,-0.018520,-0.026090,-1.540450,ndi
1786510236.518518,13.750113,-0.018550,-0.026060,-1.540440,ndi
1786510236.536025,13.767620,-0.018570,-0.026020,-1.540420,ndi
1786510236.553562,13.785157,-0.018620,-0.025990,-1.540380,ndi
1786510236.568536,13.800132,-0.018620,-0.025980,-1.540320,ndi
1786510236.585999,13.817594,-0.018640,-0.025950,-1.540290,ndi
1786510236.603515,13.835111,-0.018670,-0.025910,-1.540290,ndi
1786510236.618517,13.850113,-0.018670,-0.025890,-1.540250,ndi
1786510236.635958,13.867553,-0.018720,-0.025880,-1.540210,ndi
1786510236.653415,13.885011,-0.018740,-0.025860,-1.540220,ndi
1786510236.668490,13.900085,-0.018740,-0.025820,-1.540150,ndi
1786510236.686020,13.917616,-0.018790,-0.025800,-1.540130,ndi
1786510236.703514,13.935110,-0.018810,-0.025790,-1.540110,ndi
1786510236.718513,13.950109,-0.018830,-0.025770,-1.540080,ndi
1786510236.736028,13.967623,-0.018850,-0.025720,-1.540050,ndi
1786510236.753515,13.985111,-0.018870,-0.025700,-1.540030,ndi
1786510236.768505,14.000101,-0.018890,-0.025690,-1.540000,ndi
1786510236.786036,14.017632,-0.018920,-0.025670,-1.539980,ndi
1786510236.803523,14.035118,-0.018930,-0.025630,-1.539960,ndi
1786510236.818546,14.050142,-0.018950,-0.025610,-1.539950,ndi
1786510236.835987,14.067582,-0.018990,-0.025600,-1.539900,ndi
1786510236.853432,14.085028,-0.019010,-0.025560,-1.539880,ndi
1786510236.868504,14.100100,-0.019040,-0.025520,-1.539870,ndi
1786510236.886015,14.117611,-0.019080,-0.025500,-1.539810,ndi
1786510236.903517,14.135113,-0.019100,-0.025480,-1.539790,ndi
1786510236.918543,14.150138,-0.019110,-0.025460,-1.539760,ndi
1786510236.936008,14.167603,-0.019140,-0.025420,-1.539740,ndi
1786510236.953501,14.185097,-0.019160,-0.025400,-1.539730,ndi
1786510236.968521,14.200117,-0.019180,-0.025390,-1.539690,ndi
1786510236.986047,14.217643,-0.019210,-0.025360,-1.539660,ndi
1786510237.003519,14.235115,-0.019240,-0.025320,-1.539630,ndi
1786510237.018533,14.250129,-0.019280,-0.025310,-1.539600,ndi
1786510237.035997,14.267593,-0.019300,-0.025280,-1.539590,ndi
1786510237.053499,14.285094,-0.019310,-0.025240,-1.539560,ndi
1786510237.068534,14.300129,-0.019350,-0.025220,-1.539530,ndi
1786510237.086020,14.317616,-0.019380,-0.025200,-1.539500,ndi
1786510237.103508,14.335104,-0.019410,-0.025170,-1.539480,ndi
1786510237.118546,14.350142,-0.019430,-0.025140,-1.539460,ndi
1786510237.136017,14.367613,-0.019440,-0.025120,-1.539430,ndi
1786510237.153524,14.385119,-0.019470,-0.025090,-1.539410,ndi
1786510237.168530,14.400126,-0.019500,-0.025070,-1.539380,ndi
1786510237.186124,14.417720,-0.019530,-0.025040,-1.539380,ndi
1786510237.203530,14.435126,-0.019550,-0.025010,-1.539370,ndi
1786510237.218503,14.450099,-0.019590,-0.024990,-1.539320,ndi
1786510237.235945,14.467541,-0.019590,-0.024960,-1.539280,ndi
1786510237.253481,14.485077,-0.019630,-0.024930,-1.539240,ndi
1786510237.268522,14.500117,-0.019670,-0.024910,-1.539210,ndi
1786510237.286024,14.517619,-0.019670,-0.024890,-1.539200,ndi
1786510237.303527,14.535123,-0.019720,-0.024860,-1.539170,ndi
1786510237.318561,14.550157,-0.019740,-0.024840,-1.539130,ndi
1786510237.336034,14.567629,-0.019780,-0.024800,-1.539070,ndi
1786510237.353527,14.585123,-0.019800,-0.024760,-1.539100,ndi
1786510237.368538,14.600134,-0.019820,-0.024750,-1.539020,ndi
1786510237.386116,14.617712,-0.019840,-0.024720,-1.538990,ndi
1786510237.403540,14.635136,-0.019880,-0.024690,-1.538990,ndi
1786510237.418511,14.650107,-0.019910,-0.024670,-1.538920,ndi
1786510237.435947,14.667543,-0.019920,-0.024650,-1.538910,ndi
1786510237.453506,14.685102,-0.019960,-0.024610,-1.538870,ndi
1786510237.468558,14.700154,-0.019980,-0.024580,-1.538840,ndi
1786510237.486028,14.717624,-0.020010,-0.024570,-1.538800,ndi
1786510237.503519,14.735115,-0.020030,-0.024550,-1.538780,ndi
1786510237.518515,14.750111,-0.020050,-0.024520,-1.538790,ndi
1786510237.536030,14.767626,-0.020080,-0.024490,-1.538760,ndi
1786510237.553588,14.785184,-0.020130,-0.024480,-1.538710,ndi
1786510237.568523,14.800119,-0.020130,-0.024460,-1.538680,ndi
1786510237.586035,14.817630,-0.020170,-0.024430,-1.538650,ndi
1786510237.601104,14.832700,-0.020190,-0.024400,-1.538610,ndi
1786510237.618510,14.850106,-0.020210,-0.024380,-1.538580,ndi
1786510237.635965,14.867561,-0.020240,-0.024360,-1.538540,ndi
1786510237.653531,14.885127,-0.020280,-0.024330,-1.538520,ndi
1786510237.668608,14.900203,-0.020300,-0.024300,-1.538460,ndi
1786510237.686019,14.917615,-0.020320,-0.024270,-1.538420,ndi
1786510237.703518,14.935114,-0.020350,-0.024260,-1.538420,ndi
1786510237.718515,14.950111,-0.020360,-0.024240,-1.538390,ndi
1786510237.736036,14.967631,-0.020410,-0.024210,-1.538380,ndi
1786510237.753523,14.985119,-0.020430,-0.024180,-1.538370,ndi
1786510237.768541,15.000137,-0.020450,-0.024170,-1.538330,ndi
1786510237.786025,15.017621,-0.020490,-0.024150,-1.538300,ndi
1786510237.803520,15.035115,-0.020520,-0.024110,-1.538290,ndi
1786510237.818525,15.050120,-0.020540,-0.024090,-1.538260,ndi
1786510237.836001,15.067597,-0.020560,-0.024090,-1.538250,ndi
1786510237.853569,15.085165,-0.020590,-0.024050,-1.538210,ndi
1786510237.868546,15.100142,-0.020620,-0.024010,-1.538200,ndi
1786510237.886044,15.117639,-0.020660,-0.024000,-1.538180,ndi
1786510237.903525,15.135121,-0.020680,-0.023990,-1.538160,ndi
1786510237.918570,15.150166,-0.020700,-0.023970,-1.538140,ndi
1786510237.936066,15.167662,-0.020740,-0.023930,-1.538110,ndi
1786510237.953544,15.185139,-0.020760,-0.023910,-1.538080,ndi
1786510237.968559,15.200154,-0.020800,-0.023900,-1.538040,ndi
1786510237.986007,15.217603,-0.020830,-0.023860,-1.538020,ndi
1786510238.003512,15.235107,-0.020850,-0.023820,-1.538000,ndi
1786510238.018460,15.250056,-0.020880,-0.023810,-1.538000,ndi
1786510238.036033,15.267628,-0.020920,-0.023800,-1.537940,ndi
1786510238.053521,15.285117,-0.020950,-0.023750,-1.537940,ndi
1786510238.068546,15.300142,-0.020980,-0.023720,-1.537880,ndi
1786510238.086049,15.317644,-0.021010,-0.023710,-1.537840,ndi
1786510238.103514,15.335110,-0.021030,-0.023690,-1.537830,ndi
1786510238.118577,15.350173,-0.021060,-0.023650,-1.537820,ndi
1786510238.136030,15.367626,-0.021090,-0.023620,-1.537800,ndi
1786510238.153542,15.385137,-0.021130,-0.023620,-1.537770,ndi
1786510238.168545,15.400141,-0.021150,-0.023600,-1.537750,ndi
1786510238.186047,15.417643,-0.021170,-0.023560,-1.537700,ndi
1786510238.201119,15.432715,-0.021200,-0.023530,-1.537700,ndi
1786510238.218480,15.450076,-0.021230,-0.023520,-1.537680,ndi
1786510238.236021,15.467617,-0.021270,-0.023510,-1.537650,ndi
1786510238.253523,15.485119,-0.021290,-0.023450,-1.537610,ndi
1786510238.268561,15.500156,-0.021320,-0.023430,-1.537570,ndi
1786510238.286041,15.517637,-0.021360,-0.023430,-1.537560,ndi
1786510238.303515,15.535110,-0.021380,-0.023410,-1.537530,ndi
1786510238.318562,15.550158,-0.021410,-0.023360,-1.537490,ndi
1786510238.336047,15.567643,-0.021450,-0.023330,-1.537460,ndi
1786510238.353552,15.585148,-0.021470,-0.023340,-1.537430,ndi
1786510238.368580,15.600176,-0.021510,-0.023310,-1.537420,ndi
1786510238.386040,15.617635,-0.021530,-0.023260,-1.537360,ndi
1786510238.403503,15.635099,-0.021550,-0.023240,-1.537350,ndi
1786510238.418548,15.650144,-0.021570,-0.023250,-1.537290,ndi
1786510238.436034,15.667629,-0.021610,-0.023230,-1.537280,ndi
1786510238.453550,15.685146,-0.021640,-0.023170,-1.537240,ndi
1786510238.468590,15.700186,-0.021660,-0.023160,-1.537230,ndi
1786510238.486060,15.717656,-0.021680,-0.023160,-1.537200,ndi
1786510238.503533,15.735129,-0.021740,-0.023120,-1.537150,ndi
1786510238.518569,15.750164,-0.021740,-0.023080,-1.537110,ndi
1786510238.536056,15.767651,-0.021780,-0.023080,-1.537100,ndi
1786510238.553603,15.785199,-0.021810,-0.023070,-1.537060,ndi
1786510238.568552,15.800148,-0.021820,-0.023040,-1.537030,ndi
1786510238.586017,15.817613,-0.021870,-0.023000,-1.537020,ndi
1786510238.603498,15.835094,-0.021890,-0.023000,-1.536980,ndi
1786510238.618552,15.850147,-0.021900,-0.022980,-1.536950,ndi
1786510238.636057,15.867652,-0.021930,-0.022950,-1.536920,ndi
1786510238.653561,15.885157,-0.021970,-0.022930,-1.536890,ndi
1786510238.668555,15.900151,-0.021980,-0.022910,-1.536900,ndi
1786510238.686045,15.917641,-0.022030,-0.022890,-1.536870,ndi
1786510238.703535,15.935131,-0.022060,-0.022860,-1.536830,ndi
1786510238.718563,15.950159,-0.022080,-0.022840,-1.536790,ndi
1786510238.736065,15.967661,-0.022100,-0.022820,-1.536740,ndi
1786510238.753557,15.985152,-0.022130,-0.022800,-1.536750,ndi
1786510238.768557,16.000153,-0.022150,-0.022780,-1.536740,ndi
1786510238.786030,16.017626,-0.022170,-0.022750,-1.536700,ndi
1786510238.803487,16.035083,-0.022210,-0.022730,-1.536660,ndi
1786510238.818572,16.050168,-0.022240,-0.022710,-1.536630,ndi
1786510238.836060,16.067655,-0.022250,-0.022680,-1.536590,ndi
1786510238.853544,16.085140,-0.022300,-0.022650,-1.536600,ndi
1786510238.868546,16.100142,-0.022340,-0.022640,-1.536540,ndi
1786510238.886038,16.117634,-0.022350,-0.022610,-1.536520,ndi
1786510238.903567,16.135162,-0.022360,-0.022590,-1.536510,ndi
1786510238.918584,16.150180,-0.022390,-0.022580,-1.536520,ndi
1786510238.936057,16.167652,-0.022390,-0.022570,-1.536510,ndi
1786510238.953543,16.185139,-0.022390,-0.022560,-1.536540,ndi
1786510238.968551,16.200147,-0.022420,-0.022560,-1.536510,ndi
1786510238.986032,16.217627,-0.022420,-0.022540,-1.536510,ndi
1786510239.003550,16.235146,-0.022410,-0.022540,-1.536510,ndi
1786510239.018543,16.250139,-0.022440,-0.022540,-1.536460,ndi
1786510239.036056,16.267651,-0.022430,-0.022540,-1.536500,ndi
1786510239.053568,16.285164,-0.022440,-0.022540,-1.536500,ndi
1786510239.068577,16.300173,-0.022440,-0.022540,-1.536500,ndi
1786510239.086046,16.317642,-0.022440,-0.022540,-1.536480,ndi
1786510239.103557,16.335153,-0.022440,-0.022540,-1.536500,ndi
1786510239.118583,16.350178,-0.022450,-0.022540,-1.536480,ndi
1786510239.136056,16.367652,-0.022440,-0.022540,-1.536500,ndi
1786510239.153573,16.385169,-0.022440,-0.022540,-1.536490,ndi
1786510239.168555,16.400150,-0.022470,-0.022550,-1.536480,ndi
1786510239.185995,16.417591,-0.022450,-0.022540,-1.536500,ndi
1786510239.203550,16.435145,-0.022440,-0.022540,-1.536480,ndi
1786510239.218577,16.450173,-0.022460,-0.022540,-1.536480,ndi
1786510239.236063,16.467659,-0.022460,-0.022550,-1.536490,ndi
1786510239.253560,16.485156,-0.022470,-0.022540,-1.536480,ndi
1786510239.268558,16.500154,-0.022460,-0.022540,-1.536480,ndi
1786510239.286049,16.517644,-0.022470,-0.022540,-1.536480,ndi
1786510239.303560,16.535155,-0.022470,-0.022550,-1.536460,ndi
1786510239.318566,16.550162,-0.022460,-0.022550,-1.536490,ndi
1786510239.336059,16.567655,-0.022470,-0.022540,-1.536520,ndi
1786510239.353558,16.585154,-0.022460,-0.022550,-1.536480,ndi
1786510239.368545,16.600140,-0.022470,-0.022550,-1.536490,ndi
1786510239.385993,16.617588,-0.022470,-0.022540,-1.536470,ndi
1786510239.403599,16.635194,-0.022470,-0.022550,-1.536480,ndi
1786510239.418587,16.650183,-0.022470,-0.022550,-1.536490,ndi
1786510239.436075,16.667671,-0.022470,-0.022550,-1.536480,ndi
1786510239.453565,16.685161,-0.022480,-0.022550,-1.536470,ndi
1786510239.468582,16.700177,-0.022470,-0.022550,-1.536500,ndi
1786510239.486075,16.717670,-0.022470,-0.022550,-1.536490,ndi
1786510239.503556,16.735152,-0.022480,-0.022550,-1.536470,ndi
1786510239.518564,16.750160,-0.022470,-0.022550,-1.536490,ndi
1786510239.536074,16.767669,-0.022480,-0.022550,-1.536480,ndi
1786510239.551123,16.782719,-0.022480,-0.022550,-1.536470,ndi
1786510239.568545,16.800141,-0.022490,-0.022550,-1.536500,ndi
1786510239.585993,16.817589,-0.022480,-0.022550,-1.536480,ndi
1786510239.603659,16.835255,-0.022480,-0.022550,-1.536500,ndi
1786510239.618598,16.850194,-0.022490,-0.022550,-1.536470,ndi
1786510239.636042,16.867638,-0.022490,-0.022550,-1.536490,ndi
1786510239.653573,16.885168,-0.022490,-0.022550,-1.536500,ndi
1786510239.668545,16.900141,-0.022490,-0.022550,-1.536500,ndi
1786510239.686069,16.917664,-0.022490,-0.022550,-1.536490,ndi
1786510239.703861,16.935456,-0.022490,-0.022550,-1.536490,ndi
1786510239.718627,16.950223,-0.022490,-0.022550,-1.536460,ndi
1786510239.736065,16.967660,-0.022490,-0.022560,-1.536490,ndi
1786510239.753542,16.985138,-0.022490,-0.022540,-1.536500,ndi
1786510239.768498,17.000093,-0.022490,-0.022550,-1.536480,ndi
1786510239.786035,17.017630,-0.022480,-0.022550,-1.536490,ndi
1786510239.803555,17.035151,-0.022490,-0.022560,-1.536470,ndi
1786510239.818588,17.050184,-0.022500,-0.022550,-1.536460,ndi
1786510239.836082,17.067678,-0.022490,-0.022550,-1.536480,ndi
1786510239.853568,17.085164,-0.022500,-0.022560,-1.536490,ndi
1786510239.868565,17.100161,-0.022510,-0.022560,-1.536490,ndi
1786510239.886070,17.117666,-0.022500,-0.022540,-1.536500,ndi
1786510239.903574,17.135170,-0.022500,-0.022550,-1.536500,ndi
1786510239.918619,17.150215,-0.022500,-0.022560,-1.536490,ndi
1786510239.936080,17.167676,-0.022500,-0.022560,-1.536480,ndi
1786510239.953569,17.185164,-0.022500,-0.022540,-1.536490,ndi
1786510239.968535,17.200131,-0.022510,-0.022550,-1.536520,ndi
1786510239.986058,17.217654,-0.022500,-0.022560,-1.536460,ndi
1786510240.003564,17.235160,-0.022500,-0.022560,-1.536470,ndi
1786510240.018590,17.250186,-0.022500,-0.022540,-1.536500,ndi
1786510240.036093,17.267689,-0.022510,-0.022550,-1.536500,ndi
1786510240.053555,17.285151,-0.022510,-0.022570,-1.536460,ndi
1786510240.068576,17.300172,-0.022500,-0.022560,-1.536480,ndi
1786510240.086061,17.317657,-0.022500,-0.022540,-1.536480,ndi
1786510240.103577,17.335173,-0.022500,-0.022560,-1.536490,ndi
1786510240.118604,17.350200,-0.022510,-0.022570,-1.536460,ndi
1786510240.136071,17.367667,-0.022510,-0.022560,-1.536490,ndi
1786510240.151102,17.382698,-0.022510,-0.022540,-1.536480,ndi
1786510240.168520,17.400116,-0.022510,-0.022550,-1.536500,ndi
1786510240.186056,17.417652,-0.022500,-0.022570,-1.536480,ndi
1786510240.203564,17.435160,-0.022510,-0.022550,-1.536470,ndi
1786510240.218636,17.450232,-0.022510,-0.022540,-1.536490,ndi
1786510240.236134,17.467730,-0.022510,-0.022560,-1.536450,ndi
1786510240.251127,17.482723,-0.022510,-0.022570,-1.536480,ndi
1786510240.268577,17.500173,-0.022510,-0.022560,-1.536490,ndi
1786510240.286071,17.517667,-0.022510,-0.022550,-1.536470,ndi
1786510240.303589,17.535185,-0.022510,-0.022560,-1.536460,ndi
1786510240.318637,17.550233,-0.022510,-0.022570,-1.536460,ndi
1786510240.336091,17.567687,-0.022510,-0.022560,-1.536470,ndi
1786510240.351124,17.582720,-0.022510,-0.022550,-1.536470,ndi
1786510240.368567,17.600163,-0.022500,-0.022560,-1.536480,ndi
1786510240.386055,17.617650,-0.022510,-0.022570,-1.536450,ndi
1786510240.403565,17.635161,-0.022510,-0.022560,-1.536460,ndi
1786510240.418585,17.650181,-0.022510,-0.022550,-1.536450,ndi
1786510240.436080,17.667676,-0.022510,-0.022570,-1.536470,ndi
1786510240.453548,17.685144,-0.022520,-0.022570,-1.536460,ndi
1786510240.468603,17.700199,-0.022520,-0.022560,-1.536460,ndi
1786510240.486083,17.717679,-0.022520,-0.022560,-1.536480,ndi
1786510240.503612,17.735208,-0.022510,-0.022570,-1.536470,ndi
1786510240.518603,17.750199,-0.022510,-0.022570,-1.536460,ndi
1786510240.536060,17.767656,-0.022520,-0.022560,-1.536450,ndi
1786510240.553537,17.785133,-0.022530,-0.022560,-1.536460,ndi
1786510240.568572,17.800167,-0.022500,-0.022570,-1.536450,ndi
1786510240.586063,17.817659,-0.022520,-0.022570,-1.536450,ndi
1786510240.603589,17.835185,-0.022520,-0.022560,-1.536480,ndi
1786510240.618603,17.850199,-0.022520,-0.022560,-1.536470,ndi
1786510240.636088,17.867684,-0.022520,-0.022570,-1.536460,ndi
1786510240.653584,17.885180,-0.022520,-0.022570,-1.536480,ndi
1786510240.668605,17.900200,-0.022520,-0.022560,-1.536490,ndi
1786510240.686087,17.917682,-0.022520,-0.022560,-1.536450,ndi
1786510240.703584,17.935179,-0.022520,-0.022570,-1.536460,ndi
1786510240.718644,17.950239,-0.022510,-0.022570,-1.536460,ndi
1786510240.736054,17.967650,-0.022520,-0.022560,-1.536470,ndi
1786510240.753510,17.985106,-0.022520,-0.022570,-1.536470,ndi
1786510240.768603,18.000199,-0.022530,-0.022570,-1.536460,ndi
1786510240.786089,18.017685,-0.022520,-0.022560,-1.536450,ndi
1786510240.803596,18.035191,-0.022520,-0.022570,-1.536460,ndi
1786510240.818590,18.050186,-0.022520,-0.022570,-1.536470,ndi
1786510240.836077,18.067673,-0.022530,-0.022570,-1.536470,ndi
1786510240.853594,18.085190,-0.022520,-0.022560,-1.536450,ndi
1786510240.868601,18.100197,-0.022520,-0.022570,-1.536460,ndi
1786510240.886079,18.117675,-0.022520,-0.022570,-1.536460,ndi
1786510240.903588,18.135184,-0.022530,-0.022570,-1.536480,ndi
1786510240.918623,18.150218,-0.022520,-0.022570,-1.536480,ndi
1786510240.936037,18.167633,-0.022530,-0.022580,-1.536480,ndi
1786510240.953555,18.185150,-0.022530,-0.022570,-1.536460,ndi
1786510240.968594,18.200190,-0.022520,-0.022570,-1.536480,ndi
1786510240.986083,18.217678,-0.022520,-0.022570,-1.536460,ndi
1786510241.003589,18.235184,-0.022530,-0.022570,-1.536470,ndi
1786510241.018609,18.250205,-0.022520,-0.022570,-1.536460,ndi
1786510241.036090,18.267685,-0.022530,-0.022570,-1.536470,ndi
1786510241.053590,18.285185,-0.022530,-0.022570,-1.536470,ndi
1786510241.068607,18.300202,-0.022530,-0.022560,-1.536450,ndi
1786510241.086088,18.317684,-0.022530,-0.022570,-1.536470,ndi
1786510241.103649,18.335245,-0.022530,-0.022570,-1.536460,ndi
1786510241.118595,18.350191,-0.022530,-0.022570,-1.536480,ndi
1786510241.136018,18.367614,-0.022530,-0.022570,-1.536470,ndi
1786510241.153560,18.385156,-0.022530,-0.022570,-1.536480,ndi
1786510241.168590,18.400186,-0.022520,-0.022570,-1.536480,ndi
1786510241.186081,18.417677,-0.022540,-0.022570,-1.536450,ndi
1786510241.203602,18.435198,-0.022540,-0.022570,-1.536470,ndi
1786510241.218603,18.450199,-0.022520,-0.022570,-1.536460,ndi
1786510241.236089,18.467684,-0.022540,-0.022570,-1.536480,ndi
1786510241.253592,18.485187,-0.022530,-0.022570,-1.536450,ndi
1786510241.268588,18.500184,-0.022530,-0.022570,-1.536450,ndi
1786510241.286110,18.517706,-0.022530,-0.022570,-1.536470,ndi
1786510241.303598,18.535194,-0.022530,-0.022580,-1.536480,ndi
1786510241.318683,18.550278,-0.022540,-0.022570,-1.536470,ndi
1786510241.336041,18.567637,-0.022530,-0.022570,-1.536460,ndi
1786510241.353579,18.585175,-0.022540,-0.022570,-1.536470,ndi
1786510241.368601,18.600197,-0.022540,-0.022570,-1.536460,ndi
1786510241.386069,18.617665,-0.022540,-0.022570,-1.536450,ndi
1786510241.403594,18.635190,-0.022540,-0.022570,-1.536470,ndi
1786510241.418578,18.650174,-0.022530,-0.022570,-1.536480,ndi
1786510241.436064,18.667660,-0.022540,-0.022570,-1.536470,ndi
1786510241.453593,18.685189,-0.022540,-0.022570,-1.536490,ndi
1786510241.468620,18.700216,-0.022540,-0.022570,-1.536470,ndi
1786510241.486094,18.717689,-0.022550,-0.022580,-1.536470,ndi
1786510241.503589,18.735185,-0.022540,-0.022580,-1.536470,ndi
1786510241.518645,18.750240,-0.022540,-0.022570,-1.536500,ndi
1786510241.536053,18.767649,-0.022540,-0.022570,-1.536490,ndi
1786510241.553671,18.785266,-0.022550,-0.022590,-1.536470,ndi
1786510241.568636,18.800232,-0.022540,-0.022580,-1.536480,ndi
1786510241.586106,18.817702,-0.022550,-0.022560,-1.536470,ndi
1786510241.603606,18.835202,-0.022550,-0.022570,-1.536470,ndi
1786510241.618577,18.850173,-0.022540,-0.022590,-1.536480,ndi
1786510241.636103,18.867698,-0.022540,-0.022580,-1.536470,ndi
1786510241.653597,18.885193,-0.022550,-0.022570,-1.536500,ndi
1786510241.668615,18.900211,-0.022540,-0.022580,-1.536490,ndi
1786510241.686103,18.917699,-0.022550,-0.022590,-1.536490,ndi
1786510241.703573,18.935169,-0.022550,-0.022570,-1.536470,ndi
1786510241.718518,18.950113,-0.022540,-0.022560,-1.536500,ndi
1786510241.736104,18.967700,-0.022530,-0.022580,-1.536500,ndi
1786510241.753596,18.985192,-0.022550,-0.022600,-1.536470,ndi
1786510241.768627,19.000223,-0.022540,-0.022580,-1.536480,ndi
1786510241.786095,19.017691,-0.022550,-0.022560,-1.536500,ndi
1786510241.803592,19.035188,-0.022560,-0.022580,-1.536480,ndi
1786510241.818653,19.050249,-0.022550,-0.022600,-1.536480,ndi
1786510241.836111,19.067706,-0.022550,-0.022570,-1.536480,ndi
1786510241.853602,19.085197,-0.022550,-0.022560,-1.536480,ndi
1786510241.868621,19.100216,-0.022550,-0.022590,-1.536490,ndi
1786510241.886102,19.117697,-0.022550,-0.022590,-1.536470,ndi
1786510241.903561,19.135157,-0.022550,-0.022560,-1.536490,ndi
1786510241.918554,19.150150,-0.022550,-0.022560,-1.536510,ndi
1786510241.936127,19.167723,-0.022560,-0.022590,-1.536490,ndi
1786510241.953622,19.185218,-0.022550,-0.022580,-1.536500,ndi
1786510241.968704,19.200300,-0.022550,-0.022570,-1.536480,ndi
1786510241.986119,19.217715,-0.022560,-0.022570,-1.536490,ndi
1786510242.001171,19.232767,-0.022550,-0.022590,-1.536490,ndi
1786510242.018622,19.250218,-0.022550,-0.022580,-1.536480,ndi
1786510242.036100,19.267695,-0.022550,-0.022560,-1.536490,ndi
1786510242.053614,19.285209,-0.022550,-0.022570,-1.536480,ndi
1786510242.068616,19.300211,-0.022550,-0.022600,-1.536480,ndi
1786510242.086141,19.317737,-0.022560,-0.022590,-1.536490,ndi
1786510242.103592,19.335188,-0.022550,-0.022560,-1.536480,ndi
1786510242.118557,19.350153,-0.022550,-0.022570,-1.536510,ndi
1786510242.136117,19.367713,-0.022560,-0.022600,-1.536480,ndi
1786510242.153600,19.385195,-0.022560,-0.022580,-1.536470,ndi
1786510242.168629,19.400225,-0.022560,-0.022560,-1.536500,ndi
1786510242.186121,19.417716,-0.022560,-0.022580,-1.536490,ndi
1786510242.203573,19.435168,-0.022560,-0.022600,-1.536490,ndi
1786510242.218615,19.450211,-0.022560,-0.022580,-1.536510,ndi
1786510242.236113,19.467709,-0.022560,-0.022560,-1.536500,ndi
1786510242.253623,19.485219,-0.022560,-0.022590,-1.536480,ndi
1786510242.268625,19.500221,-0.022560,-0.022600,-1.536480,ndi
1786510242.286108,19.517704,-0.022560,-0.022570,-1.536500,ndi
1786510242.303525,19.535121,-0.022560,-0.022570,-1.536530,ndi
1786510242.318603,19.550198,-0.022550,-0.022590,-1.536470,ndi
1786510242.336132,19.567728,-0.022560,-0.022590,-1.536490,ndi
1786510242.353628,19.585224,-0.022560,-0.022570,-1.536510,ndi
1786510242.368629,19.600225,-0.022560,-0.022570,-1.536500,ndi
1786510242.386127,19.617723,-0.022560,-0.022600,-1.536470,ndi
1786510242.401177,19.632772,-0.022560,-0.022590,-1.536500,ndi
1786510242.418634,19.650230,-0.022570,-0.022560,-1.536480,ndi
1786510242.436130,19.667726,-0.022570,-0.022570,-1.536500,ndi
1786510242.453611,19.685207,-0.022560,-0.022600,-1.536510,ndi
1786510242.468656,19.700252,-0.022570,-0.022580,-1.536490,ndi
1786510242.486089,19.717685,-0.022570,-0.022560,-1.536510,ndi
1786510242.501106,19.732701,-0.022570,-0.022580,-1.536500,ndi
1786510242.518583,19.750178,-0.022560,-0.022600,-1.536510,ndi
1786510242.536147,19.767743,-0.022560,-0.022580,-1.536500,ndi
1786510242.551326,19.782922,-0.022570,-0.022560,-1.536510,ndi
1786510242.568656,19.800251,-0.022570,-0.022590,-1.536490,ndi
1786510242.586107,19.817703,-0.022570,-0.022590,-1.536500,ndi
1786510242.603648,19.835243,-0.022570,-0.022580,-1.536500,ndi
1786510242.618641,19.850237,-0.022580,-0.022570,-1.536520,ndi
1786510242.636121,19.867717,-0.022570,-0.022590,-1.536490,ndi
1786510242.653625,19.885221,-0.022560,-0.022590,-1.536500,ndi
1786510242.668618,19.900213,-0.022570,-0.022570,-1.536500,ndi
1786510242.686118,19.917714,-0.022570,-0.022580,-1.536500,ndi
1786510242.703537,19.935133,-0.022570,-0.022600,-1.536510,ndi
1786510242.718606,19.950202,-0.022570,-0.022590,-1.536500,ndi
1786510242.736142,19.967738,-0.022570,-0.022560,-1.536500,ndi
1786510242.753629,19.985225,-0.022570,-0.022580,-1.536530,ndi
1786510242.768621,20.000217,-0.022570,-0.022600,-1.536500,ndi
1786510242.786112,20.017707,-0.022570,-0.022590,-1.536490,ndi
1786510242.803618,20.035213,-0.022570,-0.022570,-1.536500,ndi
1786510242.818619,20.050215,-0.022570,-0.022580,-1.536500,ndi
1786510242.836139,20.067735,-0.022570,-0.022590,-1.536510,ndi
1786510242.853643,20.085239,-0.022570,-0.022580,-1.536490,ndi
1786510242.868644,20.100239,-0.022570,-0.022570,-1.536510,ndi
1786510242.886109,20.117705,-0.022570,-0.022590,-1.536500,ndi
1786510242.903575,20.135171,-0.022560,-0.022600,-1.536490,ndi
1786510242.918637,20.150233,-0.022570,-0.022580,-1.536500,ndi
1786510242.936131,20.167726,-0.022570,-0.022570,-1.536480,ndi
1786510242.953627,20.185223,-0.022580,-0.022590,-1.536490,ndi
1786510242.968635,20.200231,-0.022570,-0.022600,-1.536500,ndi
1786510242.986113,20.217709,-0.022580,-0.022580,-1.536490,ndi
1786510243.003617,20.235212,-0.022570,-0.022570,-1.536510,ndi
1786510243.018642,20.250237,-0.022580,-0.022600,-1.536510,ndi
1786510243.036116,20.267711,-0.022580,-0.022600,-1.536480,ndi
1786510243.053632,20.285228,-0.022580,-0.022570,-1.536500,ndi
1786510243.068602,20.300198,-0.022580,-0.022580,-1.536510,ndi
1786510243.086041,20.317637,-0.022570,-0.022610,-1.536490,ndi
1786510243.103598,20.335194,-0.022570,-0.022590,-1.536480,ndi
1786510243.118625,20.350220,-0.022580,-0.022570,-1.536490,ndi
1786510243.136177,20.367773,-0.022570,-0.022580,-1.536480,ndi
1786510243.153631,20.385227,-0.022570,-0.022610,-1.536460,ndi
1786510243.168624,20.400220,-0.022580,-0.022600,-1.536490,ndi
1786510243.186127,20.417722,-0.022590,-0.022570,-1.536490,ndi
1786510243.203609,20.435204,-0.022580,-0.022590,-1.536470,ndi
1786510243.218629,20.450225,-0.022580,-0.022610,-1.536490,ndi
1786510243.236113,20.467709,-0.022570,-0.022590,-1.536480,ndi
1786510243.251201,20.482796,-0.022580,-0.022570,-1.536490,ndi
1786510243.268564,20.500159,-0.022580,-0.022590,-1.536480,ndi
1786510243.286053,20.517649,-0.022570,-0.022610,-1.536460,ndi
1786510243.303623,20.535218,-0.022580,-0.022580,-1.536480,ndi
1786510243.318667,20.550263,-0.022580,-0.022570,-1.536500,ndi
1786510243.336174,20.567770,-0.022570,-0.022590,-1.536480,ndi
1786510243.353656,20.585252,-0.022580,-0.022610,-1.536450,ndi
1786510243.368624,20.600219,-0.022580,-0.022590,-1.536460,ndi
1786510243.386128,20.617724,-0.022580,-0.022570,-1.536490,ndi
1786510243.403673,20.635269,-0.022580,-0.022600,-1.536460,ndi
1786510243.418666,20.650261,-0.022580,-0.022610,-1.536470,ndi
1786510243.436111,20.667707,-0.022580,-0.022580,-1.536470,ndi
1786510243.451160,20.682756,-0.022580,-0.022570,-1.536460,ndi
1786510243.468611,20.700207,-0.022580,-0.022600,-1.536470,ndi
1786510243.486039,20.717635,-0.022570,-0.022610,-1.536500,ndi
1786510243.503621,20.735217,-0.022580,-0.022580,-1.536470,ndi
1786510243.518708,20.750303,-0.022580,-0.022580,-1.536460,ndi
1786510243.536199,20.767795,-0.022580,-0.022600,-1.536460,ndi
1786510243.553668,20.785264,-0.022580,-0.022600,-1.536470,ndi
1786510243.568627,20.800223,-0.022580,-0.022580,-1.536500,ndi
1786510243.586139,20.817734,-0.022580,-0.022580,-1.536490,ndi
1786510243.603614,20.835210,-0.022580,-0.022610,-1.536500,ndi
1786510243.618665,20.850261,-0.022580,-0.022600,-1.536490,ndi
1786510243.636134,20.867730,-0.022580,-0.022580,-1.536490,ndi
1786510243.651179,20.882775,-0.022580,-0.022580,-1.536470,ndi
1786510243.668570,20.900166,-0.022580,-0.022610,-1.536480,ndi
1786510243.686109,20.917704,-0.022570,-0.022600,-1.536490,ndi
1786510243.703604,20.935200,-0.022590,-0.022580,-1.536480,ndi
1786510243.718648,20.950244,-0.022580,-0.022590,-1.536490,ndi
1786510243.736220,20.967816,-0.022580,-0.022600,-1.536470,ndi
1786510243.753639,20.985234,-0.022590,-0.022590,-1.536500,ndi
1786510243.768619,21.000215,-0.022590,-0.022580,-1.536480,ndi
1786510243.786119,21.017715,-0.022580,-0.022590,-1.536470,ndi
1786510243.803637,21.035233,-0.022590,-0.022600,-1.536490,ndi
1786510243.818633,21.050229,-0.022590,-0.022590,-1.536490,ndi
1786510243.836136,21.067732,-0.022580,-0.022590,-1.536480,ndi
1786510243.853592,21.085188,-0.022590,-0.022600,-1.536480,ndi
1786510243.868569,21.100164,-0.022580,-0.022600,-1.536480,ndi
1786510243.886129,21.117725,-0.022590,-0.022590,-1.536460,ndi
1786510243.903630,21.135226,-0.022580,-0.022590,-1.536490,ndi
1786510243.918678,21.150274,-0.022590,-0.022600,-1.536480,ndi
1786510243.936260,21.167856,-0.022580,-0.022590,-1.536480,ndi
1786510243.953641,21.185236,-0.022580,-0.022590,-1.536490,ndi
1786510243.968647,21.200243,-0.022580,-0.022590,-1.536490,ndi
1786510243.986129,21.217725,-0.022580,-0.022590,-1.536480,ndi
1786510244.003634,21.235230,-0.022590,-0.022590,-1.536470,ndi
1786510244.018651,21.250247,-0.022590,-0.022590,-1.536470,ndi
1786510244.036135,21.267731,-0.022590,-0.022600,-1.536490,ndi
1786510244.053615,21.285210,-0.022590,-0.022600,-1.536480,ndi
1786510244.068586,21.300182,-0.022580,-0.022590,-1.536480,ndi
1786510244.086127,21.317723,-0.022590,-0.022590,-1.536510,ndi
1786510244.103705,21.335301,-0.022590,-0.022590,-1.536490,ndi
1786510244.118728,21.350323,-0.022590,-0.022590,-1.536490,ndi
1786510244.136125,21.367720,-0.022590,-0.022590,-1.536490,ndi
1786510244.151191,21.382786,-0.022590,-0.022600,-1.536470,ndi
1786510244.168662,21.400258,-0.022590,-0.022600,-1.536470,ndi
1786510244.186145,21.417741,-0.022590,-0.022580,-1.536490,ndi
1786510244.203650,21.435246,-0.022590,-0.022590,-1.536500,ndi
1786510244.218655,21.450250,-0.022590,-0.022600,-1.536490,ndi
1786510244.236113,21.467708,-0.022590,-0.022590,-1.536480,ndi
1786510244.253561,21.485157,-0.022590,-0.022590,-1.536500,ndi
1786510244.268634,21.500230,-0.022580,-0.022590,-1.536480,ndi
1786510244.286147,21.517743,-0.022590,-0.022600,-1.536480,ndi
1786510244.303644,21.535240,-0.022590,-0.022590,-1.536490,ndi
1786510244.318676,21.550271,-0.022590,-0.022580,-1.536470,ndi
1786510244.336151,21.567747,-0.022590,-0.022590,-1.536480,ndi
1786510244.353670,21.585266,-0.022590,-0.022600,-1.536470,ndi
1786510244.368659,21.600255,-0.022590,-0.022600,-1.536490,ndi
1786510244.386158,21.617753,-0.022590,-0.022580,-1.536480,ndi
1786510244.403651,21.635247,-0.022580,-0.022590,-1.536490,ndi
1786510244.418882,21.650478,-0.022600,-0.022610,-1.536480,ndi
1786510244.436125,21.667721,-0.022590,-0.022600,-1.536500,ndi
1786510244.453589,21.685185,-0.022590,-0.022580,-1.536490,ndi
1786510244.468681,21.700277,-0.022590,-0.022590,-1.536500,ndi
1786510244.486166,21.717762,-0.022590,-0.022610,-1.536500,ndi
1786510244.503661,21.735257,-0.022590,-0.022600,-1.536500,ndi
1786510244.518680,21.750276,-0.022600,-0.022580,-1.536500,ndi
1786510244.536140,21.767736,-0.022590,-0.022590,-1.536500,ndi
1786510244.553696,21.785291,-0.022590,-0.022610,-1.536480,ndi
1786510244.568684,21.800279,-0.022600,-0.022600,-1.536480,ndi
1786510244.586160,21.817756,-0.022590,-0.022580,-1.536480,ndi
1786510244.603627,21.835223,-0.022590,-0.022590,-1.536470,ndi
1786510244.618671,21.850266,-0.022600,-0.022610,-1.536490,ndi
1786510244.636120,21.867715,-0.022590,-0.022600,-1.536480,ndi
1786510244.651316,21.882912,-0.022590,-0.022580,-1.536500,ndi
1786510244.668664,21.900260,-0.022600,-0.022600,-1.536490,ndi
1786510244.686182,21.917778,-0.022590,-0.022610,-1.536470,ndi
1786510244.703629,21.935225,-0.022590,-0.022590,-1.536480,ndi
1786510244.718678,21.950274,-0.022600,-0.022580,-1.536490,ndi
1786510244.736142,21.967738,-0.022590,-0.022600,-1.536490,ndi
1786510244.753656,21.985252,-0.022600,-0.022600,-1.536490,ndi
1786510244.768671,22.000267,-0.022600,-0.022590,-1.536490,ndi
1786510244.786141,22.017737,-0.022590,-0.022590,-1.536490,ndi
1786510244.803663,22.035259,-0.022600,-0.022600,-1.536480,ndi
1786510244.818665,22.050261,-0.022600,-0.022600,-1.536480,ndi
1786510244.836132,22.067727,-0.022590,-0.022590,-1.536490,ndi
1786510244.853652,22.085248,-0.022590,-0.022590,-1.536490,ndi
1786510244.868674,22.100270,-0.022600,-0.022600,-1.536490,ndi
1786510244.886149,22.117744,-0.022590,-0.022610,-1.536480,ndi
1786510244.901329,22.132925,-0.022610,-0.022600,-1.536480,ndi
1786510244.918656,22.150252,-0.022590,-0.022590,-1.536480,ndi
1786510244.936151,22.167747,-0.022600,-0.022600,-1.536480,ndi
1786510244.953645,22.185241,-0.022600,-0.022610,-1.536480,ndi
1786510244.968661,22.200257,-0.022590,-0.022590,-1.536490,ndi
1786510244.986169,22.217765,-0.022600,-0.022580,-1.536490,ndi
1786510245.003647,22.235242,-0.022600,-0.022600,-1.536470,ndi
1786510245.018640,22.250235,-0.022600,-0.022610,-1.536480,ndi
1786510245.036134,22.267730,-0.022590,-0.022590,-1.536480,ndi
1786510245.053654,22.285250,-0.022590,-0.022580,-1.536500,ndi
1786510245.068664,22.300259,-0.022600,-0.022600,-1.536490,ndi
1786510245.086136,22.317732,-0.022600,-0.022610,-1.536470,ndi
1786510245.101303,22.332898,-0.022600,-0.022590,-1.536480,ndi
1786510245.118713,22.350309,-0.022590,-0.022580,-1.536500,ndi
1786510245.136150,22.367746,-0.022610,-0.022610,-1.536490,ndi
1786510245.153672,22.385268,-0.022600,-0.022610,-1.536470,ndi
1786510245.168668,22.400264,-0.022600,-0.022590,-1.536500,ndi
1786510245.186187,22.417783,-0.022610,-0.022590,-1.536490,ndi
1786510245.203669,22.435265,-0.022600,-0.022600,-1.536480,ndi
1786510245.218645,22.450240,-0.022600,-0.022610,-1.536460,ndi
1786510245.238778,22.470374,-0.022600,-0.022590,-1.536490,ndi
1786510245.251291,22.482886,-0.022600,-0.022580,-1.536480,ndi
1786510245.268689,22.500285,-0.022600,-0.022600,-1.536480,ndi
1786510245.286169,22.517764,-0.022600,-0.022610,-1.536510,ndi
1786510245.303659,22.535255,-0.022610,-0.022590,-1.536490,ndi
1786510245.318656,22.550252,-0.022600,-0.022590,-1.536520,ndi
1786510245.336158,22.567754,-0.022600,-0.022600,-1.536480,ndi
1786510245.351266,22.582862,-0.022600,-0.022610,-1.536480,ndi
1786510245.368680,22.600276,-0.022600,-0.022590,-1.536500,ndi
1786510245.386156,22.617752,-0.022600,-0.022590,-1.536480,ndi
1786510245.403658,22.635253,-0.022600,-0.022600,-1.536470,ndi
1786510245.418659,22.650254,-0.022600,-0.022600,-1.536490,ndi
1786510245.436099,22.667695,-0.022600,-0.022600,-1.536510,ndi
1786510245.451372,22.682967,-0.022600,-0.022590,-1.536490,ndi
1786510245.468718,22.700314,-0.022600,-0.022600,-1.536480,ndi
1786510245.486165,22.717761,-0.022600,-0.022600,-1.536490,ndi
1786510245.503653,22.735248,-0.022610,-0.022590,-1.536490,ndi
1786510245.518704,22.750299,-0.022600,-0.022600,-1.536480,ndi
1786510245.536171,22.767767,-0.022590,-0.022600,-1.536510,ndi
1786510245.551277,22.782873,-0.022600,-0.022600,-1.536460,ndi
1786510245.568722,22.800318,-0.022600,-0.022600,-1.536490,ndi
1786510245.586174,22.817769,-0.022600,-0.022600,-1.536460,ndi
1786510245.603628,22.835224,-0.022610,-0.022600,-1.536460,ndi
1786510245.618594,22.850189,-0.022600,-0.022590,-1.536480,ndi
1786510245.636154,22.867750,-0.022600,-0.022600,-1.536490,ndi
1786510245.651477,22.883072,-0.022600,-0.022600,-1.536480,ndi
1786510245.668714,22.900310,-0.022610,-0.022610,-1.536510,ndi
1786510245.686182,22.917778,-0.022610,-0.022600,-1.536490,ndi
1786510245.701345,22.932940,-0.022610,-0.022600,-1.536500,ndi
1786510245.718664,22.950259,-0.022610,-0.022600,-1.536470,ndi
1786510245.736186,22.967782,-0.022590,-0.022600,-1.536500,ndi
1786510245.751301,22.982897,-0.022610,-0.022590,-1.536500,ndi
1786510245.768665,23.000261,-0.022600,-0.022600,-1.536490,ndi
1786510245.786191,23.017787,-0.022600,-0.022600,-1.536480,ndi
1786510245.803657,23.035253,-0.022620,-0.022600,-1.536490,ndi
1786510245.818599,23.050195,-0.022600,-0.022600,-1.536500,ndi
1786510245.836159,23.067755,-0.022610,-0.022610,-1.536470,ndi
1786510245.853737,23.085333,-0.022610,-0.022600,-1.536500,ndi
1786510245.868701,23.100297,-0.022610,-0.022590,-1.536500,ndi
1786510245.886171,23.117767,-0.022610,-0.022600,-1.536490,ndi
1786510245.903648,23.135244,-0.022600,-0.022600,-1.536480,ndi
1786510245.918713,23.150308,-0.022610,-0.022600,-1.536490,ndi
1786510245.936188,23.167784,-0.022600,-0.022600,-1.536490,ndi
1786510245.951278,23.182873,-0.022600,-0.022600,-1.536500,ndi
1786510245.968679,23.200274,-0.022610,-0.022600,-1.536470,ndi
1786510245.986171,23.217766,-0.022600,-0.022600,-1.536470,ndi
1786510246.003655,23.235250,-0.022610,-0.022600,-1.536480,ndi
1786510246.018624,23.250219,-0.022600,-0.022600,-1.536490,ndi
1786510246.036197,23.267793,-0.022610,-0.022600,-1.536500,ndi
1786510246.053746,23.285342,-0.022610,-0.022600,-1.536470,ndi
1786510246.068707,23.300303,-0.022610,-0.022600,-1.536470,ndi
1786510246.086187,23.317782,-0.022610,-0.022600,-1.536500,ndi
1786510246.103647,23.335242,-0.022610,-0.022600,-1.536490,ndi
1786510246.118719,23.350314,-0.022610,-0.022600,-1.536480,ndi
1786510246.136186,23.367782,-0.022610,-0.022600,-1.536490,ndi
1786510246.153663,23.385259,-0.022610,-0.022600,-1.536460,ndi
1786510246.168691,23.400287,-0.022610,-0.022600,-1.536480,ndi
1786510246.186166,23.417762,-0.022610,-0.022600,-1.536480,ndi
1786510246.203596,23.435191,-0.022600,-0.022590,-1.536500,ndi
1786510246.218675,23.450270,-0.022610,-0.022590,-1.536480,ndi
1786510246.236181,23.467777,-0.022620,-0.022610,-1.536490,ndi
1786510246.253673,23.485269,-0.022610,-0.022610,-1.536480,ndi
1786510246.268718,23.500313,-0.022610,-0.022590,-1.536490,ndi
1786510246.286189,23.517785,-0.022610,-0.022590,-1.536490,ndi
1786510246.303687,23.535283,-0.022610,-0.022620,-1.536470,ndi
1786510246.318683,23.550279,-0.022610,-0.022610,-1.536500,ndi
1786510246.336189,23.567785,-0.022610,-0.022590,-1.536480,ndi
1786510246.351361,23.582957,-0.022610,-0.022590,-1.536490,ndi
1786510246.368709,23.600305,-0.022620,-0.022610,-1.536460,ndi
1786510246.386165,23.617761,-0.022610,-0.022600,-1.536490,ndi
1786510246.403663,23.635259,-0.022610,-0.022580,-1.536500,ndi
1786510246.418671,23.650267,-0.022600,-0.022590,-1.536490,ndi
1786510246.436183,23.667779,-0.022610,-0.022620,-1.536470,ndi
1786510246.451283,23.682879,-0.022610,-0.022600,-1.536470,ndi
1786510246.468751,23.700347,-0.022610,-0.022590,-1.536480,ndi
1786510246.486193,23.717789,-0.022610,-0.022600,-1.536490,ndi
1786510246.501278,23.732874,-0.022610,-0.022620,-1.536490,ndi
1786510246.518699,23.750295,-0.022620,-0.022600,-1.536460,ndi
1786510246.536160,23.767756,-0.022610,-0.022590,-1.536500,ndi
1786510246.551269,23.782865,-0.022610,-0.022610,-1.536470,ndi
1786510246.568725,23.800320,-0.022620,-0.022610,-1.536480,ndi
1786510246.586156,23.817752,-0.022610,-0.022600,-1.536490,ndi
1786510246.603598,23.835194,-0.022610,-0.022580,-1.536500,ndi
1786510246.618711,23.850307,-0.022630,-0.022610,-1.536480,ndi
1786510246.636193,23.867789,-0.022600,-0.022610,-1.536490,ndi
1786510246.651290,23.882886,-0.022620,-0.022590,-1.536470,ndi
1786510246.668741,23.900337,-0.022620,-0.022590,-1.536490,ndi
1786510246.686194,23.917790,-0.022610,-0.022610,-1.536500,ndi
1786510246.703687,23.935282,-0.022610,-0.022620,-1.536490,ndi
1786510246.718717,23.950313,-0.022620,-0.022590,-1.536490,ndi
1786510246.736190,23.967786,-0.022610,-0.022590,-1.536490,ndi
1786510246.751288,23.982884,-0.022620,-0.022610,-1.536490,ndi
1786510246.768697,24.000293,-0.022620,-0.022610,-1.536510,ndi
1786510246.786157,24.017753,-0.022610,-0.022580,-1.536520,ndi
1786510246.803664,24.035260,-0.022610,-0.022590,-1.536490,ndi
1786510246.818686,24.050282,-0.022630,-0.022610,-1.536480,ndi
1786510246.836190,24.067786,-0.022610,-0.022600,-1.536510,ndi
1786510246.853694,24.085289,-0.022620,-0.022570,-1.536510,ndi
1786510246.868732,24.100327,-0.022630,-0.022580,-1.536530,ndi
1786510246.886192,24.117788,-0.022630,-0.022600,-1.536510,ndi
1786510246.901331,24.132926,-0.022630,-0.022580,-1.536520,ndi
1786510246.918735,24.150331,-0.022630,-0.022560,-1.536560,ndi
1786510246.936194,24.167790,-0.022630,-0.022570,-1.536520,ndi
1786510246.951277,24.182873,-0.022630,-0.022590,-1.536520,ndi
1786510246.968694,24.200290,-0.022640,-0.022570,-1.536500,ndi
1786510246.986111,24.217707,-0.022640,-0.022560,-1.536530,ndi
1786510247.001343,24.232939,-0.022620,-0.022570,-1.536520,ndi
1786510247.018708,24.250304,-0.022630,-0.022590,-1.536530,ndi
1786510247.036187,24.267783,-0.022640,-0.022560,-1.536500,ndi
1786510247.051275,24.282871,-0.022640,-0.022560,-1.536530,ndi
1786510247.068736,24.300332,-0.022640,-0.022580,-1.536510,ndi
1786510247.086194,24.317790,-0.022640,-0.022590,-1.536520,ndi
1786510247.101362,24.332958,-0.022640,-0.022560,-1.536500,ndi
1786510247.118737,24.350332,-0.022630,-0.022560,-1.536530,ndi
1786510247.136212,24.367808,-0.022640,-0.022590,-1.536530,ndi
1786510247.151276,24.382872,-0.022640,-0.022570,-1.536530,ndi
1786510247.168680,24.400276,-0.022640,-0.022550,-1.536550,ndi
1786510247.186134,24.417730,-0.022650,-0.022560,-1.536540,ndi
1786510247.201284,24.432880,-0.022650,-0.022570,-1.536570,ndi
1786510247.218724,24.450319,-0.022660,-0.022550,-1.536530,ndi
1786510247.236193,24.467789,-0.022660,-0.022530,-1.536560,ndi
1786510247.251303,24.482899,-0.022660,-0.022540,-1.536530,ndi
1786510247.268700,24.500296,-0.022660,-0.022550,-1.536540,ndi
1786510247.286203,24.517798,-0.022660,-0.022530,-1.536550,ndi
1786510247.301275,24.532871,-0.022660,-0.022520,-1.536560,ndi
1786510247.318733,24.550329,-0.022670,-0.022520,-1.536570,ndi
1786510247.336191,24.567787,-0.022680,-0.022530,-1.536560,ndi
1786510247.353694,24.585290,-0.022680,-0.022510,-1.536580,ndi
1786510247.368716,24.600312,-0.022690,-0.022490,-1.536590,ndi
1786510247.386121,24.617716,-0.022690,-0.022510,-1.536580,ndi
1786510247.401355,24.632951,-0.022700,-0.022510,-1.536610,ndi
1786510247.418736,24.650331,-0.022710,-0.022480,-1.536590,ndi
1786510247.436177,24.667773,-0.022710,-0.022460,-1.536620,ndi
1786510247.451294,24.682890,-0.022720,-0.022490,-1.536600,ndi
1786510247.468732,24.700328,-0.022720,-0.022480,-1.536590,ndi
1786510247.486206,24.717802,-0.022720,-0.022450,-1.536600,ndi
1786510247.501298,24.732893,-0.022730,-0.022450,-1.536600,ndi
1786510247.518715,24.750311,-0.022730,-0.022470,-1.536620,ndi
1786510247.536192,24.767788,-0.022740,-0.022460,-1.536600,ndi
1786510247.553709,24.785305,-0.022750,-0.022430,-1.536590,ndi
1786510247.568636,24.800232,-0.022740,-0.022440,-1.536620,ndi
1786510247.586177,24.817773,-0.022740,-0.022450,-1.536610,ndi
1786510247.601290,24.832886,-0.022760,-0.022430,-1.536630,ndi
1786510247.618747,24.850343,-0.022760,-0.022410,-1.536650,ndi
1786510247.636226,24.867822,-0.022770,-0.022420,-1.536650,ndi
1786510247.651371,24.882967,-0.022770,-0.022430,-1.536650,ndi
1786510247.668753,24.900349,-0.022780,-0.022400,-1.536650,ndi
1786510247.686216,24.917812,-0.022780,-0.022390,-1.536630,ndi
1786510247.701286,24.932882,-0.022770,-0.022400,-1.536650,ndi
1786510247.718752,24.950347,-0.022780,-0.022400,-1.536660,ndi
1786510247.736210,24.967806,-0.022790,-0.022380,-1.536630,ndi
1786510247.753672,24.985268,-0.022800,-0.022370,-1.536640,ndi
1786510247.768629,25.000225,-0.022800,-0.022380,-1.536680,ndi
1786510247.786202,25.017798,-0.022810,-0.022370,-1.536690,ndi
1786510247.801309,25.032905,-0.022810,-0.022360,-1.536670,ndi
1786510247.818737,25.050332,-0.022820,-0.022340,-1.536650,ndi
1786510247.836203,25.067799,-0.022830,-0.022340,-1.536640,ndi
1786510247.851300,25.082895,-0.022840,-0.022340,-1.536680,ndi
1786510247.868746,25.100341,-0.022830,-0.022320,-1.536700,ndi
1786510247.886207,25.117803,-0.022840,-0.022310,-1.536690,ndi
1786510247.901319,25.132914,-0.022850,-0.022310,-1.536690,ndi
1786510247.918756,25.150352,-0.022850,-0.022300,-1.536690,ndi
1786510247.936202,25.167798,-0.022870,-0.022290,-1.536700,ndi
1786510247.951289,25.182885,-0.022870,-0.022280,-1.536700,ndi
1786510247.968653,25.200248,-0.022880,-0.022280,-1.536730,ndi
1786510247.986217,25.217813,-0.022900,-0.022260,-1.536710,ndi
1786510248.001292,25.232887,-0.022890,-0.022250,-1.536710,ndi
1786510248.018736,25.250332,-0.022900,-0.022240,-1.536730,ndi
1786510248.036223,25.267819,-0.022910,-0.022250,-1.536780,ndi
1786510248.053675,25.285270,-0.022910,-0.022240,-1.536750,ndi
1786510248.068827,25.300423,-0.022910,-0.022220,-1.536760,ndi
1786510248.086224,25.317819,-0.022930,-0.022220,-1.536770,ndi
1786510248.101298,25.332894,-0.022920,-0.022230,-1.536740,ndi
1786510248.118739,25.350335,-0.022930,-0.022220,-1.536770,ndi
1786510248.136200,25.367796,-0.022950,-0.022190,-1.536760,ndi
1786510248.153645,25.385241,-0.022940,-0.022200,-1.536800,ndi
1786510248.168722,25.400318,-0.022930,-0.022200,-1.536790,ndi
1786510248.186201,25.417797,-0.022950,-0.022190,-1.536760,ndi
1786510248.201319,25.432915,-0.022940,-0.022170,-1.536770,ndi
1786510248.218744,25.450339,-0.022950,-0.022170,-1.536810,ndi
1786510248.236229,25.467824,-0.022960,-0.022170,-1.536790,ndi
1786510248.251295,25.482891,-0.022970,-0.022160,-1.536830,ndi
1786510248.268724,25.500319,-0.022960,-0.022150,-1.536810,ndi
1786510248.286225,25.517821,-0.022970,-0.022150,-1.536780,ndi
1786510248.301319,25.532915,-0.022980,-0.022150,-1.536810,ndi
1786510248.318747,25.550343,-0.022990,-0.022130,-1.536800,ndi
1786510248.336177,25.567773,-0.022980,-0.022120,-1.536850,ndi
1786510248.353621,25.585217,-0.022990,-0.022120,-1.536840,ndi
1786510248.368704,25.600300,-0.022990,-0.022110,-1.536840,ndi
1786510248.386224,25.617820,-0.023000,-0.022110,-1.536870,ndi
1786510248.403716,25.635312,-0.023000,-0.022100,-1.536870,ndi
1786510248.418754,25.650350,-0.023010,-0.022090,-1.536850,ndi
1786510248.436231,25.667827,-0.023020,-0.022090,-1.536850,ndi
1786510248.451270,25.682865,-0.023020,-0.022080,-1.536900,ndi
1786510248.468759,25.700355,-0.023030,-0.022070,-1.536900,ndi
1786510248.486246,25.717842,-0.023030,-0.022060,-1.536900,ndi
1786510248.503728,25.735324,-0.023030,-0.022060,-1.536880,ndi
1786510248.518748,25.750343,-0.023040,-0.022050,-1.536890,ndi
1786510248.536187,25.767782,-0.023040,-0.022040,-1.536940,ndi
1786510248.553677,25.785273,-0.023040,-0.022030,-1.536910,ndi
1786510248.568730,25.800325,-0.023060,-0.022030,-1.536950,ndi
1786510248.586191,25.817787,-0.023070,-0.022020,-1.536930,ndi
1786510248.601294,25.832890,-0.023070,-0.022010,-1.536940,ndi
1786510248.618746,25.850342,-0.023080,-0.022000,-1.536910,ndi
1786510248.636215,25.867811,-0.023080,-0.021990,-1.536920,ndi
1786510248.653733,25.885329,-0.023080,-0.021990,-1.536920,ndi
1786510248.668740,25.900336,-0.023090,-0.021980,-1.536950,ndi
1786510248.686222,25.917818,-0.023090,-0.021960,-1.536930,ndi
1786510248.703726,25.935321,-0.023090,-0.021960,-1.536970,ndi
1786510248.718727,25.950323,-0.023100,-0.021960,-1.536950,ndi
1786510248.736203,25.967799,-0.023100,-0.021950,-1.536940,ndi
1786510248.753707,25.985303,-0.023090,-0.021940,-1.536920,ndi
1786510248.768723,26.000319,-0.023120,-0.021940,-1.536950,ndi
1786510248.786222,26.017818,-0.023120,-0.021940,-1.536990,ndi
1786510248.801304,26.032900,-0.023110,-0.021930,-1.536950,ndi
1786510248.818765,26.050360,-0.023120,-0.021920,-1.536980,ndi
1786510248.836214,26.067809,-0.023130,-0.021910,-1.536980,ndi
1786510248.853731,26.085327,-0.023130,-0.021910,-1.536990,ndi
1786510248.868742,26.100338,-0.023140,-0.021900,-1.537000,ndi
1786510248.886245,26.117841,-0.023130,-0.021880,-1.536970,ndi
1786510248.903741,26.135337,-0.023140,-0.021890,-1.537030,ndi
1786510248.918723,26.150318,-0.023160,-0.021880,-1.536970,ndi
1786510248.936134,26.167730,-0.023150,-0.021870,-1.537000,ndi
1786510248.953733,26.185329,-0.023140,-0.021860,-1.537010,ndi
1786510248.968747,26.200343,-0.023160,-0.021860,-1.537020,ndi
1786510248.986230,26.217826,-0.023160,-0.021850,-1.537020,ndi
1786510249.003731,26.235326,-0.023170,-0.021830,-1.537050,ndi
1786510249.018756,26.250352,-0.023180,-0.021830,-1.537050,ndi
1786510249.036224,26.267820,-0.023170,-0.021840,-1.537040,ndi
1786510249.053730,26.285326,-0.023180,-0.021820,-1.537070,ndi
1786510249.068751,26.300347,-0.023200,-0.021800,-1.537090,ndi
1786510249.086245,26.317841,-0.023190,-0.021810,-1.537120,ndi
1786510249.103734,26.335329,-0.023200,-0.021800,-1.537110,ndi
1786510249.118767,26.350363,-0.023220,-0.021780,-1.537120,ndi
1786510249.136163,26.367759,-0.023200,-0.021770,-1.537150,ndi
1786510249.151312,26.382908,-0.023220,-0.021770,-1.537160,ndi
1786510249.168753,26.400349,-0.023230,-0.021760,-1.537140,ndi
1786510249.186213,26.417809,-0.023230,-0.021740,-1.537160,ndi
1786510249.203732,26.435328,-0.023230,-0.021730,-1.537180,ndi
1786510249.218738,26.450334,-0.023240,-0.021730,-1.537180,ndi
1786510249.236228,26.467824,-0.023240,-0.021720,-1.537200,ndi
1786510249.251327,26.482923,-0.023250,-0.021690,-1.537220,ndi
1786510249.268749,26.500345,-0.023250,-0.021680,-1.537260,ndi
1786510249.286242,26.517837,-0.023260,-0.021680,-1.537290,ndi
1786510249.303715,26.535310,-0.023280,-0.021670,-1.537260,ndi
1786510249.318731,26.550327,-0.023280,-0.021650,-1.537320,ndi
1786510249.336138,26.567734,-0.023270,-0.021630,-1.537320,ndi
1786510249.353722,26.585318,-0.023290,-0.021630,-1.537340,ndi
1786510249.368751,26.600346,-0.023290,-0.021620,-1.537320,ndi
1786510249.386212,26.617808,-0.023290,-0.021600,-1.537380,ndi
1786510249.403727,26.635323,-0.023300,-0.021590,-1.537360,ndi
1786510249.418728,26.650324,-0.023300,-0.021580,-1.537380,ndi
1786510249.436217,26.667813,-0.023300,-0.021570,-1.537390,ndi
1786510249.453748,26.685344,-0.023310,-0.021560,-1.537420,ndi
1786510249.468781,26.700376,-0.023310,-0.021550,-1.537420,ndi
1786510249.486268,26.717864,-0.023320,-0.021550,-1.537420,ndi
1786510249.503715,26.735311,-0.023330,-0.021530,-1.537410,ndi
1786510249.518668,26.750263,-0.023330,-0.021520,-1.537490,ndi
1786510249.536221,26.767817,-0.023320,-0.021510,-1.537450,ndi
1786510249.553770,26.785366,-0.023340,-0.021510,-1.537480,ndi
1786510249.568744,26.800340,-0.023340,-0.021490,-1.537500,ndi
1786510249.586572,26.818167,-0.023340,-0.021480,-1.537510,ndi
1786510249.603763,26.835359,-0.023350,-0.021480,-1.537500,ndi
1786510249.618771,26.850367,-0.023350,-0.021470,-1.537530,ndi
1786510249.636240,26.867836,-0.023360,-0.021460,-1.537540,ndi
1786510249.653742,26.885337,-0.023370,-0.021440,-1.537550,ndi
1786510249.668740,26.900335,-0.023360,-0.021440,-1.537560,ndi
1786510249.686224,26.917819,-0.023360,-0.021430,-1.537560,ndi
1786510249.701229,26.932824,-0.023380,-0.021420,-1.537570,ndi
1786510249.718669,26.950265,-0.023370,-0.021410,-1.537610,ndi
1786510249.736243,26.967839,-0.023380,-0.021400,-1.537610,ndi
1786510249.753752,26.985348,-0.023390,-0.021390,-1.537620,ndi
1786510249.768756,27.000351,-0.023380,-0.021380,-1.537630,ndi
1786510249.786289,27.017885,-0.023390,-0.021370,-1.537640,ndi
1786510249.803705,27.035301,-0.023390,-0.021370,-1.537650,ndi
1786510249.818766,27.050362,-0.023400,-0.021340,-1.537670,ndi
1786510249.836233,27.067829,-0.023410,-0.021330,-1.537700,ndi
1786510249.853727,27.085323,-0.023420,-0.021320,-1.537700,ndi
1786510249.868751,27.100346,-0.023410,-0.021310,-1.537740,ndi
1786510249.886243,27.117839,-0.023420,-0.021290,-1.537710,ndi
1786510249.903715,27.135311,-0.023420,-0.021280,-1.537750,ndi
1786510249.918706,27.150301,-0.023420,-0.021280,-1.537740,ndi
1786510249.936266,27.167862,-0.023430,-0.021270,-1.537770,ndi
1786510249.953731,27.185327,-0.023430,-0.021250,-1.537770,ndi
1786510249.968767,27.200363,-0.023430,-0.021250,-1.537800,ndi
1786510249.986321,27.217917,-0.023440,-0.021250,-1.537800,ndi
1786510250.001249,27.232845,-0.023430,-0.021240,-1.537800,ndi
1786510250.018778,27.250373,-0.023440,-0.021220,-1.537800,ndi
1786510250.036241,27.267837,-0.023440,-0.021210,-1.537820,ndi
1786510250.053748,27.285344,-0.023440,-0.021210,-1.537850,ndi
1786510250.068748,27.300344,-0.023450,-0.021200,-1.537830,ndi
1786510250.086244,27.317840,-0.023450,-0.021180,-1.537820,ndi
1786510250.103650,27.335246,-0.023450,-0.021190,-1.537830,ndi
1786510250.118747,27.350343,-0.023450,-0.021180,-1.537880,ndi
1786510250.136251,27.367847,-0.023460,-0.021160,-1.537880,ndi
1786510250.153743,27.385339,-0.023460,-0.021140,-1.537880,ndi
1786510250.168760,27.400356,-0.023470,-0.021150,-1.537880,ndi
1786510250.186329,27.417925,-0.023470,-0.021150,-1.537910,ndi
1786510250.203733,27.435329,-0.023470,-0.021120,-1.537900,ndi
1786510250.218755,27.450351,-0.023480,-0.021110,-1.537910,ndi
1786510250.236248,27.467844,-0.023480,-0.021120,-1.537920,ndi
1786510250.253736,27.485331,-0.023480,-0.021110,-1.537920,ndi
1786510250.268768,27.500363,-0.023480,-0.021090,-1.537960,ndi
1786510250.286213,27.517808,-0.023490,-0.021070,-1.537970,ndi
1786510250.301229,27.532825,-0.023490,-0.021090,-1.537980,ndi
1786510250.318742,27.550337,-0.023480,-0.021070,-1.537990,ndi
1786510250.336257,27.567853,-0.023490,-0.021040,-1.537980,ndi
1786510250.353750,27.585346,-0.023500,-0.021040,-1.537990,ndi
1786510250.368769,27.600365,-0.023490,-0.021050,-1.538000,ndi
1786510250.386396,27.617992,-0.023500,-0.021030,-1.538010,ndi
1786510250.403729,27.635324,-0.023510,-0.021000,-1.537980,ndi
1786510250.418750,27.650346,-0.023510,-0.020990,-1.538040,ndi
1786510250.436245,27.667840,-0.023510,-0.021000,-1.538030,ndi
1786510250.453728,27.685324,-0.023520,-0.020980,-1.538050,ndi
1786510250.468783,27.700379,-0.023520,-0.020960,-1.538080,ndi
1786510250.486237,27.717833,-0.023520,-0.020960,-1.538060,ndi
1786510250.501242,27.732838,-0.023520,-0.020970,-1.538100,ndi
1786510250.518763,27.750359,-0.023520,-0.020940,-1.538080,ndi
1786510250.536291,27.767887,-0.023530,-0.020920,-1.538110,ndi
1786510250.553810,27.785406,-0.023540,-0.020930,-1.538110,ndi
1786510250.568772,27.800368,-0.023530,-0.020930,-1.538140,ndi
1786510250.586262,27.817858,-0.023530,-0.020910,-1.538130,ndi
1786510250.603767,27.835363,-0.023540,-0.020890,-1.538150,ndi
1786510250.618789,27.850385,-0.023540,-0.020890,-1.538140,ndi
1786510250.636254,27.867849,-0.023540,-0.020890,-1.538160,ndi
1786510250.653739,27.885335,-0.023550,-0.020870,-1.538170,ndi
1786510250.668748,27.900344,-0.023550,-0.020860,-1.538180,ndi
1786510250.686235,27.917831,-0.023550,-0.020850,-1.538190,ndi
1786510250.701276,27.932872,-0.023560,-0.020850,-1.538250,ndi
1786510250.718781,27.950377,-0.023570,-0.020830,-1.538220,ndi
1786510250.736262,27.967858,-0.023550,-0.020810,-1.538240,ndi
1786510250.753747,27.985343,-0.023560,-0.020810,-1.538280,ndi
1786510250.768775,28.000371,-0.023560,-0.020800,-1.538290,ndi
1786510250.786235,28.017831,-0.023570,-0.020790,-1.538320,ndi
1786510250.803770,28.035366,-0.023560,-0.020780,-1.538310,ndi
1786510250.818788,28.050383,-0.023570,-0.020770,-1.538330,ndi
1786510250.836263,28.067858,-0.023570,-0.020760,-1.538360,ndi
1786510250.853753,28.085349,-0.023560,-0.020760,-1.538370,ndi
1786510250.868707,28.100303,-0.023580,-0.020740,-1.538390,ndi
1786510250.886171,28.117767,-0.023580,-0.020730,-1.538390,ndi
1786510250.903742,28.135338,-0.023560,-0.020730,-1.538400,ndi
1786510250.918768,28.150364,-0.023590,-0.020720,-1.538430,ndi
1786510250.936257,28.167853,-0.023590,-0.020700,-1.538430,ndi
1786510250.953731,28.185327,-0.023580,-0.020690,-1.538440,ndi
1786510250.968785,28.200381,-0.023580,-0.020690,-1.538440,ndi
1786510250.986238,28.217833,-0.023590,-0.020680,-1.538480,ndi
1786510251.003771,28.235366,-0.023580,-0.020660,-1.538500,ndi
1786510251.018785,28.250380,-0.023590,-0.020640,-1.538480,ndi
1786510251.036258,28.267854,-0.023590,-0.020650,-1.538520,ndi
1786510251.053771,28.285367,-0.023590,-0.020640,-1.538520,ndi
1786510251.068749,28.300345,-0.023610,-0.020630,-1.538520,ndi
1786510251.086178,28.317774,-0.023600,-0.020610,-1.538520,ndi
1786510251.103758,28.335354,-0.023600,-0.020610,-1.538540,ndi
1786510251.118784,28.350379,-0.023600,-0.020610,-1.538540,ndi
1786510251.136254,28.367850,-0.023600,-0.020600,-1.538570,ndi
1786510251.151451,28.383047,-0.023600,-0.020580,-1.538560,ndi
1786510251.168744,28.400340,-0.023610,-0.020580,-1.538590,ndi
1786510251.186277,28.417872,-0.023610,-0.020580,-1.538590,ndi
1786510251.203774,28.435370,-0.023610,-0.020560,-1.538600,ndi
1786510251.218795,28.450391,-0.023610,-0.020550,-1.538600,ndi
1786510251.236267,28.467863,-0.023610,-0.020550,-1.538630,ndi
1786510251.251271,28.482867,-0.023610,-0.020540,-1.538650,ndi
1786510251.268748,28.500344,-0.023610,-0.020520,-1.538660,ndi
1786510251.286210,28.517806,-0.023610,-0.020520,-1.538690,ndi
1786510251.303746,28.535342,-0.023620,-0.020510,-1.538660,ndi
1786510251.318782,28.550378,-0.023610,-0.020490,-1.538690,ndi
1786510251.336282,28.567878,-0.023620,-0.020480,-1.538680,ndi
1786510251.351449,28.583045,-0.023620,-0.020470,-1.538710,ndi
1786510251.368756,28.600352,-0.023620,-0.020470,-1.538740,ndi
1786510251.386272,28.617868,-0.023620,-0.020450,-1.538700,ndi
1786510251.401524,28.633120,-0.023640,-0.020440,-1.538760,ndi
1786510251.418800,28.650396,-0.023620,-0.020440,-1.538760,ndi
1786510251.436255,28.667851,-0.023620,-0.020430,-1.538740,ndi
1786510251.451261,28.682857,-0.023640,-0.020420,-1.538760,ndi
1786510251.468717,28.700313,-0.023620,-0.020410,-1.538800,ndi
1786510251.486236,28.717832,-0.023610,-0.020400,-1.538790,ndi
1786510251.503756,28.735352,-0.023640,-0.020390,-1.538810,ndi
1786510251.518791,28.750387,-0.023630,-0.020370,-1.538830,ndi
1786510251.536265,28.767861,-0.023640,-0.020370,-1.538810,ndi
1786510251.553846,28.785442,-0.023630,-0.020370,-1.538830,ndi
1786510251.568791,28.800387,-0.023650,-0.020350,-1.538830,ndi
1786510251.586284,28.817880,-0.023640,-0.020330,-1.538840,ndi
1786510251.601530,28.833126,-0.023640,-0.020330,-1.538850,ndi
1786510251.618795,28.850391,-0.023640,-0.020330,-1.538850,ndi
1786510251.636258,28.867854,-0.023640,-0.020310,-1.538890,ndi
1786510251.653741,28.885336,-0.023640,-0.020300,-1.538860,ndi
1786510251.668700,28.900295,-0.023650,-0.020310,-1.538910,ndi
1786510251.686273,28.917869,-0.023650,-0.020300,-1.538890,ndi
1786510251.701376,28.932972,-0.023650,-0.020290,-1.538920,ndi
1786510251.718806,28.950402,-0.023640,-0.020260,-1.538900,ndi
1786510251.736278,28.967873,-0.023650,-0.020260,-1.538950,ndi
1786510251.751471,28.983067,-0.023650,-0.020270,-1.538950,ndi
1786510251.768797,29.000393,-0.023640,-0.020250,-1.538930,ndi
1786510251.786275,29.017871,-0.023660,-0.020220,-1.538970,ndi
1786510251.801426,29.033022,-0.023660,-0.020230,-1.539000,ndi
1786510251.818806,29.050402,-0.023660,-0.020220,-1.538990,ndi
1786510251.836265,29.067860,-0.023650,-0.020200,-1.539010,ndi
1786510251.851280,29.082876,-0.023660,-0.020190,-1.539050,ndi
1786510251.868701,29.100297,-0.023650,-0.020200,-1.539050,ndi
1786510251.886262,29.117857,-0.023650,-0.020180,-1.539040,ndi
1786510251.903775,29.135370,-0.023660,-0.020140,-1.539080,ndi
1786510251.918790,29.150385,-0.023660,-0.020140,-1.539090,ndi
1786510251.936283,29.167879,-0.023650,-0.020160,-1.539100,ndi
1786510251.951392,29.182988,-0.023660,-0.020140,-1.539090,ndi
1786510251.968791,29.200387,-0.023660,-0.020100,-1.539120,ndi
1786510251.986273,29.217869,-0.023660,-0.020100,-1.539120,ndi
1786510252.001587,29.233183,-0.023660,-0.020110,-1.539120,ndi
1786510252.018805,29.250401,-0.023670,-0.020090,-1.539150,ndi
1786510252.036275,29.267871,-0.023660,-0.020060,-1.539170,ndi
1786510252.051259,29.282855,-0.023670,-0.020060,-1.539230,ndi
1786510252.068752,29.300347,-0.023660,-0.020070,-1.539210,ndi
1786510252.086280,29.317876,-0.023660,-0.020040,-1.539210,ndi
1786510252.101396,29.332991,-0.023670,-0.020020,-1.539260,ndi
1786510252.118802,29.350398,-0.023670,-0.020020,-1.539260,ndi
1786510252.136304,29.367900,-0.023660,-0.020030,-1.539250,ndi
1786510252.151472,29.383068,-0.023680,-0.020000,-1.539290,ndi
1786510252.168801,29.400397,-0.023670,-0.019980,-1.539280,ndi
1786510252.186277,29.417873,-0.023670,-0.019980,-1.539310,ndi
1786510252.203836,29.435432,-0.023670,-0.019990,-1.539300,ndi
1786510252.218815,29.450411,-0.023670,-0.019960,-1.539320,ndi
1786510252.236250,29.467845,-0.023670,-0.019950,-1.539310,ndi
1786510252.253716,29.485312,-0.023670,-0.019960,-1.539350,ndi
1786510252.268753,29.500349,-0.023670,-0.019960,-1.539350,ndi
1786510252.286284,29.517880,-0.023670,-0.019930,-1.539370,ndi
1786510252.303765,29.535360,-0.023670,-0.019920,-1.539380,ndi
1786510252.318795,29.550391,-0.023670,-0.019930,-1.539360,ndi
1786510252.336291,29.567887,-0.023660,-0.019920,-1.539410,ndi
1786510252.351455,29.583050,-0.023680,-0.019900,-1.539400,ndi
1786510252.368798,29.600394,-0.023670,-0.019890,-1.539410,ndi
1786510252.386318,29.617913,-0.023670,-0.019890,-1.539410,ndi
1786510252.401515,29.633111,-0.023680,-0.019890,-1.539410,ndi
1786510252.418803,29.650398,-0.023670,-0.019860,-1.539430,ndi
1786510252.436274,29.667869,-0.023670,-0.019860,-1.539480,ndi
1786510252.453707,29.685302,-0.023660,-0.019860,-1.539500,ndi
1786510252.468821,29.700417,-0.023670,-0.019840,-1.539470,ndi
1786510252.486279,29.717875,-0.023660,-0.019820,-1.539490,ndi
1786510252.503798,29.735394,-0.023670,-0.019820,-1.539490,ndi
1786510252.518808,29.750404,-0.023670,-0.019820,-1.539510,ndi
1786510252.536281,29.767877,-0.023660,-0.019810,-1.539540,ndi
1786510252.553937,29.785533,-0.023670,-0.019790,-1.539570,ndi
1786510252.568797,29.800393,-0.023660,-0.019780,-1.539560,ndi
1786510252.586270,29.817866,-0.023660,-0.019780,-1.539590,ndi
1786510252.601377,29.832973,-0.023660,-0.019770,-1.539560,ndi
1786510252.618806,29.850401,-0.023670,-0.019750,-1.539610,ndi
1786510252.636278,29.867874,-0.023670,-0.019750,-1.539610,ndi
1786510252.653755,29.885351,-0.023650,-0.019740,-1.539630,ndi
1786510252.668791,29.900387,-0.023660,-0.019730,-1.539640,ndi
1786510252.686291,29.917887,-0.023660,-0.019720,-1.539660,ndi
1786510252.701393,29.932989,-0.023670,-0.019710,-1.539670,ndi
1786510252.718795,29.950391,-0.023660,-0.019710,-1.539690,ndi
1786510252.736281,29.967877,-0.023670,-0.019690,-1.539680,ndi
1786510252.751314,29.982910,-0.023660,-0.019680,-1.539670,ndi
1786510252.768791,30.000387,-0.023660,-0.019670,-1.539730,ndi
1786510252.786266,30.017862,-0.023660,-0.019660,-1.539710,ndi
1786510252.801369,30.032965,-0.023660,-0.019660,-1.539730,ndi
1786510252.818797,30.050393,-0.023660,-0.019650,-1.539740,ndi
1786510252.836222,30.067818,-0.023660,-0.019650,-1.539780,ndi
1786510252.851449,30.083044,-0.023650,-0.019630,-1.539740,ndi
1786510252.868776,30.100372,-0.023670,-0.019620,-1.539780,ndi
1786510252.886283,30.117878,-0.023660,-0.019610,-1.539750,ndi
1786510252.901407,30.133003,-0.023660,-0.019610,-1.539800,ndi
1786510252.918839,30.150434,-0.023660,-0.019610,-1.539810,ndi
1786510252.936276,30.167871,-0.023660,-0.019590,-1.539820,ndi
1786510252.951397,30.182993,-0.023670,-0.019580,-1.539840,ndi
1786510252.968800,30.200396,-0.023650,-0.019580,-1.539820,ndi
1786510252.986281,30.217876,-0.023660,-0.019570,-1.539830,ndi
1786510253.003795,30.235391,-0.023660,-0.019550,-1.539840,ndi
1786510253.018789,30.250385,-0.023650,-0.019540,-1.539860,ndi
1786510253.036233,30.267828,-0.023660,-0.019540,-1.539890,ndi
1786510253.051368,30.282964,-0.023660,-0.019530,-1.539900,ndi
1786510253.068809,30.300405,-0.023640,-0.019510,-1.539870,ndi
1786510253.086298,30.317894,-0.023660,-0.019500,-1.539910,ndi
1786510253.101396,30.332992,-0.023650,-0.019500,-1.539900,ndi
1786510253.118794,30.350390,-0.023640,-0.019490,-1.539950,ndi
1786510253.136301,30.367896,-0.023650,-0.019480,-1.539930,ndi
1786510253.151379,30.382975,-0.023650,-0.019460,-1.539920,ndi
1786510253.168828,30.400424,-0.023640,-0.019460,-1.539940,ndi
1786510253.186305,30.417901,-0.023650,-0.019450,-1.539980,ndi
1786510253.201387,30.432983,-0.023650,-0.019440,-1.539990,ndi
1786510253.218804,30.450399,-0.023650,-0.019430,-1.539980,ndi
1786510253.236246,30.467842,-0.023640,-0.019430,-1.540010,ndi
1786510253.251476,30.483072,-0.023650,-0.019410,-1.540000,ndi
1786510253.268793,30.500389,-0.023640,-0.019400,-1.540030,ndi
1786510253.286302,30.517898,-0.023640,-0.019400,-1.540030,ndi
1786510253.301391,30.532987,-0.023640,-0.019390,-1.540060,ndi
1786510253.318784,30.550380,-0.023630,-0.019370,-1.540070,ndi
1786510253.336309,30.567905,-0.023640,-0.019360,-1.540100,ndi
1786510253.353815,30.585410,-0.023640,-0.019350,-1.540100,ndi
1786510253.368828,30.600424,-0.023630,-0.019340,-1.540100,ndi
1786510253.386302,30.617898,-0.023640,-0.019330,-1.540140,ndi
1786510253.401401,30.632996,-0.023620,-0.019330,-1.540140,ndi
1786510253.418778,30.650374,-0.023630,-0.019320,-1.540120,ndi
1786510253.436303,30.667898,-0.023610,-0.019320,-1.540170,ndi
1786510253.451526,30.683122,-0.023620,-0.019300,-1.540150,ndi
1786510253.468833,30.700429,-0.023640,-0.019290,-1.540150,ndi
1786510253.486321,30.717917,-0.023630,-0.019290,-1.540180,ndi
1786510253.501414,30.733010,-0.023620,-0.019280,-1.540180,ndi
1786510253.518807,30.750403,-0.023620,-0.019270,-1.540210,ndi
1786510253.536301,30.767897,-0.023620,-0.019250,-1.540240,ndi
1786510253.551403,30.782998,-0.023610,-0.019240,-1.540220,ndi
1786510253.568824,30.800420,-0.023620,-0.019250,-1.540260,ndi
1786510253.586305,30.817900,-0.023620,-0.019240,-1.540260,ndi
1786510253.601394,30.832989,-0.023600,-0.019220,-1.540260,ndi
1786510253.618777,30.850373,-0.023620,-0.019220,-1.540290,ndi
1786510253.636282,30.867878,-0.023620,-0.019210,-1.540310,ndi
1786510253.651409,30.883004,-0.023600,-0.019200,-1.540340,ndi
1786510253.668839,30.900434,-0.023620,-0.019180,-1.540350,ndi
1786510253.686315,30.917911,-0.023600,-0.019180,-1.540320,ndi
1786510253.701421,30.933017,-0.023600,-0.019180,-1.540340,ndi
1786510253.718831,30.950427,-0.023610,-0.019160,-1.540340,ndi
1786510253.736324,30.967920,-0.023600,-0.019150,-1.540380,ndi
1786510253.751411,30.983007,-0.023590,-0.019150,-1.540390,ndi
1786510253.768826,31.000422,-0.023600,-0.019140,-1.540400,ndi
1786510253.786306,31.017902,-0.023600,-0.019130,-1.540400,ndi
1786510253.801384,31.032979,-0.023600,-0.019120,-1.540440,ndi
1786510253.818785,31.050381,-0.023590,-0.019120,-1.540460,ndi
1786510253.836313,31.067909,-0.023590,-0.019100,-1.540450,ndi
1786510253.851420,31.083016,-0.023590,-0.019090,-1.540460,ndi
1786510253.868837,31.100433,-0.023590,-0.019090,-1.540470,ndi
1786510253.886314,31.117910,-0.023580,-0.019080,-1.540480,ndi
1786510253.901398,31.132994,-0.023590,-0.019070,-1.540490,ndi
1786510253.918823,31.150419,-0.023580,-0.019060,-1.540500,ndi
1786510253.936346,31.167942,-0.023580,-0.019050,-1.540530,ndi
1786510253.953804,31.185400,-0.023580,-0.019040,-1.540510,ndi
1786510253.968979,31.200575,-0.023570,-0.019030,-1.540530,ndi
1786510253.986297,31.217892,-0.023570,-0.019020,-1.540530,ndi
1786510254.003721,31.235317,-0.023560,-0.019030,-1.540540,ndi
1786510254.018849,31.250445,-0.023560,-0.019020,-1.540540,ndi
1786510254.036319,31.267914,-0.023570,-0.019010,-1.540560,ndi
1786510254.051428,31.283024,-0.023570,-0.018990,-1.540550,ndi
1786510254.068825,31.300421,-0.023570,-0.018990,-1.540570,ndi
1786510254.086306,31.317901,-0.023560,-0.019000,-1.540580,ndi
1786510254.103768,31.335364,-0.023570,-0.018980,-1.540590,ndi
1786510254.118815,31.350410,-0.023550,-0.018970,-1.540610,ndi
1786510254.136300,31.367896,-0.023560,-0.018960,-1.540580,ndi
1786510254.151410,31.383006,-0.023550,-0.018960,-1.540620,ndi
1786510254.168806,31.400402,-0.023550,-0.018940,-1.540630,ndi
1786510254.186284,31.417880,-0.023550,-0.018920,-1.540610,ndi
1786510254.201264,31.432860,-0.023550,-0.018930,-1.540680,ndi
1786510254.218888,31.450484,-0.023530,-0.018920,-1.540630,ndi
1786510254.236312,31.467908,-0.023550,-0.018910,-1.540660,ndi
1786510254.251421,31.483017,-0.023540,-0.018890,-1.540680,ndi
1786510254.268841,31.500437,-0.023530,-0.018880,-1.540680,ndi
1786510254.286315,31.517911,-0.023530,-0.018880,-1.540690,ndi
1786510254.301520,31.533115,-0.023530,-0.018870,-1.540720,ndi
1786510254.318843,31.550439,-0.023530,-0.018860,-1.540710,ndi
1786510254.336322,31.567917,-0.023540,-0.018850,-1.540700,ndi
1786510254.351402,31.582997,-0.023520,-0.018850,-1.540730,ndi
1786510254.368837,31.600433,-0.023520,-0.018840,-1.540740,ndi
1786510254.386300,31.617896,-0.023530,-0.018830,-1.540730,ndi
1786510254.403751,31.635347,-0.023510,-0.018820,-1.540770,ndi
1786510254.418891,31.650487,-0.023520,-0.018810,-1.540790,ndi
1786510254.436348,31.667944,-0.023520,-0.018800,-1.540790,ndi
1786510254.451430,31.683026,-0.023510,-0.018790,-1.540790,ndi
1786510254.468870,31.700466,-0.023500,-0.018790,-1.540780,ndi
1786510254.486322,31.717917,-0.023510,-0.018780,-1.540810,ndi
1786510254.503832,31.735427,-0.023510,-0.018770,-1.540830,ndi
1786510254.518842,31.750437,-0.023490,-0.018760,-1.540810,ndi
1786510254.536324,31.767920,-0.023510,-0.018760,-1.540860,ndi
1786510254.551424,31.783019,-0.023490,-0.018740,-1.540840,ndi
1786510254.568828,31.800424,-0.023490,-0.018730,-1.540840,ndi
1786510254.586303,31.817899,-0.023500,-0.018730,-1.540890,ndi
1786510254.601338,31.832934,-0.023480,-0.018720,-1.540890,ndi
1786510254.618844,31.850440,-0.023490,-0.018720,-1.540890,ndi
1786510254.636338,31.867934,-0.023490,-0.018700,-1.540880,ndi
1786510254.651433,31.883029,-0.023480,-0.018700,-1.540880,ndi
1786510254.668839,31.900435,-0.023480,-0.018700,-1.540900,ndi
1786510254.686305,31.917900,-0.023480,-0.018680,-1.540910,ndi
1786510254.701415,31.933011,-0.023460,-0.018680,-1.540900,ndi
1786510254.718851,31.950447,-0.023470,-0.018680,-1.540930,ndi
1786510254.736373,31.967969,-0.023470,-0.018670,-1.540950,ndi
1786510254.751433,31.983029,-0.023460,-0.018650,-1.540950,ndi
1786510254.768878,32.000474,-0.023470,-0.018650,-1.540950,ndi
1786510254.786288,32.017884,-0.023470,-0.018650,-1.541020,ndi
1786510254.801473,32.033069,-0.023450,-0.018640,-1.540970,ndi
1786510254.818843,32.050439,-0.023470,-0.018610,-1.541020,ndi
1786510254.836310,32.067906,-0.023450,-0.018610,-1.540990,ndi
1786510254.853794,32.085389,-0.023440,-0.018620,-1.541020,ndi
1786510254.868848,32.100444,-0.023460,-0.018600,-1.541010,ndi
1786510254.886303,32.117898,-0.023450,-0.018590,-1.541020,ndi
1786510254.901405,32.133000,-0.023440,-0.018590,-1.541050,ndi
1786510254.918871,32.150467,-0.023440,-0.018590,-1.541040,ndi
1786510254.936335,32.167931,-0.023440,-0.018570,-1.541070,ndi
1786510254.951417,32.183012,-0.023430,-0.018560,-1.541060,ndi
1786510254.968817,32.200413,-0.023440,-0.018560,-1.541080,ndi
1786510254.986267,32.217862,-0.023440,-0.018550,-1.541080,ndi
1786510255.001454,32.233049,-0.023430,-0.018540,-1.541100,ndi
1786510255.018846,32.250442,-0.023430,-0.018530,-1.541100,ndi
1786510255.036350,32.267945,-0.023430,-0.018530,-1.541110,ndi
1786510255.051431,32.283026,-0.023420,-0.018520,-1.541110,ndi
1786510255.068820,32.300416,-0.023410,-0.018500,-1.541170,ndi
1786510255.086339,32.317935,-0.023400,-0.018500,-1.541140,ndi
1786510255.101419,32.333015,-0.023410,-0.018490,-1.541140,ndi
1786510255.118838,32.350433,-0.023400,-0.018490,-1.541170,ndi
1786510255.136357,32.367952,-0.023400,-0.018470,-1.541170,ndi
1786510255.151429,32.383025,-0.023400,-0.018460,-1.541190,ndi
1786510255.168820,32.400416,-0.023400,-0.018460,-1.541210,ndi
1786510255.186255,32.417851,-0.023390,-0.018450,-1.541230,ndi
1786510255.201464,32.433060,-0.023390,-0.018440,-1.541230,ndi
1786510255.218859,32.450455,-0.023380,-0.018430,-1.541220,ndi
1786510255.236328,32.467924,-0.023380,-0.018430,-1.541220,ndi
1786510255.251412,32.483008,-0.023390,-0.018430,-1.541250,ndi
1786510255.268809,32.500405,-0.023380,-0.018410,-1.541230,ndi
1786510255.286341,32.517937,-0.023370,-0.018410,-1.541240,ndi
1786510255.303813,32.535409,-0.023370,-0.018410,-1.541240,ndi
1786510255.318850,32.550446,-0.023360,-0.018390,-1.541240,ndi
1786510255.336364,32.567959,-0.023370,-0.018390,-1.541290,ndi
1786510255.351433,32.583029,-0.023360,-0.018380,-1.541290,ndi
1786510255.368769,32.600364,-0.023360,-0.018380,-1.541290,ndi
1786510255.386314,32.617909,-0.023350,-0.018370,-1.541280,ndi
1786510255.403803,32.635398,-0.023350,-0.018360,-1.541310,ndi
1786510255.418841,32.650437,-0.023350,-0.018360,-1.541320,ndi
1786510255.436339,32.667935,-0.023340,-0.018340,-1.541330,ndi
1786510255.453819,32.685415,-0.023350,-0.018330,-1.541330,ndi
1786510255.468869,32.700465,-0.023340,-0.018330,-1.541340,ndi
1786510255.486336,32.717931,-0.023330,-0.018330,-1.541360,ndi
1786510255.503839,32.735435,-0.023330,-0.018310,-1.541360,ndi
1786510255.518855,32.750451,-0.023320,-0.018300,-1.541330,ndi
1786510255.536350,32.767945,-0.023320,-0.018300,-1.541360,ndi
1786510255.551416,32.783012,-0.023330,-0.018300,-1.541390,ndi
1786510255.568779,32.800374,-0.023320,-0.018290,-1.541420,ndi
1786510255.586326,32.817922,-0.023320,-0.018270,-1.541380,ndi
1786510255.603833,32.835429,-0.023310,-0.018270,-1.541410,ndi
1786510255.618841,32.850437,-0.023310,-0.018270,-1.541410,ndi
1786510255.636347,32.867943,-0.023300,-0.018260,-1.541430,ndi
1786510255.651407,32.883003,-0.023300,-0.018240,-1.541440,ndi
1786510255.668859,32.900455,-0.023290,-0.018240,-1.541430,ndi
1786510255.686357,32.917953,-0.023290,-0.018240,-1.541430,ndi
1786510255.701414,32.933010,-0.023290,-0.018230,-1.541460,ndi
1786510255.718874,32.950470,-0.023280,-0.018220,-1.541460,ndi
1786510255.736359,32.967955,-0.023290,-0.018220,-1.541480,ndi
1786510255.751429,32.983024,-0.023280,-0.018210,-1.541490,ndi
1786510255.768794,33.000390,-0.023260,-0.018190,-1.541510,ndi
1786510255.786342,33.017937,-0.023270,-0.018180,-1.541520,ndi
1786510255.801412,33.033008,-0.023260,-0.018190,-1.541540,ndi
1786510255.818887,33.050483,-0.023260,-0.018190,-1.541530,ndi
1786510255.836361,33.067957,-0.023260,-0.018170,-1.541530,ndi
1786510255.851427,33.083023,-0.023250,-0.018160,-1.541560,ndi
1786510255.868871,33.100467,-0.023250,-0.018160,-1.541560,ndi
1786510255.886337,33.117933,-0.023250,-0.018160,-1.541540,ndi
1786510255.901412,33.133008,-0.023240,-0.018140,-1.541530,ndi
1786510255.918869,33.150465,-0.023230,-0.018140,-1.541550,ndi
1786510255.936358,33.167954,-0.023250,-0.018140,-1.541600,ndi
1786510255.951405,33.183001,-0.023240,-0.018140,-1.541600,ndi
1786510255.968822,33.200417,-0.023210,-0.018110,-1.541600,ndi
1786510255.986332,33.217927,-0.023220,-0.018110,-1.541610,ndi
1786510256.001419,33.233015,-0.023220,-0.018120,-1.541610,ndi
1786510256.018855,33.250451,-0.023220,-0.018100,-1.541620,ndi
1786510256.036355,33.267951,-0.023210,-0.018080,-1.541650,ndi
1786510256.051421,33.283017,-0.023210,-0.018090,-1.541630,ndi
1786510256.068842,33.300438,-0.023210,-0.018090,-1.541640,ndi
1786510256.086363,33.317958,-0.023200,-0.018070,-1.541640,ndi
1786510256.103833,33.335429,-0.023200,-0.018060,-1.541640,ndi
1786510256.118843,33.350439,-0.023190,-0.018060,-1.541670,ndi
1786510256.136374,33.367970,-0.023200,-0.018060,-1.541680,ndi
1786510256.151387,33.382983,-0.023190,-0.018050,-1.541700,ndi
1786510256.168850,33.400445,-0.023170,-0.018030,-1.541690,ndi
1786510256.186361,33.417956,-0.023190,-0.018040,-1.541710,ndi
1786510256.203843,33.435439,-0.023180,-0.018030,-1.541720,ndi
1786510256.218870,33.450465,-0.023180,-0.018020,-1.541740,ndi
1786510256.236347,33.467943,-0.023170,-0.018000,-1.541740,ndi
1786510256.251419,33.483015,-0.023170,-0.018010,-1.541750,ndi
1786510256.268855,33.500451,-0.023170,-0.018010,-1.541750,ndi
1786510256.286364,33.517959,-0.023150,-0.017990,-1.541770,ndi
1786510256.301424,33.533020,-0.023150,-0.017980,-1.541790,ndi
1786510256.318860,33.550456,-0.023150,-0.017980,-1.541800,ndi
1786510256.336413,33.568008,-0.023150,-0.017980,-1.541790,ndi
1786510256.351419,33.583015,-0.023140,-0.017970,-1.541840,ndi
1786510256.368852,33.600448,-0.023140,-0.017950,-1.541840,ndi
1786510256.386358,33.617954,-0.023130,-0.017950,-1.541840,ndi
1786510256.401430,33.633026,-0.023130,-0.017960,-1.541810,ndi
1786510256.418872,33.650468,-0.023120,-0.017940,-1.541870,ndi
1786510256.436350,33.667946,-0.023120,-0.017920,-1.541860,ndi
1786510256.451441,33.683036,-0.023120,-0.017940,-1.541890,ndi
1786510256.468899,33.700494,-0.023110,-0.017940,-1.541850,ndi
1786510256.486360,33.717956,-0.023100,-0.017910,-1.541860,ndi
1786510256.503833,33.735429,-0.023100,-0.017900,-1.541890,ndi
1786510256.518851,33.750447,-0.023100,-0.017920,-1.541910,ndi
1786510256.536412,33.768008,-0.023090,-0.017920,-1.541880,ndi
1786510256.551480,33.783076,-0.023090,-0.017880,-1.541910,ndi
1786510256.568875,33.800471,-0.023080,-0.017870,-1.541930,ndi
1786510256.586359,33.817954,-0.023080,-0.017890,-1.541950,ndi
1786510256.601434,33.833029,-0.023080,-0.017880,-1.541950,ndi
1786510256.618869,33.850465,-0.023080,-0.017850,-1.541950,ndi
1786510256.636353,33.867949,-0.023070,-0.017850,-1.541930,ndi
1786510256.651439,33.883035,-0.023060,-0.017860,-1.541920,ndi
1786510256.668868,33.900464,-0.023060,-0.017850,-1.541980,ndi
1786510256.686352,33.917948,-0.023040,-0.017820,-1.541980,ndi
1786510256.701427,33.933023,-0.023050,-0.017830,-1.542000,ndi
1786510256.718837,33.950432,-0.023040,-0.017840,-1.542020,ndi
1786510256.736401,33.967997,-0.023040,-0.017810,-1.542020,ndi
1786510256.753847,33.985443,-0.023020,-0.017800,-1.542020,ndi
1786510256.768877,34.000473,-0.023030,-0.017800,-1.542030,ndi
1786510256.786355,34.017951,-0.023030,-0.017810,-1.542050,ndi
1786510256.803832,34.035428,-0.023020,-0.017780,-1.542070,ndi
1786510256.818883,34.050479,-0.023010,-0.017780,-1.542050,ndi
1786510256.836372,34.067968,-0.023010,-0.017790,-1.542080,ndi
1786510256.851435,34.083031,-0.023000,-0.017790,-1.542060,ndi
1786510256.868910,34.100506,-0.023000,-0.017760,-1.542050,ndi
1786510256.886384,34.117980,-0.022990,-0.017760,-1.542070,ndi
1786510256.901442,34.133038,-0.023000,-0.017770,-1.542100,ndi
1786510256.918861,34.150457,-0.022990,-0.017760,-1.542090,ndi
1786510256.936277,34.167873,-0.022970,-0.017730,-1.542090,ndi
1786510256.951527,34.183122,-0.022980,-0.017730,-1.542100,ndi
1786510256.968875,34.200471,-0.022960,-0.017740,-1.542130,ndi
1786510256.986365,34.217960,-0.022960,-0.017740,-1.542100,ndi
1786510257.001440,34.233036,-0.022960,-0.017710,-1.542130,ndi
1786510257.018862,34.250458,-0.022960,-0.017710,-1.542140,ndi
1786510257.036378,34.267973,-0.022940,-0.017730,-1.542130,ndi
1786510257.051441,34.283036,-0.022940,-0.017720,-1.542110,ndi
1786510257.068884,34.300480,-0.022940,-0.017700,-1.542110,ndi
1786510257.086363,34.317959,-0.022930,-0.017690,-1.542160,ndi
1786510257.103837,34.335433,-0.022920,-0.017720,-1.542140,ndi
1786510257.118891,34.350487,-0.022920,-0.017700,-1.542160,ndi
1786510257.136321,34.367916,-0.022920,-0.017670,-1.542160,ndi
1786510257.151472,34.383067,-0.022920,-0.017680,-1.542190,ndi
1786510257.168907,34.400502,-0.022910,-0.017700,-1.542210,ndi
1786510257.186375,34.417971,-0.022910,-0.017680,-1.542200,ndi
1786510257.201455,34.433051,-0.022900,-0.017650,-1.542190,ndi
1786510257.218879,34.450475,-0.022890,-0.017660,-1.542180,ndi
1786510257.236379,34.467975,-0.022890,-0.017680,-1.542210,ndi
1786510257.251445,34.483040,-0.022880,-0.017650,-1.542210,ndi
1786510257.268904,34.500500,-0.022870,-0.017630,-1.542200,ndi
1786510257.286367,34.517963,-0.022880,-0.017640,-1.542230,ndi
1786510257.301429,34.533025,-0.022860,-0.017650,-1.542220,ndi
1786510257.318790,34.550385,-0.022860,-0.017630,-1.542230,ndi
1786510257.336337,34.567933,-0.022840,-0.017610,-1.542220,ndi
1786510257.351475,34.583071,-0.022850,-0.017620,-1.542230,ndi
1786510257.368901,34.600497,-0.022840,-0.017630,-1.542230,ndi
1786510257.386355,34.617951,-0.022850,-0.017600,-1.542240,ndi
1786510257.403874,34.635469,-0.022840,-0.017590,-1.542240,ndi
1786510257.418888,34.650484,-0.022830,-0.017600,-1.542270,ndi
1786510257.436387,34.667982,-0.022830,-0.017600,-1.542270,ndi
1786510257.451446,34.683042,-0.022810,-0.017580,-1.542270,ndi
1786510257.468915,34.700511,-0.022810,-0.017570,-1.542300,ndi
1786510257.486384,34.717980,-0.022820,-0.017580,-1.542290,ndi
1786510257.501417,34.733013,-0.022790,-0.017580,-1.542290,ndi
1786510257.518808,34.750404,-0.022800,-0.017560,-1.542260,ndi
1786510257.536360,34.767956,-0.022810,-0.017550,-1.542290,ndi
1786510257.551485,34.783081,-0.022780,-0.017560,-1.542290,ndi
1786510257.568905,34.800501,-0.022780,-0.017560,-1.542310,ndi
1786510257.586380,34.817976,-0.022780,-0.017540,-1.542310,ndi
1786510257.603833,34.835428,-0.022760,-0.017530,-1.542320,ndi
1786510257.618894,34.850490,-0.022760,-0.017540,-1.542320,ndi
1786510257.636381,34.867977,-0.022760,-0.017540,-1.542340,ndi
1786510257.653919,34.885515,-0.022750,-0.017520,-1.542320,ndi
1786510257.668911,34.900506,-0.022740,-0.017520,-1.542340,ndi
1786510257.686350,34.917945,-0.022750,-0.017530,-1.542370,ndi
1786510257.701436,34.933032,-0.022730,-0.017520,-1.542370,ndi
1786510257.718809,34.950405,-0.022730,-0.017500,-1.542360,ndi
1786510257.736358,34.967954,-0.022730,-0.017510,-1.542350,ndi
1786510257.751500,34.983096,-0.022720,-0.017520,-1.542390,ndi
1786510257.768905,35.000501,-0.022710,-0.017500,-1.542360,ndi
1786510257.786364,35.017960,-0.022720,-0.017490,-1.542360,ndi
1786510257.801429,35.033025,-0.022700,-0.017500,-1.542360,ndi
1786510257.818903,35.050499,-0.022700,-0.017490,-1.542370,ndi
1786510257.836384,35.067980,-0.022700,-0.017480,-1.542350,ndi
1786510257.851454,35.083050,-0.022680,-0.017480,-1.542380,ndi
1786510257.868893,35.100488,-0.022680,-0.017480,-1.542350,ndi
1786510257.886379,35.117974,-0.022680,-0.017470,-1.542400,ndi
1786510257.901408,35.133003,-0.022680,-0.017460,-1.542400,ndi
1786510257.918885,35.150481,-0.022650,-0.017460,-1.542400,ndi
1786510257.936440,35.168036,-0.022660,-0.017460,-1.542410,ndi
1786510257.951501,35.183096,-0.022650,-0.017460,-1.542390,ndi
1786510257.968913,35.200508,-0.022650,-0.017440,-1.542430,ndi
1786510257.986386,35.217982,-0.022640,-0.017440,-1.542410,ndi
1786510258.003865,35.235461,-0.022640,-0.017440,-1.542410,ndi
1786510258.018892,35.250487,-0.022620,-0.017440,-1.542410,ndi
1786510258.036391,35.267986,-0.022620,-0.017420,-1.542410,ndi
1786510258.053863,35.285459,-0.022610,-0.017420,-1.542410,ndi
1786510258.068902,35.300498,-0.022610,-0.017420,-1.542410,ndi
1786510258.086337,35.317932,-0.022610,-0.017420,-1.542450,ndi
1786510258.101402,35.332998,-0.022600,-0.017410,-1.542470,ndi
1786510258.118856,35.350452,-0.022580,-0.017410,-1.542470,ndi
1786510258.136392,35.367988,-0.022590,-0.017410,-1.542430,ndi
1786510258.151507,35.383103,-0.022580,-0.017410,-1.542450,ndi
1786510258.168916,35.400511,-0.022570,-0.017390,-1.542480,ndi
1786510258.186392,35.417987,-0.022570,-0.017390,-1.542470,ndi
1786510258.203875,35.435470,-0.022560,-0.017400,-1.542520,ndi
1786510258.218901,35.450496,-0.022540,-0.017390,-1.542510,ndi
1786510258.236397,35.467993,-0.022540,-0.017370,-1.542490,ndi
1786510258.253873,35.485469,-0.022540,-0.017380,-1.542470,ndi
1786510258.268916,35.500512,-0.022520,-0.017380,-1.542470,ndi
1786510258.286381,35.517977,-0.022530,-0.017370,-1.542480,ndi
1786510258.301507,35.533103,-0.022520,-0.017360,-1.542500,ndi
1786510258.318896,35.550491,-0.022520,-0.017370,-1.542440,ndi
1786510258.336389,35.567985,-0.022510,-0.017370,-1.542490,ndi
1786510258.353900,35.585496,-0.022510,-0.017360,-1.542490,ndi
1786510258.368910,35.600506,-0.022500,-0.017350,-1.542480,ndi
1786510258.386367,35.617963,-0.022500,-0.017360,-1.542490,ndi
1786510258.401452,35.633048,-0.022500,-0.017360,-1.542500,ndi
1786510258.418896,35.650492,-0.022480,-0.017350,-1.542470,ndi
1786510258.436381,35.667977,-0.022480,-0.017340,-1.542470,ndi
1786510258.453906,35.685502,-0.022480,-0.017350,-1.542490,ndi
1786510258.468928,35.700524,-0.022470,-0.017340,-1.542520,ndi
1786510258.486352,35.717948,-0.022460,-0.017320,-1.542500,ndi
1786510258.501471,35.733067,-0.022460,-0.017320,-1.542510,ndi
1786510258.518892,35.750487,-0.022450,-0.017330,-1.542500,ndi
1786510258.536395,35.767991,-0.022440,-0.017330,-1.542490,ndi
1786510258.553902,35.785498,-0.022450,-0.017320,-1.542490,ndi
1786510258.568927,35.800523,-0.022440,-0.017320,-1.542500,ndi
1786510258.586384,35.817980,-0.022450,-0.017330,-1.542490,ndi
1786510258.603886,35.835482,-0.022440,-0.017330,-1.542500,ndi
1786510258.618911,35.850506,-0.022440,-0.017320,-1.542480,ndi
1786510258.636395,35.867991,-0.022440,-0.017320,-1.542500,ndi
1786510258.653877,35.885473,-0.022440,-0.017330,-1.542500,ndi
1786510258.668873,35.900468,-0.022440,-0.017330,-1.542490,ndi
1786510258.686355,35.917951,-0.022430,-0.017320,-1.542480,ndi
1786510258.703870,35.935466,-0.022430,-0.017330,-1.542480,ndi
1786510258.718885,35.950481,-0.022440,-0.017330,-1.542510,ndi
1786510258.736416,35.968012,-0.022430,-0.017330,-1.542490,ndi
1786510258.754015,35.985611,-0.022440,-0.017320,-1.542470,ndi
1786510258.768934,36.000530,-0.022430,-0.017320,-1.542470,ndi
1786510258.786386,36.017982,-0.022440,-0.017330,-1.542470,ndi
1786510258.803869,36.035465,-0.022440,-0.017330,-1.542490,ndi
1786510258.818918,36.050514,-0.022430,-0.017320,-1.542470,ndi
1786510258.836410,36.068006,-0.022430,-0.017330,-1.542460,ndi
1786510258.853890,36.085486,-0.022430,-0.017330,-1.542470,ndi
1786510258.868887,36.100483,-0.022440,-0.017320,-1.542510,ndi
1786510258.886333,36.117929,-0.022430,-0.017330,-1.542460,ndi
1786510258.903864,36.135460,-0.022440,-0.017330,-1.542480,ndi
1786510258.918928,36.150523,-0.022440,-0.017330,-1.542480,ndi
1786510258.936408,36.168003,-0.022430,-0.017320,-1.542460,ndi
1786510258.953880,36.185476,-0.022440,-0.017330,-1.542460,ndi
1786510258.968911,36.200507,-0.022440,-0.017340,-1.542480,ndi
1786510258.986441,36.218037,-0.022430,-0.017330,-1.542470,ndi
1786510259.003872,36.235468,-0.022430,-0.017330,-1.542460,ndi
1786510259.018923,36.250519,-0.022440,-0.017330,-1.542460,ndi
1786510259.036406,36.268002,-0.022430,-0.017330,-1.542480,ndi
1786510259.053872,36.285467,-0.022430,-0.017330,-1.542480,ndi
1786510259.068889,36.300485,-0.022440,-0.017320,-1.542480,ndi
1786510259.086324,36.317920,-0.022430,-0.017340,-1.542470,ndi
1786510259.103878,36.335473,-0.022430,-0.017340,-1.542490,ndi
1786510259.118935,36.350531,-0.022440,-0.017330,-1.542440,ndi
1786510259.136412,36.368007,-0.022430,-0.017340,-1.542480,ndi
1786510259.153888,36.385484,-0.022430,-0.017340,-1.542470,ndi
1786510259.168897,36.400492,-0.022430,-0.017340,-1.542470,ndi
1786510259.186399,36.417995,-0.022430,-0.017330,-1.542460,ndi
1786510259.201541,36.433137,-0.022430,-0.017340,-1.542470,ndi
1786510259.218925,36.450520,-0.022440,-0.017340,-1.542470,ndi
1786510259.236408,36.468004,-0.022430,-0.017330,-1.542450,ndi
1786510259.253923,36.485519,-0.022430,-0.017340,-1.542440,ndi
1786510259.268822,36.500417,-0.022440,-0.017340,-1.542470,ndi
1786510259.286372,36.517968,-0.022420,-0.017340,-1.542450,ndi
1786510259.303876,36.535471,-0.022430,-0.017330,-1.542460,ndi
1786510259.318899,36.550495,-0.022440,-0.017330,-1.542460,ndi
1786510259.336385,36.567981,-0.022430,-0.017340,-1.542460,ndi
1786510259.353884,36.585479,-0.022420,-0.017340,-1.542480,ndi
1786510259.368909,36.600505,-0.022440,-0.017330,-1.542470,ndi
1786510259.386403,36.617999,-0.022430,-0.017340,-1.542490,ndi
1786510259.403895,36.635491,-0.022420,-0.017340,-1.542460,ndi
1786510259.418908,36.650504,-0.022440,-0.017340,-1.542480,ndi
1786510259.436387,36.667982,-0.022420,-0.017330,-1.542460,ndi
1786510259.451415,36.683010,-0.022440,-0.017330,-1.542460,ndi
1786510259.468844,36.700440,-0.022440,-0.017350,-1.542470,ndi
1786510259.486408,36.718004,-0.022430,-0.017340,-1.542480,ndi
1786510259.501551,36.733147,-0.022440,-0.017330,-1.542440,ndi
1786510259.518907,36.750503,-0.022430,-0.017330,-1.542500,ndi
1786510259.536421,36.768017,-0.022430,-0.017350,-1.542450,ndi
1786510259.553890,36.785486,-0.022440,-0.017340,-1.542460,ndi
1786510259.568956,36.800551,-0.022430,-0.017330,-1.542470,ndi
1786510259.586414,36.818010,-0.022430,-0.017340,-1.542450,ndi
1786510259.601441,36.833036,-0.022430,-0.017350,-1.542460,ndi
1786510259.618939,36.850535,-0.022440,-0.017340,-1.542470,ndi
1786510259.636419,36.868014,-0.022430,-0.017330,-1.542440,ndi
1786510259.651412,36.883008,-0.022440,-0.017340,-1.542430,ndi
1786510259.668939,36.900534,-0.022430,-0.017350,-1.542440,ndi
1786510259.686412,36.918008,-0.022440,-0.017330,-1.542450,ndi
1786510259.703954,36.935549,-0.022440,-0.017330,-1.542450,ndi
1786510259.718907,36.950502,-0.022440,-0.017350,-1.542430,ndi
1786510259.736411,36.968007,-0.022430,-0.017350,-1.542430,ndi
1786510259.751451,36.983046,-0.022430,-0.017330,-1.542470,ndi
1786510259.768912,37.000507,-0.022430,-0.017330,-1.542460,ndi
1786510259.786455,37.018051,-0.022440,-0.017350,-1.542430,ndi
1786510259.801412,37.033008,-0.022440,-0.017350,-1.542430,ndi
1786510259.818896,37.050492,-0.022430,-0.017320,-1.542460,ndi
1786510259.836412,37.068008,-0.022440,-0.017340,-1.542430,ndi
1786510259.851417,37.083013,-0.022450,-0.017360,-1.542440,ndi
1786510259.868942,37.100538,-0.022430,-0.017350,-1.542460,ndi
1786510259.886399,37.117995,-0.022430,-0.017320,-1.542480,ndi
1786510259.901522,37.133118,-0.022440,-0.017340,-1.542460,ndi
1786510259.918948,37.150544,-0.022440,-0.017370,-1.542420,ndi
1786510259.936401,37.167997,-0.022440,-0.017340,-1.542460,ndi
1786510259.953898,37.185493,-0.022450,-0.017330,-1.542430,ndi
1786510259.968940,37.200535,-0.022430,-0.017350,-1.542450,ndi
1786510259.986395,37.217991,-0.022440,-0.017370,-1.542460,ndi
1786510260.003897,37.235493,-0.022430,-0.017330,-1.542460,ndi
1786510260.018960,37.250555,-0.022430,-0.017320,-1.542430,ndi
1786510260.036390,37.267985,-0.022450,-0.017350,-1.542440,ndi
1786510260.051429,37.283024,-0.022440,-0.017370,-1.542460,ndi
1786510260.068914,37.300510,-0.022420,-0.017340,-1.542440,ndi
1786510260.086425,37.318021,-0.022440,-0.017330,-1.542470,ndi
1786510260.101461,37.333057,-0.022440,-0.017350,-1.542450,ndi
1786510260.118925,37.350521,-0.022430,-0.017370,-1.542460,ndi
1786510260.136435,37.368031,-0.022430,-0.017330,-1.542460,ndi
1786510260.153924,37.385519,-0.022440,-0.017330,-1.542450,ndi
1786510260.168944,37.400540,-0.022430,-0.017370,-1.542440,ndi
1786510260.186420,37.418016,-0.022430,-0.017370,-1.542440,ndi
1786510260.201450,37.433045,-0.022430,-0.017320,-1.542470,ndi
1786510260.218959,37.450554,-0.022430,-0.017330,-1.542450,ndi
1786510260.236378,37.467973,-0.022440,-0.017370,-1.542450,ndi
1786510260.251415,37.483011,-0.022420,-0.017370,-1.542470,ndi
1786510260.268953,37.500548,-0.022440,-0.017320,-1.542440,ndi
1786510260.286417,37.518013,-0.022430,-0.017330,-1.542450,ndi
1786510260.303916,37.535512,-0.022430,-0.017380,-1.542460,ndi
1786510260.318927,37.550523,-0.022440,-0.017360,-1.542480,ndi
1786510260.336408,37.568004,-0.022430,-0.017320,-1.542470,ndi
1786510260.351408,37.583003,-0.022430,-0.017340,-1.542480,ndi
1786510260.368921,37.600517,-0.022430,-0.017380,-1.542440,ndi
1786510260.386402,37.617997,-0.022430,-0.017350,-1.542450,ndi
1786510260.403894,37.635490,-0.022440,-0.017320,-1.542470,ndi
1786510260.418941,37.650537,-0.022430,-0.017350,-1.542470,ndi
1786510260.436397,37.667993,-0.022440,-0.017380,-1.542430,ndi
1786510260.451435,37.683031,-0.022430,-0.017350,-1.542460,ndi
1786510260.468994,37.700590,-0.022430,-0.017320,-1.542460,ndi
1786510260.486428,37.718024,-0.022440,-0.017360,-1.542460,ndi
1786510260.501456,37.733052,-0.022440,-0.017380,-1.542450,ndi
1786510260.518937,37.750532,-0.022430,-0.017340,-1.542430,ndi
1786510260.536431,37.768027,-0.022440,-0.017330,-1.542480,ndi
1786510260.551442,37.783037,-0.022440,-0.017360,-1.542460,ndi
1786510260.568964,37.800560,-0.022430,-0.017370,-1.542450,ndi
1786510260.586425,37.818021,-0.022430,-0.017340,-1.542460,ndi
1786510260.601464,37.833059,-0.022440,-0.017330,-1.542450,ndi
1786510260.618925,37.850520,-0.022440,-0.017370,-1.542450,ndi
1786510260.636366,37.867961,-0.022450,-0.017370,-1.542450,ndi
1786510260.651519,37.883115,-0.022430,-0.017340,-1.542460,ndi
1786510260.669005,37.900601,-0.022440,-0.017330,-1.542460,ndi
1786510260.686434,37.918030,-0.022450,-0.017370,-1.542460,ndi
1786510260.701457,37.933052,-0.022440,-0.017370,-1.542470,ndi
1786510260.718957,37.950553,-0.022440,-0.017330,-1.542460,ndi
1786510260.736427,37.968023,-0.022450,-0.017340,-1.542470,ndi
1786510260.751452,37.983048,-0.022440,-0.017380,-1.542440,ndi
1786510260.768939,38.000534,-0.022430,-0.017370,-1.542460,ndi
1786510260.786440,38.018035,-0.022440,-0.017330,-1.542450,ndi
1786510260.801446,38.033041,-0.022440,-0.017350,-1.542470,ndi
1786510260.818915,38.050511,-0.022440,-0.017380,-1.542450,ndi
1786510260.836376,38.067972,-0.022430,-0.017360,-1.542440,ndi
1786510260.851467,38.083063,-0.022440,-0.017330,-1.542480,ndi
1786510260.869072,38.100668,-0.022440,-0.017360,-1.542460,ndi
1786510260.886431,38.118027,-0.022440,-0.017380,-1.542470,ndi
1786510260.901470,38.133066,-0.022430,-0.017360,-1.542460,ndi
1786510260.918939,38.150535,-0.022440,-0.017330,-1.542460,ndi
1786510260.936446,38.168042,-0.022430,-0.017370,-1.542460,ndi
1786510260.951456,38.183052,-0.022440,-0.017380,-1.542460,ndi
1786510260.968957,38.200552,-0.022440,-0.017350,-1.542460,ndi
1786510260.986433,38.218029,-0.022440,-0.017340,-1.542460,ndi
1786510261.001538,38.233133,-0.022440,-0.017360,-1.542470,ndi
1786510261.018926,38.250521,-0.022440,-0.017380,-1.542440,ndi
1786510261.036370,38.267965,-0.022430,-0.017350,-1.542440,ndi
1786510261.051414,38.283010,-0.022450,-0.017340,-1.542440,ndi
1786510261.068959,38.300555,-0.022430,-0.017370,-1.542450,ndi
1786510261.086449,38.318045,-0.022440,-0.017370,-1.542440,ndi
1786510261.101477,38.333073,-0.022440,-0.017350,-1.542460,ndi
1786510261.118909,38.350504,-0.022430,-0.017350,-1.542460,ndi
1786510261.136437,38.368032,-0.022450,-0.017370,-1.542440,ndi
1786510261.151469,38.383065,-0.022440,-0.017360,-1.542440,ndi
1786510261.168942,38.400538,-0.022440,-0.017350,-1.542440,ndi
1786510261.186440,38.418036,-0.022440,-0.017350,-1.542440,ndi
1786510261.201540,38.433135,-0.022440,-0.017360,-1.542440,ndi
1786510261.218883,38.450479,-0.022440,-0.017360,-1.542440,ndi
1786510261.236417,38.468013,-0.022430,-0.017350,-1.542430,ndi
1786510261.251463,38.483059,-0.022440,-0.017350,-1.542440,ndi
1786510261.268962,38.500558,-0.022440,-0.017370,-1.542420,ndi
1786510261.286445,38.518041,-0.022450,-0.017360,-1.542440,ndi
1786510261.301481,38.533077,-0.022440,-0.017350,-1.542450,ndi
1786510261.318935,38.550531,-0.022440,-0.017360,-1.542460,ndi
1786510261.336453,38.568049,-0.022440,-0.017360,-1.542430,ndi
1786510261.351468,38.583064,-0.022440,-0.017350,-1.542430,ndi
1786510261.368953,38.600548,-0.022450,-0.017350,-1.542440,ndi
1786510261.386458,38.618053,-0.022440,-0.017360,-1.542430,ndi
1786510261.401535,38.633131,-0.022440,-0.017370,-1.542430,ndi
1786510261.418874,38.650470,-0.022440,-0.017350,-1.542450,ndi
1786510261.436434,38.668029,-0.022450,-0.017350,-1.542420,ndi
1786510261.453930,38.685525,-0.022440,-0.017370,-1.542440,ndi
1786510261.468956,38.700552,-0.022450,-0.017360,-1.542450,ndi
1786510261.486456,38.718052,-0.022440,-0.017350,-1.542440,ndi
1786510261.501523,38.733118,-0.022440,-0.017360,-1.542440,ndi
1786510261.518971,38.750567,-0.022440,-0.017360,-1.542450,ndi
1786510261.536443,38.768038,-0.022440,-0.017350,-1.542470,ndi
1786510261.551457,38.783052,-0.022440,-0.017350,-1.542430,ndi
1786510261.568976,38.800571,-0.022440,-0.017360,-1.542440,ndi
1786510261.586457,38.818053,-0.022440,-0.017370,-1.542430,ndi
1786510261.601438,38.833034,-0.022440,-0.017350,-1.542430,ndi
1786510261.618881,38.850477,-0.022430,-0.017350,-1.542410,ndi
1786510261.636454,38.868050,-0.022440,-0.017370,-1.542440,ndi
1786510261.651479,38.883075,-0.022440,-0.017360,-1.542450,ndi
1786510261.668958,38.900554,-0.022440,-0.017350,-1.542440,ndi
1786510261.686469,38.918065,-0.022450,-0.017350,-1.542450,ndi
1786510261.703925,38.935521,-0.022440,-0.017370,-1.542420,ndi
1786510261.718967,38.950563,-0.022440,-0.017360,-1.542460,ndi
1786510261.736442,38.968038,-0.022440,-0.017350,-1.542460,ndi
1786510261.751448,38.983044,-0.022440,-0.017360,-1.542460,ndi
1786510261.768939,39.000535,-0.022440,-0.017360,-1.542440,ndi
1786510261.786432,39.018028,-0.022440,-0.017360,-1.542430,ndi
1786510261.801430,39.033025,-0.022450,-0.017350,-1.542410,ndi
1786510261.818946,39.050541,-0.022430,-0.017360,-1.542450,ndi
1786510261.836451,39.068047,-0.022440,-0.017370,-1.542430,ndi
1786510261.851513,39.083109,-0.022440,-0.017360,-1.542440,ndi
1786510261.868975,39.100571,-0.022450,-0.017350,-1.542430,ndi
1786510261.886490,39.118085,-0.022440,-0.017360,-1.542450,ndi
1786510261.901470,39.133066,-0.022450,-0.017370,-1.542440,ndi
1786510261.918994,39.150589,-0.022440,-0.017360,-1.542440,ndi
1786510261.936493,39.168089,-0.022440,-0.017350,-1.542430,ndi
1786510261.951465,39.183061,-0.022440,-0.017360,-1.542420,ndi
1786510261.968958,39.200554,-0.022430,-0.017380,-1.542410,ndi
1786510261.986443,39.218039,-0.022440,-0.017360,-1.542450,ndi
1786510262.001419,39.233014,-0.022440,-0.017350,-1.542440,ndi
1786510262.018927,39.250523,-0.022430,-0.017360,-1.542430,ndi
1786510262.036454,39.268050,-0.022450,-0.017380,-1.542420,ndi
1786510262.051477,39.283072,-0.022440,-0.017360,-1.542430,ndi
1786510262.068980,39.300575,-0.022440,-0.017350,-1.542440,ndi
1786510262.086471,39.318067,-0.022440,-0.017360,-1.542430,ndi
1786510262.101468,39.333064,-0.022440,-0.017370,-1.542440,ndi
1786510262.118975,39.350571,-0.022440,-0.017370,-1.542440,ndi
1786510262.136470,39.368066,-0.022440,-0.017350,-1.542460,ndi
1786510262.151482,39.383078,-0.022440,-0.017360,-1.542440,ndi
1786510262.168982,39.400578,-0.022440,-0.017370,-1.542450,ndi
1786510262.186402,39.417998,-0.022450,-0.017360,-1.542440,ndi
1786510262.203880,39.435476,-0.022430,-0.017350,-1.542440,ndi
1786510262.218974,39.450569,-0.022450,-0.017370,-1.542450,ndi
1786510262.236465,39.468060,-0.022440,-0.017370,-1.542430,ndi
1786510262.251456,39.483052,-0.022440,-0.017360,-1.542430,ndi
1786510262.268982,39.500578,-0.022450,-0.017350,-1.542450,ndi
1786510262.286469,39.518064,-0.022440,-0.017370,-1.542450,ndi
1786510262.301476,39.533072,-0.022440,-0.017370,-1.542460,ndi
1786510262.318979,39.550575,-0.022440,-0.017370,-1.542440,ndi
1786510262.336463,39.568059,-0.022440,-0.017350,-1.542420,ndi
1786510262.351467,39.583063,-0.022440,-0.017360,-1.542440,ndi
1786510262.368965,39.600561,-0.022440,-0.017380,-1.542420,ndi
1786510262.386412,39.618007,-0.022450,-0.017370,-1.542450,ndi
1786510262.401387,39.632982,-0.022440,-0.017360,-1.542470,ndi
1786510262.418992,39.650587,-0.022450,-0.017360,-1.542450,ndi
1786510262.436469,39.668065,-0.022440,-0.017380,-1.542450,ndi
1786510262.451486,39.683082,-0.022440,-0.017360,-1.542450,ndi
1786510262.469012,39.700608,-0.022450,-0.017350,-1.542460,ndi
1786510262.486466,39.718062,-0.022440,-0.017370,-1.542450,ndi
1786510262.501482,39.733078,-0.022450,-0.017380,-1.542460,ndi
1786510262.518994,39.750590,-0.022440,-0.017360,-1.542420,ndi
1786510262.536474,39.768070,-0.022440,-0.017360,-1.542470,ndi
1786510262.551470,39.783066,-0.022450,-0.017370,-1.542460,ndi
1786510262.568956,39.800552,-0.022440,-0.017380,-1.542440,ndi
1786510262.586375,39.817971,-0.022440,-0.017350,-1.542440,ndi
1786510262.601462,39.833058,-0.022430,-0.017360,-1.542460,ndi
1786510262.618968,39.850563,-0.022440,-0.017380,-1.542470,ndi
1786510262.636466,39.868062,-0.022440,-0.017370,-1.542450,ndi
1786510262.651472,39.883068,-0.022440,-0.017350,-1.542460,ndi
1786510262.668984,39.900580,-0.022440,-0.017360,-1.542450,ndi
1786510262.686495,39.918091,-0.022450,-0.017380,-1.542460,ndi
1786510262.701474,39.933070,-0.022440,-0.017380,-1.542440,ndi
1786510262.718995,39.950591,-0.022440,-0.017350,-1.542450,ndi
1786510262.736492,39.968088,-0.022450,-0.017360,-1.542430,ndi
1786510262.751484,39.983080,-0.022440,-0.017380,-1.542470,ndi
1786510262.768962,40.000558,-0.022440,-0.017370,-1.542440,ndi
1786510262.786402,40.017998,-0.022440,-0.017350,-1.542470,ndi
1786510262.801462,40.033057,-0.022440,-0.017360,-1.542460,ndi
1786510262.818986,40.050582,-0.022440,-0.017380,-1.542450,ndi
1786510262.836503,40.068099,-0.022440,-0.017370,-1.542430,ndi
1786510262.851501,40.083097,-0.022450,-0.017350,-1.542460,ndi
1786510262.868974,40.100570,-0.022450,-0.017370,-1.542450,ndi
1786510262.886566,40.118162,-0.022440,-0.017380,-1.542470,ndi
1786510262.901493,40.133089,-0.022450,-0.017370,-1.542460,ndi
1786510262.919000,40.150596,-0.022440,-0.017360,-1.542440,ndi
1786510262.936481,40.168077,-0.022450,-0.017370,-1.542440,ndi
1786510262.951486,40.183081,-0.022440,-0.017380,-1.542450,ndi
1786510262.968960,40.200556,-0.022440,-0.017360,-1.542450,ndi
1786510262.986395,40.217991,-0.022440,-0.017360,-1.542450,ndi
1786510263.001469,40.233064,-0.022440,-0.017380,-1.542450,ndi
1786510263.018994,40.250590,-0.022450,-0.017380,-1.542440,ndi
1786510263.036485,40.268081,-0.022440,-0.017350,-1.542460,ndi
1786510263.051478,40.283074,-0.022450,-0.017360,-1.542440,ndi
1786510263.068978,40.300573,-0.022440,-0.017380,-1.542440,ndi
1786510263.086686,40.318282,-0.022450,-0.017380,-1.542450,ndi
1786510263.101505,40.333101,-0.022440,-0.017350,-1.542460,ndi
1786510263.119006,40.350602,-0.022440,-0.017360,-1.542440,ndi
1786510263.136478,40.368074,-0.022450,-0.017390,-1.542450,ndi
1786510263.151484,40.383080,-0.022440,-0.017370,-1.542440,ndi
1786510263.168903,40.400499,-0.022440,-0.017350,-1.542450,ndi
1786510263.186437,40.418033,-0.022440,-0.017370,-1.542440,ndi
1786510263.201478,40.433074,-0.022440,-0.017390,-1.542450,ndi
1786510263.219034,40.450629,-0.022440,-0.017360,-1.542440,ndi
1786510263.236464,40.468060,-0.022440,-0.017350,-1.542430,ndi
1786510263.251481,40.483077,-0.022440,-0.017370,-1.542420,ndi
1786510263.268990,40.500586,-0.022450,-0.017380,-1.542440,ndi
1786510263.286479,40.518075,-0.022450,-0.017360,-1.542430,ndi
1786510263.301510,40.533106,-0.022440,-0.017350,-1.542450,ndi
1786510263.319012,40.550608,-0.022440,-0.017380,-1.542420,ndi
1786510263.336509,40.568105,-0.022450,-0.017390,-1.542470,ndi
1786510263.351465,40.583061,-0.022440,-0.017360,-1.542430,ndi
1786510263.368907,40.600503,-0.022450,-0.017360,-1.542470,ndi
1786510263.386482,40.618078,-0.022450,-0.017390,-1.542450,ndi
1786510263.401488,40.633084,-0.022450,-0.017380,-1.542460,ndi
1786510263.418997,40.650592,-0.022450,-0.017350,-1.542470,ndi
1786510263.436475,40.668070,-0.022440,-0.017360,-1.542440,ndi
1786510263.451486,40.683081,-0.022440,-0.017380,-1.542450,ndi
1786510263.469003,40.700599,-0.022450,-0.017380,-1.542430,ndi
1786510263.486482,40.718078,-0.022440,-0.017350,-1.542440,ndi
1786510263.503961,40.735557,-0.022440,-0.017360,-1.542430,ndi
1786510263.519010,40.750605,-0.022450,-0.017390,-1.542430,ndi
1786510263.536482,40.768078,-0.022440,-0.017370,-1.542450,ndi
1786510263.553939,40.785535,-0.022440,-0.017350,-1.542450,ndi
1786510263.568923,40.800519,-0.022440,-0.017370,-1.542460,ndi
1786510263.586475,40.818071,-0.022440,-0.017390,-1.542440,ndi
1786510263.601496,40.833091,-0.022450,-0.017370,-1.542430,ndi
1786510263.619022,40.850618,-0.022440,-0.017350,-1.542430,ndi
1786510263.636471,40.868067,-0.022450,-0.017370,-1.542470,ndi
1786510263.651445,40.883040,-0.022450,-0.017390,-1.542450,ndi
1786510263.669003,40.900599,-0.022440,-0.017370,-1.542430,ndi
1786510263.686470,40.918066,-0.022440,-0.017350,-1.542460,ndi
1786510263.701516,40.933112,-0.022440,-0.017370,-1.542420,ndi
1786510263.719017,40.950612,-0.022450,-0.017390,-1.542430,ndi
1786510263.736512,40.968108,-0.022440,-0.017360,-1.542420,ndi
1786510263.751487,40.983083,-0.022440,-0.017350,-1.542420,ndi
1786510263.768976,41.000572,-0.022430,-0.017380,-1.542410,ndi
1786510263.786463,41.018059,-0.022440,-0.017390,-1.542420,ndi
1786510263.801510,41.033106,-0.022450,-0.017360,-1.542410,ndi
1786510263.819016,41.050612,-0.022440,-0.017360,-1.542460,ndi
1786510263.836495,41.068090,-0.022450,-0.017380,-1.542430,ndi
1786510263.851483,41.083079,-0.022450,-0.017380,-1.542450,ndi
1786510263.869014,41.100609,-0.022440,-0.017360,-1.542450,ndi
1786510263.886485,41.118080,-0.022440,-0.017370,-1.542420,ndi
1786510263.901523,41.133118,-0.022440,-0.017380,-1.542430,ndi
1786510263.919018,41.150614,-0.022450,-0.017380,-1.542430,ndi
1786510263.936458,41.168053,-0.022440,-0.017350,-1.542450,ndi
1786510263.951436,41.183032,-0.022440,-0.017370,-1.542450,ndi
1786510263.968972,41.200568,-0.022430,-0.017390,-1.542430,ndi
1786510263.986482,41.218078,-0.022440,-0.017370,-1.542420,ndi
1786510264.001502,41.233098,-0.022440,-0.017350,-1.542430,ndi
1786510264.019014,41.250610,-0.022440,-0.017370,-1.542430,ndi
1786510264.036487,41.268082,-0.022450,-0.017380,-1.542450,ndi
1786510264.051495,41.283091,-0.022450,-0.017370,-1.542440,ndi
1786510264.069021,41.300617,-0.022450,-0.017360,-1.542430,ndi
1786510264.086471,41.318067,-0.022450,-0.017380,-1.542420,ndi
1786510264.101531,41.333127,-0.022440,-0.017390,-1.542430,ndi
1786510264.119020,41.350616,-0.022440,-0.017360,-1.542430,ndi
1786510264.136448,41.368044,-0.022440,-0.017360,-1.542430,ndi
1786510264.151438,41.383034,-0.022440,-0.017380,-1.542430,ndi
1786510264.168987,41.400583,-0.022440,-0.017380,-1.542420,ndi
1786510264.186495,41.418091,-0.022440,-0.017360,-1.542450,ndi
1786510264.201495,41.433090,-0.022450,-0.017360,-1.542440,ndi
1786510264.218997,41.450592,-0.022440,-0.017380,-1.542450,ndi
1786510264.236493,41.468089,-0.022440,-0.017380,-1.542420,ndi
1786510264.251507,41.483103,-0.022450,-0.017360,-1.542430,ndi
1786510264.269023,41.500618,-0.022440,-0.017360,-1.542410,ndi
1786510264.286483,41.518078,-0.022450,-0.017380,-1.542430,ndi
1786510264.303983,41.535579,-0.022440,-0.017370,-1.542410,ndi
1786510264.319003,41.550599,-0.022450,-0.017360,-1.542420,ndi
1786510264.336477,41.568072,-0.022450,-0.017370,-1.542430,ndi
1786510264.351430,41.583026,-0.022440,-0.017390,-1.542430,ndi
1786510264.369003,41.600598,-0.022440,-0.017370,-1.542410,ndi
1786510264.386492,41.618088,-0.022450,-0.017360,-1.542440,ndi
1786510264.401495,41.633090,-0.022440,-0.017380,-1.542410,ndi
1786510264.419007,41.650603,-0.022440,-0.017380,-1.542440,ndi
1786510264.436479,41.668075,-0.022450,-0.017360,-1.542430,ndi
1786510264.451511,41.683106,-0.022440,-0.017360,-1.542400,ndi
1786510264.469043,41.700639,-0.022440,-0.017380,-1.542440,ndi
1786510264.486498,41.718094,-0.022440,-0.017380,-1.542430,ndi
1786510264.501548,41.733144,-0.022450,-0.017360,-1.542450,ndi
1786510264.518995,41.750591,-0.022450,-0.017360,-1.542400,ndi
1786510264.536428,41.768024,-0.022440,-0.017380,-1.542450,ndi
1786510264.551493,41.783089,-0.022430,-0.017380,-1.542410,ndi
1786510264.570773,41.802369,-0.022440,-0.017360,-1.542440,ndi
1786510264.586504,41.818100,-0.022440,-0.017370,-1.542430,ndi
1786510264.601848,41.833444,-0.022450,-0.017380,-1.542430,ndi
1786510264.619025,41.850621,-0.022440,-0.017370,-1.542400,ndi
1786510264.636502,41.868098,-0.022450,-0.017360,-1.542410,ndi
1786510264.651518,41.883114,-0.022440,-0.017370,-1.542430,ndi
1786510264.669018,41.900614,-0.022440,-0.017380,-1.542430,ndi
1786510264.686502,41.918097,-0.022440,-0.017370,-1.542420,ndi
1786510264.701499,41.933095,-0.022440,-0.017370,-1.542430,ndi
1786510264.719002,41.950597,-0.022440,-0.017380,-1.542420,ndi
1786510264.736434,41.968029,-0.022440,-0.017380,-1.542410,ndi
1786510264.751511,41.983107,-0.022440,-0.017370,-1.542460,ndi
1786510264.769019,42.000614,-0.022440,-0.017360,-1.542430,ndi
1786510264.786506,42.018102,-0.022440,-0.017380,-1.542430,ndi
1786510264.801582,42.033178,-0.022440,-0.017380,-1.542410,ndi
1786510264.819011,42.050607,-0.022440,-0.017360,-1.542430,ndi
1786510264.836517,42.068113,-0.022450,-0.017360,-1.542430,ndi
1786510264.851513,42.083108,-0.022430,-0.017380,-1.542420,ndi
1786510264.869030,42.100626,-0.022440,-0.017370,-1.542430,ndi
1786510264.886492,42.118088,-0.022430,-0.017350,-1.542410,ndi
1786510264.901504,42.133099,-0.022420,-0.017360,-1.542430,ndi
1786510264.918994,42.150590,-0.022430,-0.017380,-1.542420,ndi
1786510264.936444,42.168040,-0.022430,-0.017380,-1.542400,ndi
1786510264.951503,42.183098,-0.022440,-0.017350,-1.542440,ndi
1786510264.969031,42.200626,-0.022410,-0.017330,-1.542490,ndi
1786510264.986523,42.218118,-0.022410,-0.017310,-1.542510,ndi
1786510265.001719,42.233314,-0.022420,-0.017280,-1.542520,ndi
1786510265.018994,42.250590,-0.022410,-0.017270,-1.542540,ndi
1786510265.036519,42.268115,-0.022390,-0.017270,-1.542530,ndi
1786510265.051520,42.283115,-0.022400,-0.017250,-1.542560,ndi
1786510265.069040,42.300636,-0.022390,-0.017220,-1.542600,ndi
1786510265.086504,42.318100,-0.022390,-0.017210,-1.542630,ndi
1786510265.101506,42.333101,-0.022380,-0.017210,-1.542600,ndi
1786510265.118952,42.350548,-0.022370,-0.017190,-1.542640,ndi
1786510265.136499,42.368095,-0.022370,-0.017160,-1.542670,ndi
1786510265.151517,42.383113,-0.022380,-0.017150,-1.542690,ndi
1786510265.169029,42.400624,-0.022370,-0.017150,-1.542690,ndi
1786510265.186509,42.418105,-0.022370,-0.017120,-1.542730,ndi
1786510265.201512,42.433107,-0.022360,-0.017100,-1.542700,ndi
1786510265.219036,42.450632,-0.022370,-0.017120,-1.542690,ndi
1786510265.236518,42.468113,-0.022350,-0.017110,-1.542690,ndi
1786510265.251530,42.483126,-0.022380,-0.017080,-1.542680,ndi
1786510265.269032,42.500628,-0.022360,-0.017040,-1.542750,ndi
1786510265.286496,42.518092,-0.022370,-0.017020,-1.542740,ndi
1786510265.301499,42.533094,-0.022380,-0.017000,-1.542720,ndi
1786510265.318967,42.550563,-0.022370,-0.016970,-1.542770,ndi
1786510265.336502,42.568098,-0.022380,-0.016950,-1.542750,ndi
1786510265.351525,42.583121,-0.022380,-0.016950,-1.542770,ndi
1786510265.369186,42.600781,-0.022390,-0.016930,-1.542770,ndi
1786510265.386520,42.618116,-0.022390,-0.016900,-1.542740,ndi
1786510265.401510,42.633106,-0.022390,-0.016890,-1.542720,ndi
1786510265.419218,42.650814,-0.022410,-0.016890,-1.542760,ndi
1786510265.436526,42.668121,-0.022410,-0.016850,-1.542720,ndi
1786510265.451513,42.683108,-0.022410,-0.016820,-1.542730,ndi
1786510265.469025,42.700620,-0.022420,-0.016810,-1.542730,ndi
1786510265.486514,42.718110,-0.022430,-0.016810,-1.542680,ndi
1786510265.501511,42.733106,-0.022440,-0.016800,-1.542710,ndi
1786510265.518967,42.750563,-0.022430,-0.016770,-1.542660,ndi
1786510265.536515,42.768111,-0.022440,-0.016770,-1.542670,ndi
1786510265.551520,42.783115,-0.022430,-0.016770,-1.542680,ndi
1786510265.569055,42.800651,-0.022430,-0.016740,-1.542670,ndi
1786510265.586521,42.818116,-0.022430,-0.016700,-1.542660,ndi
1786510265.601508,42.833104,-0.022440,-0.016680,-1.542650,ndi
1786510265.619060,42.850656,-0.022440,-0.016660,-1.542610,ndi
1786510265.636523,42.868119,-0.022450,-0.016610,-1.542580,ndi
1786510265.651523,42.883118,-0.022470,-0.016550,-1.542540,ndi
1786510265.669040,42.900635,-0.022510,-0.016560,-1.542510,ndi
1786510265.686516,42.918112,-0.022520,-0.016540,-1.542470,ndi
1786510265.701498,42.933094,-0.022540,-0.016490,-1.542450,ndi
1786510265.719008,42.950604,-0.022550,-0.016450,-1.542450,ndi
1786510265.736511,42.968107,-0.022580,-0.016430,-1.542430,ndi
1786510265.751512,42.983108,-0.022600,-0.016400,-1.542400,ndi
1786510265.769029,43.000625,-0.022610,-0.016350,-1.542420,ndi
1786510265.786522,43.018118,-0.022640,-0.016320,-1.542400,ndi
1786510265.801531,43.033127,-0.022640,-0.016300,-1.542380,ndi
1786510265.819064,43.050660,-0.022670,-0.016260,-1.542370,ndi
1786510265.836525,43.068120,-0.022700,-0.016210,-1.542360,ndi
1786510265.851545,43.083141,-0.022700,-0.016180,-1.542360,ndi
1786510265.869039,43.100634,-0.022730,-0.016160,-1.542350,ndi
1786510265.886478,43.118073,-0.022750,-0.016110,-1.542350,ndi
1786510265.901544,43.133139,-0.022770,-0.016070,-1.542330,ndi
1786510265.919024,43.150620,-0.022780,-0.016060,-1.542290,ndi
1786510265.936568,43.168164,-0.022760,-0.016030,-1.542290,ndi
1786510265.951537,43.183133,-0.022770,-0.015990,-1.542270,ndi
1786510265.969018,43.200614,-0.022780,-0.015960,-1.542270,ndi
1786510265.986531,43.218127,-0.022810,-0.015940,-1.542250,ndi
1786510266.001523,43.233119,-0.022820,-0.015890,-1.542210,ndi
1786510266.019078,43.250674,-0.022840,-0.015850,-1.542160,ndi
1786510266.036537,43.268133,-0.022850,-0.015810,-1.542140,ndi
1786510266.051528,43.283124,-0.022870,-0.015780,-1.542100,ndi
1786510266.069014,43.300610,-0.022910,-0.015740,-1.542100,ndi
1786510266.086503,43.318099,-0.022920,-0.015690,-1.542070,ndi
1786510266.101471,43.333067,-0.022920,-0.015660,-1.542080,ndi
1786510266.119053,43.350649,-0.022960,-0.015640,-1.542070,ndi
1786510266.136555,43.368151,-0.022970,-0.015590,-1.542050,ndi
1786510266.151549,43.383145,-0.023010,-0.015540,-1.542050,ndi
1786510266.169040,43.400635,-0.023030,-0.015500,-1.542040,ndi
1786510266.186506,43.418102,-0.023060,-0.015460,-1.542050,ndi
1786510266.201534,43.433130,-0.023070,-0.015410,-1.542000,ndi
1786510266.219072,43.450667,-0.023120,-0.015320,-1.541970,ndi
1786510266.236538,43.468133,-0.023170,-0.015280,-1.541930,ndi
1786510266.251538,43.483133,-0.023200,-0.015220,-1.541920,ndi
1786510266.269014,43.500610,-0.023250,-0.015140,-1.541860,ndi
1786510266.286515,43.518111,-0.023270,-0.015080,-1.541810,ndi
1786510266.301478,43.533074,-0.023290,-0.015060,-1.541820,ndi
1786510266.319021,43.550617,-0.023320,-0.015030,-1.541800,ndi
1786510266.336509,43.568105,-0.023320,-0.014970,-1.541760,ndi
1786510266.351539,43.583135,-0.023360,-0.014940,-1.541760,ndi
1786510266.369013,43.600609,-0.023380,-0.014920,-1.541740,ndi
1786510266.386571,43.618167,-0.023410,-0.014880,-1.541770,ndi
1786510266.401542,43.633137,-0.023420,-0.014830,-1.541700,ndi
1786510266.419080,43.650676,-0.023440,-0.014810,-1.541710,ndi
1786510266.436512,43.668108,-0.023460,-0.014780,-1.541710,ndi
1786510266.451536,43.683132,-0.023480,-0.014740,-1.541680,ndi
1786510266.469018,43.700613,-0.023510,-0.014690,-1.541680,ndi
1786510266.486454,43.718049,-0.023520,-0.014690,-1.541680,ndi
1786510266.501503,43.733098,-0.023530,-0.014660,-1.541650,ndi
1786510266.519025,43.750621,-0.023570,-0.014610,-1.541690,ndi
1786510266.536500,43.768095,-0.023580,-0.014570,-1.541660,ndi
1786510266.551528,43.783124,-0.023610,-0.014550,-1.541650,ndi
1786510266.569040,43.800636,-0.023620,-0.014520,-1.541610,ndi
1786510266.586495,43.818091,-0.023650,-0.014470,-1.541580,ndi
1786510266.601512,43.833108,-0.023670,-0.014430,-1.541550,ndi
1786510266.619069,43.850664,-0.023690,-0.014410,-1.541550,ndi
1786510266.636533,43.868129,-0.023710,-0.014370,-1.541510,ndi
1786510266.651545,43.883141,-0.023730,-0.014320,-1.541490,ndi
1786510266.669023,43.900619,-0.023760,-0.014290,-1.541460,ndi
1786510266.686461,43.918057,-0.023780,-0.014260,-1.541490,ndi
1786510266.701535,43.933131,-0.023810,-0.014220,-1.541460,ndi
1786510266.719046,43.950642,-0.023820,-0.014170,-1.541450,ndi
1786510266.736543,43.968139,-0.023850,-0.014150,-1.541430,ndi
1786510266.751545,43.983141,-0.023860,-0.014120,-1.541400,ndi
1786510266.769019,44.000615,-0.023890,-0.014080,-1.541400,ndi
1786510266.786546,44.018142,-0.023910,-0.014030,-1.541400,ndi
1786510266.801547,44.033142,-0.023930,-0.014020,-1.541380,ndi
1786510266.819076,44.050671,-0.023950,-0.013980,-1.541370,ndi
1786510266.836549,44.068145,-0.023990,-0.013920,-1.541340,ndi
1786510266.851541,44.083137,-0.024010,-0.013880,-1.541350,ndi
1786510266.869010,44.100606,-0.024040,-0.013870,-1.541310,ndi
1786510266.886477,44.118073,-0.024040,-0.013820,-1.541340,ndi
1786510266.901555,44.133151,-0.024070,-0.013770,-1.541310,ndi
1786510266.919060,44.150656,-0.024100,-0.013740,-1.541280,ndi
1786510266.936545,44.168140,-0.024120,-0.013720,-1.541260,ndi
1786510266.951544,44.183140,-0.024130,-0.013680,-1.541230,ndi
1786510266.969014,44.200609,-0.024150,-0.013620,-1.541250,ndi
1786510266.986530,44.218125,-0.024190,-0.013590,-1.541220,ndi
1786510267.001519,44.233115,-0.024200,-0.013570,-1.541190,ndi
1786510267.019104,44.250700,-0.024220,-0.013520,-1.541180,ndi
1786510267.036540,44.268136,-0.024230,-0.013480,-1.541160,ndi
1786510267.051539,44.283135,-0.024260,-0.013480,-1.541160,ndi
1786510267.068973,44.300569,-0.024280,-0.013440,-1.541160,ndi
1786510267.086502,44.318097,-0.024290,-0.013380,-1.541130,ndi
1786510267.101506,44.333102,-0.024320,-0.013340,-1.541130,ndi
1786510267.119045,44.350641,-0.024330,-0.013330,-1.541130,ndi
1786510267.136529,44.368124,-0.024360,-0.013300,-1.541100,ndi
1786510267.151535,44.383130,-0.024370,-0.013250,-1.541090,ndi
1786510267.169055,44.400650,-0.024400,-0.013210,-1.541100,ndi
1786510267.186534,44.418130,-0.024410,-0.013200,-1.541050,ndi
1786510267.201533,44.433128,-0.024440,-0.013170,-1.541030,ndi
1786510267.219114,44.450710,-0.024460,-0.013110,-1.541060,ndi
1786510267.236551,44.468147,-0.024480,-0.013080,-1.541020,ndi
1786510267.251516,44.483112,-0.024490,-0.013070,-1.540990,ndi
1786510267.268978,44.500574,-0.024520,-0.013020,-1.540980,ndi
1786510267.286536,44.518132,-0.024560,-0.012970,-1.541000,ndi
1786510267.301558,44.533154,-0.024570,-0.012950,-1.541000,ndi
1786510267.319052,44.550647,-0.024580,-0.012930,-1.540990,ndi
1786510267.336535,44.568130,-0.024600,-0.012880,-1.540960,ndi
1786510267.351559,44.583154,-0.024610,-0.012830,-1.540950,ndi
1786510267.369057,44.600653,-0.024630,-0.012800,-1.540910,ndi
1786510267.386544,44.618140,-0.024680,-0.012780,-1.540880,ndi
1786510267.401537,44.633133,-0.024680,-0.012730,-1.540850,ndi
1786510267.419133,44.650729,-0.024700,-0.012690,-1.540840,ndi
1786510267.436564,44.668160,-0.024730,-0.012670,-1.540800,ndi
1786510267.451550,44.683145,-0.024740,-0.012650,-1.540810,ndi
1786510267.469015,44.700611,-0.024760,-0.012600,-1.540790,ndi
1786510267.486528,44.718124,-0.024790,-0.012560,-1.540810,ndi
1786510267.501557,44.733153,-0.024810,-0.012540,-1.540800,ndi
1786510267.519063,44.750659,-0.024820,-0.012510,-1.540760,ndi
1786510267.536551,44.768147,-0.024840,-0.012460,-1.540770,ndi
1786510267.551533,44.783129,-0.024850,-0.012420,-1.540780,ndi
1786510267.569059,44.800654,-0.024880,-0.012400,-1.540790,ndi
1786510267.586549,44.818144,-0.024900,-0.012360,-1.540770,ndi
1786510267.601562,44.833158,-0.024920,-0.012320,-1.540750,ndi
1786510267.619062,44.850657,-0.024950,-0.012290,-1.540750,ndi
1786510267.636559,44.868155,-0.024970,-0.012270,-1.540700,ndi
1786510267.651526,44.883122,-0.024980,-0.012230,-1.540680,ndi
1786510267.669047,44.900642,-0.024990,-0.012180,-1.540670,ndi
1786510267.686548,44.918144,-0.025030,-0.012160,-1.540670,ndi
1786510267.701585,44.933180,-0.025040,-0.012130,-1.540670,ndi
1786510267.719064,44.950660,-0.025060,-0.012100,-1.540610,ndi
1786510267.736548,44.968144,-0.025070,-0.012050,-1.540590,ndi
1786510267.751557,44.983153,-0.025100,-0.012020,-1.540620,ndi
1786510267.769073,45.000669,-0.025110,-0.011990,-1.540560,ndi
1786510267.786565,45.018161,-0.025130,-0.011940,-1.540560,ndi
1786510267.801555,45.033151,-0.025150,-0.011910,-1.540560,ndi
1786510267.819067,45.050663,-0.025170,-0.011880,-1.540510,ndi
1786510267.836519,45.068115,-0.025200,-0.011840,-1.540510,ndi
1786510267.851566,45.083162,-0.025210,-0.011800,-1.540480,ndi
1786510267.869035,45.100631,-0.025240,-0.011760,-1.540490,ndi
1786510267.886554,45.118150,-0.025250,-0.011740,-1.540480,ndi
1786510267.901564,45.133160,-0.025280,-0.011710,-1.540480,ndi
1786510267.919095,45.150691,-0.025300,-0.011650,-1.540480,ndi
1786510267.936560,45.168156,-0.025320,-0.011610,-1.540500,ndi
1786510267.951576,45.183172,-0.025330,-0.011590,-1.540480,ndi
1786510267.969086,45.200681,-0.025360,-0.011560,-1.540460,ndi
1786510267.986561,45.218157,-0.025370,-0.011510,-1.540440,ndi
1786510268.001571,45.233167,-0.025400,-0.011480,-1.540460,ndi
1786510268.019058,45.250654,-0.025420,-0.011450,-1.540430,ndi
1786510268.036526,45.268121,-0.025450,-0.011410,-1.540410,ndi
1786510268.053986,45.285581,-0.025450,-0.011360,-1.540380,ndi
1786510268.069062,45.300657,-0.025490,-0.011330,-1.540380,ndi
1786510268.086567,45.318162,-0.025490,-0.011300,-1.540400,ndi
1786510268.101548,45.333144,-0.025520,-0.011270,-1.540350,ndi
1786510268.119080,45.350676,-0.025540,-0.011220,-1.540360,ndi
1786510268.136527,45.368123,-0.025560,-0.011190,-1.540310,ndi
1786510268.151565,45.383161,-0.025580,-0.011170,-1.540330,ndi
1786510268.169071,45.400667,-0.025590,-0.011130,-1.540300,ndi
1786510268.186551,45.418147,-0.025610,-0.011080,-1.540260,ndi
1786510268.201554,45.433150,-0.025630,-0.011050,-1.540250,ndi
1786510268.219068,45.450664,-0.025650,-0.011040,-1.540230,ndi
1786510268.236580,45.468176,-0.025660,-0.010980,-1.540220,ndi
1786510268.251510,45.483106,-0.025690,-0.010950,-1.540250,ndi
1786510268.269064,45.500660,-0.025710,-0.010920,-1.540220,ndi
1786510268.286546,45.518142,-0.025720,-0.010880,-1.540230,ndi
1786510268.301553,45.533149,-0.025750,-0.010850,-1.540240,ndi
1786510268.319087,45.550683,-0.025760,-0.010790,-1.540230,ndi
1786510268.336545,45.568141,-0.025800,-0.010770,-1.540220,ndi
1786510268.351542,45.583138,-0.025800,-0.010760,-1.540210,ndi
1786510268.369057,45.600652,-0.025820,-0.010700,-1.540200,ndi
1786510268.386532,45.618128,-0.025850,-0.010670,-1.540170,ndi
1786510268.401561,45.633157,-0.025860,-0.010640,-1.540160,ndi
1786510268.419013,45.650609,-0.025890,-0.010620,-1.540150,ndi
1786510268.436566,45.668162,-0.025900,-0.010570,-1.540140,ndi
1786510268.451567,45.683163,-0.025910,-0.010530,-1.540100,ndi
1786510268.469107,45.700703,-0.025940,-0.010500,-1.540120,ndi
1786510268.486564,45.718160,-0.025970,-0.010480,-1.540060,ndi
1786510268.501580,45.733175,-0.025990,-0.010430,-1.540050,ndi
1786510268.519083,45.750679,-0.025990,-0.010380,-1.540040,ndi
1786510268.536568,45.768164,-0.026030,-0.010350,-1.540020,ndi
1786510268.551571,45.783167,-0.026040,-0.010330,-1.539990,ndi
1786510268.569087,45.800682,-0.026050,-0.010270,-1.540000,ndi
1786510268.586560,45.818156,-0.026090,-0.010230,-1.539970,ndi
1786510268.601553,45.833149,-0.026090,-0.010210,-1.539950,ndi
1786510268.619047,45.850642,-0.026120,-0.010180,-1.539950,ndi
1786510268.636524,45.868120,-0.026150,-0.010130,-1.539930,ndi
1786510268.651582,45.883178,-0.026160,-0.010080,-1.539940,ndi
1786510268.669073,45.900669,-0.026170,-0.010070,-1.539940,ndi
1786510268.686565,45.918160,-0.026210,-0.010050,-1.539900,ndi
1786510268.701581,45.933177,-0.026220,-0.009990,-1.539900,ndi
1786510268.719080,45.950675,-0.026240,-0.009950,-1.539930,ndi
1786510268.736543,45.968139,-0.026260,-0.009930,-1.539890,ndi
1786510268.751609,45.983204,-0.026270,-0.009910,-1.539880,ndi
1786510268.769088,46.000684,-0.026310,-0.009850,-1.539890,ndi
1786510268.786568,46.018164,-0.026330,-0.009810,-1.539900,ndi
1786510268.801573,46.033169,-0.026330,-0.009780,-1.539860,ndi
1786510268.819058,46.050653,-0.026360,-0.009750,-1.539860,ndi
1786510268.836515,46.068110,-0.026380,-0.009700,-1.539830,ndi
1786510268.851591,46.083186,-0.026390,-0.009660,-1.539820,ndi
1786510268.869089,46.100684,-0.026420,-0.009630,-1.539780,ndi
1786510268.886580,46.118176,-0.026450,-0.009590,-1.539780,ndi
1786510268.901578,46.133173,-0.026450,-0.009550,-1.539740,ndi
1786510268.919077,46.150673,-0.026470,-0.009510,-1.539730,ndi
1786510268.936581,46.168177,-0.026500,-0.009470,-1.539700,ndi
1786510268.951581,46.183177,-0.026510,-0.009440,-1.539710,ndi
1786510268.969089,46.200685,-0.026530,-0.009400,-1.539720,ndi
1786510268.986579,46.218175,-0.026550,-0.009350,-1.539710,ndi
1786510269.001538,46.233133,-0.026580,-0.009320,-1.539710,ndi
1786510269.019029,46.250625,-0.026590,-0.009290,-1.539700,ndi
1786510269.036605,46.268201,-0.026600,-0.009250,-1.539700,ndi
1786510269.051590,46.283186,-0.026620,-0.009200,-1.539710,ndi
1786510269.069093,46.300689,-0.026650,-0.009170,-1.539720,ndi
1786510269.086557,46.318153,-0.026670,-0.009150,-1.539700,ndi
1786510269.101573,46.333169,-0.026680,-0.009100,-1.539680,ndi
1786510269.119093,46.350688,-0.026710,-0.009060,-1.539690,ndi
1786510269.136567,46.368163,-0.026710,-0.009040,-1.539670,ndi
1786510269.151590,46.383185,-0.026740,-0.009010,-1.539640,ndi
1786510269.169100,46.400695,-0.026760,-0.008960,-1.539640,ndi
1786510269.186570,46.418165,-0.026770,-0.008910,-1.539660,ndi
1786510269.201544,46.433140,-0.026790,-0.008890,-1.539620,ndi
1786510269.219005,46.450601,-0.026810,-0.008860,-1.539600,ndi
1786510269.236651,46.468247,-0.026840,-0.008820,-1.539580,ndi
1786510269.251592,46.483188,-0.026840,-0.008770,-1.539580,ndi
1786510269.269098,46.500694,-0.026860,-0.008750,-1.539530,ndi
1786510269.286596,46.518192,-0.026880,-0.008720,-1.539550,ndi
1786510269.301583,46.533179,-0.026900,-0.008680,-1.539520,ndi
1786510269.319105,46.550700,-0.026920,-0.008630,-1.539520,ndi
1786510269.336574,46.568169,-0.026940,-0.008610,-1.539490,ndi
1786510269.351582,46.583178,-0.026950,-0.008580,-1.539490,ndi
1786510269.369078,46.600673,-0.026960,-0.008540,-1.539510,ndi
1786510269.386561,46.618157,-0.026980,-0.008490,-1.539480,ndi
1786510269.401550,46.633145,-0.027010,-0.008470,-1.539520,ndi
1786510269.419034,46.650630,-0.027010,-0.008450,-1.539500,ndi
1786510269.436747,46.668343,-0.027040,-0.008400,-1.539470,ndi
1786510269.451600,46.683195,-0.027060,-0.008360,-1.539480,ndi
1786510269.469111,46.700707,-0.027070,-0.008350,-1.539460,ndi
1786510269.486579,46.718174,-0.027090,-0.008320,-1.539470,ndi
1786510269.501549,46.733144,-0.027100,-0.008260,-1.539450,ndi
1786510269.519088,46.750684,-0.027120,-0.008220,-1.539460,ndi
1786510269.536576,46.768171,-0.027150,-0.008210,-1.539460,ndi
1786510269.551608,46.783204,-0.027150,-0.008170,-1.539420,ndi
1786510269.569118,46.800714,-0.027190,-0.008110,-1.539400,ndi
1786510269.586562,46.818157,-0.027210,-0.008070,-1.539370,ndi
1786510269.601559,46.833154,-0.027230,-0.008060,-1.539410,ndi
1786510269.619056,46.850651,-0.027240,-0.008010,-1.539360,ndi
1786510269.636604,46.868199,-0.027270,-0.007950,-1.539350,ndi
1786510269.651613,46.883209,-0.027280,-0.007930,-1.539340,ndi
1786510269.669091,46.900687,-0.027300,-0.007910,-1.539320,ndi
1786510269.686597,46.918193,-0.027330,-0.007860,-1.539320,ndi
1786510269.701581,46.933177,-0.027360,-0.007820,-1.539300,ndi
1786510269.719101,46.950697,-0.027370,-0.007810,-1.539280,ndi
1786510269.736583,46.968179,-0.027390,-0.007780,-1.539290,ndi
1786510269.751636,46.983232,-0.027390,-0.007710,-1.539290,ndi
1786510269.769105,47.000701,-0.027430,-0.007670,-1.539320,ndi
1786510269.786557,47.018153,-0.027450,-0.007660,-1.539290,ndi
1786510269.801509,47.033105,-0.027450,-0.007630,-1.539300,ndi
1786510269.819085,47.050681,-0.027470,-0.007570,-1.539310,ndi
1786510269.836594,47.068190,-0.027520,-0.007530,-1.539260,ndi
1786510269.851573,47.083169,-0.027520,-0.007510,-1.539270,ndi
1786510269.869113,47.100709,-0.027540,-0.007470,-1.539260,ndi
1786510269.886586,47.118181,-0.027560,-0.007410,-1.539260,ndi
1786510269.901590,47.133186,-0.027590,-0.007380,-1.539230,ndi
1786510269.919116,47.150711,-0.027610,-0.007360,-1.539260,ndi
1786510269.936630,47.168226,-0.027630,-0.007310,-1.539240,ndi
1786510269.951613,47.183209,-0.027630,-0.007250,-1.539210,ndi
1786510269.969118,47.200714,-0.027660,-0.007220,-1.539220,ndi
1786510269.986562,47.218158,-0.027670,-0.007200,-1.539210,ndi
1786510270.001522,47.233118,-0.027690,-0.007140,-1.539200,ndi
1786510270.019083,47.250678,-0.027730,-0.007080,-1.539170,ndi
1786510270.036582,47.268178,-0.027740,-0.007070,-1.539180,ndi
1786510270.051589,47.283185,-0.027760,-0.007050,-1.539140,ndi
1786510270.069116,47.300712,-0.027770,-0.006980,-1.539130,ndi
1786510270.086573,47.318168,-0.027790,-0.006940,-1.539140,ndi
1786510270.101573,47.333168,-0.027810,-0.006930,-1.539150,ndi
1786510270.119112,47.350707,-0.027820,-0.006900,-1.539160,ndi
1786510270.136587,47.368182,-0.027840,-0.006830,-1.539180,ndi
1786510270.151627,47.383222,-0.027860,-0.006790,-1.539150,ndi
1786510270.169098,47.400694,-0.027880,-0.006780,-1.539150,ndi
1786510270.186569,47.418165,-0.027910,-0.006740,-1.539140,ndi
1786510270.201533,47.433128,-0.027910,-0.006690,-1.539110,ndi
1786510270.219101,47.450697,-0.027930,-0.006650,-1.539090,ndi
1786510270.236604,47.468200,-0.027950,-0.006630,-1.539110,ndi
1786510270.251609,47.483204,-0.027970,-0.006600,-1.539100,ndi
1786510270.269098,47.500694,-0.027990,-0.006530,-1.539080,ndi
1786510270.286602,47.518197,-0.028010,-0.006490,-1.539070,ndi
1786510270.301606,47.533201,-0.028030,-0.006480,-1.539100,ndi
1786510270.319110,47.550705,-0.028050,-0.006420,-1.539030,ndi
1786510270.336632,47.568228,-0.028070,-0.006360,-1.539030,ndi
1786510270.351655,47.583251,-0.028090,-0.006350,-1.539060,ndi
1786510270.369082,47.600678,-0.028110,-0.006340,-1.539020,ndi
1786510270.386553,47.618149,-0.028130,-0.006270,-1.539030,ndi
1786510270.401583,47.633179,-0.028130,-0.006220,-1.538980,ndi
1786510270.419102,47.650698,-0.028160,-0.006210,-1.539030,ndi
1786510270.436604,47.668199,-0.028180,-0.006190,-1.539000,ndi
1786510270.451605,47.683201,-0.028190,-0.006140,-1.539020,ndi
1786510270.469128,47.700724,-0.028210,-0.006080,-1.538990,ndi
1786510270.486593,47.718189,-0.028230,-0.006070,-1.538990,ndi
1786510270.501603,47.733199,-0.028250,-0.006050,-1.538950,ndi
1786510270.519099,47.750695,-0.028270,-0.005990,-1.538970,ndi
1786510270.536592,47.768188,-0.028280,-0.005940,-1.538980,ndi
1786510270.551635,47.783231,-0.028290,-0.005920,-1.538960,ndi
1786510270.569097,47.800692,-0.028320,-0.005900,-1.538950,ndi
1786510270.586541,47.818137,-0.028330,-0.005830,-1.538950,ndi
1786510270.601613,47.833209,-0.028370,-0.005790,-1.538940,ndi
1786510270.619145,47.850741,-0.028380,-0.005770,-1.538920,ndi
1786510270.636599,47.868195,-0.028390,-0.005740,-1.538920,ndi
1786510270.651606,47.883202,-0.028410,-0.005680,-1.538900,ndi
1786510270.669099,47.900695,-0.028440,-0.005640,-1.538900,ndi
1786510270.686604,47.918199,-0.028440,-0.005610,-1.538850,ndi
1786510270.701607,47.933203,-0.028470,-0.005570,-1.538870,ndi
1786510270.719122,47.950717,-0.028490,-0.005510,-1.538840,ndi
1786510270.736664,47.968260,-0.028500,-0.005480,-1.538840,ndi
1786510270.751624,47.983220,-0.028510,-0.005470,-1.538850,ndi
1786510270.769105,48.000700,-0.028540,-0.005410,-1.538830,ndi
1786510270.786538,48.018134,-0.028560,-0.005370,-1.538840,ndi
1786510270.801613,48.033209,-0.028580,-0.005340,-1.538830,ndi
1786510270.819103,48.050699,-0.028590,-0.005310,-1.538860,ndi
1786510270.836606,48.068202,-0.028610,-0.005250,-1.538850,ndi
1786510270.851624,48.083220,-0.028630,-0.005210,-1.538840,ndi
1786510270.869116,48.100712,-0.028660,-0.005190,-1.538850,ndi
1786510270.886631,48.118227,-0.028650,-0.005140,-1.538830,ndi
1786510270.901613,48.133209,-0.028670,-0.005090,-1.538830,ndi
1786510270.919144,48.150739,-0.028710,-0.005050,-1.538840,ndi
1786510270.936610,48.168205,-0.028720,-0.005030,-1.538820,ndi
1786510270.951625,48.183221,-0.028740,-0.004980,-1.538820,ndi
1786510270.969041,48.200637,-0.028750,-0.004930,-1.538820,ndi
1786510270.986592,48.218187,-0.028760,-0.004880,-1.538800,ndi
1786510271.001607,48.233203,-0.028770,-0.004860,-1.538790,ndi
1786510271.019126,48.250722,-0.028810,-0.004820,-1.538790,ndi
1786510271.036607,48.268203,-0.028820,-0.004760,-1.538790,ndi
1786510271.051626,48.283222,-0.028820,-0.004730,-1.538800,ndi
1786510271.069123,48.300719,-0.028860,-0.004700,-1.538790,ndi
1786510271.086606,48.318202,-0.028870,-0.004650,-1.538760,ndi
1786510271.101624,48.333220,-0.028890,-0.004610,-1.538770,ndi
1786510271.119134,48.350730,-0.028900,-0.004570,-1.538770,ndi
1786510271.136632,48.368227,-0.028920,-0.004540,-1.538760,ndi
1786510271.151689,48.383285,-0.028940,-0.004500,-1.538770,ndi
1786510271.169048,48.400643,-0.028960,-0.004450,-1.538760,ndi
1786510271.186609,48.418204,-0.028990,-0.004420,-1.538800,ndi
1786510271.201620,48.433216,-0.028980,-0.004400,-1.538730,ndi
1786510271.219144,48.450740,-0.029000,-0.004360,-1.538740,ndi
1786510271.236615,48.468211,-0.029010,-0.004310,-1.538760,ndi
1786510271.251616,48.483212,-0.029010,-0.004280,-1.538740,ndi
1786510271.269130,48.500726,-0.029060,-0.004260,-1.538710,ndi
1786510271.286605,48.518201,-0.029060,-0.004200,-1.538730,ndi
1786510271.301623,48.533219,-0.029080,-0.004170,-1.538720,ndi
1786510271.319134,48.550730,-0.029100,-0.004140,-1.538710,ndi
1786510271.336599,48.568195,-0.029120,-0.004090,-1.538700,ndi
1786510271.351662,48.583258,-0.029130,-0.004050,-1.538640,ndi
1786510271.369060,48.600656,-0.029150,-0.004020,-1.538670,ndi
1786510271.386624,48.618220,-0.029170,-0.004000,-1.538660,ndi
1786510271.401639,48.633234,-0.029180,-0.003950,-1.538660,ndi
1786510271.419145,48.650740,-0.029200,-0.003890,-1.538650,ndi
1786510271.436616,48.668212,-0.029210,-0.003870,-1.538640,ndi
1786510271.451597,48.683192,-0.029220,-0.003850,-1.538620,ndi
1786510271.469146,48.700741,-0.029230,-0.003800,-1.538600,ndi
1786510271.486617,48.718212,-0.029250,-0.003760,-1.538610,ndi
1786510271.501629,48.733224,-0.029270,-0.003730,-1.538600,ndi
1786510271.519128,48.750724,-0.029280,-0.003690,-1.538590,ndi
1786510271.536622,48.768218,-0.029300,-0.003650,-1.538560,ndi
1786510271.551595,48.783190,-0.029320,-0.003610,-1.538610,ndi
1786510271.569126,48.800721,-0.029330,-0.003580,-1.538610,ndi
1786510271.586578,48.818174,-0.029350,-0.003550,-1.538580,ndi
1786510271.601617,48.833212,-0.029370,-0.003500,-1.538580,ndi
1786510271.619122,48.850718,-0.029390,-0.003450,-1.538620,ndi
1786510271.636591,48.868187,-0.029400,-0.003420,-1.538570,ndi
1786510271.651587,48.883182,-0.029430,-0.003390,-1.538580,ndi
1786510271.669118,48.900714,-0.029450,-0.003340,-1.538580,ndi
1786510271.686592,48.918188,-0.029460,-0.003290,-1.538580,ndi
1786510271.701595,48.933191,-0.029470,-0.003260,-1.538520,ndi
1786510271.719128,48.950723,-0.029480,-0.003230,-1.538520,ndi
1786510271.736606,48.968201,-0.029520,-0.003180,-1.538550,ndi
1786510271.751550,48.983146,-0.029510,-0.003140,-1.538520,ndi
1786510271.769137,49.000733,-0.029530,-0.003110,-1.538500,ndi
1786510271.786601,49.018197,-0.029550,-0.003080,-1.538500,ndi
1786510271.801608,49.033204,-0.029560,-0.003030,-1.538510,ndi
1786510271.819127,49.050723,-0.029570,-0.002990,-1.538510,ndi
1786510271.836607,49.068203,-0.029600,-0.002960,-1.538520,ndi
1786510271.851597,49.083193,-0.029630,-0.002930,-1.538470,ndi
1786510271.869118,49.100714,-0.029630,-0.002870,-1.538530,ndi
1786510271.886606,49.118202,-0.029650,-0.002830,-1.538500,ndi
1786510271.901603,49.133199,-0.029660,-0.002800,-1.538480,ndi
1786510271.919137,49.150733,-0.029680,-0.002760,-1.538500,ndi
1786510271.936645,49.168240,-0.029720,-0.002700,-1.538500,ndi
1786510271.951572,49.183168,-0.029710,-0.002680,-1.538490,ndi
1786510271.969111,49.200707,-0.029740,-0.002640,-1.538470,ndi
1786510271.986597,49.218193,-0.029760,-0.002590,-1.538510,ndi
1786510272.001628,49.233223,-0.029760,-0.002540,-1.538500,ndi
1786510272.019120,49.250716,-0.029780,-0.002500,-1.538470,ndi
1786510272.036649,49.268245,-0.029800,-0.002480,-1.538470,ndi
1786510272.051655,49.283251,-0.029800,-0.002430,-1.538450,ndi
1786510272.069150,49.300745,-0.029820,-0.002380,-1.538430,ndi
1786510272.086649,49.318245,-0.029840,-0.002340,-1.538420,ndi
1786510272.101664,49.333260,-0.029850,-0.002310,-1.538430,ndi
1786510272.119135,49.350731,-0.029870,-0.002270,-1.538400,ndi
1786510272.136628,49.368224,-0.029900,-0.002220,-1.538390,ndi
1786510272.151597,49.383193,-0.029890,-0.002190,-1.538430,ndi
1786510272.169200,49.400796,-0.029920,-0.002150,-1.538400,ndi
1786510272.186654,49.418250,-0.029930,-0.002110,-1.538410,ndi
1786510272.201683,49.433279,-0.029940,-0.002080,-1.538400,ndi
1786510272.219210,49.450806,-0.029960,-0.002020,-1.538390,ndi
1786510272.237541,49.469137,-0.029970,-0.002000,-1.538370,ndi
1786510272.251682,49.483278,-0.029990,-0.001960,-1.538390,ndi
1786510272.269175,49.500770,-0.030020,-0.001920,-1.538380,ndi
1786510272.286639,49.518235,-0.030010,-0.001880,-1.538390,ndi
1786510272.301681,49.533276,-0.030040,-0.001850,-1.538360,ndi
1786510272.319153,49.550749,-0.030060,-0.001800,-1.538380,ndi
1786510272.336596,49.568192,-0.030060,-0.001760,-1.538370,ndi
1786510272.351639,49.583234,-0.030070,-0.001730,-1.538370,ndi
1786510272.369155,49.600751,-0.030110,-0.001690,-1.538340,ndi
1786510272.386617,49.618213,-0.030110,-0.001640,-1.538360,ndi
1786510272.401633,49.633229,-0.030130,-0.001610,-1.538370,ndi
1786510272.419132,49.650728,-0.030150,-0.001560,-1.538350,ndi
1786510272.436637,49.668233,-0.030160,-0.001520,-1.538320,ndi
1786510272.451634,49.683230,-0.030170,-0.001490,-1.538300,ndi
1786510272.469311,49.700907,-0.030180,-0.001460,-1.538300,ndi
1786510272.486638,49.718234,-0.030210,-0.001410,-1.538280,ndi
1786510272.501644,49.733239,-0.030210,-0.001380,-1.538280,ndi
1786510272.519104,49.750700,-0.030230,-0.001340,-1.538300,ndi
1786510272.536565,49.768161,-0.030240,-0.001300,-1.538290,ndi
1786510272.551619,49.783215,-0.030270,-0.001260,-1.538290,ndi
1786510272.569181,49.800777,-0.030280,-0.001230,-1.538280,ndi
1786510272.586635,49.818231,-0.030290,-0.001180,-1.538320,ndi
1786510272.601650,49.833246,-0.030310,-0.001150,-1.538320,ndi
1786510272.619142,49.850738,-0.030330,-0.001100,-1.538310,ndi
1786510272.636636,49.868232,-0.030350,-0.001070,-1.538290,ndi
1786510272.651651,49.883247,-0.030360,-0.001020,-1.538280,ndi
1786510272.669154,49.900750,-0.030380,-0.000970,-1.538280,ndi
1786510272.686639,49.918234,-0.030400,-0.000940,-1.538300,ndi
1786510272.701591,49.933187,-0.030410,-0.000900,-1.538280,ndi
1786510272.719133,49.950729,-0.030430,-0.000850,-1.538260,ndi
1786510272.736622,49.968218,-0.030440,-0.000810,-1.538280,ndi
1786510272.751666,49.983262,-0.030460,-0.000780,-1.538260,ndi
1786510272.769196,50.000792,-0.030460,-0.000740,-1.538220,ndi
1786510272.786659,50.018255,-0.030490,-0.000690,-1.538240,ndi
1786510272.801656,50.033252,-0.030500,-0.000640,-1.538200,ndi
1786510272.819141,50.050737,-0.030520,-0.000620,-1.538220,ndi
1786510272.836652,50.068248,-0.030540,-0.000580,-1.538210,ndi
1786510272.851660,50.083256,-0.030550,-0.000530,-1.538200,ndi
1786510272.869145,50.100741,-0.030560,-0.000490,-1.538230,ndi
1786510272.886641,50.118236,-0.030590,-0.000460,-1.538200,ndi
1786510272.901634,50.133230,-0.030590,-0.000420,-1.538220,ndi
1786510272.919115,50.150711,-0.030600,-0.000370,-1.538220,ndi
1786510272.936624,50.168220,-0.030620,-0.000330,-1.538190,ndi
1786510272.951656,50.183252,-0.030640,-0.000300,-1.538210,ndi
1786510272.969175,50.200771,-0.030650,-0.000260,-1.538210,ndi
1786510272.986653,50.218249,-0.030670,-0.000210,-1.538200,ndi
1786510273.001657,50.233253,-0.030680,-0.000170,-1.538200,ndi
1786510273.019139,50.250734,-0.030700,-0.000140,-1.538190,ndi
1786510273.036663,50.268258,-0.030710,-0.000100,-1.538170,ndi
1786510273.051663,50.283259,-0.030720,-0.000060,-1.538190,ndi
1786510273.069175,50.300770,-0.030740,-0.000020,-1.538190,ndi
1786510273.086648,50.318244,-0.030750,0.000010,-1.538190,ndi
1786510273.101611,50.333207,-0.030770,0.000040,-1.538190,ndi
1786510273.119093,50.350689,-0.030780,0.000080,-1.538170,ndi
1786510273.136652,50.368248,-0.030810,0.000130,-1.538180,ndi
1786510273.151672,50.383268,-0.030810,0.000160,-1.538180,ndi
1786510273.169212,50.400807,-0.030830,0.000200,-1.538140,ndi
1786510273.186636,50.418232,-0.030830,0.000250,-1.538150,ndi
1786510273.201656,50.433252,-0.030840,0.000280,-1.538130,ndi
1786510273.219163,50.450759,-0.030870,0.000310,-1.538140,ndi
1786510273.236656,50.468251,-0.030870,0.000350,-1.538110,ndi
1786510273.251665,50.483261,-0.030870,0.000390,-1.538110,ndi
1786510273.269178,50.500774,-0.030900,0.000430,-1.538120,ndi
1786510273.286648,50.518244,-0.030920,0.000470,-1.538110,ndi
1786510273.301636,50.533232,-0.030920,0.000500,-1.538120,ndi
1786510273.319099,50.550695,-0.030950,0.000540,-1.538120,ndi
1786510273.336639,50.568235,-0.030950,0.000570,-1.538110,ndi
1786510273.351647,50.583243,-0.030970,0.000620,-1.538150,ndi
1786510273.369202,50.600797,-0.030980,0.000660,-1.538110,ndi
1786510273.386646,50.618242,-0.030990,0.000700,-1.538120,ndi
1786510273.401652,50.633248,-0.031000,0.000730,-1.538100,ndi
1786510273.419148,50.650744,-0.031020,0.000780,-1.538110,ndi
1786510273.436655,50.668250,-0.031030,0.000810,-1.538130,ndi
1786510273.451669,50.683265,-0.031050,0.000840,-1.538080,ndi
1786510273.469184,50.700780,-0.031060,0.000890,-1.538080,ndi
1786510273.486634,50.718230,-0.031070,0.000930,-1.538070,ndi
1786510273.501623,50.733219,-0.031090,0.000960,-1.538040,ndi
1786510273.519146,50.750742,-0.031090,0.000990,-1.538070,ndi
1786510273.536656,50.768252,-0.031100,0.001050,-1.538050,ndi
1786510273.551666,50.783262,-0.031120,0.001080,-1.538050,ndi
1786510273.569247,50.800843,-0.031140,0.001110,-1.538050,ndi
1786510273.586667,50.818263,-0.031140,0.001160,-1.538060,ndi
1786510273.601639,50.833235,-0.031170,0.001210,-1.538060,ndi
1786510273.619171,50.850767,-0.031180,0.001250,-1.538080,ndi
1786510273.636670,50.868266,-0.031190,0.001280,-1.538040,ndi
1786510273.651670,50.883265,-0.031230,0.001320,-1.538020,ndi
1786510273.669169,50.900765,-0.031220,0.001370,-1.538050,ndi
1786510273.686614,50.918210,-0.031250,0.001410,-1.538050,ndi
1786510273.701572,50.933168,-0.031260,0.001430,-1.538010,ndi
1786510273.719154,50.950750,-0.031270,0.001480,-1.538040,ndi
1786510273.736662,50.968258,-0.031290,0.001530,-1.538090,ndi
1786510273.751654,50.983250,-0.031300,0.001560,-1.538040,ndi
1786510273.769386,51.000982,-0.031320,0.001590,-1.538030,ndi
1786510273.786648,51.018244,-0.031330,0.001640,-1.538030,ndi
1786510273.801641,51.033236,-0.031350,0.001680,-1.538020,ndi
1786510273.819167,51.050762,-0.031350,0.001720,-1.538010,ndi
1786510273.836653,51.068248,-0.031380,0.001750,-1.537980,ndi
1786510273.851636,51.083232,-0.031390,0.001800,-1.537980,ndi
1786510273.869137,51.100733,-0.031400,0.001870,-1.537980,ndi
1786510273.886633,51.118229,-0.031440,0.001890,-1.537980,ndi
1786510273.901599,51.133195,-0.031430,0.001920,-1.538020,ndi
1786510273.919173,51.150768,-0.031460,0.001980,-1.538050,ndi
1786510273.936697,51.168293,-0.031470,0.002030,-1.538020,ndi
1786510273.951658,51.183254,-0.031490,0.002040,-1.538020,ndi
1786510273.969172,51.200768,-0.031500,0.002080,-1.538030,ndi
1786510273.986629,51.218225,-0.031510,0.002160,-1.538010,ndi
1786510274.001639,51.233234,-0.031530,0.002190,-1.538030,ndi
1786510274.019181,51.250777,-0.031530,0.002210,-1.538010,ndi
1786510274.036649,51.268245,-0.031540,0.002250,-1.538000,ndi
1786510274.051692,51.283288,-0.031560,0.002310,-1.538020,ndi
1786510274.069200,51.300796,-0.031570,0.002350,-1.538010,ndi
1786510274.086654,51.318250,-0.031580,0.002380,-1.538000,ndi
1786510274.101613,51.333209,-0.031590,0.002420,-1.538030,ndi
1786510274.119156,51.350752,-0.031610,0.002480,-1.538010,ndi
1786510274.136678,51.368274,-0.031620,0.002520,-1.537990,ndi
1786510274.151658,51.383254,-0.031620,0.002540,-1.538030,ndi
1786510274.169162,51.400758,-0.031640,0.002590,-1.538030,ndi
1786510274.186685,51.418280,-0.031660,0.002650,-1.538000,ndi
1786510274.201669,51.433265,-0.031660,0.002680,-1.538020,ndi
1786510274.219167,51.450763,-0.031670,0.002720,-1.538030,ndi
1786510274.236667,51.468263,-0.031690,0.002770,-1.537990,ndi
1786510274.251663,51.483258,-0.031700,0.002810,-1.537990,ndi
1786510274.269146,51.500742,-0.031720,0.002840,-1.537970,ndi
1786510274.286599,51.518195,-0.031720,0.002880,-1.537980,ndi
1786510274.301653,51.533249,-0.031730,0.002920,-1.538010,ndi
1786510274.319207,51.550803,-0.031750,0.002960,-1.538010,ndi
1786510274.336689,51.568285,-0.031750,0.003000,-1.537990,ndi
1786510274.351678,51.583274,-0.031760,0.003020,-1.537990,ndi
1786510274.369151,51.600747,-0.031780,0.003070,-1.537990,ndi
1786510274.386680,51.618276,-0.031780,0.003120,-1.537970,ndi
1786510274.401657,51.633253,-0.031800,0.003140,-1.537990,ndi
1786510274.419151,51.650747,-0.031810,0.003180,-1.538030,ndi
1786510274.436680,51.668276,-0.031830,0.003230,-1.538020,ndi
1786510274.451686,51.683282,-0.031840,0.003270,-1.538010,ndi
1786510274.469197,51.700793,-0.031850,0.003300,-1.538030,ndi
1786510274.486610,51.718206,-0.031850,0.003350,-1.538020,ndi
1786510274.501679,51.733275,-0.031870,0.003400,-1.538020,ndi
1786510274.519188,51.750784,-0.031880,0.003430,-1.537960,ndi
1786510274.536667,51.768263,-0.031890,0.003470,-1.537970,ndi
1786510274.551685,51.783281,-0.031900,0.003510,-1.537960,ndi
1786510274.569209,51.800804,-0.031910,0.003550,-1.537980,ndi
1786510274.586708,51.818304,-0.031920,0.003590,-1.537970,ndi
1786510274.601682,51.833277,-0.031940,0.003620,-1.537970,ndi
1786510274.619184,51.850780,-0.031940,0.003680,-1.537990,ndi
1786510274.636705,51.868301,-0.031960,0.003710,-1.537960,ndi
1786510274.651677,51.883273,-0.031970,0.003750,-1.537980,ndi
1786510274.669127,51.900723,-0.031990,0.003790,-1.537980,ndi
1786510274.686728,51.918324,-0.031980,0.003840,-1.538000,ndi
1786510274.701704,51.933300,-0.032010,0.003870,-1.537980,ndi
1786510274.719255,51.950850,-0.032020,0.003910,-1.537990,ndi
1786510274.736738,51.968334,-0.032030,0.003960,-1.538000,ndi
1786510274.751716,51.983312,-0.032040,0.004000,-1.537980,ndi
1786510274.769203,52.000799,-0.032050,0.004040,-1.537990,ndi
1786510274.786748,52.018344,-0.032060,0.004080,-1.537960,ndi
1786510274.801711,52.033307,-0.032070,0.004130,-1.537980,ndi
1786510274.819246,52.050842,-0.032080,0.004180,-1.537980,ndi
1786510274.836744,52.068339,-0.032100,0.004220,-1.537960,ndi
1786510274.851711,52.083306,-0.032110,0.004260,-1.537940,ndi
1786510274.869191,52.100786,-0.032120,0.004310,-1.537960,ndi
1786510274.886736,52.118331,-0.032130,0.004370,-1.537990,ndi
1786510274.901722,52.133318,-0.032160,0.004400,-1.537940,ndi
1786510274.919251,52.150847,-0.032160,0.004430,-1.537980,ndi
1786510274.936711,52.168307,-0.032160,0.004480,-1.537980,ndi
1786510274.951689,52.183285,-0.032190,0.004530,-1.537930,ndi
1786510274.969174,52.200770,-0.032190,0.004560,-1.537970,ndi
1786510274.986680,52.218276,-0.032190,0.004610,-1.537950,ndi
1786510275.001686,52.233282,-0.032200,0.004650,-1.537920,ndi
1786510275.019196,52.250792,-0.032220,0.004710,-1.537960,ndi
1786510275.036683,52.268279,-0.032220,0.004740,-1.537960,ndi
1786510275.051660,52.283255,-0.032230,0.004780,-1.537960,ndi
1786510275.069118,52.300714,-0.032240,0.004840,-1.537970,ndi
1786510275.086714,52.318310,-0.032260,0.004880,-1.537970,ndi
1786510275.101688,52.333284,-0.032260,0.004910,-1.537970,ndi
1786510275.119214,52.350810,-0.032270,0.004960,-1.537970,ndi
1786510275.136687,52.368283,-0.032280,0.005020,-1.537930,ndi
1786510275.151667,52.383263,-0.032290,0.005050,-1.537950,ndi
1786510275.169208,52.400804,-0.032280,0.005080,-1.537970,ndi
1786510275.186703,52.418299,-0.032300,0.005140,-1.537990,ndi
1786510275.201701,52.433297,-0.032310,0.005190,-1.537990,ndi
1786510275.219185,52.450781,-0.032320,0.005230,-1.537970,ndi
1786510275.236678,52.468274,-0.032330,0.005260,-1.537980,ndi
1786510275.251658,52.483253,-0.032340,0.005310,-1.537970,ndi
1786510275.269111,52.500707,-0.032340,0.005370,-1.537960,ndi
1786510275.286723,52.518318,-0.032360,0.005400,-1.537980,ndi
1786510275.301712,52.533307,-0.032360,0.005430,-1.537970,ndi
1786510275.319214,52.550810,-0.032360,0.005480,-1.537970,ndi
1786510275.336681,52.568277,-0.032360,0.005530,-1.537940,ndi
1786510275.351660,52.583256,-0.032370,0.005560,-1.537960,ndi
1786510275.369181,52.600777,-0.032380,0.005590,-1.537940,ndi
1786510275.386714,52.618310,-0.032380,0.005640,-1.537960,ndi
1786510275.401696,52.633292,-0.032390,0.005690,-1.537940,ndi
1786510275.419212,52.650808,-0.032390,0.005730,-1.537910,ndi
1786510275.436702,52.668298,-0.032400,0.005770,-1.537920,ndi
1786510275.451682,52.683278,-0.032420,0.005820,-1.537950,ndi
1786510275.469200,52.700796,-0.032410,0.005870,-1.537940,ndi
1786510275.486721,52.718316,-0.032430,0.005910,-1.537940,ndi
1786510275.501683,52.733279,-0.032440,0.005940,-1.537960,ndi
1786510275.519199,52.750795,-0.032440,0.006000,-1.537980,ndi
1786510275.536692,52.768288,-0.032440,0.006050,-1.537940,ndi
1786510275.551695,52.783291,-0.032460,0.006080,-1.537950,ndi
1786510275.569223,52.800819,-0.032460,0.006120,-1.537930,ndi
1786510275.586733,52.818329,-0.032460,0.006170,-1.537950,ndi
1786510275.601712,52.833308,-0.032470,0.006210,-1.537930,ndi
1786510275.619219,52.850814,-0.032470,0.006240,-1.537960,ndi
1786510275.636704,52.868300,-0.032490,0.006300,-1.537950,ndi
1786510275.651629,52.883225,-0.032490,0.006340,-1.537940,ndi
1786510275.669200,52.900795,-0.032490,0.006380,-1.537940,ndi
1786510275.686773,52.918369,-0.032500,0.006430,-1.537920,ndi
1786510275.701704,52.933300,-0.032510,0.006480,-1.537970,ndi
1786510275.719223,52.950819,-0.032520,0.006520,-1.537940,ndi
1786510275.736732,52.968327,-0.032520,0.006570,-1.537930,ndi
1786510275.751695,52.983291,-0.032540,0.006610,-1.537960,ndi
1786510275.769210,53.000806,-0.032530,0.006670,-1.537940,ndi
1786510275.786728,53.018323,-0.032540,0.006710,-1.537970,ndi
1786510275.801705,53.033301,-0.032540,0.006750,-1.537980,ndi
1786510275.819198,53.050794,-0.032540,0.006800,-1.537980,ndi
1786510275.836676,53.068272,-0.032560,0.006850,-1.538000,ndi
1786510275.851625,53.083221,-0.032550,0.006890,-1.537980,ndi
1786510275.869210,53.100805,-0.032570,0.006940,-1.538010,ndi
1786510275.886791,53.118387,-0.032570,0.006990,-1.538020,ndi
1786510275.901724,53.133319,-0.032570,0.007020,-1.538010,ndi
1786510275.919225,53.150821,-0.032570,0.007070,-1.538020,ndi
1786510275.936684,53.168280,-0.032570,0.007120,-1.538020,ndi
1786510275.951674,53.183269,-0.032580,0.007160,-1.538020,ndi
1786510275.969198,53.200794,-0.032560,0.007210,-1.537990,ndi
1786510275.986715,53.218311,-0.032580,0.007270,-1.538020,ndi
1786510276.001691,53.233286,-0.032580,0.007320,-1.538060,ndi
1786510276.019185,53.250781,-0.032580,0.007360,-1.538010,ndi
1786510276.036695,53.268291,-0.032590,0.007400,-1.538050,ndi
1786510276.051674,53.283269,-0.032570,0.007460,-1.538010,ndi
1786510276.069225,53.300821,-0.032580,0.007510,-1.538030,ndi
1786510276.086776,53.318372,-0.032580,0.007550,-1.538050,ndi
1786510276.101695,53.333291,-0.032580,0.007590,-1.538050,ndi
1786510276.119227,53.350823,-0.032590,0.007650,-1.538020,ndi
1786510276.136702,53.368298,-0.032590,0.007710,-1.538050,ndi
1786510276.151696,53.383292,-0.032590,0.007730,-1.538030,ndi
1786510276.169173,53.400769,-0.032590,0.007770,-1.538060,ndi
1786510276.186727,53.418323,-0.032580,0.007830,-1.538050,ndi
1786510276.201679,53.433275,-0.032570,0.007870,-1.538070,ndi
1786510276.219185,53.450781,-0.032580,0.007900,-1.538040,ndi
1786510276.236609,53.468205,-0.032580,0.007960,-1.538070,ndi
1786510276.251693,53.483289,-0.032560,0.008010,-1.538080,ndi
1786510276.269204,53.500800,-0.032580,0.008060,-1.538060,ndi
1786510276.286708,53.518304,-0.032580,0.008100,-1.538080,ndi
1786510276.301705,53.533300,-0.032570,0.008140,-1.538050,ndi
1786510276.319216,53.550812,-0.032580,0.008200,-1.538080,ndi
1786510276.336670,53.568266,-0.032570,0.008250,-1.538100,ndi
1786510276.351700,53.583296,-0.032560,0.008280,-1.538050,ndi
1786510276.369195,53.600791,-0.032560,0.008320,-1.538060,ndi
1786510276.386684,53.618279,-0.032570,0.008380,-1.538090,ndi
1786510276.401673,53.633269,-0.032560,0.008420,-1.538060,ndi
1786510276.419200,53.650796,-0.032560,0.008450,-1.538070,ndi
1786510276.436661,53.668257,-0.032560,0.008510,-1.538060,ndi
1786510276.451717,53.683313,-0.032570,0.008560,-1.538080,ndi
1786510276.469211,53.700806,-0.032570,0.008600,-1.538090,ndi
1786510276.486720,53.718316,-0.032550,0.008630,-1.538090,ndi
1786510276.501714,53.733310,-0.032540,0.008680,-1.538080,ndi
1786510276.519188,53.750784,-0.032560,0.008730,-1.538090,ndi
1786510276.536697,53.768292,-0.032550,0.008770,-1.538060,ndi
1786510276.551699,53.783295,-0.032550,0.008790,-1.538060,ndi
1786510276.569199,53.800795,-0.032530,0.008860,-1.538100,ndi
1786510276.586720,53.818316,-0.032530,0.008920,-1.538080,ndi
1786510276.601694,53.833289,-0.032540,0.008950,-1.538110,ndi
1786510276.619195,53.850791,-0.032540,0.008990,-1.538090,ndi
1786510276.636661,53.868256,-0.032530,0.009060,-1.538120,ndi
1786510276.651700,53.883296,-0.032530,0.009120,-1.538080,ndi
1786510276.669225,53.900821,-0.032540,0.009150,-1.538110,ndi
1786510276.686713,53.918309,-0.032540,0.009200,-1.538120,ndi
1786510276.701727,53.933322,-0.032530,0.009250,-1.538100,ndi
1786510276.719182,53.950778,-0.032520,0.009310,-1.538090,ndi
1786510276.736704,53.968299,-0.032520,0.009350,-1.538090,ndi
1786510276.751690,53.983286,-0.032530,0.009380,-1.538120,ndi
1786510276.769221,54.000816,-0.032520,0.009430,-1.538080,ndi
1786510276.786680,54.018276,-0.032520,0.009500,-1.538110,ndi
1786510276.801687,54.033283,-0.032500,0.009530,-1.538110,ndi
1786510276.819194,54.050790,-0.032510,0.009560,-1.538090,ndi
1786510276.836706,54.068301,-0.032500,0.009630,-1.538120,ndi
1786510276.851705,54.083301,-0.032510,0.009690,-1.538110,ndi
1786510276.869239,54.100834,-0.032510,0.009710,-1.538140,ndi
1786510276.886721,54.118316,-0.032500,0.009750,-1.538120,ndi
1786510276.901745,54.133340,-0.032490,0.009820,-1.538150,ndi
1786510276.919237,54.150833,-0.032500,0.009890,-1.538120,ndi
1786510276.936709,54.168304,-0.032500,0.009920,-1.538140,ndi
1786510276.951728,54.183324,-0.032490,0.009950,-1.538130,ndi
1786510276.969243,54.200839,-0.032480,0.010040,-1.538130,ndi
1786510276.986715,54.218310,-0.032480,0.010100,-1.538130,ndi
1786510277.001675,54.233271,-0.032480,0.010120,-1.538130,ndi
1786510277.019157,54.250753,-0.032460,0.010160,-1.538140,ndi
1786510277.036721,54.268317,-0.032460,0.010240,-1.538170,ndi
1786510277.051730,54.283325,-0.032460,0.010280,-1.538150,ndi
1786510277.069254,54.300849,-0.032460,0.010300,-1.538140,ndi
1786510277.086762,54.318357,-0.032440,0.010350,-1.538130,ndi
1786510277.101752,54.333348,-0.032430,0.010410,-1.538100,ndi
1786510277.119284,54.350880,-0.032430,0.010460,-1.538150,ndi
1786510277.136708,54.368304,-0.032430,0.010480,-1.538150,ndi
1786510277.151698,54.383294,-0.032430,0.010530,-1.538150,ndi
1786510277.169219,54.400815,-0.032420,0.010600,-1.538140,ndi
1786510277.186676,54.418272,-0.032420,0.010640,-1.538120,ndi
1786510277.201698,54.433294,-0.032410,0.010660,-1.538120,ndi
1786510277.219190,54.450786,-0.032400,0.010720,-1.538130,ndi
1786510277.236719,54.468315,-0.032400,0.010790,-1.538130,ndi
1786510277.251719,54.483315,-0.032390,0.010820,-1.538130,ndi
1786510277.269215,54.500810,-0.032390,0.010850,-1.538140,ndi
1786510277.286733,54.518329,-0.032390,0.010920,-1.538180,ndi
1786510277.301767,54.533363,-0.032390,0.010970,-1.538150,ndi
1786510277.319237,54.550833,-0.032380,0.011010,-1.538150,ndi
1786510277.336736,54.568331,-0.032370,0.011040,-1.538150,ndi
1786510277.351737,54.583333,-0.032370,0.011090,-1.538150,ndi
1786510277.369219,54.600815,-0.032370,0.011150,-1.538140,ndi
1786510277.386666,54.618261,-0.032370,0.011170,-1.538150,ndi
1786510277.401689,54.633284,-0.032370,0.011200,-1.538160,ndi
1786510277.419233,54.650829,-0.032360,0.011260,-1.538130,ndi
1786510277.436728,54.668324,-0.032360,0.011320,-1.538130,ndi
1786510277.451727,54.683323,-0.032360,0.011340,-1.538130,ndi
1786510277.469254,54.700850,-0.032360,0.011380,-1.538120,ndi
1786510277.486764,54.718360,-0.032340,0.011440,-1.538090,ndi
1786510277.501780,54.733376,-0.032350,0.011480,-1.538100,ndi
1786510277.519246,54.750842,-0.032330,0.011510,-1.538120,ndi
1786510277.536726,54.768321,-0.032340,0.011560,-1.538120,ndi
1786510277.551725,54.783321,-0.032330,0.011610,-1.538110,ndi
1786510277.569248,54.800844,-0.032340,0.011660,-1.538130,ndi
1786510277.586718,54.818313,-0.032340,0.011710,-1.538150,ndi
1786510277.601657,54.833253,-0.032330,0.011750,-1.538100,ndi
1786510277.619226,54.850821,-0.032320,0.011810,-1.538110,ndi
1786510277.636726,54.868322,-0.032330,0.011840,-1.538130,ndi
1786510277.651748,54.883344,-0.032340,0.011880,-1.538140,ndi
1786510277.669224,54.900820,-0.032330,0.011930,-1.538120,ndi
1786510277.686733,54.918328,-0.032320,0.011980,-1.538110,ndi
1786510277.701850,54.933445,-0.032330,0.012020,-1.538090,ndi
1786510277.719242,54.950837,-0.032320,0.012060,-1.538090,ndi
1786510277.736751,54.968347,-0.032320,0.012100,-1.538080,ndi
1786510277.751755,54.983351,-0.032310,0.012150,-1.538090,ndi
1786510277.769233,55.000829,-0.032310,0.012200,-1.538080,ndi
1786510277.786716,55.018311,-0.032320,0.012240,-1.538080,ndi
1786510277.801658,55.033254,-0.032300,0.012280,-1.538090,ndi
1786510277.819256,55.050851,-0.032310,0.012330,-1.538120,ndi
1786510277.836715,55.068310,-0.032310,0.012380,-1.538090,ndi
1786510277.851734,55.083329,-0.032310,0.012420,-1.538100,ndi
1786510277.869240,55.100835,-0.032300,0.012470,-1.538080,ndi
1786510277.886711,55.118307,-0.032310,0.012530,-1.538100,ndi
1786510277.901729,55.133325,-0.032300,0.012570,-1.538090,ndi
1786510277.919262,55.150858,-0.032290,0.012610,-1.538070,ndi
1786510277.936763,55.168359,-0.032310,0.012670,-1.538080,ndi
1786510277.951741,55.183337,-0.032300,0.012710,-1.538080,ndi
1786510277.969207,55.200803,-0.032290,0.012760,-1.538080,ndi
1786510277.986711,55.218307,-0.032310,0.012800,-1.538070,ndi
1786510278.001684,55.233280,-0.032290,0.012840,-1.538070,ndi
1786510278.019249,55.250844,-0.032300,0.012890,-1.538080,ndi
1786510278.036757,55.268353,-0.032300,0.012930,-1.538050,ndi
1786510278.051728,55.283324,-0.032280,0.012970,-1.538060,ndi
1786510278.069240,55.300836,-0.032290,0.013020,-1.538060,ndi
1786510278.086707,55.318303,-0.032300,0.013070,-1.538040,ndi
1786510278.101721,55.333317,-0.032280,0.013110,-1.538050,ndi
1786510278.119260,55.350856,-0.032280,0.013160,-1.538050,ndi
1786510278.136736,55.368332,-0.032280,0.013200,-1.538040,ndi
1786510278.151717,55.383313,-0.032270,0.013240,-1.538040,ndi
1786510278.169199,55.400795,-0.032280,0.013290,-1.538060,ndi
1786510278.186655,55.418251,-0.032280,0.013340,-1.538030,ndi
1786510278.201704,55.433300,-0.032250,0.013370,-1.538070,ndi
1786510278.219221,55.450816,-0.032270,0.013420,-1.538050,ndi
1786510278.236730,55.468326,-0.032270,0.013470,-1.538060,ndi
1786510278.251743,55.483339,-0.032260,0.013500,-1.538030,ndi
1786510278.269255,55.500851,-0.032270,0.013540,-1.538040,ndi
1786510278.286764,55.518360,-0.032280,0.013600,-1.538050,ndi
1786510278.301746,55.533341,-0.032280,0.013640,-1.538030,ndi
1786510278.319259,55.550855,-0.032280,0.013660,-1.538010,ndi
1786510278.336764,55.568360,-0.032280,0.013710,-1.538010,ndi
1786510278.351747,55.583343,-0.032260,0.013750,-1.538010,ndi
1786510278.369219,55.600815,-0.032280,0.013800,-1.538010,ndi
1786510278.386670,55.618265,-0.032280,0.013820,-1.538030,ndi
1786510278.401721,55.633317,-0.032270,0.013860,-1.538000,ndi
1786510278.419243,55.650839,-0.032280,0.013920,-1.538010,ndi
1786510278.436742,55.668338,-0.032280,0.013960,-1.537970,ndi
1786510278.451744,55.683339,-0.032270,0.013980,-1.537990,ndi
1786510278.469224,55.700820,-0.032280,0.014030,-1.537970,ndi
1786510278.486753,55.718349,-0.032280,0.014080,-1.537990,ndi
1786510278.501743,55.733339,-0.032270,0.014120,-1.537970,ndi
1786510278.519267,55.750862,-0.032280,0.014140,-1.537970,ndi
1786510278.536749,55.768345,-0.032290,0.014200,-1.537970,ndi
1786510278.551746,55.783342,-0.032290,0.014260,-1.538010,ndi
1786510278.569203,55.800799,-0.032300,0.014290,-1.537990,ndi
1786510278.586707,55.818303,-0.032300,0.014320,-1.537990,ndi
1786510278.601755,55.833351,-0.032310,0.014370,-1.537970,ndi
1786510278.619260,55.850856,-0.032320,0.014420,-1.537970,ndi
1786510278.636716,55.868312,-0.032300,0.014430,-1.537970,ndi
1786510278.651735,55.883331,-0.032320,0.014440,-1.537970,ndi
1786510278.669188,55.900783,-0.032310,0.014460,-1.537990,ndi
1786510278.686754,55.918350,-0.032310,0.014450,-1.537990,ndi
1786510278.701747,55.933343,-0.032320,0.014440,-1.537970,ndi
1786510278.719246,55.950842,-0.032310,0.014440,-1.538000,ndi
1786510278.736792,55.968388,-0.032310,0.014470,-1.538000,ndi
1786510278.751744,55.983339,-0.032310,0.014460,-1.538000,ndi
1786510278.769162,56.000758,-0.032310,0.014440,-1.537990,ndi
1786510278.786747,56.018343,-0.032290,0.014450,-1.537990,ndi
1786510278.801761,56.033357,-0.032310,0.014460,-1.537960,ndi
1786510278.819279,56.050875,-0.032300,0.014450,-1.537970,ndi
1786510278.836746,56.068342,-0.032310,0.014440,-1.537990,ndi
1786510278.851745,56.083340,-0.032310,0.014460,-1.538000,ndi
1786510278.869224,56.100820,-0.032300,0.014470,-1.537980,ndi
1786510278.886749,56.118345,-0.032310,0.014440,-1.537990,ndi
1786510278.901739,56.133335,-0.032300,0.014440,-1.538000,ndi
1786510278.919288,56.150884,-0.032300,0.014460,-1.537990,ndi
1786510278.936759,56.168355,-0.032310,0.014470,-1.537990,ndi
1786510278.951717,56.183313,-0.032300,0.014450,-1.537950,ndi
1786510278.969187,56.200783,-0.032310,0.014450,-1.537970,ndi
1786510278.986773,56.218369,-0.032310,0.014470,-1.538000,ndi
1786510279.001758,56.233353,-0.032300,0.014460,-1.537980,ndi
1786510279.019322,56.250918,-0.032300,0.014450,-1.537970,ndi
1786510279.036757,56.268352,-0.032300,0.014450,-1.537980,ndi
1786510279.051747,56.283343,-0.032310,0.014470,-1.538000,ndi
1786510279.069344,56.300939,-0.032290,0.014460,-1.537990,ndi
1786510279.086780,56.318376,-0.032310,0.014450,-1.538000,ndi
1786510279.101764,56.333360,-0.032300,0.014460,-1.537990,ndi
1786510279.119305,56.350900,-0.032310,0.014470,-1.537990,ndi
1786510279.136711,56.368307,-0.032310,0.014460,-1.537990,ndi
1786510279.151725,56.383321,-0.032300,0.014450,-1.537980,ndi
1786510279.169212,56.400808,-0.032310,0.014460,-1.537990,ndi
1786510279.186753,56.418349,-0.032300,0.014470,-1.538010,ndi
1786510279.201743,56.433339,-0.032300,0.014460,-1.538000,ndi
1786510279.219261,56.450856,-0.032310,0.014450,-1.537990,ndi
1786510279.236774,56.468369,-0.032300,0.014460,-1.538010,ndi
1786510279.251733,56.483329,-0.032300,0.014470,-1.538000,ndi
1786510279.269254,56.500849,-0.032300,0.014460,-1.537990,ndi
1786510279.286751,56.518347,-0.032300,0.014450,-1.537970,ndi
1786510279.301743,56.533339,-0.032290,0.014460,-1.537980,ndi
1786510279.322775,56.554371,-0.032300,0.014460,-1.538000,ndi
1786510279.336753,56.568348,-0.032300,0.014460,-1.537970,ndi
1786510279.351736,56.583331,-0.032290,0.014450,-1.537990,ndi
1786510279.369260,56.600856,-0.032290,0.014470,-1.538010,ndi
1786510279.386773,56.618369,-0.032290,0.014460,-1.537990,ndi
1786510279.401755,56.633351,-0.032290,0.014450,-1.538000,ndi
1786510279.419259,56.650854,-0.032290,0.014460,-1.537990,ndi
1786510279.436740,56.668335,-0.032290,0.014470,-1.537980,ndi
1786510279.451743,56.683339,-0.032300,0.014470,-1.538000,ndi
1786510279.469287,56.700883,-0.032290,0.014450,-1.537980,ndi
1786510279.486739,56.718335,-0.032300,0.014460,-1.537990,ndi
1786510279.501743,56.733339,-0.032290,0.014470,-1.537990,ndi
1786510279.519312,56.750908,-0.032290,0.014460,-1.537980,ndi
1786510279.536744,56.768340,-0.032300,0.014460,-1.537980,ndi
1786510279.551672,56.783268,-0.032290,0.014470,-1.537970,ndi
1786510279.569268,56.800863,-0.032280,0.014460,-1.538000,ndi
1786510279.586774,56.818370,-0.032290,0.014460,-1.538000,ndi
1786510279.601777,56.833372,-0.032290,0.014460,-1.538000,ndi
1786510279.619605,56.851201,-0.032280,0.014470,-1.538000,ndi
1786510279.636800,56.868396,-0.032290,0.014460,-1.537990,ndi
1786510279.651760,56.883356,-0.032290,0.014460,-1.538000,ndi
1786510279.669284,56.900880,-0.032280,0.014460,-1.538010,ndi
1786510279.686779,56.918375,-0.032300,0.014460,-1.537980,ndi
1786510279.701775,56.933371,-0.032280,0.014460,-1.537990,ndi
1786510279.719269,56.950865,-0.032280,0.014460,-1.537970,ndi
1786510279.736728,56.968323,-0.032290,0.014460,-1.538010,ndi
1786510279.751693,56.983289,-0.032270,0.014470,-1.537990,ndi
1786510279.769272,57.000868,-0.032290,0.014460,-1.538020,ndi
1786510279.786750,57.018346,-0.032290,0.014460,-1.537990,ndi
1786510279.801739,57.033335,-0.032280,0.014470,-1.537980,ndi
1786510279.819344,57.050940,-0.032280,0.014460,-1.537970,ndi
1786510279.836756,57.068351,-0.032290,0.014460,-1.538020,ndi
1786510279.851772,57.083368,-0.032280,0.014460,-1.537960,ndi
1786510279.869292,57.100888,-0.032280,0.014470,-1.538000,ndi
1786510279.886775,57.118370,-0.032290,0.014470,-1.537980,ndi
1786510279.901711,57.133307,-0.032270,0.014460,-1.537980,ndi
1786510279.919276,57.150872,-0.032280,0.014460,-1.538000,ndi
1786510279.936747,57.168343,-0.032290,0.014470,-1.537990,ndi
1786510279.951709,57.183305,-0.032270,0.014470,-1.537990,ndi
1786510279.969280,57.200876,-0.032280,0.014450,-1.538010,ndi
1786510279.986773,57.218369,-0.032280,0.014460,-1.538000,ndi
1786510280.001770,57.233366,-0.032280,0.014480,-1.537990,ndi
1786510280.019344,57.250939,-0.032280,0.014470,-1.538010,ndi
1786510280.036805,57.268401,-0.032280,0.014450,-1.537980,ndi
1786510280.051786,57.283382,-0.032270,0.014470,-1.537980,ndi
1786510280.069348,57.300944,-0.032280,0.014490,-1.537980,ndi
1786510280.086821,57.318416,-0.032270,0.014460,-1.537980,ndi
1786510280.101802,57.333398,-0.032280,0.014450,-1.538010,ndi
1786510280.119301,57.350897,-0.032280,0.014470,-1.537980,ndi
1786510280.136724,57.368320,-0.032270,0.014490,-1.537950,ndi
1786510280.151769,57.383365,-0.032270,0.014460,-1.538010,ndi
1786510280.169293,57.400889,-0.032280,0.014460,-1.537990,ndi
1786510280.186774,57.418369,-0.032270,0.014480,-1.538000,ndi
1786510280.201769,57.433365,-0.032270,0.014480,-1.537990,ndi
1786510280.219288,57.450884,-0.032280,0.014450,-1.538000,ndi
1786510280.236786,57.468382,-0.032280,0.014460,-1.537980,ndi
1786510280.251786,57.483382,-0.032270,0.014480,-1.537960,ndi
1786510280.269283,57.500879,-0.032280,0.014470,-1.537970,ndi
1786510280.286774,57.518370,-0.032270,0.014450,-1.537980,ndi
1786510280.301768,57.533364,-0.032270,0.014460,-1.537990,ndi
1786510280.319245,57.550841,-0.032280,0.014480,-1.537990,ndi
1786510280.336709,57.568305,-0.032270,0.014470,-1.537980,ndi
1786510280.351755,57.583350,-0.032280,0.014460,-1.538010,ndi
1786510280.369283,57.600879,-0.032270,0.014470,-1.538000,ndi
1786510280.386762,57.618358,-0.032270,0.014480,-1.538000,ndi
1786510280.401761,57.633357,-0.032270,0.014470,-1.538000,ndi
1786510280.419255,57.650851,-0.032270,0.014450,-1.538000,ndi
1786510280.436784,57.668379,-0.032270,0.014470,-1.537980,ndi
1786510280.451765,57.683360,-0.032280,0.014480,-1.537990,ndi
1786510280.469323,57.700919,-0.032270,0.014470,-1.537960,ndi
1786510280.486770,57.718365,-0.032270,0.014450,-1.537980,ndi
1786510280.501744,57.733340,-0.032260,0.014470,-1.537980,ndi
1786510280.519263,57.750859,-0.032270,0.014490,-1.537990,ndi
1786510280.536686,57.768282,-0.032270,0.014470,-1.538030,ndi
1786510280.551787,57.783383,-0.032280,0.014460,-1.538010,ndi
1786510280.569292,57.800888,-0.032260,0.014480,-1.538000,ndi
1786510280.586779,57.818375,-0.032260,0.014480,-1.537990,ndi
1786510280.601782,57.833378,-0.032280,0.014460,-1.537980,ndi
1786510280.619253,57.850849,-0.032260,0.014460,-1.538010,ndi
1786510280.636804,57.868400,-0.032270,0.014480,-1.538000,ndi
1786510280.651795,57.883391,-0.032260,0.014480,-1.537980,ndi
1786510280.669285,57.900880,-0.032260,0.014460,-1.537990,ndi
1786510280.686771,57.918366,-0.032270,0.014460,-1.537990,ndi
1786510280.701765,57.933360,-0.032270,0.014480,-1.538000,ndi
1786510280.719220,57.950816,-0.032260,0.014480,-1.537980,ndi
1786510280.736757,57.968353,-0.032250,0.014460,-1.538000,ndi
1786510280.751764,57.983360,-0.032270,0.014470,-1.537990,ndi
1786510280.769294,58.000890,-0.032270,0.014480,-1.537990,ndi
1786510280.786767,58.018362,-0.032260,0.014470,-1.538000,ndi
1786510280.801756,58.033352,-0.032260,0.014460,-1.537990,ndi
1786510280.819262,58.050858,-0.032260,0.014480,-1.538000,ndi
1786510280.836766,58.068361,-0.032260,0.014480,-1.537980,ndi
1786510280.851786,58.083382,-0.032260,0.014470,-1.537990,ndi
1786510280.869298,58.100894,-0.032260,0.014470,-1.538010,ndi
1786510280.886748,58.118343,-0.032260,0.014480,-1.537960,ndi
1786510280.901754,58.133350,-0.032260,0.014480,-1.537960,ndi
1786510280.919280,58.150875,-0.032270,0.014470,-1.537970,ndi
1786510280.936793,58.168389,-0.032270,0.014470,-1.538030,ndi
1786510280.951780,58.183375,-0.032270,0.014480,-1.537990,ndi
1786510280.969283,58.200879,-0.032260,0.014470,-1.538010,ndi
1786510280.986773,58.218369,-0.032250,0.014460,-1.538000,ndi
1786510281.001774,58.233370,-0.032270,0.014470,-1.537990,ndi
1786510281.019292,58.250888,-0.032260,0.014480,-1.538000,ndi
1786510281.036793,58.268388,-0.032250,0.014480,-1.538000,ndi
1786510281.051781,58.283377,-0.032260,0.014470,-1.538000,ndi
1786510281.069263,58.300858,-0.032260,0.014470,-1.538000,ndi
1786510281.086749,58.318345,-0.032240,0.014480,-1.537990,ndi
1786510281.101745,58.333340,-0.032260,0.014470,-1.537980,ndi
1786510281.119253,58.350849,-0.032250,0.014470,-1.538000,ndi
1786510281.136795,58.368391,-0.032250,0.014480,-1.537990,ndi
1786510281.151804,58.383400,-0.032270,0.014490,-1.538020,ndi
1786510281.169302,58.400897,-0.032250,0.014480,-1.538000,ndi
1786510281.186796,58.418392,-0.032240,0.014460,-1.537980,ndi
1786510281.201773,58.433369,-0.032260,0.014480,-1.537970,ndi
1786510281.219311,58.450907,-0.032240,0.014490,-1.538000,ndi
1786510281.236808,58.468404,-0.032250,0.014470,-1.537980,ndi
1786510281.251803,58.483399,-0.032260,0.014460,-1.537970,ndi
1786510281.269304,58.500899,-0.032250,0.014480,-1.537990,ndi
1786510281.286788,58.518383,-0.032250,0.014480,-1.537990,ndi
1786510281.301766,58.533362,-0.032250,0.014470,-1.537980,ndi
1786510281.319285,58.550881,-0.032250,0.014470,-1.538000,ndi
1786510281.336791,58.568387,-0.032240,0.014480,-1.537990,ndi
1786510281.351792,58.583388,-0.032260,0.014480,-1.537980,ndi
1786510281.369297,58.600893,-0.032240,0.014470,-1.538000,ndi
1786510281.386800,58.618396,-0.032250,0.014470,-1.537970,ndi
1786510281.401779,58.633375,-0.032260,0.014490,-1.538010,ndi
1786510281.419289,58.650885,-0.032230,0.014480,-1.537960,ndi
1786510281.436838,58.668434,-0.032250,0.014470,-1.537980,ndi
1786510281.451811,58.683407,-0.032250,0.014470,-1.537990,ndi
1786510281.469311,58.700907,-0.032240,0.014480,-1.537980,ndi
1786510281.486766,58.718362,-0.032250,0.014480,-1.537990,ndi
1786510281.501706,58.733301,-0.032250,0.014480,-1.537980,ndi
1786510281.519279,58.750874,-0.032230,0.014480,-1.538020,ndi
1786510281.536793,58.768389,-0.032240,0.014490,-1.538010,ndi
1786510281.551822,58.783418,-0.032260,0.014480,-1.537980,ndi
1786510281.569326,58.800922,-0.032240,0.014470,-1.537990,ndi
1786510281.586773,58.818369,-0.032240,0.014480,-1.537990,ndi
1786510281.601754,58.833350,-0.032250,0.014490,-1.538010,ndi
1786510281.619313,58.850908,-0.032240,0.014480,-1.537990,ndi
1786510281.636805,58.868401,-0.032240,0.014470,-1.537990,ndi
1786510281.651801,58.883396,-0.032230,0.014480,-1.538000,ndi
1786510281.669302,58.900898,-0.032240,0.014490,-1.537990,ndi
1786510281.686767,58.918363,-0.032250,0.014480,-1.537980,ndi
1786510281.701741,58.933336,-0.032240,0.014480,-1.538000,ndi
1786510281.719317,58.950913,-0.032250,0.014490,-1.538010,ndi
1786510281.736830,58.968426,-0.032240,0.014490,-1.537990,ndi
1786510281.751821,58.983417,-0.032240,0.014480,-1.538000,ndi
1786510281.769319,59.000915,-0.032240,0.014480,-1.538020,ndi
1786510281.786771,59.018367,-0.032250,0.014480,-1.538010,ndi
1786510281.801805,59.033401,-0.032240,0.014480,-1.538000,ndi
1786510281.819313,59.050909,-0.032240,0.014480,-1.537990,ndi
1786510281.836864,59.068460,-0.032240,0.014480,-1.538000,ndi
1786510281.851825,59.083421,-0.032240,0.014490,-1.538000,ndi
1786510281.869332,59.100927,-0.032240,0.014480,-1.538010,ndi
1786510281.886810,59.118405,-0.032240,0.014480,-1.538000,ndi
1786510281.901762,59.133358,-0.032240,0.014490,-1.538010,ndi
1786510281.922543,59.154138,-0.032240,0.014490,-1.537980,ndi
1786510281.936850,59.168445,-0.032230,0.014480,-1.538000,ndi
1786510281.951813,59.183409,-0.032240,0.014480,-1.538010,ndi
1786510281.969365,59.200961,-0.032230,0.014490,-1.538010,ndi
1786510281.986795,59.218390,-0.032240,0.014490,-1.537990,ndi
1786510282.001786,59.233382,-0.032240,0.014480,-1.538000,ndi
1786510282.019330,59.250926,-0.032240,0.014480,-1.538000,ndi
1786510282.036862,59.268457,-0.032230,0.014490,-1.538000,ndi
1786510282.051831,59.283427,-0.032230,0.014480,-1.537990,ndi
1786510282.069296,59.300892,-0.032230,0.014480,-1.537980,ndi
1786510282.086756,59.318352,-0.032240,0.014490,-1.537990,ndi
1786510282.101805,59.333400,-0.032230,0.014490,-1.538020,ndi
1786510282.119292,59.350888,-0.032230,0.014490,-1.537980,ndi
1786510282.136823,59.368419,-0.032230,0.014480,-1.538000,ndi
1786510282.151825,59.383421,-0.032240,0.014480,-1.537980,ndi
1786510282.169308,59.400904,-0.032230,0.014490,-1.538010,ndi
1786510282.186809,59.418405,-0.032240,0.014490,-1.538010,ndi
1786510282.201811,59.433406,-0.032240,0.014490,-1.538000,ndi
1786510282.219330,59.450925,-0.032230,0.014480,-1.538000,ndi
1786510282.236890,59.468486,-0.032230,0.014480,-1.538020,ndi
1786510282.251825,59.483421,-0.032240,0.014490,-1.537990,ndi
1786510282.269297,59.500893,-0.032230,0.014490,-1.537980,ndi
1786510282.286747,59.518343,-0.032220,0.014480,-1.538020,ndi
1786510282.301807,59.533403,-0.032250,0.014490,-1.538020,ndi
1786510282.319313,59.550909,-0.032230,0.014490,-1.538010,ndi
1786510282.336799,59.568394,-0.032230,0.014490,-1.538010,ndi
1786510282.351801,59.583397,-0.032230,0.014480,-1.538020,ndi
1786510282.369287,59.600883,-0.032230,0.014480,-1.538010,ndi
1786510282.386783,59.618379,-0.032230,0.014490,-1.537990,ndi
1786510282.401778,59.633373,-0.032220,0.014500,-1.538000,ndi
1786510282.419319,59.650914,-0.032230,0.014480,-1.538000,ndi
1786510282.436845,59.668441,-0.032230,0.014480,-1.537990,ndi
1786510282.451805,59.683400,-0.032220,0.014490,-1.538010,ndi
1786510282.469313,59.700909,-0.032240,0.014500,-1.537990,ndi
1786510282.486743,59.718339,-0.032220,0.014480,-1.538000,ndi
1786510282.501848,59.733444,-0.032230,0.014480,-1.538010,ndi
1786510282.519346,59.750942,-0.032220,0.014500,-1.538000,ndi
1786510282.536813,59.768409,-0.032230,0.014490,-1.538030,ndi
1786510282.551804,59.783400,-0.032230,0.014480,-1.538020,ndi
1786510282.569324,59.800920,-0.032230,0.014480,-1.538000,ndi
1786510282.586800,59.818395,-0.032230,0.014500,-1.537990,ndi
1786510282.601800,59.833396,-0.032220,0.014500,-1.538020,ndi
1786510282.619326,59.850922,-0.032230,0.014470,-1.538000,ndi
1786510282.636785,59.868380,-0.032220,0.014490,-1.538010,ndi
1786510282.651803,59.883398,-0.032230,0.014510,-1.538010,ndi
1786510282.669261,59.900857,-0.032220,0.014490,-1.537990,ndi
1786510282.686801,59.918397,-0.032210,0.014470,-1.538010,ndi
1786510282.701822,59.933418,-0.032230,0.014490,-1.538000,ndi
1786510282.719334,59.950930,-0.032220,0.014510,-1.538030,ndi
1786510282.736805,59.968401,-0.032220,0.014480,-1.538010,ndi
1786510282.751820,59.983416,-0.032230,0.014470,-1.538030,ndi
1786510282.769361,60.000957,-0.032230,0.014500,-1.538000,ndi
1786510282.786819,60.018414,-0.032220,0.014510,-1.537980,ndi
1786510282.801811,60.033406,-0.032230,0.014480,-1.538000,ndi
1786510282.819341,60.050937,-0.032220,0.014480,-1.538000,ndi
1786510282.836815,60.068411,-0.032220,0.014500,-1.538010,ndi
1786510282.851800,60.083396,-0.032230,0.014510,-1.538010,ndi
1786510282.869255,60.100850,-0.032220,0.014480,-1.537980,ndi
1786510282.886811,60.118407,-0.032220,0.014480,-1.538020,ndi
1786510282.901811,60.133407,-0.032240,0.014500,-1.538030,ndi
1786510282.919345,60.150941,-0.032220,0.014510,-1.538020,ndi
1786510282.936818,60.168414,-0.032220,0.014480,-1.538020,ndi
1786510282.951821,60.183417,-0.032230,0.014480,-1.538010,ndi
1786510282.969324,60.200920,-0.032210,0.014500,-1.538010,ndi
1786510282.986824,60.218420,-0.032220,0.014500,-1.538010,ndi
1786510283.001818,60.233413,-0.032230,0.014480,-1.538020,ndi
1786510283.019348,60.250943,-0.032210,0.014480,-1.538000,ndi
1786510283.036838,60.268433,-0.032220,0.014500,-1.538010,ndi
1786510283.051817,60.283412,-0.032220,0.014500,-1.538000,ndi
1786510283.069283,60.300879,-0.032220,0.014470,-1.537990,ndi
1786510283.086782,60.318378,-0.032220,0.014490,-1.538020,ndi
1786510283.101796,60.333392,-0.032220,0.014510,-1.538010,ndi
1786510283.119310,60.350906,-0.032220,0.014500,-1.537990,ndi
1786510283.136812,60.368408,-0.032210,0.014470,-1.538010,ndi
1786510283.151798,60.383394,-0.032220,0.014490,-1.538010,ndi
1786510283.169320,60.400915,-0.032210,0.014510,-1.538000,ndi
1786510283.186787,60.418383,-0.032220,0.014490,-1.538010,ndi
1786510283.201788,60.433384,-0.032220,0.014480,-1.538020,ndi
1786510283.219329,60.450925,-0.032210,0.014490,-1.538000,ndi
1786510283.236779,60.468375,-0.032220,0.014500,-1.538000,ndi
1786510283.251808,60.483404,-0.032220,0.014490,-1.537990,ndi
1786510283.269327,60.500923,-0.032210,0.014480,-1.538020,ndi
1786510283.286853,60.518449,-0.032220,0.014500,-1.538010,ndi
1786510283.301857,60.533452,-0.032220,0.014510,-1.538000,ndi
1786510283.319352,60.550948,-0.032220,0.014490,-1.538030,ndi
1786510283.336811,60.568407,-0.032220,0.014490,-1.538030,ndi
1786510283.351802,60.583398,-0.032220,0.014500,-1.538010,ndi
1786510283.369345,60.600941,-0.032210,0.014500,-1.538010,ndi
1786510283.386799,60.618394,-0.032220,0.014490,-1.538030,ndi
1786510283.401799,60.633395,-0.032210,0.014490,-1.538010,ndi
1786510283.419345,60.650941,-0.032210,0.014500,-1.538020,ndi
1786510283.436792,60.668388,-0.032220,0.014500,-1.537990,ndi
1786510283.451787,60.683383,-0.032210,0.014490,-1.537970,ndi
1786510283.469338,60.700934,-0.032210,0.014500,-1.538010,ndi
1786510283.486827,60.718423,-0.032210,0.014500,-1.538000,ndi
1786510283.501819,60.733415,-0.032220,0.014500,-1.538020,ndi
1786510283.519344,60.750940,-0.032210,0.014490,-1.538040,ndi
1786510283.536819,60.768414,-0.032210,0.014490,-1.538010,ndi
1786510283.551932,60.783528,-0.032220,0.014500,-1.538010,ndi
1786510283.569354,60.800950,-0.032210,0.014490,-1.538020,ndi
1786510283.586840,60.818436,-0.032220,0.014500,-1.538010,ndi
1786510283.601834,60.833430,-0.032210,0.014500,-1.538020,ndi
1786510283.619345,60.850941,-0.032220,0.014500,-1.538040,ndi
1786510283.636809,60.868405,-0.032220,0.014490,-1.538020,ndi
1786510283.651812,60.883408,-0.032210,0.014500,-1.538040,ndi
1786510283.669344,60.900940,-0.032220,0.014510,-1.538050,ndi
1786510283.686841,60.918437,-0.032210,0.014490,-1.538020,ndi
1786510283.701834,60.933430,-0.032210,0.014490,-1.538040,ndi
1786510283.719319,60.950915,-0.032210,0.014500,-1.538030,ndi
1786510283.736810,60.968406,-0.032200,0.014500,-1.538020,ndi
1786510283.751848,60.983443,-0.032210,0.014490,-1.538020,ndi
1786510283.769327,61.000922,-0.032200,0.014490,-1.538030,ndi
1786510283.786825,61.018421,-0.032210,0.014500,-1.538000,ndi
1786510283.801819,61.033415,-0.032210,0.014500,-1.538020,ndi
1786510283.819314,61.050910,-0.032200,0.014480,-1.538010,ndi
1786510283.836816,61.068411,-0.032210,0.014490,-1.538000,ndi
1786510283.851822,61.083418,-0.032210,0.014500,-1.538010,ndi
1786510283.869347,61.100943,-0.032200,0.014500,-1.538010,ndi
1786510283.886822,61.118418,-0.032210,0.014490,-1.538020,ndi
1786510283.901845,61.133441,-0.032210,0.014490,-1.538030,ndi
1786510283.919359,61.150955,-0.032200,0.014510,-1.538030,ndi
1786510283.936837,61.168432,-0.032210,0.014500,-1.538010,ndi
1786510283.951848,61.183444,-0.032210,0.014480,-1.538030,ndi
1786510283.969348,61.200944,-0.032210,0.014500,-1.538030,ndi
1786510283.986835,61.218431,-0.032200,0.014510,-1.538030,ndi
1786510284.001832,61.233427,-0.032210,0.014500,-1.538040,ndi
1786510284.019334,61.250929,-0.032210,0.014490,-1.538010,ndi
