stamp,elapsed,x,y,z,frame_id
1786507288.069442,0.000000,-0.008490,-0.044070,-1.558290,ndi
1786507288.086899,0.017457,-0.008500,-0.044080,-1.558260,ndi
1786507288.101957,0.032515,-0.008500,-0.044090,-1.558290,ndi
1786507288.119526,0.050084,-0.008490,-0.044080,-1.558300,ndi
1786507288.136978,0.067536,-0.008500,-0.044070,-1.558280,ndi
1786507288.151940,0.082498,-0.008490,-0.044080,-1.558280,ndi
1786507288.169430,0.099988,-0.008480,-0.044090,-1.558290,ndi
1786507288.186918,0.117476,-0.008500,-0.044080,-1.558270,ndi
1786507288.201930,0.132488,-0.008490,-0.044080,-1.558290,ndi
1786507288.219484,0.150042,-0.008490,-0.044090,-1.558300,ndi
1786507288.237065,0.167623,-0.008500,-0.044070,-1.558290,ndi
1786507288.252043,0.182601,-0.008500,-0.044080,-1.558290,ndi
1786507288.269401,0.199959,-0.008500,-0.044090,-1.558270,ndi
1786507288.286923,0.217481,-0.008500,-0.044080,-1.558270,ndi
1786507288.301996,0.232554,-0.008500,-0.044070,-1.558260,ndi
1786507288.319450,0.250008,-0.008500,-0.044070,-1.558290,ndi
1786507288.337013,0.267570,-0.008490,-0.044080,-1.558280,ndi
1786507288.352046,0.282604,-0.008490,-0.044090,-1.558280,ndi
1786507288.369436,0.299994,-0.008490,-0.044080,-1.558270,ndi
1786507288.386932,0.317490,-0.008500,-0.044070,-1.558290,ndi
1786507288.401925,0.332483,-0.008490,-0.044080,-1.558270,ndi
1786507288.419419,0.349977,-0.008490,-0.044090,-1.558270,ndi
1786507288.437100,0.367658,-0.008500,-0.044080,-1.558290,ndi
1786507288.452034,0.382592,-0.008490,-0.044070,-1.558270,ndi
1786507288.469415,0.399973,-0.008480,-0.044090,-1.558300,ndi
1786507288.486928,0.417486,-0.008500,-0.044090,-1.558290,ndi
1786507288.502010,0.432568,-0.008500,-0.044070,-1.558280,ndi
1786507288.519417,0.449975,-0.008500,-0.044080,-1.558270,ndi
1786507288.536950,0.467508,-0.008490,-0.044090,-1.558260,ndi
1786507288.551920,0.482478,-0.008490,-0.044080,-1.558290,ndi
1786507288.569391,0.499949,-0.008490,-0.044070,-1.558290,ndi
1786507288.586929,0.517487,-0.008480,-0.044080,-1.558290,ndi
1786507288.602093,0.532650,-0.008500,-0.044090,-1.558280,ndi
1786507288.619574,0.550132,-0.008490,-0.044080,-1.558280,ndi
1786507288.637038,0.567596,-0.008490,-0.044070,-1.558310,ndi
1786507288.651961,0.582519,-0.008490,-0.044080,-1.558290,ndi
1786507288.669445,0.600003,-0.008500,-0.044080,-1.558280,ndi
1786507288.686970,0.617528,-0.008500,-0.044080,-1.558290,ndi
1786507288.701982,0.632540,-0.008490,-0.044070,-1.558260,ndi
1786507288.719545,0.650103,-0.008500,-0.044080,-1.558310,ndi
1786507288.737074,0.667632,-0.008500,-0.044090,-1.558280,ndi
1786507288.751986,0.682544,-0.008490,-0.044090,-1.558280,ndi
1786507288.769457,0.700015,-0.008500,-0.044070,-1.558280,ndi
1786507288.786973,0.717530,-0.008490,-0.044070,-1.558290,ndi
1786507288.802071,0.732629,-0.008490,-0.044090,-1.558260,ndi
1786507288.819491,0.750049,-0.008500,-0.044080,-1.558260,ndi
1786507288.837083,0.767641,-0.008490,-0.044070,-1.558280,ndi
1786507288.852047,0.782605,-0.008490,-0.044080,-1.558280,ndi
1786507288.869423,0.799981,-0.008500,-0.044090,-1.558270,ndi
1786507288.887018,0.817576,-0.008510,-0.044070,-1.558290,ndi
1786507288.902008,0.832566,-0.008500,-0.044070,-1.558280,ndi
1786507288.919596,0.850154,-0.008480,-0.044090,-1.558270,ndi
1786507288.937087,0.867645,-0.008500,-0.044090,-1.558290,ndi
1786507288.952039,0.882597,-0.008490,-0.044070,-1.558260,ndi
1786507288.969435,0.899993,-0.008490,-0.044070,-1.558260,ndi
1786507288.986915,0.917473,-0.008500,-0.044080,-1.558300,ndi
1786507289.001919,0.932477,-0.008480,-0.044080,-1.558300,ndi
1786507289.019445,0.950003,-0.008490,-0.044080,-1.558290,ndi
1786507289.036963,0.967521,-0.008490,-0.044070,-1.558280,ndi
1786507289.052060,0.982618,-0.008490,-0.044070,-1.558280,ndi
1786507289.069420,0.999978,-0.008490,-0.044080,-1.558280,ndi
1786507289.086964,1.017522,-0.008500,-0.044080,-1.558300,ndi
1786507289.101954,1.032512,-0.008500,-0.044070,-1.558290,ndi
1786507289.119579,1.050137,-0.008490,-0.044080,-1.558260,ndi
1786507289.137026,1.067584,-0.008500,-0.044080,-1.558290,ndi
1786507289.151947,1.082505,-0.008490,-0.044070,-1.558300,ndi
1786507289.169445,1.100003,-0.008480,-0.044070,-1.558270,ndi
1786507289.186973,1.117531,-0.008490,-0.044080,-1.558270,ndi
1786507289.202014,1.132572,-0.008490,-0.044080,-1.558300,ndi
1786507289.219489,1.150047,-0.008500,-0.044070,-1.558290,ndi
1786507289.237011,1.167569,-0.008490,-0.044080,-1.558280,ndi
1786507289.251981,1.182539,-0.008480,-0.044090,-1.558280,ndi
1786507289.269481,1.200039,-0.008510,-0.044070,-1.558280,ndi
1786507289.287171,1.217729,-0.008500,-0.044070,-1.558280,ndi
1786507289.301946,1.232504,-0.008500,-0.044080,-1.558280,ndi
1786507289.319463,1.250021,-0.008500,-0.044090,-1.558300,ndi
1786507289.336995,1.267553,-0.008490,-0.044070,-1.558280,ndi
1786507289.351953,1.282511,-0.008490,-0.044070,-1.558290,ndi
1786507289.369459,1.300017,-0.008490,-0.044080,-1.558280,ndi
1786507289.387026,1.317584,-0.008500,-0.044080,-1.558280,ndi
1786507289.401971,1.332529,-0.008490,-0.044070,-1.558290,ndi
1786507289.419490,1.350048,-0.008490,-0.044080,-1.558270,ndi
1786507289.437000,1.367558,-0.008490,-0.044080,-1.558290,ndi
1786507289.451930,1.382488,-0.008500,-0.044080,-1.558280,ndi
1786507289.469503,1.400061,-0.008500,-0.044080,-1.558310,ndi
1786507289.486955,1.417513,-0.008490,-0.044080,-1.558290,ndi
1786507289.501930,1.432488,-0.008500,-0.044080,-1.558300,ndi
1786507289.519598,1.450156,-0.008500,-0.044080,-1.558290,ndi
1786507289.537115,1.467673,-0.008480,-0.044070,-1.558280,ndi
1786507289.552026,1.482584,-0.008500,-0.044080,-1.558280,ndi
1786507289.569465,1.500023,-0.008490,-0.044080,-1.558280,ndi
1786507289.586962,1.517520,-0.008480,-0.044080,-1.558290,ndi
1786507289.602023,1.532581,-0.008500,-0.044080,-1.558310,ndi
1786507289.619597,1.550155,-0.008490,-0.044080,-1.558290,ndi
1786507289.637050,1.567608,-0.008490,-0.044080,-1.558300,ndi
1786507289.652059,1.582617,-0.008500,-0.044080,-1.558290,ndi
1786507289.669445,1.600003,-0.008500,-0.044070,-1.558290,ndi
1786507289.686937,1.617495,-0.008500,-0.044090,-1.558280,ndi
1786507289.701994,1.632552,-0.008490,-0.044080,-1.558320,ndi
1786507289.719504,1.650062,-0.008500,-0.044070,-1.558280,ndi
1786507289.737017,1.667575,-0.008490,-0.044080,-1.558290,ndi
1786507289.752034,1.682592,-0.008490,-0.044090,-1.558320,ndi
1786507289.769440,1.699998,-0.008490,-0.044070,-1.558290,ndi
1786507289.786967,1.717525,-0.008500,-0.044070,-1.558290,ndi
1786507289.801945,1.732503,-0.008500,-0.044080,-1.558290,ndi
1786507289.819496,1.750054,-0.008490,-0.044080,-1.558280,ndi
1786507289.836996,1.767554,-0.008490,-0.044070,-1.558270,ndi
1786507289.852063,1.782621,-0.008490,-0.044080,-1.558320,ndi
1786507289.869473,1.800031,-0.008500,-0.044080,-1.558260,ndi
1786507289.887035,1.817593,-0.008500,-0.044080,-1.558280,ndi
1786507289.901936,1.832494,-0.008500,-0.044070,-1.558280,ndi
1786507289.919544,1.850101,-0.008490,-0.044080,-1.558290,ndi
1786507289.937035,1.867593,-0.008490,-0.044080,-1.558290,ndi
1786507289.952083,1.882641,-0.008500,-0.044080,-1.558300,ndi
1786507289.969505,1.900063,-0.008490,-0.044080,-1.558290,ndi
1786507289.987000,1.917558,-0.008500,-0.044080,-1.558270,ndi
1786507290.002022,1.932580,-0.008490,-0.044080,-1.558280,ndi
1786507290.019493,1.950051,-0.008490,-0.044080,-1.558260,ndi
1786507290.037071,1.967629,-0.008500,-0.044070,-1.558300,ndi
1786507290.052089,1.982647,-0.008500,-0.044080,-1.558270,ndi
1786507290.069422,1.999980,-0.008500,-0.044090,-1.558270,ndi
1786507290.086910,2.017468,-0.008490,-0.044080,-1.558290,ndi
1786507290.102005,2.032563,-0.008500,-0.044070,-1.558280,ndi
1786507290.119501,2.050059,-0.008500,-0.044080,-1.558280,ndi
1786507290.137100,2.067657,-0.008490,-0.044080,-1.558270,ndi
1786507290.152013,2.082571,-0.008490,-0.044080,-1.558300,ndi
1786507290.169452,2.100010,-0.008490,-0.044080,-1.558280,ndi
1786507290.186995,2.117553,-0.008500,-0.044090,-1.558290,ndi
1786507290.202019,2.132577,-0.008500,-0.044080,-1.558270,ndi
1786507290.219553,2.150110,-0.008490,-0.044070,-1.558290,ndi
1786507290.237133,2.167691,-0.008500,-0.044090,-1.558280,ndi
1786507290.252088,2.182646,-0.008500,-0.044080,-1.558260,ndi
1786507290.269419,2.199977,-0.008500,-0.044070,-1.558260,ndi
1786507290.284477,2.215034,-0.008490,-0.044080,-1.558300,ndi
1786507290.302040,2.232598,-0.008500,-0.044090,-1.558280,ndi
1786507290.319564,2.250122,-0.008490,-0.044080,-1.558300,ndi
1786507290.337086,2.267644,-0.008490,-0.044070,-1.558280,ndi
1786507290.352132,2.282690,-0.008500,-0.044080,-1.558270,ndi
1786507290.369428,2.299986,-0.008490,-0.044080,-1.558270,ndi
1786507290.387012,2.317570,-0.008500,-0.044080,-1.558270,ndi
1786507290.401962,2.332520,-0.008490,-0.044070,-1.558280,ndi
1786507290.419551,2.350109,-0.008490,-0.044080,-1.558270,ndi
1786507290.437099,2.367657,-0.008500,-0.044090,-1.558250,ndi
1786507290.452103,2.382661,-0.008500,-0.044070,-1.558290,ndi
1786507290.469433,2.399991,-0.008510,-0.044070,-1.558270,ndi
1786507290.484500,2.415058,-0.008500,-0.044080,-1.558280,ndi
1786507290.502043,2.432601,-0.008510,-0.044090,-1.558280,ndi
1786507290.519518,2.450076,-0.008490,-0.044070,-1.558250,ndi
1786507290.537162,2.467720,-0.008500,-0.044070,-1.558280,ndi
1786507290.551986,2.482544,-0.008490,-0.044090,-1.558260,ndi
1786507290.569427,2.499985,-0.008490,-0.044090,-1.558280,ndi
1786507290.586978,2.517536,-0.008500,-0.044070,-1.558270,ndi
1786507290.602006,2.532564,-0.008480,-0.044070,-1.558280,ndi
1786507290.619617,2.550175,-0.008500,-0.044100,-1.558270,ndi
1786507290.637109,2.567667,-0.008500,-0.044090,-1.558290,ndi
1786507290.652108,2.582666,-0.008500,-0.044060,-1.558270,ndi
1786507290.669472,2.600030,-0.008510,-0.044080,-1.558270,ndi
1786507290.684523,2.615081,-0.008500,-0.044100,-1.558280,ndi
1786507290.702094,2.632652,-0.008490,-0.044080,-1.558270,ndi
1786507290.719676,2.650234,-0.008500,-0.044060,-1.558270,ndi
1786507290.737170,2.667727,-0.008490,-0.044080,-1.558270,ndi
1786507290.752097,2.682655,-0.008500,-0.044090,-1.558290,ndi
1786507290.769470,2.700028,-0.008500,-0.044070,-1.558290,ndi
1786507290.786959,2.717517,-0.008500,-0.044070,-1.558290,ndi
1786507290.801972,2.732530,-0.008490,-0.044080,-1.558280,ndi
1786507290.819543,2.750101,-0.008510,-0.044080,-1.558290,ndi
1786507290.837107,2.767665,-0.008500,-0.044070,-1.558290,ndi
1786507290.852077,2.782634,-0.008500,-0.044070,-1.558280,ndi
1786507290.869430,2.799988,-0.008490,-0.044090,-1.558310,ndi
1786507290.886975,2.817533,-0.008490,-0.044090,-1.558290,ndi
1786507290.901943,2.832501,-0.008490,-0.044070,-1.558290,ndi
1786507290.919580,2.850138,-0.008500,-0.044070,-1.558280,ndi
1786507290.937085,2.867643,-0.008490,-0.044080,-1.558300,ndi
1786507290.952090,2.882648,-0.008490,-0.044080,-1.558290,ndi
1786507290.969472,2.900030,-0.008500,-0.044070,-1.558300,ndi
1786507290.986964,2.917522,-0.008490,-0.044070,-1.558300,ndi
1786507291.002102,2.932660,-0.008490,-0.044090,-1.558260,ndi
1786507291.019679,2.950237,-0.008510,-0.044080,-1.558270,ndi
1786507291.037094,2.967652,-0.008500,-0.044060,-1.558270,ndi
1786507291.052059,2.982617,-0.008500,-0.044080,-1.558290,ndi
1786507291.069454,3.000012,-0.008510,-0.044090,-1.558260,ndi
1786507291.086991,3.017549,-0.008490,-0.044070,-1.558280,ndi
1786507291.102125,3.032683,-0.008500,-0.044070,-1.558270,ndi
1786507291.119669,3.050227,-0.008490,-0.044080,-1.558290,ndi
1786507291.137191,3.067749,-0.008490,-0.044080,-1.558290,ndi
1786507291.152057,3.082615,-0.008490,-0.044080,-1.558320,ndi
1786507291.169480,3.100038,-0.008490,-0.044070,-1.558300,ndi
1786507291.186979,3.117537,-0.008490,-0.044070,-1.558290,ndi
1786507291.202013,3.132571,-0.008490,-0.044080,-1.558270,ndi
1786507291.219695,3.150253,-0.008500,-0.044080,-1.558300,ndi
1786507291.237097,3.167655,-0.008500,-0.044070,-1.558280,ndi
1786507291.252101,3.182659,-0.008500,-0.044070,-1.558290,ndi
1786507291.269457,3.200015,-0.008500,-0.044080,-1.558280,ndi
1786507291.287017,3.217575,-0.008490,-0.044080,-1.558300,ndi
1786507291.301988,3.232546,-0.008500,-0.044070,-1.558280,ndi
1786507291.319513,3.250071,-0.008490,-0.044070,-1.558290,ndi
1786507291.337029,3.267586,-0.008490,-0.044090,-1.558290,ndi
1786507291.352086,3.282644,-0.008500,-0.044080,-1.558300,ndi
1786507291.369470,3.300028,-0.008490,-0.044070,-1.558300,ndi
1786507291.387029,3.317587,-0.008480,-0.044070,-1.558300,ndi
1786507291.402086,3.332644,-0.008500,-0.044080,-1.558270,ndi
1786507291.419585,3.350143,-0.008500,-0.044080,-1.558300,ndi
1786507291.437085,3.367643,-0.008510,-0.044070,-1.558300,ndi
1786507291.452110,3.382668,-0.008490,-0.044080,-1.558280,ndi
1786507291.469492,3.400050,-0.008490,-0.044080,-1.558280,ndi
1786507291.487032,3.417590,-0.008500,-0.044080,-1.558290,ndi
1786507291.502166,3.432724,-0.008490,-0.044080,-1.558300,ndi
1786507291.519690,3.450248,-0.008490,-0.044070,-1.558290,ndi
1786507291.537100,3.467658,-0.008500,-0.044080,-1.558310,ndi
1786507291.552100,3.482658,-0.008500,-0.044080,-1.558280,ndi
1786507291.569471,3.500029,-0.008490,-0.044070,-1.558290,ndi
1786507291.587035,3.517593,-0.008490,-0.044070,-1.558290,ndi
1786507291.602192,3.532750,-0.008510,-0.044080,-1.558300,ndi
1786507291.619695,3.550253,-0.008500,-0.044080,-1.558290,ndi
1786507291.637237,3.567795,-0.008500,-0.044070,-1.558300,ndi
1786507291.652032,3.582590,-0.008500,-0.044070,-1.558290,ndi
1786507291.669507,3.600065,-0.008490,-0.044080,-1.558290,ndi
1786507291.686992,3.617550,-0.008500,-0.044070,-1.558270,ndi
1786507291.702097,3.632655,-0.008490,-0.044080,-1.558310,ndi
1786507291.719680,3.650238,-0.008490,-0.044080,-1.558300,ndi
1786507291.737173,3.667731,-0.008500,-0.044080,-1.558290,ndi
1786507291.752126,3.682683,-0.008500,-0.044080,-1.558290,ndi
1786507291.769489,3.700047,-0.008500,-0.044080,-1.558300,ndi
1786507291.787004,3.717562,-0.008490,-0.044070,-1.558270,ndi
1786507291.802112,3.732670,-0.008500,-0.044070,-1.558280,ndi
1786507291.819564,3.750122,-0.008520,-0.044080,-1.558280,ndi
1786507291.837122,3.767680,-0.008510,-0.044080,-1.558290,ndi
1786507291.851987,3.782545,-0.008500,-0.044070,-1.558280,ndi
1786507291.869479,3.800037,-0.008510,-0.044070,-1.558280,ndi
1786507291.886982,3.817540,-0.008490,-0.044080,-1.558290,ndi
1786507291.902134,3.832692,-0.008500,-0.044080,-1.558280,ndi
1786507291.919574,3.850132,-0.008500,-0.044070,-1.558290,ndi
1786507291.937046,3.867604,-0.008490,-0.044080,-1.558310,ndi
1786507291.952048,3.882606,-0.008500,-0.044080,-1.558290,ndi
1786507291.969471,3.900028,-0.008500,-0.044080,-1.558290,ndi
1786507291.986997,3.917555,-0.008500,-0.044070,-1.558320,ndi
1786507292.002131,3.932689,-0.008510,-0.044080,-1.558300,ndi
1786507292.019633,3.950191,-0.008500,-0.044090,-1.558280,ndi
1786507292.037047,3.967605,-0.008480,-0.044080,-1.558310,ndi
1786507292.052034,3.982592,-0.008500,-0.044060,-1.558280,ndi
1786507292.069455,4.000013,-0.008500,-0.044070,-1.558280,ndi
1786507292.086993,4.017551,-0.008490,-0.044090,-1.558300,ndi
1786507292.102134,4.032692,-0.008490,-0.044080,-1.558300,ndi
1786507292.119596,4.050154,-0.008500,-0.044060,-1.558300,ndi
1786507292.137174,4.067732,-0.008490,-0.044080,-1.558280,ndi
1786507292.152104,4.082662,-0.008500,-0.044100,-1.558270,ndi
1786507292.169471,4.100029,-0.008500,-0.044070,-1.558300,ndi
1786507292.187008,4.117566,-0.008500,-0.044060,-1.558290,ndi
1786507292.202027,4.132585,-0.008510,-0.044090,-1.558310,ndi
1786507292.219502,4.150060,-0.008500,-0.044090,-1.558290,ndi
1786507292.237136,4.167694,-0.008490,-0.044060,-1.558310,ndi
1786507292.252069,4.182626,-0.008500,-0.044070,-1.558300,ndi
1786507292.269499,4.200057,-0.008490,-0.044090,-1.558300,ndi
1786507292.287007,4.217565,-0.008490,-0.044080,-1.558300,ndi
1786507292.302171,4.232729,-0.008500,-0.044060,-1.558300,ndi
1786507292.319571,4.250129,-0.008500,-0.044070,-1.558320,ndi
1786507292.337158,4.267716,-0.008490,-0.044090,-1.558300,ndi
1786507292.352099,4.282657,-0.008490,-0.044080,-1.558300,ndi
1786507292.369488,4.300046,-0.008490,-0.044070,-1.558280,ndi
1786507292.387010,4.317568,-0.008500,-0.044080,-1.558270,ndi
1786507292.402076,4.332633,-0.008500,-0.044090,-1.558250,ndi
1786507292.419664,4.350222,-0.008500,-0.044090,-1.558280,ndi
1786507292.437199,4.367757,-0.008490,-0.044070,-1.558260,ndi
1786507292.452043,4.382601,-0.008500,-0.044070,-1.558250,ndi
1786507292.469465,4.400023,-0.008490,-0.044100,-1.558290,ndi
1786507292.487010,4.417568,-0.008490,-0.044080,-1.558280,ndi
1786507292.502197,4.432755,-0.008490,-0.044060,-1.558280,ndi
1786507292.519725,4.450283,-0.008500,-0.044080,-1.558270,ndi
1786507292.537192,4.467750,-0.008500,-0.044100,-1.558300,ndi
1786507292.552147,4.482705,-0.008490,-0.044080,-1.558270,ndi
1786507292.569508,4.500066,-0.008500,-0.044060,-1.558280,ndi
1786507292.584532,4.515090,-0.008500,-0.044080,-1.558290,ndi
1786507292.602146,4.532704,-0.008500,-0.044100,-1.558280,ndi
1786507292.619627,4.550185,-0.008510,-0.044070,-1.558300,ndi
1786507292.637205,4.567763,-0.008500,-0.044060,-1.558280,ndi
1786507292.652155,4.582713,-0.008490,-0.044090,-1.558290,ndi
1786507292.669503,4.600061,-0.008490,-0.044090,-1.558260,ndi
1786507292.687036,4.617594,-0.008490,-0.044070,-1.558270,ndi
1786507292.702144,4.632702,-0.008490,-0.044060,-1.558270,ndi
1786507292.719677,4.650235,-0.008500,-0.044080,-1.558320,ndi
1786507292.737215,4.667773,-0.008500,-0.044090,-1.558290,ndi
1786507292.752113,4.682671,-0.008490,-0.044070,-1.558280,ndi
1786507292.769495,4.700053,-0.008500,-0.044070,-1.558290,ndi
1786507292.787020,4.717578,-0.008500,-0.044080,-1.558280,ndi
1786507292.802042,4.732600,-0.008500,-0.044090,-1.558290,ndi
1786507292.819547,4.750105,-0.008490,-0.044070,-1.558280,ndi
1786507292.837051,4.767609,-0.008500,-0.044070,-1.558300,ndi
1786507292.852140,4.782698,-0.008490,-0.044090,-1.558280,ndi
1786507292.869514,4.800072,-0.008480,-0.044090,-1.558280,ndi
1786507292.887025,4.817583,-0.008500,-0.044060,-1.558300,ndi
1786507292.902200,4.832758,-0.008480,-0.044070,-1.558300,ndi
1786507292.919740,4.850298,-0.008500,-0.044100,-1.558290,ndi
1786507292.937079,4.867637,-0.008490,-0.044080,-1.558290,ndi
1786507292.952069,4.882627,-0.008480,-0.044060,-1.558290,ndi
1786507292.969507,4.900065,-0.008510,-0.044080,-1.558300,ndi
1786507292.987020,4.917578,-0.008500,-0.044090,-1.558300,ndi
1786507293.002164,4.932722,-0.008500,-0.044070,-1.558290,ndi
1786507293.019688,4.950246,-0.008500,-0.044070,-1.558280,ndi
1786507293.037131,4.967689,-0.008490,-0.044090,-1.558270,ndi
1786507293.052172,4.982730,-0.008490,-0.044080,-1.558290,ndi
1786507293.069525,5.000082,-0.008490,-0.044070,-1.558290,ndi
1786507293.087034,5.017592,-0.008500,-0.044070,-1.558300,ndi
1786507293.102144,5.032702,-0.008490,-0.044080,-1.558280,ndi
1786507293.119623,5.050181,-0.008500,-0.044080,-1.558290,ndi
1786507293.137067,5.067625,-0.008490,-0.044070,-1.558290,ndi
1786507293.152079,5.082637,-0.008490,-0.044080,-1.558290,ndi
1786507293.169513,5.100071,-0.008510,-0.044090,-1.558300,ndi
1786507293.184542,5.115100,-0.008490,-0.044080,-1.558300,ndi
1786507293.202101,5.132658,-0.008500,-0.044070,-1.558310,ndi
1786507293.219542,5.150100,-0.008500,-0.044070,-1.558300,ndi
1786507293.237112,5.167670,-0.008480,-0.044090,-1.558270,ndi
1786507293.252046,5.182604,-0.008500,-0.044080,-1.558280,ndi
1786507293.269528,5.200086,-0.008500,-0.044060,-1.558320,ndi
1786507293.287022,5.217580,-0.008490,-0.044080,-1.558290,ndi
1786507293.302149,5.232707,-0.008500,-0.044090,-1.558310,ndi
1786507293.319690,5.250248,-0.008490,-0.044070,-1.558300,ndi
1786507293.337136,5.267694,-0.008490,-0.044060,-1.558290,ndi
1786507293.352159,5.282717,-0.008500,-0.044090,-1.558280,ndi
1786507293.369528,5.300086,-0.008500,-0.044080,-1.558290,ndi
1786507293.384513,5.315071,-0.008500,-0.044060,-1.558280,ndi
1786507293.401991,5.332549,-0.008490,-0.044070,-1.558310,ndi
1786507293.419546,5.350104,-0.008490,-0.044090,-1.558290,ndi
1786507293.437295,5.367853,-0.008490,-0.044070,-1.558310,ndi
1786507293.452189,5.382747,-0.008490,-0.044070,-1.558290,ndi
1786507293.469530,5.400088,-0.008490,-0.044080,-1.558290,ndi
1786507293.484524,5.415082,-0.008490,-0.044080,-1.558300,ndi
1786507293.502096,5.432654,-0.008500,-0.044070,-1.558300,ndi
1786507293.519648,5.450206,-0.008490,-0.044070,-1.558270,ndi
1786507293.537165,5.467723,-0.008490,-0.044080,-1.558310,ndi
1786507293.552123,5.482681,-0.008500,-0.044070,-1.558290,ndi
1786507293.569516,5.500074,-0.008490,-0.044070,-1.558290,ndi
1786507293.587007,5.517565,-0.008500,-0.044080,-1.558290,ndi
1786507293.602154,5.532712,-0.008490,-0.044080,-1.558310,ndi
1786507293.619644,5.550202,-0.008490,-0.044070,-1.558290,ndi
1786507293.637174,5.567732,-0.008490,-0.044070,-1.558290,ndi
1786507293.652124,5.582682,-0.008490,-0.044080,-1.558310,ndi
1786507293.669539,5.600097,-0.008490,-0.044080,-1.558300,ndi
1786507293.684542,5.615100,-0.008490,-0.044070,-1.558290,ndi
1786507293.702147,5.632705,-0.008480,-0.044070,-1.558300,ndi
1786507293.719593,5.650151,-0.008490,-0.044080,-1.558290,ndi
1786507293.737160,5.667718,-0.008490,-0.044090,-1.558310,ndi
1786507293.752121,5.682679,-0.008490,-0.044070,-1.558290,ndi
1786507293.769501,5.700059,-0.008510,-0.044060,-1.558260,ndi
1786507293.786981,5.717539,-0.008500,-0.044090,-1.558300,ndi
1786507293.801966,5.732524,-0.008490,-0.044080,-1.558300,ndi
1786507293.819557,5.750115,-0.008500,-0.044070,-1.558300,ndi
1786507293.837155,5.767713,-0.008490,-0.044070,-1.558310,ndi
1786507293.852163,5.782721,-0.008490,-0.044090,-1.558280,ndi
1786507293.869535,5.800093,-0.008500,-0.044090,-1.558290,ndi
1786507293.887049,5.817607,-0.008490,-0.044060,-1.558290,ndi
1786507293.902049,5.832607,-0.008490,-0.044070,-1.558300,ndi
1786507293.919611,5.850169,-0.008490,-0.044090,-1.558300,ndi
1786507293.937112,5.867670,-0.008500,-0.044080,-1.558320,ndi
1786507293.952140,5.882698,-0.008490,-0.044070,-1.558300,ndi
1786507293.969509,5.900067,-0.008510,-0.044070,-1.558300,ndi
1786507293.987017,5.917575,-0.008500,-0.044090,-1.558310,ndi
1786507294.002004,5.932562,-0.008490,-0.044080,-1.558290,ndi
1786507294.019534,5.950092,-0.008490,-0.044070,-1.558290,ndi
1786507294.037196,5.967754,-0.008490,-0.044070,-1.558320,ndi
1786507294.052172,5.982730,-0.008490,-0.044080,-1.558300,ndi
1786507294.069496,6.000054,-0.008490,-0.044080,-1.558270,ndi
1786507294.087014,6.017572,-0.008490,-0.044060,-1.558270,ndi
1786507294.101994,6.032552,-0.008500,-0.044070,-1.558280,ndi
1786507294.119663,6.050221,-0.008490,-0.044090,-1.558280,ndi
1786507294.137221,6.067779,-0.008500,-0.044080,-1.558280,ndi
1786507294.152132,6.082690,-0.008500,-0.044060,-1.558270,ndi
1786507294.169544,6.100102,-0.008510,-0.044090,-1.558300,ndi
1786507294.187005,6.117563,-0.008490,-0.044100,-1.558300,ndi
1786507294.202083,6.132641,-0.008500,-0.044070,-1.558270,ndi
1786507294.219629,6.150187,-0.008490,-0.044070,-1.558290,ndi
1786507294.237146,6.167704,-0.008490,-0.044090,-1.558260,ndi
1786507294.252182,6.182740,-0.008490,-0.044090,-1.558290,ndi
1786507294.269519,6.200077,-0.008490,-0.044070,-1.558270,ndi
1786507294.287033,6.217591,-0.008490,-0.044070,-1.558300,ndi
1786507294.302049,6.232607,-0.008490,-0.044090,-1.558290,ndi
1786507294.319598,6.250156,-0.008490,-0.044080,-1.558300,ndi
1786507294.337224,6.267782,-0.008490,-0.044070,-1.558290,ndi
1786507294.352194,6.282752,-0.008500,-0.044070,-1.558270,ndi
1786507294.369520,6.300078,-0.008500,-0.044090,-1.558290,ndi
1786507294.387080,6.317638,-0.008480,-0.044080,-1.558290,ndi
1786507294.402102,6.332659,-0.008490,-0.044070,-1.558290,ndi
1786507294.419624,6.350182,-0.008500,-0.044080,-1.558290,ndi
1786507294.437260,6.367818,-0.008480,-0.044090,-1.558290,ndi
1786507294.452222,6.382780,-0.008490,-0.044080,-1.558270,ndi
1786507294.469547,6.400105,-0.008500,-0.044060,-1.558290,ndi
1786507294.484597,6.415155,-0.008500,-0.044080,-1.558270,ndi
1786507294.502098,6.432656,-0.008500,-0.044090,-1.558290,ndi
1786507294.519654,6.450212,-0.008500,-0.044070,-1.558260,ndi
1786507294.537250,6.467808,-0.008510,-0.044070,-1.558270,ndi
1786507294.552450,6.483008,-0.008490,-0.044080,-1.558300,ndi
1786507294.569545,6.500103,-0.008490,-0.044090,-1.558300,ndi
1786507294.587067,6.517625,-0.008500,-0.044070,-1.558280,ndi
1786507294.602051,6.532609,-0.008490,-0.044080,-1.558280,ndi
1786507294.619610,6.550168,-0.008500,-0.044090,-1.558300,ndi
1786507294.637177,6.567734,-0.008490,-0.044080,-1.558280,ndi
1786507294.652205,6.582763,-0.008490,-0.044070,-1.558280,ndi
1786507294.669574,6.600132,-0.008490,-0.044090,-1.558300,ndi
1786507294.687041,6.617599,-0.008490,-0.044080,-1.558280,ndi
1786507294.702086,6.632644,-0.008500,-0.044070,-1.558300,ndi
1786507294.719580,6.650138,-0.008500,-0.044070,-1.558270,ndi
1786507294.737079,6.667637,-0.008510,-0.044090,-1.558280,ndi
1786507294.752051,6.682609,-0.008490,-0.044080,-1.558280,ndi
1786507294.769516,6.700074,-0.008490,-0.044070,-1.558300,ndi
1786507294.787034,6.717592,-0.008490,-0.044070,-1.558280,ndi
1786507294.802050,6.732608,-0.008490,-0.044080,-1.558300,ndi
1786507294.819567,6.750125,-0.008490,-0.044070,-1.558260,ndi
1786507294.837077,6.767635,-0.008490,-0.044070,-1.558270,ndi
1786507294.852092,6.782650,-0.008500,-0.044070,-1.558310,ndi
1786507294.869554,6.800112,-0.008490,-0.044080,-1.558280,ndi
1786507294.887010,6.817568,-0.008480,-0.044080,-1.558280,ndi
1786507294.902013,6.832571,-0.008500,-0.044070,-1.558280,ndi
1786507294.919606,6.850164,-0.008500,-0.044070,-1.558280,ndi
1786507294.937268,6.867826,-0.008500,-0.044090,-1.558290,ndi
1786507294.952188,6.882746,-0.008500,-0.044080,-1.558290,ndi
1786507294.969548,6.900105,-0.008500,-0.044070,-1.558290,ndi
1786507294.987026,6.917584,-0.008490,-0.044080,-1.558290,ndi
1786507295.002108,6.932666,-0.008490,-0.044080,-1.558310,ndi
1786507295.019584,6.950142,-0.008500,-0.044070,-1.558290,ndi
1786507295.037132,6.967690,-0.008480,-0.044070,-1.558290,ndi
1786507295.052142,6.982700,-0.008500,-0.044080,-1.558280,ndi
1786507295.069539,7.000097,-0.008500,-0.044070,-1.558300,ndi
1786507295.087026,7.017584,-0.008480,-0.044070,-1.558300,ndi
1786507295.102148,7.032706,-0.008490,-0.044070,-1.558290,ndi
1786507295.119679,7.050237,-0.008500,-0.044070,-1.558270,ndi
1786507295.137148,7.067706,-0.008500,-0.044070,-1.558270,ndi
1786507295.152175,7.082733,-0.008500,-0.044080,-1.558270,ndi
1786507295.169541,7.100099,-0.008480,-0.044060,-1.558300,ndi
1786507295.184629,7.115187,-0.008490,-0.044060,-1.558310,ndi
1786507295.202174,7.132732,-0.008480,-0.044070,-1.558310,ndi
1786507295.219621,7.150179,-0.008490,-0.044080,-1.558310,ndi
1786507295.237105,7.167663,-0.008490,-0.044070,-1.558310,ndi
1786507295.252112,7.182670,-0.008490,-0.044070,-1.558290,ndi
1786507295.269546,7.200104,-0.008480,-0.044080,-1.558300,ndi
1786507295.287071,7.217629,-0.008480,-0.044070,-1.558300,ndi
1786507295.302157,7.232715,-0.008520,-0.044060,-1.558290,ndi
1786507295.319679,7.250237,-0.008460,-0.044070,-1.558320,ndi
1786507295.337205,7.267763,-0.008440,-0.044070,-1.558310,ndi
1786507295.352149,7.282707,-0.008510,-0.044070,-1.558310,ndi
1786507295.369577,7.300135,-0.008450,-0.044060,-1.558310,ndi
1786507295.387057,7.317615,-0.008480,-0.044070,-1.558300,ndi
1786507295.402219,7.332777,-0.008490,-0.044070,-1.558290,ndi
1786507295.419748,7.350306,-0.008460,-0.044060,-1.558310,ndi
1786507295.437252,7.367810,-0.008510,-0.044070,-1.558300,ndi
1786507295.452197,7.382755,-0.008450,-0.044080,-1.558300,ndi
1786507295.469578,7.400136,-0.008480,-0.044060,-1.558300,ndi
1786507295.487081,7.417639,-0.008530,-0.044070,-1.558300,ndi
1786507295.502212,7.432770,-0.008470,-0.044070,-1.558310,ndi
1786507295.519763,7.450321,-0.008520,-0.044060,-1.558280,ndi
1786507295.537241,7.467798,-0.008490,-0.044070,-1.558300,ndi
1786507295.552160,7.482718,-0.008470,-0.044070,-1.558320,ndi
1786507295.569549,7.500107,-0.008520,-0.044070,-1.558300,ndi
1786507295.587080,7.517638,-0.008460,-0.044070,-1.558320,ndi
1786507295.602086,7.532644,-0.008510,-0.044070,-1.558310,ndi
1786507295.619625,7.550183,-0.008470,-0.044060,-1.558300,ndi
1786507295.634611,7.565169,-0.008470,-0.044060,-1.558300,ndi
1786507295.652180,7.582738,-0.008510,-0.044080,-1.558300,ndi
1786507295.669525,7.600083,-0.008480,-0.044070,-1.558300,ndi
1786507295.687088,7.617646,-0.008510,-0.044060,-1.558290,ndi
1786507295.702147,7.632705,-0.008470,-0.044070,-1.558320,ndi
1786507295.719661,7.650218,-0.008500,-0.044070,-1.558280,ndi
1786507295.734685,7.665243,-0.008510,-0.044060,-1.558310,ndi
1786507295.752184,7.682742,-0.008480,-0.044060,-1.558290,ndi
1786507295.769564,7.700122,-0.008500,-0.044080,-1.558280,ndi
1786507295.787075,7.717633,-0.008480,-0.044070,-1.558290,ndi
1786507295.802251,7.732809,-0.008480,-0.044060,-1.558300,ndi
1786507295.819777,7.750335,-0.008490,-0.044060,-1.558270,ndi
1786507295.837250,7.767808,-0.008490,-0.044070,-1.558300,ndi
1786507295.852180,7.782737,-0.008480,-0.044060,-1.558290,ndi
1786507295.869555,7.800112,-0.008500,-0.044070,-1.558280,ndi
1786507295.887054,7.817612,-0.008490,-0.044070,-1.558290,ndi
1786507295.902158,7.832716,-0.008500,-0.044070,-1.558290,ndi
1786507295.919638,7.850196,-0.008510,-0.044070,-1.558300,ndi
1786507295.937294,7.867852,-0.008470,-0.044070,-1.558310,ndi
1786507295.952179,7.882737,-0.008490,-0.044060,-1.558300,ndi
1786507295.969580,7.900138,-0.008490,-0.044070,-1.558260,ndi
1786507295.987120,7.917678,-0.008470,-0.044070,-1.558300,ndi
1786507296.002205,7.932763,-0.008490,-0.044060,-1.558260,ndi
1786507296.019694,7.950252,-0.008480,-0.044060,-1.558270,ndi
1786507296.037293,7.967851,-0.008480,-0.044070,-1.558300,ndi
1786507296.052175,7.982733,-0.008500,-0.044070,-1.558300,ndi
1786507296.069580,8.000138,-0.008490,-0.044060,-1.558300,ndi
1786507296.087062,8.017620,-0.008490,-0.044070,-1.558270,ndi
1786507296.102078,8.032636,-0.008480,-0.044070,-1.558300,ndi
1786507296.119730,8.050288,-0.008500,-0.044070,-1.558280,ndi
1786507296.137233,8.067791,-0.008480,-0.044070,-1.558290,ndi
1786507296.152173,8.082731,-0.008490,-0.044070,-1.558290,ndi
1786507296.169580,8.100138,-0.008490,-0.044060,-1.558270,ndi
1786507296.187085,8.117643,-0.008470,-0.044070,-1.558290,ndi
1786507296.202086,8.132644,-0.008500,-0.044070,-1.558290,ndi
1786507296.219613,8.150171,-0.008480,-0.044060,-1.558270,ndi
1786507296.237186,8.167744,-0.008480,-0.044070,-1.558300,ndi
1786507296.252207,8.182765,-0.008490,-0.044070,-1.558260,ndi
1786507296.269565,8.200123,-0.008480,-0.044070,-1.558290,ndi
1786507296.287069,8.217627,-0.008500,-0.044060,-1.558290,ndi
1786507296.302062,8.232620,-0.008490,-0.044060,-1.558280,ndi
1786507296.319555,8.250113,-0.008500,-0.044080,-1.558280,ndi
1786507296.337197,8.267755,-0.008490,-0.044070,-1.558280,ndi
1786507296.352182,8.282740,-0.008490,-0.044070,-1.558300,ndi
1786507296.369586,8.300143,-0.008500,-0.044070,-1.558270,ndi
1786507296.387085,8.317643,-0.008480,-0.044070,-1.558290,ndi
1786507296.402178,8.332736,-0.008490,-0.044070,-1.558270,ndi
1786507296.419610,8.350168,-0.008480,-0.044070,-1.558290,ndi
1786507296.437114,8.367672,-0.008490,-0.044060,-1.558280,ndi
1786507296.452064,8.382622,-0.008490,-0.044070,-1.558310,ndi
1786507296.469560,8.400118,-0.008480,-0.044070,-1.558280,ndi
1786507296.487055,8.417613,-0.008490,-0.044060,-1.558290,ndi
1786507296.502102,8.432660,-0.008500,-0.044060,-1.558290,ndi
1786507296.519766,8.450324,-0.008500,-0.044080,-1.558310,ndi
1786507296.537198,8.467756,-0.008490,-0.044080,-1.558270,ndi
1786507296.552174,8.482732,-0.008490,-0.044060,-1.558300,ndi
1786507296.569616,8.500174,-0.008480,-0.044060,-1.558270,ndi
1786507296.587113,8.517671,-0.008480,-0.044080,-1.558300,ndi
1786507296.602200,8.532758,-0.008500,-0.044070,-1.558280,ndi
1786507296.619703,8.550261,-0.008490,-0.044060,-1.558270,ndi
1786507296.637194,8.567752,-0.008490,-0.044070,-1.558280,ndi
1786507296.652163,8.582721,-0.008490,-0.044080,-1.558290,ndi
1786507296.669554,8.600112,-0.008490,-0.044070,-1.558260,ndi
1786507296.687069,8.617627,-0.008490,-0.044060,-1.558290,ndi
1786507296.702206,8.632764,-0.008490,-0.044070,-1.558300,ndi
1786507296.719643,8.650201,-0.008490,-0.044080,-1.558280,ndi
1786507296.737215,8.667773,-0.008490,-0.044070,-1.558290,ndi
1786507296.752095,8.682653,-0.008490,-0.044060,-1.558280,ndi
1786507296.769572,8.700130,-0.008490,-0.044070,-1.558260,ndi
1786507296.787086,8.717644,-0.008480,-0.044070,-1.558270,ndi
1786507296.802072,8.732630,-0.008490,-0.044070,-1.558280,ndi
1786507296.819695,8.750253,-0.008490,-0.044060,-1.558310,ndi
1786507296.837216,8.767774,-0.008490,-0.044070,-1.558290,ndi
1786507296.852133,8.782691,-0.008490,-0.044070,-1.558270,ndi
1786507296.869530,8.800088,-0.008490,-0.044060,-1.558280,ndi
1786507296.887080,8.817638,-0.008500,-0.044060,-1.558290,ndi
1786507296.902081,8.832639,-0.008490,-0.044070,-1.558290,ndi
1786507296.919677,8.850235,-0.008490,-0.044080,-1.558300,ndi
1786507296.937227,8.867785,-0.008490,-0.044050,-1.558300,ndi
1786507296.952199,8.882757,-0.008490,-0.044060,-1.558280,ndi
1786507296.969583,8.900141,-0.008500,-0.044080,-1.558300,ndi
1786507296.987081,8.917639,-0.008480,-0.044070,-1.558310,ndi
1786507297.002224,8.932782,-0.008490,-0.044050,-1.558300,ndi
1786507297.019690,8.950248,-0.008490,-0.044070,-1.558280,ndi
1786507297.037125,8.967683,-0.008480,-0.044080,-1.558300,ndi
1786507297.052159,8.982717,-0.008490,-0.044060,-1.558290,ndi
1786507297.069571,9.000129,-0.008490,-0.044060,-1.558280,ndi
1786507297.084615,9.015173,-0.008490,-0.044070,-1.558280,ndi
1786507297.102048,9.032606,-0.008500,-0.044070,-1.558310,ndi
1786507297.119564,9.050122,-0.008490,-0.044060,-1.558300,ndi
1786507297.134772,9.065330,-0.008490,-0.044060,-1.558310,ndi
1786507297.152103,9.082661,-0.008480,-0.044070,-1.558290,ndi
1786507297.169635,9.100193,-0.008490,-0.044070,-1.558310,ndi
1786507297.187075,9.117633,-0.008490,-0.044060,-1.558280,ndi
1786507297.202077,9.132635,-0.008480,-0.044060,-1.558290,ndi
1786507297.219734,9.150292,-0.008490,-0.044070,-1.558310,ndi
1786507297.237145,9.167703,-0.008480,-0.044060,-1.558300,ndi
1786507297.252174,9.182732,-0.008490,-0.044050,-1.558280,ndi
1786507297.269564,9.200122,-0.008490,-0.044060,-1.558290,ndi
1786507297.284672,9.215230,-0.008490,-0.044070,-1.558280,ndi
1786507297.302195,9.232753,-0.008480,-0.044060,-1.558310,ndi
1786507297.319776,9.250334,-0.008490,-0.044050,-1.558280,ndi
1786507297.337212,9.267770,-0.008480,-0.044070,-1.558290,ndi
1786507297.352215,9.282773,-0.008480,-0.044070,-1.558310,ndi
1786507297.369647,9.300205,-0.008480,-0.044050,-1.558300,ndi
1786507297.384612,9.315170,-0.008480,-0.044050,-1.558280,ndi
1786507297.402212,9.332770,-0.008480,-0.044070,-1.558310,ndi
1786507297.419717,9.350275,-0.008480,-0.044060,-1.558300,ndi
1786507297.437151,9.367709,-0.008480,-0.044050,-1.558290,ndi
1786507297.452214,9.382772,-0.008490,-0.044060,-1.558270,ndi
1786507297.469570,9.400128,-0.008490,-0.044070,-1.558320,ndi
1786507297.487048,9.417606,-0.008490,-0.044060,-1.558300,ndi
1786507297.502166,9.432724,-0.008490,-0.044050,-1.558300,ndi
1786507297.519715,9.450273,-0.008480,-0.044070,-1.558310,ndi
1786507297.537243,9.467801,-0.008480,-0.044070,-1.558290,ndi
1786507297.552178,9.482736,-0.008480,-0.044050,-1.558320,ndi
1786507297.569708,9.500266,-0.008480,-0.044060,-1.558310,ndi
1786507297.587089,9.517647,-0.008490,-0.044070,-1.558300,ndi
1786507297.602114,9.532672,-0.008490,-0.044060,-1.558300,ndi
1786507297.619739,9.550297,-0.008480,-0.044050,-1.558330,ndi
1786507297.637238,9.567796,-0.008480,-0.044070,-1.558290,ndi
1786507297.652179,9.582737,-0.008500,-0.044070,-1.558280,ndi
1786507297.669599,9.600157,-0.008480,-0.044050,-1.558270,ndi
1786507297.687079,9.617637,-0.008490,-0.044050,-1.558300,ndi
1786507297.702083,9.632641,-0.008490,-0.044060,-1.558300,ndi
1786507297.719736,9.650294,-0.008480,-0.044070,-1.558290,ndi
1786507297.737194,9.667752,-0.008490,-0.044060,-1.558280,ndi
1786507297.752204,9.682762,-0.008480,-0.044040,-1.558310,ndi
1786507297.769594,9.700152,-0.008480,-0.044060,-1.558290,ndi
1786507297.784661,9.715219,-0.008490,-0.044080,-1.558290,ndi
1786507297.802131,9.732689,-0.008480,-0.044060,-1.558270,ndi
1786507297.819570,9.750128,-0.008480,-0.044040,-1.558270,ndi
1786507297.837134,9.767692,-0.008500,-0.044060,-1.558310,ndi
1786507297.852158,9.782716,-0.008510,-0.044080,-1.558330,ndi
1786507297.869527,9.800085,-0.008490,-0.044080,-1.558340,ndi
1786507297.884611,9.815169,-0.008500,-0.044080,-1.558310,ndi
1786507297.902124,9.832682,-0.008490,-0.044110,-1.558310,ndi
1786507297.919630,9.850188,-0.008480,-0.044090,-1.558330,ndi
1786507297.937278,9.867836,-0.008490,-0.044080,-1.558340,ndi
1786507297.952198,9.882756,-0.008480,-0.044100,-1.558330,ndi
1786507297.969574,9.900132,-0.008470,-0.044120,-1.558330,ndi
1786507297.987104,9.917662,-0.008500,-0.044110,-1.558290,ndi
1786507298.002108,9.932666,-0.008490,-0.044100,-1.558280,ndi
1786507298.019687,9.950245,-0.008490,-0.044130,-1.558260,ndi
1786507298.037166,9.967724,-0.008490,-0.044140,-1.558230,ndi
1786507298.052163,9.982721,-0.008480,-0.044140,-1.558220,ndi
1786507298.069578,10.000136,-0.008490,-0.044140,-1.558200,ndi
1786507298.084608,10.015166,-0.008490,-0.044160,-1.558180,ndi
1786507298.102244,10.032802,-0.008480,-0.044180,-1.558130,ndi
1786507298.119753,10.050311,-0.008470,-0.044190,-1.558070,ndi
1786507298.137254,10.067812,-0.008480,-0.044190,-1.558050,ndi
1786507298.152241,10.082799,-0.008470,-0.044200,-1.558020,ndi
1786507298.169568,10.100126,-0.008470,-0.044230,-1.557980,ndi
1786507298.184753,10.115311,-0.008480,-0.044230,-1.557940,ndi
1786507298.202136,10.132694,-0.008460,-0.044220,-1.557940,ndi
1786507298.219718,10.150276,-0.008470,-0.044250,-1.557890,ndi
1786507298.237148,10.167706,-0.008490,-0.044260,-1.557880,ndi
1786507298.252255,10.182813,-0.008470,-0.044250,-1.557860,ndi
1786507298.269609,10.200167,-0.008490,-0.044250,-1.557840,ndi
1786507298.287115,10.217673,-0.008470,-0.044280,-1.557850,ndi
1786507298.302260,10.232818,-0.008480,-0.044270,-1.557800,ndi
1786507298.319754,10.250312,-0.008480,-0.044230,-1.557810,ndi
1786507298.337301,10.267859,-0.008470,-0.044210,-1.557770,ndi
1786507298.352222,10.282780,-0.008470,-0.044220,-1.557760,ndi
1786507298.369648,10.300205,-0.008480,-0.044190,-1.557720,ndi
1786507298.387161,10.317719,-0.008480,-0.044160,-1.557670,ndi
1786507298.402158,10.332716,-0.008490,-0.044140,-1.557660,ndi
1786507298.419666,10.350224,-0.008490,-0.044120,-1.557620,ndi
1786507298.437290,10.367848,-0.008500,-0.044090,-1.557610,ndi
1786507298.452216,10.382774,-0.008510,-0.044070,-1.557570,ndi
1786507298.469648,10.400206,-0.008530,-0.044030,-1.557560,ndi
1786507298.487101,10.417659,-0.008520,-0.044000,-1.557520,ndi
1786507298.502178,10.432736,-0.008510,-0.043980,-1.557480,ndi
1786507298.519747,10.450305,-0.008530,-0.043940,-1.557460,ndi
1786507298.537249,10.467807,-0.008540,-0.043890,-1.557420,ndi
1786507298.552204,10.482762,-0.008540,-0.043870,-1.557400,ndi
1786507298.569626,10.500184,-0.008550,-0.043830,-1.557380,ndi
1786507298.584721,10.515279,-0.008550,-0.043800,-1.557350,ndi
1786507298.602157,10.532715,-0.008570,-0.043770,-1.557330,ndi
1786507298.619762,10.550320,-0.008590,-0.043730,-1.557310,ndi
1786507298.637313,10.567871,-0.008590,-0.043690,-1.557280,ndi
1786507298.652229,10.582787,-0.008590,-0.043680,-1.557270,ndi
1786507298.669614,10.600172,-0.008590,-0.043640,-1.557220,ndi
1786507298.684673,10.615231,-0.008620,-0.043600,-1.557210,ndi
1786507298.702158,10.632716,-0.008610,-0.043560,-1.557210,ndi
1786507298.719655,10.650213,-0.008620,-0.043530,-1.557180,ndi
1786507298.737269,10.667827,-0.008630,-0.043470,-1.557140,ndi
1786507298.752213,10.682771,-0.008630,-0.043430,-1.557120,ndi
1786507298.769643,10.700201,-0.008650,-0.043410,-1.557070,ndi
1786507298.784721,10.715279,-0.008640,-0.043380,-1.557060,ndi
1786507298.802145,10.732703,-0.008650,-0.043320,-1.557030,ndi
1786507298.819644,10.750202,-0.008660,-0.043270,-1.557000,ndi
1786507298.834669,10.765227,-0.008680,-0.043250,-1.556970,ndi
1786507298.852228,10.782786,-0.008690,-0.043230,-1.556950,ndi
1786507298.869644,10.800202,-0.008680,-0.043200,-1.556950,ndi
1786507298.884688,10.815246,-0.008680,-0.043200,-1.556920,ndi
1786507298.902128,10.832685,-0.008670,-0.043180,-1.556920,ndi
1786507298.919668,10.850226,-0.008690,-0.043150,-1.556870,ndi
1786507298.937307,10.867865,-0.008700,-0.043100,-1.556860,ndi
1786507298.952243,10.882801,-0.008700,-0.043060,-1.556830,ndi
1786507298.969619,10.900177,-0.008700,-0.043040,-1.556780,ndi
1786507298.984725,10.915282,-0.008710,-0.043020,-1.556750,ndi
1786507299.002124,10.932682,-0.008730,-0.042960,-1.556750,ndi
1786507299.019708,10.950266,-0.008740,-0.042910,-1.556700,ndi
1786507299.034679,10.965237,-0.008740,-0.042900,-1.556670,ndi
1786507299.052212,10.982770,-0.008740,-0.042870,-1.556630,ndi
1786507299.069610,11.000168,-0.008750,-0.042800,-1.556570,ndi
1786507299.084676,11.015234,-0.008770,-0.042770,-1.556560,ndi
1786507299.102132,11.032690,-0.008760,-0.042770,-1.556520,ndi
1786507299.119634,11.050192,-0.008770,-0.042720,-1.556480,ndi
1786507299.137305,11.067863,-0.008780,-0.042650,-1.556480,ndi
1786507299.152257,11.082815,-0.008790,-0.042640,-1.556440,ndi
1786507299.169618,11.100176,-0.008810,-0.042620,-1.556390,ndi
1786507299.184819,11.115377,-0.008800,-0.042580,-1.556360,ndi
1786507299.202190,11.132748,-0.008810,-0.042530,-1.556330,ndi
1786507299.219706,11.150264,-0.008820,-0.042500,-1.556300,ndi
1786507299.234651,11.165209,-0.008840,-0.042480,-1.556270,ndi
1786507299.252138,11.182696,-0.008830,-0.042440,-1.556250,ndi
1786507299.269628,11.200186,-0.008830,-0.042400,-1.556260,ndi
1786507299.284697,11.215255,-0.008830,-0.042380,-1.556210,ndi
1786507299.302182,11.232740,-0.008850,-0.042350,-1.556190,ndi
1786507299.319757,11.250315,-0.008870,-0.042300,-1.556150,ndi
1786507299.337246,11.267804,-0.008860,-0.042260,-1.556130,ndi
1786507299.352270,11.282828,-0.008870,-0.042240,-1.556120,ndi
1786507299.369647,11.300205,-0.008890,-0.042210,-1.556090,ndi
1786507299.384867,11.315425,-0.008880,-0.042180,-1.556080,ndi
1786507299.402122,11.332680,-0.008910,-0.042130,-1.556050,ndi
1786507299.419657,11.350215,-0.008910,-0.042110,-1.556020,ndi
1786507299.437193,11.367751,-0.008910,-0.042070,-1.556010,ndi
1786507299.452261,11.382819,-0.008910,-0.042020,-1.555960,ndi
1786507299.469617,11.400175,-0.008940,-0.041980,-1.555930,ndi
1786507299.484673,11.415231,-0.008940,-0.041960,-1.555900,ndi
1786507299.502211,11.432769,-0.008930,-0.041920,-1.555880,ndi
1786507299.519795,11.450353,-0.008940,-0.041880,-1.555830,ndi
1786507299.537266,11.467824,-0.008970,-0.041840,-1.555760,ndi
1786507299.552180,11.482738,-0.008970,-0.041810,-1.555780,ndi
1786507299.569610,11.500168,-0.008970,-0.041760,-1.555740,ndi
1786507299.584820,11.515378,-0.008980,-0.041740,-1.555710,ndi
1786507299.602206,11.532764,-0.008990,-0.041700,-1.555690,ndi
1786507299.619652,11.550210,-0.009010,-0.041650,-1.555640,ndi
1786507299.637241,11.567799,-0.009030,-0.041620,-1.555620,ndi
1786507299.652193,11.582751,-0.009020,-0.041590,-1.555600,ndi
1786507299.669616,11.600174,-0.009020,-0.041550,-1.555590,ndi
1786507299.684705,11.615263,-0.009040,-0.041510,-1.555560,ndi
1786507299.702230,11.632788,-0.009040,-0.041480,-1.555550,ndi
1786507299.719701,11.650259,-0.009040,-0.041440,-1.555490,ndi
1786507299.737229,11.667787,-0.009060,-0.041390,-1.555480,ndi
1786507299.752127,11.682685,-0.009060,-0.041360,-1.555460,ndi
1786507299.769607,11.700165,-0.009080,-0.041340,-1.555450,ndi
1786507299.784700,11.715258,-0.009090,-0.041300,-1.555420,ndi
1786507299.802114,11.732672,-0.009080,-0.041250,-1.555410,ndi
1786507299.819640,11.750198,-0.009110,-0.041220,-1.555360,ndi
1786507299.837217,11.767775,-0.009100,-0.041200,-1.555350,ndi
1786507299.852273,11.782831,-0.009110,-0.041160,-1.555330,ndi
1786507299.869619,11.800177,-0.009130,-0.041120,-1.555290,ndi
1786507299.884765,11.815323,-0.009130,-0.041090,-1.555270,ndi
1786507299.902244,11.832802,-0.009140,-0.041060,-1.555200,ndi
1786507299.919647,11.850205,-0.009160,-0.041020,-1.555180,ndi
1786507299.937269,11.867827,-0.009160,-0.040970,-1.555150,ndi
1786507299.952244,11.882802,-0.009160,-0.040940,-1.555150,ndi
1786507299.969620,11.900178,-0.009180,-0.040910,-1.555110,ndi
1786507299.984705,11.915263,-0.009180,-0.040870,-1.555050,ndi
1786507300.002129,11.932687,-0.009210,-0.040830,-1.555050,ndi
1786507300.019610,11.950168,-0.009210,-0.040800,-1.555020,ndi
1786507300.034826,11.965384,-0.009200,-0.040780,-1.554980,ndi
1786507300.052268,11.982826,-0.009220,-0.040730,-1.554920,ndi
1786507300.069695,12.000253,-0.009230,-0.040690,-1.554870,ndi
1786507300.084713,12.015271,-0.009240,-0.040660,-1.554890,ndi
1786507300.102138,12.032696,-0.009240,-0.040620,-1.554840,ndi
1786507300.119636,12.050194,-0.009260,-0.040580,-1.554820,ndi
1786507300.134885,12.065443,-0.009270,-0.040560,-1.554770,ndi
1786507300.152234,12.082792,-0.009280,-0.040530,-1.554770,ndi
1786507300.169619,12.100177,-0.009300,-0.040480,-1.554740,ndi
1786507300.187161,12.117719,-0.009300,-0.040440,-1.554690,ndi
1786507300.202132,12.132690,-0.009330,-0.040420,-1.554670,ndi
1786507300.219678,12.150236,-0.009340,-0.040380,-1.554690,ndi
1786507300.237281,12.167839,-0.009330,-0.040340,-1.554660,ndi
1786507300.252217,12.182775,-0.009360,-0.040330,-1.554610,ndi
1786507300.269633,12.200191,-0.009350,-0.040300,-1.554550,ndi
1786507300.284725,12.215283,-0.009360,-0.040250,-1.554590,ndi
1786507300.302163,12.232721,-0.009380,-0.040220,-1.554540,ndi
1786507300.319677,12.250235,-0.009390,-0.040200,-1.554530,ndi
1786507300.334844,12.265402,-0.009410,-0.040160,-1.554500,ndi
1786507300.352196,12.282754,-0.009410,-0.040110,-1.554470,ndi
1786507300.369630,12.300188,-0.009440,-0.040080,-1.554400,ndi
1786507300.387167,12.317725,-0.009450,-0.040060,-1.554380,ndi
1786507300.402192,12.332750,-0.009460,-0.040020,-1.554370,ndi
1786507300.419714,12.350272,-0.009470,-0.039970,-1.554330,ndi
1786507300.437300,12.367858,-0.009470,-0.039940,-1.554280,ndi
1786507300.452245,12.382803,-0.009500,-0.039920,-1.554240,ndi
1786507300.469610,12.400168,-0.009490,-0.039870,-1.554230,ndi
1786507300.487181,12.417739,-0.009490,-0.039830,-1.554240,ndi
1786507300.502138,12.432696,-0.009530,-0.039800,-1.554170,ndi
1786507300.519637,12.450195,-0.009530,-0.039780,-1.554150,ndi
1786507300.534724,12.465281,-0.009550,-0.039730,-1.554140,ndi
1786507300.552122,12.482680,-0.009560,-0.039670,-1.554130,ndi
1786507300.569668,12.500226,-0.009570,-0.039660,-1.554080,ndi
1786507300.584683,12.515241,-0.009590,-0.039640,-1.554090,ndi
1786507300.602106,12.532664,-0.009590,-0.039570,-1.554030,ndi
1786507300.619651,12.550209,-0.009580,-0.039530,-1.554000,ndi
1786507300.634760,12.565318,-0.009620,-0.039540,-1.553950,ndi
1786507300.652294,12.582852,-0.009620,-0.039500,-1.553930,ndi
1786507300.669625,12.600183,-0.009630,-0.039430,-1.553910,ndi
1786507300.687138,12.617696,-0.009650,-0.039390,-1.553890,ndi
1786507300.702133,12.632691,-0.009660,-0.039390,-1.553850,ndi
1786507300.719690,12.650248,-0.009670,-0.039340,-1.553840,ndi
1786507300.734802,12.665360,-0.009670,-0.039290,-1.553850,ndi
1786507300.752264,12.682822,-0.009680,-0.039270,-1.553790,ndi
1786507300.769633,12.700191,-0.009700,-0.039250,-1.553770,ndi
1786507300.787132,12.717690,-0.009720,-0.039200,-1.553710,ndi
1786507300.802133,12.732691,-0.009730,-0.039170,-1.553740,ndi
1786507300.819639,12.750197,-0.009730,-0.039140,-1.553680,ndi
1786507300.837268,12.767826,-0.009740,-0.039110,-1.553650,ndi
1786507300.852170,12.782728,-0.009760,-0.039080,-1.553610,ndi
1786507300.869631,12.800189,-0.009760,-0.039020,-1.553600,ndi
1786507300.884712,12.815270,-0.009780,-0.039010,-1.553560,ndi
1786507300.902156,12.832714,-0.009790,-0.038980,-1.553520,ndi
1786507300.919784,12.850342,-0.009800,-0.038930,-1.553480,ndi
1786507300.937266,12.867824,-0.009820,-0.038880,-1.553460,ndi
1786507300.952268,12.882826,-0.009830,-0.038860,-1.553380,ndi
1786507300.969641,12.900199,-0.009840,-0.038830,-1.553370,ndi
1786507300.987110,12.917668,-0.009860,-0.038780,-1.553330,ndi
1786507301.002289,12.932847,-0.009860,-0.038750,-1.553300,ndi
1786507301.019763,12.950321,-0.009870,-0.038730,-1.553270,ndi
1786507301.037288,12.967846,-0.009870,-0.038700,-1.553240,ndi
1786507301.052269,12.982826,-0.009900,-0.038660,-1.553200,ndi
1786507301.069653,13.000211,-0.009910,-0.038630,-1.553160,ndi
1786507301.087170,13.017728,-0.009920,-0.038580,-1.553100,ndi
1786507301.102193,13.032751,-0.009960,-0.038540,-1.553080,ndi
1786507301.119715,13.050273,-0.009940,-0.038510,-1.553060,ndi
1786507301.137190,13.067748,-0.009960,-0.038490,-1.553040,ndi
1786507301.152278,13.082836,-0.009980,-0.038460,-1.553020,ndi
1786507301.169620,13.100178,-0.009990,-0.038420,-1.552980,ndi
1786507301.187135,13.117693,-0.010020,-0.038390,-1.552970,ndi
1786507301.202227,13.132785,-0.010000,-0.038370,-1.552930,ndi
1786507301.219734,13.150292,-0.010020,-0.038330,-1.552930,ndi
1786507301.237317,13.167875,-0.010050,-0.038300,-1.552890,ndi
1786507301.252277,13.182835,-0.010050,-0.038270,-1.552870,ndi
1786507301.269660,13.200218,-0.010070,-0.038230,-1.552830,ndi
1786507301.287159,13.217717,-0.010080,-0.038190,-1.552830,ndi
1786507301.302212,13.232770,-0.010100,-0.038180,-1.552790,ndi
1786507301.319729,13.250287,-0.010110,-0.038150,-1.552740,ndi
1786507301.337214,13.267772,-0.010120,-0.038100,-1.552720,ndi
1786507301.352276,13.282834,-0.010140,-0.038070,-1.552690,ndi
1786507301.369643,13.300201,-0.010140,-0.038040,-1.552680,ndi
1786507301.387120,13.317678,-0.010170,-0.038020,-1.552600,ndi
1786507301.402141,13.332699,-0.010170,-0.037970,-1.552600,ndi
1786507301.419714,13.350272,-0.010200,-0.037930,-1.552570,ndi
1786507301.434753,13.365311,-0.010200,-0.037910,-1.552530,ndi
1786507301.452253,13.382811,-0.010200,-0.037880,-1.552570,ndi
1786507301.469650,13.400208,-0.010230,-0.037830,-1.552470,ndi
1786507301.487170,13.417728,-0.010260,-0.037780,-1.552470,ndi
1786507301.502331,13.432889,-0.010270,-0.037760,-1.552480,ndi
1786507301.519876,13.450434,-0.010280,-0.037740,-1.552440,ndi
1786507301.537364,13.467921,-0.010290,-0.037670,-1.552400,ndi
1786507301.552315,13.482873,-0.010320,-0.037640,-1.552370,ndi
1786507301.569639,13.500197,-0.010330,-0.037630,-1.552350,ndi
1786507301.587163,13.517721,-0.010350,-0.037580,-1.552340,ndi
1786507301.602155,13.532713,-0.010360,-0.037530,-1.552300,ndi
1786507301.619703,13.550261,-0.010380,-0.037500,-1.552260,ndi
1786507301.634786,13.565344,-0.010380,-0.037500,-1.552240,ndi
1786507301.652308,13.582866,-0.010400,-0.037450,-1.552220,ndi
1786507301.669662,13.600220,-0.010410,-0.037390,-1.552220,ndi
1786507301.687136,13.617694,-0.010420,-0.037380,-1.552180,ndi
1786507301.702375,13.632933,-0.010440,-0.037370,-1.552160,ndi
1786507301.719718,13.650276,-0.010450,-0.037310,-1.552110,ndi
1786507301.737236,13.667794,-0.010480,-0.037260,-1.552110,ndi
1786507301.752309,13.682867,-0.010490,-0.037240,-1.552070,ndi
1786507301.769642,13.700200,-0.010500,-0.037230,-1.552030,ndi
1786507301.787167,13.717725,-0.010520,-0.037170,-1.551990,ndi
1786507301.802202,13.732760,-0.010530,-0.037130,-1.551950,ndi
1786507301.819718,13.750276,-0.010540,-0.037120,-1.551940,ndi
1786507301.834783,13.765341,-0.010560,-0.037100,-1.551900,ndi
1786507301.852241,13.782799,-0.010560,-0.037040,-1.551880,ndi
1786507301.869633,13.800191,-0.010580,-0.037010,-1.551830,ndi
1786507301.887169,13.817727,-0.010600,-0.037000,-1.551820,ndi
1786507301.902391,13.832949,-0.010610,-0.036970,-1.551800,ndi
1786507301.919840,13.850398,-0.010630,-0.036900,-1.551740,ndi
1786507301.937380,13.867938,-0.010650,-0.036880,-1.551710,ndi
1786507301.952294,13.882852,-0.010660,-0.036880,-1.551730,ndi
1786507301.969635,13.900193,-0.010670,-0.036830,-1.551650,ndi
1786507301.987152,13.917710,-0.010690,-0.036760,-1.551640,ndi
1786507302.002197,13.932755,-0.010700,-0.036740,-1.551580,ndi
1786507302.019751,13.950309,-0.010720,-0.036730,-1.551530,ndi
1786507302.037351,13.967909,-0.010750,-0.036660,-1.551500,ndi
1786507302.052289,13.982847,-0.010740,-0.036620,-1.551470,ndi
1786507302.069692,14.000250,-0.010760,-0.036620,-1.551460,ndi
1786507302.087148,14.017706,-0.010780,-0.036600,-1.551400,ndi
1786507302.102283,14.032840,-0.010780,-0.036550,-1.551400,ndi
1786507302.119740,14.050297,-0.010810,-0.036520,-1.551320,ndi
1786507302.137293,14.067851,-0.010830,-0.036500,-1.551310,ndi
1786507302.152312,14.082870,-0.010850,-0.036470,-1.551280,ndi
1786507302.169614,14.100172,-0.010870,-0.036410,-1.551280,ndi
1786507302.184633,14.115191,-0.010870,-0.036390,-1.551220,ndi
1786507302.202175,14.132733,-0.010890,-0.036380,-1.551200,ndi
1786507302.219793,14.150351,-0.010900,-0.036330,-1.551170,ndi
1786507302.237321,14.167879,-0.010920,-0.036280,-1.551150,ndi
1786507302.252292,14.182850,-0.010930,-0.036270,-1.551140,ndi
1786507302.269668,14.200226,-0.010960,-0.036260,-1.551130,ndi
1786507302.287165,14.217723,-0.010980,-0.036200,-1.551070,ndi
1786507302.302188,14.232746,-0.010970,-0.036160,-1.551050,ndi
1786507302.319817,14.250375,-0.011010,-0.036150,-1.551010,ndi
1786507302.337365,14.267923,-0.011030,-0.036120,-1.550980,ndi
1786507302.352241,14.282799,-0.011040,-0.036090,-1.550970,ndi
1786507302.369626,14.300184,-0.011060,-0.036040,-1.550980,ndi
1786507302.384650,14.315208,-0.011070,-0.036030,-1.550930,ndi
1786507302.402187,14.332745,-0.011080,-0.036010,-1.550880,ndi
1786507302.419805,14.350363,-0.011110,-0.035950,-1.550860,ndi
1786507302.437353,14.367911,-0.011120,-0.035920,-1.550830,ndi
1786507302.452302,14.382860,-0.011130,-0.035910,-1.550800,ndi
1786507302.469649,14.400207,-0.011160,-0.035860,-1.550780,ndi
1786507302.487190,14.417748,-0.011170,-0.035810,-1.550740,ndi
1786507302.502279,14.432837,-0.011170,-0.035800,-1.550740,ndi
1786507302.519821,14.450379,-0.011190,-0.035780,-1.550730,ndi
1786507302.537325,14.467883,-0.011220,-0.035720,-1.550690,ndi
1786507302.552305,14.482863,-0.011230,-0.035690,-1.550650,ndi
1786507302.569635,14.500193,-0.011250,-0.035660,-1.550620,ndi
1786507302.587203,14.517761,-0.011270,-0.035640,-1.550580,ndi
1786507302.602293,14.532851,-0.011270,-0.035590,-1.550550,ndi
1786507302.619768,14.550326,-0.011290,-0.035560,-1.550550,ndi
1786507302.637305,14.567863,-0.011300,-0.035540,-1.550500,ndi
1786507302.652280,14.582838,-0.011320,-0.035520,-1.550460,ndi
1786507302.669673,14.600231,-0.011340,-0.035470,-1.550410,ndi
1786507302.687162,14.617720,-0.011340,-0.035430,-1.550400,ndi
1786507302.702142,14.632700,-0.011370,-0.035420,-1.550380,ndi
1786507302.719719,14.650277,-0.011390,-0.035400,-1.550350,ndi
1786507302.737211,14.667769,-0.011400,-0.035340,-1.550330,ndi
1786507302.752155,14.682713,-0.011420,-0.035300,-1.550300,ndi
1786507302.769678,14.700236,-0.011440,-0.035280,-1.550270,ndi
1786507302.787174,14.717732,-0.011460,-0.035250,-1.550240,ndi
1786507302.802228,14.732786,-0.011480,-0.035210,-1.550230,ndi
1786507302.819849,14.750407,-0.011480,-0.035170,-1.550170,ndi
1786507302.837326,14.767884,-0.011500,-0.035170,-1.550140,ndi
1786507302.852236,14.782794,-0.011520,-0.035140,-1.550140,ndi
1786507302.869697,14.800255,-0.011530,-0.035090,-1.550110,ndi
1786507302.887171,14.817729,-0.011550,-0.035060,-1.550070,ndi
1786507302.902226,14.832784,-0.011560,-0.035050,-1.550060,ndi
1786507302.919887,14.850445,-0.011580,-0.035010,-1.550000,ndi
1786507302.937328,14.867886,-0.011610,-0.034970,-1.549960,ndi
1786507302.952282,14.882840,-0.011630,-0.034950,-1.549960,ndi
1786507302.969647,14.900205,-0.011630,-0.034920,-1.549920,ndi
1786507302.987155,14.917713,-0.011640,-0.034890,-1.549890,ndi
1786507303.002305,14.932863,-0.011660,-0.034860,-1.549900,ndi
1786507303.019893,14.950451,-0.011680,-0.034820,-1.549870,ndi
1786507303.037357,14.967915,-0.011700,-0.034800,-1.549840,ndi
1786507303.052298,14.982856,-0.011720,-0.034780,-1.549820,ndi
1786507303.069670,15.000228,-0.011740,-0.034720,-1.549780,ndi
1786507303.087156,15.017714,-0.011750,-0.034700,-1.549740,ndi
1786507303.102265,15.032823,-0.011780,-0.034680,-1.549720,ndi
1786507303.119755,15.050313,-0.011800,-0.034640,-1.549700,ndi
1786507303.134823,15.065381,-0.011810,-0.034600,-1.549670,ndi
1786507303.152301,15.082859,-0.011830,-0.034570,-1.549640,ndi
1786507303.169679,15.100237,-0.011850,-0.034550,-1.549640,ndi
1786507303.184870,15.115428,-0.011870,-0.034510,-1.549630,ndi
1786507303.202241,15.132799,-0.011880,-0.034470,-1.549590,ndi
1786507303.219720,15.150278,-0.011890,-0.034450,-1.549540,ndi
1786507303.237309,15.167866,-0.011930,-0.034420,-1.549540,ndi
1786507303.252289,15.182847,-0.011940,-0.034380,-1.549490,ndi
1786507303.269683,15.200241,-0.011950,-0.034350,-1.549480,ndi
1786507303.287152,15.217710,-0.011970,-0.034330,-1.549460,ndi
1786507303.302324,15.232882,-0.012010,-0.034300,-1.549440,ndi
1786507303.319923,15.250481,-0.012020,-0.034250,-1.549440,ndi
1786507303.337381,15.267939,-0.012040,-0.034230,-1.549380,ndi
1786507303.352181,15.282739,-0.012050,-0.034210,-1.549350,ndi
1786507303.369690,15.300248,-0.012070,-0.034160,-1.549350,ndi
1786507303.384890,15.315448,-0.012100,-0.034110,-1.549300,ndi
1786507303.402374,15.332932,-0.012110,-0.034090,-1.549300,ndi
1786507303.419920,15.350478,-0.012130,-0.034060,-1.549250,ndi
1786507303.437382,15.367940,-0.012150,-0.034020,-1.549210,ndi
1786507303.452352,15.382910,-0.012170,-0.033980,-1.549180,ndi
1786507303.469710,15.400268,-0.012190,-0.033960,-1.549190,ndi
1786507303.487179,15.417737,-0.012200,-0.033930,-1.549130,ndi
1786507303.502246,15.432804,-0.012220,-0.033880,-1.549120,ndi
1786507303.519794,15.450352,-0.012250,-0.033850,-1.549100,ndi
1786507303.537262,15.467820,-0.012270,-0.033820,-1.549070,ndi
1786507303.552296,15.482854,-0.012270,-0.033800,-1.549030,ndi
1786507303.569677,15.500235,-0.012310,-0.033760,-1.549010,ndi
1786507303.584921,15.515479,-0.012300,-0.033720,-1.548990,ndi
1786507303.602439,15.532997,-0.012320,-0.033710,-1.548940,ndi
1786507303.619774,15.550332,-0.012350,-0.033690,-1.548940,ndi
1786507303.634899,15.565457,-0.012360,-0.033640,-1.548890,ndi
1786507303.652297,15.582855,-0.012390,-0.033610,-1.548850,ndi
1786507303.669658,15.600216,-0.012400,-0.033590,-1.548830,ndi
1786507303.687173,15.617731,-0.012430,-0.033560,-1.548790,ndi
1786507303.702222,15.632780,-0.012450,-0.033520,-1.548760,ndi
1786507303.719759,15.650316,-0.012460,-0.033490,-1.548740,ndi
1786507303.737215,15.667773,-0.012470,-0.033460,-1.548680,ndi
1786507303.752182,15.682740,-0.012490,-0.033430,-1.548680,ndi
1786507303.769693,15.700251,-0.012520,-0.033400,-1.548660,ndi
1786507303.784869,15.715427,-0.012520,-0.033360,-1.548650,ndi
1786507303.802239,15.732797,-0.012550,-0.033340,-1.548620,ndi
1786507303.819730,15.750288,-0.012570,-0.033320,-1.548570,ndi
1786507303.837288,15.767846,-0.012580,-0.033270,-1.548550,ndi
1786507303.852382,15.782940,-0.012620,-0.033240,-1.548500,ndi
1786507303.869715,15.800273,-0.012630,-0.033210,-1.548470,ndi
1786507303.884802,15.815360,-0.012660,-0.033200,-1.548430,ndi
1786507303.902244,15.832802,-0.012690,-0.033150,-1.548430,ndi
1786507303.919969,15.850527,-0.012690,-0.033110,-1.548400,ndi
1786507303.934856,15.865414,-0.012710,-0.033090,-1.548390,ndi
1786507303.952373,15.882931,-0.012740,-0.033070,-1.548340,ndi
1786507303.969708,15.900266,-0.012740,-0.033020,-1.548340,ndi
1786507303.984874,15.915432,-0.012780,-0.032990,-1.548330,ndi
1786507304.002399,15.932957,-0.012800,-0.032970,-1.548250,ndi
1786507304.019843,15.950401,-0.012800,-0.032940,-1.548260,ndi
1786507304.037409,15.967967,-0.012830,-0.032900,-1.548200,ndi
1786507304.052361,15.982919,-0.012850,-0.032870,-1.548180,ndi
1786507304.069695,16.000253,-0.012870,-0.032860,-1.548170,ndi
1786507304.084874,16.015432,-0.012910,-0.032830,-1.548130,ndi
1786507304.102338,16.032896,-0.012920,-0.032790,-1.548120,ndi
1786507304.119901,16.050459,-0.012940,-0.032770,-1.548130,ndi
1786507304.137319,16.067877,-0.012960,-0.032740,-1.548040,ndi
1786507304.152297,16.082855,-0.012970,-0.032710,-1.548000,ndi
1786507304.169688,16.100246,-0.012990,-0.032670,-1.547980,ndi
1786507304.184742,16.115300,-0.013000,-0.032640,-1.547960,ndi
1786507304.202242,16.132800,-0.013020,-0.032620,-1.547920,ndi
1786507304.219765,16.150323,-0.013050,-0.032590,-1.547930,ndi
1786507304.235022,16.165580,-0.013070,-0.032530,-1.547880,ndi
1786507304.252353,16.182911,-0.013080,-0.032510,-1.547840,ndi
1786507304.269676,16.200234,-0.013110,-0.032490,-1.547820,ndi
1786507304.284916,16.215474,-0.013130,-0.032450,-1.547800,ndi
1786507304.302420,16.232978,-0.013150,-0.032400,-1.547780,ndi
1786507304.319908,16.250466,-0.013190,-0.032390,-1.547790,ndi
1786507304.337472,16.268030,-0.013200,-0.032360,-1.547760,ndi
1786507304.352347,16.282905,-0.013200,-0.032310,-1.547720,ndi
1786507304.369714,16.300272,-0.013230,-0.032280,-1.547700,ndi
1786507304.387267,16.317825,-0.013250,-0.032260,-1.547690,ndi
1786507304.402231,16.332789,-0.013270,-0.032230,-1.547670,ndi
1786507304.419860,16.350418,-0.013290,-0.032180,-1.547620,ndi
1786507304.437387,16.367945,-0.013310,-0.032160,-1.547570,ndi
1786507304.452366,16.382924,-0.013340,-0.032130,-1.547580,ndi
1786507304.469668,16.400226,-0.013360,-0.032090,-1.547560,ndi
1786507304.484705,16.415263,-0.013390,-0.032060,-1.547500,ndi
1786507304.502378,16.432935,-0.013410,-0.032040,-1.547480,ndi
1786507304.519890,16.450448,-0.013410,-0.032000,-1.547440,ndi
1786507304.537393,16.467951,-0.013450,-0.031960,-1.547420,ndi
1786507304.552344,16.482902,-0.013470,-0.031930,-1.547390,ndi
1786507304.569686,16.500244,-0.013490,-0.031910,-1.547350,ndi
1786507304.584707,16.515265,-0.013500,-0.031880,-1.547330,ndi
1786507304.602380,16.532938,-0.013530,-0.031840,-1.547290,ndi
1786507304.619860,16.550418,-0.013550,-0.031810,-1.547260,ndi
1786507304.635041,16.565598,-0.013570,-0.031790,-1.547210,ndi
1786507304.652380,16.582938,-0.013580,-0.031760,-1.547200,ndi
1786507304.669702,16.600260,-0.013610,-0.031720,-1.547160,ndi
1786507304.684828,16.615386,-0.013640,-0.031690,-1.547140,ndi
1786507304.702427,16.632985,-0.013650,-0.031680,-1.547110,ndi
1786507304.719923,16.650481,-0.013670,-0.031650,-1.547070,ndi
1786507304.737261,16.667819,-0.013680,-0.031620,-1.547060,ndi
1786507304.752239,16.682796,-0.013700,-0.031590,-1.547040,ndi
1786507304.769712,16.700270,-0.013730,-0.031560,-1.547010,ndi
1786507304.784793,16.715351,-0.013750,-0.031530,-1.546990,ndi
1786507304.802406,16.732964,-0.013780,-0.031500,-1.546940,ndi
1786507304.819936,16.750494,-0.013770,-0.031480,-1.546880,ndi
1786507304.837380,16.767938,-0.013810,-0.031440,-1.546900,ndi
1786507304.852372,16.782930,-0.013840,-0.031400,-1.546850,ndi
1786507304.869712,16.800270,-0.013850,-0.031380,-1.546820,ndi
1786507304.887204,16.817762,-0.013890,-0.031350,-1.546780,ndi
1786507304.902260,16.832818,-0.013890,-0.031310,-1.546780,ndi
1786507304.919987,16.850545,-0.013920,-0.031300,-1.546730,ndi
1786507304.937411,16.867969,-0.013930,-0.031270,-1.546710,ndi
1786507304.952344,16.882902,-0.013950,-0.031230,-1.546690,ndi
1786507304.969721,16.900279,-0.013970,-0.031190,-1.546640,ndi
1786507304.984822,16.915380,-0.013980,-0.031170,-1.546670,ndi
1786507305.002260,16.932818,-0.014010,-0.031140,-1.546610,ndi
1786507305.019757,16.950315,-0.014020,-0.031110,-1.546600,ndi
1786507305.034868,16.965425,-0.014040,-0.031090,-1.546560,ndi
1786507305.052346,16.982904,-0.014070,-0.031070,-1.546530,ndi
1786507305.069716,17.000274,-0.014090,-0.031030,-1.546510,ndi
1786507305.084765,17.015323,-0.014120,-0.030990,-1.546460,ndi
1786507305.102242,17.032799,-0.014120,-0.030960,-1.546440,ndi
1786507305.119737,17.050295,-0.014150,-0.030930,-1.546420,ndi
1786507305.137325,17.067883,-0.014170,-0.030910,-1.546380,ndi
1786507305.152373,17.082931,-0.014190,-0.030870,-1.546340,ndi
1786507305.169723,17.100281,-0.014230,-0.030830,-1.546360,ndi
1786507305.184669,17.115227,-0.014240,-0.030800,-1.546320,ndi
1786507305.202278,17.132836,-0.014250,-0.030780,-1.546290,ndi
1786507305.219879,17.150437,-0.014280,-0.030740,-1.546270,ndi
1786507305.235007,17.165565,-0.014300,-0.030700,-1.546240,ndi
1786507305.252268,17.182826,-0.014330,-0.030670,-1.546190,ndi
1786507305.269725,17.200283,-0.014360,-0.030640,-1.546180,ndi
1786507305.287199,17.217757,-0.014370,-0.030600,-1.546160,ndi
1786507305.302192,17.232750,-0.014380,-0.030570,-1.546120,ndi
1786507305.319747,17.250305,-0.014420,-0.030540,-1.546070,ndi
1786507305.334935,17.265493,-0.014420,-0.030510,-1.546090,ndi
1786507305.352372,17.282930,-0.014440,-0.030480,-1.546060,ndi
1786507305.369725,17.300283,-0.014470,-0.030450,-1.546020,ndi
1786507305.384778,17.315336,-0.014480,-0.030420,-1.545980,ndi
1786507305.402234,17.332792,-0.014510,-0.030390,-1.545960,ndi
1786507305.419807,17.350365,-0.014520,-0.030360,-1.545950,ndi
1786507305.435055,17.365613,-0.014540,-0.030340,-1.545900,ndi
1786507305.452365,17.382923,-0.014570,-0.030300,-1.545920,ndi
1786507305.469710,17.400268,-0.014590,-0.030270,-1.545860,ndi
1786507305.484797,17.415355,-0.014610,-0.030250,-1.545860,ndi
1786507305.502226,17.432784,-0.014630,-0.030210,-1.545790,ndi
1786507305.519887,17.450445,-0.014650,-0.030180,-1.545770,ndi
1786507305.537415,17.467973,-0.014650,-0.030150,-1.545750,ndi
1786507305.552361,17.482919,-0.014680,-0.030120,-1.545740,ndi
1786507305.569731,17.500289,-0.014710,-0.030080,-1.545690,ndi
1786507305.584804,17.515362,-0.014710,-0.030060,-1.545690,ndi
1786507305.602221,17.532779,-0.014750,-0.030030,-1.545670,ndi
1786507305.619837,17.550395,-0.014760,-0.030000,-1.545620,ndi
1786507305.637396,17.567954,-0.014780,-0.029960,-1.545610,ndi
1786507305.652399,17.582957,-0.014820,-0.029930,-1.545560,ndi
1786507305.669716,17.600274,-0.014830,-0.029900,-1.545540,ndi
1786507305.684773,17.615331,-0.014850,-0.029880,-1.545480,ndi
1786507305.702321,17.632879,-0.014860,-0.029850,-1.545460,ndi
1786507305.719890,17.650448,-0.014880,-0.029820,-1.545420,ndi
1786507305.737371,17.667929,-0.014890,-0.029800,-1.545400,ndi
1786507305.752252,17.682810,-0.014910,-0.029770,-1.545400,ndi
1786507305.769745,17.700303,-0.014940,-0.029730,-1.545350,ndi
1786507305.784818,17.715376,-0.014960,-0.029700,-1.545290,ndi
1786507305.802206,17.732764,-0.014990,-0.029680,-1.545290,ndi
1786507305.819823,17.750381,-0.015010,-0.029640,-1.545260,ndi
1786507305.835091,17.765649,-0.015020,-0.029600,-1.545210,ndi
1786507305.852349,17.782907,-0.015060,-0.029580,-1.545170,ndi
1786507305.869729,17.800287,-0.015070,-0.029570,-1.545170,ndi
1786507305.884785,17.815343,-0.015090,-0.029530,-1.545130,ndi
1786507305.902309,17.832867,-0.015110,-0.029490,-1.545140,ndi
1786507305.919811,17.850369,-0.015120,-0.029470,-1.545080,ndi
1786507305.934860,17.865417,-0.015140,-0.029450,-1.545050,ndi
1786507305.952241,17.882799,-0.015150,-0.029400,-1.545030,ndi
1786507305.969721,17.900279,-0.015180,-0.029380,-1.545020,ndi
1786507305.984819,17.915377,-0.015210,-0.029370,-1.544970,ndi
1786507306.002252,17.932810,-0.015220,-0.029330,-1.544940,ndi
1786507306.019814,17.950372,-0.015240,-0.029270,-1.544890,ndi
1786507306.035151,17.965708,-0.015270,-0.029250,-1.544870,ndi
1786507306.052409,17.982967,-0.015300,-0.029230,-1.544840,ndi
1786507306.069696,18.000254,-0.015320,-0.029200,-1.544830,ndi
1786507306.084802,18.015360,-0.015320,-0.029160,-1.544810,ndi
1786507306.102232,18.032790,-0.015350,-0.029130,-1.544780,ndi
1786507306.119943,18.050501,-0.015380,-0.029120,-1.544770,ndi
1786507306.137413,18.067971,-0.015390,-0.029080,-1.544770,ndi
1786507306.152369,18.082927,-0.015400,-0.029030,-1.544730,ndi
1786507306.169770,18.100327,-0.015420,-0.029000,-1.544680,ndi
1786507306.184839,18.115397,-0.015440,-0.028990,-1.544650,ndi
1786507306.202254,18.132812,-0.015470,-0.028960,-1.544650,ndi
1786507306.219897,18.150455,-0.015490,-0.028910,-1.544640,ndi
1786507306.237546,18.168104,-0.015510,-0.028890,-1.544600,ndi
1786507306.252252,18.182810,-0.015510,-0.028870,-1.544580,ndi
1786507306.269711,18.200269,-0.015560,-0.028830,-1.544580,ndi
1786507306.284863,18.215421,-0.015580,-0.028790,-1.544530,ndi
1786507306.302274,18.232832,-0.015580,-0.028770,-1.544490,ndi
1786507306.319889,18.250447,-0.015610,-0.028740,-1.544450,ndi
1786507306.337411,18.267969,-0.015630,-0.028690,-1.544430,ndi
1786507306.352334,18.282892,-0.015650,-0.028670,-1.544400,ndi
1786507306.369738,18.300296,-0.015680,-0.028650,-1.544410,ndi
1786507306.384807,18.315365,-0.015690,-0.028620,-1.544360,ndi
1786507306.402238,18.332796,-0.015700,-0.028590,-1.544340,ndi
1786507306.419851,18.350409,-0.015740,-0.028560,-1.544300,ndi
1786507306.437360,18.367918,-0.015770,-0.028520,-1.544280,ndi
1786507306.452391,18.382949,-0.015780,-0.028510,-1.544240,ndi
1786507306.469735,18.400293,-0.015800,-0.028490,-1.544230,ndi
1786507306.484825,18.415383,-0.015810,-0.028440,-1.544200,ndi
1786507306.502261,18.432819,-0.015830,-0.028410,-1.544180,ndi
1786507306.519915,18.450473,-0.015870,-0.028390,-1.544170,ndi
1786507306.537484,18.468042,-0.015870,-0.028360,-1.544130,ndi
1786507306.552335,18.482893,-0.015890,-0.028320,-1.544080,ndi
1786507306.569764,18.500322,-0.015930,-0.028300,-1.544050,ndi
1786507306.584837,18.515395,-0.015930,-0.028270,-1.544010,ndi
1786507306.602409,18.532967,-0.015960,-0.028240,-1.543980,ndi
1786507306.619897,18.550455,-0.015990,-0.028210,-1.543960,ndi
1786507306.637478,18.568036,-0.016010,-0.028180,-1.543930,ndi
1786507306.652365,18.582923,-0.016030,-0.028160,-1.543900,ndi
1786507306.669751,18.600309,-0.016040,-0.028140,-1.543840,ndi
1786507306.684820,18.615378,-0.016060,-0.028110,-1.543850,ndi
1786507306.702250,18.632808,-0.016080,-0.028080,-1.543820,ndi
1786507306.719805,18.650363,-0.016100,-0.028050,-1.543800,ndi
1786507306.734901,18.665459,-0.016120,-0.028030,-1.543770,ndi
1786507306.752261,18.682819,-0.016150,-0.027980,-1.543760,ndi
1786507306.769747,18.700305,-0.016180,-0.027950,-1.543700,ndi
1786507306.784888,18.715446,-0.016180,-0.027930,-1.543700,ndi
1786507306.802267,18.732825,-0.016220,-0.027910,-1.543650,ndi
1786507306.819895,18.750453,-0.016250,-0.027870,-1.543640,ndi
1786507306.837265,18.767823,-0.016270,-0.027840,-1.543620,ndi
1786507306.852324,18.782881,-0.016300,-0.027830,-1.543590,ndi
1786507306.869744,18.800302,-0.016290,-0.027790,-1.543580,ndi
1786507306.887305,18.817863,-0.016320,-0.027770,-1.543540,ndi
1786507306.902309,18.832867,-0.016350,-0.027740,-1.543530,ndi
1786507306.919902,18.850460,-0.016370,-0.027720,-1.543480,ndi
1786507306.937406,18.867964,-0.016400,-0.027680,-1.543440,ndi
1786507306.952336,18.882894,-0.016410,-0.027660,-1.543430,ndi
1786507306.969762,18.900320,-0.016450,-0.027630,-1.543390,ndi
1786507306.984880,18.915438,-0.016460,-0.027600,-1.543350,ndi
1786507307.002307,18.932865,-0.016490,-0.027560,-1.543340,ndi
1786507307.019985,18.950543,-0.016510,-0.027540,-1.543300,ndi
1786507307.037465,18.968023,-0.016530,-0.027510,-1.543290,ndi
1786507307.052366,18.982924,-0.016560,-0.027490,-1.543280,ndi
1786507307.069776,19.000334,-0.016570,-0.027460,-1.543230,ndi
1786507307.087261,19.017819,-0.016590,-0.027410,-1.543190,ndi
1786507307.102435,19.032993,-0.016610,-0.027390,-1.543190,ndi
1786507307.119941,19.050499,-0.016630,-0.027370,-1.543190,ndi
1786507307.134937,19.065495,-0.016660,-0.027340,-1.543170,ndi
1786507307.152397,19.082955,-0.016680,-0.027290,-1.543120,ndi
1786507307.169758,19.100316,-0.016710,-0.027270,-1.543110,ndi
1786507307.184896,19.115454,-0.016740,-0.027260,-1.543090,ndi
1786507307.202252,19.132810,-0.016750,-0.027210,-1.543070,ndi
1786507307.219778,19.150336,-0.016790,-0.027170,-1.543040,ndi
1786507307.237369,19.167927,-0.016810,-0.027160,-1.543010,ndi
1786507307.252295,19.182853,-0.016830,-0.027140,-1.543000,ndi
1786507307.269735,19.200293,-0.016840,-0.027090,-1.542950,ndi
1786507307.287258,19.217816,-0.016870,-0.027060,-1.542920,ndi
1786507307.302275,19.232833,-0.016890,-0.027040,-1.542920,ndi
1786507307.320026,19.250584,-0.016900,-0.027020,-1.542860,ndi
1786507307.337360,19.267918,-0.016950,-0.026970,-1.542850,ndi
1786507307.352417,19.282975,-0.016960,-0.026950,-1.542860,ndi
1786507307.369733,19.300291,-0.016970,-0.026920,-1.542800,ndi
1786507307.384865,19.315423,-0.017000,-0.026910,-1.542750,ndi
1786507307.402471,19.333029,-0.017030,-0.026870,-1.542770,ndi
1786507307.419914,19.350472,-0.017060,-0.026830,-1.542710,ndi
1786507307.437349,19.367907,-0.017080,-0.026820,-1.542690,ndi
1786507307.452367,19.382925,-0.017090,-0.026800,-1.542670,ndi
1786507307.469760,19.400318,-0.017110,-0.026750,-1.542630,ndi
1786507307.484835,19.415393,-0.017140,-0.026720,-1.542580,ndi
1786507307.502393,19.432951,-0.017160,-0.026710,-1.542560,ndi
1786507307.519930,19.450488,-0.017180,-0.026680,-1.542540,ndi
1786507307.535075,19.465633,-0.017210,-0.026640,-1.542500,ndi
1786507307.552348,19.482906,-0.017230,-0.026620,-1.542480,ndi
1786507307.569755,19.500313,-0.017250,-0.026610,-1.542450,ndi
1786507307.584902,19.515460,-0.017270,-0.026570,-1.542410,ndi
1786507307.602464,19.533022,-0.017300,-0.026540,-1.542350,ndi
1786507307.619941,19.550498,-0.017320,-0.026530,-1.542350,ndi
1786507307.637489,19.568047,-0.017350,-0.026500,-1.542310,ndi
1786507307.652461,19.583019,-0.017360,-0.026460,-1.542300,ndi
1786507307.669744,19.600302,-0.017380,-0.026440,-1.542290,ndi
1786507307.684865,19.615423,-0.017410,-0.026420,-1.542240,ndi
1786507307.702330,19.632888,-0.017440,-0.026370,-1.542210,ndi
1786507307.719779,19.650337,-0.017460,-0.026340,-1.542180,ndi
1786507307.734918,19.665476,-0.017480,-0.026320,-1.542180,ndi
1786507307.752301,19.682858,-0.017510,-0.026300,-1.542130,ndi
1786507307.769778,19.700336,-0.017530,-0.026270,-1.542120,ndi
1786507307.784854,19.715412,-0.017550,-0.026240,-1.542080,ndi
1786507307.802367,19.732925,-0.017580,-0.026210,-1.542030,ndi
1786507307.819926,19.750484,-0.017610,-0.026190,-1.542040,ndi
1786507307.834929,19.765487,-0.017620,-0.026160,-1.541960,ndi
1786507307.852462,19.783020,-0.017640,-0.026110,-1.541950,ndi
1786507307.869830,19.800388,-0.017680,-0.026090,-1.541930,ndi
1786507307.887305,19.817863,-0.017700,-0.026090,-1.541910,ndi
1786507307.902333,19.832891,-0.017710,-0.026050,-1.541880,ndi
1786507307.919926,19.850484,-0.017740,-0.025990,-1.541840,ndi
1786507307.937356,19.867914,-0.017760,-0.026000,-1.541820,ndi
1786507307.952267,19.882825,-0.017790,-0.026000,-1.541800,ndi
1786507307.969743,19.900301,-0.017810,-0.025930,-1.541740,ndi
1786507307.984812,19.915370,-0.017830,-0.025870,-1.541750,ndi
1786507308.002428,19.932986,-0.017860,-0.025880,-1.541730,ndi
1786507308.019861,19.950418,-0.017890,-0.025860,-1.541700,ndi
1786507308.037398,19.967956,-0.017900,-0.025800,-1.541670,ndi
1786507308.052396,19.982954,-0.017920,-0.025760,-1.541670,ndi
1786507308.069794,20.000352,-0.017960,-0.025760,-1.541640,ndi
1786507308.084849,20.015407,-0.017950,-0.025740,-1.541610,ndi
1786507308.102395,20.032953,-0.018010,-0.025680,-1.541580,ndi
1786507308.119978,20.050536,-0.018030,-0.025640,-1.541600,ndi
1786507308.134961,20.065519,-0.018030,-0.025640,-1.541550,ndi
1786507308.152391,20.082949,-0.018080,-0.025630,-1.541520,ndi
1786507308.169765,20.100323,-0.018100,-0.025560,-1.541530,ndi
1786507308.184866,20.115424,-0.018110,-0.025530,-1.541510,ndi
1786507308.202405,20.132963,-0.018140,-0.025540,-1.541440,ndi
1786507308.219962,20.150520,-0.018160,-0.025510,-1.541430,ndi
1786507308.235059,20.165617,-0.018180,-0.025450,-1.541400,ndi
1786507308.252410,20.182968,-0.018200,-0.025430,-1.541370,ndi
1786507308.269804,20.200361,-0.018210,-0.025440,-1.541320,ndi
1786507308.287311,20.217869,-0.018250,-0.025390,-1.541310,ndi
1786507308.302483,20.233041,-0.018270,-0.025330,-1.541280,ndi
1786507308.320025,20.250583,-0.018300,-0.025340,-1.541250,ndi
1786507308.337444,20.268002,-0.018310,-0.025340,-1.541240,ndi
1786507308.352361,20.282919,-0.018350,-0.025280,-1.541210,ndi
1786507308.369772,20.300330,-0.018370,-0.025220,-1.541160,ndi
1786507308.387302,20.317860,-0.018390,-0.025230,-1.541110,ndi
1786507308.402422,20.332980,-0.018440,-0.025220,-1.541070,ndi
1786507308.419976,20.350534,-0.018440,-0.025170,-1.541060,ndi
1786507308.434864,20.365422,-0.018460,-0.025130,-1.541020,ndi
1786507308.452322,20.382879,-0.018480,-0.025130,-1.540990,ndi
1786507308.469830,20.400388,-0.018500,-0.025110,-1.540940,ndi
1786507308.487283,20.417841,-0.018530,-0.025060,-1.540930,ndi
1786507308.502266,20.432824,-0.018540,-0.025030,-1.540910,ndi
1786507308.519846,20.450404,-0.018590,-0.025020,-1.540880,ndi
1786507308.537454,20.468012,-0.018610,-0.025000,-1.540820,ndi
1786507308.552406,20.482964,-0.018630,-0.024970,-1.540830,ndi
1786507308.569781,20.500339,-0.018670,-0.024930,-1.540800,ndi
1786507308.584847,20.515405,-0.018680,-0.024920,-1.540760,ndi
1786507308.602349,20.532907,-0.018720,-0.024910,-1.540710,ndi
1786507308.619911,20.550469,-0.018740,-0.024860,-1.540710,ndi
1786507308.634965,20.565523,-0.018760,-0.024820,-1.540660,ndi
1786507308.652324,20.582882,-0.018790,-0.024820,-1.540640,ndi
1786507308.669803,20.600361,-0.018810,-0.024790,-1.540610,ndi
1786507308.684858,20.615416,-0.018850,-0.024750,-1.540590,ndi
1786507308.702347,20.632905,-0.018860,-0.024720,-1.540540,ndi
1786507308.719902,20.650460,-0.018890,-0.024710,-1.540490,ndi
1786507308.735064,20.665622,-0.018920,-0.024680,-1.540480,ndi
1786507308.752393,20.682951,-0.018930,-0.024640,-1.540470,ndi
1786507308.769790,20.700348,-0.018980,-0.024610,-1.540460,ndi
1786507308.784846,20.715404,-0.019000,-0.024590,-1.540440,ndi
1786507308.802384,20.732942,-0.019020,-0.024560,-1.540370,ndi
1786507308.819987,20.750545,-0.019060,-0.024530,-1.540340,ndi
1786507308.835064,20.765622,-0.019060,-0.024520,-1.540320,ndi
1786507308.852427,20.782985,-0.019100,-0.024500,-1.540280,ndi
1786507308.869817,20.800375,-0.019110,-0.024470,-1.540280,ndi
1786507308.887274,20.817832,-0.019130,-0.024430,-1.540250,ndi
1786507308.902459,20.833017,-0.019170,-0.024400,-1.540230,ndi
1786507308.919954,20.850512,-0.019200,-0.024400,-1.540200,ndi
1786507308.935030,20.865588,-0.019200,-0.024370,-1.540190,ndi
1786507308.952394,20.882952,-0.019250,-0.024330,-1.540160,ndi
1786507308.969803,20.900361,-0.019280,-0.024290,-1.540130,ndi
1786507308.984820,20.915378,-0.019320,-0.024290,-1.540130,ndi
1786507309.002313,20.932871,-0.019340,-0.024250,-1.540110,ndi
1786507309.019827,20.950385,-0.019370,-0.024210,-1.540050,ndi
1786507309.034900,20.965458,-0.019390,-0.024200,-1.540020,ndi
1786507309.052432,20.982990,-0.019410,-0.024190,-1.540010,ndi
1786507309.069804,21.000362,-0.019440,-0.024130,-1.540000,ndi
1786507309.084847,21.015405,-0.019480,-0.024110,-1.539980,ndi
1786507309.102388,21.032946,-0.019490,-0.024110,-1.539950,ndi
1786507309.120036,21.050594,-0.019520,-0.024080,-1.539920,ndi
1786507309.135061,21.065619,-0.019550,-0.024020,-1.539860,ndi
1786507309.152406,21.082964,-0.019580,-0.023990,-1.539870,ndi
1786507309.169779,21.100337,-0.019600,-0.023990,-1.539840,ndi
1786507309.184810,21.115368,-0.019640,-0.023970,-1.539850,ndi
1786507309.202435,21.132993,-0.019660,-0.023920,-1.539820,ndi
1786507309.219890,21.150448,-0.019690,-0.023900,-1.539780,ndi
1786507309.235027,21.165585,-0.019710,-0.023890,-1.539730,ndi
1786507309.252321,21.182878,-0.019720,-0.023860,-1.539720,ndi
1786507309.269821,21.200379,-0.019760,-0.023820,-1.539680,ndi
1786507309.287311,21.217869,-0.019780,-0.023790,-1.539630,ndi
1786507309.302502,21.233060,-0.019800,-0.023770,-1.539600,ndi
1786507309.319980,21.250538,-0.019840,-0.023750,-1.539580,ndi
1786507309.335094,21.265652,-0.019850,-0.023720,-1.539580,ndi
1786507309.352417,21.282975,-0.019870,-0.023700,-1.539510,ndi
1786507309.369753,21.300311,-0.019930,-0.023680,-1.539500,ndi
1786507309.384837,21.315395,-0.019940,-0.023650,-1.539500,ndi
1786507309.402405,21.332963,-0.019950,-0.023620,-1.539460,ndi
1786507309.419995,21.350553,-0.019990,-0.023610,-1.539420,ndi
1786507309.435053,21.365611,-0.020000,-0.023580,-1.539380,ndi
1786507309.452448,21.383006,-0.020050,-0.023550,-1.539380,ndi
1786507309.469871,21.400429,-0.020070,-0.023540,-1.539320,ndi
1786507309.484874,21.415431,-0.020080,-0.023510,-1.539300,ndi
1786507309.502364,21.432922,-0.020110,-0.023470,-1.539310,ndi
1786507309.520004,21.450562,-0.020140,-0.023470,-1.539260,ndi
1786507309.537385,21.467943,-0.020170,-0.023460,-1.539220,ndi
1786507309.552442,21.483000,-0.020210,-0.023410,-1.539200,ndi
1786507309.570080,21.500638,-0.020240,-0.023370,-1.539180,ndi
1786507309.584892,21.515450,-0.020250,-0.023370,-1.539130,ndi
1786507309.602381,21.532939,-0.020270,-0.023350,-1.539100,ndi
1786507309.619894,21.550452,-0.020310,-0.023290,-1.539070,ndi
1786507309.635150,21.565708,-0.020340,-0.023270,-1.539060,ndi
1786507309.652431,21.582989,-0.020370,-0.023300,-1.539020,ndi
1786507309.669778,21.600336,-0.020380,-0.023250,-1.539010,ndi
1786507309.687313,21.617871,-0.020430,-0.023180,-1.538980,ndi
1786507309.702404,21.632962,-0.020460,-0.023180,-1.538950,ndi
1786507309.719874,21.650432,-0.020470,-0.023200,-1.538940,ndi
1786507309.737487,21.668045,-0.020520,-0.023130,-1.538870,ndi
1786507309.752412,21.682970,-0.020560,-0.023090,-1.538850,ndi
1786507309.769845,21.700403,-0.020570,-0.023100,-1.538840,ndi
1786507309.784863,21.715420,-0.020590,-0.023100,-1.538810,ndi
1786507309.802350,21.732908,-0.020630,-0.023030,-1.538800,ndi
1786507309.819856,21.750414,-0.020650,-0.022990,-1.538780,ndi
1786507309.834918,21.765476,-0.020660,-0.023010,-1.538740,ndi
1786507309.852438,21.782996,-0.020700,-0.023000,-1.538730,ndi
1786507309.869797,21.800354,-0.020730,-0.022910,-1.538680,ndi
1786507309.887317,21.817875,-0.020770,-0.022890,-1.538670,ndi
1786507309.902318,21.832876,-0.020780,-0.022920,-1.538620,ndi
1786507309.919824,21.850382,-0.020800,-0.022870,-1.538610,ndi
1786507309.934918,21.865476,-0.020840,-0.022800,-1.538590,ndi
1786507309.952456,21.883014,-0.020880,-0.022800,-1.538600,ndi
1786507309.969949,21.900506,-0.020920,-0.022840,-1.538560,ndi
1786507309.984913,21.915471,-0.020930,-0.022770,-1.538540,ndi
1786507310.002346,21.932904,-0.020960,-0.022690,-1.538530,ndi
1786507310.019849,21.950407,-0.021000,-0.022730,-1.538480,ndi
1786507310.037478,21.968036,-0.021000,-0.022740,-1.538430,ndi
1786507310.052425,21.982983,-0.021040,-0.022640,-1.538440,ndi
1786507310.069819,22.000377,-0.021100,-0.022600,-1.538440,ndi
1786507310.087334,22.017892,-0.021100,-0.022650,-1.538390,ndi
1786507310.102407,22.032965,-0.021150,-0.022630,-1.538330,ndi
1786507310.120033,22.050591,-0.021190,-0.022530,-1.538350,ndi
1786507310.137521,22.068079,-0.021210,-0.022530,-1.538350,ndi
1786507310.152407,22.082965,-0.021230,-0.022580,-1.538280,ndi
1786507310.169792,22.100350,-0.021250,-0.022510,-1.538270,ndi
1786507310.184888,22.115446,-0.021280,-0.022430,-1.538250,ndi
1786507310.202357,22.132915,-0.021310,-0.022460,-1.538220,ndi
1786507310.219851,22.150409,-0.021330,-0.022490,-1.538190,ndi
1786507310.237387,22.167945,-0.021380,-0.022390,-1.538150,ndi
1786507310.252370,22.182928,-0.021410,-0.022330,-1.538110,ndi
1786507310.269841,22.200399,-0.021440,-0.022380,-1.538090,ndi
1786507310.284867,22.215425,-0.021450,-0.022380,-1.538050,ndi
1786507310.302496,22.233054,-0.021500,-0.022290,-1.538030,ndi
1786507310.320024,22.250582,-0.021530,-0.022250,-1.538020,ndi
1786507310.335107,22.265665,-0.021560,-0.022300,-1.537980,ndi
1786507310.352424,22.282982,-0.021600,-0.022280,-1.537960,ndi
1786507310.369807,22.300365,-0.021620,-0.022180,-1.537930,ndi
1786507310.384922,22.315480,-0.021660,-0.022180,-1.537900,ndi
1786507310.402508,22.333066,-0.021680,-0.022240,-1.537860,ndi
1786507310.419983,22.350541,-0.021690,-0.022180,-1.537850,ndi
1786507310.435137,22.365695,-0.021730,-0.022080,-1.537840,ndi
1786507310.452396,22.382954,-0.021770,-0.022100,-1.537790,ndi
1786507310.469858,22.400416,-0.021790,-0.022150,-1.537730,ndi
1786507310.487341,22.417899,-0.021840,-0.022080,-1.537700,ndi
1786507310.502504,22.433062,-0.021870,-0.021990,-1.537680,ndi
1786507310.520077,22.450635,-0.021880,-0.022030,-1.537640,ndi
1786507310.538292,22.468850,-0.021940,-0.022060,-1.537600,ndi
1786507310.552537,22.483095,-0.021980,-0.021960,-1.537630,ndi
1786507310.569816,22.500374,-0.022000,-0.021900,-1.537550,ndi
1786507310.587364,22.517922,-0.022030,-0.021960,-1.537530,ndi
1786507310.602423,22.532981,-0.022050,-0.021950,-1.537510,ndi
1786507310.620069,22.550627,-0.022070,-0.021850,-1.537490,ndi
1786507310.637567,22.568125,-0.022110,-0.021820,-1.537460,ndi
1786507310.652474,22.583032,-0.022160,-0.021870,-1.537420,ndi
1786507310.669840,22.600398,-0.022180,-0.021850,-1.537380,ndi
1786507310.687356,22.617914,-0.022210,-0.021760,-1.537360,ndi
1786507310.702459,22.633017,-0.022220,-0.021740,-1.537360,ndi
1786507310.720051,22.650609,-0.022270,-0.021770,-1.537300,ndi
1786507310.737453,22.668011,-0.022310,-0.021750,-1.537270,ndi
1786507310.752320,22.682878,-0.022300,-0.021700,-1.537330,ndi
1786507310.769818,22.700376,-0.022320,-0.021700,-1.537300,ndi
1786507310.787407,22.717965,-0.022340,-0.021740,-1.537280,ndi
1786507310.802496,22.733054,-0.022330,-0.021720,-1.537310,ndi
1786507310.819983,22.750540,-0.022340,-0.021680,-1.537310,ndi
1786507310.835050,22.765608,-0.022340,-0.021710,-1.537310,ndi
1786507310.852427,22.782985,-0.022340,-0.021750,-1.537300,ndi
1786507310.869849,22.800407,-0.022340,-0.021720,-1.537310,ndi
1786507310.884811,22.815369,-0.022360,-0.021680,-1.537310,ndi
1786507310.902466,22.833024,-0.022360,-0.021720,-1.537300,ndi
1786507310.920037,22.850595,-0.022350,-0.021740,-1.537310,ndi
1786507310.934942,22.865500,-0.022370,-0.021720,-1.537290,ndi
1786507310.952439,22.882997,-0.022350,-0.021700,-1.537310,ndi
1786507310.969846,22.900403,-0.022360,-0.021740,-1.537300,ndi
1786507310.984935,22.915493,-0.022360,-0.021740,-1.537320,ndi
1786507311.002445,22.933003,-0.022360,-0.021710,-1.537300,ndi
1786507311.019894,22.950452,-0.022370,-0.021710,-1.537290,ndi
1786507311.034921,22.965479,-0.022360,-0.021740,-1.537300,ndi
1786507311.052336,22.982893,-0.022370,-0.021740,-1.537290,ndi
1786507311.069847,23.000405,-0.022370,-0.021720,-1.537310,ndi
1786507311.087360,23.017918,-0.022360,-0.021720,-1.537310,ndi
1786507311.102439,23.032997,-0.022390,-0.021730,-1.537290,ndi
1786507311.120032,23.050590,-0.022380,-0.021740,-1.537290,ndi
1786507311.135110,23.065668,-0.022370,-0.021730,-1.537290,ndi
1786507311.152415,23.082973,-0.022370,-0.021720,-1.537290,ndi
1786507311.169796,23.100354,-0.022390,-0.021730,-1.537300,ndi
1786507311.187336,23.117894,-0.022390,-0.021750,-1.537310,ndi
1786507311.202497,23.133054,-0.022370,-0.021730,-1.537330,ndi
1786507311.219969,23.150527,-0.022390,-0.021720,-1.537310,ndi
1786507311.237553,23.168111,-0.022390,-0.021750,-1.537280,ndi
1786507311.252383,23.182941,-0.022370,-0.021740,-1.537300,ndi
1786507311.269839,23.200397,-0.022390,-0.021720,-1.537290,ndi
1786507311.284823,23.215381,-0.022380,-0.021720,-1.537320,ndi
1786507311.302364,23.232922,-0.022410,-0.021750,-1.537300,ndi
1786507311.320019,23.250577,-0.022410,-0.021750,-1.537300,ndi
1786507311.335061,23.265619,-0.022410,-0.021730,-1.537310,ndi
1786507311.352446,23.283004,-0.022400,-0.021730,-1.537300,ndi
1786507311.369821,23.300379,-0.022390,-0.021740,-1.537310,ndi
1786507311.384848,23.315406,-0.022410,-0.021740,-1.537300,ndi
1786507311.402472,23.333030,-0.022390,-0.021740,-1.537310,ndi
1786507311.419971,23.350529,-0.022390,-0.021730,-1.537310,ndi
1786507311.437454,23.368012,-0.022410,-0.021740,-1.537310,ndi
1786507311.452455,23.383013,-0.022380,-0.021750,-1.537310,ndi
1786507311.469810,23.400368,-0.022400,-0.021730,-1.537320,ndi
1786507311.484869,23.415427,-0.022410,-0.021730,-1.537340,ndi
1786507311.502366,23.432924,-0.022390,-0.021740,-1.537300,ndi
1786507311.519939,23.450497,-0.022400,-0.021760,-1.537290,ndi
1786507311.535006,23.465564,-0.022390,-0.021740,-1.537320,ndi
1786507311.552430,23.482988,-0.022410,-0.021720,-1.537310,ndi
1786507311.569904,23.500462,-0.022410,-0.021750,-1.537300,ndi
1786507311.587349,23.517907,-0.022390,-0.021770,-1.537310,ndi
1786507311.602336,23.532894,-0.022410,-0.021740,-1.537300,ndi
1786507311.619984,23.550542,-0.022390,-0.021720,-1.537320,ndi
1786507311.637511,23.568069,-0.022410,-0.021740,-1.537310,ndi
1786507311.652445,23.583003,-0.022420,-0.021760,-1.537320,ndi
1786507311.669819,23.600377,-0.022410,-0.021750,-1.537320,ndi
1786507311.684815,23.615373,-0.022420,-0.021730,-1.537300,ndi
1786507311.702475,23.633033,-0.022420,-0.021740,-1.537330,ndi
1786507311.719931,23.650489,-0.022420,-0.021770,-1.537320,ndi
1786507311.737443,23.668001,-0.022420,-0.021740,-1.537320,ndi
1786507311.752461,23.683019,-0.022410,-0.021730,-1.537320,ndi
1786507311.769843,23.700401,-0.022420,-0.021750,-1.537300,ndi
1786507311.784913,23.715471,-0.022420,-0.021780,-1.537310,ndi
1786507311.802398,23.732956,-0.022410,-0.021750,-1.537310,ndi
1786507311.819995,23.750553,-0.022410,-0.021720,-1.537320,ndi
1786507311.837482,23.768040,-0.022410,-0.021760,-1.537310,ndi
1786507311.852502,23.783060,-0.022430,-0.021780,-1.537310,ndi
1786507311.869846,23.800404,-0.022430,-0.021730,-1.537320,ndi
1786507311.884823,23.815381,-0.022410,-0.021730,-1.537340,ndi
1786507311.902325,23.832883,-0.022420,-0.021770,-1.537310,ndi
1786507311.919989,23.850547,-0.022420,-0.021780,-1.537330,ndi
1786507311.935079,23.865637,-0.022440,-0.021730,-1.537330,ndi
1786507311.952432,23.882990,-0.022420,-0.021720,-1.537300,ndi
1786507311.969841,23.900399,-0.022430,-0.021760,-1.537290,ndi
1786507311.984924,23.915482,-0.022430,-0.021780,-1.537330,ndi
1786507312.002525,23.933083,-0.022400,-0.021740,-1.537310,ndi
1786507312.019927,23.950485,-0.022420,-0.021720,-1.537340,ndi
1786507312.035031,23.965589,-0.022430,-0.021760,-1.537330,ndi
1786507312.052356,23.982914,-0.022420,-0.021770,-1.537310,ndi
1786507312.069839,24.000397,-0.022430,-0.021740,-1.537340,ndi
1786507312.084867,24.015424,-0.022430,-0.021740,-1.537340,ndi
1786507312.102396,24.032954,-0.022440,-0.021760,-1.537300,ndi
1786507312.119979,24.050537,-0.022420,-0.021760,-1.537340,ndi
1786507312.137492,24.068050,-0.022420,-0.021730,-1.537320,ndi
1786507312.152495,24.083053,-0.022450,-0.021740,-1.537330,ndi
1786507312.169861,24.100419,-0.022430,-0.021770,-1.537310,ndi
1786507312.184865,24.115423,-0.022430,-0.021770,-1.537320,ndi
1786507312.202477,24.133035,-0.022420,-0.021730,-1.537320,ndi
1786507312.220025,24.150583,-0.022430,-0.021750,-1.537330,ndi
1786507312.235135,24.165693,-0.022440,-0.021780,-1.537310,ndi
1786507312.252461,24.183019,-0.022430,-0.021760,-1.537310,ndi
1786507312.269864,24.200422,-0.022450,-0.021720,-1.537320,ndi
1786507312.287313,24.217871,-0.022440,-0.021750,-1.537330,ndi
1786507312.302340,24.232898,-0.022430,-0.021790,-1.537330,ndi
1786507312.319873,24.250431,-0.022410,-0.021750,-1.537330,ndi
1786507312.337407,24.267965,-0.022440,-0.021710,-1.537340,ndi
1786507312.352461,24.283019,-0.022420,-0.021730,-1.537310,ndi
1786507312.369864,24.300422,-0.022410,-0.021760,-1.537330,ndi
1786507312.384852,24.315410,-0.022450,-0.021750,-1.537320,ndi
1786507312.402380,24.332937,-0.022410,-0.021720,-1.537320,ndi
1786507312.420004,24.350562,-0.022440,-0.021740,-1.537330,ndi
1786507312.435259,24.365817,-0.022420,-0.021760,-1.537340,ndi
1786507312.452487,24.383045,-0.022420,-0.021740,-1.537370,ndi
1786507312.469852,24.400410,-0.022440,-0.021710,-1.537360,ndi
1786507312.487352,24.417910,-0.022420,-0.021740,-1.537350,ndi
1786507312.502425,24.432983,-0.022460,-0.021770,-1.537350,ndi
1786507312.519877,24.450435,-0.022440,-0.021740,-1.537350,ndi
1786507312.535061,24.465619,-0.022440,-0.021720,-1.537350,ndi
1786507312.552471,24.483029,-0.022430,-0.021750,-1.537350,ndi
1786507312.569900,24.500458,-0.022410,-0.021770,-1.537360,ndi
1786507312.584868,24.515426,-0.022440,-0.021730,-1.537360,ndi
1786507312.602461,24.533019,-0.022440,-0.021720,-1.537350,ndi
1786507312.620040,24.550598,-0.022420,-0.021760,-1.537340,ndi
1786507312.637469,24.568027,-0.022430,-0.021770,-1.537340,ndi
1786507312.652486,24.583044,-0.022420,-0.021730,-1.537350,ndi
1786507312.669878,24.600435,-0.022430,-0.021720,-1.537340,ndi
1786507312.687317,24.617875,-0.022430,-0.021750,-1.537360,ndi
1786507312.702430,24.632988,-0.022450,-0.021760,-1.537370,ndi
1786507312.719925,24.650483,-0.022420,-0.021740,-1.537350,ndi
1786507312.735080,24.665638,-0.022450,-0.021740,-1.537340,ndi
1786507312.752502,24.683060,-0.022470,-0.021760,-1.537320,ndi
1786507312.769847,24.700405,-0.022390,-0.021750,-1.537360,ndi
1786507312.785002,24.715559,-0.022440,-0.021730,-1.537360,ndi
1786507312.802465,24.733023,-0.022450,-0.021730,-1.537350,ndi
1786507312.820074,24.750632,-0.022400,-0.021750,-1.537350,ndi
1786507312.835201,24.765759,-0.022470,-0.021760,-1.537330,ndi
1786507312.852457,24.783015,-0.022430,-0.021750,-1.537340,ndi
1786507312.869882,24.800440,-0.022430,-0.021720,-1.537340,ndi
1786507312.884867,24.815425,-0.022440,-0.021730,-1.537350,ndi
1786507312.902360,24.832918,-0.022440,-0.021750,-1.537360,ndi
1786507312.920065,24.850623,-0.022460,-0.021740,-1.537320,ndi
1786507312.935159,24.865717,-0.022400,-0.021730,-1.537340,ndi
1786507312.952501,24.883059,-0.022450,-0.021750,-1.537350,ndi
1786507312.969854,24.900412,-0.022430,-0.021750,-1.537340,ndi
1786507312.987300,24.917858,-0.022440,-0.021720,-1.537340,ndi
1786507313.002479,24.933037,-0.022460,-0.021710,-1.537350,ndi
1786507313.020007,24.950565,-0.022420,-0.021760,-1.537340,ndi
1786507313.037415,24.967973,-0.022450,-0.021770,-1.537340,ndi
1786507313.052376,24.982934,-0.022440,-0.021740,-1.537340,ndi
1786507313.069959,25.000517,-0.022430,-0.021710,-1.537330,ndi
1786507313.084904,25.015462,-0.022440,-0.021730,-1.537370,ndi
1786507313.102364,25.032922,-0.022430,-0.021760,-1.537360,ndi
1786507313.119954,25.050512,-0.022450,-0.021740,-1.537350,ndi
1786507313.134954,25.065512,-0.022430,-0.021720,-1.537350,ndi
1786507313.152399,25.082957,-0.022450,-0.021750,-1.537340,ndi
1786507313.169947,25.100505,-0.022430,-0.021770,-1.537350,ndi
1786507313.184930,25.115488,-0.022420,-0.021730,-1.537340,ndi
1786507313.202458,25.133016,-0.022440,-0.021700,-1.537370,ndi
1786507313.220012,25.150570,-0.022420,-0.021750,-1.537360,ndi
1786507313.235268,25.165826,-0.022440,-0.021790,-1.537330,ndi
1786507313.252409,25.182967,-0.022430,-0.021720,-1.537350,ndi
1786507313.269848,25.200406,-0.022430,-0.021700,-1.537340,ndi
1786507313.287308,25.217866,-0.022470,-0.021770,-1.537370,ndi
1786507313.302467,25.233025,-0.022450,-0.021780,-1.537330,ndi
1786507313.319990,25.250548,-0.022470,-0.021710,-1.537320,ndi
1786507313.335037,25.265595,-0.022430,-0.021710,-1.537330,ndi
1786507313.352419,25.282977,-0.022410,-0.021770,-1.537330,ndi
1786507313.369879,25.300437,-0.022430,-0.021760,-1.537310,ndi
1786507313.384860,25.315418,-0.022430,-0.021700,-1.537310,ndi
1786507313.402373,25.332931,-0.022430,-0.021720,-1.537340,ndi
1786507313.419922,25.350480,-0.022430,-0.021770,-1.537330,ndi
1786507313.435235,25.365793,-0.022450,-0.021760,-1.537350,ndi
1786507313.452485,25.383043,-0.022440,-0.021710,-1.537350,ndi
1786507313.469841,25.400399,-0.022450,-0.021730,-1.537330,ndi
1786507313.484836,25.415394,-0.022460,-0.021770,-1.537360,ndi
1786507313.502371,25.432929,-0.022430,-0.021740,-1.537350,ndi
1786507313.519964,25.450522,-0.022430,-0.021710,-1.537340,ndi
1786507313.535097,25.465655,-0.022440,-0.021730,-1.537340,ndi
1786507313.552522,25.483080,-0.022440,-0.021770,-1.537330,ndi
1786507313.569862,25.500420,-0.022450,-0.021730,-1.537340,ndi
1786507313.587354,25.517912,-0.022460,-0.021700,-1.537340,ndi
1786507313.602390,25.532948,-0.022440,-0.021740,-1.537330,ndi
1786507313.619982,25.550540,-0.022450,-0.021770,-1.537340,ndi
1786507313.635132,25.565690,-0.022450,-0.021720,-1.537320,ndi
1786507313.652475,25.583033,-0.022430,-0.021700,-1.537340,ndi
1786507313.669849,25.600407,-0.022450,-0.021760,-1.537350,ndi
1786507313.687318,25.617876,-0.022460,-0.021760,-1.537330,ndi
1786507313.702541,25.633099,-0.022440,-0.021710,-1.537350,ndi
1786507313.720060,25.650618,-0.022430,-0.021710,-1.537350,ndi
1786507313.735122,25.665680,-0.022440,-0.021760,-1.537360,ndi
1786507313.752499,25.683057,-0.022460,-0.021750,-1.537370,ndi
1786507313.769864,25.700422,-0.022440,-0.021710,-1.537360,ndi
1786507313.784889,25.715446,-0.022440,-0.021720,-1.537330,ndi
1786507313.802487,25.733045,-0.022450,-0.021760,-1.537340,ndi
1786507313.820014,25.750571,-0.022450,-0.021740,-1.537340,ndi
1786507313.837513,25.768071,-0.022460,-0.021710,-1.537380,ndi
1786507313.852417,25.782975,-0.022450,-0.021730,-1.537360,ndi
1786507313.869852,25.800410,-0.022460,-0.021760,-1.537350,ndi
1786507313.884872,25.815430,-0.022450,-0.021750,-1.537350,ndi
1786507313.902398,25.832956,-0.022440,-0.021720,-1.537330,ndi
1786507313.920037,25.850595,-0.022450,-0.021730,-1.537350,ndi
1786507313.935177,25.865735,-0.022460,-0.021760,-1.537340,ndi
1786507313.952474,25.883032,-0.022450,-0.021740,-1.537350,ndi
1786507313.969902,25.900460,-0.022450,-0.021710,-1.537330,ndi
1786507313.987372,25.917930,-0.022460,-0.021740,-1.537330,ndi
1786507314.002504,25.933062,-0.022440,-0.021760,-1.537310,ndi
1786507314.020073,25.950631,-0.022450,-0.021730,-1.537340,ndi
1786507314.035004,25.965562,-0.022460,-0.021710,-1.537350,ndi
1786507314.052416,25.982974,-0.022460,-0.021740,-1.537310,ndi
1786507314.069872,26.000430,-0.022460,-0.021750,-1.537350,ndi
1786507314.084870,26.015428,-0.022450,-0.021730,-1.537320,ndi
1786507314.102409,26.032967,-0.022440,-0.021730,-1.537320,ndi
1786507314.120026,26.050584,-0.022440,-0.021750,-1.537320,ndi
1786507314.135112,26.065670,-0.022450,-0.021730,-1.537320,ndi
1786507314.152521,26.083079,-0.022450,-0.021720,-1.537330,ndi
1786507314.169925,26.100483,-0.022460,-0.021740,-1.537340,ndi
1786507314.184867,26.115425,-0.022450,-0.021750,-1.537340,ndi
1786507314.202556,26.133114,-0.022460,-0.021740,-1.537320,ndi
1786507314.220034,26.150592,-0.022460,-0.021730,-1.537330,ndi
1786507314.235187,26.165745,-0.022470,-0.021730,-1.537330,ndi
1786507314.252431,26.182989,-0.022460,-0.021730,-1.537340,ndi
1786507314.269840,26.200397,-0.022450,-0.021740,-1.537340,ndi
1786507314.284925,26.215483,-0.022450,-0.021750,-1.537340,ndi
1786507314.302473,26.233031,-0.022460,-0.021740,-1.537320,ndi
1786507314.320031,26.250589,-0.022460,-0.021730,-1.537320,ndi
1786507314.335159,26.265717,-0.022450,-0.021740,-1.537330,ndi
1786507314.352415,26.282973,-0.022460,-0.021740,-1.537340,ndi
1786507314.369887,26.300445,-0.022460,-0.021730,-1.537330,ndi
1786507314.384906,26.315464,-0.022460,-0.021740,-1.537330,ndi
1786507314.402472,26.333030,-0.022470,-0.021740,-1.537340,ndi
1786507314.420053,26.350611,-0.022460,-0.021740,-1.537300,ndi
1786507314.435170,26.365728,-0.022460,-0.021740,-1.537340,ndi
1786507314.452492,26.383050,-0.022470,-0.021730,-1.537330,ndi
1786507314.469862,26.400420,-0.022470,-0.021740,-1.537340,ndi
1786507314.487414,26.417972,-0.022460,-0.021750,-1.537300,ndi
1786507314.502597,26.433155,-0.022460,-0.021740,-1.537320,ndi
1786507314.520065,26.450623,-0.022450,-0.021720,-1.537340,ndi
1786507314.535177,26.465735,-0.022460,-0.021740,-1.537320,ndi
1786507314.552532,26.483090,-0.022470,-0.021750,-1.537310,ndi
1786507314.569914,26.500472,-0.022460,-0.021730,-1.537330,ndi
1786507314.584922,26.515480,-0.022460,-0.021730,-1.537330,ndi
1786507314.602479,26.533037,-0.022450,-0.021740,-1.537320,ndi
1786507314.620086,26.550644,-0.022470,-0.021740,-1.537320,ndi
1786507314.635090,26.565648,-0.022480,-0.021730,-1.537290,ndi
1786507314.652489,26.583047,-0.022470,-0.021740,-1.537310,ndi
1786507314.669897,26.600455,-0.022460,-0.021750,-1.537300,ndi
1786507314.684885,26.615443,-0.022470,-0.021740,-1.537330,ndi
1786507314.702535,26.633093,-0.022470,-0.021730,-1.537310,ndi
1786507314.720112,26.650670,-0.022460,-0.021730,-1.537330,ndi
1786507314.735088,26.665646,-0.022450,-0.021750,-1.537310,ndi
1786507314.752507,26.683065,-0.022460,-0.021750,-1.537320,ndi
1786507314.769870,26.700428,-0.022470,-0.021730,-1.537350,ndi
1786507314.784881,26.715439,-0.022470,-0.021740,-1.537340,ndi
1786507314.802460,26.733018,-0.022470,-0.021750,-1.537330,ndi
1786507314.820109,26.750667,-0.022460,-0.021750,-1.537350,ndi
1786507314.835002,26.765560,-0.022480,-0.021740,-1.537350,ndi
1786507314.852506,26.783064,-0.022480,-0.021740,-1.537350,ndi
1786507314.869899,26.800457,-0.022470,-0.021750,-1.537330,ndi
1786507314.884897,26.815455,-0.022460,-0.021750,-1.537340,ndi
1786507314.902520,26.833078,-0.022460,-0.021740,-1.537340,ndi
1786507314.920121,26.850679,-0.022470,-0.021740,-1.537330,ndi
1786507314.935199,26.865757,-0.022470,-0.021760,-1.537300,ndi
1786507314.952512,26.883070,-0.022480,-0.021750,-1.537350,ndi
1786507314.969909,26.900467,-0.022470,-0.021730,-1.537340,ndi
1786507314.984893,26.915451,-0.022460,-0.021740,-1.537320,ndi
1786507315.002528,26.933086,-0.022490,-0.021760,-1.537320,ndi
1786507315.020054,26.950612,-0.022480,-0.021740,-1.537310,ndi
1786507315.035013,26.965571,-0.022470,-0.021740,-1.537310,ndi
1786507315.052399,26.982957,-0.022460,-0.021750,-1.537320,ndi
1786507315.069919,27.000477,-0.022470,-0.021760,-1.537330,ndi
1786507315.084907,27.015465,-0.022480,-0.021740,-1.537340,ndi
1786507315.102475,27.033033,-0.022480,-0.021730,-1.537300,ndi
1786507315.119941,27.050499,-0.022460,-0.021750,-1.537310,ndi
1786507315.137470,27.068027,-0.022460,-0.021760,-1.537340,ndi
1786507315.152566,27.083124,-0.022470,-0.021740,-1.537340,ndi
1786507315.169922,27.100480,-0.022470,-0.021730,-1.537320,ndi
1786507315.184905,27.115463,-0.022480,-0.021750,-1.537310,ndi
1786507315.202502,27.133060,-0.022490,-0.021760,-1.537310,ndi
1786507315.220024,27.150582,-0.022470,-0.021750,-1.537340,ndi
1786507315.237420,27.167978,-0.022480,-0.021740,-1.537340,ndi
1786507315.252412,27.182970,-0.022490,-0.021750,-1.537310,ndi
1786507315.269918,27.200476,-0.022480,-0.021750,-1.537300,ndi
1786507315.284913,27.215471,-0.022460,-0.021740,-1.537290,ndi
1786507315.302511,27.233069,-0.022470,-0.021750,-1.537310,ndi
1786507315.320129,27.250687,-0.022470,-0.021760,-1.537320,ndi
1786507315.335141,27.265699,-0.022480,-0.021750,-1.537310,ndi
1786507315.352498,27.283056,-0.022480,-0.021740,-1.537340,ndi
1786507315.369936,27.300493,-0.022470,-0.021750,-1.537310,ndi
1786507315.384898,27.315456,-0.022480,-0.021760,-1.537330,ndi
1786507315.402554,27.333112,-0.022480,-0.021740,-1.537320,ndi
1786507315.420085,27.350643,-0.022490,-0.021750,-1.537300,ndi
1786507315.435107,27.365665,-0.022480,-0.021770,-1.537320,ndi
1786507315.452532,27.383090,-0.022470,-0.021740,-1.537300,ndi
1786507315.469902,27.400460,-0.022480,-0.021730,-1.537320,ndi
1786507315.484907,27.415465,-0.022470,-0.021750,-1.537300,ndi
1786507315.502482,27.433040,-0.022480,-0.021770,-1.537280,ndi
1786507315.519971,27.450529,-0.022470,-0.021740,-1.537290,ndi
1786507315.535202,27.465760,-0.022470,-0.021730,-1.537270,ndi
1786507315.552570,27.483128,-0.022490,-0.021750,-1.537300,ndi
1786507315.569887,27.500445,-0.022470,-0.021760,-1.537280,ndi
1786507315.584906,27.515464,-0.022490,-0.021730,-1.537290,ndi
1786507315.602488,27.533046,-0.022480,-0.021740,-1.537300,ndi
1786507315.620003,27.550560,-0.022480,-0.021760,-1.537310,ndi
1786507315.637573,27.568131,-0.022490,-0.021760,-1.537290,ndi
1786507315.652528,27.583086,-0.022480,-0.021740,-1.537290,ndi
1786507315.669929,27.600487,-0.022480,-0.021730,-1.537270,ndi
1786507315.684928,27.615486,-0.022470,-0.021760,-1.537270,ndi
1786507315.702449,27.633007,-0.022480,-0.021760,-1.537290,ndi
1786507315.719939,27.650497,-0.022480,-0.021730,-1.537290,ndi
1786507315.734956,27.665514,-0.022480,-0.021740,-1.537270,ndi
1786507315.752447,27.683005,-0.022480,-0.021750,-1.537270,ndi
1786507315.769937,27.700495,-0.022470,-0.021750,-1.537290,ndi
1786507315.784906,27.715464,-0.022500,-0.021740,-1.537280,ndi
1786507315.802510,27.733068,-0.022480,-0.021740,-1.537280,ndi
1786507315.819930,27.750488,-0.022470,-0.021760,-1.537310,ndi
1786507315.835165,27.765723,-0.022480,-0.021750,-1.537280,ndi
1786507315.852537,27.783095,-0.022490,-0.021740,-1.537290,ndi
1786507315.869971,27.800529,-0.022480,-0.021750,-1.537290,ndi
1786507315.884913,27.815471,-0.022480,-0.021750,-1.537290,ndi
1786507315.902434,27.832992,-0.022480,-0.021750,-1.537280,ndi
1786507315.920148,27.850706,-0.022480,-0.021750,-1.537290,ndi
1786507315.935107,27.865665,-0.022500,-0.021750,-1.537270,ndi
1786507315.952537,27.883095,-0.022490,-0.021750,-1.537280,ndi
1786507315.969903,27.900461,-0.022480,-0.021750,-1.537300,ndi
1786507315.984904,27.915462,-0.022490,-0.021760,-1.537300,ndi
1786507316.002614,27.933172,-0.022490,-0.021740,-1.537300,ndi
1786507316.020096,27.950654,-0.022500,-0.021750,-1.537300,ndi
1786507316.035094,27.965652,-0.022490,-0.021760,-1.537270,ndi
1786507316.052553,27.983111,-0.022470,-0.021760,-1.537270,ndi
1786507316.069931,28.000489,-0.022490,-0.021740,-1.537290,ndi
1786507316.084925,28.015483,-0.022480,-0.021750,-1.537260,ndi
1786507316.102527,28.033085,-0.022490,-0.021760,-1.537280,ndi
1786507316.120028,28.050586,-0.022480,-0.021750,-1.537290,ndi
1786507316.134996,28.065554,-0.022490,-0.021750,-1.537280,ndi
1786507316.152417,28.082975,-0.022490,-0.021760,-1.537280,ndi
1786507316.169900,28.100458,-0.022490,-0.021760,-1.537310,ndi
1786507316.184913,28.115471,-0.022500,-0.021750,-1.537300,ndi
1786507316.202449,28.133007,-0.022480,-0.021750,-1.537290,ndi
1786507316.220075,28.150633,-0.022490,-0.021750,-1.537270,ndi
1786507316.235227,28.165785,-0.022490,-0.021760,-1.537270,ndi
1786507316.252465,28.183023,-0.022490,-0.021750,-1.537280,ndi
1786507316.269906,28.200464,-0.022490,-0.021750,-1.537260,ndi
1786507316.284938,28.215496,-0.022480,-0.021750,-1.537260,ndi
1786507316.302553,28.233111,-0.022490,-0.021760,-1.537260,ndi
1786507316.320173,28.250731,-0.022490,-0.021750,-1.537280,ndi
1786507316.337676,28.268234,-0.022490,-0.021750,-1.537290,ndi
1786507316.352530,28.283088,-0.022490,-0.021760,-1.537300,ndi
1786507316.369966,28.300524,-0.022490,-0.021760,-1.537280,ndi
1786507316.384951,28.315509,-0.022500,-0.021760,-1.537300,ndi
1786507316.402432,28.332990,-0.022500,-0.021750,-1.537310,ndi
1786507316.419985,28.350543,-0.022500,-0.021760,-1.537310,ndi
1786507316.435046,28.365604,-0.022500,-0.021760,-1.537280,ndi
1786507316.452555,28.383113,-0.022490,-0.021750,-1.537300,ndi
1786507316.469924,28.400482,-0.022500,-0.021760,-1.537280,ndi
1786507316.485018,28.415576,-0.022490,-0.021760,-1.537290,ndi
1786507316.502594,28.433152,-0.022500,-0.021760,-1.537310,ndi
1786507316.520190,28.450748,-0.022490,-0.021760,-1.537300,ndi
1786507316.535281,28.465839,-0.022490,-0.021760,-1.537300,ndi
1786507316.552557,28.483115,-0.022500,-0.021760,-1.537310,ndi
1786507316.569927,28.500485,-0.022510,-0.021760,-1.537290,ndi
1786507316.584907,28.515465,-0.022500,-0.021760,-1.537310,ndi
1786507316.602463,28.533021,-0.022510,-0.021760,-1.537330,ndi
1786507316.619987,28.550545,-0.022500,-0.021750,-1.537290,ndi
1786507316.637578,28.568136,-0.022500,-0.021770,-1.537300,ndi
1786507316.652546,28.583104,-0.022490,-0.021770,-1.537280,ndi
1786507316.669932,28.600490,-0.022500,-0.021750,-1.537280,ndi
1786507316.684946,28.615504,-0.022490,-0.021750,-1.537290,ndi
1786507316.702444,28.633002,-0.022490,-0.021760,-1.537280,ndi
1786507316.720083,28.650641,-0.022500,-0.021760,-1.537290,ndi
1786507316.737539,28.668097,-0.022500,-0.021750,-1.537280,ndi
1786507316.752545,28.683103,-0.022500,-0.021760,-1.537260,ndi
1786507316.769929,28.700487,-0.022510,-0.021760,-1.537290,ndi
1786507316.784913,28.715471,-0.022510,-0.021760,-1.537270,ndi
1786507316.802410,28.732968,-0.022500,-0.021760,-1.537290,ndi
1786507316.819961,28.750519,-0.022500,-0.021760,-1.537300,ndi
1786507316.834971,28.765529,-0.022490,-0.021760,-1.537280,ndi
1786507316.852474,28.783032,-0.022490,-0.021760,-1.537260,ndi
1786507316.869939,28.800497,-0.022500,-0.021760,-1.537270,ndi
1786507316.884900,28.815458,-0.022500,-0.021760,-1.537270,ndi
1786507316.902544,28.833102,-0.022500,-0.021760,-1.537270,ndi
1786507316.920007,28.850565,-0.022500,-0.021770,-1.537280,ndi
1786507316.937641,28.868199,-0.022490,-0.021750,-1.537270,ndi
1786507316.952564,28.883122,-0.022510,-0.021760,-1.537270,ndi
1786507316.969913,28.900471,-0.022510,-0.021770,-1.537250,ndi
1786507316.984910,28.915468,-0.022500,-0.021770,-1.537300,ndi
1786507317.002447,28.933005,-0.022500,-0.021750,-1.537270,ndi
1786507317.020071,28.950629,-0.022500,-0.021760,-1.537280,ndi
1786507317.034979,28.965537,-0.022500,-0.021770,-1.537280,ndi
1786507317.052484,28.983042,-0.022500,-0.021760,-1.537270,ndi
1786507317.069958,29.000516,-0.022500,-0.021750,-1.537270,ndi
1786507317.084946,29.015504,-0.022500,-0.021760,-1.537270,ndi
1786507317.102469,29.033027,-0.022500,-0.021770,-1.537260,ndi
1786507317.120003,29.050560,-0.022500,-0.021760,-1.537250,ndi
1786507317.135187,29.065745,-0.022490,-0.021750,-1.537280,ndi
1786507317.152510,29.083068,-0.022500,-0.021760,-1.537260,ndi
1786507317.169919,29.100477,-0.022520,-0.021770,-1.537270,ndi
1786507317.184922,29.115480,-0.022500,-0.021770,-1.537280,ndi
1786507317.202431,29.132989,-0.022500,-0.021760,-1.537260,ndi
1786507317.219964,29.150522,-0.022510,-0.021760,-1.537260,ndi
1786507317.234963,29.165521,-0.022500,-0.021770,-1.537260,ndi
1786507317.252502,29.183060,-0.022500,-0.021770,-1.537270,ndi
1786507317.269965,29.200523,-0.022510,-0.021750,-1.537270,ndi
1786507317.284945,29.215503,-0.022510,-0.021760,-1.537270,ndi
1786507317.302436,29.232994,-0.022500,-0.021770,-1.537270,ndi
1786507317.319921,29.250479,-0.022500,-0.021760,-1.537290,ndi
1786507317.335186,29.265744,-0.022510,-0.021750,-1.537280,ndi
1786507317.352591,29.283149,-0.022490,-0.021760,-1.537280,ndi
1786507317.369927,29.300485,-0.022500,-0.021770,-1.537250,ndi
1786507317.384931,29.315489,-0.022520,-0.021770,-1.537330,ndi
1786507317.402578,29.333136,-0.022490,-0.021760,-1.537270,ndi
1786507317.419986,29.350544,-0.022490,-0.021760,-1.537280,ndi
1786507317.437625,29.368183,-0.022510,-0.021760,-1.537260,ndi
1786507317.452551,29.383109,-0.022490,-0.021760,-1.537280,ndi
1786507317.469926,29.400484,-0.022500,-0.021760,-1.537300,ndi
1786507317.484933,29.415491,-0.022500,-0.021770,-1.537280,ndi
1786507317.502453,29.433011,-0.022510,-0.021760,-1.537270,ndi
1786507317.519966,29.450524,-0.022510,-0.021760,-1.537280,ndi
1786507317.535217,29.465775,-0.022510,-0.021760,-1.537310,ndi
1786507317.552581,29.483139,-0.022510,-0.021760,-1.537300,ndi
1786507317.569913,29.500471,-0.022510,-0.021770,-1.537270,ndi
1786507317.584890,29.515448,-0.022500,-0.021760,-1.537320,ndi
1786507317.602501,29.533059,-0.022510,-0.021760,-1.537290,ndi
1786507317.619987,29.550545,-0.022500,-0.021760,-1.537280,ndi
1786507317.635005,29.565563,-0.022510,-0.021770,-1.537310,ndi
1786507317.652624,29.583182,-0.022500,-0.021760,-1.537300,ndi
1786507317.669935,29.600492,-0.022510,-0.021750,-1.537290,ndi
1786507317.684952,29.615510,-0.022510,-0.021770,-1.537290,ndi
1786507317.702453,29.633011,-0.022510,-0.021770,-1.537290,ndi
1786507317.719956,29.650514,-0.022500,-0.021750,-1.537320,ndi
1786507317.735201,29.665759,-0.022510,-0.021750,-1.537320,ndi
1786507317.752588,29.683146,-0.022510,-0.021770,-1.537300,ndi
1786507317.769943,29.700501,-0.022510,-0.021770,-1.537330,ndi
1786507317.784969,29.715527,-0.022510,-0.021750,-1.537340,ndi
1786507317.802480,29.733038,-0.022510,-0.021760,-1.537330,ndi
1786507317.819984,29.750542,-0.022500,-0.021770,-1.537320,ndi
1786507317.834989,29.765547,-0.022510,-0.021760,-1.537310,ndi
1786507317.852609,29.783167,-0.022510,-0.021760,-1.537320,ndi
1786507317.869973,29.800531,-0.022510,-0.021760,-1.537320,ndi
1786507317.884963,29.815521,-0.022520,-0.021770,-1.537320,ndi
1786507317.902460,29.833018,-0.022510,-0.021770,-1.537330,ndi
1786507317.920121,29.850679,-0.022510,-0.021750,-1.537330,ndi
1786507317.935052,29.865610,-0.022520,-0.021750,-1.537300,ndi
1786507317.952671,29.883229,-0.022520,-0.021770,-1.537310,ndi
1786507317.969911,29.900469,-0.022520,-0.021770,-1.537330,ndi
1786507317.984924,29.915482,-0.022510,-0.021750,-1.537300,ndi
1786507318.002459,29.933017,-0.022510,-0.021750,-1.537320,ndi
1786507318.020079,29.950637,-0.022510,-0.021780,-1.537310,ndi
1786507318.037479,29.968037,-0.022510,-0.021760,-1.537320,ndi
1786507318.052480,29.983038,-0.022510,-0.021740,-1.537330,ndi
1786507318.070030,30.000588,-0.022510,-0.021770,-1.537330,ndi
1786507318.084955,30.015513,-0.022500,-0.021780,-1.537340,ndi
1786507318.102428,30.032986,-0.022510,-0.021750,-1.537330,ndi
1786507318.119936,30.050494,-0.022520,-0.021750,-1.537310,ndi
1786507318.137562,30.068120,-0.022520,-0.021780,-1.537320,ndi
1786507318.152567,30.083125,-0.022510,-0.021770,-1.537330,ndi
1786507318.169948,30.100506,-0.022520,-0.021750,-1.537320,ndi
1786507318.184956,30.115514,-0.022510,-0.021750,-1.537340,ndi
1786507318.202493,30.133051,-0.022500,-0.021770,-1.537320,ndi
1786507318.220108,30.150666,-0.022520,-0.021770,-1.537330,ndi
1786507318.235162,30.165720,-0.022510,-0.021750,-1.537310,ndi
1786507318.252484,30.183042,-0.022510,-0.021760,-1.537330,ndi
1786507318.269966,30.200524,-0.022520,-0.021770,-1.537330,ndi
1786507318.284954,30.215512,-0.022510,-0.021770,-1.537330,ndi
1786507318.302472,30.233030,-0.022510,-0.021760,-1.537330,ndi
1786507318.319989,30.250547,-0.022520,-0.021760,-1.537300,ndi
1786507318.335089,30.265647,-0.022520,-0.021780,-1.537330,ndi
1786507318.352572,30.283130,-0.022520,-0.021770,-1.537320,ndi
1786507318.369926,30.300484,-0.022520,-0.021750,-1.537330,ndi
1786507318.384936,30.315494,-0.022520,-0.021760,-1.537330,ndi
1786507318.402606,30.333164,-0.022510,-0.021790,-1.537330,ndi
1786507318.420010,30.350568,-0.022510,-0.021770,-1.537320,ndi
1786507318.435096,30.365654,-0.022510,-0.021740,-1.537320,ndi
1786507318.452572,30.383130,-0.022510,-0.021760,-1.537310,ndi
1786507318.469957,30.400515,-0.022510,-0.021790,-1.537330,ndi
1786507318.484937,30.415495,-0.022510,-0.021770,-1.537310,ndi
1786507318.502620,30.433178,-0.022510,-0.021750,-1.537320,ndi
1786507318.520051,30.450608,-0.022520,-0.021770,-1.537340,ndi
1786507318.535215,30.465773,-0.022520,-0.021780,-1.537320,ndi
1786507318.552532,30.483090,-0.022530,-0.021760,-1.537350,ndi
1786507318.569967,30.500525,-0.022520,-0.021750,-1.537350,ndi
1786507318.584947,30.515505,-0.022510,-0.021770,-1.537340,ndi
1786507318.602527,30.533085,-0.022510,-0.021780,-1.537330,ndi
1786507318.620181,30.550739,-0.022510,-0.021760,-1.537320,ndi
1786507318.637654,30.568212,-0.022510,-0.021750,-1.537330,ndi
1786507318.652615,30.583173,-0.022520,-0.021770,-1.537350,ndi
1786507318.669941,30.600499,-0.022510,-0.021790,-1.537350,ndi
1786507318.684989,30.615547,-0.022530,-0.021760,-1.537330,ndi
1786507318.702585,30.633142,-0.022520,-0.021750,-1.537330,ndi
1786507318.720176,30.650734,-0.022520,-0.021780,-1.537330,ndi
1786507318.735146,30.665704,-0.022530,-0.021780,-1.537320,ndi
1786507318.752604,30.683162,-0.022500,-0.021760,-1.537320,ndi
1786507318.769970,30.700528,-0.022520,-0.021750,-1.537340,ndi
1786507318.784985,30.715543,-0.022520,-0.021780,-1.537320,ndi
1786507318.802534,30.733092,-0.022510,-0.021780,-1.537300,ndi
1786507318.820179,30.750737,-0.022520,-0.021750,-1.537330,ndi
1786507318.835218,30.765776,-0.022520,-0.021760,-1.537330,ndi
1786507318.852643,30.783201,-0.022520,-0.021790,-1.537320,ndi
1786507318.869974,30.800532,-0.022520,-0.021770,-1.537330,ndi
1786507318.884968,30.815526,-0.022520,-0.021750,-1.537330,ndi
1786507318.902474,30.833032,-0.022520,-0.021770,-1.537330,ndi
1786507318.919969,30.850527,-0.022530,-0.021790,-1.537330,ndi
1786507318.937747,30.868305,-0.022530,-0.021760,-1.537330,ndi
1786507318.952591,30.883149,-0.022520,-0.021760,-1.537330,ndi
1786507318.969983,30.900541,-0.022520,-0.021780,-1.537310,ndi
1786507318.984963,30.915521,-0.022510,-0.021780,-1.537310,ndi
1786507319.002471,30.933029,-0.022520,-0.021760,-1.537320,ndi
1786507319.020029,30.950587,-0.022530,-0.021770,-1.537320,ndi
1786507319.034977,30.965535,-0.022510,-0.021790,-1.537330,ndi
1786507319.052505,30.983063,-0.022530,-0.021780,-1.537330,ndi
1786507319.069981,31.000539,-0.022520,-0.021760,-1.537320,ndi
1786507319.084962,31.015520,-0.022510,-0.021750,-1.537350,ndi
1786507319.102491,31.033049,-0.022520,-0.021790,-1.537320,ndi
1786507319.119986,31.050544,-0.022530,-0.021780,-1.537330,ndi
1786507319.135010,31.065567,-0.022530,-0.021760,-1.537320,ndi
1786507319.152492,31.083050,-0.022520,-0.021760,-1.537330,ndi
1786507319.169983,31.100541,-0.022530,-0.021780,-1.537330,ndi
1786507319.184968,31.115526,-0.022510,-0.021780,-1.537340,ndi
1786507319.202537,31.133095,-0.022520,-0.021760,-1.537340,ndi
1786507319.220084,31.150642,-0.022520,-0.021770,-1.537340,ndi
1786507319.235178,31.165736,-0.022520,-0.021790,-1.537310,ndi
1786507319.252512,31.183070,-0.022530,-0.021770,-1.537310,ndi
1786507319.269970,31.200528,-0.022530,-0.021760,-1.537330,ndi
1786507319.284979,31.215537,-0.022530,-0.021780,-1.537320,ndi
1786507319.302642,31.233200,-0.022530,-0.021790,-1.537330,ndi
1786507319.320092,31.250650,-0.022530,-0.021760,-1.537300,ndi
1786507319.335116,31.265674,-0.022530,-0.021770,-1.537330,ndi
1786507319.352600,31.283158,-0.022530,-0.021780,-1.537340,ndi
1786507319.369992,31.300550,-0.022520,-0.021760,-1.537310,ndi
1786507319.384984,31.315542,-0.022530,-0.021760,-1.537330,ndi
1786507319.402483,31.333041,-0.022520,-0.021780,-1.537340,ndi
1786507319.419989,31.350547,-0.022520,-0.021780,-1.537320,ndi
1786507319.435047,31.365605,-0.022530,-0.021770,-1.537310,ndi
1786507319.452623,31.383181,-0.022520,-0.021760,-1.537320,ndi
1786507319.469977,31.400535,-0.022520,-0.021770,-1.537350,ndi
1786507319.484965,31.415523,-0.022530,-0.021780,-1.537320,ndi
1786507319.502590,31.433148,-0.022540,-0.021780,-1.537320,ndi
1786507319.520104,31.450662,-0.022530,-0.021770,-1.537340,ndi
1786507319.535149,31.465707,-0.022530,-0.021770,-1.537330,ndi
1786507319.552630,31.483188,-0.022530,-0.021770,-1.537320,ndi
1786507319.569998,31.500556,-0.022520,-0.021770,-1.537330,ndi
1786507319.584980,31.515538,-0.022530,-0.021770,-1.537330,ndi
1786507319.602588,31.533146,-0.022520,-0.021770,-1.537360,ndi
1786507319.620129,31.550687,-0.022520,-0.021780,-1.537320,ndi
1786507319.637662,31.568220,-0.022530,-0.021770,-1.537330,ndi
1786507319.652728,31.583286,-0.022520,-0.021760,-1.537320,ndi
1786507319.669996,31.600554,-0.022520,-0.021770,-1.537350,ndi
1786507319.684984,31.615542,-0.022530,-0.021780,-1.537330,ndi
1786507319.702556,31.633114,-0.022540,-0.021770,-1.537360,ndi
1786507319.720050,31.650608,-0.022540,-0.021770,-1.537350,ndi
1786507319.737622,31.668180,-0.022530,-0.021770,-1.537350,ndi
1786507319.752478,31.683036,-0.022530,-0.021780,-1.537330,ndi
1786507319.769997,31.700555,-0.022530,-0.021770,-1.537370,ndi
1786507319.784979,31.715537,-0.022520,-0.021780,-1.537350,ndi
1786507319.802579,31.733137,-0.022530,-0.021770,-1.537360,ndi
1786507319.820041,31.750599,-0.022520,-0.021770,-1.537350,ndi
1786507319.835020,31.765578,-0.022530,-0.021770,-1.537360,ndi
1786507319.852610,31.783168,-0.022540,-0.021770,-1.537330,ndi
1786507319.869987,31.800545,-0.022540,-0.021770,-1.537350,ndi
1786507319.884976,31.815534,-0.022530,-0.021780,-1.537320,ndi
1786507319.902561,31.833119,-0.022540,-0.021780,-1.537350,ndi
1786507319.920082,31.850640,-0.022540,-0.021770,-1.537350,ndi
1786507319.935082,31.865640,-0.022530,-0.021770,-1.537320,ndi
1786507319.952610,31.883168,-0.022530,-0.021780,-1.537320,ndi
1786507319.969992,31.900550,-0.022520,-0.021780,-1.537330,ndi
1786507319.984958,31.915516,-0.022530,-0.021770,-1.537350,ndi
1786507320.002553,31.933111,-0.022540,-0.021780,-1.537330,ndi
1786507320.020074,31.950632,-0.022520,-0.021780,-1.537330,ndi
1786507320.035041,31.965599,-0.022540,-0.021770,-1.537320,ndi
1786507320.052577,31.983135,-0.022530,-0.021780,-1.537320,ndi
1786507320.070045,32.000603,-0.022530,-0.021780,-1.537340,ndi
1786507320.085008,32.015566,-0.022550,-0.021780,-1.537310,ndi
1786507320.102569,32.033127,-0.022560,-0.021770,-1.537310,ndi
1786507320.120076,32.050634,-0.022530,-0.021780,-1.537310,ndi
1786507320.137631,32.068189,-0.022540,-0.021790,-1.537310,ndi
1786507320.152633,32.083191,-0.022540,-0.021780,-1.537330,ndi
1786507320.169994,32.100552,-0.022530,-0.021770,-1.537330,ndi
1786507320.184964,32.115522,-0.022540,-0.021780,-1.537350,ndi
1786507320.202535,32.133093,-0.022530,-0.021780,-1.537330,ndi
1786507320.220052,32.150610,-0.022530,-0.021770,-1.537350,ndi
1786507320.237561,32.168118,-0.022540,-0.021770,-1.537340,ndi
1786507320.252693,32.183251,-0.022530,-0.021790,-1.537320,ndi
1786507320.270004,32.200562,-0.022540,-0.021790,-1.537330,ndi
1786507320.285037,32.215595,-0.022540,-0.021770,-1.537340,ndi
1786507320.302671,32.233229,-0.022540,-0.021760,-1.537350,ndi
1786507320.320173,32.250731,-0.022540,-0.021780,-1.537350,ndi
1786507320.335173,32.265731,-0.022530,-0.021790,-1.537320,ndi
1786507320.352650,32.283208,-0.022530,-0.021770,-1.537340,ndi
1786507320.369996,32.300554,-0.022530,-0.021770,-1.537310,ndi
1786507320.384994,32.315552,-0.022530,-0.021790,-1.537330,ndi
1786507320.402551,32.333109,-0.022540,-0.021790,-1.537320,ndi
1786507320.420033,32.350590,-0.022540,-0.021770,-1.537310,ndi
1786507320.435177,32.365735,-0.022540,-0.021780,-1.537310,ndi
1786507320.452654,32.383212,-0.022530,-0.021810,-1.537300,ndi
1786507320.470023,32.400581,-0.022550,-0.021780,-1.537280,ndi
1786507320.484969,32.415527,-0.022550,-0.021770,-1.537280,ndi
1786507320.502545,32.433103,-0.022540,-0.021790,-1.537280,ndi
1786507320.520039,32.450597,-0.022540,-0.021800,-1.537270,ndi
1786507320.535050,32.465608,-0.022540,-0.021780,-1.537240,ndi
1786507320.552551,32.483109,-0.022540,-0.021780,-1.537270,ndi
1786507320.570030,32.500588,-0.022550,-0.021800,-1.537290,ndi
1786507320.584995,32.515553,-0.022530,-0.021790,-1.537280,ndi
1786507320.602548,32.533106,-0.022540,-0.021770,-1.537310,ndi
1786507320.620065,32.550623,-0.022550,-0.021780,-1.537330,ndi
1786507320.635051,32.565609,-0.022550,-0.021800,-1.537320,ndi
1786507320.652519,32.583077,-0.022550,-0.021800,-1.537310,ndi
1786507320.670018,32.600576,-0.022540,-0.021770,-1.537310,ndi
1786507320.685004,32.615562,-0.022560,-0.021760,-1.537300,ndi
1786507320.702493,32.633051,-0.022550,-0.021800,-1.537300,ndi
1786507320.720035,32.650593,-0.022560,-0.021800,-1.537310,ndi
1786507320.737525,32.668083,-0.022550,-0.021770,-1.537310,ndi
1786507320.752589,32.683147,-0.022540,-0.021770,-1.537300,ndi
1786507320.770035,32.700593,-0.022550,-0.021800,-1.537290,ndi
1786507320.784998,32.715556,-0.022540,-0.021790,-1.537300,ndi
1786507320.802650,32.733208,-0.022550,-0.021770,-1.537320,ndi
1786507320.820154,32.750712,-0.022560,-0.021790,-1.537290,ndi
1786507320.835264,32.765822,-0.022540,-0.021800,-1.537300,ndi
1786507320.852649,32.783207,-0.022550,-0.021780,-1.537310,ndi
1786507320.870019,32.800577,-0.022550,-0.021770,-1.537300,ndi
1786507320.884997,32.815555,-0.022550,-0.021790,-1.537310,ndi
1786507320.902716,32.833274,-0.022550,-0.021800,-1.537310,ndi
1786507320.920164,32.850722,-0.022550,-0.021790,-1.537310,ndi
1786507320.935172,32.865730,-0.022540,-0.021770,-1.537320,ndi
1786507320.952585,32.883143,-0.022550,-0.021790,-1.537320,ndi
1786507320.970019,32.900577,-0.022530,-0.021790,-1.537310,ndi
1786507320.985040,32.915598,-0.022540,-0.021790,-1.537320,ndi
1786507321.002663,32.933221,-0.022550,-0.021780,-1.537330,ndi
1786507321.020113,32.950671,-0.022550,-0.021780,-1.537330,ndi
1786507321.035050,32.965608,-0.022540,-0.021780,-1.537310,ndi
1786507321.052555,32.983113,-0.022540,-0.021780,-1.537320,ndi
1786507321.070043,33.000601,-0.022550,-0.021780,-1.537300,ndi
1786507321.085039,33.015597,-0.022560,-0.021790,-1.537340,ndi
1786507321.102534,33.033092,-0.022550,-0.021780,-1.537330,ndi
1786507321.120057,33.050615,-0.022540,-0.021780,-1.537340,ndi
1786507321.135022,33.065580,-0.022540,-0.021780,-1.537340,ndi
1786507321.152661,33.083219,-0.022550,-0.021780,-1.537320,ndi
1786507321.170003,33.100561,-0.022540,-0.021780,-1.537330,ndi
1786507321.185017,33.115575,-0.022550,-0.021780,-1.537330,ndi
1786507321.202541,33.133099,-0.022540,-0.021780,-1.537350,ndi
1786507321.220082,33.150640,-0.022530,-0.021770,-1.537350,ndi
1786507321.235095,33.165653,-0.022560,-0.021770,-1.537350,ndi
1786507321.252549,33.183107,-0.022550,-0.021780,-1.537330,ndi
1786507321.270004,33.200562,-0.022550,-0.021790,-1.537330,ndi
1786507321.285012,33.215570,-0.022550,-0.021780,-1.537370,ndi
1786507321.302549,33.233107,-0.022540,-0.021770,-1.537330,ndi
1786507321.320049,33.250607,-0.022540,-0.021790,-1.537350,ndi
1786507321.335209,33.265767,-0.022540,-0.021790,-1.537350,ndi
1786507321.352712,33.283270,-0.022540,-0.021770,-1.537340,ndi
1786507321.370003,33.300561,-0.022540,-0.021780,-1.537350,ndi
1786507321.384997,33.315555,-0.022550,-0.021790,-1.537340,ndi
1786507321.402537,33.333095,-0.022560,-0.021780,-1.537350,ndi
1786507321.420100,33.350658,-0.022550,-0.021770,-1.537350,ndi
1786507321.435006,33.365564,-0.022550,-0.021780,-1.537340,ndi
1786507321.452544,33.383102,-0.022550,-0.021790,-1.537310,ndi
1786507321.470011,33.400568,-0.022550,-0.021790,-1.537310,ndi
1786507321.485017,33.415575,-0.022560,-0.021790,-1.537330,ndi
1786507321.502595,33.433153,-0.022550,-0.021790,-1.537290,ndi
1786507321.520070,33.450628,-0.022540,-0.021780,-1.537290,ndi
1786507321.535086,33.465644,-0.022540,-0.021780,-1.537300,ndi
1786507321.552552,33.483110,-0.022550,-0.021790,-1.537300,ndi
1786507321.570004,33.500562,-0.022550,-0.021790,-1.537330,ndi
1786507321.585018,33.515576,-0.022550,-0.021780,-1.537320,ndi
1786507321.602555,33.533113,-0.022550,-0.021780,-1.537300,ndi
1786507321.620054,33.550612,-0.022550,-0.021790,-1.537320,ndi
1786507321.635054,33.565612,-0.022550,-0.021790,-1.537320,ndi
1786507321.652526,33.583084,-0.022550,-0.021780,-1.537320,ndi
1786507321.669998,33.600556,-0.022560,-0.021780,-1.537340,ndi
1786507321.684981,33.615539,-0.022560,-0.021790,-1.537330,ndi
1786507321.702583,33.633141,-0.022550,-0.021790,-1.537310,ndi
1786507321.720128,33.650686,-0.022550,-0.021780,-1.537310,ndi
1786507321.735169,33.665727,-0.022550,-0.021780,-1.537310,ndi
1786507321.752577,33.683135,-0.022540,-0.021790,-1.537330,ndi
1786507321.770031,33.700589,-0.022560,-0.021790,-1.537340,ndi
1786507321.785034,33.715592,-0.022550,-0.021780,-1.537330,ndi
1786507321.802665,33.733223,-0.022560,-0.021790,-1.537340,ndi
1786507321.820183,33.750741,-0.022560,-0.021800,-1.537310,ndi
1786507321.837755,33.768313,-0.022550,-0.021790,-1.537320,ndi
1786507321.852594,33.783152,-0.022580,-0.021770,-1.537330,ndi
1786507321.870036,33.800594,-0.022560,-0.021800,-1.537330,ndi
1786507321.885029,33.815587,-0.022560,-0.021800,-1.537330,ndi
1786507321.902532,33.833090,-0.022550,-0.021780,-1.537310,ndi
1786507321.920037,33.850595,-0.022550,-0.021790,-1.537290,ndi
1786507321.935201,33.865759,-0.022560,-0.021800,-1.537260,ndi
1786507321.952636,33.883194,-0.022560,-0.021800,-1.537290,ndi
1786507321.970064,33.900622,-0.022560,-0.021780,-1.537270,ndi
1786507321.985020,33.915578,-0.022550,-0.021790,-1.537280,ndi
1786507322.002614,33.933172,-0.022570,-0.021810,-1.537270,ndi
1786507322.020219,33.950777,-0.022570,-0.021790,-1.537280,ndi
1786507322.035242,33.965800,-0.022560,-0.021780,-1.537250,ndi
1786507322.052646,33.983204,-0.022570,-0.021800,-1.537260,ndi
1786507322.070032,34.000590,-0.022550,-0.021800,-1.537280,ndi
1786507322.085046,34.015604,-0.022560,-0.021790,-1.537290,ndi
1786507322.102592,34.033149,-0.022560,-0.021790,-1.537290,ndi
1786507322.120220,34.050778,-0.022550,-0.021800,-1.537290,ndi
1786507322.135207,34.065765,-0.022550,-0.021800,-1.537290,ndi
1786507322.152662,34.083220,-0.022550,-0.021780,-1.537310,ndi
1786507322.170050,34.100608,-0.022550,-0.021790,-1.537320,ndi
1786507322.185038,34.115596,-0.022560,-0.021800,-1.537300,ndi
1786507322.202647,34.133205,-0.022550,-0.021800,-1.537300,ndi
1786507322.220176,34.150734,-0.022560,-0.021780,-1.537310,ndi
1786507322.237678,34.168236,-0.022560,-0.021790,-1.537300,ndi
1786507322.252551,34.183109,-0.022560,-0.021810,-1.537310,ndi
1786507322.270071,34.200629,-0.022560,-0.021800,-1.537300,ndi
1786507322.285027,34.215585,-0.022560,-0.021780,-1.537270,ndi
1786507322.302613,34.233171,-0.022560,-0.021800,-1.537270,ndi
1786507322.320099,34.250657,-0.022550,-0.021820,-1.537270,ndi
1786507322.335221,34.265779,-0.022560,-0.021800,-1.537270,ndi
1786507322.352658,34.283216,-0.022550,-0.021780,-1.537250,ndi
1786507322.370006,34.300564,-0.022550,-0.021810,-1.537200,ndi
1786507322.385006,34.315564,-0.022560,-0.021830,-1.537200,ndi
1786507322.402894,34.333452,-0.022550,-0.021810,-1.537180,ndi
1786507322.420275,34.350833,-0.022570,-0.021790,-1.537140,ndi
1786507322.435208,34.365766,-0.022570,-0.021820,-1.537150,ndi
1786507322.452628,34.383186,-0.022570,-0.021830,-1.537190,ndi
1786507322.470064,34.400622,-0.022560,-0.021810,-1.537140,ndi
1786507322.485019,34.415577,-0.022550,-0.021800,-1.537150,ndi
1786507322.502621,34.433179,-0.022560,-0.021820,-1.537150,ndi
1786507322.520216,34.450774,-0.022550,-0.021820,-1.537160,ndi
1786507322.535258,34.465816,-0.022550,-0.021800,-1.537160,ndi
1786507322.552666,34.483224,-0.022560,-0.021790,-1.537180,ndi
1786507322.570041,34.500599,-0.022550,-0.021810,-1.537150,ndi
1786507322.584995,34.515553,-0.022560,-0.021820,-1.537180,ndi
1786507322.602648,34.533206,-0.022560,-0.021800,-1.537200,ndi
1786507322.620113,34.550671,-0.022550,-0.021790,-1.537190,ndi
1786507322.635086,34.565644,-0.022570,-0.021810,-1.537180,ndi
1786507322.652697,34.583255,-0.022540,-0.021820,-1.537180,ndi
1786507322.670104,34.600662,-0.022560,-0.021800,-1.537170,ndi
1786507322.685035,34.615593,-0.022550,-0.021800,-1.537180,ndi
1786507322.702617,34.633175,-0.022540,-0.021810,-1.537170,ndi
1786507322.720225,34.650783,-0.022550,-0.021810,-1.537200,ndi
1786507322.735246,34.665804,-0.022550,-0.021790,-1.537210,ndi
1786507322.752674,34.683232,-0.022550,-0.021800,-1.537210,ndi
1786507322.770040,34.700598,-0.022550,-0.021810,-1.537220,ndi
1786507322.785017,34.715575,-0.022560,-0.021800,-1.537250,ndi
1786507322.802591,34.733149,-0.022560,-0.021790,-1.537240,ndi
1786507322.820232,34.750790,-0.022550,-0.021790,-1.537270,ndi
1786507322.835229,34.765787,-0.022550,-0.021800,-1.537280,ndi
1786507322.852636,34.783194,-0.022550,-0.021790,-1.537250,ndi
1786507322.870226,34.800784,-0.022560,-0.021790,-1.537250,ndi
1786507322.885017,34.815575,-0.022560,-0.021790,-1.537270,ndi
1786507322.902672,34.833230,-0.022560,-0.021800,-1.537250,ndi
1786507322.920143,34.850701,-0.022560,-0.021800,-1.537260,ndi
1786507322.935110,34.865668,-0.022560,-0.021790,-1.537270,ndi
1786507322.952693,34.883251,-0.022560,-0.021790,-1.537270,ndi
1786507322.970048,34.900606,-0.022560,-0.021800,-1.537270,ndi
1786507322.985014,34.915572,-0.022550,-0.021800,-1.537260,ndi
1786507323.002772,34.933330,-0.022560,-0.021790,-1.537260,ndi
1786507323.020146,34.950704,-0.022560,-0.021790,-1.537270,ndi
1786507323.035086,34.965644,-0.022560,-0.021810,-1.537280,ndi
1786507323.052534,34.983092,-0.022570,-0.021800,-1.537250,ndi
1786507323.070083,35.000641,-0.022560,-0.021790,-1.537230,ndi
1786507323.085060,35.015618,-0.022540,-0.021790,-1.537240,ndi
1786507323.102589,35.033147,-0.022550,-0.021800,-1.537240,ndi
1786507323.120094,35.050652,-0.022560,-0.021800,-1.537230,ndi
1786507323.135085,35.065643,-0.022560,-0.021800,-1.537250,ndi
1786507323.152648,35.083206,-0.022550,-0.021790,-1.537260,ndi
1786507323.170037,35.100595,-0.022580,-0.021790,-1.537230,ndi
1786507323.185058,35.115616,-0.022570,-0.021800,-1.537240,ndi
1786507323.202818,35.133376,-0.022580,-0.021810,-1.537260,ndi
1786507323.220216,35.150774,-0.022590,-0.021810,-1.537240,ndi
1786507323.235209,35.165767,-0.022580,-0.021810,-1.537270,ndi
1786507323.252601,35.183159,-0.022580,-0.021820,-1.537260,ndi
1786507323.270072,35.200630,-0.022590,-0.021820,-1.537240,ndi
1786507323.285101,35.215659,-0.022570,-0.021820,-1.537240,ndi
1786507323.302805,35.233363,-0.022570,-0.021860,-1.537200,ndi
1786507323.320245,35.250803,-0.022570,-0.021880,-1.537120,ndi
1786507323.335263,35.265821,-0.022550,-0.021910,-1.537070,ndi
1786507323.352690,35.283248,-0.022550,-0.021930,-1.537040,ndi
1786507323.370046,35.300604,-0.022540,-0.021970,-1.537030,ndi
1786507323.385032,35.315590,-0.022530,-0.022000,-1.536990,ndi
1786507323.402653,35.333211,-0.022510,-0.022020,-1.536960,ndi
1786507323.420101,35.350659,-0.022510,-0.022060,-1.536930,ndi
1786507323.435165,35.365723,-0.022490,-0.022090,-1.536910,ndi
1786507323.452667,35.383224,-0.022480,-0.022130,-1.536830,ndi
1786507323.470081,35.400639,-0.022470,-0.022160,-1.536790,ndi
1786507323.485092,35.415650,-0.022440,-0.022180,-1.536690,ndi
1786507323.502597,35.433155,-0.022440,-0.022210,-1.536660,ndi
1786507323.520141,35.450699,-0.022420,-0.022240,-1.536610,ndi
1786507323.535204,35.465762,-0.022410,-0.022270,-1.536570,ndi
1786507323.552651,35.483209,-0.022400,-0.022290,-1.536500,ndi
1786507323.570041,35.500599,-0.022380,-0.022330,-1.536430,ndi
1786507323.585021,35.515579,-0.022390,-0.022360,-1.536400,ndi
1786507323.602611,35.533169,-0.022370,-0.022380,-1.536350,ndi
1786507323.620246,35.550804,-0.022360,-0.022400,-1.536310,ndi
1786507323.635135,35.565693,-0.022340,-0.022440,-1.536240,ndi
1786507323.652597,35.583155,-0.022310,-0.022470,-1.536200,ndi
1786507323.670058,35.600616,-0.022300,-0.022480,-1.536130,ndi
1786507323.685055,35.615613,-0.022300,-0.022500,-1.536130,ndi
1786507323.702820,35.633378,-0.022280,-0.022540,-1.536090,ndi
1786507323.720295,35.650853,-0.022270,-0.022570,-1.536050,ndi
1786507323.735268,35.665826,-0.022250,-0.022580,-1.536030,ndi
1786507323.752665,35.683223,-0.022250,-0.022600,-1.535990,ndi
1786507323.770080,35.700638,-0.022220,-0.022640,-1.535910,ndi
1786507323.785049,35.715607,-0.022230,-0.022670,-1.535880,ndi
1786507323.802575,35.733133,-0.022220,-0.022690,-1.535830,ndi
1786507323.820192,35.750750,-0.022180,-0.022730,-1.535790,ndi
1786507323.835266,35.765824,-0.022170,-0.022760,-1.535770,ndi
1786507323.852712,35.783270,-0.022140,-0.022790,-1.535710,ndi
1786507323.870065,35.800623,-0.022120,-0.022810,-1.535670,ndi
1786507323.885071,35.815629,-0.022100,-0.022840,-1.535630,ndi
1786507323.902800,35.833358,-0.022070,-0.022880,-1.535560,ndi
1786507323.920325,35.850883,-0.022070,-0.022920,-1.535500,ndi
1786507323.935199,35.865757,-0.022040,-0.022940,-1.535470,ndi
1786507323.952693,35.883250,-0.022030,-0.022970,-1.535410,ndi
1786507323.970043,35.900601,-0.022020,-0.023010,-1.535370,ndi
1786507323.985042,35.915600,-0.021980,-0.023040,-1.535320,ndi
1786507324.002629,35.933187,-0.021980,-0.023060,-1.535270,ndi
1786507324.020150,35.950708,-0.021930,-0.023120,-1.535200,ndi
1786507324.035228,35.965786,-0.021920,-0.023140,-1.535160,ndi
1786507324.052690,35.983248,-0.021900,-0.023160,-1.535140,ndi
1786507324.070025,36.000583,-0.021860,-0.023200,-1.535040,ndi
1786507324.085073,36.015631,-0.021840,-0.023250,-1.535000,ndi
1786507324.102550,36.033108,-0.021800,-0.023280,-1.534970,ndi
1786507324.120146,36.050704,-0.021790,-0.023290,-1.534910,ndi
1786507324.135095,36.065653,-0.021780,-0.023320,-1.534870,ndi
1786507324.152648,36.083206,-0.021750,-0.023370,-1.534830,ndi
1786507324.170052,36.100610,-0.021740,-0.023400,-1.534750,ndi
1786507324.185029,36.115587,-0.021710,-0.023410,-1.534730,ndi
1786507324.202534,36.133092,-0.021690,-0.023450,-1.534680,ndi
1786507324.220056,36.150614,-0.021670,-0.023490,-1.534630,ndi
1786507324.235251,36.165809,-0.021640,-0.023520,-1.534590,ndi
1786507324.252628,36.183186,-0.021610,-0.023530,-1.534560,ndi
1786507324.270093,36.200651,-0.021600,-0.023550,-1.534520,ndi
1786507324.285130,36.215688,-0.021580,-0.023610,-1.534500,ndi
1786507324.302644,36.233202,-0.021550,-0.023640,-1.534430,ndi
1786507324.320274,36.250832,-0.021530,-0.023630,-1.534390,ndi
1786507324.335293,36.265851,-0.021500,-0.023650,-1.534330,ndi
1786507324.352678,36.283236,-0.021470,-0.023720,-1.534300,ndi
1786507324.370072,36.300630,-0.021460,-0.023750,-1.534220,ndi
1786507324.385052,36.315610,-0.021430,-0.023750,-1.534210,ndi
1786507324.402619,36.333177,-0.021400,-0.023800,-1.534180,ndi
1786507324.420228,36.350786,-0.021380,-0.023850,-1.534140,ndi
1786507324.435197,36.365755,-0.021360,-0.023860,-1.534070,ndi
1786507324.452680,36.383238,-0.021310,-0.023870,-1.534030,ndi
1786507324.470079,36.400637,-0.021280,-0.023940,-1.534000,ndi
1786507324.485156,36.415714,-0.021250,-0.023980,-1.533950,ndi
1786507324.502683,36.433241,-0.021240,-0.023980,-1.533890,ndi
1786507324.520356,36.450914,-0.021220,-0.024000,-1.533850,ndi
1786507324.537708,36.468266,-0.021180,-0.024060,-1.533830,ndi
1786507324.552600,36.483158,-0.021150,-0.024100,-1.533750,ndi
1786507324.570057,36.500615,-0.021130,-0.024120,-1.533700,ndi
1786507324.587707,36.518265,-0.021090,-0.024140,-1.533690,ndi
1786507324.602585,36.533143,-0.021060,-0.024190,-1.533620,ndi
1786507324.620370,36.550928,-0.021030,-0.024220,-1.533560,ndi
1786507324.635263,36.565821,-0.020990,-0.024240,-1.533540,ndi
1786507324.652702,36.583260,-0.020960,-0.024270,-1.533470,ndi
1786507324.670071,36.600629,-0.020920,-0.024330,-1.533430,ndi
1786507324.685055,36.615613,-0.020890,-0.024360,-1.533380,ndi
1786507324.702793,36.633351,-0.020840,-0.024360,-1.533330,ndi
1786507324.720265,36.650823,-0.020810,-0.024400,-1.533300,ndi
1786507324.735156,36.665714,-0.020790,-0.024460,-1.533250,ndi
1786507324.752594,36.683152,-0.020770,-0.024490,-1.533150,ndi
1786507324.770067,36.700625,-0.020740,-0.024490,-1.533160,ndi
1786507324.785133,36.715691,-0.020700,-0.024510,-1.533120,ndi
1786507324.802652,36.733210,-0.020670,-0.024560,-1.533060,ndi
1786507324.820322,36.750880,-0.020640,-0.024590,-1.533010,ndi
1786507324.835202,36.765760,-0.020600,-0.024620,-1.532970,ndi
1786507324.852639,36.783197,-0.020580,-0.024630,-1.532960,ndi
1786507324.870047,36.800605,-0.020550,-0.024660,-1.532910,ndi
1786507324.885035,36.815593,-0.020520,-0.024690,-1.532880,ndi
1786507324.902681,36.833239,-0.020500,-0.024730,-1.532850,ndi
1786507324.920318,36.850876,-0.020450,-0.024740,-1.532810,ndi
1786507324.935298,36.865856,-0.020420,-0.024760,-1.532760,ndi
1786507324.952685,36.883243,-0.020400,-0.024820,-1.532670,ndi
1786507324.970033,36.900591,-0.020370,-0.024840,-1.532670,ndi
1786507324.985035,36.915593,-0.020340,-0.024840,-1.532640,ndi
1786507325.002635,36.933193,-0.020300,-0.024860,-1.532580,ndi
1786507325.020321,36.950879,-0.020270,-0.024940,-1.532550,ndi
1786507325.035254,36.965812,-0.020230,-0.024970,-1.532510,ndi
1786507325.052632,36.983190,-0.020200,-0.024950,-1.532470,ndi
1786507325.070067,37.000625,-0.020150,-0.024980,-1.532400,ndi
1786507325.085084,37.015642,-0.020130,-0.025040,-1.532370,ndi
1786507325.102683,37.033241,-0.020110,-0.025080,-1.532310,ndi
1786507325.120189,37.050747,-0.020050,-0.025070,-1.532250,ndi
1786507325.135176,37.065734,-0.020020,-0.025100,-1.532250,ndi
1786507325.152694,37.083252,-0.020000,-0.025170,-1.532210,ndi
1786507325.170053,37.100611,-0.019960,-0.025200,-1.532160,ndi
1786507325.185041,37.115599,-0.019930,-0.025180,-1.532120,ndi
1786507325.202707,37.133265,-0.019880,-0.025220,-1.532090,ndi
1786507325.220308,37.150866,-0.019830,-0.025300,-1.532050,ndi
1786507325.235307,37.165865,-0.019800,-0.025320,-1.532020,ndi
1786507325.252725,37.183283,-0.019760,-0.025290,-1.531980,ndi
1786507325.270062,37.200620,-0.019710,-0.025340,-1.531930,ndi
1786507325.285099,37.215657,-0.019670,-0.025410,-1.531870,ndi
1786507325.302660,37.233218,-0.019630,-0.025440,-1.531820,ndi
1786507325.320236,37.250794,-0.019590,-0.025420,-1.531830,ndi
1786507325.335274,37.265832,-0.019560,-0.025460,-1.531770,ndi
1786507325.352699,37.283257,-0.019510,-0.025540,-1.531710,ndi
1786507325.370065,37.300623,-0.019480,-0.025550,-1.531650,ndi
1786507325.385040,37.315598,-0.019440,-0.025540,-1.531620,ndi
1786507325.402783,37.333341,-0.019400,-0.025590,-1.531600,ndi
1786507325.420265,37.350823,-0.019360,-0.025650,-1.531580,ndi
1786507325.435203,37.365761,-0.019340,-0.025650,-1.531530,ndi
1786507325.452648,37.383206,-0.019290,-0.025650,-1.531490,ndi
1786507325.470060,37.400618,-0.019250,-0.025690,-1.531440,ndi
1786507325.485065,37.415622,-0.019230,-0.025730,-1.531410,ndi
1786507325.502596,37.433154,-0.019180,-0.025750,-1.531360,ndi
1786507325.520282,37.450840,-0.019140,-0.025770,-1.531350,ndi
1786507325.535281,37.465839,-0.019110,-0.025790,-1.531310,ndi
1786507325.552853,37.483411,-0.019080,-0.025830,-1.531280,ndi
1786507325.570040,37.500598,-0.019030,-0.025850,-1.531280,ndi
1786507325.585129,37.515687,-0.018980,-0.025870,-1.531210,ndi
1786507325.602773,37.533331,-0.018940,-0.025920,-1.531170,ndi
1786507325.620227,37.550785,-0.018880,-0.025960,-1.531130,ndi
1786507325.635211,37.565769,-0.018850,-0.025950,-1.531100,ndi
1786507325.652740,37.583298,-0.018810,-0.025970,-1.531070,ndi
1786507325.670097,37.600655,-0.018770,-0.026020,-1.531020,ndi
1786507325.685076,37.615634,-0.018720,-0.026070,-1.531010,ndi
1786507325.702607,37.633165,-0.018670,-0.026070,-1.530930,ndi
1786507325.720194,37.650752,-0.018650,-0.026090,-1.530880,ndi
1786507325.735222,37.665780,-0.018610,-0.026130,-1.530870,ndi
1786507325.752671,37.683228,-0.018570,-0.026160,-1.530840,ndi
1786507325.770065,37.700623,-0.018520,-0.026190,-1.530820,ndi
1786507325.785055,37.715613,-0.018470,-0.026210,-1.530750,ndi
1786507325.802642,37.733200,-0.018430,-0.026240,-1.530710,ndi
1786507325.820198,37.750756,-0.018380,-0.026260,-1.530690,ndi
1786507325.835173,37.765731,-0.018330,-0.026280,-1.530630,ndi
1786507325.852736,37.783293,-0.018260,-0.026320,-1.530620,ndi
1786507325.870128,37.800686,-0.018210,-0.026370,-1.530530,ndi
1786507325.885098,37.815655,-0.018180,-0.026390,-1.530510,ndi
1786507325.902603,37.833161,-0.018120,-0.026410,-1.530460,ndi
1786507325.920222,37.850780,-0.018070,-0.026430,-1.530390,ndi
1786507325.935254,37.865812,-0.018020,-0.026460,-1.530380,ndi
1786507325.952688,37.883245,-0.017970,-0.026500,-1.530370,ndi
1786507325.970053,37.900611,-0.017940,-0.026500,-1.530310,ndi
1786507325.985099,37.915657,-0.017910,-0.026520,-1.530290,ndi
1786507326.002653,37.933211,-0.017860,-0.026580,-1.530250,ndi
1786507326.020270,37.950828,-0.017800,-0.026600,-1.530230,ndi
1786507326.035185,37.965743,-0.017770,-0.026590,-1.530190,ndi
1786507326.052643,37.983201,-0.017730,-0.026630,-1.530180,ndi
1786507326.070136,38.000694,-0.017700,-0.026700,-1.530130,ndi
1786507326.085109,38.015667,-0.017650,-0.026690,-1.530080,ndi
1786507326.102726,38.033284,-0.017600,-0.026670,-1.530070,ndi
1786507326.120288,38.050846,-0.017570,-0.026730,-1.530030,ndi
1786507326.135276,38.065834,-0.017530,-0.026780,-1.530000,ndi
1786507326.152699,38.083257,-0.017480,-0.026760,-1.529960,ndi
1786507326.170092,38.100650,-0.017430,-0.026750,-1.529900,ndi
1786507326.185066,38.115624,-0.017400,-0.026840,-1.529910,ndi
1786507326.202703,38.133261,-0.017320,-0.026880,-1.529870,ndi
1786507326.220287,38.150845,-0.017270,-0.026830,-1.529840,ndi
1786507326.235348,38.165906,-0.017230,-0.026840,-1.529810,ndi
1786507326.252705,38.183263,-0.017180,-0.026940,-1.529760,ndi
1786507326.270088,38.200646,-0.017140,-0.026970,-1.529740,ndi
1786507326.285062,38.215620,-0.017080,-0.026930,-1.529720,ndi
1786507326.302634,38.233192,-0.017040,-0.026940,-1.529660,ndi
1786507326.320121,38.250679,-0.017000,-0.027050,-1.529650,ndi
1786507326.335077,38.265635,-0.016970,-0.027060,-1.529590,ndi
1786507326.352637,38.283195,-0.016930,-0.027000,-1.529600,ndi
1786507326.370117,38.300675,-0.016870,-0.027040,-1.529520,ndi
1786507326.385095,38.315653,-0.016810,-0.027150,-1.529490,ndi
1786507326.402686,38.333244,-0.016760,-0.027140,-1.529450,ndi
1786507326.420271,38.350829,-0.016720,-0.027080,-1.529430,ndi
1786507326.435323,38.365881,-0.016660,-0.027140,-1.529380,ndi
1786507326.452742,38.383300,-0.016600,-0.027250,-1.529340,ndi
1786507326.470075,38.400633,-0.016550,-0.027230,-1.529360,ndi
1786507326.485083,38.415641,-0.016500,-0.027190,-1.529340,ndi
1786507326.502773,38.433331,-0.016460,-0.027260,-1.529280,ndi
1786507326.520272,38.450830,-0.016390,-0.027340,-1.529210,ndi
1786507326.535225,38.465783,-0.016330,-0.027300,-1.529230,ndi
1786507326.552668,38.483226,-0.016280,-0.027280,-1.529160,ndi
1786507326.570095,38.500653,-0.016230,-0.027380,-1.529110,ndi
1786507326.585083,38.515641,-0.016190,-0.027430,-1.529110,ndi
1786507326.602669,38.533227,-0.016120,-0.027380,-1.529080,ndi
1786507326.620250,38.550807,-0.016060,-0.027370,-1.529040,ndi
1786507326.635268,38.565826,-0.016050,-0.027460,-1.529010,ndi
1786507326.652636,38.583194,-0.016010,-0.027510,-1.528980,ndi
1786507326.670138,38.600696,-0.015960,-0.027450,-1.529010,ndi
1786507326.685085,38.615643,-0.015910,-0.027450,-1.528960,ndi
1786507326.702623,38.633181,-0.015860,-0.027550,-1.528900,ndi
1786507326.720101,38.650659,-0.015810,-0.027580,-1.528900,ndi
1786507326.735239,38.665797,-0.015750,-0.027540,-1.528910,ndi
1786507326.752738,38.683295,-0.015690,-0.027550,-1.528840,ndi
1786507326.770108,38.700666,-0.015630,-0.027640,-1.528800,ndi
1786507326.785121,38.715679,-0.015580,-0.027660,-1.528780,ndi
1786507326.802940,38.733498,-0.015520,-0.027610,-1.528780,ndi
1786507326.820289,38.750847,-0.015480,-0.027650,-1.528750,ndi
1786507326.835166,38.765724,-0.015420,-0.027720,-1.528670,ndi
1786507326.852668,38.783226,-0.015380,-0.027720,-1.528670,ndi
1786507326.870104,38.800662,-0.015340,-0.027670,-1.528670,ndi
1786507326.885112,38.815670,-0.015300,-0.027730,-1.528630,ndi
1786507326.902658,38.833216,-0.015260,-0.027810,-1.528570,ndi
1786507326.920285,38.850843,-0.015210,-0.027780,-1.528550,ndi
1786507326.935269,38.865827,-0.015150,-0.027750,-1.528520,ndi
1786507326.952711,38.883269,-0.015090,-0.027820,-1.528510,ndi
1786507326.970097,38.900655,-0.015040,-0.027870,-1.528460,ndi
1786507326.985113,38.915671,-0.014970,-0.027830,-1.528450,ndi
1786507327.002804,38.933362,-0.014920,-0.027830,-1.528430,ndi
1786507327.020261,38.950819,-0.014860,-0.027930,-1.528380,ndi
1786507327.035229,38.965787,-0.014810,-0.027960,-1.528360,ndi
1786507327.052737,38.983295,-0.014730,-0.027900,-1.528330,ndi
1786507327.070111,39.000669,-0.014660,-0.027910,-1.528310,ndi
1786507327.085103,39.015661,-0.014630,-0.028000,-1.528280,ndi
1786507327.102767,39.033325,-0.014570,-0.028030,-1.528250,ndi
1786507327.120235,39.050793,-0.014500,-0.027980,-1.528250,ndi
1786507327.135214,39.065772,-0.014470,-0.028000,-1.528220,ndi
1786507327.152748,39.083306,-0.014420,-0.028090,-1.528170,ndi
1786507327.170168,39.100726,-0.014340,-0.028080,-1.528130,ndi
1786507327.185112,39.115669,-0.014290,-0.028030,-1.528120,ndi
1786507327.202761,39.133319,-0.014230,-0.028100,-1.528090,ndi
1786507327.220255,39.150813,-0.014160,-0.028180,-1.528100,ndi
1786507327.235266,39.165824,-0.014110,-0.028140,-1.528090,ndi
1786507327.252641,39.183199,-0.014080,-0.028100,-1.528040,ndi
1786507327.270133,39.200691,-0.014000,-0.028190,-1.528020,ndi
1786507327.285105,39.215663,-0.013960,-0.028240,-1.528000,ndi
1786507327.302758,39.233316,-0.013910,-0.028180,-1.527990,ndi
1786507327.320235,39.250793,-0.013860,-0.028170,-1.527990,ndi
1786507327.335188,39.265746,-0.013810,-0.028260,-1.527950,ndi
1786507327.352772,39.283330,-0.013750,-0.028290,-1.527920,ndi
1786507327.370123,39.300681,-0.013690,-0.028230,-1.527910,ndi
1786507327.385109,39.315667,-0.013630,-0.028240,-1.527850,ndi
1786507327.402706,39.333264,-0.013580,-0.028340,-1.527820,ndi
1786507327.420240,39.350798,-0.013530,-0.028350,-1.527810,ndi
1786507327.435151,39.365709,-0.013480,-0.028280,-1.527780,ndi
1786507327.452654,39.383212,-0.013420,-0.028320,-1.527750,ndi
1786507327.470104,39.400662,-0.013350,-0.028410,-1.527740,ndi
1786507327.485124,39.415682,-0.013320,-0.028400,-1.527740,ndi
1786507327.502815,39.433373,-0.013250,-0.028350,-1.527740,ndi
1786507327.520245,39.450803,-0.013190,-0.028400,-1.527710,ndi
1786507327.535278,39.465836,-0.013130,-0.028460,-1.527710,ndi
1786507327.552731,39.483289,-0.013070,-0.028450,-1.527630,ndi
1786507327.570147,39.500705,-0.013010,-0.028430,-1.527650,ndi
1786507327.585117,39.515675,-0.012950,-0.028460,-1.527590,ndi
1786507327.602749,39.533307,-0.012890,-0.028510,-1.527570,ndi
1786507327.620199,39.550757,-0.012850,-0.028500,-1.527540,ndi
1786507327.635303,39.565861,-0.012790,-0.028490,-1.527560,ndi
1786507327.652767,39.583325,-0.012710,-0.028550,-1.527510,ndi
1786507327.670135,39.600693,-0.012640,-0.028570,-1.527520,ndi
1786507327.685139,39.615697,-0.012600,-0.028550,-1.527510,ndi
1786507327.702829,39.633387,-0.012520,-0.028560,-1.527490,ndi
1786507327.720328,39.650886,-0.012460,-0.028610,-1.527480,ndi
1786507327.735255,39.665813,-0.012400,-0.028630,-1.527460,ndi
1786507327.752760,39.683318,-0.012300,-0.028610,-1.527430,ndi
1786507327.770108,39.700666,-0.012250,-0.028630,-1.527380,ndi
1786507327.785150,39.715708,-0.012210,-0.028670,-1.527380,ndi
1786507327.802697,39.733255,-0.012150,-0.028670,-1.527370,ndi
1786507327.820349,39.750906,-0.012100,-0.028660,-1.527340,ndi
1786507327.835330,39.765888,-0.012040,-0.028680,-1.527340,ndi
1786507327.852675,39.783233,-0.012000,-0.028720,-1.527290,ndi
1786507327.870170,39.800728,-0.011930,-0.028720,-1.527330,ndi
1786507327.885111,39.815669,-0.011880,-0.028720,-1.527310,ndi
1786507327.902654,39.833212,-0.011830,-0.028730,-1.527300,ndi
1786507327.920314,39.850872,-0.011750,-0.028760,-1.527250,ndi
1786507327.935321,39.865879,-0.011700,-0.028770,-1.527230,ndi
1786507327.952771,39.883329,-0.011620,-0.028760,-1.527220,ndi
1786507327.970141,39.900699,-0.011550,-0.028780,-1.527180,ndi
1786507327.985142,39.915700,-0.011500,-0.028810,-1.527190,ndi
1786507328.002646,39.933204,-0.011440,-0.028810,-1.527160,ndi
1786507328.020187,39.950745,-0.011390,-0.028810,-1.527120,ndi
1786507328.035186,39.965744,-0.011320,-0.028830,-1.527120,ndi
1786507328.052628,39.983186,-0.011270,-0.028860,-1.527140,ndi
1786507328.070154,40.000712,-0.011210,-0.028840,-1.527110,ndi
1786507328.085138,40.015696,-0.011170,-0.028860,-1.527090,ndi
1786507328.102796,40.033354,-0.011120,-0.028890,-1.527020,ndi
1786507328.120233,40.050791,-0.011040,-0.028890,-1.527070,ndi
1786507328.135162,40.065720,-0.011010,-0.028880,-1.527030,ndi
1786507328.152745,40.083302,-0.010920,-0.028910,-1.527020,ndi
1786507328.170110,40.100668,-0.010840,-0.028930,-1.527000,ndi
1786507328.185137,40.115695,-0.010810,-0.028920,-1.526990,ndi
1786507328.202855,40.133413,-0.010700,-0.028930,-1.527000,ndi
1786507328.220366,40.150924,-0.010640,-0.028970,-1.526950,ndi
1786507328.235397,40.165955,-0.010580,-0.028970,-1.526970,ndi
1786507328.252795,40.183353,-0.010500,-0.028960,-1.526940,ndi
1786507328.270144,40.200702,-0.010460,-0.028990,-1.526940,ndi
1786507328.285142,40.215700,-0.010400,-0.029010,-1.526900,ndi
1786507328.302677,40.233235,-0.010340,-0.029010,-1.526910,ndi
1786507328.320267,40.250825,-0.010280,-0.029000,-1.526870,ndi
1786507328.335346,40.265903,-0.010220,-0.029030,-1.526830,ndi
1786507328.352793,40.283351,-0.010140,-0.029060,-1.526840,ndi
1786507328.370148,40.300706,-0.010050,-0.029050,-1.526850,ndi
1786507328.385158,40.315716,-0.010010,-0.029030,-1.526850,ndi
1786507328.402754,40.333312,-0.009970,-0.029070,-1.526800,ndi
1786507328.420362,40.350920,-0.009890,-0.029100,-1.526840,ndi
1786507328.435351,40.365909,-0.009840,-0.029070,-1.526790,ndi
1786507328.452708,40.383265,-0.009780,-0.029060,-1.526810,ndi
1786507328.470148,40.400706,-0.009720,-0.029110,-1.526800,ndi
1786507328.485132,40.415689,-0.009670,-0.029130,-1.526740,ndi
1786507328.502652,40.433210,-0.009590,-0.029090,-1.526780,ndi
1786507328.520179,40.450737,-0.009540,-0.029090,-1.526770,ndi
1786507328.535351,40.465909,-0.009490,-0.029150,-1.526720,ndi
1786507328.552771,40.483329,-0.009420,-0.029150,-1.526710,ndi
1786507328.570168,40.500726,-0.009340,-0.029110,-1.526700,ndi
1786507328.585100,40.515658,-0.009300,-0.029130,-1.526710,ndi
1786507328.602632,40.533190,-0.009230,-0.029180,-1.526700,ndi
1786507328.620230,40.550788,-0.009180,-0.029160,-1.526680,ndi
1786507328.635193,40.565751,-0.009110,-0.029140,-1.526700,ndi
1786507328.652711,40.583269,-0.009060,-0.029180,-1.526710,ndi
1786507328.670147,40.600705,-0.009000,-0.029210,-1.526700,ndi
1786507328.685164,40.615722,-0.008930,-0.029180,-1.526690,ndi
1786507328.702648,40.633206,-0.008880,-0.029170,-1.526680,ndi
1786507328.720165,40.650723,-0.008820,-0.029220,-1.526690,ndi
1786507328.735207,40.665765,-0.008740,-0.029230,-1.526670,ndi
1786507328.752656,40.683214,-0.008690,-0.029190,-1.526650,ndi
1786507328.770165,40.700723,-0.008630,-0.029200,-1.526650,ndi
1786507328.785111,40.715669,-0.008560,-0.029240,-1.526680,ndi
1786507328.802744,40.733302,-0.008490,-0.029250,-1.526650,ndi
1786507328.820213,40.750771,-0.008400,-0.029220,-1.526640,ndi
1786507328.835179,40.765737,-0.008360,-0.029220,-1.526640,ndi
1786507328.852803,40.783360,-0.008310,-0.029270,-1.526630,ndi
1786507328.870146,40.800704,-0.008220,-0.029270,-1.526580,ndi
1786507328.885113,40.815670,-0.008160,-0.029240,-1.526590,ndi
1786507328.902725,40.833282,-0.008080,-0.029250,-1.526610,ndi
1786507328.920274,40.850832,-0.008010,-0.029300,-1.526600,ndi
1786507328.935258,40.865816,-0.007960,-0.029290,-1.526590,ndi
1786507328.952721,40.883279,-0.007900,-0.029250,-1.526590,ndi
1786507328.970163,40.900721,-0.007820,-0.029280,-1.526600,ndi
1786507328.985172,40.915730,-0.007760,-0.029310,-1.526570,ndi
1786507329.002713,40.933271,-0.007690,-0.029300,-1.526590,ndi
1786507329.020277,40.950835,-0.007620,-0.029270,-1.526580,ndi
1786507329.035218,40.965776,-0.007580,-0.029290,-1.526580,ndi
1786507329.052779,40.983337,-0.007510,-0.029320,-1.526600,ndi
1786507329.070166,41.000724,-0.007460,-0.029310,-1.526580,ndi
1786507329.085151,41.015709,-0.007400,-0.029300,-1.526600,ndi
1786507329.102731,41.033289,-0.007330,-0.029320,-1.526570,ndi
1786507329.120239,41.050797,-0.007270,-0.029320,-1.526610,ndi
1786507329.135340,41.065898,-0.007210,-0.029310,-1.526580,ndi
1786507329.152733,41.083291,-0.007150,-0.029320,-1.526620,ndi
1786507329.170142,41.100700,-0.007080,-0.029330,-1.526600,ndi
1786507329.185181,41.115739,-0.007040,-0.029320,-1.526600,ndi
1786507329.202755,41.133313,-0.006960,-0.029330,-1.526600,ndi
1786507329.220345,41.150903,-0.006900,-0.029340,-1.526570,ndi
1786507329.235392,41.165950,-0.006860,-0.029330,-1.526590,ndi
1786507329.252818,41.183376,-0.006780,-0.029330,-1.526560,ndi
1786507329.270171,41.200729,-0.006730,-0.029340,-1.526580,ndi
1786507329.285154,41.215712,-0.006660,-0.029350,-1.526610,ndi
1786507329.302673,41.233231,-0.006600,-0.029340,-1.526600,ndi
1786507329.320225,41.250783,-0.006520,-0.029330,-1.526590,ndi
1786507329.335333,41.265891,-0.006460,-0.029340,-1.526550,ndi
1786507329.352766,41.283324,-0.006420,-0.029360,-1.526590,ndi
1786507329.370139,41.300697,-0.006350,-0.029350,-1.526610,ndi
1786507329.385168,41.315726,-0.006290,-0.029320,-1.526600,ndi
1786507329.402720,41.333278,-0.006210,-0.029330,-1.526610,ndi
1786507329.420342,41.350900,-0.006130,-0.029360,-1.526610,ndi
1786507329.435298,41.365856,-0.006100,-0.029350,-1.526630,ndi
1786507329.452792,41.383350,-0.006010,-0.029310,-1.526620,ndi
1786507329.470144,41.400702,-0.005960,-0.029350,-1.526600,ndi
1786507329.485148,41.415706,-0.005880,-0.029380,-1.526590,ndi
1786507329.502829,41.433387,-0.005820,-0.029340,-1.526610,ndi
1786507329.520380,41.450938,-0.005740,-0.029320,-1.526610,ndi
1786507329.535454,41.466012,-0.005680,-0.029350,-1.526610,ndi
1786507329.552817,41.483375,-0.005630,-0.029370,-1.526610,ndi
1786507329.570163,41.500721,-0.005560,-0.029330,-1.526630,ndi
1786507329.585178,41.515736,-0.005510,-0.029330,-1.526640,ndi
1786507329.602839,41.533397,-0.005440,-0.029350,-1.526640,ndi
1786507329.620340,41.550898,-0.005380,-0.029350,-1.526670,ndi
1786507329.635393,41.565951,-0.005340,-0.029330,-1.526660,ndi
1786507329.652707,41.583265,-0.005260,-0.029330,-1.526650,ndi
1786507329.670163,41.600721,-0.005190,-0.029350,-1.526670,ndi
1786507329.685154,41.615712,-0.005140,-0.029330,-1.526690,ndi
1786507329.702694,41.633252,-0.005070,-0.029330,-1.526660,ndi
1786507329.720199,41.650757,-0.005010,-0.029340,-1.526690,ndi
1786507329.735263,41.665821,-0.004940,-0.029340,-1.526670,ndi
1786507329.752679,41.683237,-0.004890,-0.029320,-1.526690,ndi
1786507329.770159,41.700717,-0.004830,-0.029310,-1.526710,ndi
1786507329.785150,41.715708,-0.004790,-0.029320,-1.526720,ndi
1786507329.802926,41.733484,-0.004720,-0.029340,-1.526730,ndi
1786507329.820396,41.750954,-0.004650,-0.029310,-1.526720,ndi
1786507329.835322,41.765880,-0.004610,-0.029290,-1.526740,ndi
1786507329.852739,41.783297,-0.004540,-0.029320,-1.526760,ndi
1786507329.870151,41.800709,-0.004470,-0.029330,-1.526790,ndi
1786507329.885205,41.815763,-0.004420,-0.029300,-1.526790,ndi
1786507329.902752,41.833310,-0.004340,-0.029280,-1.526790,ndi
1786507329.920312,41.850870,-0.004270,-0.029320,-1.526800,ndi
1786507329.935395,41.865952,-0.004190,-0.029320,-1.526790,ndi
1786507329.952758,41.883316,-0.004140,-0.029270,-1.526810,ndi
1786507329.970172,41.900730,-0.004080,-0.029270,-1.526790,ndi
1786507329.985163,41.915721,-0.004030,-0.029300,-1.526800,ndi
1786507330.002844,41.933402,-0.003970,-0.029290,-1.526850,ndi
1786507330.020359,41.950917,-0.003890,-0.029250,-1.526850,ndi
1786507330.035358,41.965916,-0.003810,-0.029260,-1.526870,ndi
1786507330.052769,41.983327,-0.003760,-0.029280,-1.526880,ndi
1786507330.070176,42.000734,-0.003710,-0.029260,-1.526890,ndi
1786507330.085173,42.015731,-0.003640,-0.029230,-1.526930,ndi
1786507330.102719,42.033277,-0.003550,-0.029240,-1.526900,ndi
1786507330.120207,42.050765,-0.003490,-0.029260,-1.526930,ndi
1786507330.135374,42.065932,-0.003430,-0.029240,-1.526950,ndi
1786507330.152782,42.083340,-0.003370,-0.029210,-1.526930,ndi
1786507330.170183,42.100741,-0.003310,-0.029230,-1.526930,ndi
1786507330.185170,42.115728,-0.003230,-0.029230,-1.526940,ndi
1786507330.202831,42.133389,-0.003180,-0.029210,-1.526940,ndi
1786507330.220289,42.150847,-0.003130,-0.029200,-1.526930,ndi
1786507330.235358,42.165916,-0.003090,-0.029210,-1.526970,ndi
1786507330.252781,42.183339,-0.003030,-0.029210,-1.527000,ndi
1786507330.270161,42.200719,-0.002950,-0.029190,-1.527010,ndi
1786507330.285203,42.215761,-0.002890,-0.029190,-1.527050,ndi
1786507330.302787,42.233345,-0.002810,-0.029190,-1.527020,ndi
1786507330.320267,42.250825,-0.002750,-0.029170,-1.527060,ndi
1786507330.335425,42.265983,-0.002710,-0.029150,-1.527020,ndi
1786507330.352805,42.283363,-0.002630,-0.029170,-1.527070,ndi
1786507330.370185,42.300743,-0.002570,-0.029170,-1.527070,ndi
1786507330.385151,42.315709,-0.002520,-0.029130,-1.527090,ndi
1786507330.402681,42.333239,-0.002470,-0.029120,-1.527110,ndi
1786507330.420250,42.350808,-0.002410,-0.029150,-1.527130,ndi
1786507330.435323,42.365881,-0.002350,-0.029140,-1.527110,ndi
1786507330.452737,42.383295,-0.002300,-0.029100,-1.527150,ndi
1786507330.470169,42.400727,-0.002230,-0.029110,-1.527160,ndi
1786507330.485173,42.415731,-0.002160,-0.029120,-1.527170,ndi
1786507330.502714,42.433272,-0.002110,-0.029090,-1.527160,ndi
1786507330.520227,42.450785,-0.002030,-0.029080,-1.527190,ndi
1786507330.535500,42.466058,-0.001980,-0.029080,-1.527240,ndi
1786507330.552812,42.483370,-0.001910,-0.029080,-1.527220,ndi
1786507330.570136,42.500694,-0.001840,-0.029060,-1.527230,ndi
1786507330.585188,42.515746,-0.001790,-0.029050,-1.527270,ndi
1786507330.602770,42.533328,-0.001720,-0.029040,-1.527270,ndi
1786507330.620264,42.550822,-0.001660,-0.029040,-1.527310,ndi
1786507330.635348,42.565906,-0.001610,-0.029020,-1.527320,ndi
1786507330.652850,42.583408,-0.001560,-0.029010,-1.527330,ndi
1786507330.670195,42.600753,-0.001490,-0.029010,-1.527350,ndi
1786507330.685190,42.615748,-0.001420,-0.029010,-1.527370,ndi
1786507330.702799,42.633357,-0.001360,-0.028980,-1.527390,ndi
1786507330.720332,42.650890,-0.001280,-0.028970,-1.527390,ndi
1786507330.735487,42.666045,-0.001230,-0.028980,-1.527390,ndi
1786507330.752852,42.683410,-0.001170,-0.028960,-1.527380,ndi
1786507330.770215,42.700773,-0.001090,-0.028940,-1.527450,ndi
1786507330.785178,42.715736,-0.001060,-0.028930,-1.527450,ndi
1786507330.802878,42.733436,-0.000990,-0.028940,-1.527480,ndi
1786507330.820354,42.750912,-0.000930,-0.028920,-1.527520,ndi
1786507330.835330,42.765888,-0.000880,-0.028900,-1.527520,ndi
1786507330.852807,42.783365,-0.000820,-0.028900,-1.527530,ndi
1786507330.870209,42.800767,-0.000760,-0.028890,-1.527550,ndi
1786507330.885189,42.815747,-0.000700,-0.028870,-1.527580,ndi
1786507330.902702,42.833260,-0.000650,-0.028860,-1.527610,ndi
1786507330.920349,42.850907,-0.000570,-0.028850,-1.527600,ndi
1786507330.935307,42.865865,-0.000530,-0.028830,-1.527570,ndi
1786507330.952767,42.883325,-0.000480,-0.028830,-1.527660,ndi
1786507330.970216,42.900774,-0.000400,-0.028820,-1.527650,ndi
1786507330.985183,42.915741,-0.000360,-0.028800,-1.527700,ndi
1786507331.002729,42.933287,-0.000290,-0.028790,-1.527720,ndi
1786507331.020225,42.950783,-0.000240,-0.028780,-1.527720,ndi
1786507331.035407,42.965965,-0.000210,-0.028770,-1.527780,ndi
1786507331.052820,42.983378,-0.000140,-0.028740,-1.527790,ndi
1786507331.070209,43.000767,-0.000070,-0.028740,-1.527780,ndi
1786507331.085191,43.015749,-0.000020,-0.028740,-1.527800,ndi
1786507331.102860,43.033418,0.000010,-0.028710,-1.527850,ndi
1786507331.120384,43.050942,0.000090,-0.028680,-1.527840,ndi
1786507331.135387,43.065945,0.000140,-0.028700,-1.527890,ndi
1786507331.152843,43.083400,0.000200,-0.028680,-1.527920,ndi
1786507331.170211,43.100769,0.000280,-0.028640,-1.527960,ndi
1786507331.185207,43.115765,0.000320,-0.028640,-1.527990,ndi
1786507331.202714,43.133272,0.000380,-0.028640,-1.528000,ndi
1786507331.220212,43.150770,0.000450,-0.028610,-1.528050,ndi
1786507331.235393,43.165951,0.000500,-0.028590,-1.528090,ndi
1786507331.252871,43.183429,0.000560,-0.028580,-1.528110,ndi
1786507331.270186,43.200744,0.000620,-0.028580,-1.528120,ndi
1786507331.285162,43.215720,0.000690,-0.028570,-1.528120,ndi
1786507331.302680,43.233238,0.000740,-0.028540,-1.528160,ndi
1786507331.320214,43.250772,0.000810,-0.028520,-1.528200,ndi
1786507331.335373,43.265931,0.000860,-0.028520,-1.528220,ndi
1786507331.352867,43.283425,0.000920,-0.028500,-1.528260,ndi
1786507331.370219,43.300777,0.000980,-0.028470,-1.528280,ndi
1786507331.385225,43.315783,0.001030,-0.028460,-1.528300,ndi
1786507331.402732,43.333290,0.001080,-0.028460,-1.528320,ndi
1786507331.420238,43.350796,0.001150,-0.028440,-1.528330,ndi
1786507331.435241,43.365799,0.001180,-0.028420,-1.528360,ndi
1786507331.452766,43.383324,0.001250,-0.028410,-1.528350,ndi
1786507331.470230,43.400788,0.001310,-0.028400,-1.528420,ndi
1786507331.485216,43.415774,0.001350,-0.028380,-1.528450,ndi
1786507331.502915,43.433473,0.001410,-0.028350,-1.528440,ndi
1786507331.520351,43.450909,0.001480,-0.028340,-1.528480,ndi
1786507331.535341,43.465899,0.001530,-0.028330,-1.528510,ndi
1786507331.552839,43.483397,0.001570,-0.028320,-1.528520,ndi
1786507331.570229,43.500787,0.001620,-0.028300,-1.528540,ndi
1786507331.585196,43.515754,0.001670,-0.028280,-1.528580,ndi
1786507331.602800,43.533358,0.001740,-0.028260,-1.528600,ndi
1786507331.620348,43.550906,0.001780,-0.028260,-1.528670,ndi
1786507331.635368,43.565926,0.001820,-0.028250,-1.528670,ndi
1786507331.652860,43.583418,0.001880,-0.028210,-1.528710,ndi
1786507331.670229,43.600787,0.001940,-0.028200,-1.528730,ndi
1786507331.685210,43.615768,0.001990,-0.028200,-1.528790,ndi
1786507331.702895,43.633453,0.002060,-0.028180,-1.528830,ndi
1786507331.720376,43.650934,0.002100,-0.028140,-1.528840,ndi
1786507331.735243,43.665801,0.002160,-0.028140,-1.528850,ndi
1786507331.752837,43.683395,0.002220,-0.028130,-1.528920,ndi
1786507331.770235,43.700793,0.002270,-0.028090,-1.528960,ndi
1786507331.785208,43.715766,0.002330,-0.028070,-1.529000,ndi
1786507331.802888,43.733446,0.002380,-0.028060,-1.529040,ndi
1786507331.820366,43.750924,0.002440,-0.028050,-1.529070,ndi
1786507331.835389,43.765947,0.002500,-0.028020,-1.529060,ndi
1786507331.852822,43.783380,0.002560,-0.027990,-1.529110,ndi
1786507331.870223,43.800781,0.002610,-0.027990,-1.529130,ndi
1786507331.885208,43.815766,0.002660,-0.027970,-1.529190,ndi
1786507331.903016,43.833574,0.002730,-0.027940,-1.529190,ndi
1786507331.920358,43.850916,0.002780,-0.027900,-1.529270,ndi
1786507331.935364,43.865922,0.002830,-0.027900,-1.529270,ndi
1786507331.952841,43.883399,0.002870,-0.027890,-1.529350,ndi
1786507331.970209,43.900767,0.002940,-0.027840,-1.529350,ndi
1786507331.985211,43.915769,0.003000,-0.027820,-1.529360,ndi
1786507332.002728,43.933285,0.003050,-0.027820,-1.529440,ndi
1786507332.020344,43.950902,0.003090,-0.027810,-1.529440,ndi
1786507332.035328,43.965886,0.003140,-0.027770,-1.529450,ndi
1786507332.052845,43.983403,0.003200,-0.027750,-1.529500,ndi
1786507332.070212,44.000770,0.003250,-0.027750,-1.529550,ndi
1786507332.085186,44.015744,0.003300,-0.027730,-1.529600,ndi
1786507332.102875,44.033432,0.003340,-0.027680,-1.529590,ndi
1786507332.120368,44.050926,0.003400,-0.027670,-1.529590,ndi
1786507332.135358,44.065916,0.003440,-0.027680,-1.529630,ndi
1786507332.152838,44.083396,0.003460,-0.027640,-1.529650,ndi
1786507332.170204,44.100762,0.003530,-0.027600,-1.529700,ndi
1786507332.185173,44.115731,0.003580,-0.027600,-1.529720,ndi
1786507332.202718,44.133276,0.003630,-0.027590,-1.529740,ndi
1786507332.220228,44.150786,0.003670,-0.027550,-1.529770,ndi
1786507332.235233,44.165791,0.003730,-0.027520,-1.529800,ndi
1786507332.252728,44.183286,0.003770,-0.027530,-1.529820,ndi
1786507332.270200,44.200758,0.003810,-0.027510,-1.529880,ndi
1786507332.285208,44.215766,0.003880,-0.027470,-1.529930,ndi
1786507332.302724,44.233282,0.003920,-0.027430,-1.529970,ndi
1786507332.320207,44.250765,0.003970,-0.027430,-1.529990,ndi
1786507332.335237,44.265795,0.004020,-0.027420,-1.530010,ndi
1786507332.352743,44.283301,0.004060,-0.027380,-1.530090,ndi
1786507332.370203,44.300761,0.004120,-0.027350,-1.530080,ndi
1786507332.385165,44.315723,0.004160,-0.027350,-1.530150,ndi
1786507332.402847,44.333405,0.004210,-0.027330,-1.530210,ndi
1786507332.420360,44.350918,0.004260,-0.027270,-1.530230,ndi
1786507332.435311,44.365869,0.004310,-0.027260,-1.530270,ndi
1786507332.452801,44.383358,0.004370,-0.027260,-1.530320,ndi
1786507332.470207,44.400765,0.004400,-0.027220,-1.530360,ndi
1786507332.485184,44.415742,0.004470,-0.027180,-1.530410,ndi
1786507332.502733,44.433291,0.004510,-0.027160,-1.530420,ndi
1786507332.520403,44.450961,0.004560,-0.027160,-1.530480,ndi
1786507332.535373,44.465931,0.004610,-0.027130,-1.530480,ndi
1786507332.552900,44.483458,0.004660,-0.027080,-1.530610,ndi
1786507332.570220,44.500777,0.004710,-0.027060,-1.530610,ndi
1786507332.585164,44.515722,0.004750,-0.027060,-1.530640,ndi
1786507332.602859,44.533417,0.004800,-0.027020,-1.530690,ndi
1786507332.620371,44.550929,0.004840,-0.026990,-1.530700,ndi
1786507332.635398,44.565956,0.004890,-0.026990,-1.530730,ndi
1786507332.652842,44.583400,0.004930,-0.026960,-1.530770,ndi
1786507332.670231,44.600789,0.004970,-0.026920,-1.530840,ndi
1786507332.685196,44.615754,0.005010,-0.026890,-1.530870,ndi
1786507332.702787,44.633345,0.005050,-0.026900,-1.530910,ndi
1786507332.720374,44.650932,0.005110,-0.026860,-1.530940,ndi
1786507332.735336,44.665894,0.005130,-0.026820,-1.530950,ndi
1786507332.752864,44.683422,0.005180,-0.026800,-1.531020,ndi
1786507332.770187,44.700745,0.005240,-0.026800,-1.531050,ndi
1786507332.785183,44.715741,0.005270,-0.026770,-1.531090,ndi
1786507332.802745,44.733303,0.005320,-0.026720,-1.531170,ndi
1786507332.820256,44.750814,0.005370,-0.026700,-1.531190,ndi
1786507332.835265,44.765823,0.005420,-0.026700,-1.531220,ndi
1786507332.852888,44.783446,0.005450,-0.026670,-1.531250,ndi
1786507332.870228,44.800786,0.005490,-0.026610,-1.531270,ndi
1786507332.885222,44.815780,0.005540,-0.026600,-1.531340,ndi
1786507332.902723,44.833281,0.005580,-0.026600,-1.531390,ndi
1786507332.920256,44.850814,0.005650,-0.026550,-1.531380,ndi
1786507332.935398,44.865956,0.005670,-0.026510,-1.531450,ndi
1786507332.952956,44.883514,0.005710,-0.026500,-1.531490,ndi
1786507332.970258,44.900816,0.005770,-0.026480,-1.531520,ndi
1786507332.985209,44.915767,0.005800,-0.026440,-1.531560,ndi
1786507333.002899,44.933457,0.005850,-0.026400,-1.531630,ndi
1786507333.020267,44.950824,0.005910,-0.026400,-1.531680,ndi
1786507333.035378,44.965936,0.005930,-0.026370,-1.531680,ndi
1786507333.052877,44.983435,0.005980,-0.026320,-1.531760,ndi
1786507333.070229,45.000787,0.006030,-0.026290,-1.531800,ndi
1786507333.085200,45.015758,0.006070,-0.026270,-1.531830,ndi
1786507333.102920,45.033478,0.006120,-0.026240,-1.531870,ndi
1786507333.120442,45.051000,0.006170,-0.026210,-1.531940,ndi
1786507333.135468,45.066026,0.006190,-0.026180,-1.531960,ndi
1786507333.153052,45.083610,0.006230,-0.026160,-1.531960,ndi
1786507333.170192,45.100750,0.006280,-0.026120,-1.532050,ndi
1786507333.185202,45.115760,0.006320,-0.026090,-1.532110,ndi
1786507333.202762,45.133320,0.006370,-0.026060,-1.532180,ndi
1786507333.220386,45.150944,0.006420,-0.026050,-1.532200,ndi
1786507333.235455,45.166013,0.006440,-0.026020,-1.532250,ndi
1786507333.252885,45.183443,0.006490,-0.025980,-1.532330,ndi
1786507333.270250,45.200808,0.006530,-0.025960,-1.532340,ndi
1786507333.285218,45.215775,0.006560,-0.025940,-1.532360,ndi
1786507333.302739,45.233297,0.006600,-0.025890,-1.532450,ndi
1786507333.320242,45.250800,0.006620,-0.025870,-1.532490,ndi
1786507333.335254,45.265812,0.006660,-0.025840,-1.532530,ndi
1786507333.352870,45.283428,0.006710,-0.025810,-1.532590,ndi
1786507333.370200,45.300758,0.006740,-0.025780,-1.532650,ndi
1786507333.385181,45.315739,0.006780,-0.025760,-1.532700,ndi
1786507333.402879,45.333437,0.006820,-0.025730,-1.532720,ndi
1786507333.420394,45.350952,0.006850,-0.025700,-1.532790,ndi
1786507333.435355,45.365913,0.006880,-0.025680,-1.532830,ndi
1786507333.452854,45.383412,0.006930,-0.025650,-1.532880,ndi
1786507333.470251,45.400809,0.006970,-0.025610,-1.532880,ndi
1786507333.485238,45.415796,0.006980,-0.025590,-1.532930,ndi
1786507333.502885,45.433443,0.007030,-0.025570,-1.532980,ndi
1786507333.520463,45.451020,0.007070,-0.025540,-1.533080,ndi
1786507333.535435,45.465993,0.007100,-0.025500,-1.533090,ndi
1786507333.552881,45.483439,0.007160,-0.025480,-1.533160,ndi
1786507333.570246,45.500804,0.007180,-0.025440,-1.533180,ndi
1786507333.585190,45.515748,0.007210,-0.025410,-1.533210,ndi
1786507333.602759,45.533317,0.007270,-0.025370,-1.533260,ndi
1786507333.620271,45.550829,0.007290,-0.025340,-1.533320,ndi
1786507333.635287,45.565845,0.007340,-0.025300,-1.533370,ndi
1786507333.652877,45.583435,0.007370,-0.025270,-1.533420,ndi
1786507333.670274,45.600832,0.007400,-0.025240,-1.533470,ndi
1786507333.685255,45.615813,0.007450,-0.025210,-1.533490,ndi
1786507333.702922,45.633480,0.007480,-0.025170,-1.533600,ndi
1786507333.720399,45.650957,0.007510,-0.025140,-1.533680,ndi
1786507333.735277,45.665835,0.007550,-0.025110,-1.533700,ndi
1786507333.752767,45.683325,0.007580,-0.025060,-1.533760,ndi
1786507333.770216,45.700774,0.007610,-0.025040,-1.533810,ndi
1786507333.785255,45.715813,0.007660,-0.025020,-1.533840,ndi
1786507333.802877,45.733435,0.007680,-0.024970,-1.533920,ndi
1786507333.820413,45.750971,0.007700,-0.024940,-1.533960,ndi
1786507333.835443,45.766001,0.007750,-0.024920,-1.533980,ndi
1786507333.852890,45.783448,0.007770,-0.024890,-1.534020,ndi
1786507333.870260,45.800818,0.007800,-0.024850,-1.534070,ndi
1786507333.885245,45.815803,0.007850,-0.024820,-1.534110,ndi
1786507333.902826,45.833384,0.007840,-0.024790,-1.534170,ndi
1786507333.920314,45.850872,0.007900,-0.024750,-1.534220,ndi
1786507333.935348,45.865906,0.007920,-0.024720,-1.534290,ndi
1786507333.952760,45.883318,0.007950,-0.024690,-1.534340,ndi
1786507333.970232,45.900790,0.007990,-0.024660,-1.534430,ndi
1786507333.985259,45.915817,0.008010,-0.024630,-1.534460,ndi
1786507334.002875,45.933433,0.008050,-0.024600,-1.534500,ndi
1786507334.020359,45.950917,0.008080,-0.024550,-1.534550,ndi
1786507334.035322,45.965880,0.008110,-0.024530,-1.534630,ndi
1786507334.052796,45.983354,0.008130,-0.024490,-1.534680,ndi
1786507334.070271,46.000829,0.008160,-0.024460,-1.534710,ndi
1786507334.085238,46.015795,0.008190,-0.024430,-1.534750,ndi
1786507334.102902,46.033460,0.008200,-0.024390,-1.534800,ndi
1786507334.120405,46.050963,0.008240,-0.024350,-1.534860,ndi
1786507334.135413,46.065971,0.008270,-0.024320,-1.534900,ndi
1786507334.152870,46.083428,0.008300,-0.024290,-1.534940,ndi
1786507334.170244,46.100802,0.008330,-0.024270,-1.535010,ndi
1786507334.185252,46.115810,0.008350,-0.024220,-1.535070,ndi
1786507334.202927,46.133485,0.008390,-0.024180,-1.535140,ndi
1786507334.220458,46.151016,0.008420,-0.024160,-1.535190,ndi
1786507334.235451,46.166009,0.008430,-0.024120,-1.535230,ndi
1786507334.252909,46.183467,0.008470,-0.024080,-1.535280,ndi
1786507334.270296,46.200854,0.008500,-0.024050,-1.535360,ndi
1786507334.285272,46.215830,0.008530,-0.024010,-1.535400,ndi
1786507334.302987,46.233545,0.008540,-0.023960,-1.535530,ndi
1786507334.320416,46.250974,0.008580,-0.023920,-1.535550,ndi
1786507334.335420,46.265978,0.008610,-0.023890,-1.535610,ndi
1786507334.352860,46.283418,0.008620,-0.023850,-1.535700,ndi
1786507334.370274,46.300832,0.008660,-0.023800,-1.535710,ndi
1786507334.385271,46.315829,0.008680,-0.023770,-1.535800,ndi
1786507334.402998,46.333556,0.008700,-0.023740,-1.535840,ndi
1786507334.420481,46.351039,0.008730,-0.023700,-1.535860,ndi
1786507334.435439,46.365997,0.008750,-0.023680,-1.535940,ndi
1786507334.452897,46.383455,0.008770,-0.023640,-1.535970,ndi
1786507334.470272,46.400830,0.008790,-0.023610,-1.536010,ndi
1786507334.485256,46.415814,0.008820,-0.023570,-1.536040,ndi
1786507334.502953,46.433511,0.008830,-0.023530,-1.536140,ndi
1786507334.520311,46.450869,0.008850,-0.023500,-1.536180,ndi
1786507334.535396,46.465954,0.008880,-0.023480,-1.536240,ndi
1786507334.552856,46.483414,0.008890,-0.023430,-1.536290,ndi
1786507334.570326,46.500884,0.008920,-0.023380,-1.536390,ndi
1786507334.585277,46.515835,0.008950,-0.023360,-1.536400,ndi
1786507334.602999,46.533557,0.008960,-0.023330,-1.536470,ndi
1786507334.620461,46.551019,0.008990,-0.023280,-1.536540,ndi
1786507334.635395,46.565953,0.008990,-0.023240,-1.536600,ndi
1786507334.652899,46.583457,0.009020,-0.023230,-1.536670,ndi
1786507334.670623,46.601181,0.009040,-0.023180,-1.536730,ndi
1786507334.685284,46.615842,0.009050,-0.023130,-1.536780,ndi
1786507334.702982,46.633540,0.009070,-0.023100,-1.536830,ndi
1786507334.720429,46.650987,0.009100,-0.023080,-1.536900,ndi
1786507334.735304,46.665862,0.009120,-0.023030,-1.536970,ndi
1786507334.752728,46.683286,0.009130,-0.022980,-1.536990,ndi
1786507334.770303,46.700861,0.009150,-0.022960,-1.537080,ndi
1786507334.785272,46.715830,0.009160,-0.022930,-1.537090,ndi
1786507334.802849,46.733407,0.009190,-0.022870,-1.537170,ndi
1786507334.820435,46.750993,0.009210,-0.022820,-1.537280,ndi
1786507334.835461,46.766019,0.009210,-0.022800,-1.537340,ndi
1786507334.852892,46.783450,0.009240,-0.022760,-1.537380,ndi
1786507334.870296,46.800854,0.009260,-0.022700,-1.537400,ndi
1786507334.885276,46.815834,0.009280,-0.022660,-1.537490,ndi
1786507334.902886,46.833444,0.009280,-0.022630,-1.537600,ndi
1786507334.920322,46.850880,0.009300,-0.022600,-1.537660,ndi
1786507334.935290,46.865848,0.009330,-0.022540,-1.537720,ndi
1786507334.952834,46.883392,0.009330,-0.022490,-1.537760,ndi
1786507334.970265,46.900823,0.009360,-0.022470,-1.537850,ndi
1786507334.985265,46.915823,0.009370,-0.022430,-1.537880,ndi
1786507335.002907,46.933465,0.009380,-0.022370,-1.537910,ndi
1786507335.020380,46.950938,0.009390,-0.022330,-1.537980,ndi
1786507335.035291,46.965849,0.009400,-0.022320,-1.538040,ndi
1786507335.052845,46.983403,0.009430,-0.022270,-1.538110,ndi
1786507335.070324,47.000882,0.009430,-0.022210,-1.538190,ndi
1786507335.085283,47.015841,0.009430,-0.022180,-1.538230,ndi
1786507335.102896,47.033454,0.009440,-0.022160,-1.538310,ndi
1786507335.120348,47.050906,0.009450,-0.022100,-1.538390,ndi
1786507335.135308,47.065866,0.009460,-0.022060,-1.538450,ndi
1786507335.152917,47.083475,0.009470,-0.022030,-1.538470,ndi
1786507335.170281,47.100839,0.009490,-0.021980,-1.538560,ndi
1786507335.185264,47.115822,0.009500,-0.021940,-1.538600,ndi
1786507335.202772,47.133330,0.009510,-0.021890,-1.538670,ndi
1786507335.220336,47.150894,0.009520,-0.021860,-1.538730,ndi
1786507335.235445,47.166003,0.009520,-0.021820,-1.538800,ndi
1786507335.252890,47.183448,0.009530,-0.021780,-1.538840,ndi
1786507335.270412,47.200970,0.009530,-0.021740,-1.538910,ndi
1786507335.285317,47.215875,0.009540,-0.021700,-1.538930,ndi
1786507335.302780,47.233338,0.009550,-0.021660,-1.539000,ndi
1786507335.320463,47.251021,0.009560,-0.021620,-1.539070,ndi
1786507335.335405,47.265963,0.009580,-0.021590,-1.539120,ndi
1786507335.352927,47.283485,0.009580,-0.021540,-1.539200,ndi
1786507335.370268,47.300826,0.009580,-0.021490,-1.539240,ndi
1786507335.385254,47.315812,0.009590,-0.021460,-1.539290,ndi
1786507335.402750,47.333308,0.009600,-0.021400,-1.539390,ndi
1786507335.420305,47.350863,0.009610,-0.021360,-1.539470,ndi
1786507335.435465,47.366023,0.009610,-0.021320,-1.539540,ndi
1786507335.452933,47.383491,0.009620,-0.021270,-1.539610,ndi
1786507335.470282,47.400840,0.009610,-0.021220,-1.539660,ndi
1786507335.485265,47.415823,0.009620,-0.021180,-1.539740,ndi
1786507335.502849,47.433407,0.009630,-0.021140,-1.539820,ndi
1786507335.520428,47.450986,0.009630,-0.021100,-1.539860,ndi
1786507335.535239,47.465796,0.009630,-0.021050,-1.539920,ndi
1786507335.552845,47.483403,0.009640,-0.021000,-1.540010,ndi
1786507335.570290,47.500848,0.009640,-0.020970,-1.540040,ndi
1786507335.585284,47.515842,0.009640,-0.020930,-1.540130,ndi
1786507335.602763,47.533321,0.009650,-0.020880,-1.540210,ndi
1786507335.620321,47.550879,0.009640,-0.020830,-1.540280,ndi
1786507335.635320,47.565878,0.009650,-0.020800,-1.540360,ndi
1786507335.652906,47.583464,0.009640,-0.020760,-1.540400,ndi
1786507335.670297,47.600855,0.009640,-0.020710,-1.540470,ndi
1786507335.685300,47.615858,0.009630,-0.020670,-1.540560,ndi
1786507335.702797,47.633355,0.009630,-0.020630,-1.540610,ndi
1786507335.720300,47.650858,0.009630,-0.020580,-1.540650,ndi
1786507335.735413,47.665971,0.009630,-0.020530,-1.540670,ndi
1786507335.752912,47.683470,0.009640,-0.020490,-1.540770,ndi
1786507335.770293,47.700850,0.009630,-0.020460,-1.540820,ndi
1786507335.785272,47.715830,0.009640,-0.020420,-1.540860,ndi
1786507335.802775,47.733333,0.009620,-0.020360,-1.540900,ndi
1786507335.820310,47.750868,0.009630,-0.020320,-1.541000,ndi
1786507335.835340,47.765898,0.009630,-0.020280,-1.541040,ndi
1786507335.852910,47.783468,0.009600,-0.020230,-1.541110,ndi
1786507335.870298,47.800856,0.009610,-0.020180,-1.541160,ndi
1786507335.885299,47.815857,0.009590,-0.020140,-1.541170,ndi
1786507335.902796,47.833354,0.009590,-0.020100,-1.541240,ndi
1786507335.920406,47.850964,0.009590,-0.020060,-1.541300,ndi
1786507335.935424,47.865982,0.009590,-0.020010,-1.541380,ndi
1786507335.952937,47.883495,0.009590,-0.019970,-1.541480,ndi
1786507335.970292,47.900850,0.009580,-0.019920,-1.541540,ndi
1786507335.985275,47.915833,0.009560,-0.019880,-1.541600,ndi
1786507336.002915,47.933473,0.009550,-0.019830,-1.541660,ndi
1786507336.020476,47.951034,0.009550,-0.019780,-1.541730,ndi
1786507336.035407,47.965965,0.009530,-0.019750,-1.541770,ndi
1786507336.052905,47.983463,0.009510,-0.019700,-1.541850,ndi
1786507336.070289,48.000847,0.009510,-0.019640,-1.541900,ndi
1786507336.085270,48.015828,0.009500,-0.019600,-1.542000,ndi
1786507336.102957,48.033514,0.009500,-0.019560,-1.542080,ndi
1786507336.120476,48.051033,0.009470,-0.019500,-1.542110,ndi
1786507336.135464,48.066022,0.009470,-0.019450,-1.542190,ndi
1786507336.152939,48.083497,0.009470,-0.019400,-1.542230,ndi
1786507336.170299,48.100857,0.009440,-0.019350,-1.542320,ndi
1786507336.185286,48.115844,0.009440,-0.019300,-1.542320,ndi
1786507336.202898,48.133456,0.009420,-0.019260,-1.542400,ndi
1786507336.220522,48.151080,0.009400,-0.019220,-1.542460,ndi
1786507336.235523,48.166081,0.009390,-0.019170,-1.542520,ndi
1786507336.252917,48.183475,0.009370,-0.019120,-1.542570,ndi
1786507336.270324,48.200882,0.009350,-0.019070,-1.542620,ndi
1786507336.285335,48.215893,0.009340,-0.019030,-1.542660,ndi
1786507336.302831,48.233389,0.009320,-0.018990,-1.542750,ndi
1786507336.320397,48.250955,0.009290,-0.018940,-1.542780,ndi
1786507336.335431,48.265989,0.009290,-0.018890,-1.542820,ndi
1786507336.352915,48.283473,0.009270,-0.018830,-1.542900,ndi
1786507336.370278,48.300836,0.009240,-0.018790,-1.542950,ndi
1786507336.385279,48.315837,0.009240,-0.018740,-1.542990,ndi
1786507336.402906,48.333464,0.009220,-0.018690,-1.543050,ndi
1786507336.420525,48.351083,0.009190,-0.018640,-1.543110,ndi
1786507336.435469,48.366027,0.009180,-0.018600,-1.543160,ndi
1786507336.452974,48.383532,0.009150,-0.018550,-1.543170,ndi
1786507336.470315,48.400873,0.009130,-0.018490,-1.543280,ndi
1786507336.485313,48.415871,0.009100,-0.018460,-1.543300,ndi
1786507336.502812,48.433370,0.009080,-0.018420,-1.543350,ndi
1786507336.520537,48.451095,0.009060,-0.018360,-1.543360,ndi
1786507336.535392,48.465950,0.009050,-0.018310,-1.543450,ndi
1786507336.552851,48.483409,0.009020,-0.018250,-1.543500,ndi
1786507336.570312,48.500870,0.008990,-0.018210,-1.543540,ndi
1786507336.585248,48.515805,0.008980,-0.018170,-1.543650,ndi
1786507336.602794,48.533352,0.008940,-0.018100,-1.543700,ndi
1786507336.620474,48.551032,0.008910,-0.018050,-1.543800,ndi
1786507336.635460,48.566018,0.008870,-0.018010,-1.543780,ndi
1786507336.652901,48.583459,0.008840,-0.017950,-1.543890,ndi
1786507336.670228,48.600786,0.008810,-0.017880,-1.543920,ndi
1786507336.685324,48.615882,0.008780,-0.017830,-1.544010,ndi
1786507336.702819,48.633377,0.008750,-0.017790,-1.544040,ndi
1786507336.720485,48.651043,0.008710,-0.017720,-1.544090,ndi
1786507336.735487,48.666045,0.008690,-0.017660,-1.544170,ndi
1786507336.752920,48.683478,0.008670,-0.017620,-1.544150,ndi
1786507336.770269,48.700827,0.008620,-0.017570,-1.544230,ndi
1786507336.785282,48.715840,0.008600,-0.017510,-1.544300,ndi
1786507336.802905,48.733463,0.008560,-0.017430,-1.544320,ndi
1786507336.820381,48.750939,0.008520,-0.017400,-1.544430,ndi
1786507336.835460,48.766018,0.008480,-0.017350,-1.544440,ndi
1786507336.852931,48.783489,0.008450,-0.017280,-1.544480,ndi
1786507336.870263,48.800821,0.008410,-0.017230,-1.544610,ndi
1786507336.885303,48.815861,0.008380,-0.017190,-1.544630,ndi
1786507336.902796,48.833354,0.008340,-0.017130,-1.544700,ndi
1786507336.920306,48.850864,0.008310,-0.017050,-1.544730,ndi
1786507336.935459,48.866017,0.008270,-0.017000,-1.544810,ndi
1786507336.952935,48.883493,0.008230,-0.016950,-1.544820,ndi
1786507336.970284,48.900842,0.008180,-0.016890,-1.544900,ndi
1786507336.985295,48.915853,0.008150,-0.016830,-1.544940,ndi
1786507337.002801,48.933359,0.008100,-0.016770,-1.545010,ndi
1786507337.020476,48.951034,0.008050,-0.016730,-1.545050,ndi
1786507337.035425,48.965983,0.008010,-0.016680,-1.545080,ndi
1786507337.052903,48.983461,0.007950,-0.016600,-1.545170,ndi
1786507337.070269,49.000827,0.007910,-0.016550,-1.545230,ndi
1786507337.085320,49.015878,0.007870,-0.016510,-1.545240,ndi
1786507337.102806,49.033364,0.007820,-0.016440,-1.545280,ndi
1786507337.120313,49.050871,0.007780,-0.016360,-1.545340,ndi
1786507337.135343,49.065901,0.007740,-0.016320,-1.545410,ndi
1786507337.152945,49.083503,0.007690,-0.016290,-1.545430,ndi
1786507337.170301,49.100859,0.007640,-0.016210,-1.545510,ndi
1786507337.185325,49.115883,0.007610,-0.016160,-1.545570,ndi
1786507337.202927,49.133485,0.007560,-0.016110,-1.545630,ndi
1786507337.220374,49.150932,0.007490,-0.016070,-1.545690,ndi
1786507337.235341,49.165899,0.007470,-0.016000,-1.545720,ndi
1786507337.252922,49.183480,0.007400,-0.015930,-1.545830,ndi
1786507337.270280,49.200838,0.007350,-0.015880,-1.545900,ndi
1786507337.285473,49.216031,0.007300,-0.015830,-1.545890,ndi
1786507337.302856,49.233414,0.007240,-0.015750,-1.545960,ndi
1786507337.320413,49.250971,0.007180,-0.015680,-1.546010,ndi
1786507337.335405,49.265963,0.007130,-0.015630,-1.546050,ndi
1786507337.352872,49.283430,0.007070,-0.015570,-1.546160,ndi
1786507337.370322,49.300879,0.006980,-0.015480,-1.546180,ndi
1786507337.385306,49.315864,0.006930,-0.015420,-1.546240,ndi
1786507337.402856,49.333414,0.006840,-0.015370,-1.546310,ndi
1786507337.420351,49.350909,0.006770,-0.015290,-1.546380,ndi
1786507337.435321,49.365879,0.006710,-0.015210,-1.546400,ndi
1786507337.452913,49.383471,0.006620,-0.015140,-1.546470,ndi
1786507337.470318,49.400876,0.006550,-0.015080,-1.546580,ndi
1786507337.485303,49.415861,0.006460,-0.014990,-1.546630,ndi
1786507337.502780,49.433338,0.006380,-0.014900,-1.546700,ndi
1786507337.520354,49.450912,0.006300,-0.014840,-1.546720,ndi
1786507337.535521,49.466079,0.006200,-0.014780,-1.546790,ndi
1786507337.552926,49.483484,0.006090,-0.014660,-1.546860,ndi
1786507337.570320,49.500878,0.005970,-0.014560,-1.546960,ndi
1786507337.585325,49.515883,0.005870,-0.014470,-1.547050,ndi
1786507337.602806,49.533364,0.005720,-0.014340,-1.547100,ndi
1786507337.620548,49.551106,0.005540,-0.014210,-1.547210,ndi
1786507337.635423,49.565981,0.005350,-0.014060,-1.547300,ndi
1786507337.652907,49.583465,0.005160,-0.013920,-1.547420,ndi
1786507337.670295,49.600853,0.004930,-0.013760,-1.547450,ndi
1786507337.685316,49.615874,0.004750,-0.013630,-1.547520,ndi
1786507337.702908,49.633466,0.004500,-0.013440,-1.547710,ndi
1786507337.720359,49.650917,0.004240,-0.013270,-1.547800,ndi
1786507337.735494,49.666052,0.004040,-0.013140,-1.547930,ndi
1786507337.752918,49.683476,0.003770,-0.012970,-1.548040,ndi
1786507337.770315,49.700873,0.003510,-0.012810,-1.548240,ndi
1786507337.785327,49.715885,0.003290,-0.012680,-1.548450,ndi
1786507337.802920,49.733478,0.003020,-0.012530,-1.548610,ndi
1786507337.820396,49.750954,0.002800,-0.012390,-1.548780,ndi
1786507337.835417,49.765975,0.002590,-0.012270,-1.548930,ndi
1786507337.852932,49.783490,0.002340,-0.012140,-1.549130,ndi
1786507337.870281,49.800839,0.002100,-0.012010,-1.549330,ndi
1786507337.885306,49.815864,0.001880,-0.011890,-1.549510,ndi
1786507337.902862,49.833420,0.001360,-0.011570,-1.550030,ndi
1786507337.920470,49.851027,0.000950,-0.011370,-1.550310,ndi
1786507337.935398,49.865956,0.000760,-0.011290,-1.550390,ndi
1786507337.952926,49.883484,0.000610,-0.011210,-1.550530,ndi
1786507337.970304,49.900862,0.000470,-0.011130,-1.550690,ndi
1786507337.985317,49.915874,0.000360,-0.011070,-1.550760,ndi
1786507338.003033,49.933591,0.000240,-0.011020,-1.550830,ndi
1786507338.020494,49.951052,0.000110,-0.010970,-1.550950,ndi
1786507338.035477,49.966035,0.000030,-0.010910,-1.550990,ndi
1786507338.052883,49.983441,-0.000080,-0.010870,-1.551040,ndi
1786507338.070316,50.000874,-0.000180,-0.010850,-1.551100,ndi
1786507338.085328,50.015886,-0.000280,-0.010800,-1.551170,ndi
1786507338.102959,50.033517,-0.000370,-0.010730,-1.551240,ndi
1786507338.120476,50.051034,-0.000480,-0.010710,-1.551310,ndi
1786507338.135502,50.066060,-0.000580,-0.010690,-1.551360,ndi
1786507338.152900,50.083457,-0.000670,-0.010640,-1.551440,ndi
1786507338.170320,50.100878,-0.000770,-0.010600,-1.551480,ndi
1786507338.185316,50.115874,-0.000860,-0.010590,-1.551530,ndi
1786507338.202859,50.133417,-0.000960,-0.010550,-1.551570,ndi
1786507338.220483,50.151041,-0.001070,-0.010500,-1.551660,ndi
1786507338.235341,50.165899,-0.001130,-0.010480,-1.551700,ndi
1786507338.252858,50.183416,-0.001220,-0.010470,-1.551720,ndi
1786507338.270378,50.200936,-0.001320,-0.010440,-1.551780,ndi
1786507338.285314,50.215872,-0.001380,-0.010390,-1.551870,ndi
1786507338.302859,50.233417,-0.001510,-0.010360,-1.551860,ndi
1786507338.317883,50.248441,-0.001590,-0.010350,-1.551910,ndi
1786507338.335516,50.266074,-0.001680,-0.010320,-1.551960,ndi
1786507338.352845,50.283403,-0.001780,-0.010270,-1.551980,ndi
1786507338.370314,50.300872,-0.001870,-0.010260,-1.552020,ndi
1786507338.385294,50.315852,-0.001940,-0.010250,-1.552060,ndi
1786507338.403019,50.333577,-0.002030,-0.010220,-1.552110,ndi
1786507338.420573,50.351131,-0.002110,-0.010190,-1.552150,ndi
1786507338.435478,50.366036,-0.002180,-0.010190,-1.552170,ndi
1786507338.452930,50.383488,-0.002250,-0.010190,-1.552180,ndi
1786507338.470330,50.400888,-0.002340,-0.010140,-1.552170,ndi
1786507338.485322,50.415880,-0.002410,-0.010120,-1.552200,ndi
1786507338.502958,50.433516,-0.002490,-0.010110,-1.552210,ndi
1786507338.520435,50.450993,-0.002570,-0.010110,-1.552260,ndi
1786507338.535489,50.466047,-0.002630,-0.010080,-1.552290,ndi
1786507338.552883,50.483441,-0.002710,-0.010060,-1.552310,ndi
1786507338.570353,50.500911,-0.002780,-0.010060,-1.552340,ndi
1786507338.585304,50.515862,-0.002830,-0.010050,-1.552340,ndi
1786507338.602937,50.533494,-0.002900,-0.010020,-1.552390,ndi
1786507338.620377,50.550935,-0.002970,-0.010000,-1.552390,ndi
1786507338.635336,50.565894,-0.003040,-0.010010,-1.552390,ndi
1786507338.652930,50.583488,-0.003120,-0.009990,-1.552420,ndi
1786507338.667874,50.598432,-0.003170,-0.009970,-1.552460,ndi
1786507338.685305,50.615863,-0.003250,-0.009960,-1.552480,ndi
1786507338.702896,50.633454,-0.003320,-0.009960,-1.552510,ndi
1786507338.720483,50.651041,-0.003410,-0.009930,-1.552510,ndi
1786507338.735442,50.666000,-0.003470,-0.009920,-1.552550,ndi
1786507338.752957,50.683515,-0.003550,-0.009910,-1.552590,ndi
1786507338.767912,50.698470,-0.003610,-0.009910,-1.552590,ndi
1786507338.785351,50.715909,-0.003690,-0.009880,-1.552600,ndi
1786507338.802826,50.733384,-0.003780,-0.009860,-1.552640,ndi
1786507338.820405,50.750963,-0.003850,-0.009860,-1.552650,ndi
1786507338.835516,50.766074,-0.003930,-0.009860,-1.552690,ndi
1786507338.852951,50.783509,-0.004010,-0.009840,-1.552710,ndi
1786507338.870338,50.800896,-0.004080,-0.009820,-1.552710,ndi
1786507338.885293,50.815851,-0.004170,-0.009820,-1.552720,ndi
1786507338.902849,50.833407,-0.004250,-0.009810,-1.552770,ndi
1786507338.920497,50.851055,-0.004320,-0.009790,-1.552780,ndi
1786507338.935519,50.866077,-0.004410,-0.009780,-1.552780,ndi
1786507338.952951,50.883509,-0.004480,-0.009780,-1.552790,ndi
1786507338.970326,50.900884,-0.004570,-0.009760,-1.552840,ndi
1786507338.985330,50.915888,-0.004640,-0.009750,-1.552840,ndi
1786507339.003147,50.933705,-0.004720,-0.009740,-1.552830,ndi
1786507339.020512,50.951070,-0.004790,-0.009740,-1.552870,ndi
1786507339.035447,50.966005,-0.004850,-0.009740,-1.552850,ndi
1786507339.052928,50.983486,-0.004930,-0.009720,-1.552870,ndi
1786507339.070359,51.000916,-0.004990,-0.009720,-1.552900,ndi
1786507339.085346,51.015903,-0.005070,-0.009720,-1.552910,ndi
1786507339.103025,51.033583,-0.005140,-0.009710,-1.552910,ndi
1786507339.120491,51.051049,-0.005200,-0.009690,-1.552910,ndi
1786507339.135550,51.066108,-0.005280,-0.009680,-1.552920,ndi
1786507339.152960,51.083518,-0.005330,-0.009680,-1.552930,ndi
1786507339.167905,51.098463,-0.005400,-0.009680,-1.552980,ndi
1786507339.185349,51.115907,-0.005470,-0.009670,-1.552970,ndi
1786507339.202829,51.133387,-0.005530,-0.009660,-1.552990,ndi
1786507339.220528,51.151086,-0.005610,-0.009670,-1.552980,ndi
1786507339.235527,51.166085,-0.005670,-0.009660,-1.552970,ndi
1786507339.252953,51.183511,-0.005740,-0.009650,-1.552990,ndi
1786507339.270304,51.200862,-0.005810,-0.009650,-1.552980,ndi
1786507339.285326,51.215883,-0.005890,-0.009650,-1.553000,ndi
1786507339.302965,51.233523,-0.005960,-0.009640,-1.553010,ndi
1786507339.320472,51.251029,-0.006040,-0.009620,-1.553030,ndi
1786507339.335458,51.266016,-0.006100,-0.009630,-1.553010,ndi
1786507339.352952,51.283509,-0.006170,-0.009630,-1.553050,ndi
1786507339.370338,51.300896,-0.006250,-0.009620,-1.553030,ndi
1786507339.385330,51.315888,-0.006310,-0.009620,-1.553040,ndi
1786507339.402925,51.333483,-0.006390,-0.009630,-1.553070,ndi
1786507339.420465,51.351023,-0.006480,-0.009620,-1.553080,ndi
1786507339.435318,51.365876,-0.006540,-0.009600,-1.553060,ndi
1786507339.452971,51.383529,-0.006620,-0.009610,-1.553060,ndi
1786507339.470312,51.400870,-0.006710,-0.009620,-1.553060,ndi
1786507339.485327,51.415884,-0.006770,-0.009610,-1.553050,ndi
1786507339.503134,51.433692,-0.006850,-0.009600,-1.553080,ndi
1786507339.520576,51.451134,-0.006940,-0.009600,-1.553100,ndi
1786507339.535531,51.466089,-0.007020,-0.009600,-1.553100,ndi
1786507339.552926,51.483484,-0.007090,-0.009590,-1.553110,ndi
1786507339.570332,51.500890,-0.007170,-0.009590,-1.553110,ndi
1786507339.585365,51.515923,-0.007220,-0.009600,-1.553130,ndi
1786507339.603020,51.533578,-0.007300,-0.009600,-1.553120,ndi
1786507339.618072,51.548630,-0.007360,-0.009590,-1.553110,ndi
1786507339.635462,51.566020,-0.007430,-0.009590,-1.553110,ndi
1786507339.652915,51.583473,-0.007500,-0.009600,-1.553140,ndi
1786507339.670362,51.600919,-0.007590,-0.009600,-1.553110,ndi
1786507339.685326,51.615884,-0.007640,-0.009590,-1.553110,ndi
1786507339.702816,51.633374,-0.007710,-0.009600,-1.553160,ndi
1786507339.720376,51.650934,-0.007770,-0.009610,-1.553150,ndi
1786507339.735486,51.666044,-0.007830,-0.009600,-1.553150,ndi
1786507339.752947,51.683505,-0.007890,-0.009590,-1.553140,ndi
1786507339.770322,51.700880,-0.007970,-0.009600,-1.553160,ndi
1786507339.785331,51.715889,-0.008030,-0.009610,-1.553160,ndi
1786507339.802788,51.733346,-0.008100,-0.009600,-1.553130,ndi
1786507339.817929,51.748487,-0.008140,-0.009590,-1.553140,ndi
1786507339.835489,51.766047,-0.008220,-0.009610,-1.553150,ndi
1786507339.852982,51.783540,-0.008290,-0.009620,-1.553160,ndi
1786507339.870355,51.800913,-0.008370,-0.009600,-1.553130,ndi
1786507339.885359,51.815917,-0.008430,-0.009600,-1.553120,ndi
1786507339.902864,51.833421,-0.008510,-0.009620,-1.553140,ndi
1786507339.920567,51.851125,-0.008580,-0.009620,-1.553120,ndi
1786507339.935570,51.866128,-0.008630,-0.009610,-1.553170,ndi
1786507339.952953,51.883511,-0.008710,-0.009630,-1.553140,ndi
1786507339.970317,51.900875,-0.008770,-0.009640,-1.553150,ndi
1786507339.985324,51.915882,-0.008850,-0.009630,-1.553140,ndi
1786507340.002874,51.933432,-0.008910,-0.009630,-1.553130,ndi
1786507340.020418,51.950976,-0.008990,-0.009650,-1.553120,ndi
1786507340.035430,51.965988,-0.009060,-0.009660,-1.553110,ndi
1786507340.052976,51.983534,-0.009130,-0.009650,-1.553100,ndi
1786507340.070375,52.000933,-0.009230,-0.009650,-1.553130,ndi
1786507340.085320,52.015877,-0.009280,-0.009660,-1.553100,ndi
1786507340.102876,52.033434,-0.009360,-0.009680,-1.553110,ndi
1786507340.120345,52.050903,-0.009440,-0.009670,-1.553100,ndi
1786507340.135423,52.065981,-0.009510,-0.009660,-1.553090,ndi
1786507340.152883,52.083441,-0.009600,-0.009690,-1.553070,ndi
1786507340.170365,52.100923,-0.009650,-0.009710,-1.553070,ndi
1786507340.185295,52.115853,-0.009720,-0.009700,-1.553060,ndi
1786507340.202867,52.133425,-0.009770,-0.009690,-1.553050,ndi
1786507340.220391,52.150949,-0.009850,-0.009720,-1.553040,ndi
1786507340.235407,52.165965,-0.009910,-0.009730,-1.553050,ndi
1786507340.252953,52.183511,-0.009980,-0.009710,-1.553060,ndi
1786507340.270363,52.200921,-0.010050,-0.009710,-1.553020,ndi
1786507340.285343,52.215901,-0.010110,-0.009740,-1.553040,ndi
1786507340.303062,52.233620,-0.010190,-0.009750,-1.553020,ndi
1786507340.320530,52.251088,-0.010250,-0.009740,-1.553020,ndi
1786507340.335464,52.266022,-0.010300,-0.009740,-1.553020,ndi
1786507340.352943,52.283501,-0.010370,-0.009770,-1.553020,ndi
1786507340.370377,52.300935,-0.010440,-0.009780,-1.552990,ndi
1786507340.385347,52.315905,-0.010490,-0.009780,-1.553000,ndi
1786507340.402890,52.333448,-0.010530,-0.009780,-1.553010,ndi
1786507340.420408,52.350965,-0.010610,-0.009800,-1.552980,ndi
1786507340.435457,52.366014,-0.010670,-0.009820,-1.552940,ndi
1786507340.452966,52.383524,-0.010730,-0.009800,-1.552960,ndi
1786507340.470349,52.400907,-0.010810,-0.009810,-1.552930,ndi
1786507340.485363,52.415921,-0.010860,-0.009830,-1.552940,ndi
1786507340.502894,52.433452,-0.010950,-0.009850,-1.552910,ndi
1786507340.520545,52.451103,-0.011010,-0.009840,-1.552910,ndi
1786507340.535505,52.466063,-0.011060,-0.009850,-1.552880,ndi
1786507340.552975,52.483533,-0.011150,-0.009880,-1.552880,ndi
1786507340.570393,52.500951,-0.011200,-0.009880,-1.552860,ndi
1786507340.585343,52.515901,-0.011270,-0.009870,-1.552870,ndi
1786507340.602953,52.533511,-0.011330,-0.009900,-1.552870,ndi
1786507340.620393,52.550951,-0.011410,-0.009920,-1.552850,ndi
1786507340.635526,52.566084,-0.011470,-0.009910,-1.552800,ndi
1786507340.652962,52.583520,-0.011540,-0.009920,-1.552800,ndi
1786507340.670335,52.600893,-0.011620,-0.009950,-1.552780,ndi
1786507340.685374,52.615932,-0.011690,-0.009960,-1.552800,ndi
1786507340.702873,52.633431,-0.011770,-0.009970,-1.552780,ndi
1786507340.720445,52.651003,-0.011830,-0.009980,-1.552740,ndi
1786507340.735427,52.665985,-0.011920,-0.010000,-1.552720,ndi
1786507340.752984,52.683542,-0.011990,-0.010010,-1.552740,ndi
1786507340.770355,52.700912,-0.012050,-0.010030,-1.552730,ndi
1786507340.785338,52.715896,-0.012110,-0.010030,-1.552690,ndi
1786507340.802884,52.733442,-0.012170,-0.010040,-1.552720,ndi
1786507340.820417,52.750975,-0.012220,-0.010060,-1.552690,ndi
1786507340.835330,52.765888,-0.012280,-0.010070,-1.552690,ndi
1786507340.852927,52.783485,-0.012350,-0.010080,-1.552680,ndi
1786507340.867919,52.798477,-0.012420,-0.010090,-1.552640,ndi
1786507340.885393,52.815951,-0.012490,-0.010110,-1.552600,ndi
1786507340.902923,52.833481,-0.012560,-0.010120,-1.552620,ndi
1786507340.920528,52.851086,-0.012620,-0.010130,-1.552590,ndi
1786507340.935510,52.866068,-0.012660,-0.010150,-1.552590,ndi
1786507340.952953,52.883511,-0.012720,-0.010150,-1.552600,ndi
1786507340.970397,52.900954,-0.012800,-0.010160,-1.552550,ndi
1786507340.985342,52.915900,-0.012840,-0.010180,-1.552550,ndi
1786507341.002863,52.933421,-0.012900,-0.010200,-1.552530,ndi
1786507341.020410,52.950968,-0.012970,-0.010210,-1.552480,ndi
1786507341.035337,52.965895,-0.013010,-0.010220,-1.552490,ndi
1786507341.052952,52.983510,-0.013080,-0.010240,-1.552480,ndi
1786507341.070348,53.000906,-0.013150,-0.010250,-1.552480,ndi
1786507341.085391,53.015949,-0.013210,-0.010260,-1.552470,ndi
1786507341.102897,53.033455,-0.013270,-0.010280,-1.552430,ndi
1786507341.120407,53.050965,-0.013340,-0.010300,-1.552420,ndi
1786507341.135520,53.066078,-0.013410,-0.010300,-1.552400,ndi
1786507341.152933,53.083491,-0.013470,-0.010320,-1.552400,ndi
1786507341.170370,53.100928,-0.013540,-0.010340,-1.552360,ndi
1786507341.185382,53.115940,-0.013570,-0.010350,-1.552330,ndi
1786507341.202977,53.133535,-0.013640,-0.010360,-1.552320,ndi
1786507341.220576,53.151134,-0.013700,-0.010380,-1.552300,ndi
1786507341.235587,53.166145,-0.013750,-0.010400,-1.552270,ndi
1786507341.252998,53.183556,-0.013830,-0.010420,-1.552230,ndi
1786507341.270393,53.200951,-0.013890,-0.010430,-1.552220,ndi
1786507341.285371,53.215929,-0.013950,-0.010450,-1.552200,ndi
1786507341.302977,53.233535,-0.014040,-0.010480,-1.552170,ndi
1786507341.320544,53.251101,-0.014110,-0.010500,-1.552140,ndi
1786507341.335616,53.266174,-0.014170,-0.010500,-1.552110,ndi
1786507341.352968,53.283526,-0.014250,-0.010520,-1.552080,ndi
1786507341.370368,53.300926,-0.014310,-0.010550,-1.552070,ndi
1786507341.385365,53.315923,-0.014340,-0.010560,-1.552060,ndi
1786507341.402999,53.333557,-0.014410,-0.010570,-1.552020,ndi
1786507341.420477,53.351035,-0.014470,-0.010590,-1.552010,ndi
1786507341.435448,53.366006,-0.014510,-0.010620,-1.551970,ndi
1786507341.452946,53.383504,-0.014590,-0.010630,-1.551970,ndi
1786507341.470359,53.400917,-0.014640,-0.010640,-1.551940,ndi
1786507341.485364,53.415922,-0.014690,-0.010660,-1.551930,ndi
1786507341.502886,53.433444,-0.014750,-0.010680,-1.551900,ndi
1786507341.520411,53.450969,-0.014810,-0.010690,-1.551880,ndi
1786507341.535581,53.466139,-0.014870,-0.010710,-1.551840,ndi
1786507341.552986,53.483544,-0.014920,-0.010730,-1.551810,ndi
1786507341.567910,53.498468,-0.014960,-0.010740,-1.551780,ndi
1786507341.585358,53.515916,-0.015020,-0.010760,-1.551770,ndi
1786507341.603045,53.533602,-0.015060,-0.010780,-1.551750,ndi
1786507341.620590,53.551148,-0.015120,-0.010800,-1.551730,ndi
1786507341.635507,53.566065,-0.015170,-0.010820,-1.551710,ndi
1786507341.652911,53.583469,-0.015230,-0.010840,-1.551670,ndi
1786507341.670385,53.600943,-0.015290,-0.010850,-1.551670,ndi
1786507341.685371,53.615929,-0.015330,-0.010870,-1.551640,ndi
1786507341.702933,53.633491,-0.015390,-0.010890,-1.551630,ndi
1786507341.720435,53.650993,-0.015450,-0.010910,-1.551590,ndi
1786507341.735362,53.665920,-0.015500,-0.010920,-1.551580,ndi
1786507341.752923,53.683481,-0.015550,-0.010940,-1.551540,ndi
1786507341.770350,53.700908,-0.015600,-0.010970,-1.551520,ndi
1786507341.785337,53.715895,-0.015640,-0.010980,-1.551510,ndi
1786507341.802932,53.733490,-0.015700,-0.011000,-1.551540,ndi
1786507341.820553,53.751111,-0.015760,-0.011030,-1.551520,ndi
1786507341.835413,53.765971,-0.015810,-0.011050,-1.551470,ndi
1786507341.852847,53.783405,-0.015880,-0.011060,-1.551460,ndi
1786507341.870383,53.800941,-0.015940,-0.011090,-1.551440,ndi
1786507341.885359,53.815917,-0.015980,-0.011110,-1.551430,ndi
1786507341.902870,53.833428,-0.016050,-0.011130,-1.551350,ndi
1786507341.920405,53.850963,-0.016110,-0.011160,-1.551330,ndi
1786507341.935405,53.865963,-0.016170,-0.011180,-1.551300,ndi
1786507341.952853,53.883411,-0.016230,-0.011210,-1.551290,ndi
1786507341.970348,53.900906,-0.016280,-0.011230,-1.551240,ndi
1786507341.985353,53.915910,-0.016330,-0.011260,-1.551250,ndi
1786507342.002900,53.933458,-0.016380,-0.011280,-1.551230,ndi
1786507342.020579,53.951137,-0.016440,-0.011290,-1.551200,ndi
1786507342.035598,53.966156,-0.016490,-0.011310,-1.551160,ndi
1786507342.053019,53.983577,-0.016550,-0.011340,-1.551120,ndi
1786507342.070367,54.000925,-0.016610,-0.011360,-1.551080,ndi
1786507342.085355,54.015913,-0.016650,-0.011380,-1.551060,ndi
1786507342.102874,54.033432,-0.016720,-0.011400,-1.551050,ndi
1786507342.120503,54.051061,-0.016770,-0.011430,-1.550980,ndi
1786507342.135532,54.066090,-0.016810,-0.011450,-1.550950,ndi
1786507342.152994,54.083552,-0.016850,-0.011460,-1.550950,ndi
1786507342.170391,54.100949,-0.016890,-0.011480,-1.550910,ndi
1786507342.185361,54.115919,-0.016930,-0.011510,-1.550880,ndi
1786507342.202913,54.133471,-0.016980,-0.011530,-1.550890,ndi
1786507342.220597,54.151155,-0.017030,-0.011540,-1.550840,ndi
1786507342.235604,54.166162,-0.017070,-0.011560,-1.550800,ndi
1786507342.253017,54.183575,-0.017110,-0.011590,-1.550800,ndi
1786507342.270394,54.200952,-0.017160,-0.011610,-1.550750,ndi
1786507342.285365,54.215923,-0.017200,-0.011620,-1.550730,ndi
1786507342.302935,54.233493,-0.017250,-0.011650,-1.550700,ndi
1786507342.320517,54.251075,-0.017300,-0.011670,-1.550660,ndi
1786507342.335456,54.266014,-0.017350,-0.011680,-1.550620,ndi
1786507342.352915,54.283473,-0.017380,-0.011710,-1.550600,ndi
1786507342.367959,54.298517,-0.017430,-0.011730,-1.550540,ndi
1786507342.385394,54.315952,-0.017470,-0.011740,-1.550550,ndi
1786507342.402964,54.333522,-0.017520,-0.011770,-1.550520,ndi
1786507342.420641,54.351199,-0.017570,-0.011810,-1.550500,ndi
1786507342.435623,54.366181,-0.017610,-0.011820,-1.550470,ndi
1786507342.452985,54.383543,-0.017660,-0.011830,-1.550410,ndi
1786507342.470375,54.400933,-0.017710,-0.011870,-1.550390,ndi
1786507342.485364,54.415922,-0.017750,-0.011900,-1.550370,ndi
1786507342.502925,54.433483,-0.017810,-0.011920,-1.550330,ndi
1786507342.520394,54.450952,-0.017860,-0.011940,-1.550280,ndi
1786507342.535615,54.466173,-0.017910,-0.011980,-1.550260,ndi
1786507342.552953,54.483511,-0.017950,-0.012010,-1.550220,ndi
1786507342.570374,54.500932,-0.018000,-0.012010,-1.550180,ndi
1786507342.585369,54.515927,-0.018030,-0.012040,-1.550130,ndi
1786507342.603073,54.533631,-0.018100,-0.012080,-1.550140,ndi
1786507342.620544,54.551102,-0.018140,-0.012110,-1.550110,ndi
1786507342.635553,54.566111,-0.018190,-0.012110,-1.550080,ndi
1786507342.652938,54.583496,-0.018250,-0.012140,-1.550030,ndi
1786507342.670388,54.600946,-0.018290,-0.012180,-1.550020,ndi
1786507342.685370,54.615928,-0.018330,-0.012210,-1.549990,ndi
1786507342.702899,54.633457,-0.018390,-0.012220,-1.549930,ndi
1786507342.720391,54.650949,-0.018440,-0.012250,-1.549930,ndi
1786507342.735506,54.666064,-0.018480,-0.012290,-1.549910,ndi
1786507342.753019,54.683577,-0.018510,-0.012320,-1.549890,ndi
1786507342.770373,54.700931,-0.018550,-0.012320,-1.549850,ndi
1786507342.785412,54.715970,-0.018580,-0.012340,-1.549790,ndi
1786507342.803043,54.733601,-0.018620,-0.012390,-1.549780,ndi
1786507342.820512,54.751070,-0.018660,-0.012400,-1.549760,ndi
1786507342.835553,54.766111,-0.018690,-0.012400,-1.549750,ndi
1786507342.852997,54.783555,-0.018730,-0.012440,-1.549670,ndi
1786507342.867972,54.798530,-0.018760,-0.012470,-1.549670,ndi
1786507342.885356,54.815914,-0.018800,-0.012480,-1.549630,ndi
1786507342.903031,54.833589,-0.018850,-0.012490,-1.549590,ndi
1786507342.920546,54.851104,-0.018870,-0.012530,-1.549570,ndi
1786507342.935456,54.866014,-0.018910,-0.012560,-1.549530,ndi
1786507342.952963,54.883521,-0.018960,-0.012570,-1.549500,ndi
1786507342.970389,54.900947,-0.018980,-0.012580,-1.549470,ndi
1786507342.985394,54.915952,-0.019030,-0.012630,-1.549440,ndi
1786507343.003051,54.933609,-0.019060,-0.012660,-1.549370,ndi
1786507343.020514,54.951072,-0.019120,-0.012660,-1.549340,ndi
1786507343.035574,54.966132,-0.019150,-0.012680,-1.549300,ndi
1786507343.053009,54.983567,-0.019180,-0.012720,-1.549300,ndi
1786507343.070389,55.000947,-0.019220,-0.012750,-1.549250,ndi
1786507343.085382,55.015940,-0.019250,-0.012760,-1.549230,ndi
1786507343.102878,55.033436,-0.019300,-0.012780,-1.549180,ndi
1786507343.120433,55.050991,-0.019340,-0.012840,-1.549150,ndi
1786507343.135475,55.066033,-0.019380,-0.012860,-1.549140,ndi
1786507343.152917,55.083475,-0.019420,-0.012860,-1.549080,ndi
1786507343.167996,55.098554,-0.019440,-0.012890,-1.549050,ndi
1786507343.185420,55.115978,-0.019500,-0.012940,-1.549010,ndi
1786507343.203051,55.133609,-0.019540,-0.012970,-1.548950,ndi
1786507343.220533,55.151091,-0.019580,-0.012980,-1.548930,ndi
1786507343.235559,55.166117,-0.019630,-0.013020,-1.548880,ndi
1786507343.253017,55.183575,-0.019670,-0.013070,-1.548840,ndi
1786507343.270413,55.200971,-0.019720,-0.013080,-1.548820,ndi
1786507343.285495,55.216053,-0.019750,-0.013090,-1.548800,ndi
1786507343.303017,55.233575,-0.019800,-0.013140,-1.548740,ndi
1786507343.318116,55.248674,-0.019840,-0.013180,-1.548700,ndi
1786507343.335510,55.266068,-0.019870,-0.013190,-1.548670,ndi
1786507343.352982,55.283540,-0.019910,-0.013210,-1.548630,ndi
1786507343.370404,55.300962,-0.019940,-0.013270,-1.548580,ndi
1786507343.385452,55.316010,-0.019980,-0.013290,-1.548560,ndi
1786507343.403039,55.333597,-0.020010,-0.013290,-1.548530,ndi
1786507343.420470,55.351028,-0.020050,-0.013320,-1.548490,ndi
1786507343.435587,55.366145,-0.020090,-0.013370,-1.548460,ndi
1786507343.453043,55.383600,-0.020100,-0.013380,-1.548420,ndi
1786507343.470387,55.400945,-0.020150,-0.013380,-1.548410,ndi
1786507343.485409,55.415967,-0.020170,-0.013420,-1.548380,ndi
1786507343.502928,55.433486,-0.020200,-0.013460,-1.548350,ndi
1786507343.520426,55.450984,-0.020230,-0.013470,-1.548310,ndi
1786507343.535511,55.466069,-0.020260,-0.013480,-1.548300,ndi
1786507343.553030,55.483588,-0.020280,-0.013520,-1.548260,ndi
1786507343.567987,55.498545,-0.020310,-0.013550,-1.548210,ndi
1786507343.585423,55.515981,-0.020350,-0.013560,-1.548200,ndi
1786507343.603104,55.533662,-0.020380,-0.013590,-1.548170,ndi
1786507343.620647,55.551205,-0.020410,-0.013630,-1.548130,ndi
1786507343.635695,55.566252,-0.020440,-0.013660,-1.548090,ndi
1786507343.652957,55.583515,-0.020460,-0.013660,-1.548020,ndi
1786507343.670439,55.600997,-0.020520,-0.013690,-1.548030,ndi
1786507343.685428,55.615986,-0.020540,-0.013740,-1.547970,ndi
1786507343.703101,55.633659,-0.020560,-0.013760,-1.547930,ndi
1786507343.720598,55.651156,-0.020610,-0.013760,-1.547890,ndi
1786507343.735591,55.666149,-0.020620,-0.013800,-1.547870,ndi
1786507343.753019,55.683577,-0.020660,-0.013850,-1.547820,ndi
1786507343.770428,55.700986,-0.020700,-0.013860,-1.547740,ndi
1786507343.785406,55.715964,-0.020720,-0.013870,-1.547740,ndi
1786507343.803079,55.733637,-0.020760,-0.013920,-1.547680,ndi
1786507343.820620,55.751178,-0.020800,-0.013960,-1.547670,ndi
1786507343.835710,55.766268,-0.020810,-0.013980,-1.547630,ndi
1786507343.853060,55.783618,-0.020840,-0.013990,-1.547590,ndi
1786507343.868039,55.798597,-0.020890,-0.014040,-1.547570,ndi
1786507343.885396,55.815954,-0.020930,-0.014090,-1.547520,ndi
1786507343.902909,55.833467,-0.020960,-0.014110,-1.547460,ndi
1786507343.920470,55.851027,-0.021010,-0.014140,-1.547420,ndi
1786507343.935412,55.865970,-0.021020,-0.014180,-1.547380,ndi
1786507343.953045,55.883603,-0.021060,-0.014220,-1.547340,ndi
1786507343.968004,55.898562,-0.021090,-0.014230,-1.547330,ndi
1786507343.985406,55.915964,-0.021110,-0.014260,-1.547270,ndi
1786507344.003070,55.933628,-0.021160,-0.014300,-1.547210,ndi
1786507344.020587,55.951145,-0.021180,-0.014350,-1.547170,ndi
1786507344.035560,55.966118,-0.021210,-0.014370,-1.547140,ndi
1786507344.053037,55.983595,-0.021250,-0.014390,-1.547100,ndi
1786507344.070429,56.000987,-0.021270,-0.014430,-1.547070,ndi
1786507344.085393,56.015951,-0.021310,-0.014460,-1.547030,ndi
1786507344.103041,56.033599,-0.021320,-0.014470,-1.547000,ndi
1786507344.120538,56.051095,-0.021350,-0.014500,-1.546930,ndi
1786507344.135545,56.066103,-0.021360,-0.014540,-1.546920,ndi
1786507344.152926,56.083484,-0.021390,-0.014560,-1.546900,ndi
1786507344.168018,56.098576,-0.021410,-0.014570,-1.546870,ndi
1786507344.185433,56.115991,-0.021430,-0.014590,-1.546810,ndi
1786507344.203016,56.133574,-0.021470,-0.014630,-1.546780,ndi
1786507344.220598,56.151156,-0.021490,-0.014650,-1.546760,ndi
1786507344.235574,56.166132,-0.021510,-0.014660,-1.546730,ndi
1786507344.253077,56.183635,-0.021530,-0.014700,-1.546670,ndi
1786507344.267971,56.198529,-0.021550,-0.014730,-1.546680,ndi
1786507344.285424,56.215982,-0.021580,-0.014750,-1.546630,ndi
1786507344.303052,56.233610,-0.021600,-0.014770,-1.546590,ndi
1786507344.320565,56.251123,-0.021630,-0.014810,-1.546560,ndi
1786507344.335565,56.266123,-0.021640,-0.014840,-1.546500,ndi
1786507344.353019,56.283577,-0.021660,-0.014860,-1.546490,ndi
1786507344.370421,56.300979,-0.021700,-0.014890,-1.546440,ndi
1786507344.385427,56.315985,-0.021700,-0.014920,-1.546420,ndi
1786507344.402927,56.333485,-0.021750,-0.014950,-1.546370,ndi
1786507344.420579,56.351137,-0.021770,-0.014980,-1.546350,ndi
1786507344.435499,56.366057,-0.021780,-0.015010,-1.546290,ndi
1786507344.453050,56.383608,-0.021830,-0.015040,-1.546240,ndi
1786507344.470403,56.400961,-0.021840,-0.015080,-1.546210,ndi
1786507344.485382,56.415940,-0.021870,-0.015100,-1.546180,ndi
1786507344.502919,56.433477,-0.021890,-0.015130,-1.546130,ndi
1786507344.520450,56.451008,-0.021910,-0.015170,-1.546080,ndi
1786507344.535584,56.466142,-0.021940,-0.015200,-1.546010,ndi
1786507344.553074,56.483632,-0.021960,-0.015240,-1.545960,ndi
1786507344.568174,56.498732,-0.021980,-0.015270,-1.545920,ndi
1786507344.585450,56.516008,-0.022010,-0.015310,-1.545860,ndi
1786507344.602973,56.533531,-0.022050,-0.015340,-1.545850,ndi
1786507344.620561,56.551119,-0.022060,-0.015380,-1.545810,ndi
1786507344.635563,56.566121,-0.022100,-0.015410,-1.545720,ndi
1786507344.653038,56.583596,-0.022130,-0.015440,-1.545730,ndi
1786507344.667957,56.598515,-0.022140,-0.015470,-1.545670,ndi
1786507344.685395,56.615953,-0.022180,-0.015510,-1.545640,ndi
1786507344.702980,56.633538,-0.022200,-0.015530,-1.545580,ndi
1786507344.720434,56.650992,-0.022200,-0.015570,-1.545510,ndi
1786507344.735472,56.666030,-0.022240,-0.015600,-1.545500,ndi
1786507344.752966,56.683524,-0.022250,-0.015630,-1.545440,ndi
1786507344.770406,56.700964,-0.022270,-0.015660,-1.545390,ndi
1786507344.785449,56.716007,-0.022300,-0.015680,-1.545370,ndi
1786507344.803061,56.733618,-0.022320,-0.015720,-1.545340,ndi
1786507344.820555,56.751113,-0.022330,-0.015740,-1.545270,ndi
1786507344.835569,56.766127,-0.022350,-0.015760,-1.545240,ndi
1786507344.853004,56.783562,-0.022370,-0.015780,-1.545200,ndi
1786507344.868086,56.798644,-0.022380,-0.015820,-1.545170,ndi
1786507344.885401,56.815959,-0.022400,-0.015850,-1.545120,ndi
1786507344.903058,56.833616,-0.022420,-0.015870,-1.545080,ndi
1786507344.920558,56.851116,-0.022420,-0.015900,-1.545050,ndi
1786507344.935608,56.866166,-0.022440,-0.015920,-1.545030,ndi
1786507344.953105,56.883663,-0.022460,-0.015960,-1.544980,ndi
1786507344.970420,56.900978,-0.022480,-0.016000,-1.544950,ndi
1786507344.985419,56.915977,-0.022500,-0.016020,-1.544910,ndi
1786507345.002949,56.933506,-0.022510,-0.016050,-1.544870,ndi
1786507345.020444,56.951002,-0.022530,-0.016080,-1.544840,ndi
1786507345.035452,56.966010,-0.022540,-0.016110,-1.544820,ndi
1786507345.053025,56.983583,-0.022570,-0.016140,-1.544770,ndi
1786507345.070398,57.000956,-0.022600,-0.016180,-1.544720,ndi
1786507345.085412,57.015970,-0.022580,-0.016210,-1.544660,ndi
1786507345.102976,57.033534,-0.022620,-0.016230,-1.544650,ndi
1786507345.120591,57.051149,-0.022640,-0.016250,-1.544570,ndi
1786507345.135587,57.066145,-0.022640,-0.016300,-1.544530,ndi
1786507345.153073,57.083631,-0.022660,-0.016330,-1.544470,ndi
1786507345.168139,57.098696,-0.022680,-0.016360,-1.544440,ndi
1786507345.185484,57.116042,-0.022690,-0.016400,-1.544400,ndi
1786507345.202962,57.133520,-0.022720,-0.016430,-1.544330,ndi
1786507345.220482,57.151040,-0.022750,-0.016490,-1.544270,ndi
1786507345.235598,57.166156,-0.022750,-0.016520,-1.544210,ndi
1786507345.253027,57.183585,-0.022780,-0.016550,-1.544180,ndi
1786507345.270405,57.200963,-0.022810,-0.016590,-1.544090,ndi
1786507345.285420,57.215978,-0.022800,-0.016630,-1.544080,ndi
1786507345.303142,57.233700,-0.022820,-0.016660,-1.544000,ndi
1786507345.320644,57.251202,-0.022830,-0.016680,-1.543980,ndi
1786507345.335629,57.266187,-0.022840,-0.016710,-1.543940,ndi
1786507345.353135,57.283693,-0.022880,-0.016760,-1.543880,ndi
1786507345.370436,57.300994,-0.022880,-0.016790,-1.543820,ndi
1786507345.385448,57.316006,-0.022900,-0.016810,-1.543770,ndi
1786507345.402983,57.333541,-0.022920,-0.016850,-1.543730,ndi
1786507345.420481,57.351039,-0.022940,-0.016890,-1.543700,ndi
1786507345.435561,57.366119,-0.022940,-0.016920,-1.543650,ndi
1786507345.453056,57.383614,-0.022970,-0.016940,-1.543610,ndi
1786507345.467978,57.398536,-0.022970,-0.016970,-1.543590,ndi
1786507345.485442,57.416000,-0.022970,-0.017010,-1.543500,ndi
1786507345.502980,57.433538,-0.022990,-0.017030,-1.543460,ndi
1786507345.518088,57.448646,-0.022990,-0.017050,-1.543430,ndi
1786507345.535662,57.466220,-0.023000,-0.017090,-1.543380,ndi
1786507345.553065,57.483623,-0.023020,-0.017120,-1.543350,ndi
1786507345.570442,57.501000,-0.023020,-0.017140,-1.543270,ndi
1786507345.585443,57.516001,-0.023050,-0.017170,-1.543250,ndi
1786507345.603020,57.533578,-0.023050,-0.017210,-1.543200,ndi
1786507345.620590,57.551148,-0.023060,-0.017230,-1.543180,ndi
1786507345.635624,57.566182,-0.023090,-0.017250,-1.543120,ndi
1786507345.653061,57.583619,-0.023090,-0.017290,-1.543110,ndi
1786507345.670455,57.601012,-0.023090,-0.017330,-1.543060,ndi
1786507345.685440,57.615998,-0.023100,-0.017370,-1.543040,ndi
1786507345.702976,57.633533,-0.023120,-0.017380,-1.542960,ndi
1786507345.720567,57.651125,-0.023120,-0.017410,-1.542930,ndi
1786507345.735489,57.666047,-0.023130,-0.017450,-1.542880,ndi
1786507345.753123,57.683681,-0.023150,-0.017480,-1.542860,ndi
1786507345.768084,57.698642,-0.023150,-0.017500,-1.542810,ndi
1786507345.785436,57.715994,-0.023160,-0.017540,-1.542780,ndi
1786507345.803002,57.733560,-0.023170,-0.017580,-1.542720,ndi
1786507345.820547,57.751105,-0.023180,-0.017610,-1.542640,ndi
1786507345.835493,57.766051,-0.023200,-0.017640,-1.542620,ndi
1786507345.853023,57.783581,-0.023200,-0.017680,-1.542590,ndi
1786507345.868057,57.798615,-0.023200,-0.017720,-1.542500,ndi
1786507345.885432,57.815990,-0.023220,-0.017760,-1.542440,ndi
1786507345.902988,57.833546,-0.023220,-0.017800,-1.542390,ndi
1786507345.918114,57.848672,-0.023230,-0.017840,-1.542360,ndi
1786507345.935667,57.866225,-0.023240,-0.017880,-1.542330,ndi
1786507345.953229,57.883787,-0.023250,-0.017910,-1.542240,ndi
1786507345.968194,57.898752,-0.023260,-0.017950,-1.542210,ndi
1786507345.985452,57.916010,-0.023260,-0.017990,-1.542170,ndi
1786507346.002981,57.933539,-0.023280,-0.018030,-1.542100,ndi
1786507346.018098,57.948656,-0.023280,-0.018050,-1.542070,ndi
1786507346.035576,57.966134,-0.023290,-0.018090,-1.542020,ndi
1786507346.053079,57.983637,-0.023290,-0.018140,-1.542000,ndi
1786507346.068061,57.998619,-0.023300,-0.018160,-1.541960,ndi
1786507346.085456,58.016014,-0.023300,-0.018180,-1.541900,ndi
1786507346.102967,58.033525,-0.023300,-0.018220,-1.541860,ndi
1786507346.118149,58.048707,-0.023320,-0.018260,-1.541790,ndi
1786507346.135457,58.066015,-0.023320,-0.018290,-1.541750,ndi
1786507346.153122,58.083680,-0.023310,-0.018310,-1.541720,ndi
1786507346.170482,58.101040,-0.023340,-0.018350,-1.541650,ndi
1786507346.185447,58.116005,-0.023330,-0.018370,-1.541600,ndi
1786507346.203014,58.133572,-0.023340,-0.018390,-1.541600,ndi
1786507346.220549,58.151107,-0.023350,-0.018430,-1.541500,ndi
1786507346.235520,58.166078,-0.023350,-0.018470,-1.541490,ndi
1786507346.252937,58.183495,-0.023360,-0.018490,-1.541440,ndi
1786507346.268075,58.198633,-0.023360,-0.018500,-1.541400,ndi
1786507346.285432,58.215990,-0.023360,-0.018550,-1.541370,ndi
1786507346.303166,58.233724,-0.023360,-0.018600,-1.541310,ndi
1786507346.320661,58.251219,-0.023360,-0.018620,-1.541240,ndi
1786507346.335647,58.266205,-0.023370,-0.018640,-1.541180,ndi
1786507346.353083,58.283641,-0.023380,-0.018680,-1.541150,ndi
1786507346.368099,58.298657,-0.023380,-0.018720,-1.541120,ndi
1786507346.385462,58.316020,-0.023370,-0.018740,-1.541060,ndi
1786507346.403127,58.333685,-0.023390,-0.018770,-1.540990,ndi
1786507346.418246,58.348804,-0.023380,-0.018810,-1.540960,ndi
1786507346.435634,58.366192,-0.023390,-0.018840,-1.540930,ndi
1786507346.453091,58.383649,-0.023400,-0.018870,-1.540870,ndi
1786507346.470477,58.401035,-0.023380,-0.018900,-1.540830,ndi
1786507346.485451,58.416009,-0.023380,-0.018950,-1.540790,ndi
1786507346.503007,58.433565,-0.023400,-0.019000,-1.540730,ndi
1786507346.518096,58.448654,-0.023390,-0.019020,-1.540700,ndi
1786507346.535677,58.466235,-0.023390,-0.019060,-1.540630,ndi
1786507346.553071,58.483629,-0.023390,-0.019110,-1.540560,ndi
1786507346.570483,58.501041,-0.023400,-0.019150,-1.540540,ndi
1786507346.585428,58.515986,-0.023410,-0.019180,-1.540480,ndi
1786507346.602979,58.533537,-0.023420,-0.019220,-1.540400,ndi
1786507346.620477,58.551035,-0.023400,-0.019270,-1.540360,ndi
1786507346.635607,58.566165,-0.023400,-0.019290,-1.540320,ndi
1786507346.653108,58.583666,-0.023400,-0.019320,-1.540270,ndi
1786507346.670472,58.601030,-0.023380,-0.019370,-1.540170,ndi
1786507346.685456,58.616014,-0.023400,-0.019410,-1.540140,ndi
1786507346.703066,58.633624,-0.023370,-0.019450,-1.540070,ndi
1786507346.720684,58.651242,-0.023380,-0.019480,-1.540010,ndi
1786507346.735668,58.666226,-0.023390,-0.019520,-1.539990,ndi
1786507346.753028,58.683586,-0.023380,-0.019550,-1.539900,ndi
1786507346.768099,58.698657,-0.023380,-0.019590,-1.539890,ndi
1786507346.785475,58.716033,-0.023380,-0.019630,-1.539820,ndi
1786507346.803088,58.733646,-0.023380,-0.019660,-1.539740,ndi
1786507346.820549,58.751107,-0.023380,-0.019700,-1.539720,ndi
1786507346.835646,58.766204,-0.023380,-0.019720,-1.539680,ndi
1786507346.853085,58.783643,-0.023360,-0.019770,-1.539630,ndi
1786507346.868112,58.798670,-0.023340,-0.019790,-1.539560,ndi
1786507346.885460,58.816018,-0.023360,-0.019840,-1.539540,ndi
1786507346.903008,58.833565,-0.023350,-0.019860,-1.539490,ndi
1786507346.920480,58.851038,-0.023340,-0.019900,-1.539410,ndi
1786507346.935668,58.866225,-0.023350,-0.019930,-1.539420,ndi
1786507346.953114,58.883672,-0.023330,-0.019970,-1.539390,ndi
1786507346.968128,58.898686,-0.023340,-0.019980,-1.539310,ndi
1786507346.985450,58.916008,-0.023340,-0.020030,-1.539270,ndi
1786507347.002961,58.933519,-0.023320,-0.020080,-1.539220,ndi
1786507347.020413,58.950971,-0.023320,-0.020110,-1.539180,ndi
1786507347.035609,58.966167,-0.023310,-0.020130,-1.539110,ndi
1786507347.053059,58.983617,-0.023310,-0.020180,-1.539070,ndi
1786507347.068057,58.998615,-0.023300,-0.020210,-1.539040,ndi
1786507347.085467,59.016025,-0.023290,-0.020230,-1.538990,ndi
1786507347.103113,59.033671,-0.023280,-0.020270,-1.538950,ndi
1786507347.120593,59.051151,-0.023290,-0.020310,-1.538900,ndi
1786507347.135612,59.066170,-0.023280,-0.020340,-1.538850,ndi
1786507347.153072,59.083630,-0.023270,-0.020370,-1.538790,ndi
1786507347.170481,59.101039,-0.023270,-0.020420,-1.538730,ndi
1786507347.185472,59.116030,-0.023260,-0.020460,-1.538690,ndi
1786507347.202984,59.133542,-0.023260,-0.020490,-1.538600,ndi
1786507347.218030,59.148588,-0.023250,-0.020530,-1.538550,ndi
1786507347.235533,59.166090,-0.023230,-0.020580,-1.538500,ndi
1786507347.253059,59.183617,-0.023200,-0.020610,-1.538450,ndi
1786507347.268062,59.198620,-0.023220,-0.020640,-1.538400,ndi
1786507347.285453,59.216011,-0.023220,-0.020670,-1.538370,ndi
1786507347.303053,59.233611,-0.023190,-0.020710,-1.538350,ndi
1786507347.320631,59.251189,-0.023200,-0.020750,-1.538270,ndi
1786507347.335573,59.266131,-0.023170,-0.020780,-1.538210,ndi
1786507347.353079,59.283637,-0.023180,-0.020810,-1.538170,ndi
1786507347.368109,59.298667,-0.023180,-0.020840,-1.538140,ndi
1786507347.385455,59.316013,-0.023150,-0.020880,-1.538140,ndi
1786507347.402984,59.333542,-0.023160,-0.020910,-1.538050,ndi
1786507347.418203,59.348761,-0.023140,-0.020940,-1.537970,ndi
1786507347.435607,59.366165,-0.023140,-0.020980,-1.537980,ndi
1786507347.453101,59.383659,-0.023120,-0.021000,-1.537960,ndi
1786507347.468082,59.398640,-0.023110,-0.021020,-1.537910,ndi
1786507347.485473,59.416031,-0.023110,-0.021030,-1.537870,ndi
1786507347.503090,59.433648,-0.023100,-0.021060,-1.537820,ndi
1786507347.520615,59.451173,-0.023110,-0.021060,-1.537800,ndi
1786507347.535619,59.466177,-0.023100,-0.021060,-1.537790,ndi
1786507347.553091,59.483649,-0.023090,-0.021080,-1.537810,ndi
1786507347.568128,59.498686,-0.023100,-0.021090,-1.537780,ndi
1786507347.586886,59.517444,-0.023100,-0.021080,-1.537780,ndi
1786507347.602973,59.533531,-0.023110,-0.021080,-1.537790,ndi
1786507347.618215,59.548773,-0.023100,-0.021090,-1.537780,ndi
1786507347.635666,59.566224,-0.023110,-0.021090,-1.537770,ndi
1786507347.653111,59.583669,-0.023090,-0.021090,-1.537790,ndi
1786507347.668107,59.598665,-0.023090,-0.021090,-1.537780,ndi
1786507347.685500,59.616058,-0.023100,-0.021090,-1.537790,ndi
1786507347.703206,59.633764,-0.023100,-0.021100,-1.537780,ndi
1786507347.720648,59.651206,-0.023100,-0.021100,-1.537770,ndi
1786507347.735523,59.666081,-0.023100,-0.021100,-1.537780,ndi
1786507347.753121,59.683679,-0.023090,-0.021100,-1.537740,ndi
1786507347.768185,59.698743,-0.023100,-0.021100,-1.537780,ndi
1786507347.785506,59.716064,-0.023120,-0.021090,-1.537790,ndi
1786507347.803108,59.733665,-0.023120,-0.021090,-1.537770,ndi
1786507347.818248,59.748806,-0.023090,-0.021100,-1.537770,ndi
1786507347.835694,59.766252,-0.023090,-0.021110,-1.537730,ndi
1786507347.853094,59.783652,-0.023100,-0.021090,-1.537760,ndi
1786507347.870478,59.801036,-0.023100,-0.021080,-1.537780,ndi
1786507347.885456,59.816014,-0.023100,-0.021100,-1.537780,ndi
1786507347.903120,59.833678,-0.023090,-0.021100,-1.537760,ndi
1786507347.920608,59.851166,-0.023100,-0.021090,-1.537760,ndi
1786507347.935631,59.866189,-0.023100,-0.021090,-1.537760,ndi
1786507347.953094,59.883651,-0.023100,-0.021100,-1.537780,ndi
1786507347.970529,59.901087,-0.023110,-0.021090,-1.537790,ndi
1786507347.985442,59.916000,-0.023110,-0.021080,-1.537750,ndi
1786507348.003024,59.933582,-0.023100,-0.021100,-1.537750,ndi
1786507348.020579,59.951137,-0.023100,-0.021110,-1.537760,ndi
1786507348.035588,59.966146,-0.023100,-0.021100,-1.537770,ndi
1786507348.053122,59.983680,-0.023090,-0.021100,-1.537730,ndi
1786507348.068133,59.998691,-0.023090,-0.021100,-1.537750,ndi
1786507348.085463,60.016021,-0.023100,-0.021090,-1.537760,ndi
1786507348.103228,60.033786,-0.023100,-0.021100,-1.537750,ndi
1786507348.120700,60.051258,-0.023100,-0.021100,-1.537720,ndi
1786507348.135693,60.066251,-0.023090,-0.021100,-1.537760,ndi
1786507348.153111,60.083668,-0.023100,-0.021100,-1.537770,ndi
1786507348.170575,60.101133,-0.023110,-0.021090,-1.537770,ndi
1786507348.185468,60.116026,-0.023100,-0.021090,-1.537770,ndi
1786507348.203108,60.133666,-0.023110,-0.021100,-1.537750,ndi
1786507348.220551,60.151109,-0.023100,-0.021100,-1.537740,ndi
1786507348.235687,60.166245,-0.023090,-0.021100,-1.537760,ndi
1786507348.253011,60.183569,-0.023100,-0.021100,-1.537760,ndi
1786507348.268075,60.198633,-0.023090,-0.021090,-1.537780,ndi
1786507348.285455,60.216013,-0.023100,-0.021090,-1.537760,ndi
1786507348.303035,60.233593,-0.023100,-0.021100,-1.537750,ndi
1786507348.320540,60.251098,-0.023090,-0.021100,-1.537740,ndi
1786507348.335613,60.266171,-0.023100,-0.021100,-1.537750,ndi
1786507348.353092,60.283650,-0.023110,-0.021090,-1.537740,ndi
1786507348.370514,60.301072,-0.023100,-0.021090,-1.537770,ndi
1786507348.385466,60.316024,-0.023100,-0.021100,-1.537780,ndi
1786507348.403042,60.333600,-0.023100,-0.021090,-1.537750,ndi
1786507348.418140,60.348698,-0.023100,-0.021080,-1.537750,ndi
1786507348.435561,60.366119,-0.023100,-0.021100,-1.537740,ndi
1786507348.453103,60.383661,-0.023100,-0.021100,-1.537740,ndi
1786507348.470485,60.401043,-0.023100,-0.021090,-1.537750,ndi
1786507348.485489,60.416047,-0.023100,-0.021090,-1.537760,ndi
1786507348.503049,60.433607,-0.023100,-0.021100,-1.537760,ndi
1786507348.518097,60.448655,-0.023090,-0.021100,-1.537770,ndi
1786507348.535578,60.466136,-0.023100,-0.021100,-1.537760,ndi
1786507348.553006,60.483564,-0.023100,-0.021090,-1.537760,ndi
1786507348.568010,60.498568,-0.023100,-0.021100,-1.537760,ndi
1786507348.585480,60.516038,-0.023110,-0.021100,-1.537760,ndi
1786507348.603149,60.533707,-0.023100,-0.021100,-1.537790,ndi
1786507348.618222,60.548780,-0.023090,-0.021090,-1.537750,ndi
1786507348.635652,60.566210,-0.023100,-0.021100,-1.537770,ndi
1786507348.653101,60.583659,-0.023100,-0.021100,-1.537780,ndi
1786507348.668067,60.598625,-0.023100,-0.021090,-1.537750,ndi
1786507348.685485,60.616043,-0.023110,-0.021100,-1.537730,ndi
1786507348.703135,60.633693,-0.023090,-0.021110,-1.537750,ndi
1786507348.720602,60.651160,-0.023100,-0.021100,-1.537740,ndi
1786507348.735586,60.666144,-0.023110,-0.021080,-1.537760,ndi
1786507348.753078,60.683636,-0.023100,-0.021100,-1.537760,ndi
1786507348.770478,60.701036,-0.023110,-0.021110,-1.537750,ndi
1786507348.785458,60.716016,-0.023100,-0.021090,-1.537740,ndi
1786507348.803107,60.733665,-0.023110,-0.021080,-1.537720,ndi
1786507348.820545,60.751103,-0.023100,-0.021110,-1.537750,ndi
1786507348.835575,60.766133,-0.023100,-0.021110,-1.537780,ndi
1786507348.853019,60.783577,-0.023100,-0.021090,-1.537780,ndi
1786507348.868091,60.798649,-0.023090,-0.021090,-1.537750,ndi
1786507348.885480,60.816038,-0.023110,-0.021110,-1.537770,ndi
1786507348.903193,60.833751,-0.023100,-0.021100,-1.537760,ndi
1786507348.920641,60.851199,-0.023090,-0.021090,-1.537760,ndi
1786507348.935622,60.866180,-0.023100,-0.021100,-1.537770,ndi
1786507348.953124,60.883682,-0.023110,-0.021110,-1.537780,ndi
1786507348.970453,60.901011,-0.023110,-0.021100,-1.537780,ndi
1786507348.985506,60.916064,-0.023100,-0.021090,-1.537770,ndi
1786507349.003142,60.933700,-0.023100,-0.021100,-1.537780,ndi
1786507349.020643,60.951201,-0.023100,-0.021100,-1.537780,ndi
1786507349.035654,60.966212,-0.023100,-0.021100,-1.537750,ndi
1786507349.053122,60.983680,-0.023100,-0.021090,-1.537750,ndi
1786507349.070508,61.001066,-0.023100,-0.021100,-1.537770,ndi
1786507349.085536,61.016094,-0.023100,-0.021100,-1.537760,ndi
1786507349.103046,61.033604,-0.023100,-0.021100,-1.537770,ndi
1786507349.120533,61.051090,-0.023110,-0.021090,-1.537750,ndi
1786507349.135541,61.066099,-0.023110,-0.021090,-1.537780,ndi
1786507349.153041,61.083599,-0.023110,-0.021110,-1.537790,ndi
1786507349.170492,61.101050,-0.023110,-0.021100,-1.537760,ndi
1786507349.185513,61.116071,-0.023110,-0.021090,-1.537760,ndi
1786507349.203091,61.133649,-0.023100,-0.021100,-1.537770,ndi
1786507349.220517,61.151075,-0.023100,-0.021100,-1.537760,ndi
1786507349.235572,61.166130,-0.023100,-0.021090,-1.537740,ndi
1786507349.253043,61.183601,-0.023100,-0.021090,-1.537730,ndi
1786507349.268129,61.198687,-0.023100,-0.021100,-1.537760,ndi
1786507349.285514,61.216072,-0.023110,-0.021100,-1.537740,ndi
1786507349.303045,61.233603,-0.023100,-0.021090,-1.537750,ndi
1786507349.320539,61.251097,-0.023110,-0.021100,-1.537760,ndi
1786507349.335589,61.266147,-0.023110,-0.021100,-1.537780,ndi
1786507349.353017,61.283575,-0.023110,-0.021100,-1.537750,ndi
1786507349.370537,61.301095,-0.023110,-0.021100,-1.537760,ndi
1786507349.385547,61.316105,-0.023100,-0.021100,-1.537750,ndi
1786507349.403205,61.333763,-0.023100,-0.021110,-1.537760,ndi
1786507349.418206,61.348764,-0.023110,-0.021100,-1.537740,ndi
1786507349.435651,61.366209,-0.023100,-0.021100,-1.537750,ndi
1786507349.453050,61.383608,-0.023100,-0.021100,-1.537740,ndi
1786507349.470528,61.401086,-0.023110,-0.021100,-1.537770,ndi
1786507349.485520,61.416078,-0.023100,-0.021090,-1.537740,ndi
1786507349.503088,61.433646,-0.023100,-0.021090,-1.537730,ndi
1786507349.518237,61.448795,-0.023110,-0.021100,-1.537740,ndi
1786507349.535664,61.466222,-0.023110,-0.021110,-1.537740,ndi
1786507349.553114,61.483672,-0.023120,-0.021090,-1.537730,ndi
1786507349.570517,61.501075,-0.023110,-0.021090,-1.537750,ndi
1786507349.585540,61.516098,-0.023100,-0.021110,-1.537760,ndi
1786507349.603236,61.533794,-0.023110,-0.021100,-1.537760,ndi
1786507349.620745,61.551303,-0.023090,-0.021090,-1.537740,ndi
1786507349.635658,61.566216,-0.023110,-0.021100,-1.537750,ndi
1786507349.653157,61.583715,-0.023110,-0.021110,-1.537720,ndi
1786507349.668147,61.598705,-0.023100,-0.021100,-1.537740,ndi
1786507349.685865,61.616423,-0.023100,-0.021090,-1.537740,ndi
1786507349.703154,61.633712,-0.023100,-0.021100,-1.537750,ndi
1786507349.720668,61.651226,-0.023110,-0.021110,-1.537730,ndi
1786507349.735606,61.666164,-0.023110,-0.021100,-1.537750,ndi
1786507349.753159,61.683717,-0.023120,-0.021090,-1.537760,ndi
1786507349.770527,61.701085,-0.023100,-0.021100,-1.537730,ndi
1786507349.785503,61.716061,-0.023100,-0.021110,-1.537740,ndi
1786507349.803121,61.733679,-0.023110,-0.021090,-1.537710,ndi
1786507349.820551,61.751109,-0.023100,-0.021090,-1.537730,ndi
1786507349.835592,61.766150,-0.023100,-0.021100,-1.537730,ndi
1786507349.853036,61.783594,-0.023100,-0.021100,-1.537750,ndi
1786507349.870489,61.801047,-0.023100,-0.021090,-1.537740,ndi
1786507349.885560,61.816118,-0.023110,-0.021090,-1.537750,ndi
1786507349.903118,61.833676,-0.023110,-0.021100,-1.537730,ndi
1786507349.920670,61.851228,-0.023110,-0.021100,-1.537750,ndi
1786507349.935602,61.866160,-0.023120,-0.021090,-1.537730,ndi
1786507349.953100,61.883658,-0.023090,-0.021090,-1.537740,ndi
1786507349.968116,61.898674,-0.023110,-0.021100,-1.537730,ndi
1786507349.985495,61.916053,-0.023100,-0.021100,-1.537720,ndi
1786507350.003165,61.933722,-0.023090,-0.021090,-1.537730,ndi
1786507350.020632,61.951190,-0.023100,-0.021090,-1.537710,ndi
1786507350.035647,61.966205,-0.023090,-0.021100,-1.537710,ndi
1786507350.053124,61.983682,-0.023110,-0.021090,-1.537700,ndi
1786507350.070510,62.001068,-0.023100,-0.021080,-1.537720,ndi
1786507350.085755,62.016313,-0.023100,-0.021100,-1.537700,ndi
1786507350.103024,62.033582,-0.023110,-0.021100,-1.537730,ndi
1786507350.120685,62.051243,-0.023100,-0.021090,-1.537720,ndi
1786507350.135624,62.066182,-0.023120,-0.021090,-1.537720,ndi
1786507350.153145,62.083703,-0.023110,-0.021100,-1.537720,ndi
1786507350.168132,62.098690,-0.023110,-0.021100,-1.537740,ndi
1786507350.185516,62.116074,-0.023110,-0.021090,-1.537770,ndi
1786507350.203061,62.133619,-0.023100,-0.021100,-1.537740,ndi
1786507350.220694,62.151252,-0.023110,-0.021110,-1.537760,ndi
1786507350.235655,62.166213,-0.023110,-0.021100,-1.537750,ndi
1786507350.253130,62.183688,-0.023100,-0.021100,-1.537760,ndi
1786507350.270513,62.201071,-0.023100,-0.021120,-1.537740,ndi
1786507350.285550,62.216108,-0.023110,-0.021110,-1.537780,ndi
1786507350.303142,62.233700,-0.023120,-0.021100,-1.537770,ndi
1786507350.320653,62.251211,-0.023120,-0.021100,-1.537760,ndi
1786507350.335527,62.266085,-0.023130,-0.021120,-1.537760,ndi
1786507350.353076,62.283634,-0.023120,-0.021110,-1.537760,ndi
1786507350.370494,62.301052,-0.023110,-0.021100,-1.537740,ndi
1786507350.385479,62.316037,-0.023100,-0.021120,-1.537770,ndi
1786507350.403215,62.333773,-0.023100,-0.021120,-1.537750,ndi
1786507350.420682,62.351240,-0.023090,-0.021110,-1.537750,ndi
1786507350.435657,62.366215,-0.023120,-0.021110,-1.537760,ndi
1786507350.453127,62.383685,-0.023120,-0.021110,-1.537760,ndi
1786507350.470516,62.401074,-0.023110,-0.021120,-1.537740,ndi
1786507350.485503,62.416061,-0.023120,-0.021120,-1.537770,ndi
1786507350.503061,62.433619,-0.023130,-0.021110,-1.537760,ndi
1786507350.520530,62.451088,-0.023130,-0.021120,-1.537750,ndi
1786507350.535527,62.466085,-0.023130,-0.021130,-1.537760,ndi
1786507350.553120,62.483678,-0.023110,-0.021120,-1.537780,ndi
1786507350.568108,62.498666,-0.023090,-0.021120,-1.537770,ndi
1786507350.585552,62.516110,-0.023120,-0.021120,-1.537760,ndi
1786507350.603093,62.533651,-0.023110,-0.021130,-1.537740,ndi
1786507350.618179,62.548737,-0.023110,-0.021120,-1.537750,ndi
1786507350.635583,62.566141,-0.023120,-0.021120,-1.537760,ndi
