stamp,elapsed,x,y,z,frame_id
1786509514.518581,0.000000,-0.007100,-0.044220,-1.558220,ndi
1786509514.536075,0.017494,-0.007110,-0.044220,-1.558220,ndi
1786509514.553564,0.034984,-0.007100,-0.044210,-1.558230,ndi
1786509514.568552,0.049971,-0.007100,-0.044210,-1.558220,ndi
1786509514.586050,0.067469,-0.007110,-0.044220,-1.558210,ndi
1786509514.603585,0.085004,-0.007110,-0.044210,-1.558220,ndi
1786509514.618572,0.099991,-0.007120,-0.044210,-1.558200,ndi
1786509514.636071,0.117491,-0.007120,-0.044220,-1.558210,ndi
1786509514.653563,0.134982,-0.007110,-0.044220,-1.558210,ndi
1786509514.668565,0.149984,-0.007110,-0.044210,-1.558220,ndi
1786509514.686037,0.167456,-0.007120,-0.044210,-1.558230,ndi
1786509514.703535,0.184954,-0.007110,-0.044210,-1.558200,ndi
1786509514.718565,0.199984,-0.007100,-0.044220,-1.558210,ndi
1786509514.736069,0.217489,-0.007100,-0.044210,-1.558200,ndi
1786509514.753540,0.234959,-0.007100,-0.044210,-1.558220,ndi
1786509514.768549,0.249968,-0.007110,-0.044220,-1.558230,ndi
1786509514.786053,0.267473,-0.007110,-0.044220,-1.558240,ndi
1786509514.803560,0.284980,-0.007110,-0.044210,-1.558210,ndi
1786509514.818568,0.299987,-0.007110,-0.044200,-1.558200,ndi
1786509514.836085,0.317505,-0.007110,-0.044220,-1.558230,ndi
1786509514.853556,0.334975,-0.007100,-0.044220,-1.558190,ndi
1786509514.868539,0.349958,-0.007110,-0.044210,-1.558240,ndi
1786509514.886038,0.367458,-0.007110,-0.044210,-1.558220,ndi
1786509514.903550,0.384969,-0.007110,-0.044220,-1.558250,ndi
1786509514.918574,0.399994,-0.007100,-0.044220,-1.558220,ndi
1786509514.936066,0.417485,-0.007100,-0.044210,-1.558220,ndi
1786509514.953561,0.434980,-0.007110,-0.044200,-1.558220,ndi
1786509514.968560,0.449980,-0.007100,-0.044220,-1.558200,ndi
1786509514.986079,0.467498,-0.007110,-0.044220,-1.558220,ndi
1786509515.003611,0.485030,-0.007110,-0.044210,-1.558230,ndi
1786509515.018577,0.499996,-0.007120,-0.044200,-1.558220,ndi
1786509515.036080,0.517500,-0.007110,-0.044220,-1.558230,ndi
1786509515.053573,0.534992,-0.007110,-0.044220,-1.558220,ndi
1786509515.068562,0.549981,-0.007110,-0.044210,-1.558230,ndi
1786509515.086066,0.567486,-0.007100,-0.044210,-1.558220,ndi
1786509515.103549,0.584969,-0.007110,-0.044220,-1.558240,ndi
1786509515.118557,0.599976,-0.007100,-0.044220,-1.558210,ndi
1786509515.136057,0.617477,-0.007100,-0.044210,-1.558220,ndi
1786509515.153539,0.634958,-0.007100,-0.044200,-1.558250,ndi
1786509515.168549,0.649968,-0.007100,-0.044210,-1.558200,ndi
1786509515.186072,0.667491,-0.007110,-0.044220,-1.558210,ndi
1786509515.203620,0.685040,-0.007120,-0.044210,-1.558200,ndi
1786509515.218579,0.699998,-0.007110,-0.044200,-1.558210,ndi
1786509515.236116,0.717535,-0.007110,-0.044220,-1.558230,ndi
1786509515.253593,0.735013,-0.007100,-0.044220,-1.558220,ndi
1786509515.268573,0.749992,-0.007100,-0.044210,-1.558240,ndi
1786509515.286066,0.767485,-0.007110,-0.044200,-1.558210,ndi
1786509515.303591,0.785011,-0.007100,-0.044220,-1.558230,ndi
1786509515.318598,0.800017,-0.007100,-0.044220,-1.558210,ndi
1786509515.336083,0.817502,-0.007110,-0.044210,-1.558220,ndi
1786509515.353606,0.835025,-0.007110,-0.044210,-1.558210,ndi
1786509515.368630,0.850049,-0.007110,-0.044220,-1.558230,ndi
1786509515.386099,0.867518,-0.007110,-0.044210,-1.558220,ndi
1786509515.403591,0.885010,-0.007110,-0.044200,-1.558210,ndi
1786509515.418601,0.900020,-0.007110,-0.044210,-1.558230,ndi
1786509515.436095,0.917514,-0.007110,-0.044220,-1.558200,ndi
1786509515.453564,0.934983,-0.007120,-0.044220,-1.558230,ndi
1786509515.468572,0.949991,-0.007110,-0.044210,-1.558220,ndi
1786509515.486077,0.967496,-0.007110,-0.044210,-1.558220,ndi
1786509515.503602,0.985022,-0.007100,-0.044220,-1.558210,ndi
1786509515.518572,0.999992,-0.007110,-0.044210,-1.558230,ndi
1786509515.536105,1.017524,-0.007090,-0.044200,-1.558230,ndi
1786509515.553584,1.035003,-0.007080,-0.044210,-1.558230,ndi
1786509515.568559,1.049978,-0.007140,-0.044210,-1.558220,ndi
1786509515.586111,1.067531,-0.007080,-0.044220,-1.558230,ndi
1786509515.603600,1.085019,-0.007100,-0.044210,-1.558220,ndi
1786509515.618590,1.100009,-0.007120,-0.044210,-1.558230,ndi
1786509515.636091,1.117510,-0.007090,-0.044210,-1.558210,ndi
1786509515.653584,1.135004,-0.007120,-0.044220,-1.558210,ndi
1786509515.668558,1.149978,-0.007080,-0.044210,-1.558230,ndi
1786509515.686091,1.167511,-0.007110,-0.044200,-1.558230,ndi
1786509515.703575,1.184994,-0.007100,-0.044220,-1.558190,ndi
1786509515.718560,1.199979,-0.007100,-0.044230,-1.558210,ndi
1786509515.736076,1.217496,-0.007110,-0.044200,-1.558220,ndi
1786509515.753552,1.234971,-0.007080,-0.044190,-1.558210,ndi
1786509515.768565,1.249984,-0.007120,-0.044220,-1.558230,ndi
1786509515.786096,1.267515,-0.007110,-0.044230,-1.558220,ndi
1786509515.803608,1.285028,-0.007100,-0.044200,-1.558210,ndi
1786509515.818577,1.299997,-0.007120,-0.044190,-1.558220,ndi
1786509515.836102,1.317521,-0.007080,-0.044220,-1.558190,ndi
1786509515.851124,1.332543,-0.007120,-0.044220,-1.558250,ndi
1786509515.868582,1.350001,-0.007100,-0.044210,-1.558230,ndi
1786509515.886095,1.367515,-0.007100,-0.044200,-1.558210,ndi
1786509515.903578,1.384998,-0.007120,-0.044220,-1.558240,ndi
1786509515.918560,1.399980,-0.007070,-0.044220,-1.558220,ndi
1786509515.936112,1.417531,-0.007110,-0.044200,-1.558240,ndi
1786509515.951135,1.432554,-0.007100,-0.044200,-1.558210,ndi
1786509515.968589,1.450009,-0.007110,-0.044210,-1.558220,ndi
1786509515.986092,1.467511,-0.007110,-0.044220,-1.558220,ndi
1786509516.003614,1.485033,-0.007090,-0.044210,-1.558200,ndi
1786509516.018576,1.499995,-0.007120,-0.044200,-1.558180,ndi
1786509516.036060,1.517479,-0.007100,-0.044210,-1.558240,ndi
1786509516.051126,1.532545,-0.007120,-0.044210,-1.558220,ndi
1786509516.068560,1.549979,-0.007100,-0.044200,-1.558220,ndi
1786509516.086116,1.567535,-0.007070,-0.044210,-1.558230,ndi
1786509516.103585,1.585004,-0.007120,-0.044220,-1.558210,ndi
1786509516.118577,1.599997,-0.007090,-0.044210,-1.558220,ndi
1786509516.136078,1.617498,-0.007100,-0.044200,-1.558220,ndi
1786509516.153590,1.635009,-0.007110,-0.044210,-1.558220,ndi
1786509516.168589,1.650009,-0.007100,-0.044220,-1.558250,ndi
1786509516.186127,1.667547,-0.007130,-0.044210,-1.558240,ndi
1786509516.203667,1.685087,-0.007110,-0.044200,-1.558210,ndi
1786509516.218603,1.700023,-0.007100,-0.044220,-1.558220,ndi
1786509516.236087,1.717506,-0.007100,-0.044220,-1.558200,ndi
1786509516.253530,1.734950,-0.007110,-0.044220,-1.558250,ndi
1786509516.268602,1.750021,-0.007110,-0.044190,-1.558230,ndi
1786509516.286101,1.767520,-0.007100,-0.044210,-1.558220,ndi
1786509516.303597,1.785016,-0.007100,-0.044230,-1.558230,ndi
1786509516.318583,1.800002,-0.007100,-0.044210,-1.558210,ndi
1786509516.336097,1.817517,-0.007120,-0.044200,-1.558190,ndi
1786509516.353587,1.835006,-0.007120,-0.044220,-1.558230,ndi
1786509516.368575,1.849995,-0.007090,-0.044230,-1.558220,ndi
1786509516.386103,1.867523,-0.007110,-0.044210,-1.558220,ndi
1786509516.403643,1.885062,-0.007110,-0.044200,-1.558210,ndi
1786509516.418597,1.900017,-0.007120,-0.044220,-1.558240,ndi
1786509516.436078,1.917497,-0.007120,-0.044220,-1.558230,ndi
1786509516.451129,1.932548,-0.007080,-0.044210,-1.558230,ndi
1786509516.468593,1.950013,-0.007110,-0.044200,-1.558200,ndi
1786509516.486090,1.967510,-0.007110,-0.044220,-1.558210,ndi
1786509516.503566,1.984986,-0.007090,-0.044220,-1.558220,ndi
1786509516.518584,2.000004,-0.007110,-0.044210,-1.558200,ndi
1786509516.536126,2.017545,-0.007110,-0.044220,-1.558200,ndi
1786509516.553591,2.035010,-0.007120,-0.044230,-1.558220,ndi
1786509516.568610,2.050029,-0.007130,-0.044210,-1.558200,ndi
1786509516.586144,2.067564,-0.007120,-0.044220,-1.558210,ndi
1786509516.603799,2.085218,-0.007100,-0.044220,-1.558230,ndi
1786509516.618607,2.100026,-0.007110,-0.044230,-1.558210,ndi
1786509516.636078,2.117498,-0.007130,-0.044220,-1.558220,ndi
1786509516.651121,2.132540,-0.007120,-0.044220,-1.558220,ndi
1786509516.668599,2.150018,-0.007120,-0.044230,-1.558200,ndi
1786509516.686096,2.167515,-0.007120,-0.044230,-1.558190,ndi
1786509516.703594,2.185014,-0.007100,-0.044220,-1.558210,ndi
1786509516.718592,2.200011,-0.007120,-0.044230,-1.558210,ndi
1786509516.736112,2.217531,-0.007120,-0.044230,-1.558200,ndi
1786509516.753599,2.235018,-0.007110,-0.044220,-1.558210,ndi
1786509516.768600,2.250019,-0.007120,-0.044220,-1.558200,ndi
1786509516.786103,2.267523,-0.007120,-0.044230,-1.558200,ndi
1786509516.803595,2.285014,-0.007100,-0.044230,-1.558200,ndi
1786509516.818588,2.300008,-0.007120,-0.044220,-1.558190,ndi
1786509516.836089,2.317508,-0.007110,-0.044230,-1.558220,ndi
1786509516.851150,2.332569,-0.007110,-0.044230,-1.558220,ndi
1786509516.868608,2.350028,-0.007120,-0.044220,-1.558190,ndi
1786509516.886112,2.367531,-0.007110,-0.044220,-1.558200,ndi
1786509516.903585,2.385004,-0.007100,-0.044230,-1.558200,ndi
1786509516.918589,2.400008,-0.007110,-0.044240,-1.558190,ndi
1786509516.936124,2.417543,-0.007140,-0.044220,-1.558180,ndi
1786509516.953575,2.434994,-0.007130,-0.044220,-1.558190,ndi
1786509516.968598,2.450017,-0.007110,-0.044240,-1.558220,ndi
1786509516.986098,2.467517,-0.007120,-0.044230,-1.558200,ndi
1786509517.003593,2.485012,-0.007110,-0.044220,-1.558220,ndi
1786509517.018588,2.500007,-0.007110,-0.044230,-1.558220,ndi
1786509517.036105,2.517524,-0.007100,-0.044240,-1.558210,ndi
1786509517.053600,2.535019,-0.007100,-0.044230,-1.558220,ndi
1786509517.068620,2.550039,-0.007110,-0.044220,-1.558210,ndi
1786509517.086099,2.567518,-0.007080,-0.044230,-1.558210,ndi
1786509517.103616,2.585036,-0.007110,-0.044230,-1.558200,ndi
1786509517.118579,2.599998,-0.007110,-0.044230,-1.558190,ndi
1786509517.136116,2.617535,-0.007090,-0.044230,-1.558190,ndi
1786509517.153598,2.635018,-0.007140,-0.044250,-1.558180,ndi
1786509517.168596,2.650015,-0.007130,-0.044250,-1.558190,ndi
1786509517.186091,2.667511,-0.007130,-0.044230,-1.558190,ndi
1786509517.203597,2.685016,-0.007120,-0.044220,-1.558210,ndi
1786509517.218632,2.700051,-0.007110,-0.044240,-1.558200,ndi
1786509517.236088,2.717508,-0.007130,-0.044250,-1.558190,ndi
1786509517.253608,2.735027,-0.007120,-0.044230,-1.558200,ndi
1786509517.268600,2.750019,-0.007120,-0.044230,-1.558200,ndi
1786509517.286112,2.767532,-0.007120,-0.044250,-1.558190,ndi
1786509517.303574,2.784993,-0.007110,-0.044250,-1.558170,ndi
1786509517.318620,2.800040,-0.007130,-0.044220,-1.558210,ndi
1786509517.336119,2.817538,-0.007140,-0.044230,-1.558190,ndi
1786509517.353613,2.835033,-0.007130,-0.044250,-1.558190,ndi
1786509517.368615,2.850034,-0.007130,-0.044250,-1.558200,ndi
1786509517.386126,2.867545,-0.007130,-0.044230,-1.558210,ndi
1786509517.401140,2.882560,-0.007130,-0.044230,-1.558190,ndi
1786509517.418612,2.900031,-0.007120,-0.044250,-1.558200,ndi
1786509517.436094,2.917513,-0.007120,-0.044250,-1.558180,ndi
1786509517.453620,2.935040,-0.007120,-0.044230,-1.558190,ndi
1786509517.468614,2.950033,-0.007130,-0.044240,-1.558210,ndi
1786509517.486131,2.967551,-0.007130,-0.044250,-1.558200,ndi
1786509517.503615,2.985034,-0.007120,-0.044240,-1.558210,ndi
1786509517.518629,3.000048,-0.007130,-0.044230,-1.558200,ndi
1786509517.536125,3.017545,-0.007130,-0.044240,-1.558200,ndi
1786509517.551194,3.032614,-0.007140,-0.044250,-1.558190,ndi
1786509517.568609,3.050028,-0.007140,-0.044250,-1.558190,ndi
1786509517.586121,3.067540,-0.007120,-0.044230,-1.558200,ndi
1786509517.601138,3.082557,-0.007130,-0.044240,-1.558200,ndi
1786509517.618608,3.100028,-0.007110,-0.044250,-1.558210,ndi
1786509517.636132,3.117551,-0.007120,-0.044250,-1.558200,ndi
1786509517.653624,3.135043,-0.007130,-0.044230,-1.558210,ndi
1786509517.668599,3.150018,-0.007120,-0.044240,-1.558200,ndi
1786509517.686122,3.167542,-0.007120,-0.044250,-1.558200,ndi
1786509517.701125,3.182544,-0.007130,-0.044240,-1.558170,ndi
1786509517.718594,3.200014,-0.007130,-0.044230,-1.558200,ndi
1786509517.736113,3.217532,-0.007130,-0.044240,-1.558200,ndi
1786509517.753625,3.235044,-0.007130,-0.044250,-1.558190,ndi
1786509517.768610,3.250030,-0.007130,-0.044240,-1.558180,ndi
1786509517.786085,3.267504,-0.007120,-0.044240,-1.558180,ndi
1786509517.803596,3.285015,-0.007120,-0.044250,-1.558200,ndi
1786509517.818631,3.300050,-0.007120,-0.044250,-1.558190,ndi
1786509517.836143,3.317563,-0.007120,-0.044230,-1.558200,ndi
1786509517.853623,3.335042,-0.007120,-0.044240,-1.558190,ndi
1786509517.868658,3.350077,-0.007130,-0.044250,-1.558220,ndi
1786509517.886113,3.367532,-0.007120,-0.044240,-1.558220,ndi
1786509517.901157,3.382576,-0.007120,-0.044240,-1.558210,ndi
1786509517.918647,3.400066,-0.007130,-0.044240,-1.558180,ndi
1786509517.936133,3.417552,-0.007130,-0.044240,-1.558190,ndi
1786509517.953601,3.435021,-0.007130,-0.044240,-1.558200,ndi
1786509517.968606,3.450025,-0.007130,-0.044250,-1.558170,ndi
1786509517.986104,3.467524,-0.007130,-0.044250,-1.558190,ndi
1786509518.001135,3.482554,-0.007130,-0.044240,-1.558190,ndi
1786509518.018617,3.500037,-0.007120,-0.044240,-1.558210,ndi
1786509518.036125,3.517544,-0.007130,-0.044250,-1.558190,ndi
1786509518.053628,3.535047,-0.007120,-0.044250,-1.558210,ndi
1786509518.068627,3.550046,-0.007110,-0.044240,-1.558190,ndi
1786509518.086121,3.567541,-0.007130,-0.044240,-1.558190,ndi
1786509518.103607,3.585026,-0.007130,-0.044250,-1.558170,ndi
1786509518.118628,3.600048,-0.007130,-0.044240,-1.558180,ndi
1786509518.136116,3.617535,-0.007130,-0.044240,-1.558180,ndi
1786509518.153589,3.635009,-0.007130,-0.044250,-1.558160,ndi
1786509518.168608,3.650028,-0.007130,-0.044250,-1.558160,ndi
1786509518.186105,3.667524,-0.007130,-0.044240,-1.558170,ndi
1786509518.201155,3.682575,-0.007120,-0.044240,-1.558180,ndi
1786509518.218717,3.700137,-0.007120,-0.044250,-1.558160,ndi
1786509518.236139,3.717558,-0.007120,-0.044240,-1.558160,ndi
1786509518.253619,3.735039,-0.007120,-0.044240,-1.558180,ndi
1786509518.268598,3.750017,-0.007120,-0.044240,-1.558180,ndi
1786509518.286114,3.767533,-0.007120,-0.044250,-1.558160,ndi
1786509518.303619,3.785038,-0.007130,-0.044240,-1.558170,ndi
1786509518.318637,3.800056,-0.007130,-0.044240,-1.558180,ndi
1786509518.336135,3.817555,-0.007130,-0.044250,-1.558160,ndi
1786509518.353632,3.835052,-0.007130,-0.044240,-1.558180,ndi
1786509518.368625,3.850045,-0.007120,-0.044240,-1.558160,ndi
1786509518.386347,3.867767,-0.007120,-0.044240,-1.558170,ndi
1786509518.403599,3.885018,-0.007110,-0.044240,-1.558170,ndi
1786509518.418724,3.900143,-0.007130,-0.044240,-1.558140,ndi
1786509518.436144,3.917563,-0.007110,-0.044240,-1.558180,ndi
1786509518.453638,3.935057,-0.007110,-0.044240,-1.558180,ndi
1786509518.468620,3.950039,-0.007120,-0.044240,-1.558190,ndi
1786509518.486125,3.967544,-0.007110,-0.044240,-1.558180,ndi
1786509518.503634,3.985053,-0.007130,-0.044240,-1.558190,ndi
1786509518.518629,4.000049,-0.007130,-0.044240,-1.558160,ndi
1786509518.536125,4.017544,-0.007120,-0.044240,-1.558180,ndi
1786509518.553616,4.035035,-0.007130,-0.044240,-1.558190,ndi
1786509518.568617,4.050036,-0.007120,-0.044240,-1.558170,ndi
1786509518.586116,4.067535,-0.007130,-0.044240,-1.558190,ndi
1786509518.603585,4.085005,-0.007120,-0.044240,-1.558190,ndi
1786509518.618657,4.100076,-0.007120,-0.044240,-1.558170,ndi
1786509518.636154,4.117573,-0.007120,-0.044240,-1.558170,ndi
1786509518.653611,4.135030,-0.007130,-0.044240,-1.558170,ndi
1786509518.668607,4.150026,-0.007110,-0.044240,-1.558190,ndi
1786509518.686141,4.167561,-0.007120,-0.044240,-1.558180,ndi
1786509518.703629,4.185048,-0.007140,-0.044240,-1.558140,ndi
1786509518.718632,4.200052,-0.007130,-0.044240,-1.558180,ndi
1786509518.736135,4.217555,-0.007130,-0.044250,-1.558170,ndi
1786509518.753626,4.235046,-0.007120,-0.044240,-1.558160,ndi
1786509518.768602,4.250022,-0.007120,-0.044230,-1.558150,ndi
1786509518.786110,4.267529,-0.007130,-0.044240,-1.558180,ndi
1786509518.803626,4.285046,-0.007130,-0.044240,-1.558180,ndi
1786509518.818618,4.300037,-0.007120,-0.044240,-1.558170,ndi
1786509518.836150,4.317569,-0.007120,-0.044240,-1.558180,ndi
1786509518.853632,4.335051,-0.007120,-0.044250,-1.558180,ndi
1786509518.868617,4.350036,-0.007120,-0.044240,-1.558180,ndi
1786509518.886131,4.367551,-0.007140,-0.044230,-1.558190,ndi
1786509518.903633,4.385052,-0.007130,-0.044240,-1.558180,ndi
1786509518.918614,4.400033,-0.007120,-0.044250,-1.558180,ndi
1786509518.936150,4.417570,-0.007150,-0.044250,-1.558160,ndi
1786509518.953634,4.435054,-0.007120,-0.044240,-1.558190,ndi
1786509518.968610,4.450029,-0.007120,-0.044240,-1.558200,ndi
1786509518.986131,4.467550,-0.007130,-0.044250,-1.558200,ndi
1786509519.003608,4.485028,-0.007120,-0.044250,-1.558190,ndi
1786509519.018643,4.500062,-0.007130,-0.044240,-1.558200,ndi
1786509519.036143,4.517562,-0.007120,-0.044240,-1.558190,ndi
1786509519.053639,4.535058,-0.007120,-0.044250,-1.558210,ndi
1786509519.068619,4.550039,-0.007130,-0.044240,-1.558210,ndi
1786509519.086164,4.567583,-0.007130,-0.044230,-1.558180,ndi
1786509519.103630,4.585050,-0.007130,-0.044250,-1.558230,ndi
1786509519.118641,4.600060,-0.007130,-0.044260,-1.558220,ndi
1786509519.136129,4.617548,-0.007130,-0.044240,-1.558210,ndi
1786509519.153630,4.635049,-0.007130,-0.044230,-1.558200,ndi
1786509519.168608,4.650028,-0.007120,-0.044250,-1.558210,ndi
1786509519.186124,4.667543,-0.007120,-0.044250,-1.558180,ndi
1786509519.203624,4.685043,-0.007110,-0.044240,-1.558190,ndi
1786509519.218654,4.700073,-0.007120,-0.044240,-1.558180,ndi
1786509519.236171,4.717591,-0.007110,-0.044250,-1.558170,ndi
1786509519.253622,4.735041,-0.007120,-0.044250,-1.558170,ndi
1786509519.268654,4.750074,-0.007130,-0.044240,-1.558210,ndi
1786509519.286145,4.767565,-0.007130,-0.044240,-1.558180,ndi
1786509519.303635,4.785055,-0.007130,-0.044240,-1.558180,ndi
1786509519.318651,4.800070,-0.007110,-0.044250,-1.558180,ndi
1786509519.336154,4.817574,-0.007120,-0.044230,-1.558190,ndi
1786509519.353612,4.835032,-0.007130,-0.044200,-1.558270,ndi
1786509519.368622,4.850041,-0.007160,-0.044190,-1.558300,ndi
1786509519.386128,4.867548,-0.007180,-0.044180,-1.558300,ndi
1786509519.401286,4.882705,-0.007230,-0.044170,-1.558350,ndi
1786509519.418630,4.900049,-0.007220,-0.044160,-1.558350,ndi
1786509519.436133,4.917552,-0.007200,-0.044160,-1.558360,ndi
1786509519.453613,4.935032,-0.007220,-0.044160,-1.558360,ndi
1786509519.468606,4.950026,-0.007260,-0.044160,-1.558360,ndi
1786509519.486157,4.967577,-0.007260,-0.044140,-1.558360,ndi
1786509519.503621,4.985041,-0.007250,-0.044160,-1.558330,ndi
1786509519.518618,5.000038,-0.007240,-0.044190,-1.558320,ndi
1786509519.536124,5.017544,-0.007250,-0.044180,-1.558310,ndi
1786509519.553621,5.035040,-0.007250,-0.044170,-1.558280,ndi
1786509519.568591,5.050010,-0.007240,-0.044190,-1.558270,ndi
1786509519.586158,5.067578,-0.007230,-0.044210,-1.558260,ndi
1786509519.603634,5.085053,-0.007230,-0.044200,-1.558220,ndi
1786509519.618610,5.100029,-0.007240,-0.044190,-1.558220,ndi
1786509519.636152,5.117571,-0.007250,-0.044210,-1.558190,ndi
1786509519.653610,5.135030,-0.007240,-0.044240,-1.558140,ndi
1786509519.668696,5.150115,-0.007230,-0.044230,-1.558120,ndi
1786509519.686127,5.167547,-0.007230,-0.044230,-1.558100,ndi
1786509519.703619,5.185038,-0.007250,-0.044250,-1.558060,ndi
1786509519.718611,5.200030,-0.007240,-0.044260,-1.558040,ndi
1786509519.736244,5.217663,-0.007230,-0.044250,-1.558030,ndi
1786509519.753631,5.235050,-0.007220,-0.044250,-1.558010,ndi
1786509519.768613,5.250032,-0.007210,-0.044280,-1.557960,ndi
1786509519.786168,5.267587,-0.007240,-0.044270,-1.557930,ndi
1786509519.803634,5.285054,-0.007220,-0.044260,-1.557920,ndi
1786509519.818621,5.300041,-0.007210,-0.044270,-1.557900,ndi
1786509519.836173,5.317592,-0.007220,-0.044290,-1.557880,ndi
1786509519.853636,5.335055,-0.007230,-0.044270,-1.557870,ndi
1786509519.868624,5.350043,-0.007240,-0.044270,-1.557860,ndi
1786509519.886153,5.367572,-0.007230,-0.044280,-1.557800,ndi
1786509519.903620,5.385040,-0.007210,-0.044290,-1.557810,ndi
1786509519.918651,5.400070,-0.007220,-0.044290,-1.557800,ndi
1786509519.936188,5.417607,-0.007230,-0.044280,-1.557770,ndi
1786509519.953647,5.435066,-0.007220,-0.044310,-1.557760,ndi
1786509519.968633,5.450052,-0.007210,-0.044320,-1.557730,ndi
1786509519.986168,5.467587,-0.007200,-0.044310,-1.557700,ndi
1786509520.003648,5.485067,-0.007210,-0.044310,-1.557670,ndi
1786509520.018666,5.500085,-0.007220,-0.044320,-1.557650,ndi
1786509520.036160,5.517579,-0.007220,-0.044310,-1.557650,ndi
1786509520.053649,5.535069,-0.007210,-0.044250,-1.557630,ndi
1786509520.068663,5.550083,-0.007230,-0.044210,-1.557570,ndi
1786509520.086161,5.567580,-0.007250,-0.044190,-1.557550,ndi
1786509520.103642,5.585062,-0.007260,-0.044150,-1.557550,ndi
1786509520.118654,5.600074,-0.007260,-0.044100,-1.557470,ndi
1786509520.136175,5.617594,-0.007260,-0.044060,-1.557470,ndi
1786509520.153651,5.635070,-0.007260,-0.044050,-1.557420,ndi
1786509520.168666,5.650085,-0.007290,-0.044000,-1.557430,ndi
1786509520.186166,5.667585,-0.007280,-0.043940,-1.557410,ndi
1786509520.203653,5.685072,-0.007280,-0.043910,-1.557390,ndi
1786509520.218649,5.700068,-0.007290,-0.043890,-1.557360,ndi
1786509520.236149,5.717568,-0.007300,-0.043850,-1.557360,ndi
1786509520.253655,5.735074,-0.007320,-0.043800,-1.557320,ndi
1786509520.268660,5.750079,-0.007320,-0.043770,-1.557260,ndi
1786509520.286176,5.767595,-0.007320,-0.043750,-1.557230,ndi
1786509520.303646,5.785066,-0.007340,-0.043710,-1.557180,ndi
1786509520.318635,5.800055,-0.007340,-0.043660,-1.557170,ndi
1786509520.336190,5.817610,-0.007350,-0.043630,-1.557160,ndi
1786509520.353644,5.835063,-0.007340,-0.043600,-1.557130,ndi
1786509520.368670,5.850089,-0.007350,-0.043570,-1.557120,ndi
1786509520.386174,5.867593,-0.007360,-0.043520,-1.557090,ndi
1786509520.403648,5.885067,-0.007370,-0.043480,-1.557000,ndi
1786509520.418653,5.900072,-0.007380,-0.043460,-1.556970,ndi
1786509520.436143,5.917562,-0.007380,-0.043420,-1.556930,ndi
1786509520.453624,5.935043,-0.007400,-0.043360,-1.556890,ndi
1786509520.468655,5.950074,-0.007410,-0.043340,-1.556870,ndi
1786509520.486197,5.967616,-0.007430,-0.043300,-1.556810,ndi
1786509520.503653,5.985072,-0.007430,-0.043250,-1.556790,ndi
1786509520.518673,6.000093,-0.007420,-0.043230,-1.556740,ndi
1786509520.536211,6.017630,-0.007440,-0.043200,-1.556730,ndi
1786509520.553650,6.035070,-0.007460,-0.043160,-1.556690,ndi
1786509520.568681,6.050101,-0.007450,-0.043130,-1.556670,ndi
1786509520.586179,6.067599,-0.007450,-0.043100,-1.556660,ndi
1786509520.603657,6.085077,-0.007460,-0.043080,-1.556640,ndi
1786509520.618662,6.100082,-0.007480,-0.043040,-1.556590,ndi
1786509520.636183,6.117602,-0.007490,-0.042990,-1.556570,ndi
1786509520.653659,6.135078,-0.007490,-0.042960,-1.556540,ndi
1786509520.668669,6.150088,-0.007490,-0.042940,-1.556470,ndi
1786509520.686165,6.167584,-0.007500,-0.042900,-1.556470,ndi
1786509520.703654,6.185073,-0.007510,-0.042860,-1.556440,ndi
1786509520.718613,6.200032,-0.007510,-0.042840,-1.556410,ndi
1786509520.736245,6.217664,-0.007520,-0.042810,-1.556410,ndi
1786509520.753667,6.235087,-0.007510,-0.042770,-1.556390,ndi
1786509520.768646,6.250066,-0.007520,-0.042740,-1.556360,ndi
1786509520.786164,6.267583,-0.007540,-0.042720,-1.556350,ndi
1786509520.803679,6.285099,-0.007550,-0.042690,-1.556290,ndi
1786509520.818712,6.300131,-0.007540,-0.042660,-1.556310,ndi
1786509520.836195,6.317614,-0.007550,-0.042620,-1.556290,ndi
1786509520.853656,6.335075,-0.007570,-0.042590,-1.556230,ndi
1786509520.870777,6.352197,-0.007580,-0.042570,-1.556250,ndi
1786509520.886170,6.367590,-0.007580,-0.042550,-1.556230,ndi
1786509520.903668,6.385087,-0.007570,-0.042530,-1.556190,ndi
1786509520.918633,6.400053,-0.007570,-0.042500,-1.556200,ndi
1786509520.936202,6.417622,-0.007580,-0.042450,-1.556160,ndi
1786509520.953669,6.435089,-0.007600,-0.042410,-1.556140,ndi
1786509520.968679,6.450099,-0.007600,-0.042390,-1.556120,ndi
1786509520.986159,6.467578,-0.007590,-0.042360,-1.556110,ndi
1786509521.003659,6.485078,-0.007610,-0.042320,-1.556090,ndi
1786509521.018635,6.500054,-0.007630,-0.042290,-1.556050,ndi
1786509521.036164,6.517583,-0.007640,-0.042260,-1.556020,ndi
1786509521.053660,6.535079,-0.007650,-0.042220,-1.555990,ndi
1786509521.068668,6.550087,-0.007630,-0.042190,-1.555990,ndi
1786509521.086188,6.567607,-0.007660,-0.042150,-1.555940,ndi
1786509521.103670,6.585089,-0.007680,-0.042100,-1.555900,ndi
1786509521.118654,6.600074,-0.007660,-0.042060,-1.555830,ndi
1786509521.136170,6.617590,-0.007680,-0.042030,-1.555790,ndi
1786509521.153649,6.635069,-0.007690,-0.041980,-1.555770,ndi
1786509521.168682,6.650101,-0.007690,-0.041940,-1.555740,ndi
1786509521.186193,6.667613,-0.007710,-0.041890,-1.555670,ndi
1786509521.203649,6.685068,-0.007720,-0.041830,-1.555620,ndi
1786509521.218683,6.700103,-0.007740,-0.041800,-1.555620,ndi
1786509521.236202,6.717622,-0.007750,-0.041740,-1.555550,ndi
1786509521.253686,6.735106,-0.007760,-0.041690,-1.555510,ndi
1786509521.268665,6.750084,-0.007780,-0.041650,-1.555450,ndi
1786509521.286181,6.767600,-0.007770,-0.041620,-1.555480,ndi
1786509521.303659,6.785078,-0.007780,-0.041600,-1.555440,ndi
1786509521.318644,6.800063,-0.007800,-0.041570,-1.555400,ndi
1786509521.336180,6.817599,-0.007800,-0.041510,-1.555380,ndi
1786509521.353704,6.835124,-0.007800,-0.041480,-1.555350,ndi
1786509521.368670,6.850090,-0.007800,-0.041450,-1.555330,ndi
1786509521.386169,6.867589,-0.007810,-0.041390,-1.555300,ndi
1786509521.403662,6.885081,-0.007840,-0.041350,-1.555270,ndi
1786509521.418701,6.900120,-0.007860,-0.041330,-1.555210,ndi
1786509521.436188,6.917607,-0.007850,-0.041300,-1.555180,ndi
1786509521.453649,6.935068,-0.007860,-0.041230,-1.555140,ndi
1786509521.468676,6.950096,-0.007880,-0.041210,-1.555140,ndi
1786509521.486201,6.967620,-0.007890,-0.041180,-1.555120,ndi
1786509521.503648,6.985067,-0.007900,-0.041130,-1.555070,ndi
1786509521.518652,7.000071,-0.007900,-0.041090,-1.555060,ndi
1786509521.536200,7.017620,-0.007910,-0.041060,-1.555000,ndi
1786509521.553698,7.035117,-0.007920,-0.041020,-1.554990,ndi
1786509521.568678,7.050097,-0.007930,-0.040970,-1.554950,ndi
1786509521.586171,7.067591,-0.007950,-0.040920,-1.554890,ndi
1786509521.603658,7.085078,-0.007960,-0.040910,-1.554900,ndi
1786509521.618682,7.100102,-0.007970,-0.040870,-1.554870,ndi
1786509521.636197,7.117616,-0.007990,-0.040820,-1.554810,ndi
1786509521.653668,7.135087,-0.008000,-0.040800,-1.554800,ndi
1786509521.668671,7.150090,-0.008000,-0.040790,-1.554750,ndi
1786509521.686185,7.167604,-0.008010,-0.040740,-1.554750,ndi
1786509521.703629,7.185048,-0.008020,-0.040700,-1.554720,ndi
1786509521.718658,7.200078,-0.008020,-0.040680,-1.554680,ndi
1786509521.736188,7.217607,-0.008040,-0.040650,-1.554670,ndi
1786509521.753675,7.235095,-0.008040,-0.040600,-1.554650,ndi
1786509521.768647,7.250067,-0.008050,-0.040560,-1.554640,ndi
1786509521.786179,7.267599,-0.008070,-0.040540,-1.554540,ndi
1786509521.801218,7.282637,-0.008080,-0.040510,-1.554540,ndi
1786509521.818809,7.300228,-0.008090,-0.040470,-1.554520,ndi
1786509521.836186,7.317605,-0.008100,-0.040430,-1.554510,ndi
1786509521.853682,7.335102,-0.008120,-0.040410,-1.554490,ndi
1786509521.868732,7.350152,-0.008130,-0.040360,-1.554430,ndi
1786509521.886177,7.367596,-0.008140,-0.040310,-1.554430,ndi
1786509521.901212,7.382632,-0.008140,-0.040280,-1.554380,ndi
1786509521.918637,7.400056,-0.008150,-0.040250,-1.554360,ndi
1786509521.936207,7.417626,-0.008160,-0.040210,-1.554370,ndi
1786509521.953687,7.435106,-0.008180,-0.040160,-1.554320,ndi
1786509521.968687,7.450106,-0.008190,-0.040130,-1.554300,ndi
1786509521.986172,7.467592,-0.008200,-0.040100,-1.554290,ndi
1786509522.003680,7.485099,-0.008210,-0.040050,-1.554250,ndi
1786509522.018703,7.500122,-0.008220,-0.040010,-1.554210,ndi
1786509522.036196,7.517615,-0.008240,-0.039970,-1.554170,ndi
1786509522.053682,7.535101,-0.008240,-0.039950,-1.554130,ndi
1786509522.068687,7.550107,-0.008260,-0.039920,-1.554090,ndi
1786509522.086188,7.567607,-0.008270,-0.039860,-1.554080,ndi
1786509522.103659,7.585078,-0.008250,-0.039840,-1.554040,ndi
1786509522.118701,7.600120,-0.008280,-0.039820,-1.554050,ndi
1786509522.136224,7.617643,-0.008280,-0.039770,-1.554020,ndi
1786509522.151402,7.632821,-0.008290,-0.039720,-1.554000,ndi
1786509522.168655,7.650074,-0.008320,-0.039700,-1.553910,ndi
1786509522.186195,7.667614,-0.008330,-0.039680,-1.553910,ndi
1786509522.201344,7.682763,-0.008320,-0.039630,-1.553860,ndi
1786509522.218711,7.700131,-0.008350,-0.039560,-1.553840,ndi
1786509522.236199,7.717619,-0.008370,-0.039540,-1.553810,ndi
1786509522.253676,7.735095,-0.008370,-0.039530,-1.553790,ndi
1786509522.268673,7.750092,-0.008390,-0.039480,-1.553770,ndi
1786509522.286167,7.767587,-0.008380,-0.039430,-1.553710,ndi
1786509522.303687,7.785106,-0.008390,-0.039400,-1.553650,ndi
1786509522.318711,7.800130,-0.008430,-0.039370,-1.553670,ndi
1786509522.336213,7.817633,-0.008410,-0.039320,-1.553650,ndi
1786509522.351358,7.832778,-0.008430,-0.039280,-1.553610,ndi
1786509522.368680,7.850099,-0.008460,-0.039270,-1.553560,ndi
1786509522.386214,7.867633,-0.008460,-0.039240,-1.553520,ndi
1786509522.401349,7.882768,-0.008490,-0.039190,-1.553490,ndi
1786509522.418723,7.900142,-0.008490,-0.039160,-1.553460,ndi
1786509522.436215,7.917634,-0.008490,-0.039130,-1.553410,ndi
1786509522.453678,7.935097,-0.008520,-0.039100,-1.553440,ndi
1786509522.468710,7.950129,-0.008510,-0.039060,-1.553390,ndi
1786509522.486170,7.967589,-0.008530,-0.039030,-1.553360,ndi
1786509522.503670,7.985089,-0.008540,-0.039010,-1.553300,ndi
1786509522.518703,8.000123,-0.008540,-0.038970,-1.553280,ndi
1786509522.536198,8.017617,-0.008560,-0.038930,-1.553280,ndi
1786509522.551349,8.032768,-0.008570,-0.038910,-1.553240,ndi
1786509522.568673,8.050092,-0.008580,-0.038890,-1.553210,ndi
1786509522.586202,8.067621,-0.008600,-0.038840,-1.553190,ndi
1786509522.601355,8.082774,-0.008610,-0.038800,-1.553130,ndi
1786509522.618702,8.100121,-0.008620,-0.038770,-1.553100,ndi
1786509522.636208,8.117627,-0.008650,-0.038740,-1.553080,ndi
1786509522.651291,8.132710,-0.008650,-0.038700,-1.553070,ndi
1786509522.668666,8.150085,-0.008660,-0.038670,-1.553020,ndi
1786509522.686186,8.167606,-0.008690,-0.038640,-1.553000,ndi
1786509522.703698,8.185117,-0.008700,-0.038600,-1.552980,ndi
1786509522.718715,8.200134,-0.008690,-0.038570,-1.552940,ndi
1786509522.736178,8.217598,-0.008710,-0.038540,-1.552920,ndi
1786509522.751378,8.232797,-0.008720,-0.038510,-1.552860,ndi
1786509522.768683,8.250102,-0.008740,-0.038460,-1.552850,ndi
1786509522.786199,8.267618,-0.008760,-0.038430,-1.552820,ndi
1786509522.801358,8.282778,-0.008770,-0.038400,-1.552790,ndi
1786509522.818716,8.300135,-0.008790,-0.038360,-1.552750,ndi
1786509522.836208,8.317627,-0.008800,-0.038310,-1.552740,ndi
1786509522.853702,8.335122,-0.008810,-0.038290,-1.552730,ndi
1786509522.868669,8.350088,-0.008820,-0.038270,-1.552710,ndi
1786509522.886208,8.367627,-0.008820,-0.038220,-1.552670,ndi
1786509522.903685,8.385104,-0.008840,-0.038180,-1.552640,ndi
1786509522.918748,8.400167,-0.008860,-0.038150,-1.552630,ndi
1786509522.936209,8.417629,-0.008870,-0.038130,-1.552630,ndi
1786509522.951454,8.432873,-0.008880,-0.038070,-1.552600,ndi
1786509522.968670,8.450089,-0.008900,-0.038030,-1.552570,ndi
1786509522.986194,8.467613,-0.008930,-0.038010,-1.552530,ndi
1786509523.001280,8.482699,-0.008930,-0.037980,-1.552500,ndi
1786509523.018721,8.500141,-0.008950,-0.037940,-1.552450,ndi
1786509523.036214,8.517633,-0.008950,-0.037900,-1.552460,ndi
1786509523.051351,8.532770,-0.008960,-0.037870,-1.552410,ndi
1786509523.068688,8.550107,-0.008980,-0.037840,-1.552410,ndi
1786509523.086174,8.567594,-0.008990,-0.037790,-1.552350,ndi
1786509523.101285,8.582705,-0.009000,-0.037770,-1.552290,ndi
1786509523.118727,8.600146,-0.009010,-0.037740,-1.552270,ndi
1786509523.136187,8.617606,-0.009030,-0.037700,-1.552220,ndi
1786509523.151361,8.632781,-0.009040,-0.037660,-1.552190,ndi
1786509523.168696,8.650115,-0.009070,-0.037620,-1.552170,ndi
1786509523.186236,8.667655,-0.009080,-0.037600,-1.552140,ndi
1786509523.201310,8.682729,-0.009090,-0.037560,-1.552120,ndi
1786509523.218727,8.700146,-0.009120,-0.037510,-1.552100,ndi
1786509523.236205,8.717625,-0.009120,-0.037480,-1.552050,ndi
1786509523.251361,8.732780,-0.009140,-0.037470,-1.552030,ndi
1786509523.268678,8.750097,-0.009160,-0.037430,-1.552000,ndi
1786509523.286183,8.767602,-0.009140,-0.037380,-1.551960,ndi
1786509523.301369,8.782789,-0.009170,-0.037360,-1.551930,ndi
1786509523.318716,8.800135,-0.009190,-0.037340,-1.551900,ndi
1786509523.336188,8.817608,-0.009190,-0.037280,-1.551890,ndi
1786509523.351389,8.832808,-0.009210,-0.037240,-1.551800,ndi
1786509523.368759,8.850178,-0.009230,-0.037230,-1.551780,ndi
1786509523.386220,8.867640,-0.009240,-0.037210,-1.551750,ndi
1786509523.403689,8.885108,-0.009260,-0.037140,-1.551750,ndi
1786509523.418751,8.900170,-0.009280,-0.037100,-1.551710,ndi
1786509523.436205,8.917625,-0.009290,-0.037100,-1.551670,ndi
1786509523.453708,8.935127,-0.009300,-0.037070,-1.551650,ndi
1786509523.468707,8.950126,-0.009310,-0.037030,-1.551650,ndi
1786509523.486227,8.967646,-0.009320,-0.037000,-1.551630,ndi
1786509523.501300,8.982720,-0.009350,-0.036990,-1.551630,ndi
1786509523.518723,9.000142,-0.009350,-0.036960,-1.551610,ndi
1786509523.536201,9.017621,-0.009360,-0.036910,-1.551540,ndi
1786509523.553652,9.035071,-0.009400,-0.036880,-1.551510,ndi
1786509523.568734,9.050154,-0.009410,-0.036860,-1.551480,ndi
1786509523.586229,9.067648,-0.009440,-0.036810,-1.551470,ndi
1786509523.601291,9.082711,-0.009450,-0.036770,-1.551420,ndi
1786509523.618700,9.100119,-0.009470,-0.036750,-1.551390,ndi
1786509523.636230,9.117649,-0.009480,-0.036730,-1.551360,ndi
1786509523.653673,9.135093,-0.009490,-0.036680,-1.551340,ndi
1786509523.668692,9.150111,-0.009490,-0.036650,-1.551350,ndi
1786509523.686220,9.167639,-0.009520,-0.036630,-1.551330,ndi
1786509523.701318,9.182737,-0.009540,-0.036610,-1.551280,ndi
1786509523.718738,9.200158,-0.009550,-0.036560,-1.551250,ndi
1786509523.736205,9.217625,-0.009560,-0.036520,-1.551210,ndi
1786509523.753720,9.235139,-0.009590,-0.036500,-1.551180,ndi
1786509523.768724,9.250143,-0.009610,-0.036470,-1.551170,ndi
1786509523.786231,9.267650,-0.009620,-0.036430,-1.551090,ndi
1786509523.801312,9.282732,-0.009630,-0.036390,-1.551090,ndi
1786509523.818712,9.300131,-0.009640,-0.036370,-1.551070,ndi
1786509523.836215,9.317634,-0.009660,-0.036340,-1.551010,ndi
1786509523.853688,9.335108,-0.009680,-0.036290,-1.550970,ndi
1786509523.868690,9.350110,-0.009690,-0.036250,-1.550950,ndi
1786509523.886222,9.367641,-0.009720,-0.036230,-1.550920,ndi
1786509523.901304,9.382724,-0.009720,-0.036200,-1.550920,ndi
1786509523.918715,9.400135,-0.009730,-0.036140,-1.550890,ndi
1786509523.936223,9.417642,-0.009760,-0.036110,-1.550870,ndi
1786509523.953710,9.435129,-0.009780,-0.036090,-1.550840,ndi
1786509523.968735,9.450155,-0.009790,-0.036060,-1.550840,ndi
1786509523.986251,9.467670,-0.009800,-0.036010,-1.550800,ndi
1786509524.001314,9.482733,-0.009810,-0.035980,-1.550760,ndi
1786509524.018713,9.500132,-0.009830,-0.035970,-1.550750,ndi
1786509524.036186,9.517606,-0.009840,-0.035930,-1.550700,ndi
1786509524.053705,9.535125,-0.009840,-0.035880,-1.550680,ndi
1786509524.068722,9.550141,-0.009870,-0.035840,-1.550630,ndi
1786509524.086228,9.567648,-0.009890,-0.035830,-1.550620,ndi
1786509524.101293,9.582712,-0.009900,-0.035790,-1.550590,ndi
1786509524.118733,9.600152,-0.009920,-0.035720,-1.550520,ndi
1786509524.136202,9.617622,-0.009940,-0.035710,-1.550490,ndi
1786509524.151304,9.632723,-0.009950,-0.035700,-1.550440,ndi
1786509524.168751,9.650170,-0.009980,-0.035640,-1.550420,ndi
1786509524.186255,9.667675,-0.010010,-0.035590,-1.550380,ndi
1786509524.203693,9.685113,-0.010010,-0.035590,-1.550330,ndi
1786509524.218751,9.700170,-0.010020,-0.035570,-1.550340,ndi
1786509524.236201,9.717621,-0.010040,-0.035520,-1.550300,ndi
1786509524.253706,9.735125,-0.010040,-0.035490,-1.550250,ndi
1786509524.268725,9.750144,-0.010070,-0.035480,-1.550210,ndi
1786509524.286237,9.767656,-0.010080,-0.035460,-1.550200,ndi
1786509524.301301,9.782721,-0.010090,-0.035410,-1.550200,ndi
1786509524.318732,9.800151,-0.010110,-0.035390,-1.550170,ndi
1786509524.336197,9.817616,-0.010150,-0.035370,-1.550150,ndi
1786509524.351323,9.832743,-0.010150,-0.035330,-1.550100,ndi
1786509524.368755,9.850174,-0.010170,-0.035290,-1.550050,ndi
1786509524.386244,9.867663,-0.010190,-0.035270,-1.550010,ndi
1786509524.401307,9.882726,-0.010190,-0.035250,-1.550030,ndi
1786509524.418745,9.900164,-0.010230,-0.035220,-1.550020,ndi
1786509524.436227,9.917646,-0.010240,-0.035180,-1.549970,ndi
1786509524.451228,9.932647,-0.010250,-0.035160,-1.549940,ndi
1786509524.468717,9.950136,-0.010260,-0.035130,-1.549910,ndi
1786509524.486254,9.967673,-0.010280,-0.035090,-1.549890,ndi
1786509524.501302,9.982721,-0.010310,-0.035060,-1.549920,ndi
1786509524.518745,10.000165,-0.010320,-0.035030,-1.549830,ndi
1786509524.536227,10.017646,-0.010340,-0.035000,-1.549850,ndi
1786509524.551316,10.032735,-0.010380,-0.034960,-1.549780,ndi
1786509524.568776,10.050195,-0.010380,-0.034940,-1.549760,ndi
1786509524.586233,10.067653,-0.010400,-0.034910,-1.549760,ndi
1786509524.601311,10.082731,-0.010410,-0.034880,-1.549700,ndi
1786509524.618723,10.100142,-0.010440,-0.034840,-1.549670,ndi
1786509524.636223,10.117642,-0.010460,-0.034800,-1.549640,ndi
1786509524.651240,10.132659,-0.010470,-0.034780,-1.549640,ndi
1786509524.668901,10.150321,-0.010490,-0.034750,-1.549590,ndi
1786509524.686266,10.167685,-0.010510,-0.034710,-1.549520,ndi
1786509524.701317,10.182736,-0.010530,-0.034680,-1.549520,ndi
1786509524.718734,10.200153,-0.010550,-0.034650,-1.549470,ndi
1786509524.736247,10.217667,-0.010570,-0.034610,-1.549470,ndi
1786509524.751319,10.232738,-0.010590,-0.034590,-1.549430,ndi
1786509524.768755,10.250175,-0.010600,-0.034550,-1.549390,ndi
1786509524.786258,10.267678,-0.010640,-0.034520,-1.549380,ndi
1786509524.801440,10.282860,-0.010640,-0.034490,-1.549380,ndi
1786509524.818748,10.300167,-0.010670,-0.034460,-1.549310,ndi
1786509524.836236,10.317656,-0.010670,-0.034420,-1.549310,ndi
1786509524.851338,10.332757,-0.010680,-0.034390,-1.549270,ndi
1786509524.868770,10.350189,-0.010720,-0.034360,-1.549230,ndi
1786509524.886235,10.367655,-0.010720,-0.034320,-1.549200,ndi
1786509524.901313,10.382732,-0.010740,-0.034280,-1.549200,ndi
1786509524.918726,10.400145,-0.010780,-0.034260,-1.549150,ndi
1786509524.936262,10.417681,-0.010780,-0.034230,-1.549110,ndi
1786509524.951329,10.432749,-0.010820,-0.034180,-1.549110,ndi
1786509524.968742,10.450161,-0.010830,-0.034150,-1.549100,ndi
1786509524.986223,10.467643,-0.010840,-0.034140,-1.549040,ndi
1786509525.001325,10.482745,-0.010860,-0.034100,-1.549030,ndi
1786509525.018731,10.500150,-0.010880,-0.034060,-1.549010,ndi
1786509525.036263,10.517682,-0.010900,-0.034030,-1.548940,ndi
1786509525.051324,10.532743,-0.010910,-0.034010,-1.548910,ndi
1786509525.068821,10.550240,-0.010930,-0.033980,-1.548890,ndi
1786509525.086237,10.567656,-0.010950,-0.033930,-1.548870,ndi
1786509525.101319,10.582738,-0.010960,-0.033910,-1.548850,ndi
1786509525.118754,10.600173,-0.010990,-0.033890,-1.548800,ndi
1786509525.136232,10.617652,-0.011020,-0.033840,-1.548740,ndi
1786509525.151325,10.632745,-0.011040,-0.033820,-1.548740,ndi
1786509525.168749,10.650168,-0.011050,-0.033800,-1.548710,ndi
1786509525.186266,10.667685,-0.011070,-0.033760,-1.548710,ndi
1786509525.203712,10.685131,-0.011110,-0.033720,-1.548640,ndi
1786509525.218673,10.700093,-0.011110,-0.033710,-1.548640,ndi
1786509525.236215,10.717634,-0.011130,-0.033680,-1.548590,ndi
1786509525.251344,10.732764,-0.011140,-0.033650,-1.548560,ndi
1786509525.268804,10.750224,-0.011150,-0.033610,-1.548570,ndi
1786509525.286255,10.767675,-0.011180,-0.033590,-1.548530,ndi
1786509525.301320,10.782739,-0.011190,-0.033550,-1.548510,ndi
1786509525.318775,10.800194,-0.011220,-0.033530,-1.548460,ndi
1786509525.336263,10.817683,-0.011250,-0.033500,-1.548440,ndi
1786509525.353726,10.835145,-0.011250,-0.033460,-1.548420,ndi
1786509525.368748,10.850167,-0.011280,-0.033430,-1.548380,ndi
1786509525.386250,10.867670,-0.011300,-0.033400,-1.548320,ndi
1786509525.403708,10.885127,-0.011310,-0.033370,-1.548320,ndi
1786509525.418696,10.900115,-0.011320,-0.033340,-1.548300,ndi
1786509525.436240,10.917659,-0.011340,-0.033310,-1.548250,ndi
1786509525.451329,10.932748,-0.011360,-0.033280,-1.548240,ndi
1786509525.468736,10.950156,-0.011380,-0.033260,-1.548210,ndi
1786509525.486265,10.967685,-0.011400,-0.033210,-1.548200,ndi
1786509525.503713,10.985132,-0.011430,-0.033180,-1.548170,ndi
1786509525.518753,11.000172,-0.011450,-0.033160,-1.548130,ndi
1786509525.536257,11.017676,-0.011470,-0.033120,-1.548130,ndi
1786509525.551334,11.032753,-0.011490,-0.033080,-1.548110,ndi
1786509525.568740,11.050159,-0.011510,-0.033070,-1.548080,ndi
1786509525.586267,11.067687,-0.011530,-0.033030,-1.548040,ndi
1786509525.603726,11.085145,-0.011550,-0.032970,-1.548010,ndi
1786509525.618731,11.100150,-0.011560,-0.032940,-1.548010,ndi
1786509525.636258,11.117678,-0.011590,-0.032930,-1.547970,ndi
1786509525.651332,11.132752,-0.011600,-0.032900,-1.547940,ndi
1786509525.668736,11.150155,-0.011620,-0.032840,-1.547890,ndi
1786509525.686267,11.167686,-0.011640,-0.032820,-1.547900,ndi
1786509525.703748,11.185167,-0.011670,-0.032810,-1.547820,ndi
1786509525.718748,11.200168,-0.011680,-0.032760,-1.547860,ndi
1786509525.736251,11.217670,-0.011710,-0.032720,-1.547780,ndi
1786509525.751336,11.232756,-0.011730,-0.032690,-1.547750,ndi
1786509525.768740,11.250160,-0.011750,-0.032670,-1.547740,ndi
1786509525.786251,11.267670,-0.011780,-0.032630,-1.547710,ndi
1786509525.803707,11.285126,-0.011810,-0.032590,-1.547720,ndi
1786509525.818742,11.300161,-0.011820,-0.032570,-1.547660,ndi
1786509525.836298,11.317717,-0.011840,-0.032550,-1.547610,ndi
1786509525.851340,11.332760,-0.011860,-0.032500,-1.547600,ndi
1786509525.868772,11.350191,-0.011890,-0.032460,-1.547580,ndi
1786509525.886258,11.367677,-0.011920,-0.032440,-1.547560,ndi
1786509525.901344,11.382763,-0.011930,-0.032410,-1.547520,ndi
1786509525.918765,11.400184,-0.011970,-0.032380,-1.547490,ndi
1786509525.936271,11.417691,-0.011970,-0.032340,-1.547480,ndi
1786509525.951338,11.432757,-0.012000,-0.032310,-1.547430,ndi
1786509525.968758,11.450178,-0.012020,-0.032280,-1.547400,ndi
1786509525.986234,11.467653,-0.012050,-0.032240,-1.547360,ndi
1786509526.003721,11.485140,-0.012060,-0.032210,-1.547370,ndi
1786509526.018759,11.500178,-0.012080,-0.032190,-1.547290,ndi
1786509526.036270,11.517689,-0.012090,-0.032160,-1.547290,ndi
1786509526.051331,11.532751,-0.012120,-0.032130,-1.547270,ndi
1786509526.068745,11.550165,-0.012130,-0.032090,-1.547220,ndi
1786509526.086264,11.567684,-0.012150,-0.032070,-1.547180,ndi
1786509526.101440,11.582859,-0.012170,-0.032040,-1.547190,ndi
1786509526.118778,11.600198,-0.012200,-0.032010,-1.547100,ndi
1786509526.136285,11.617704,-0.012220,-0.031970,-1.547100,ndi
1786509526.153744,11.635163,-0.012230,-0.031940,-1.547090,ndi
1786509526.168753,11.650172,-0.012250,-0.031930,-1.547050,ndi
1786509526.186233,11.667652,-0.012270,-0.031910,-1.547030,ndi
1786509526.203745,11.685164,-0.012280,-0.031860,-1.547010,ndi
1786509526.218791,11.700210,-0.012300,-0.031830,-1.546970,ndi
1786509526.236269,11.717688,-0.012320,-0.031820,-1.546920,ndi
1786509526.251338,11.732757,-0.012330,-0.031790,-1.546910,ndi
1786509526.268752,11.750172,-0.012360,-0.031750,-1.546880,ndi
1786509526.286256,11.767676,-0.012380,-0.031720,-1.546840,ndi
1786509526.303758,11.785177,-0.012400,-0.031700,-1.546820,ndi
1786509526.318774,11.800194,-0.012420,-0.031660,-1.546800,ndi
1786509526.336267,11.817686,-0.012430,-0.031630,-1.546770,ndi
1786509526.353770,11.835190,-0.012460,-0.031610,-1.546770,ndi
1786509526.368773,11.850193,-0.012470,-0.031580,-1.546720,ndi
1786509526.386243,11.867662,-0.012500,-0.031550,-1.546690,ndi
1786509526.403733,11.885152,-0.012520,-0.031520,-1.546690,ndi
1786509526.418778,11.900197,-0.012530,-0.031490,-1.546670,ndi
1786509526.436272,11.917691,-0.012550,-0.031460,-1.546610,ndi
1786509526.451350,11.932770,-0.012560,-0.031430,-1.546580,ndi
1786509526.468750,11.950169,-0.012600,-0.031410,-1.546560,ndi
1786509526.486320,11.967739,-0.012630,-0.031370,-1.546540,ndi
1786509526.503773,11.985193,-0.012650,-0.031340,-1.546500,ndi
1786509526.518782,12.000201,-0.012670,-0.031310,-1.546460,ndi
1786509526.536258,12.017677,-0.012690,-0.031280,-1.546410,ndi
1786509526.553757,12.035177,-0.012710,-0.031230,-1.546380,ndi
1786509526.568720,12.050139,-0.012730,-0.031200,-1.546380,ndi
1786509526.586235,12.067655,-0.012760,-0.031180,-1.546360,ndi
1786509526.603741,12.085160,-0.012770,-0.031150,-1.546310,ndi
1786509526.618793,12.100212,-0.012800,-0.031120,-1.546300,ndi
1786509526.636250,12.117670,-0.012820,-0.031080,-1.546260,ndi
1786509526.651342,12.132762,-0.012820,-0.031060,-1.546250,ndi
1786509526.668748,12.150168,-0.012850,-0.031030,-1.546210,ndi
1786509526.686370,12.167789,-0.012880,-0.031000,-1.546180,ndi
1786509526.703760,12.185180,-0.012910,-0.030960,-1.546180,ndi
1786509526.718787,12.200207,-0.012920,-0.030940,-1.546180,ndi
1786509526.736285,12.217704,-0.012940,-0.030900,-1.546120,ndi
1786509526.753751,12.235170,-0.012960,-0.030870,-1.546110,ndi
1786509526.768726,12.250146,-0.012980,-0.030850,-1.546070,ndi
1786509526.786243,12.267662,-0.012980,-0.030810,-1.546070,ndi
1786509526.803764,12.285183,-0.013020,-0.030780,-1.546020,ndi
1786509526.818774,12.300194,-0.013030,-0.030760,-1.545990,ndi
1786509526.836264,12.317684,-0.013040,-0.030740,-1.545950,ndi
1786509526.851362,12.332782,-0.013050,-0.030700,-1.545920,ndi
1786509526.868725,12.350144,-0.013090,-0.030660,-1.545880,ndi
1786509526.886312,12.367732,-0.013120,-0.030640,-1.545830,ndi
1786509526.903775,12.385195,-0.013140,-0.030600,-1.545810,ndi
1786509526.918776,12.400195,-0.013160,-0.030560,-1.545750,ndi
1786509526.936251,12.417670,-0.013180,-0.030530,-1.545730,ndi
1786509526.953764,12.435184,-0.013190,-0.030500,-1.545700,ndi
1786509526.968748,12.450167,-0.013210,-0.030470,-1.545690,ndi
1786509526.986248,12.467668,-0.013240,-0.030450,-1.545650,ndi
1786509527.003767,12.485186,-0.013250,-0.030430,-1.545620,ndi
1786509527.018765,12.500185,-0.013260,-0.030380,-1.545590,ndi
1786509527.036265,12.517684,-0.013290,-0.030360,-1.545580,ndi
1786509527.053756,12.535176,-0.013310,-0.030350,-1.545580,ndi
1786509527.068790,12.550210,-0.013330,-0.030320,-1.545560,ndi
1786509527.086320,12.567739,-0.013350,-0.030280,-1.545500,ndi
1786509527.103779,12.585198,-0.013370,-0.030250,-1.545490,ndi
1786509527.118778,12.600197,-0.013390,-0.030240,-1.545420,ndi
1786509527.136285,12.617704,-0.013430,-0.030190,-1.545420,ndi
1786509527.153755,12.635175,-0.013440,-0.030140,-1.545370,ndi
1786509527.168750,12.650169,-0.013460,-0.030140,-1.545320,ndi
1786509527.186271,12.667690,-0.013460,-0.030130,-1.545320,ndi
1786509527.203776,12.685195,-0.013490,-0.030080,-1.545300,ndi
1786509527.218751,12.700171,-0.013510,-0.030040,-1.545270,ndi
1786509527.236265,12.717685,-0.013520,-0.030030,-1.545240,ndi
1786509527.253757,12.735176,-0.013550,-0.030020,-1.545230,ndi
1786509527.268791,12.750211,-0.013580,-0.029970,-1.545190,ndi
1786509527.286345,12.767764,-0.013600,-0.029930,-1.545180,ndi
1786509527.303777,12.785196,-0.013620,-0.029930,-1.545170,ndi
1786509527.318788,12.800208,-0.013640,-0.029910,-1.545110,ndi
1786509527.336294,12.817713,-0.013650,-0.029860,-1.545100,ndi
1786509527.353747,12.835166,-0.013670,-0.029820,-1.545090,ndi
1786509527.368748,12.850168,-0.013690,-0.029830,-1.545060,ndi
1786509527.386262,12.867682,-0.013700,-0.029800,-1.545020,ndi
1786509527.403762,12.885181,-0.013720,-0.029730,-1.545000,ndi
1786509527.418807,12.900226,-0.013750,-0.029710,-1.544950,ndi
1786509527.436275,12.917695,-0.013760,-0.029700,-1.544920,ndi
1786509527.453746,12.935166,-0.013800,-0.029660,-1.544890,ndi
1786509527.468778,12.950197,-0.013820,-0.029620,-1.544860,ndi
1786509527.486393,12.967812,-0.013840,-0.029570,-1.544810,ndi
1786509527.503789,12.985209,-0.013860,-0.029570,-1.544790,ndi
1786509527.518777,13.000196,-0.013890,-0.029540,-1.544790,ndi
1786509527.536275,13.017694,-0.013910,-0.029480,-1.544750,ndi
1786509527.553759,13.035179,-0.013910,-0.029460,-1.544710,ndi
1786509527.568749,13.050168,-0.013940,-0.029460,-1.544680,ndi
1786509527.586297,13.067716,-0.013960,-0.029420,-1.544670,ndi
1786509527.603780,13.085199,-0.013980,-0.029380,-1.544640,ndi
1786509527.618757,13.100176,-0.014000,-0.029350,-1.544630,ndi
1786509527.636265,13.117684,-0.014010,-0.029340,-1.544570,ndi
1786509527.653782,13.135202,-0.014050,-0.029310,-1.544570,ndi
1786509527.668780,13.150199,-0.014090,-0.029260,-1.544550,ndi
1786509527.686294,13.167713,-0.014100,-0.029220,-1.544530,ndi
1786509527.703771,13.185191,-0.014110,-0.029220,-1.544500,ndi
1786509527.718782,13.200202,-0.014140,-0.029190,-1.544470,ndi
1786509527.736269,13.217688,-0.014150,-0.029140,-1.544430,ndi
1786509527.753740,13.235159,-0.014190,-0.029110,-1.544390,ndi
1786509527.768770,13.250189,-0.014190,-0.029100,-1.544380,ndi
1786509527.786288,13.267707,-0.014210,-0.029060,-1.544360,ndi
1786509527.801360,13.282780,-0.014230,-0.029020,-1.544360,ndi
1786509527.818772,13.300191,-0.014260,-0.029000,-1.544280,ndi
1786509527.836295,13.317714,-0.014290,-0.028970,-1.544230,ndi
1786509527.853779,13.335198,-0.014310,-0.028930,-1.544220,ndi
1786509527.868784,13.350203,-0.014330,-0.028900,-1.544190,ndi
1786509527.886291,13.367710,-0.014360,-0.028880,-1.544160,ndi
1786509527.903777,13.385196,-0.014390,-0.028840,-1.544140,ndi
1786509527.918785,13.400204,-0.014410,-0.028810,-1.544140,ndi
1786509527.936303,13.417722,-0.014420,-0.028790,-1.544100,ndi
1786509527.951288,13.432708,-0.014450,-0.028770,-1.544060,ndi
1786509527.968792,13.450211,-0.014470,-0.028740,-1.544050,ndi
1786509527.986296,13.467716,-0.014500,-0.028710,-1.544020,ndi
1786509528.003770,13.485190,-0.014500,-0.028680,-1.543990,ndi
1786509528.018779,13.500199,-0.014510,-0.028670,-1.543960,ndi
1786509528.036280,13.517700,-0.014550,-0.028630,-1.543910,ndi
1786509528.053795,13.535214,-0.014570,-0.028610,-1.543850,ndi
1786509528.068789,13.550209,-0.014610,-0.028590,-1.543860,ndi
1786509528.086301,13.567720,-0.014610,-0.028550,-1.543850,ndi
1786509528.103781,13.585201,-0.014630,-0.028520,-1.543790,ndi
1786509528.118783,13.600203,-0.014650,-0.028500,-1.543780,ndi
1786509528.136289,13.617708,-0.014680,-0.028480,-1.543740,ndi
1786509528.151274,13.632694,-0.014690,-0.028440,-1.543740,ndi
1786509528.168806,13.650225,-0.014700,-0.028410,-1.543710,ndi
1786509528.186294,13.667713,-0.014730,-0.028400,-1.543650,ndi
1786509528.203772,13.685192,-0.014750,-0.028370,-1.543620,ndi
1786509528.218788,13.700207,-0.014760,-0.028320,-1.543570,ndi
1786509528.236281,13.717701,-0.014790,-0.028300,-1.543580,ndi
1786509528.251414,13.732833,-0.014810,-0.028300,-1.543580,ndi
1786509528.268789,13.750208,-0.014820,-0.028260,-1.543510,ndi
1786509528.286290,13.767709,-0.014850,-0.028220,-1.543490,ndi
1786509528.303763,13.785182,-0.014870,-0.028200,-1.543480,ndi
1786509528.318803,13.800222,-0.014890,-0.028180,-1.543450,ndi
1786509528.336289,13.817708,-0.014920,-0.028140,-1.543430,ndi
1786509528.351279,13.832698,-0.014940,-0.028100,-1.543380,ndi
1786509528.368792,13.850211,-0.014950,-0.028090,-1.543340,ndi
1786509528.386302,13.867722,-0.014980,-0.028060,-1.543350,ndi
1786509528.403753,13.885173,-0.015000,-0.028020,-1.543350,ndi
1786509528.418789,13.900208,-0.015020,-0.027990,-1.543340,ndi
1786509528.436311,13.917730,-0.015050,-0.027970,-1.543260,ndi
1786509528.451282,13.932701,-0.015080,-0.027940,-1.543240,ndi
1786509528.468815,13.950234,-0.015110,-0.027910,-1.543180,ndi
1786509528.486292,13.967711,-0.015120,-0.027860,-1.543200,ndi
1786509528.503792,13.985212,-0.015140,-0.027850,-1.543160,ndi
1786509528.518785,14.000204,-0.015180,-0.027830,-1.543120,ndi
1786509528.536278,14.017698,-0.015190,-0.027780,-1.543130,ndi
1786509528.553796,14.035215,-0.015210,-0.027750,-1.543090,ndi
1786509528.568795,14.050214,-0.015230,-0.027740,-1.543030,ndi
1786509528.586277,14.067696,-0.015260,-0.027710,-1.543030,ndi
1786509528.603760,14.085179,-0.015270,-0.027660,-1.543020,ndi
1786509528.618771,14.100190,-0.015290,-0.027630,-1.542970,ndi
1786509528.636304,14.117723,-0.015320,-0.027630,-1.542930,ndi
1786509528.651282,14.132701,-0.015340,-0.027600,-1.542920,ndi
1786509528.668799,14.150218,-0.015360,-0.027540,-1.542860,ndi
1786509528.686286,14.167705,-0.015370,-0.027520,-1.542840,ndi
1786509528.703799,14.185218,-0.015400,-0.027510,-1.542830,ndi
1786509528.718774,14.200193,-0.015420,-0.027470,-1.542820,ndi
1786509528.736292,14.217711,-0.015440,-0.027410,-1.542740,ndi
1786509528.753796,14.235215,-0.015480,-0.027400,-1.542720,ndi
1786509528.768816,14.250236,-0.015490,-0.027400,-1.542700,ndi
1786509528.786278,14.267697,-0.015510,-0.027350,-1.542670,ndi
1786509528.803782,14.285201,-0.015520,-0.027300,-1.542610,ndi
1786509528.818778,14.300197,-0.015560,-0.027300,-1.542610,ndi
1786509528.836296,14.317715,-0.015590,-0.027280,-1.542570,ndi
1786509528.851360,14.332779,-0.015600,-0.027230,-1.542570,ndi
1786509528.868788,14.350207,-0.015630,-0.027190,-1.542530,ndi
1786509528.886275,14.367694,-0.015650,-0.027190,-1.542490,ndi
1786509528.903803,14.385223,-0.015680,-0.027170,-1.542510,ndi
1786509528.918787,14.400206,-0.015680,-0.027120,-1.542480,ndi
1786509528.936302,14.417722,-0.015700,-0.027090,-1.542450,ndi
1786509528.951496,14.432916,-0.015720,-0.027090,-1.542420,ndi
1786509528.968797,14.450216,-0.015730,-0.027060,-1.542360,ndi
1786509528.986290,14.467709,-0.015760,-0.027000,-1.542330,ndi
1786509529.003804,14.485223,-0.015800,-0.026990,-1.542310,ndi
1786509529.018788,14.500207,-0.015820,-0.026990,-1.542280,ndi
1786509529.036315,14.517734,-0.015840,-0.026940,-1.542240,ndi
1786509529.053790,14.535209,-0.015870,-0.026880,-1.542230,ndi
1786509529.068792,14.550212,-0.015890,-0.026880,-1.542190,ndi
1786509529.086323,14.567742,-0.015910,-0.026870,-1.542120,ndi
1786509529.101317,14.582736,-0.015930,-0.026830,-1.542100,ndi
1786509529.118793,14.600212,-0.015950,-0.026780,-1.542100,ndi
1786509529.136279,14.617698,-0.015970,-0.026760,-1.542050,ndi
1786509529.151480,14.632899,-0.016000,-0.026750,-1.542050,ndi
1786509529.168778,14.650198,-0.016020,-0.026710,-1.542030,ndi
1786509529.186288,14.667707,-0.016040,-0.026680,-1.542020,ndi
1786509529.203782,14.685202,-0.016070,-0.026670,-1.542010,ndi
1786509529.218779,14.700198,-0.016090,-0.026640,-1.541980,ndi
1786509529.236295,14.717714,-0.016120,-0.026600,-1.541940,ndi
1786509529.251292,14.732711,-0.016150,-0.026570,-1.541920,ndi
1786509529.268810,14.750229,-0.016150,-0.026560,-1.541920,ndi
1786509529.286328,14.767747,-0.016180,-0.026530,-1.541880,ndi
1786509529.301340,14.782759,-0.016200,-0.026490,-1.541840,ndi
1786509529.318811,14.800231,-0.016220,-0.026470,-1.541830,ndi
1786509529.336335,14.817755,-0.016240,-0.026450,-1.541850,ndi
1786509529.351379,14.832798,-0.016270,-0.026420,-1.541790,ndi
1786509529.368815,14.850235,-0.016290,-0.026390,-1.541770,ndi
1786509529.386295,14.867714,-0.016310,-0.026360,-1.541710,ndi
1786509529.403790,14.885210,-0.016350,-0.026330,-1.541690,ndi
1786509529.418819,14.900238,-0.016370,-0.026310,-1.541670,ndi
1786509529.436313,14.917733,-0.016400,-0.026280,-1.541650,ndi
1786509529.451422,14.932842,-0.016410,-0.026250,-1.541640,ndi
1786509529.468802,14.950221,-0.016450,-0.026210,-1.541600,ndi
1786509529.486330,14.967749,-0.016470,-0.026180,-1.541550,ndi
1786509529.501468,14.982887,-0.016480,-0.026170,-1.541530,ndi
1786509529.518854,15.000273,-0.016500,-0.026130,-1.541500,ndi
1786509529.536345,15.017765,-0.016540,-0.026100,-1.541470,ndi
1786509529.551332,15.032751,-0.016540,-0.026070,-1.541430,ndi
1786509529.568789,15.050208,-0.016580,-0.026040,-1.541430,ndi
1786509529.586308,15.067727,-0.016600,-0.026020,-1.541370,ndi
1786509529.604068,15.085488,-0.016640,-0.025990,-1.541360,ndi
1786509529.618829,15.100249,-0.016660,-0.025960,-1.541340,ndi
1786509529.636338,15.117758,-0.016680,-0.025940,-1.541320,ndi
1786509529.651420,15.132840,-0.016700,-0.025920,-1.541320,ndi
1786509529.668802,15.150222,-0.016730,-0.025880,-1.541260,ndi
1786509529.686296,15.167716,-0.016750,-0.025840,-1.541220,ndi
1786509529.701395,15.182814,-0.016780,-0.025830,-1.541200,ndi
1786509529.718793,15.200212,-0.016790,-0.025800,-1.541170,ndi
1786509529.736306,15.217726,-0.016820,-0.025770,-1.541150,ndi
1786509529.753793,15.235212,-0.016840,-0.025730,-1.541130,ndi
1786509529.768801,15.250221,-0.016880,-0.025710,-1.541130,ndi
1786509529.786316,15.267736,-0.016900,-0.025690,-1.541060,ndi
1786509529.801419,15.282838,-0.016930,-0.025650,-1.541030,ndi
1786509529.818832,15.300251,-0.016960,-0.025620,-1.541000,ndi
1786509529.836329,15.317749,-0.016980,-0.025610,-1.540990,ndi
1786509529.851421,15.332840,-0.017010,-0.025590,-1.540920,ndi
1786509529.868827,15.350246,-0.017020,-0.025550,-1.540910,ndi
1786509529.886278,15.367698,-0.017050,-0.025530,-1.540900,ndi
1786509529.901403,15.382822,-0.017080,-0.025520,-1.540870,ndi
1786509529.918830,15.400249,-0.017090,-0.025480,-1.540840,ndi
1786509529.936344,15.417764,-0.017120,-0.025450,-1.540810,ndi
1786509529.951480,15.432900,-0.017130,-0.025430,-1.540740,ndi
1786509529.968812,15.450231,-0.017160,-0.025410,-1.540750,ndi
1786509529.986305,15.467724,-0.017180,-0.025370,-1.540740,ndi
1786509530.001392,15.482812,-0.017220,-0.025340,-1.540670,ndi
1786509530.018851,15.500270,-0.017240,-0.025330,-1.540620,ndi
1786509530.036333,15.517753,-0.017260,-0.025310,-1.540650,ndi
1786509530.051426,15.532845,-0.017270,-0.025280,-1.540610,ndi
1786509530.068826,15.550245,-0.017300,-0.025250,-1.540590,ndi
1786509530.086315,15.567734,-0.017320,-0.025240,-1.540560,ndi
1786509530.101307,15.582726,-0.017330,-0.025220,-1.540550,ndi
1786509530.118819,15.600239,-0.017370,-0.025180,-1.540530,ndi
1786509530.136338,15.617758,-0.017410,-0.025150,-1.540480,ndi
1786509530.151470,15.632889,-0.017400,-0.025130,-1.540440,ndi
1786509530.168816,15.650236,-0.017450,-0.025110,-1.540420,ndi
1786509530.186296,15.667715,-0.017490,-0.025070,-1.540410,ndi
1786509530.201406,15.682826,-0.017510,-0.025040,-1.540360,ndi
1786509530.218852,15.700271,-0.017540,-0.025020,-1.540340,ndi
1786509530.236330,15.717750,-0.017570,-0.025000,-1.540330,ndi
1786509530.251525,15.732944,-0.017590,-0.024970,-1.540270,ndi
1786509530.268817,15.750236,-0.017600,-0.024950,-1.540250,ndi
1786509530.286320,15.767739,-0.017650,-0.024920,-1.540240,ndi
1786509530.301415,15.782834,-0.017660,-0.024890,-1.540250,ndi
1786509530.318838,15.800258,-0.017670,-0.024850,-1.540180,ndi
1786509530.336357,15.817777,-0.017710,-0.024830,-1.540150,ndi
1786509530.351494,15.832913,-0.017740,-0.024800,-1.540110,ndi
1786509530.368813,15.850232,-0.017780,-0.024760,-1.540090,ndi
1786509530.386320,15.867739,-0.017800,-0.024740,-1.540060,ndi
1786509530.401421,15.882840,-0.017800,-0.024710,-1.540020,ndi
1786509530.418860,15.900280,-0.017860,-0.024680,-1.540000,ndi
1786509530.436360,15.917779,-0.017880,-0.024660,-1.539990,ndi
1786509530.451423,15.932843,-0.017900,-0.024630,-1.539940,ndi
1786509530.468813,15.950232,-0.017930,-0.024610,-1.539910,ndi
1786509530.486329,15.967749,-0.017950,-0.024580,-1.539900,ndi
1786509530.503823,15.985242,-0.017970,-0.024530,-1.539860,ndi
1786509530.518821,16.000240,-0.018010,-0.024520,-1.539800,ndi
1786509530.536340,16.017759,-0.018030,-0.024500,-1.539810,ndi
1786509530.551518,16.032938,-0.018040,-0.024470,-1.539800,ndi
1786509530.568824,16.050244,-0.018080,-0.024440,-1.539800,ndi
1786509530.586347,16.067767,-0.018110,-0.024420,-1.539750,ndi
1786509530.601433,16.082852,-0.018150,-0.024400,-1.539740,ndi
1786509530.618877,16.100297,-0.018170,-0.024360,-1.539690,ndi
1786509530.636335,16.117754,-0.018200,-0.024320,-1.539680,ndi
1786509530.651426,16.132846,-0.018230,-0.024320,-1.539620,ndi
1786509530.668823,16.150242,-0.018250,-0.024300,-1.539610,ndi
1786509530.686332,16.167752,-0.018280,-0.024250,-1.539560,ndi
1786509530.701403,16.182823,-0.018300,-0.024230,-1.539540,ndi
1786509530.718843,16.200263,-0.018330,-0.024210,-1.539520,ndi
1786509530.736318,16.217737,-0.018350,-0.024190,-1.539490,ndi
1786509530.751490,16.232909,-0.018380,-0.024160,-1.539450,ndi
1786509530.768801,16.250220,-0.018420,-0.024120,-1.539410,ndi
1786509530.786345,16.267765,-0.018440,-0.024110,-1.539400,ndi
1786509530.801420,16.282839,-0.018480,-0.024100,-1.539370,ndi
1786509530.818857,16.300276,-0.018500,-0.024050,-1.539310,ndi
1786509530.836337,16.317757,-0.018530,-0.024020,-1.539280,ndi
1786509530.853841,16.335260,-0.018550,-0.024020,-1.539260,ndi
1786509530.868813,16.350232,-0.018580,-0.024000,-1.539240,ndi
1786509530.886312,16.367731,-0.018590,-0.023950,-1.539210,ndi
1786509530.901415,16.382835,-0.018630,-0.023940,-1.539190,ndi
1786509530.918851,16.400271,-0.018660,-0.023940,-1.539160,ndi
1786509530.936332,16.417751,-0.018660,-0.023900,-1.539130,ndi
1786509530.951507,16.432926,-0.018690,-0.023860,-1.539120,ndi
1786509530.968827,16.450246,-0.018740,-0.023850,-1.539070,ndi
1786509530.986334,16.467754,-0.018760,-0.023850,-1.539060,ndi
1786509531.001414,16.482833,-0.018780,-0.023810,-1.539050,ndi
1786509531.018856,16.500275,-0.018800,-0.023770,-1.539010,ndi
1786509531.036371,16.517790,-0.018830,-0.023760,-1.538990,ndi
1786509531.051414,16.532834,-0.018860,-0.023750,-1.538960,ndi
1786509531.068828,16.550247,-0.018890,-0.023710,-1.538960,ndi
1786509531.086320,16.567740,-0.018920,-0.023670,-1.538900,ndi
1786509531.101411,16.582830,-0.018930,-0.023660,-1.538860,ndi
1786509531.118869,16.600289,-0.018970,-0.023650,-1.538850,ndi
1786509531.136344,16.617763,-0.019000,-0.023610,-1.538810,ndi
1786509531.151492,16.632911,-0.019030,-0.023590,-1.538790,ndi
1786509531.168850,16.650270,-0.019060,-0.023570,-1.538800,ndi
1786509531.186367,16.667786,-0.019090,-0.023560,-1.538790,ndi
1786509531.203840,16.685259,-0.019110,-0.023510,-1.538750,ndi
1786509531.218879,16.700298,-0.019140,-0.023480,-1.538710,ndi
1786509531.236350,16.717770,-0.019170,-0.023470,-1.538680,ndi
1786509531.251445,16.732864,-0.019190,-0.023460,-1.538630,ndi
1786509531.268828,16.750247,-0.019220,-0.023410,-1.538620,ndi
1786509531.286360,16.767779,-0.019260,-0.023380,-1.538580,ndi
1786509531.301409,16.782829,-0.019280,-0.023370,-1.538550,ndi
1786509531.318851,16.800270,-0.019310,-0.023350,-1.538540,ndi
1786509531.336344,16.817764,-0.019350,-0.023300,-1.538530,ndi
1786509531.351414,16.832833,-0.019370,-0.023280,-1.538490,ndi
1786509531.368870,16.850290,-0.019410,-0.023270,-1.538470,ndi
1786509531.386376,16.867795,-0.019440,-0.023240,-1.538420,ndi
1786509531.401424,16.882844,-0.019470,-0.023200,-1.538400,ndi
1786509531.418884,16.900304,-0.019480,-0.023170,-1.538390,ndi
1786509531.436350,16.917769,-0.019520,-0.023180,-1.538350,ndi
1786509531.451418,16.932837,-0.019560,-0.023150,-1.538300,ndi
1786509531.468810,16.950229,-0.019570,-0.023100,-1.538260,ndi
1786509531.486378,16.967797,-0.019610,-0.023090,-1.538240,ndi
1786509531.501435,16.982854,-0.019640,-0.023080,-1.538230,ndi
1786509531.518850,17.000269,-0.019650,-0.023030,-1.538200,ndi
1786509531.536341,17.017760,-0.019700,-0.023010,-1.538170,ndi
1786509531.551420,17.032840,-0.019740,-0.023000,-1.538190,ndi
1786509531.568843,17.050262,-0.019750,-0.022970,-1.538120,ndi
1786509531.586362,17.067781,-0.019810,-0.022930,-1.538080,ndi
1786509531.601433,17.082852,-0.019830,-0.022920,-1.538030,ndi
1786509531.618934,17.100353,-0.019850,-0.022920,-1.538020,ndi
1786509531.636341,17.117760,-0.019890,-0.022870,-1.537990,ndi
1786509531.651448,17.132868,-0.019900,-0.022840,-1.537970,ndi
1786509531.668843,17.150262,-0.019950,-0.022840,-1.537980,ndi
1786509531.686361,17.167781,-0.019960,-0.022830,-1.537940,ndi
1786509531.701436,17.182855,-0.020000,-0.022790,-1.537860,ndi
1786509531.718836,17.200255,-0.020020,-0.022740,-1.537830,ndi
1786509531.736347,17.217767,-0.020060,-0.022740,-1.537840,ndi
1786509531.751446,17.232865,-0.020090,-0.022740,-1.537790,ndi
1786509531.768857,17.250276,-0.020120,-0.022690,-1.537760,ndi
1786509531.786370,17.267790,-0.020140,-0.022650,-1.537720,ndi
1786509531.801422,17.282842,-0.020170,-0.022660,-1.537700,ndi
1786509531.818960,17.300379,-0.020210,-0.022650,-1.537650,ndi
1786509531.836345,17.317765,-0.020240,-0.022580,-1.537640,ndi
1786509531.851436,17.332855,-0.020270,-0.022570,-1.537620,ndi
1786509531.868842,17.350261,-0.020290,-0.022580,-1.537590,ndi
1786509531.886368,17.367787,-0.020310,-0.022540,-1.537550,ndi
1786509531.901445,17.382864,-0.020350,-0.022490,-1.537530,ndi
1786509531.918848,17.400267,-0.020360,-0.022480,-1.537500,ndi
1786509531.936341,17.417760,-0.020390,-0.022500,-1.537490,ndi
1786509531.951427,17.432846,-0.020420,-0.022460,-1.537460,ndi
1786509531.968852,17.450271,-0.020450,-0.022400,-1.537440,ndi
1786509531.986357,17.467777,-0.020500,-0.022400,-1.537400,ndi
1786509532.001440,17.482859,-0.020500,-0.022400,-1.537400,ndi
1786509532.018867,17.500286,-0.020530,-0.022360,-1.537370,ndi
1786509532.036364,17.517783,-0.020570,-0.022320,-1.537330,ndi
1786509532.051425,17.532844,-0.020590,-0.022310,-1.537340,ndi
1786509532.068868,17.550287,-0.020620,-0.022310,-1.537280,ndi
1786509532.086356,17.567775,-0.020640,-0.022260,-1.537260,ndi
1786509532.101378,17.582797,-0.020670,-0.022230,-1.537230,ndi
1786509532.118832,17.600251,-0.020690,-0.022220,-1.537210,ndi
1786509532.136342,17.617761,-0.020740,-0.022210,-1.537200,ndi
1786509532.151433,17.632853,-0.020750,-0.022180,-1.537160,ndi
1786509532.168875,17.650294,-0.020760,-0.022160,-1.537170,ndi
1786509532.186376,17.667795,-0.020780,-0.022170,-1.537160,ndi
1786509532.203851,17.685270,-0.020780,-0.022160,-1.537130,ndi
1786509532.218846,17.700265,-0.020800,-0.022140,-1.537150,ndi
1786509532.236357,17.717776,-0.020810,-0.022130,-1.537190,ndi
1786509532.251437,17.732857,-0.020820,-0.022120,-1.537160,ndi
1786509532.268862,17.750282,-0.020830,-0.022120,-1.537130,ndi
1786509532.286373,17.767792,-0.020830,-0.022100,-1.537130,ndi
1786509532.301538,17.782957,-0.020850,-0.022090,-1.537140,ndi
1786509532.318861,17.800281,-0.020850,-0.022100,-1.537150,ndi
1786509532.336377,17.817796,-0.020860,-0.022100,-1.537120,ndi
1786509532.353851,17.835270,-0.020870,-0.022090,-1.537110,ndi
1786509532.368863,17.850282,-0.020870,-0.022090,-1.537150,ndi
1786509532.386358,17.867778,-0.020870,-0.022090,-1.537150,ndi
1786509532.403833,17.885252,-0.020870,-0.022100,-1.537140,ndi
1786509532.418802,17.900222,-0.020880,-0.022100,-1.537140,ndi
1786509532.436417,17.917836,-0.020880,-0.022100,-1.537140,ndi
1786509532.451455,17.932874,-0.020870,-0.022090,-1.537160,ndi
1786509532.468881,17.950300,-0.020870,-0.022100,-1.537130,ndi
1786509532.486386,17.967805,-0.020880,-0.022100,-1.537130,ndi
1786509532.501480,17.982899,-0.020880,-0.022100,-1.537150,ndi
1786509532.518846,18.000266,-0.020880,-0.022100,-1.537140,ndi
1786509532.536381,18.017800,-0.020890,-0.022100,-1.537150,ndi
1786509532.553849,18.035268,-0.020890,-0.022100,-1.537150,ndi
1786509532.568866,18.050285,-0.020880,-0.022100,-1.537130,ndi
1786509532.586376,18.067796,-0.020890,-0.022100,-1.537140,ndi
1786509532.603833,18.085252,-0.020900,-0.022100,-1.537130,ndi
1786509532.618839,18.100259,-0.020890,-0.022110,-1.537130,ndi
1786509532.636364,18.117783,-0.020880,-0.022100,-1.537140,ndi
1786509532.651447,18.132866,-0.020890,-0.022090,-1.537110,ndi
1786509532.668874,18.150294,-0.020890,-0.022100,-1.537170,ndi
1786509532.686368,18.167787,-0.020900,-0.022110,-1.537150,ndi
1786509532.701519,18.182938,-0.020880,-0.022100,-1.537140,ndi
1786509532.718844,18.200263,-0.020900,-0.022090,-1.537130,ndi
1786509532.736377,18.217796,-0.020910,-0.022110,-1.537140,ndi
1786509532.753844,18.235264,-0.020900,-0.022120,-1.537150,ndi
1786509532.768880,18.250299,-0.020900,-0.022100,-1.537160,ndi
1786509532.786367,18.267787,-0.020910,-0.022090,-1.537120,ndi
1786509532.801439,18.282859,-0.020900,-0.022110,-1.537130,ndi
1786509532.818845,18.300265,-0.020910,-0.022120,-1.537150,ndi
1786509532.836381,18.317801,-0.020890,-0.022090,-1.537140,ndi
1786509532.853842,18.335261,-0.020900,-0.022100,-1.537160,ndi
1786509532.868873,18.350292,-0.020900,-0.022120,-1.537150,ndi
1786509532.886365,18.367785,-0.020890,-0.022120,-1.537140,ndi
1786509532.901393,18.382812,-0.020900,-0.022090,-1.537110,ndi
1786509532.918868,18.400288,-0.020910,-0.022100,-1.537150,ndi
1786509532.936393,18.417813,-0.020910,-0.022120,-1.537140,ndi
1786509532.953888,18.435308,-0.020910,-0.022110,-1.537140,ndi
1786509532.968879,18.450299,-0.020910,-0.022090,-1.537120,ndi
1786509532.986387,18.467806,-0.020910,-0.022110,-1.537130,ndi
1786509533.001423,18.482842,-0.020910,-0.022120,-1.537140,ndi
1786509533.018960,18.500379,-0.020920,-0.022110,-1.537160,ndi
1786509533.036385,18.517804,-0.020910,-0.022100,-1.537140,ndi
1786509533.051450,18.532869,-0.020910,-0.022110,-1.537130,ndi
1786509533.068899,18.550318,-0.020910,-0.022120,-1.537140,ndi
1786509533.086363,18.567783,-0.020910,-0.022110,-1.537150,ndi
1786509533.101492,18.582911,-0.020920,-0.022100,-1.537130,ndi
1786509533.118880,18.600299,-0.020920,-0.022110,-1.537140,ndi
1786509533.136395,18.617814,-0.020920,-0.022120,-1.537150,ndi
1786509533.151444,18.632863,-0.020920,-0.022110,-1.537140,ndi
1786509533.168864,18.650284,-0.020920,-0.022110,-1.537140,ndi
1786509533.186377,18.667796,-0.020930,-0.022120,-1.537170,ndi
1786509533.201409,18.682829,-0.020910,-0.022120,-1.537150,ndi
1786509533.218842,18.700262,-0.020920,-0.022110,-1.537140,ndi
1786509533.236420,18.717839,-0.020930,-0.022110,-1.537140,ndi
1786509533.253859,18.735278,-0.020910,-0.022120,-1.537170,ndi
1786509533.268886,18.750305,-0.020930,-0.022120,-1.537140,ndi
1786509533.286376,18.767795,-0.020920,-0.022110,-1.537150,ndi
1786509533.301436,18.782856,-0.020930,-0.022100,-1.537150,ndi
1786509533.318891,18.800310,-0.020930,-0.022120,-1.537160,ndi
1786509533.336389,18.817808,-0.020930,-0.022130,-1.537160,ndi
1786509533.351441,18.832860,-0.020940,-0.022110,-1.537190,ndi
1786509533.368875,18.850295,-0.020930,-0.022110,-1.537130,ndi
1786509533.386358,18.867777,-0.020920,-0.022120,-1.537140,ndi
1786509533.401419,18.882838,-0.020930,-0.022120,-1.537150,ndi
1786509533.418842,18.900261,-0.020920,-0.022110,-1.537120,ndi
1786509533.436408,18.917828,-0.020920,-0.022120,-1.537130,ndi
1786509533.451446,18.932865,-0.020930,-0.022130,-1.537120,ndi
1786509533.468875,18.950294,-0.020930,-0.022120,-1.537140,ndi
1786509533.486414,18.967834,-0.020910,-0.022110,-1.537120,ndi
1786509533.501467,18.982886,-0.020940,-0.022120,-1.537140,ndi
1786509533.518882,19.000302,-0.020930,-0.022130,-1.537150,ndi
1786509533.536383,19.017802,-0.020940,-0.022120,-1.537150,ndi
1786509533.551449,19.032868,-0.020940,-0.022110,-1.537150,ndi
1786509533.568868,19.050288,-0.020940,-0.022130,-1.537140,ndi
1786509533.586356,19.067775,-0.020940,-0.022120,-1.537150,ndi
1786509533.601422,19.082841,-0.020940,-0.022120,-1.537170,ndi
1786509533.618885,19.100304,-0.020930,-0.022120,-1.537140,ndi
1786509533.636508,19.117928,-0.020940,-0.022130,-1.537130,ndi
1786509533.651469,19.132888,-0.020940,-0.022120,-1.537120,ndi
1786509533.668884,19.150303,-0.020930,-0.022110,-1.537130,ndi
1786509533.686370,19.167789,-0.020940,-0.022110,-1.537140,ndi
1786509533.701437,19.182856,-0.020940,-0.022120,-1.537140,ndi
1786509533.718900,19.200319,-0.020950,-0.022120,-1.537140,ndi
1786509533.736406,19.217825,-0.020940,-0.022120,-1.537130,ndi
1786509533.751482,19.232901,-0.020950,-0.022110,-1.537160,ndi
1786509533.768909,19.250329,-0.020940,-0.022120,-1.537150,ndi
1786509533.786355,19.267774,-0.020940,-0.022120,-1.537130,ndi
1786509533.801422,19.282841,-0.020940,-0.022130,-1.537160,ndi
1786509533.818885,19.300304,-0.020940,-0.022120,-1.537140,ndi
1786509533.836399,19.317818,-0.020940,-0.022120,-1.537140,ndi
1786509533.851476,19.332895,-0.020940,-0.022120,-1.537150,ndi
1786509533.868907,19.350326,-0.020940,-0.022120,-1.537140,ndi
1786509533.886385,19.367805,-0.020950,-0.022120,-1.537140,ndi
1786509533.901459,19.382878,-0.020950,-0.022120,-1.537130,ndi
1786509533.918896,19.400316,-0.020950,-0.022130,-1.537130,ndi
1786509533.936404,19.417823,-0.020940,-0.022120,-1.537130,ndi
1786509533.951446,19.432865,-0.020950,-0.022120,-1.537140,ndi
1786509533.968883,19.450303,-0.020950,-0.022120,-1.537140,ndi
1786509533.986388,19.467808,-0.020940,-0.022130,-1.537170,ndi
1786509534.001413,19.482832,-0.020950,-0.022130,-1.537160,ndi
1786509534.018891,19.500310,-0.020940,-0.022120,-1.537130,ndi
1786509534.036418,19.517837,-0.020940,-0.022120,-1.537130,ndi
1786509534.051466,19.532885,-0.020950,-0.022130,-1.537150,ndi
1786509534.068902,19.550321,-0.020940,-0.022130,-1.537130,ndi
1786509534.086383,19.567802,-0.020950,-0.022120,-1.537160,ndi
1786509534.101441,19.582860,-0.020960,-0.022120,-1.537170,ndi
1786509534.118886,19.600305,-0.020950,-0.022140,-1.537140,ndi
1786509534.136412,19.617831,-0.020950,-0.022130,-1.537140,ndi
1786509534.151468,19.632887,-0.020960,-0.022110,-1.537140,ndi
1786509534.168877,19.650296,-0.020940,-0.022120,-1.537120,ndi
1786509534.186377,19.667796,-0.020960,-0.022130,-1.537150,ndi
1786509534.201445,19.682865,-0.020950,-0.022120,-1.537140,ndi
1786509534.218909,19.700328,-0.020950,-0.022120,-1.537150,ndi
1786509534.236414,19.717834,-0.020950,-0.022130,-1.537130,ndi
1786509534.251486,19.732905,-0.020950,-0.022130,-1.537130,ndi
1786509534.268883,19.750302,-0.020960,-0.022130,-1.537140,ndi
1786509534.286440,19.767859,-0.020960,-0.022130,-1.537150,ndi
1786509534.301452,19.782871,-0.020960,-0.022120,-1.537150,ndi
1786509534.318912,19.800331,-0.020960,-0.022130,-1.537160,ndi
1786509534.336409,19.817828,-0.020970,-0.022130,-1.537150,ndi
1786509534.351448,19.832867,-0.020960,-0.022130,-1.537140,ndi
1786509534.368853,19.850272,-0.020950,-0.022120,-1.537140,ndi
1786509534.386380,19.867799,-0.020970,-0.022130,-1.537170,ndi
1786509534.401430,19.882850,-0.020960,-0.022140,-1.537130,ndi
1786509534.418906,19.900326,-0.020950,-0.022130,-1.537110,ndi
1786509534.436413,19.917832,-0.020950,-0.022120,-1.537130,ndi
1786509534.451519,19.932939,-0.020950,-0.022130,-1.537150,ndi
1786509534.468901,19.950321,-0.020960,-0.022140,-1.537130,ndi
1786509534.486413,19.967833,-0.020970,-0.022130,-1.537120,ndi
1786509534.501466,19.982885,-0.020970,-0.022120,-1.537140,ndi
1786509534.518920,20.000339,-0.020960,-0.022130,-1.537120,ndi
1786509534.536427,20.017846,-0.020970,-0.022140,-1.537130,ndi
1786509534.553930,20.035350,-0.020970,-0.022130,-1.537120,ndi
1786509534.568897,20.050316,-0.020970,-0.022120,-1.537140,ndi
1786509534.586384,20.067803,-0.020960,-0.022130,-1.537130,ndi
1786509534.603879,20.085299,-0.020950,-0.022130,-1.537130,ndi
1786509534.618910,20.100330,-0.020970,-0.022130,-1.537130,ndi
1786509534.636411,20.117831,-0.020960,-0.022120,-1.537130,ndi
1786509534.653892,20.135312,-0.020950,-0.022130,-1.537110,ndi
1786509534.668874,20.150293,-0.020970,-0.022130,-1.537140,ndi
1786509534.686398,20.167817,-0.020970,-0.022130,-1.537150,ndi
1786509534.701469,20.182889,-0.020970,-0.022130,-1.537140,ndi
1786509534.718909,20.200328,-0.020980,-0.022120,-1.537130,ndi
1786509534.736411,20.217830,-0.020970,-0.022130,-1.537110,ndi
1786509534.751532,20.232952,-0.020960,-0.022130,-1.537110,ndi
1786509534.768875,20.250295,-0.020970,-0.022130,-1.537130,ndi
1786509534.786402,20.267822,-0.020960,-0.022130,-1.537120,ndi
1786509534.801497,20.282916,-0.020970,-0.022130,-1.537130,ndi
1786509534.819070,20.300489,-0.020970,-0.022130,-1.537120,ndi
1786509534.836422,20.317841,-0.020950,-0.022120,-1.537120,ndi
1786509534.853882,20.335301,-0.020970,-0.022120,-1.537130,ndi
1786509534.868902,20.350321,-0.020970,-0.022140,-1.537120,ndi
1786509534.886409,20.367829,-0.020960,-0.022140,-1.537120,ndi
1786509534.901472,20.382891,-0.020980,-0.022120,-1.537130,ndi
1786509534.918913,20.400333,-0.020980,-0.022120,-1.537100,ndi
1786509534.936414,20.417834,-0.020960,-0.022140,-1.537110,ndi
1786509534.953865,20.435284,-0.020970,-0.022130,-1.537110,ndi
1786509534.968879,20.450299,-0.020970,-0.022120,-1.537150,ndi
1786509534.986392,20.467811,-0.020960,-0.022130,-1.537120,ndi
1786509535.001468,20.482888,-0.020960,-0.022140,-1.537110,ndi
1786509535.018916,20.500335,-0.020970,-0.022130,-1.537110,ndi
1786509535.036412,20.517832,-0.020960,-0.022120,-1.537100,ndi
1786509535.051479,20.532898,-0.020970,-0.022130,-1.537100,ndi
1786509535.068938,20.550358,-0.020970,-0.022140,-1.537110,ndi
1786509535.086456,20.567875,-0.020970,-0.022130,-1.537120,ndi
1786509535.101469,20.582889,-0.020980,-0.022120,-1.537140,ndi
1786509535.118920,20.600339,-0.020970,-0.022140,-1.537120,ndi
1786509535.136429,20.617848,-0.020970,-0.022140,-1.537110,ndi
1786509535.153885,20.635305,-0.020970,-0.022130,-1.537130,ndi
1786509535.168886,20.650306,-0.020960,-0.022130,-1.537140,ndi
1786509535.186437,20.667856,-0.020970,-0.022140,-1.537140,ndi
1786509535.201478,20.682897,-0.020970,-0.022130,-1.537140,ndi
1786509535.218923,20.700342,-0.020970,-0.022130,-1.537130,ndi
1786509535.236415,20.717834,-0.020960,-0.022130,-1.537130,ndi
1786509535.251450,20.732869,-0.020980,-0.022130,-1.537160,ndi
1786509535.268901,20.750320,-0.020980,-0.022140,-1.537150,ndi
1786509535.286431,20.767850,-0.020980,-0.022140,-1.537160,ndi
1786509535.301472,20.782891,-0.020980,-0.022130,-1.537140,ndi
1786509535.318915,20.800334,-0.020970,-0.022140,-1.537130,ndi
1786509535.336442,20.817861,-0.020980,-0.022140,-1.537140,ndi
1786509535.353961,20.835380,-0.020980,-0.022140,-1.537170,ndi
1786509535.368884,20.850304,-0.020970,-0.022130,-1.537140,ndi
1786509535.386430,20.867849,-0.020980,-0.022130,-1.537160,ndi
1786509535.401477,20.882897,-0.020970,-0.022140,-1.537140,ndi
1786509535.418918,20.900337,-0.020970,-0.022140,-1.537160,ndi
1786509535.436429,20.917848,-0.020970,-0.022130,-1.537150,ndi
1786509535.451453,20.932872,-0.020980,-0.022130,-1.537160,ndi
1786509535.468929,20.950348,-0.020980,-0.022150,-1.537190,ndi
1786509535.486455,20.967875,-0.020990,-0.022140,-1.537170,ndi
1786509535.503889,20.985308,-0.020990,-0.022120,-1.537180,ndi
1786509535.518903,21.000322,-0.020980,-0.022130,-1.537170,ndi
1786509535.536399,21.017818,-0.020990,-0.022150,-1.537160,ndi
1786509535.551477,21.032896,-0.020980,-0.022140,-1.537160,ndi
1786509535.568921,21.050341,-0.020980,-0.022120,-1.537150,ndi
1786509535.586411,21.067830,-0.020980,-0.022130,-1.537150,ndi
1786509535.603886,21.085305,-0.020970,-0.022150,-1.537150,ndi
1786509535.618924,21.100343,-0.020990,-0.022130,-1.537170,ndi
1786509535.636428,21.117847,-0.020980,-0.022130,-1.537180,ndi
1786509535.651481,21.132900,-0.020990,-0.022130,-1.537160,ndi
1786509535.668928,21.150347,-0.021000,-0.022150,-1.537170,ndi
1786509535.686438,21.167857,-0.020980,-0.022130,-1.537170,ndi
1786509535.703902,21.185321,-0.020990,-0.022120,-1.537180,ndi
1786509535.718919,21.200338,-0.020990,-0.022140,-1.537150,ndi
1786509535.736392,21.217811,-0.020980,-0.022150,-1.537160,ndi
1786509535.751419,21.232838,-0.020990,-0.022130,-1.537190,ndi
1786509535.768947,21.250366,-0.020980,-0.022120,-1.537140,ndi
1786509535.786446,21.267865,-0.020980,-0.022150,-1.537170,ndi
1786509535.803893,21.285312,-0.020980,-0.022150,-1.537160,ndi
1786509535.818921,21.300340,-0.020980,-0.022130,-1.537170,ndi
1786509535.836390,21.317810,-0.020980,-0.022130,-1.537150,ndi
1786509535.853904,21.335323,-0.020990,-0.022160,-1.537140,ndi
1786509535.868937,21.350357,-0.020990,-0.022150,-1.537130,ndi
1786509535.886443,21.367862,-0.020980,-0.022120,-1.537150,ndi
1786509535.903891,21.385310,-0.020990,-0.022130,-1.537140,ndi
1786509535.918927,21.400347,-0.020980,-0.022150,-1.537140,ndi
1786509535.936418,21.417837,-0.020990,-0.022150,-1.537160,ndi
1786509535.951465,21.432884,-0.020990,-0.022130,-1.537130,ndi
1786509535.968946,21.450366,-0.020970,-0.022130,-1.537140,ndi
1786509535.986423,21.467842,-0.020990,-0.022150,-1.537150,ndi
1786509536.003901,21.485321,-0.020980,-0.022140,-1.537140,ndi
1786509536.018908,21.500327,-0.020970,-0.022120,-1.537130,ndi
1786509536.036400,21.517820,-0.020990,-0.022130,-1.537140,ndi
1786509536.051491,21.532911,-0.020990,-0.022150,-1.537140,ndi
1786509536.068944,21.550363,-0.021000,-0.022140,-1.537140,ndi
1786509536.086412,21.567831,-0.021000,-0.022130,-1.537130,ndi
1786509536.103904,21.585323,-0.020990,-0.022140,-1.537120,ndi
1786509536.118890,21.600310,-0.020990,-0.022160,-1.537140,ndi
1786509536.136482,21.617901,-0.021000,-0.022150,-1.537150,ndi
1786509536.151450,21.632870,-0.020980,-0.022130,-1.537140,ndi
1786509536.168942,21.650362,-0.020990,-0.022150,-1.537150,ndi
1786509536.186551,21.667970,-0.020990,-0.022160,-1.537130,ndi
1786509536.203907,21.685326,-0.020980,-0.022140,-1.537140,ndi
1786509536.218917,21.700336,-0.020990,-0.022130,-1.537140,ndi
1786509536.236447,21.717866,-0.021010,-0.022150,-1.537150,ndi
1786509536.253902,21.735321,-0.020980,-0.022160,-1.537140,ndi
1786509536.268938,21.750357,-0.021000,-0.022140,-1.537140,ndi
1786509536.286420,21.767839,-0.021000,-0.022140,-1.537140,ndi
1786509536.301416,21.782835,-0.020990,-0.022150,-1.537150,ndi
1786509536.318911,21.800331,-0.021000,-0.022160,-1.537140,ndi
1786509536.336420,21.817839,-0.020990,-0.022140,-1.537150,ndi
1786509536.351456,21.832875,-0.020990,-0.022140,-1.537100,ndi
1786509536.368966,21.850385,-0.020990,-0.022160,-1.537140,ndi
1786509536.386435,21.867855,-0.020990,-0.022150,-1.537160,ndi
1786509536.403918,21.885337,-0.021000,-0.022140,-1.537140,ndi
1786509536.418905,21.900324,-0.020990,-0.022150,-1.537150,ndi
1786509536.436446,21.917865,-0.021000,-0.022160,-1.537140,ndi
1786509536.453906,21.935325,-0.021000,-0.022140,-1.537170,ndi
1786509536.468926,21.950346,-0.021000,-0.022140,-1.537140,ndi
1786509536.486453,21.967872,-0.021000,-0.022150,-1.537150,ndi
1786509536.503888,21.985307,-0.020990,-0.022150,-1.537160,ndi
1786509536.518890,22.000309,-0.021010,-0.022140,-1.537170,ndi
1786509536.536420,22.017840,-0.020990,-0.022140,-1.537150,ndi
1786509536.553897,22.035317,-0.020990,-0.022150,-1.537150,ndi
1786509536.568950,22.050369,-0.021000,-0.022140,-1.537160,ndi
1786509536.586421,22.067840,-0.020980,-0.022140,-1.537150,ndi
1786509536.603904,22.085323,-0.020990,-0.022150,-1.537160,ndi
1786509536.618890,22.100309,-0.021000,-0.022150,-1.537160,ndi
1786509536.636456,22.117876,-0.021000,-0.022140,-1.537160,ndi
1786509536.653960,22.135380,-0.021010,-0.022140,-1.537150,ndi
1786509536.668990,22.150409,-0.021000,-0.022150,-1.537150,ndi
1786509536.686429,22.167849,-0.021000,-0.022150,-1.537140,ndi
1786509536.703913,22.185332,-0.021000,-0.022140,-1.537160,ndi
1786509536.718886,22.200305,-0.021000,-0.022140,-1.537140,ndi
1786509536.736404,22.217824,-0.020990,-0.022150,-1.537130,ndi
1786509536.753900,22.235319,-0.020990,-0.022150,-1.537130,ndi
1786509536.768963,22.250382,-0.021000,-0.022140,-1.537120,ndi
1786509536.786432,22.267851,-0.020990,-0.022150,-1.537140,ndi
1786509536.801465,22.282884,-0.021000,-0.022160,-1.537140,ndi
1786509536.818941,22.300360,-0.021010,-0.022140,-1.537130,ndi
1786509536.836444,22.317863,-0.021000,-0.022150,-1.537130,ndi
1786509536.853928,22.335347,-0.021010,-0.022160,-1.537120,ndi
1786509536.868939,22.350358,-0.021000,-0.022160,-1.537130,ndi
1786509536.886458,22.367877,-0.021000,-0.022140,-1.537130,ndi
1786509536.903901,22.385320,-0.021010,-0.022150,-1.537120,ndi
1786509536.918911,22.400330,-0.021010,-0.022160,-1.537140,ndi
1786509536.936453,22.417872,-0.021010,-0.022150,-1.537120,ndi
1786509536.953916,22.435335,-0.021000,-0.022140,-1.537140,ndi
1786509536.968973,22.450392,-0.021000,-0.022150,-1.537140,ndi
1786509536.986437,22.467856,-0.021000,-0.022160,-1.537160,ndi
1786509537.003908,22.485328,-0.021000,-0.022160,-1.537140,ndi
1786509537.018962,22.500382,-0.021010,-0.022140,-1.537140,ndi
1786509537.036449,22.517868,-0.021010,-0.022140,-1.537140,ndi
1786509537.053918,22.535338,-0.021010,-0.022160,-1.537140,ndi
1786509537.068942,22.550361,-0.021010,-0.022160,-1.537160,ndi
1786509537.086459,22.567878,-0.021000,-0.022140,-1.537150,ndi
1786509537.101440,22.582860,-0.021010,-0.022140,-1.537160,ndi
1786509537.118933,22.600352,-0.021000,-0.022160,-1.537130,ndi
1786509537.136464,22.617883,-0.021000,-0.022150,-1.537150,ndi
1786509537.151461,22.632880,-0.021010,-0.022140,-1.537140,ndi
1786509537.168981,22.650401,-0.021000,-0.022150,-1.537160,ndi
1786509537.186469,22.667889,-0.020990,-0.022160,-1.537140,ndi
1786509537.201497,22.682916,-0.021010,-0.022150,-1.537170,ndi
1786509537.218961,22.700381,-0.021010,-0.022130,-1.537140,ndi
1786509537.236465,22.717884,-0.021010,-0.022150,-1.537140,ndi
1786509537.251470,22.732889,-0.021020,-0.022170,-1.537140,ndi
1786509537.268944,22.750363,-0.021010,-0.022140,-1.537140,ndi
1786509537.286435,22.767854,-0.021010,-0.022140,-1.537140,ndi
1786509537.301437,22.782856,-0.021020,-0.022160,-1.537140,ndi
1786509537.318902,22.800321,-0.021000,-0.022170,-1.537130,ndi
1786509537.336456,22.817875,-0.021000,-0.022140,-1.537130,ndi
1786509537.351449,22.832868,-0.021020,-0.022140,-1.537130,ndi
1786509537.368970,22.850389,-0.020990,-0.022170,-1.537140,ndi
1786509537.386453,22.867872,-0.021000,-0.022160,-1.537130,ndi
1786509537.403959,22.885379,-0.021030,-0.022130,-1.537140,ndi
1786509537.418951,22.900370,-0.021010,-0.022150,-1.537120,ndi
1786509537.436470,22.917889,-0.021020,-0.022170,-1.537110,ndi
1786509537.454772,22.936191,-0.021010,-0.022160,-1.537080,ndi
1786509537.468930,22.950350,-0.021010,-0.022140,-1.537080,ndi
1786509537.486449,22.967868,-0.021020,-0.022160,-1.537060,ndi
1786509537.501438,22.982858,-0.021010,-0.022180,-1.537090,ndi
1786509537.518934,23.000354,-0.021010,-0.022160,-1.537060,ndi
1786509537.536461,23.017881,-0.021020,-0.022150,-1.537070,ndi
1786509537.551473,23.032892,-0.021010,-0.022170,-1.537070,ndi
1786509537.568998,23.050418,-0.021000,-0.022170,-1.537070,ndi
1786509537.586443,23.067863,-0.021010,-0.022150,-1.537080,ndi
1786509537.603920,23.085339,-0.021020,-0.022160,-1.537090,ndi
1786509537.618966,23.100386,-0.021010,-0.022170,-1.537090,ndi
1786509537.636477,23.117896,-0.021020,-0.022160,-1.537120,ndi
1786509537.651490,23.132909,-0.021010,-0.022160,-1.537100,ndi
1786509537.668956,23.150375,-0.021010,-0.022160,-1.537120,ndi
1786509537.686423,23.167842,-0.021030,-0.022160,-1.537120,ndi
1786509537.701421,23.182840,-0.021010,-0.022160,-1.537160,ndi
1786509537.718991,23.200410,-0.021010,-0.022160,-1.537130,ndi
1786509537.736467,23.217886,-0.021020,-0.022160,-1.537120,ndi
1786509537.751474,23.232893,-0.021010,-0.022150,-1.537140,ndi
1786509537.768989,23.250408,-0.021020,-0.022150,-1.537160,ndi
1786509537.786473,23.267892,-0.021010,-0.022160,-1.537130,ndi
1786509537.803934,23.285353,-0.021020,-0.022150,-1.537120,ndi
1786509537.818962,23.300382,-0.021030,-0.022150,-1.537130,ndi
1786509537.836459,23.317878,-0.021030,-0.022160,-1.537150,ndi
1786509537.851469,23.332888,-0.021020,-0.022160,-1.537120,ndi
1786509537.868998,23.350417,-0.021020,-0.022160,-1.537140,ndi
1786509537.886451,23.367870,-0.021030,-0.022160,-1.537120,ndi
1786509537.901440,23.382859,-0.021010,-0.022160,-1.537110,ndi
1786509537.918968,23.400387,-0.021020,-0.022160,-1.537130,ndi
1786509537.936472,23.417892,-0.021020,-0.022150,-1.537120,ndi
1786509537.953944,23.435363,-0.021000,-0.022160,-1.537120,ndi
1786509537.968956,23.450376,-0.021010,-0.022170,-1.537130,ndi
1786509537.986513,23.467932,-0.021020,-0.022160,-1.537140,ndi
1786509538.001484,23.482904,-0.021030,-0.022160,-1.537100,ndi
1786509538.018973,23.500393,-0.021020,-0.022170,-1.537100,ndi
1786509538.036477,23.517896,-0.021010,-0.022160,-1.537090,ndi
1786509538.051461,23.532880,-0.021030,-0.022150,-1.537140,ndi
1786509538.068947,23.550367,-0.021020,-0.022160,-1.537140,ndi
1786509538.086444,23.567864,-0.021020,-0.022170,-1.537140,ndi
1786509538.103942,23.585361,-0.021020,-0.022150,-1.537150,ndi
1786509538.118980,23.600399,-0.021020,-0.022150,-1.537120,ndi
1786509538.136464,23.617883,-0.021010,-0.022160,-1.537150,ndi
1786509538.151528,23.632947,-0.021020,-0.022170,-1.537160,ndi
1786509538.168961,23.650380,-0.021020,-0.022150,-1.537150,ndi
1786509538.186483,23.667902,-0.021020,-0.022150,-1.537140,ndi
1786509538.201485,23.682905,-0.021030,-0.022170,-1.537140,ndi
1786509538.218970,23.700389,-0.021020,-0.022160,-1.537160,ndi
1786509538.236465,23.717884,-0.021020,-0.022150,-1.537160,ndi
1786509538.251479,23.732899,-0.021030,-0.022160,-1.537160,ndi
1786509538.268951,23.750370,-0.021030,-0.022170,-1.537150,ndi
1786509538.286453,23.767873,-0.021030,-0.022160,-1.537170,ndi
1786509538.303957,23.785376,-0.021030,-0.022160,-1.537150,ndi
1786509538.318962,23.800382,-0.021020,-0.022170,-1.537160,ndi
1786509538.336480,23.817899,-0.021020,-0.022160,-1.537150,ndi
1786509538.351536,23.832955,-0.021020,-0.022150,-1.537180,ndi
1786509538.368961,23.850380,-0.021030,-0.022160,-1.537160,ndi
1786509538.386502,23.867921,-0.021020,-0.022170,-1.537160,ndi
1786509538.401491,23.882910,-0.021030,-0.022150,-1.537170,ndi
1786509538.418978,23.900397,-0.021030,-0.022160,-1.537170,ndi
1786509538.436483,23.917902,-0.021030,-0.022160,-1.537170,ndi
1786509538.451482,23.932901,-0.021030,-0.022160,-1.537170,ndi
1786509538.468953,23.950372,-0.021020,-0.022150,-1.537170,ndi
1786509538.486454,23.967874,-0.021020,-0.022160,-1.537160,ndi
1786509538.501492,23.982911,-0.021020,-0.022170,-1.537160,ndi
1786509538.519005,24.000424,-0.021020,-0.022150,-1.537160,ndi
1786509538.536465,24.017884,-0.021020,-0.022150,-1.537170,ndi
1786509538.551592,24.033011,-0.021020,-0.022160,-1.537170,ndi
1786509538.568942,24.050361,-0.021030,-0.022160,-1.537170,ndi
1786509538.586501,24.067920,-0.021030,-0.022150,-1.537170,ndi
1786509538.601488,24.082907,-0.021030,-0.022150,-1.537160,ndi
1786509538.618992,24.100411,-0.021030,-0.022170,-1.537160,ndi
1786509538.636482,24.117901,-0.021030,-0.022160,-1.537170,ndi
1786509538.651559,24.132978,-0.021030,-0.022150,-1.537190,ndi
1786509538.668947,24.150366,-0.021020,-0.022160,-1.537170,ndi
1786509538.686460,24.167879,-0.021020,-0.022160,-1.537170,ndi
1786509538.701461,24.182881,-0.021020,-0.022160,-1.537160,ndi
1786509538.718979,24.200398,-0.021020,-0.022150,-1.537160,ndi
1786509538.736485,24.217904,-0.021020,-0.022160,-1.537170,ndi
1786509538.751471,24.232890,-0.021020,-0.022170,-1.537160,ndi
1786509538.768951,24.250370,-0.021020,-0.022150,-1.537170,ndi
1786509538.786523,24.267942,-0.021030,-0.022150,-1.537180,ndi
1786509538.801566,24.282985,-0.021030,-0.022160,-1.537180,ndi
1786509538.820129,24.301548,-0.021030,-0.022160,-1.537170,ndi
1786509538.836493,24.317912,-0.021030,-0.022160,-1.537200,ndi
1786509538.851457,24.332876,-0.021030,-0.022160,-1.537150,ndi
1786509538.868953,24.350372,-0.021040,-0.022170,-1.537180,ndi
1786509538.886467,24.367887,-0.021020,-0.022150,-1.537160,ndi
1786509538.901489,24.382908,-0.021020,-0.022150,-1.537180,ndi
1786509538.918979,24.400398,-0.021030,-0.022150,-1.537150,ndi
1786509538.936481,24.417901,-0.021030,-0.022160,-1.537170,ndi
1786509538.951545,24.432964,-0.021030,-0.022160,-1.537170,ndi
1786509538.968980,24.450399,-0.021040,-0.022160,-1.537190,ndi
1786509538.986516,24.467935,-0.021030,-0.022160,-1.537170,ndi
1786509539.001489,24.482908,-0.021030,-0.022160,-1.537170,ndi
1786509539.018999,24.500418,-0.021040,-0.022160,-1.537170,ndi
1786509539.036495,24.517915,-0.021030,-0.022160,-1.537160,ndi
1786509539.051478,24.532897,-0.021030,-0.022150,-1.537190,ndi
1786509539.068965,24.550385,-0.021030,-0.022160,-1.537160,ndi
1786509539.086501,24.567920,-0.021030,-0.022160,-1.537180,ndi
1786509539.101490,24.582910,-0.021030,-0.022160,-1.537180,ndi
1786509539.118990,24.600410,-0.021030,-0.022150,-1.537160,ndi
1786509539.136476,24.617896,-0.021020,-0.022160,-1.537200,ndi
1786509539.153924,24.635344,-0.021040,-0.022170,-1.537170,ndi
1786509539.168979,24.650398,-0.021040,-0.022150,-1.537160,ndi
1786509539.186518,24.667937,-0.021030,-0.022150,-1.537190,ndi
1786509539.201505,24.682925,-0.021040,-0.022160,-1.537170,ndi
1786509539.218991,24.700410,-0.021040,-0.022170,-1.537180,ndi
1786509539.236490,24.717909,-0.021030,-0.022150,-1.537190,ndi
1786509539.251570,24.732990,-0.021040,-0.022150,-1.537170,ndi
1786509539.268938,24.750357,-0.021030,-0.022160,-1.537160,ndi
1786509539.286482,24.767901,-0.021030,-0.022160,-1.537180,ndi
1786509539.301506,24.782925,-0.021040,-0.022150,-1.537170,ndi
1786509539.318998,24.800417,-0.021030,-0.022150,-1.537170,ndi
1786509539.336500,24.817919,-0.021030,-0.022160,-1.537130,ndi
1786509539.351448,24.832867,-0.021030,-0.022150,-1.537130,ndi
1786509539.368984,24.850403,-0.021050,-0.022140,-1.537140,ndi
1786509539.386537,24.867956,-0.021040,-0.022150,-1.537150,ndi
1786509539.401482,24.882902,-0.021040,-0.022150,-1.537140,ndi
1786509539.418977,24.900397,-0.021050,-0.022140,-1.537150,ndi
1786509539.436460,24.917880,-0.021030,-0.022140,-1.537160,ndi
1786509539.451460,24.932880,-0.021050,-0.022150,-1.537170,ndi
1786509539.468970,24.950389,-0.021040,-0.022150,-1.537150,ndi
1786509539.486517,24.967936,-0.021040,-0.022150,-1.537140,ndi
1786509539.501463,24.982882,-0.021040,-0.022150,-1.537160,ndi
1786509539.518987,25.000407,-0.021030,-0.022150,-1.537160,ndi
1786509539.536486,25.017905,-0.021050,-0.022140,-1.537150,ndi
1786509539.551513,25.032933,-0.021040,-0.022140,-1.537160,ndi
1786509539.569004,25.050423,-0.021050,-0.022150,-1.537170,ndi
1786509539.586537,25.067956,-0.021050,-0.022150,-1.537150,ndi
1786509539.601505,25.082924,-0.021050,-0.022140,-1.537150,ndi
1786509539.618989,25.100409,-0.021050,-0.022130,-1.537150,ndi
1786509539.636465,25.117884,-0.021050,-0.022140,-1.537160,ndi
1786509539.651479,25.132899,-0.021050,-0.022130,-1.537200,ndi
1786509539.668993,25.150412,-0.021050,-0.022130,-1.537180,ndi
1786509539.686639,25.168059,-0.021050,-0.022130,-1.537160,ndi
1786509539.701531,25.182950,-0.021050,-0.022140,-1.537180,ndi
1786509539.718988,25.200407,-0.021050,-0.022130,-1.537170,ndi
1786509539.736483,25.217902,-0.021060,-0.022120,-1.537170,ndi
1786509539.751491,25.232910,-0.021060,-0.022120,-1.537140,ndi
1786509539.768995,25.250414,-0.021070,-0.022130,-1.537180,ndi
1786509539.786501,25.267920,-0.021070,-0.022130,-1.537150,ndi
1786509539.801497,25.282916,-0.021070,-0.022110,-1.537140,ndi
1786509539.818980,25.300399,-0.021070,-0.022110,-1.537140,ndi
1786509539.836489,25.317909,-0.021070,-0.022110,-1.537140,ndi
1786509539.851516,25.332936,-0.021070,-0.022110,-1.537140,ndi
1786509539.868993,25.350412,-0.021090,-0.022100,-1.537150,ndi
1786509539.886793,25.368213,-0.021080,-0.022090,-1.537130,ndi
1786509539.901620,25.383039,-0.021080,-0.022100,-1.537160,ndi
1786509539.918993,25.400412,-0.021090,-0.022090,-1.537150,ndi
1786509539.936492,25.417911,-0.021100,-0.022060,-1.537150,ndi
1786509539.951513,25.432932,-0.021110,-0.022070,-1.537130,ndi
1786509539.968984,25.450403,-0.021120,-0.022080,-1.537150,ndi
1786509539.986501,25.467920,-0.021110,-0.022060,-1.537170,ndi
1786509540.001479,25.482898,-0.021130,-0.022040,-1.537180,ndi
1786509540.018993,25.500412,-0.021130,-0.022040,-1.537150,ndi
1786509540.036503,25.517922,-0.021120,-0.022050,-1.537160,ndi
1786509540.051456,25.532876,-0.021130,-0.022030,-1.537160,ndi
1786509540.068984,25.550403,-0.021130,-0.022010,-1.537140,ndi
1786509540.086512,25.567931,-0.021130,-0.022030,-1.537150,ndi
1786509540.101608,25.583028,-0.021140,-0.022030,-1.537130,ndi
1786509540.118999,25.600418,-0.021160,-0.022000,-1.537140,ndi
1786509540.136513,25.617933,-0.021150,-0.021990,-1.537140,ndi
1786509540.151513,25.632932,-0.021170,-0.022010,-1.537130,ndi
1786509540.168989,25.650409,-0.021180,-0.022010,-1.537130,ndi
1786509540.186483,25.667902,-0.021160,-0.021970,-1.537160,ndi
1786509540.201501,25.682921,-0.021180,-0.021960,-1.537130,ndi
1786509540.218977,25.700396,-0.021190,-0.021980,-1.537130,ndi
1786509540.236489,25.717909,-0.021190,-0.021980,-1.537150,ndi
1786509540.251475,25.732894,-0.021190,-0.021940,-1.537140,ndi
1786509540.268984,25.750403,-0.021190,-0.021940,-1.537130,ndi
1786509540.286501,25.767920,-0.021200,-0.021970,-1.537170,ndi
1786509540.301534,25.782953,-0.021210,-0.021950,-1.537180,ndi
1786509540.319014,25.800433,-0.021230,-0.021910,-1.537200,ndi
1786509540.336504,25.817923,-0.021230,-0.021920,-1.537210,ndi
1786509540.351504,25.832923,-0.021240,-0.021930,-1.537170,ndi
1786509540.369014,25.850433,-0.021250,-0.021910,-1.537200,ndi
1786509540.386518,25.867937,-0.021250,-0.021880,-1.537200,ndi
1786509540.401491,25.882910,-0.021260,-0.021890,-1.537200,ndi
1786509540.419008,25.900428,-0.021250,-0.021900,-1.537220,ndi
1786509540.436520,25.917939,-0.021260,-0.021870,-1.537220,ndi
1786509540.451503,25.932923,-0.021270,-0.021860,-1.537220,ndi
1786509540.469021,25.950440,-0.021270,-0.021860,-1.537230,ndi
1786509540.486522,25.967942,-0.021270,-0.021870,-1.537230,ndi
1786509540.501514,25.982933,-0.021280,-0.021850,-1.537240,ndi
1786509540.518979,26.000399,-0.021290,-0.021820,-1.537190,ndi
1786509540.536517,26.017936,-0.021300,-0.021830,-1.537210,ndi
1786509540.551510,26.032929,-0.021300,-0.021840,-1.537230,ndi
1786509540.569005,26.050425,-0.021300,-0.021820,-1.537230,ndi
1786509540.586488,26.067908,-0.021310,-0.021800,-1.537240,ndi
1786509540.601485,26.082904,-0.021320,-0.021810,-1.537190,ndi
1786509540.618996,26.100415,-0.021320,-0.021820,-1.537220,ndi
1786509540.636500,26.117919,-0.021320,-0.021790,-1.537240,ndi
1786509540.651509,26.132929,-0.021330,-0.021770,-1.537230,ndi
1786509540.669020,26.150440,-0.021320,-0.021790,-1.537230,ndi
1786509540.686496,26.167915,-0.021330,-0.021790,-1.537240,ndi
1786509540.701523,26.182942,-0.021330,-0.021770,-1.537230,ndi
1786509540.719007,26.200427,-0.021350,-0.021760,-1.537270,ndi
1786509540.736521,26.217940,-0.021360,-0.021770,-1.537230,ndi
1786509540.751520,26.232939,-0.021350,-0.021770,-1.537250,ndi
1786509540.769015,26.250434,-0.021360,-0.021750,-1.537240,ndi
1786509540.786516,26.267935,-0.021360,-0.021740,-1.537260,ndi
1786509540.801474,26.282893,-0.021370,-0.021750,-1.537270,ndi
1786509540.818984,26.300403,-0.021370,-0.021740,-1.537280,ndi
1786509540.836516,26.317935,-0.021370,-0.021710,-1.537280,ndi
1786509540.851500,26.332919,-0.021380,-0.021710,-1.537300,ndi
1786509540.869009,26.350428,-0.021370,-0.021720,-1.537280,ndi
1786509540.886530,26.367949,-0.021400,-0.021710,-1.537310,ndi
1786509540.901609,26.383029,-0.021400,-0.021690,-1.537300,ndi
1786509540.919028,26.400447,-0.021400,-0.021680,-1.537320,ndi
1786509540.936530,26.417949,-0.021420,-0.021690,-1.537320,ndi
1786509540.951525,26.432945,-0.021410,-0.021670,-1.537330,ndi
1786509540.969021,26.450440,-0.021420,-0.021650,-1.537360,ndi
1786509540.986502,26.467921,-0.021420,-0.021640,-1.537380,ndi
1786509541.001495,26.482915,-0.021420,-0.021650,-1.537410,ndi
1786509541.018971,26.500391,-0.021430,-0.021640,-1.537410,ndi
1786509541.036531,26.517950,-0.021420,-0.021610,-1.537430,ndi
1786509541.051497,26.532916,-0.021430,-0.021600,-1.537410,ndi
1786509541.069023,26.550442,-0.021440,-0.021610,-1.537410,ndi
1786509541.086517,26.567936,-0.021440,-0.021600,-1.537450,ndi
1786509541.101494,26.582913,-0.021460,-0.021580,-1.537430,ndi
1786509541.119006,26.600425,-0.021460,-0.021580,-1.537460,ndi
1786509541.138770,26.620189,-0.021470,-0.021580,-1.537450,ndi
1786509541.151552,26.632971,-0.021470,-0.021570,-1.537470,ndi
1786509541.169006,26.650426,-0.021480,-0.021550,-1.537460,ndi
1786509541.186520,26.667939,-0.021490,-0.021540,-1.537500,ndi
1786509541.201513,26.682932,-0.021480,-0.021550,-1.537500,ndi
1786509541.218979,26.700399,-0.021490,-0.021540,-1.537510,ndi
1786509541.236527,26.717947,-0.021490,-0.021510,-1.537490,ndi
1786509541.251526,26.732946,-0.021500,-0.021510,-1.537530,ndi
1786509541.269018,26.750438,-0.021500,-0.021520,-1.537560,ndi
1786509541.286515,26.767934,-0.021490,-0.021510,-1.537500,ndi
1786509541.301619,26.783039,-0.021510,-0.021490,-1.537550,ndi
1786509541.319028,26.800447,-0.021510,-0.021490,-1.537530,ndi
1786509541.336545,26.817964,-0.021520,-0.021490,-1.537570,ndi
1786509541.351515,26.832934,-0.021530,-0.021480,-1.537560,ndi
1786509541.369001,26.850421,-0.021520,-0.021470,-1.537580,ndi
1786509541.386482,26.867901,-0.021540,-0.021460,-1.537610,ndi
1786509541.401512,26.882931,-0.021530,-0.021460,-1.537600,ndi
1786509541.418975,26.900394,-0.021530,-0.021450,-1.537580,ndi
1786509541.436561,26.917980,-0.021540,-0.021440,-1.537600,ndi
1786509541.451526,26.932945,-0.021530,-0.021430,-1.537590,ndi
1786509541.469021,26.950440,-0.021550,-0.021420,-1.537600,ndi
1786509541.486538,26.967957,-0.021550,-0.021420,-1.537570,ndi
1786509541.501576,26.982995,-0.021560,-0.021410,-1.537640,ndi
1786509541.519051,27.000470,-0.021570,-0.021400,-1.537650,ndi
1786509541.536542,27.017962,-0.021570,-0.021380,-1.537650,ndi
1786509541.551531,27.032950,-0.021580,-0.021380,-1.537640,ndi
1786509541.569026,27.050446,-0.021570,-0.021380,-1.537640,ndi
1786509541.586498,27.067918,-0.021580,-0.021350,-1.537650,ndi
1786509541.601515,27.082934,-0.021590,-0.021350,-1.537700,ndi
1786509541.619038,27.100457,-0.021590,-0.021350,-1.537700,ndi
1786509541.636523,27.117942,-0.021590,-0.021330,-1.537720,ndi
1786509541.651534,27.132953,-0.021600,-0.021310,-1.537700,ndi
1786509541.669019,27.150439,-0.021610,-0.021300,-1.537730,ndi
1786509541.686534,27.167954,-0.021610,-0.021310,-1.537740,ndi
1786509541.701583,27.183002,-0.021630,-0.021290,-1.537740,ndi
1786509541.719041,27.200460,-0.021630,-0.021260,-1.537740,ndi
1786509541.736538,27.217957,-0.021630,-0.021260,-1.537760,ndi
1786509541.751528,27.232947,-0.021640,-0.021260,-1.537780,ndi
1786509541.769023,27.250442,-0.021640,-0.021240,-1.537780,ndi
1786509541.786503,27.267922,-0.021640,-0.021220,-1.537770,ndi
1786509541.801493,27.282913,-0.021640,-0.021220,-1.537790,ndi
1786509541.819044,27.300463,-0.021650,-0.021210,-1.537830,ndi
1786509541.836541,27.317960,-0.021660,-0.021190,-1.537830,ndi
1786509541.853986,27.335405,-0.021650,-0.021190,-1.537840,ndi
1786509541.869051,27.350471,-0.021660,-0.021180,-1.537830,ndi
1786509541.886514,27.367934,-0.021670,-0.021180,-1.537860,ndi
1786509541.901715,27.383134,-0.021670,-0.021160,-1.537850,ndi
1786509541.919058,27.400478,-0.021680,-0.021150,-1.537850,ndi
1786509541.936540,27.417960,-0.021680,-0.021150,-1.537880,ndi
1786509541.951586,27.433005,-0.021680,-0.021140,-1.537890,ndi
1786509541.969036,27.450455,-0.021690,-0.021130,-1.537890,ndi
1786509541.986489,27.467908,-0.021690,-0.021120,-1.537930,ndi
1786509542.003987,27.485407,-0.021690,-0.021110,-1.537910,ndi
1786509542.019041,27.500460,-0.021690,-0.021100,-1.537940,ndi
1786509542.036520,27.517940,-0.021700,-0.021080,-1.537930,ndi
1786509542.051518,27.532938,-0.021690,-0.021080,-1.537930,ndi
1786509542.069027,27.550447,-0.021710,-0.021080,-1.537990,ndi
1786509542.086547,27.567966,-0.021710,-0.021060,-1.537950,ndi
1786509542.101528,27.582947,-0.021720,-0.021040,-1.537990,ndi
1786509542.119065,27.600484,-0.021720,-0.021040,-1.538000,ndi
1786509542.136550,27.617969,-0.021720,-0.021030,-1.538020,ndi
1786509542.151524,27.632943,-0.021720,-0.021020,-1.538020,ndi
1786509542.168995,27.650414,-0.021720,-0.021000,-1.538040,ndi
1786509542.186525,27.667944,-0.021730,-0.021000,-1.538080,ndi
1786509542.201529,27.682948,-0.021740,-0.020990,-1.538060,ndi
1786509542.219039,27.700459,-0.021730,-0.020970,-1.538050,ndi
1786509542.236547,27.717966,-0.021730,-0.020960,-1.538070,ndi
1786509542.251546,27.732966,-0.021740,-0.020950,-1.538090,ndi
1786509542.269035,27.750454,-0.021740,-0.020950,-1.538090,ndi
1786509542.286599,27.768018,-0.021750,-0.020930,-1.538090,ndi
1786509542.301541,27.782960,-0.021760,-0.020910,-1.538090,ndi
1786509542.319061,27.800480,-0.021750,-0.020910,-1.538140,ndi
1786509542.336562,27.817981,-0.021760,-0.020910,-1.538130,ndi
1786509542.354012,27.835432,-0.021770,-0.020890,-1.538160,ndi
1786509542.369003,27.850422,-0.021760,-0.020870,-1.538170,ndi
1786509542.386556,27.867975,-0.021760,-0.020860,-1.538200,ndi
1786509542.401527,27.882947,-0.021760,-0.020860,-1.538220,ndi
1786509542.419042,27.900461,-0.021760,-0.020830,-1.538210,ndi
1786509542.436548,27.917967,-0.021780,-0.020820,-1.538260,ndi
1786509542.451544,27.932964,-0.021760,-0.020830,-1.538260,ndi
1786509542.469024,27.950443,-0.021780,-0.020820,-1.538280,ndi
1786509542.486578,27.967998,-0.021790,-0.020810,-1.538320,ndi
1786509542.501548,27.982967,-0.021780,-0.020800,-1.538290,ndi
1786509542.519063,28.000482,-0.021800,-0.020790,-1.538290,ndi
1786509542.536551,28.017971,-0.021800,-0.020780,-1.538320,ndi
1786509542.551533,28.032952,-0.021790,-0.020760,-1.538320,ndi
1786509542.569010,28.050429,-0.021800,-0.020770,-1.538380,ndi
1786509542.586518,28.067937,-0.021800,-0.020760,-1.538390,ndi
1786509542.601528,28.082948,-0.021800,-0.020730,-1.538380,ndi
1786509542.619058,28.100477,-0.021800,-0.020730,-1.538420,ndi
1786509542.636537,28.117956,-0.021810,-0.020730,-1.538430,ndi
1786509542.651537,28.132957,-0.021790,-0.020710,-1.538410,ndi
1786509542.669031,28.150451,-0.021820,-0.020700,-1.538450,ndi
1786509542.686554,28.167973,-0.021830,-0.020690,-1.538460,ndi
1786509542.701548,28.182967,-0.021820,-0.020690,-1.538490,ndi
1786509542.719068,28.200487,-0.021840,-0.020670,-1.538490,ndi
1786509542.736570,28.217989,-0.021830,-0.020660,-1.538490,ndi
1786509542.751528,28.232947,-0.021830,-0.020650,-1.538490,ndi
1786509542.769001,28.250421,-0.021840,-0.020660,-1.538550,ndi
1786509542.786519,28.267938,-0.021830,-0.020630,-1.538530,ndi
1786509542.801515,28.282934,-0.021840,-0.020620,-1.538540,ndi
1786509542.819041,28.300460,-0.021840,-0.020620,-1.538560,ndi
1786509542.836531,28.317950,-0.021850,-0.020610,-1.538570,ndi
1786509542.851530,28.332949,-0.021850,-0.020590,-1.538590,ndi
1786509542.869026,28.350445,-0.021860,-0.020590,-1.538590,ndi
1786509542.886565,28.367985,-0.021860,-0.020580,-1.538600,ndi
1786509542.901549,28.382968,-0.021860,-0.020570,-1.538610,ndi
1786509542.919081,28.400500,-0.021870,-0.020550,-1.538620,ndi
1786509542.936573,28.417992,-0.021860,-0.020550,-1.538630,ndi
1786509542.951506,28.432925,-0.021870,-0.020540,-1.538650,ndi
1786509542.969013,28.450433,-0.021860,-0.020510,-1.538660,ndi
1786509542.986559,28.467978,-0.021860,-0.020500,-1.538650,ndi
1786509543.001562,28.482982,-0.021870,-0.020500,-1.538660,ndi
1786509543.019064,28.500483,-0.021860,-0.020500,-1.538680,ndi
1786509543.036547,28.517967,-0.021860,-0.020480,-1.538670,ndi
1786509543.051509,28.532928,-0.021870,-0.020470,-1.538660,ndi
1786509543.069067,28.550486,-0.021880,-0.020470,-1.538700,ndi
1786509543.086555,28.567974,-0.021890,-0.020460,-1.538690,ndi
1786509543.101539,28.582959,-0.021890,-0.020450,-1.538700,ndi
1786509543.119056,28.600475,-0.021880,-0.020440,-1.538700,ndi
1786509543.136553,28.617972,-0.021880,-0.020430,-1.538710,ndi
1786509543.151608,28.633027,-0.021890,-0.020420,-1.538740,ndi
1786509543.169018,28.650438,-0.021880,-0.020410,-1.538750,ndi
1786509543.186550,28.667970,-0.021880,-0.020390,-1.538740,ndi
1786509543.201552,28.682972,-0.021890,-0.020380,-1.538750,ndi
1786509543.219029,28.700449,-0.021880,-0.020380,-1.538780,ndi
1786509543.236550,28.717969,-0.021880,-0.020370,-1.538800,ndi
1786509543.251544,28.732963,-0.021900,-0.020350,-1.538810,ndi
1786509543.269070,28.750489,-0.021900,-0.020350,-1.538810,ndi
1786509543.286570,28.767989,-0.021910,-0.020350,-1.538820,ndi
1786509543.301553,28.782972,-0.021900,-0.020330,-1.538840,ndi
1786509543.319060,28.800479,-0.021910,-0.020310,-1.538850,ndi
1786509543.336542,28.817962,-0.021910,-0.020320,-1.538850,ndi
1786509543.351531,28.832950,-0.021900,-0.020320,-1.538880,ndi
1786509543.369049,28.850468,-0.021900,-0.020290,-1.538870,ndi
1786509543.386555,28.867975,-0.021910,-0.020270,-1.538870,ndi
1786509543.401563,28.882982,-0.021900,-0.020280,-1.538880,ndi
1786509543.419030,28.900450,-0.021900,-0.020270,-1.538880,ndi
1786509543.436553,28.917973,-0.021920,-0.020250,-1.538900,ndi
1786509543.451562,28.932982,-0.021920,-0.020240,-1.538930,ndi
1786509543.469063,28.950482,-0.021920,-0.020250,-1.538940,ndi
1786509543.486579,28.967998,-0.021940,-0.020230,-1.538940,ndi
1786509543.501664,28.983083,-0.021920,-0.020210,-1.538930,ndi
1786509543.519087,29.000507,-0.021920,-0.020210,-1.538960,ndi
1786509543.536589,29.018009,-0.021930,-0.020210,-1.538980,ndi
1786509543.551515,29.032934,-0.021930,-0.020190,-1.539020,ndi
1786509543.569043,29.050462,-0.021920,-0.020160,-1.539020,ndi
1786509543.586549,29.067968,-0.021920,-0.020170,-1.539020,ndi
1786509543.601547,29.082966,-0.021930,-0.020170,-1.539040,ndi
1786509543.619048,29.100467,-0.021930,-0.020150,-1.538990,ndi
1786509543.636554,29.117973,-0.021940,-0.020130,-1.539070,ndi
1786509543.651568,29.132987,-0.021940,-0.020140,-1.539040,ndi
1786509543.669068,29.150487,-0.021940,-0.020130,-1.539070,ndi
1786509543.686572,29.167991,-0.021940,-0.020110,-1.539080,ndi
1786509543.701544,29.182964,-0.021940,-0.020110,-1.539080,ndi
1786509543.719070,29.200490,-0.021930,-0.020110,-1.539110,ndi
1786509543.736537,29.217956,-0.021940,-0.020090,-1.539140,ndi
1786509543.751529,29.232948,-0.021940,-0.020080,-1.539120,ndi
1786509543.769044,29.250463,-0.021930,-0.020070,-1.539150,ndi
1786509543.786583,29.268002,-0.021940,-0.020060,-1.539160,ndi
1786509543.801556,29.282975,-0.021940,-0.020060,-1.539190,ndi
1786509543.819077,29.300496,-0.021930,-0.020040,-1.539180,ndi
1786509543.836554,29.317973,-0.021950,-0.020030,-1.539220,ndi
1786509543.851623,29.333042,-0.021960,-0.020020,-1.539240,ndi
1786509543.869069,29.350488,-0.021950,-0.020010,-1.539200,ndi
1786509543.886573,29.367992,-0.021960,-0.020000,-1.539230,ndi
1786509543.901547,29.382967,-0.021960,-0.019990,-1.539260,ndi
1786509543.919111,29.400530,-0.021940,-0.019970,-1.539280,ndi
1786509543.936563,29.417983,-0.021960,-0.019970,-1.539330,ndi
1786509543.951538,29.432957,-0.021950,-0.019960,-1.539300,ndi
1786509543.969065,29.450485,-0.021940,-0.019950,-1.539330,ndi
1786509543.986558,29.467978,-0.021950,-0.019940,-1.539320,ndi
1786509544.001554,29.482973,-0.021950,-0.019940,-1.539310,ndi
1786509544.019048,29.500467,-0.021950,-0.019920,-1.539340,ndi
1786509544.036572,29.517991,-0.021960,-0.019910,-1.539360,ndi
1786509544.051577,29.532996,-0.021960,-0.019910,-1.539380,ndi
1786509544.069064,29.550484,-0.021960,-0.019910,-1.539380,ndi
1786509544.086583,29.568002,-0.021970,-0.019890,-1.539410,ndi
1786509544.101564,29.582983,-0.021960,-0.019870,-1.539400,ndi
1786509544.119127,29.600546,-0.021960,-0.019870,-1.539430,ndi
1786509544.136560,29.617980,-0.021970,-0.019860,-1.539440,ndi
1786509544.151563,29.632982,-0.021950,-0.019840,-1.539420,ndi
1786509544.169069,29.650488,-0.021960,-0.019840,-1.539480,ndi
1786509544.186577,29.667996,-0.021950,-0.019840,-1.539460,ndi
1786509544.201545,29.682964,-0.021950,-0.019830,-1.539490,ndi
1786509544.219044,29.700463,-0.021960,-0.019820,-1.539470,ndi
1786509544.236573,29.717992,-0.021960,-0.019800,-1.539490,ndi
1786509544.251569,29.732988,-0.021960,-0.019810,-1.539500,ndi
1786509544.269052,29.750471,-0.021960,-0.019790,-1.539530,ndi
1786509544.286570,29.767989,-0.021960,-0.019780,-1.539540,ndi
1786509544.301556,29.782975,-0.021960,-0.019780,-1.539570,ndi
1786509544.319238,29.800657,-0.021960,-0.019760,-1.539570,ndi
1786509544.336606,29.818025,-0.021950,-0.019740,-1.539580,ndi
1786509544.351568,29.832988,-0.021960,-0.019750,-1.539590,ndi
1786509544.369050,29.850469,-0.021960,-0.019740,-1.539590,ndi
1786509544.386581,29.868000,-0.021950,-0.019720,-1.539600,ndi
1786509544.401545,29.882965,-0.021950,-0.019700,-1.539620,ndi
1786509544.419035,29.900454,-0.021960,-0.019700,-1.539640,ndi
1786509544.436592,29.918011,-0.021950,-0.019700,-1.539630,ndi
1786509544.451580,29.932999,-0.021970,-0.019680,-1.539650,ndi
1786509544.469082,29.950501,-0.021970,-0.019660,-1.539650,ndi
1786509544.486577,29.967996,-0.021950,-0.019670,-1.539670,ndi
1786509544.501555,29.982975,-0.021970,-0.019660,-1.539690,ndi
1786509544.519051,30.000470,-0.021970,-0.019640,-1.539710,ndi
1786509544.536585,30.018004,-0.021950,-0.019620,-1.539710,ndi
1786509544.551566,30.032986,-0.021960,-0.019630,-1.539700,ndi
1786509544.569074,30.050494,-0.021960,-0.019620,-1.539740,ndi
1786509544.586581,30.068000,-0.021940,-0.019590,-1.539710,ndi
1786509544.601580,30.082999,-0.021960,-0.019590,-1.539730,ndi
1786509544.619060,30.100479,-0.021970,-0.019590,-1.539780,ndi
1786509544.636636,30.118056,-0.021950,-0.019580,-1.539780,ndi
1786509544.651579,30.132999,-0.021980,-0.019560,-1.539770,ndi
1786509544.669066,30.150486,-0.021960,-0.019550,-1.539790,ndi
1786509544.686593,30.168013,-0.021960,-0.019540,-1.539800,ndi
1786509544.701547,30.182966,-0.021970,-0.019530,-1.539790,ndi
1786509544.719055,30.200474,-0.021960,-0.019520,-1.539840,ndi
1786509544.736554,30.217974,-0.021950,-0.019500,-1.539850,ndi
1786509544.751556,30.232975,-0.021960,-0.019510,-1.539850,ndi
1786509544.769073,30.250493,-0.021960,-0.019490,-1.539860,ndi
1786509544.786566,30.267986,-0.021950,-0.019480,-1.539880,ndi
1786509544.801559,30.282979,-0.021970,-0.019480,-1.539890,ndi
1786509544.819085,30.300504,-0.021960,-0.019480,-1.539900,ndi
1786509544.836602,30.318022,-0.021960,-0.019460,-1.539900,ndi
1786509544.851608,30.333027,-0.021980,-0.019450,-1.539920,ndi
1786509544.869093,30.350513,-0.021950,-0.019440,-1.539950,ndi
1786509544.886601,30.368021,-0.021960,-0.019440,-1.539960,ndi
1786509544.901562,30.382982,-0.021960,-0.019430,-1.539970,ndi
1786509544.919049,30.400468,-0.021940,-0.019410,-1.539980,ndi
1786509544.936607,30.418026,-0.021960,-0.019410,-1.539980,ndi
1786509544.951583,30.433002,-0.021940,-0.019410,-1.540020,ndi
1786509544.969079,30.450498,-0.021950,-0.019390,-1.540030,ndi
1786509544.986589,30.468008,-0.021950,-0.019370,-1.540050,ndi
1786509545.001556,30.482976,-0.021950,-0.019370,-1.540030,ndi
1786509545.019093,30.500512,-0.021970,-0.019360,-1.540060,ndi
1786509545.036638,30.518057,-0.021960,-0.019350,-1.540090,ndi
1786509545.051575,30.532994,-0.021950,-0.019350,-1.540090,ndi
1786509545.069057,30.550476,-0.021960,-0.019340,-1.540100,ndi
1786509545.086585,30.568004,-0.021950,-0.019320,-1.540090,ndi
1786509545.101563,30.582982,-0.021950,-0.019320,-1.540160,ndi
1786509545.119078,30.600497,-0.021960,-0.019310,-1.540150,ndi
1786509545.136611,30.618030,-0.021950,-0.019300,-1.540150,ndi
1786509545.151572,30.632991,-0.021940,-0.019290,-1.540140,ndi
1786509545.169081,30.650501,-0.021950,-0.019290,-1.540190,ndi
1786509545.186567,30.667986,-0.021940,-0.019280,-1.540190,ndi
1786509545.201581,30.683000,-0.021940,-0.019260,-1.540230,ndi
1786509545.219105,30.700524,-0.021960,-0.019250,-1.540210,ndi
1786509545.236631,30.718050,-0.021960,-0.019250,-1.540210,ndi
1786509545.251589,30.733008,-0.021940,-0.019240,-1.540250,ndi
1786509545.269077,30.750496,-0.021960,-0.019220,-1.540260,ndi
1786509545.286565,30.767985,-0.021940,-0.019210,-1.540270,ndi
1786509545.301569,30.782989,-0.021940,-0.019210,-1.540290,ndi
1786509545.319082,30.800501,-0.021940,-0.019190,-1.540280,ndi
1786509545.336597,30.818017,-0.021930,-0.019180,-1.540290,ndi
1786509545.351594,30.833013,-0.021930,-0.019180,-1.540300,ndi
1786509545.369080,30.850500,-0.021930,-0.019180,-1.540320,ndi
1786509545.386600,30.868020,-0.021940,-0.019150,-1.540310,ndi
1786509545.401583,30.883003,-0.021940,-0.019150,-1.540340,ndi
1786509545.419092,30.900512,-0.021950,-0.019160,-1.540340,ndi
1786509545.436641,30.918060,-0.021940,-0.019140,-1.540360,ndi
1786509545.451592,30.933011,-0.021930,-0.019130,-1.540360,ndi
1786509545.469096,30.950515,-0.021940,-0.019120,-1.540340,ndi
1786509545.486576,30.967995,-0.021930,-0.019130,-1.540400,ndi
1786509545.501573,30.982992,-0.021940,-0.019100,-1.540390,ndi
1786509545.519066,31.000485,-0.021920,-0.019090,-1.540380,ndi
1786509545.536599,31.018019,-0.021920,-0.019090,-1.540410,ndi
1786509545.551582,31.033001,-0.021920,-0.019090,-1.540420,ndi
1786509545.569073,31.050493,-0.021920,-0.019060,-1.540440,ndi
1786509545.586578,31.067998,-0.021920,-0.019050,-1.540440,ndi
1786509545.601572,31.082991,-0.021930,-0.019060,-1.540450,ndi
1786509545.619098,31.100517,-0.021920,-0.019040,-1.540460,ndi
1786509545.636657,31.118077,-0.021920,-0.019010,-1.540480,ndi
1786509545.651602,31.133022,-0.021930,-0.019010,-1.540480,ndi
1786509545.669085,31.150504,-0.021920,-0.019030,-1.540510,ndi
1786509545.686568,31.167987,-0.021920,-0.019010,-1.540520,ndi
1786509545.701555,31.182974,-0.021910,-0.018980,-1.540500,ndi
1786509545.719090,31.200509,-0.021910,-0.018980,-1.540500,ndi
1786509545.736586,31.218005,-0.021900,-0.018990,-1.540480,ndi
1786509545.751572,31.232991,-0.021900,-0.018970,-1.540510,ndi
1786509545.769072,31.250491,-0.021900,-0.018940,-1.540500,ndi
1786509545.786585,31.268004,-0.021910,-0.018950,-1.540530,ndi
1786509545.801591,31.283010,-0.021900,-0.018950,-1.540540,ndi
1786509545.819108,31.300528,-0.021910,-0.018930,-1.540550,ndi
1786509545.836675,31.318094,-0.021910,-0.018910,-1.540550,ndi
1786509545.851593,31.333012,-0.021900,-0.018910,-1.540540,ndi
1786509545.869129,31.350549,-0.021900,-0.018910,-1.540570,ndi
1786509545.886591,31.368010,-0.021900,-0.018880,-1.540580,ndi
1786509545.901580,31.383000,-0.021890,-0.018860,-1.540600,ndi
1786509545.919101,31.400520,-0.021880,-0.018870,-1.540600,ndi
1786509545.936617,31.418036,-0.021890,-0.018870,-1.540610,ndi
1786509545.951569,31.432988,-0.021890,-0.018850,-1.540620,ndi
1786509545.969081,31.450500,-0.021880,-0.018830,-1.540620,ndi
1786509545.986614,31.468033,-0.021890,-0.018840,-1.540650,ndi
1786509546.001597,31.483017,-0.021890,-0.018840,-1.540640,ndi
1786509546.019125,31.500544,-0.021880,-0.018820,-1.540670,ndi
1786509546.036709,31.518129,-0.021880,-0.018810,-1.540670,ndi
1786509546.051616,31.533035,-0.021880,-0.018810,-1.540700,ndi
1786509546.069072,31.550492,-0.021880,-0.018810,-1.540700,ndi
1786509546.086578,31.567998,-0.021890,-0.018790,-1.540750,ndi
1786509546.101574,31.582993,-0.021870,-0.018780,-1.540720,ndi
1786509546.119114,31.600533,-0.021880,-0.018780,-1.540750,ndi
1786509546.136605,31.618025,-0.021870,-0.018770,-1.540770,ndi
1786509546.151592,31.633011,-0.021860,-0.018750,-1.540790,ndi
1786509546.169087,31.650506,-0.021870,-0.018750,-1.540800,ndi
1786509546.186630,31.668049,-0.021880,-0.018760,-1.540810,ndi
1786509546.201593,31.683012,-0.021870,-0.018740,-1.540840,ndi
1786509546.219091,31.700511,-0.021860,-0.018720,-1.540860,ndi
1786509546.236615,31.718034,-0.021870,-0.018720,-1.540880,ndi
1786509546.251605,31.733025,-0.021860,-0.018730,-1.540870,ndi
1786509546.269082,31.750501,-0.021850,-0.018700,-1.540910,ndi
1786509546.286578,31.767997,-0.021860,-0.018670,-1.540920,ndi
1786509546.301605,31.783025,-0.021840,-0.018690,-1.540910,ndi
1786509546.319127,31.800546,-0.021860,-0.018690,-1.540950,ndi
1786509546.336597,31.818017,-0.021850,-0.018660,-1.540960,ndi
1786509546.351600,31.833019,-0.021830,-0.018650,-1.540960,ndi
1786509546.369059,31.850478,-0.021850,-0.018660,-1.540990,ndi
1786509546.386619,31.868038,-0.021850,-0.018650,-1.541010,ndi
1786509546.401604,31.883024,-0.021850,-0.018620,-1.540990,ndi
1786509546.419123,31.900542,-0.021840,-0.018620,-1.541000,ndi
1786509546.436638,31.918058,-0.021840,-0.018630,-1.541010,ndi
1786509546.451616,31.933035,-0.021840,-0.018610,-1.541020,ndi
1786509546.469072,31.950491,-0.021840,-0.018580,-1.541030,ndi
1786509546.486613,31.968032,-0.021820,-0.018580,-1.541050,ndi
1786509546.501593,31.983012,-0.021820,-0.018590,-1.541050,ndi
1786509546.519100,32.000519,-0.021820,-0.018570,-1.541100,ndi
1786509546.536593,32.018012,-0.021810,-0.018540,-1.541080,ndi
1786509546.551588,32.033007,-0.021810,-0.018550,-1.541070,ndi
1786509546.569102,32.050521,-0.021830,-0.018560,-1.541110,ndi
1786509546.586606,32.068025,-0.021830,-0.018540,-1.541060,ndi
1786509546.601598,32.083017,-0.021830,-0.018530,-1.541080,ndi
1786509546.619108,32.100528,-0.021810,-0.018520,-1.541100,ndi
1786509546.636621,32.118040,-0.021800,-0.018530,-1.541110,ndi
1786509546.651576,32.132995,-0.021820,-0.018510,-1.541110,ndi
1786509546.669074,32.150493,-0.021800,-0.018500,-1.541130,ndi
1786509546.686591,32.168010,-0.021790,-0.018500,-1.541110,ndi
1786509546.701620,32.183039,-0.021800,-0.018500,-1.541150,ndi
1786509546.719126,32.200546,-0.021780,-0.018480,-1.541150,ndi
1786509546.736617,32.218036,-0.021790,-0.018470,-1.541200,ndi
1786509546.751596,32.233016,-0.021790,-0.018460,-1.541180,ndi
1786509546.769121,32.250540,-0.021790,-0.018460,-1.541190,ndi
1786509546.786613,32.268032,-0.021790,-0.018440,-1.541200,ndi
1786509546.801597,32.283017,-0.021780,-0.018430,-1.541200,ndi
1786509546.819094,32.300513,-0.021780,-0.018420,-1.541220,ndi
1786509546.836633,32.318053,-0.021780,-0.018430,-1.541210,ndi
1786509546.851603,32.333022,-0.021770,-0.018410,-1.541230,ndi
1786509546.869081,32.350500,-0.021760,-0.018400,-1.541260,ndi
1786509546.886626,32.368045,-0.021760,-0.018390,-1.541250,ndi
1786509546.901592,32.383012,-0.021760,-0.018390,-1.541270,ndi
1786509546.919103,32.400522,-0.021750,-0.018380,-1.541280,ndi
1786509546.936614,32.418033,-0.021760,-0.018360,-1.541300,ndi
1786509546.951583,32.433002,-0.021750,-0.018360,-1.541280,ndi
1786509546.969144,32.450564,-0.021750,-0.018360,-1.541310,ndi
1786509546.986614,32.468033,-0.021750,-0.018340,-1.541320,ndi
1786509547.001616,32.483035,-0.021740,-0.018320,-1.541320,ndi
1786509547.019111,32.500530,-0.021760,-0.018330,-1.541370,ndi
1786509547.036613,32.518032,-0.021740,-0.018330,-1.541340,ndi
1786509547.051637,32.533056,-0.021730,-0.018320,-1.541390,ndi
1786509547.069110,32.550529,-0.021730,-0.018300,-1.541370,ndi
1786509547.086642,32.568062,-0.021730,-0.018300,-1.541370,ndi
1786509547.101612,32.583031,-0.021720,-0.018290,-1.541380,ndi
1786509547.119117,32.600537,-0.021720,-0.018270,-1.541400,ndi
1786509547.136618,32.618037,-0.021710,-0.018270,-1.541380,ndi
1786509547.151571,32.632991,-0.021710,-0.018270,-1.541430,ndi
1786509547.169129,32.650548,-0.021720,-0.018260,-1.541390,ndi
1786509547.186629,32.668048,-0.021720,-0.018250,-1.541420,ndi
1786509547.201619,32.683038,-0.021710,-0.018250,-1.541430,ndi
1786509547.219124,32.700543,-0.021720,-0.018240,-1.541430,ndi
1786509547.236608,32.718027,-0.021710,-0.018230,-1.541470,ndi
1786509547.251617,32.733037,-0.021710,-0.018230,-1.541480,ndi
1786509547.269116,32.750535,-0.021710,-0.018230,-1.541490,ndi
1786509547.286602,32.768021,-0.021690,-0.018210,-1.541520,ndi
1786509547.301624,32.783043,-0.021690,-0.018200,-1.541500,ndi
1786509547.319103,32.800523,-0.021700,-0.018190,-1.541500,ndi
1786509547.336608,32.818027,-0.021690,-0.018190,-1.541500,ndi
1786509547.351620,32.833040,-0.021690,-0.018190,-1.541490,ndi
1786509547.369126,32.850545,-0.021700,-0.018170,-1.541520,ndi
1786509547.386613,32.868032,-0.021690,-0.018160,-1.541540,ndi
1786509547.401604,32.883023,-0.021680,-0.018160,-1.541580,ndi
1786509547.419142,32.900562,-0.021680,-0.018160,-1.541550,ndi
1786509547.436627,32.918046,-0.021670,-0.018140,-1.541570,ndi
1786509547.451634,32.933053,-0.021670,-0.018140,-1.541580,ndi
1786509547.469141,32.950561,-0.021660,-0.018120,-1.541560,ndi
1786509547.486657,32.968076,-0.021650,-0.018130,-1.541570,ndi
1786509547.501614,32.983033,-0.021660,-0.018120,-1.541580,ndi
1786509547.519133,33.000552,-0.021650,-0.018100,-1.541590,ndi
1786509547.536606,33.018025,-0.021640,-0.018100,-1.541580,ndi
1786509547.551672,33.033091,-0.021670,-0.018100,-1.541640,ndi
1786509547.569134,33.050553,-0.021640,-0.018090,-1.541620,ndi
1786509547.586627,33.068047,-0.021640,-0.018060,-1.541630,ndi
1786509547.601606,33.083026,-0.021650,-0.018070,-1.541660,ndi
1786509547.619119,33.100538,-0.021630,-0.018070,-1.541640,ndi
1786509547.636608,33.118027,-0.021630,-0.018060,-1.541660,ndi
1786509547.651611,33.133030,-0.021630,-0.018040,-1.541660,ndi
1786509547.669143,33.150562,-0.021610,-0.018050,-1.541680,ndi
1786509547.686633,33.168052,-0.021610,-0.018040,-1.541670,ndi
1786509547.701602,33.183021,-0.021620,-0.018020,-1.541690,ndi
1786509547.719132,33.200551,-0.021590,-0.018010,-1.541710,ndi
1786509547.736609,33.218028,-0.021610,-0.018020,-1.541690,ndi
1786509547.751631,33.233050,-0.021620,-0.018010,-1.541720,ndi
1786509547.769146,33.250566,-0.021600,-0.017990,-1.541720,ndi
1786509547.786636,33.268056,-0.021600,-0.017990,-1.541700,ndi
1786509547.801615,33.283035,-0.021600,-0.018000,-1.541730,ndi
1786509547.819113,33.300533,-0.021590,-0.017980,-1.541750,ndi
1786509547.836614,33.318033,-0.021600,-0.017970,-1.541760,ndi
1786509547.851684,33.333103,-0.021580,-0.017980,-1.541740,ndi
1786509547.869151,33.350570,-0.021580,-0.017970,-1.541770,ndi
1786509547.886652,33.368071,-0.021570,-0.017950,-1.541760,ndi
1786509547.901610,33.383029,-0.021560,-0.017940,-1.541780,ndi
1786509547.919115,33.400534,-0.021570,-0.017950,-1.541770,ndi
1786509547.936642,33.418061,-0.021570,-0.017950,-1.541800,ndi
1786509547.951638,33.433058,-0.021560,-0.017930,-1.541810,ndi
1786509547.969142,33.450562,-0.021570,-0.017910,-1.541800,ndi
1786509547.986647,33.468067,-0.021560,-0.017920,-1.541820,ndi
1786509548.001642,33.483062,-0.021540,-0.017910,-1.541810,ndi
1786509548.019126,33.500546,-0.021560,-0.017890,-1.541840,ndi
1786509548.036629,33.518048,-0.021540,-0.017890,-1.541890,ndi
1786509548.051896,33.533315,-0.021530,-0.017890,-1.541880,ndi
1786509548.069155,33.550574,-0.021540,-0.017890,-1.541880,ndi
1786509548.086642,33.568062,-0.021530,-0.017860,-1.541900,ndi
1786509548.101615,33.583035,-0.021530,-0.017850,-1.541890,ndi
1786509548.119137,33.600556,-0.021530,-0.017850,-1.541940,ndi
1786509548.136708,33.618127,-0.021530,-0.017860,-1.541940,ndi
1786509548.151628,33.633048,-0.021530,-0.017840,-1.541920,ndi
1786509548.169141,33.650560,-0.021530,-0.017820,-1.541950,ndi
1786509548.186661,33.668080,-0.021510,-0.017820,-1.541990,ndi
1786509548.201664,33.683083,-0.021510,-0.017830,-1.541980,ndi
1786509548.219134,33.700553,-0.021510,-0.017810,-1.542000,ndi
1786509548.236623,33.718043,-0.021490,-0.017780,-1.541970,ndi
1786509548.251631,33.733051,-0.021500,-0.017800,-1.541980,ndi
1786509548.269160,33.750580,-0.021490,-0.017810,-1.542010,ndi
1786509548.286652,33.768071,-0.021480,-0.017770,-1.542040,ndi
1786509548.301629,33.783048,-0.021470,-0.017750,-1.542030,ndi
1786509548.319134,33.800553,-0.021480,-0.017770,-1.542060,ndi
1786509548.336637,33.818056,-0.021480,-0.017770,-1.542060,ndi
1786509548.351617,33.833037,-0.021470,-0.017740,-1.542080,ndi
1786509548.369140,33.850559,-0.021480,-0.017730,-1.542060,ndi
1786509548.386648,33.868067,-0.021460,-0.017750,-1.542100,ndi
1786509548.401612,33.883031,-0.021450,-0.017740,-1.542060,ndi
1786509548.419122,33.900542,-0.021460,-0.017720,-1.542100,ndi
1786509548.436648,33.918067,-0.021440,-0.017720,-1.542100,ndi
1786509548.451640,33.933060,-0.021440,-0.017730,-1.542090,ndi
1786509548.469166,33.950585,-0.021440,-0.017710,-1.542130,ndi
1786509548.486652,33.968071,-0.021420,-0.017690,-1.542100,ndi
1786509548.501630,33.983049,-0.021430,-0.017700,-1.542120,ndi
1786509548.519139,34.000559,-0.021430,-0.017700,-1.542140,ndi
1786509548.536655,34.018075,-0.021430,-0.017680,-1.542160,ndi
1786509548.551661,34.033080,-0.021420,-0.017670,-1.542160,ndi
1786509548.569152,34.050572,-0.021430,-0.017680,-1.542150,ndi
1786509548.586645,34.068064,-0.021410,-0.017670,-1.542160,ndi
1786509548.601606,34.083026,-0.021410,-0.017650,-1.542180,ndi
1786509548.619124,34.100544,-0.021410,-0.017660,-1.542190,ndi
1786509548.636628,34.118047,-0.021390,-0.017650,-1.542210,ndi
1786509548.651634,34.133054,-0.021390,-0.017640,-1.542210,ndi
1786509548.669139,34.150558,-0.021390,-0.017640,-1.542230,ndi
1786509548.686664,34.168084,-0.021370,-0.017630,-1.542250,ndi
1786509548.701624,34.183043,-0.021390,-0.017620,-1.542240,ndi
1786509548.719139,34.200558,-0.021380,-0.017620,-1.542240,ndi
1786509548.736652,34.218072,-0.021370,-0.017620,-1.542270,ndi
1786509548.751647,34.233067,-0.021370,-0.017610,-1.542260,ndi
1786509548.769155,34.250574,-0.021360,-0.017590,-1.542230,ndi
1786509548.786664,34.268084,-0.021360,-0.017600,-1.542250,ndi
1786509548.801616,34.283036,-0.021350,-0.017600,-1.542290,ndi
1786509548.819124,34.300544,-0.021350,-0.017580,-1.542270,ndi
1786509548.836674,34.318094,-0.021340,-0.017560,-1.542270,ndi
1786509548.851640,34.333059,-0.021330,-0.017570,-1.542290,ndi
1786509548.869155,34.350574,-0.021340,-0.017580,-1.542320,ndi
1786509548.886642,34.368062,-0.021320,-0.017550,-1.542280,ndi
1786509548.901653,34.383073,-0.021320,-0.017550,-1.542320,ndi
1786509548.919168,34.400587,-0.021320,-0.017540,-1.542330,ndi
1786509548.936678,34.418098,-0.021310,-0.017540,-1.542330,ndi
1786509548.951637,34.433056,-0.021310,-0.017520,-1.542340,ndi
1786509548.969126,34.450546,-0.021310,-0.017520,-1.542350,ndi
1786509548.986646,34.468066,-0.021300,-0.017520,-1.542360,ndi
1786509549.001619,34.483038,-0.021300,-0.017520,-1.542360,ndi
1786509549.019102,34.500521,-0.021290,-0.017510,-1.542390,ndi
1786509549.036664,34.518084,-0.021280,-0.017510,-1.542380,ndi
1786509549.051633,34.533052,-0.021290,-0.017500,-1.542380,ndi
1786509549.069186,34.550606,-0.021280,-0.017490,-1.542380,ndi
1786509549.086669,34.568088,-0.021270,-0.017490,-1.542370,ndi
1786509549.101630,34.583050,-0.021270,-0.017480,-1.542380,ndi
1786509549.119162,34.600582,-0.021270,-0.017470,-1.542400,ndi
1786509549.136664,34.618084,-0.021270,-0.017470,-1.542400,ndi
1786509549.151661,34.633081,-0.021260,-0.017470,-1.542380,ndi
1786509549.169150,34.650570,-0.021260,-0.017450,-1.542400,ndi
1786509549.186629,34.668048,-0.021260,-0.017440,-1.542420,ndi
1786509549.201651,34.683070,-0.021240,-0.017440,-1.542460,ndi
1786509549.219155,34.700574,-0.021230,-0.017440,-1.542440,ndi
1786509549.236667,34.718087,-0.021230,-0.017430,-1.542450,ndi
1786509549.251643,34.733062,-0.021230,-0.017420,-1.542470,ndi
1786509549.269129,34.750549,-0.021210,-0.017410,-1.542440,ndi
1786509549.286664,34.768084,-0.021220,-0.017420,-1.542460,ndi
1786509549.301666,34.783085,-0.021220,-0.017410,-1.542470,ndi
1786509549.319165,34.800584,-0.021210,-0.017400,-1.542480,ndi
1786509549.336691,34.818110,-0.021210,-0.017390,-1.542460,ndi
1786509549.351687,34.833106,-0.021200,-0.017390,-1.542470,ndi
1786509549.369167,34.850586,-0.021190,-0.017390,-1.542480,ndi
1786509549.386639,34.868058,-0.021190,-0.017380,-1.542490,ndi
1786509549.401634,34.883053,-0.021180,-0.017370,-1.542510,ndi
1786509549.419177,34.900596,-0.021170,-0.017370,-1.542490,ndi
1786509549.436683,34.918102,-0.021160,-0.017370,-1.542530,ndi
1786509549.451658,34.933078,-0.021160,-0.017350,-1.542530,ndi
1786509549.469166,34.950585,-0.021160,-0.017350,-1.542550,ndi
1786509549.486672,34.968091,-0.021150,-0.017360,-1.542530,ndi
1786509549.501656,34.983075,-0.021150,-0.017350,-1.542550,ndi
1786509549.519147,35.000566,-0.021140,-0.017330,-1.542570,ndi
1786509549.536683,35.018102,-0.021130,-0.017330,-1.542560,ndi
1786509549.551664,35.033084,-0.021140,-0.017340,-1.542580,ndi
1786509549.569498,35.050917,-0.021120,-0.017320,-1.542570,ndi
1786509549.586674,35.068093,-0.021120,-0.017310,-1.542550,ndi
1786509549.601634,35.083053,-0.021110,-0.017320,-1.542590,ndi
1786509549.619179,35.100598,-0.021110,-0.017320,-1.542600,ndi
1786509549.636649,35.118069,-0.021090,-0.017300,-1.542600,ndi
1786509549.651635,35.133054,-0.021100,-0.017280,-1.542600,ndi
1786509549.669142,35.150561,-0.021090,-0.017300,-1.542580,ndi
1786509549.686648,35.168067,-0.021090,-0.017310,-1.542610,ndi
1786509549.701645,35.183065,-0.021090,-0.017290,-1.542620,ndi
1786509549.719177,35.200596,-0.021090,-0.017270,-1.542610,ndi
1786509549.736665,35.218085,-0.021080,-0.017290,-1.542640,ndi
1786509549.751644,35.233063,-0.021080,-0.017290,-1.542620,ndi
1786509549.769170,35.250589,-0.021060,-0.017260,-1.542640,ndi
1786509549.786662,35.268081,-0.021070,-0.017260,-1.542650,ndi
1786509549.801641,35.283060,-0.021050,-0.017270,-1.542620,ndi
1786509549.819177,35.300596,-0.021030,-0.017260,-1.542620,ndi
1786509549.836698,35.318118,-0.021050,-0.017240,-1.542680,ndi
1786509549.851653,35.333073,-0.021020,-0.017240,-1.542670,ndi
1786509549.869178,35.350597,-0.021030,-0.017250,-1.542660,ndi
1786509549.886700,35.368120,-0.021030,-0.017240,-1.542700,ndi
1786509549.901674,35.383093,-0.021030,-0.017230,-1.542690,ndi
1786509549.919177,35.400596,-0.021020,-0.017230,-1.542680,ndi
1786509549.936668,35.418087,-0.021010,-0.017230,-1.542700,ndi
1786509549.951655,35.433074,-0.021010,-0.017220,-1.542700,ndi
1786509549.969166,35.450585,-0.021000,-0.017210,-1.542710,ndi
1786509549.986664,35.468083,-0.020990,-0.017210,-1.542710,ndi
1786509550.001627,35.483047,-0.020980,-0.017210,-1.542710,ndi
1786509550.019192,35.500612,-0.020970,-0.017210,-1.542730,ndi
1786509550.036717,35.518136,-0.020980,-0.017200,-1.542750,ndi
1786509550.051681,35.533101,-0.020960,-0.017200,-1.542740,ndi
1786509550.069205,35.550624,-0.020970,-0.017190,-1.542760,ndi
1786509550.086718,35.568137,-0.020970,-0.017190,-1.542760,ndi
1786509550.101686,35.583105,-0.020950,-0.017180,-1.542750,ndi
1786509550.119195,35.600615,-0.020950,-0.017180,-1.542790,ndi
1786509550.136739,35.618158,-0.020960,-0.017170,-1.542780,ndi
1786509550.151716,35.633135,-0.020940,-0.017170,-1.542790,ndi
1786509550.169286,35.650705,-0.020930,-0.017160,-1.542790,ndi
1786509550.186679,35.668098,-0.020920,-0.017150,-1.542840,ndi
1786509550.201725,35.683145,-0.020910,-0.017150,-1.542820,ndi
1786509550.219211,35.700630,-0.020900,-0.017160,-1.542810,ndi
1786509550.236734,35.718154,-0.020900,-0.017150,-1.542820,ndi
1786509550.251676,35.733096,-0.020900,-0.017140,-1.542830,ndi
1786509550.269175,35.750594,-0.020900,-0.017140,-1.542830,ndi
1786509550.286728,35.768147,-0.020900,-0.017140,-1.542830,ndi
1786509550.301702,35.783121,-0.020900,-0.017140,-1.542840,ndi
1786509550.319234,35.800653,-0.020890,-0.017120,-1.542810,ndi
1786509550.336689,35.818108,-0.020880,-0.017130,-1.542840,ndi
1786509550.351675,35.833094,-0.020870,-0.017130,-1.542860,ndi
1786509550.369243,35.850662,-0.020870,-0.017120,-1.542840,ndi
1786509550.386667,35.868087,-0.020850,-0.017110,-1.542860,ndi
1786509550.401699,35.883118,-0.020840,-0.017110,-1.542880,ndi
1786509550.419144,35.900563,-0.020840,-0.017110,-1.542880,ndi
1786509550.436683,35.918103,-0.020830,-0.017100,-1.542910,ndi
1786509550.451653,35.933072,-0.020820,-0.017090,-1.542860,ndi
1786509550.469184,35.950603,-0.020830,-0.017100,-1.542860,ndi
1786509550.486721,35.968140,-0.020820,-0.017090,-1.542900,ndi
1786509550.501670,35.983089,-0.020820,-0.017080,-1.542880,ndi
1786509550.519176,36.000596,-0.020810,-0.017080,-1.542890,ndi
1786509550.536692,36.018112,-0.020800,-0.017080,-1.542900,ndi
1786509550.551639,36.033059,-0.020800,-0.017080,-1.542880,ndi
1786509550.569153,36.050572,-0.020780,-0.017060,-1.542910,ndi
1786509550.586670,36.068089,-0.020770,-0.017060,-1.542930,ndi
1786509550.601680,36.083100,-0.020770,-0.017070,-1.542930,ndi
1786509550.619178,36.100597,-0.020760,-0.017060,-1.542920,ndi
1786509550.636678,36.118098,-0.020750,-0.017050,-1.542920,ndi
1786509550.651685,36.133104,-0.020760,-0.017040,-1.542930,ndi
1786509550.669206,36.150625,-0.020750,-0.017050,-1.542920,ndi
1786509550.686702,36.168122,-0.020750,-0.017050,-1.542930,ndi
1786509550.701667,36.183087,-0.020740,-0.017030,-1.542950,ndi
1786509550.719178,36.200597,-0.020730,-0.017030,-1.542940,ndi
1786509550.736702,36.218122,-0.020730,-0.017050,-1.542930,ndi
1786509550.751643,36.233063,-0.020710,-0.017030,-1.542930,ndi
1786509550.769132,36.250552,-0.020700,-0.017010,-1.542960,ndi
1786509550.786685,36.268104,-0.020710,-0.017020,-1.542960,ndi
1786509550.801690,36.283110,-0.020680,-0.017030,-1.542940,ndi
1786509550.819181,36.300601,-0.020680,-0.017010,-1.542950,ndi
1786509550.836682,36.318102,-0.020690,-0.017000,-1.542940,ndi
1786509550.851645,36.333064,-0.020690,-0.017010,-1.542960,ndi
1786509550.869237,36.350657,-0.020670,-0.017020,-1.542980,ndi
1786509550.886712,36.368131,-0.020680,-0.017000,-1.542950,ndi
1786509550.901686,36.383106,-0.020670,-0.016980,-1.542950,ndi
1786509550.919187,36.400606,-0.020660,-0.017010,-1.542980,ndi
1786509550.936729,36.418148,-0.020660,-0.017010,-1.542920,ndi
1786509550.951653,36.433072,-0.020640,-0.016980,-1.542970,ndi
1786509550.969153,36.450572,-0.020640,-0.016980,-1.542950,ndi
1786509550.986715,36.468134,-0.020630,-0.017000,-1.542960,ndi
1786509551.001664,36.483083,-0.020620,-0.017000,-1.542970,ndi
1786509551.019179,36.500598,-0.020610,-0.016970,-1.542970,ndi
1786509551.036678,36.518097,-0.020600,-0.016980,-1.542950,ndi
1786509551.051682,36.533101,-0.020600,-0.017000,-1.542960,ndi
1786509551.069232,36.550652,-0.020610,-0.016980,-1.542970,ndi
1786509551.086698,36.568117,-0.020600,-0.016960,-1.542970,ndi
1786509551.101696,36.583116,-0.020600,-0.016980,-1.542990,ndi
1786509551.119194,36.600613,-0.020590,-0.016990,-1.542980,ndi
1786509551.136650,36.618070,-0.020590,-0.016970,-1.542970,ndi
1786509551.151679,36.633098,-0.020580,-0.016960,-1.542970,ndi
1786509551.169175,36.650594,-0.020580,-0.016980,-1.542980,ndi
1786509551.186823,36.668242,-0.020570,-0.016990,-1.542990,ndi
1786509551.201711,36.683130,-0.020570,-0.016970,-1.542980,ndi
1786509551.219194,36.700614,-0.020580,-0.016970,-1.542950,ndi
1786509551.236693,36.718112,-0.020560,-0.016990,-1.542960,ndi
1786509551.251692,36.733111,-0.020570,-0.016990,-1.542970,ndi
1786509551.269186,36.750606,-0.020580,-0.016970,-1.542960,ndi
1786509551.286718,36.768137,-0.020580,-0.016980,-1.542970,ndi
1786509551.301695,36.783114,-0.020570,-0.016990,-1.542950,ndi
1786509551.319194,36.800613,-0.020570,-0.016980,-1.542910,ndi
1786509551.336671,36.818090,-0.020570,-0.016970,-1.542930,ndi
1786509551.351649,36.833068,-0.020570,-0.016980,-1.542950,ndi
1786509551.369192,36.850611,-0.020560,-0.016980,-1.542970,ndi
1786509551.386738,36.868157,-0.020560,-0.016980,-1.542950,ndi
1786509551.401678,36.883097,-0.020560,-0.016980,-1.542960,ndi
1786509551.419183,36.900603,-0.020570,-0.016980,-1.542930,ndi
1786509551.436693,36.918112,-0.020570,-0.016980,-1.542960,ndi
1786509551.451718,36.933137,-0.020570,-0.016990,-1.542950,ndi
1786509551.469218,36.950637,-0.020570,-0.016980,-1.542940,ndi
1786509551.486742,36.968161,-0.020570,-0.016980,-1.542930,ndi
1786509551.501677,36.983096,-0.020570,-0.016980,-1.542940,ndi
1786509551.519187,37.000607,-0.020560,-0.016990,-1.542920,ndi
1786509551.536683,37.018102,-0.020570,-0.016980,-1.542940,ndi
1786509551.551688,37.033108,-0.020550,-0.016980,-1.542930,ndi
1786509551.569195,37.050615,-0.020560,-0.016990,-1.542920,ndi
1786509551.586736,37.068155,-0.020560,-0.016990,-1.542940,ndi
1786509551.601682,37.083102,-0.020550,-0.016990,-1.542950,ndi
1786509551.619183,37.100603,-0.020550,-0.016980,-1.542940,ndi
1786509551.636669,37.118088,-0.020560,-0.016990,-1.542940,ndi
1786509551.651687,37.133106,-0.020560,-0.016980,-1.542930,ndi
1786509551.669195,37.150614,-0.020570,-0.016980,-1.542930,ndi
1786509551.686712,37.168131,-0.020560,-0.016980,-1.542950,ndi
1786509551.701671,37.183090,-0.020570,-0.016990,-1.542940,ndi
1786509551.719203,37.200622,-0.020560,-0.016990,-1.542940,ndi
1786509551.736688,37.218108,-0.020560,-0.016990,-1.542940,ndi
1786509551.751686,37.233105,-0.020550,-0.016990,-1.542950,ndi
1786509551.769206,37.250625,-0.020560,-0.016990,-1.542910,ndi
1786509551.786733,37.268152,-0.020560,-0.016990,-1.542940,ndi
1786509551.801678,37.283097,-0.020540,-0.016990,-1.542930,ndi
1786509551.819179,37.300598,-0.020570,-0.016980,-1.542960,ndi
1786509551.836715,37.318135,-0.020560,-0.016990,-1.542960,ndi
1786509551.851694,37.333113,-0.020560,-0.016990,-1.542920,ndi
1786509551.869202,37.350621,-0.020570,-0.016990,-1.542950,ndi
1786509551.886720,37.368140,-0.020560,-0.016980,-1.542930,ndi
1786509551.901690,37.383109,-0.020570,-0.016980,-1.542920,ndi
1786509551.919171,37.400590,-0.020570,-0.016990,-1.542950,ndi
1786509551.936672,37.418091,-0.020560,-0.016990,-1.542940,ndi
1786509551.951673,37.433092,-0.020560,-0.016980,-1.542930,ndi
1786509551.969199,37.450619,-0.020560,-0.016990,-1.542960,ndi
1786509551.986748,37.468168,-0.020550,-0.017000,-1.542940,ndi
1786509552.001677,37.483096,-0.020560,-0.016990,-1.542940,ndi
1786509552.019187,37.500607,-0.020570,-0.016980,-1.542920,ndi
1786509552.036729,37.518149,-0.020570,-0.017000,-1.542950,ndi
1786509552.051737,37.533156,-0.020570,-0.017000,-1.542940,ndi
1786509552.069214,37.550633,-0.020570,-0.016990,-1.542950,ndi
1786509552.086732,37.568152,-0.020560,-0.016980,-1.542970,ndi
1786509552.101707,37.583126,-0.020560,-0.017000,-1.542970,ndi
1786509552.119179,37.600599,-0.020570,-0.017010,-1.542940,ndi
1786509552.136722,37.618141,-0.020550,-0.016990,-1.542920,ndi
1786509552.151710,37.633129,-0.020570,-0.016990,-1.542930,ndi
1786509552.169202,37.650621,-0.020560,-0.017010,-1.542950,ndi
1786509552.186774,37.668193,-0.020550,-0.017000,-1.542940,ndi
1786509552.201709,37.683128,-0.020560,-0.016990,-1.542920,ndi
1786509552.219213,37.700632,-0.020570,-0.017000,-1.542940,ndi
1786509552.236732,37.718152,-0.020570,-0.017010,-1.542940,ndi
1786509552.251758,37.733177,-0.020580,-0.017000,-1.542950,ndi
1786509552.269197,37.750616,-0.020570,-0.016980,-1.542950,ndi
1786509552.286720,37.768139,-0.020570,-0.017000,-1.542940,ndi
1786509552.301727,37.783147,-0.020570,-0.017010,-1.542940,ndi
1786509552.319237,37.800656,-0.020570,-0.017000,-1.542930,ndi
1786509552.336708,37.818128,-0.020550,-0.016990,-1.542940,ndi
1786509552.351706,37.833126,-0.020570,-0.017000,-1.542930,ndi
1786509552.369216,37.850635,-0.020560,-0.017010,-1.542910,ndi
1786509552.386760,37.868180,-0.020550,-0.017000,-1.542970,ndi
1786509552.401690,37.883110,-0.020560,-0.017000,-1.542920,ndi
1786509552.419225,37.900645,-0.020560,-0.017010,-1.542960,ndi
1786509552.436721,37.918141,-0.020560,-0.017010,-1.542940,ndi
1786509552.451710,37.933129,-0.020570,-0.017000,-1.542940,ndi
1786509552.469220,37.950639,-0.020560,-0.016990,-1.542940,ndi
1786509552.486755,37.968174,-0.020560,-0.017000,-1.542930,ndi
1786509552.501671,37.983091,-0.020570,-0.017010,-1.542910,ndi
1786509552.519225,38.000645,-0.020570,-0.017000,-1.542940,ndi
1786509552.536695,38.018114,-0.020560,-0.017000,-1.542940,ndi
1786509552.551722,38.033141,-0.020560,-0.017000,-1.542930,ndi
1786509552.569201,38.050620,-0.020560,-0.017000,-1.542940,ndi
1786509552.586778,38.068198,-0.020570,-0.017000,-1.542950,ndi
1786509552.601702,38.083122,-0.020560,-0.017000,-1.542940,ndi
1786509552.619240,38.100659,-0.020570,-0.017000,-1.542930,ndi
1786509552.636721,38.118141,-0.020580,-0.017010,-1.542920,ndi
1786509552.651711,38.133130,-0.020560,-0.017000,-1.542930,ndi
1786509552.669225,38.150644,-0.020570,-0.017000,-1.542950,ndi
1786509552.686746,38.168165,-0.020570,-0.017010,-1.542950,ndi
1786509552.701859,38.183279,-0.020570,-0.017010,-1.542940,ndi
1786509552.719189,38.200608,-0.020560,-0.017000,-1.542960,ndi
1786509552.736760,38.218179,-0.020560,-0.017000,-1.542930,ndi
1786509552.751717,38.233136,-0.020550,-0.017010,-1.542930,ndi
1786509552.769242,38.250662,-0.020560,-0.017010,-1.542920,ndi
1786509552.786844,38.268264,-0.020560,-0.017000,-1.542910,ndi
1786509552.801754,38.283173,-0.020560,-0.017010,-1.542910,ndi
1786509552.819278,38.300698,-0.020570,-0.017020,-1.542900,ndi
1786509552.836783,38.318203,-0.020570,-0.017010,-1.542910,ndi
1786509552.851827,38.333246,-0.020560,-0.016990,-1.542910,ndi
1786509552.869215,38.350635,-0.020570,-0.017010,-1.542890,ndi
1786509552.886753,38.368172,-0.020570,-0.017020,-1.542920,ndi
1786509552.901721,38.383140,-0.020550,-0.017010,-1.542900,ndi
1786509552.919353,38.400772,-0.020570,-0.016990,-1.542920,ndi
1786509552.936773,38.418192,-0.020560,-0.017010,-1.542940,ndi
1786509552.951713,38.433132,-0.020560,-0.017020,-1.542930,ndi
1786509552.969223,38.450643,-0.020550,-0.017010,-1.542950,ndi
1786509552.986736,38.468155,-0.020550,-0.016990,-1.542890,ndi
1786509553.001720,38.483139,-0.020570,-0.017010,-1.542910,ndi
1786509553.019222,38.500641,-0.020560,-0.017010,-1.542900,ndi
1786509553.036767,38.518186,-0.020570,-0.017000,-1.542920,ndi
1786509553.051729,38.533148,-0.020570,-0.017000,-1.542950,ndi
1786509553.069223,38.550643,-0.020570,-0.017010,-1.542900,ndi
1786509553.086734,38.568154,-0.020570,-0.017010,-1.542930,ndi
1786509553.101702,38.583122,-0.020560,-0.017000,-1.542930,ndi
1786509553.119214,38.600633,-0.020560,-0.017000,-1.542950,ndi
1786509553.136738,38.618157,-0.020560,-0.017010,-1.542920,ndi
1786509553.151711,38.633130,-0.020560,-0.017010,-1.542950,ndi
1786509553.169225,38.650645,-0.020560,-0.017000,-1.542960,ndi
1786509553.186731,38.668150,-0.020570,-0.017010,-1.542920,ndi
1786509553.201753,38.683172,-0.020570,-0.017010,-1.542930,ndi
1786509553.219265,38.700685,-0.020560,-0.017010,-1.542930,ndi
1786509553.236745,38.718164,-0.020570,-0.017010,-1.542940,ndi
1786509553.251742,38.733161,-0.020570,-0.017010,-1.542920,ndi
1786509553.269228,38.750647,-0.020560,-0.017010,-1.542930,ndi
1786509553.286729,38.768148,-0.020570,-0.017010,-1.542890,ndi
1786509553.301705,38.783124,-0.020560,-0.017010,-1.542920,ndi
1786509553.319252,38.800672,-0.020560,-0.017010,-1.542890,ndi
1786509553.336727,38.818146,-0.020560,-0.017020,-1.542910,ndi
1786509553.351715,38.833134,-0.020550,-0.017010,-1.542900,ndi
1786509553.369215,38.850635,-0.020560,-0.017000,-1.542910,ndi
1786509553.386738,38.868157,-0.020560,-0.017010,-1.542920,ndi
1786509553.401739,38.883158,-0.020570,-0.017020,-1.542910,ndi
1786509553.419242,38.900662,-0.020570,-0.017010,-1.542910,ndi
1786509553.436798,38.918217,-0.020560,-0.017000,-1.542880,ndi
1786509553.451742,38.933161,-0.020570,-0.017020,-1.542880,ndi
1786509553.469249,38.950668,-0.020570,-0.017020,-1.542890,ndi
1786509553.486751,38.968171,-0.020560,-0.017000,-1.542880,ndi
1786509553.501738,38.983158,-0.020550,-0.017000,-1.542920,ndi
1786509553.519284,39.000704,-0.020560,-0.017020,-1.542900,ndi
1786509553.536751,39.018170,-0.020570,-0.017020,-1.542890,ndi
1786509553.551737,39.033157,-0.020550,-0.017000,-1.542890,ndi
1786509553.569253,39.050673,-0.020560,-0.017000,-1.542920,ndi
1786509553.586711,39.068130,-0.020570,-0.017030,-1.542900,ndi
1786509553.601763,39.083182,-0.020560,-0.017020,-1.542910,ndi
1786509553.619240,39.100660,-0.020570,-0.017000,-1.542910,ndi
1786509553.636751,39.118171,-0.020570,-0.017010,-1.542920,ndi
1786509553.651711,39.133130,-0.020570,-0.017030,-1.542910,ndi
1786509553.669229,39.150648,-0.020560,-0.017020,-1.542880,ndi
1786509553.686724,39.168143,-0.020570,-0.016990,-1.542910,ndi
1786509553.701703,39.183122,-0.020560,-0.017020,-1.542900,ndi
1786509553.719234,39.200654,-0.020550,-0.017040,-1.542910,ndi
1786509553.736743,39.218162,-0.020560,-0.017010,-1.542900,ndi
1786509553.751727,39.233147,-0.020550,-0.016990,-1.542910,ndi
1786509553.769224,39.250644,-0.020570,-0.017020,-1.542910,ndi
1786509553.786757,39.268177,-0.020570,-0.017030,-1.542930,ndi
1786509553.801752,39.283171,-0.020560,-0.017010,-1.542910,ndi
1786509553.819237,39.300656,-0.020580,-0.016990,-1.542930,ndi
1786509553.836780,39.318199,-0.020570,-0.017030,-1.542910,ndi
1786509553.851742,39.333161,-0.020560,-0.017030,-1.542910,ndi
1786509553.869196,39.350615,-0.020570,-0.017000,-1.542900,ndi
1786509553.886741,39.368160,-0.020570,-0.017010,-1.542930,ndi
1786509553.901705,39.383125,-0.020560,-0.017030,-1.542910,ndi
1786509553.919258,39.400677,-0.020560,-0.017030,-1.542920,ndi
1786509553.936761,39.418180,-0.020560,-0.017010,-1.542900,ndi
1786509553.951739,39.433158,-0.020550,-0.017020,-1.542940,ndi
1786509553.969223,39.450643,-0.020570,-0.017030,-1.542930,ndi
1786509553.986743,39.468163,-0.020570,-0.017020,-1.542920,ndi
1786509554.001755,39.483174,-0.020570,-0.017010,-1.542920,ndi
1786509554.019249,39.500668,-0.020580,-0.017020,-1.542930,ndi
1786509554.036760,39.518179,-0.020570,-0.017030,-1.542930,ndi
1786509554.051753,39.533172,-0.020560,-0.017020,-1.542900,ndi
1786509554.069278,39.550698,-0.020580,-0.017010,-1.542900,ndi
1786509554.086761,39.568180,-0.020560,-0.017020,-1.542890,ndi
1786509554.101772,39.583191,-0.020560,-0.017030,-1.542900,ndi
1786509554.119308,39.600727,-0.020570,-0.017020,-1.542910,ndi
1786509554.136781,39.618200,-0.020560,-0.017020,-1.542880,ndi
1786509554.151705,39.633124,-0.020550,-0.017030,-1.542900,ndi
1786509554.169207,39.650626,-0.020570,-0.017020,-1.542900,ndi
1786509554.186747,39.668166,-0.020570,-0.017020,-1.542920,ndi
1786509554.201788,39.683208,-0.020570,-0.017020,-1.542920,ndi
1786509554.219289,39.700708,-0.020570,-0.017020,-1.542900,ndi
1786509554.236742,39.718161,-0.020580,-0.017010,-1.542900,ndi
1786509554.251726,39.733145,-0.020560,-0.017020,-1.542890,ndi
1786509554.269211,39.750631,-0.020570,-0.017020,-1.542900,ndi
1786509554.286732,39.768151,-0.020560,-0.017020,-1.542900,ndi
1786509554.301736,39.783155,-0.020560,-0.017020,-1.542880,ndi
1786509554.319246,39.800665,-0.020560,-0.017020,-1.542890,ndi
1786509554.336734,39.818153,-0.020550,-0.017020,-1.542880,ndi
1786509554.351730,39.833150,-0.020550,-0.017020,-1.542860,ndi
1786509554.369279,39.850699,-0.020570,-0.017010,-1.542910,ndi
1786509554.386766,39.868186,-0.020570,-0.017020,-1.542900,ndi
1786509554.401784,39.883203,-0.020570,-0.017020,-1.542880,ndi
1786509554.419255,39.900675,-0.020570,-0.017020,-1.542890,ndi
1786509554.436750,39.918169,-0.020560,-0.017020,-1.542900,ndi
1786509554.451717,39.933136,-0.020570,-0.017020,-1.542890,ndi
1786509554.469235,39.950654,-0.020570,-0.017020,-1.542890,ndi
1786509554.486759,39.968178,-0.020550,-0.017020,-1.542910,ndi
1786509554.501726,39.983145,-0.020560,-0.017020,-1.542870,ndi
1786509554.519254,40.000674,-0.020560,-0.017020,-1.542890,ndi
1786509554.536736,40.018155,-0.020560,-0.017020,-1.542890,ndi
1786509554.551716,40.033135,-0.020570,-0.017020,-1.542890,ndi
1786509554.569230,40.050649,-0.020570,-0.017020,-1.542910,ndi
1786509554.586747,40.068166,-0.020570,-0.017020,-1.542890,ndi
1786509554.601842,40.083261,-0.020580,-0.017020,-1.542930,ndi
1786509554.619263,40.100683,-0.020570,-0.017010,-1.542910,ndi
1786509554.636785,40.118204,-0.020580,-0.017010,-1.542890,ndi
1786509554.651713,40.133133,-0.020560,-0.017020,-1.542900,ndi
1786509554.669224,40.150643,-0.020560,-0.017020,-1.542900,ndi
1786509554.686762,40.168182,-0.020570,-0.017010,-1.542930,ndi
1786509554.704650,40.186069,-0.020560,-0.017010,-1.542900,ndi
1786509554.719285,40.200704,-0.020560,-0.017030,-1.542900,ndi
1786509554.736765,40.218185,-0.020560,-0.017030,-1.542900,ndi
1786509554.751726,40.233145,-0.020560,-0.017010,-1.542910,ndi
1786509554.769246,40.250665,-0.020580,-0.017010,-1.542910,ndi
1786509554.786805,40.268224,-0.020590,-0.017030,-1.542910,ndi
1786509554.801780,40.283200,-0.020560,-0.017020,-1.542900,ndi
1786509554.819226,40.300645,-0.020580,-0.017010,-1.542910,ndi
1786509554.836874,40.318293,-0.020580,-0.017020,-1.542900,ndi
1786509554.851741,40.333160,-0.020560,-0.017030,-1.542890,ndi
1786509554.869219,40.350638,-0.020570,-0.017010,-1.542900,ndi
1786509554.886750,40.368169,-0.020560,-0.017010,-1.542890,ndi
1786509554.901746,40.383165,-0.020560,-0.017030,-1.542880,ndi
1786509554.919270,40.400689,-0.020570,-0.017030,-1.542890,ndi
1786509554.936913,40.418332,-0.020550,-0.017010,-1.542910,ndi
1786509554.951713,40.433132,-0.020570,-0.017020,-1.542910,ndi
1786509554.969251,40.450670,-0.020570,-0.017030,-1.542880,ndi
1786509554.986940,40.468359,-0.020570,-0.017020,-1.542880,ndi
1786509555.001750,40.483169,-0.020580,-0.017010,-1.542900,ndi
1786509555.019255,40.500674,-0.020580,-0.017030,-1.542890,ndi
1786509555.036804,40.518224,-0.020570,-0.017030,-1.542890,ndi
1786509555.051733,40.533153,-0.020570,-0.017020,-1.542920,ndi
1786509555.069298,40.550717,-0.020560,-0.017020,-1.542900,ndi
1786509555.086825,40.568245,-0.020560,-0.017040,-1.542920,ndi
1786509555.101824,40.583244,-0.020560,-0.017030,-1.542900,ndi
1786509555.119296,40.600715,-0.020560,-0.017020,-1.542910,ndi
1786509555.136766,40.618186,-0.020560,-0.017030,-1.542900,ndi
1786509555.151778,40.633198,-0.020570,-0.017030,-1.542900,ndi
1786509555.169247,40.650666,-0.020570,-0.017020,-1.542910,ndi
1786509555.186781,40.668200,-0.020570,-0.017020,-1.542910,ndi
1786509555.201761,40.683181,-0.020570,-0.017030,-1.542900,ndi
1786509555.219300,40.700719,-0.020570,-0.017030,-1.542880,ndi
1786509555.236732,40.718151,-0.020560,-0.017030,-1.542910,ndi
1786509555.251734,40.733154,-0.020570,-0.017020,-1.542920,ndi
1786509555.269263,40.750682,-0.020560,-0.017020,-1.542910,ndi
1786509555.286771,40.768191,-0.020560,-0.017030,-1.542900,ndi
1786509555.301749,40.783168,-0.020570,-0.017030,-1.542910,ndi
1786509555.319278,40.800697,-0.020560,-0.017020,-1.542900,ndi
1786509555.336747,40.818166,-0.020570,-0.017030,-1.542910,ndi
1786509555.351751,40.833170,-0.020580,-0.017030,-1.542910,ndi
1786509555.369271,40.850690,-0.020560,-0.017030,-1.542910,ndi
1786509555.386786,40.868206,-0.020570,-0.017020,-1.542910,ndi
1786509555.401767,40.883186,-0.020580,-0.017020,-1.542900,ndi
1786509555.419274,40.900693,-0.020560,-0.017040,-1.542900,ndi
1786509555.436801,40.918220,-0.020560,-0.017030,-1.542920,ndi
1786509555.451715,40.933135,-0.020570,-0.017020,-1.542900,ndi
1786509555.469261,40.950681,-0.020560,-0.017020,-1.542930,ndi
1786509555.486794,40.968214,-0.020560,-0.017040,-1.542910,ndi
1786509555.501740,40.983160,-0.020550,-0.017030,-1.542900,ndi
1786509555.519275,41.000694,-0.020550,-0.017010,-1.542900,ndi
1786509555.536757,41.018176,-0.020570,-0.017040,-1.542920,ndi
1786509555.551788,41.033208,-0.020570,-0.017040,-1.542900,ndi
1786509555.569271,41.050691,-0.020570,-0.017020,-1.542910,ndi
1786509555.586780,41.068199,-0.020580,-0.017010,-1.542920,ndi
1786509555.601759,41.083179,-0.020570,-0.017040,-1.542880,ndi
1786509555.619269,41.100688,-0.020560,-0.017040,-1.542910,ndi
1786509555.636759,41.118178,-0.020580,-0.017010,-1.542910,ndi
1786509555.651730,41.133149,-0.020560,-0.017010,-1.542920,ndi
1786509555.669262,41.150682,-0.020570,-0.017040,-1.542880,ndi
1786509555.686784,41.168204,-0.020570,-0.017030,-1.542890,ndi
1786509555.701747,41.183167,-0.020560,-0.017010,-1.542900,ndi
1786509555.719278,41.200697,-0.020580,-0.017020,-1.542870,ndi
1786509555.736794,41.218213,-0.020570,-0.017040,-1.542880,ndi
1786509555.751780,41.233199,-0.020570,-0.017020,-1.542890,ndi
1786509555.769270,41.250689,-0.020580,-0.017000,-1.542900,ndi
1786509555.786786,41.268206,-0.020570,-0.017030,-1.542910,ndi
1786509555.801762,41.283181,-0.020560,-0.017050,-1.542910,ndi
1786509555.819242,41.300662,-0.020570,-0.017020,-1.542900,ndi
1786509555.836746,41.318165,-0.020560,-0.017010,-1.542890,ndi
1786509555.851744,41.333163,-0.020560,-0.017030,-1.542880,ndi
1786509555.869282,41.350702,-0.020570,-0.017040,-1.542920,ndi
1786509555.886785,41.368204,-0.020550,-0.017010,-1.542890,ndi
1786509555.901747,41.383166,-0.020570,-0.017010,-1.542900,ndi
1786509555.919251,41.400671,-0.020580,-0.017040,-1.542900,ndi
1786509555.936783,41.418202,-0.020560,-0.017030,-1.542920,ndi
1786509555.951794,41.433213,-0.020580,-0.017020,-1.542910,ndi
1786509555.969275,41.450695,-0.020570,-0.017010,-1.542910,ndi
1786509555.986774,41.468193,-0.020560,-0.017040,-1.542900,ndi
1786509556.001770,41.483189,-0.020580,-0.017030,-1.542890,ndi
1786509556.019246,41.500665,-0.020560,-0.017010,-1.542910,ndi
1786509556.036744,41.518164,-0.020560,-0.017020,-1.542910,ndi
1786509556.051764,41.533183,-0.020570,-0.017030,-1.542910,ndi
1786509556.069273,41.550693,-0.020550,-0.017030,-1.542890,ndi
1786509556.086758,41.568177,-0.020550,-0.017020,-1.542910,ndi
1786509556.101740,41.583159,-0.020550,-0.017020,-1.542880,ndi
1786509556.119273,41.600693,-0.020560,-0.017030,-1.542890,ndi
1786509556.136774,41.618194,-0.020570,-0.017030,-1.542910,ndi
1786509556.151775,41.633194,-0.020570,-0.017020,-1.542900,ndi
1786509556.169288,41.650707,-0.020570,-0.017020,-1.542910,ndi
1786509556.186784,41.668203,-0.020570,-0.017040,-1.542910,ndi
1786509556.201747,41.683167,-0.020560,-0.017030,-1.542880,ndi
1786509556.219275,41.700694,-0.020560,-0.017010,-1.542920,ndi
1786509556.236782,41.718201,-0.020570,-0.017020,-1.542900,ndi
1786509556.251789,41.733208,-0.020550,-0.017040,-1.542910,ndi
1786509556.269288,41.750708,-0.020560,-0.017030,-1.542900,ndi
1786509556.286787,41.768206,-0.020560,-0.017010,-1.542880,ndi
1786509556.301746,41.783165,-0.020550,-0.017020,-1.542880,ndi
1786509556.319324,41.800743,-0.020570,-0.017040,-1.542880,ndi
1786509556.336793,41.818213,-0.020570,-0.017020,-1.542880,ndi
1786509556.351783,41.833202,-0.020560,-0.017010,-1.542890,ndi
1786509556.369282,41.850701,-0.020570,-0.017030,-1.542890,ndi
1786509556.386801,41.868220,-0.020560,-0.017040,-1.542870,ndi
1786509556.401747,41.883166,-0.020570,-0.017020,-1.542890,ndi
1786509556.419252,41.900671,-0.020570,-0.017010,-1.542880,ndi
1786509556.436774,41.918193,-0.020560,-0.017040,-1.542890,ndi
1786509556.451774,41.933193,-0.020560,-0.017030,-1.542890,ndi
1786509556.469293,41.950712,-0.020550,-0.017020,-1.542900,ndi
1786509556.486794,41.968213,-0.020570,-0.017020,-1.542880,ndi
1786509556.501757,41.983176,-0.020560,-0.017040,-1.542860,ndi
1786509556.519312,42.000731,-0.020570,-0.017030,-1.542850,ndi
1786509556.536792,42.018212,-0.020580,-0.017020,-1.542890,ndi
1786509556.551782,42.033201,-0.020570,-0.017020,-1.542870,ndi
1786509556.569257,42.050677,-0.020580,-0.017030,-1.542880,ndi
1786509556.586797,42.068216,-0.020560,-0.017020,-1.542860,ndi
1786509556.601741,42.083161,-0.020570,-0.017020,-1.542880,ndi
1786509556.619242,42.100661,-0.020570,-0.017030,-1.542890,ndi
1786509556.636780,42.118199,-0.020550,-0.017030,-1.542860,ndi
1786509556.651766,42.133186,-0.020560,-0.017020,-1.542860,ndi
1786509556.669284,42.150703,-0.020560,-0.017020,-1.542880,ndi
1786509556.686770,42.168189,-0.020560,-0.017030,-1.542870,ndi
1786509556.701758,42.183177,-0.020560,-0.017040,-1.542880,ndi
1786509556.719336,42.200755,-0.020570,-0.017020,-1.542860,ndi
1786509556.736814,42.218234,-0.020570,-0.017020,-1.542880,ndi
1786509556.751795,42.233214,-0.020560,-0.017030,-1.542890,ndi
1786509556.769284,42.250703,-0.020580,-0.017030,-1.542890,ndi
1786509556.786780,42.268199,-0.020560,-0.017020,-1.542900,ndi
1786509556.801748,42.283168,-0.020560,-0.017030,-1.542880,ndi
1786509556.819254,42.300673,-0.020570,-0.017030,-1.542870,ndi
1786509556.836777,42.318197,-0.020560,-0.017030,-1.542880,ndi
1786509556.851788,42.333207,-0.020560,-0.017030,-1.542890,ndi
1786509556.869280,42.350699,-0.020560,-0.017030,-1.542870,ndi
1786509556.886780,42.368200,-0.020540,-0.017030,-1.542880,ndi
1786509556.901729,42.383148,-0.020570,-0.017030,-1.542880,ndi
1786509556.919371,42.400791,-0.020570,-0.017030,-1.542880,ndi
1786509556.936809,42.418229,-0.020570,-0.017020,-1.542880,ndi
1786509556.951793,42.433213,-0.020570,-0.017030,-1.542890,ndi
1786509556.969284,42.450704,-0.020570,-0.017030,-1.542880,ndi
1786509556.986769,42.468188,-0.020560,-0.017020,-1.542870,ndi
1786509557.001733,42.483153,-0.020570,-0.017020,-1.542870,ndi
1786509557.019288,42.500707,-0.020560,-0.017030,-1.542860,ndi
1786509557.036855,42.518274,-0.020550,-0.017040,-1.542860,ndi
1786509557.051792,42.533211,-0.020560,-0.017020,-1.542870,ndi
1786509557.069319,42.550739,-0.020550,-0.017020,-1.542890,ndi
1786509557.086811,42.568230,-0.020560,-0.017040,-1.542870,ndi
1786509557.101797,42.583217,-0.020570,-0.017030,-1.542870,ndi
1786509557.119525,42.600944,-0.020570,-0.017020,-1.542890,ndi
1786509557.136850,42.618270,-0.020560,-0.017030,-1.542890,ndi
1786509557.151801,42.633220,-0.020570,-0.017040,-1.542880,ndi
1786509557.169288,42.650708,-0.020560,-0.017020,-1.542880,ndi
1786509557.186782,42.668201,-0.020560,-0.017010,-1.542890,ndi
1786509557.201760,42.683179,-0.020570,-0.017030,-1.542860,ndi
1786509557.219312,42.700732,-0.020560,-0.017040,-1.542860,ndi
1786509557.236789,42.718208,-0.020560,-0.017020,-1.542880,ndi
1786509557.251790,42.733209,-0.020560,-0.017010,-1.542880,ndi
1786509557.269268,42.750687,-0.020550,-0.017040,-1.542890,ndi
1786509557.286789,42.768208,-0.020570,-0.017040,-1.542890,ndi
1786509557.301854,42.783274,-0.020570,-0.017020,-1.542900,ndi
1786509557.319294,42.800713,-0.020570,-0.017020,-1.542900,ndi
1786509557.336829,42.818249,-0.020570,-0.017030,-1.542890,ndi
1786509557.351806,42.833225,-0.020570,-0.017030,-1.542890,ndi
1786509557.369285,42.850704,-0.020570,-0.017030,-1.542900,ndi
1786509557.386774,42.868194,-0.020560,-0.017030,-1.542910,ndi
1786509557.401761,42.883180,-0.020560,-0.017040,-1.542870,ndi
1786509557.419270,42.900689,-0.020560,-0.017030,-1.542870,ndi
1786509557.436824,42.918243,-0.020560,-0.017030,-1.542890,ndi
1786509557.451767,42.933186,-0.020560,-0.017030,-1.542880,ndi
1786509557.469295,42.950714,-0.020550,-0.017030,-1.542880,ndi
1786509557.486792,42.968211,-0.020570,-0.017030,-1.542880,ndi
1786509557.501778,42.983197,-0.020570,-0.017030,-1.542880,ndi
1786509557.519305,43.000724,-0.020570,-0.017030,-1.542890,ndi
1786509557.536843,43.018262,-0.020580,-0.017020,-1.542910,ndi
1786509557.551786,43.033205,-0.020570,-0.017030,-1.542880,ndi
1786509557.569290,43.050709,-0.020560,-0.017030,-1.542870,ndi
1786509557.586783,43.068203,-0.020570,-0.017030,-1.542870,ndi
1786509557.601756,43.083175,-0.020560,-0.017030,-1.542870,ndi
1786509557.619299,43.100719,-0.020560,-0.017040,-1.542870,ndi
1786509557.636806,43.118226,-0.020560,-0.017030,-1.542870,ndi
1786509557.651768,43.133187,-0.020560,-0.017020,-1.542890,ndi
1786509557.669291,43.150711,-0.020570,-0.017030,-1.542880,ndi
1786509557.686801,43.168221,-0.020570,-0.017040,-1.542880,ndi
1786509557.701797,43.183216,-0.020570,-0.017030,-1.542880,ndi
1786509557.719298,43.200718,-0.020570,-0.017020,-1.542890,ndi
1786509557.736826,43.218246,-0.020580,-0.017030,-1.542880,ndi
1786509557.751808,43.233227,-0.020570,-0.017040,-1.542870,ndi
1786509557.769263,43.250682,-0.020570,-0.017020,-1.542910,ndi
1786509557.786781,43.268200,-0.020570,-0.017020,-1.542880,ndi
1786509557.801814,43.283233,-0.020560,-0.017030,-1.542860,ndi
1786509557.819307,43.300726,-0.020560,-0.017040,-1.542870,ndi
1786509557.836791,43.318210,-0.020560,-0.017020,-1.542900,ndi
1786509557.851786,43.333205,-0.020560,-0.017020,-1.542860,ndi
1786509557.869285,43.350705,-0.020560,-0.017040,-1.542880,ndi
1786509557.886821,43.368240,-0.020580,-0.017040,-1.542870,ndi
1786509557.901807,43.383226,-0.020560,-0.017020,-1.542890,ndi
1786509557.919290,43.400709,-0.020570,-0.017020,-1.542880,ndi
1786509557.936844,43.418263,-0.020580,-0.017040,-1.542880,ndi
1786509557.951832,43.433251,-0.020560,-0.017030,-1.542860,ndi
1786509557.969277,43.450697,-0.020570,-0.017020,-1.542880,ndi
1786509557.986781,43.468200,-0.020550,-0.017040,-1.542870,ndi
1786509558.001795,43.483214,-0.020570,-0.017040,-1.542890,ndi
1786509558.019311,43.500731,-0.020560,-0.017020,-1.542890,ndi
1786509558.036831,43.518250,-0.020550,-0.017030,-1.542870,ndi
1786509558.051815,43.533234,-0.020560,-0.017040,-1.542860,ndi
1786509558.069338,43.550757,-0.020550,-0.017040,-1.542890,ndi
1786509558.086924,43.568343,-0.020570,-0.017020,-1.542860,ndi
1786509558.101846,43.583266,-0.020570,-0.017020,-1.542870,ndi
1786509558.119325,43.600744,-0.020570,-0.017040,-1.542900,ndi
1786509558.136836,43.618255,-0.020570,-0.017030,-1.542880,ndi
1786509558.151795,43.633214,-0.020550,-0.017020,-1.542880,ndi
1786509558.169296,43.650715,-0.020570,-0.017020,-1.542870,ndi
1786509558.186798,43.668217,-0.020550,-0.017040,-1.542840,ndi
1786509558.201814,43.683233,-0.020550,-0.017030,-1.542870,ndi
1786509558.219335,43.700754,-0.020560,-0.017030,-1.542840,ndi
1786509558.236808,43.718227,-0.020550,-0.017030,-1.542850,ndi
1786509558.251781,43.733200,-0.020530,-0.017030,-1.542860,ndi
1786509558.269299,43.750719,-0.020540,-0.016980,-1.542930,ndi
1786509558.286807,43.768226,-0.020530,-0.016960,-1.542940,ndi
1786509558.301803,43.783222,-0.020530,-0.016950,-1.542980,ndi
1786509558.319334,43.800753,-0.020530,-0.016930,-1.543000,ndi
1786509558.336853,43.818273,-0.020520,-0.016920,-1.543020,ndi
1786509558.351789,43.833209,-0.020500,-0.016900,-1.543000,ndi
1786509558.369283,43.850702,-0.020520,-0.016880,-1.543000,ndi
1786509558.386810,43.868229,-0.020500,-0.016870,-1.543010,ndi
1786509558.401811,43.883230,-0.020500,-0.016860,-1.543050,ndi
1786509558.419315,43.900734,-0.020500,-0.016830,-1.543070,ndi
1786509558.436805,43.918224,-0.020480,-0.016810,-1.543110,ndi
1786509558.451794,43.933213,-0.020490,-0.016790,-1.543110,ndi
1786509558.469321,43.950741,-0.020490,-0.016770,-1.543120,ndi
1786509558.486848,43.968267,-0.020490,-0.016760,-1.543090,ndi
1786509558.501787,43.983207,-0.020480,-0.016770,-1.543140,ndi
1786509558.519312,44.000731,-0.020480,-0.016760,-1.543120,ndi
1786509558.536857,44.018276,-0.020470,-0.016740,-1.543090,ndi
1786509558.551781,44.033201,-0.020470,-0.016740,-1.543110,ndi
1786509558.569272,44.050691,-0.020460,-0.016750,-1.543070,ndi
1786509558.586833,44.068252,-0.020470,-0.016740,-1.543080,ndi
1786509558.601809,44.083228,-0.020460,-0.016720,-1.543070,ndi
1786509558.619322,44.100742,-0.020470,-0.016700,-1.543060,ndi
1786509558.636803,44.118222,-0.020470,-0.016680,-1.543060,ndi
1786509558.651781,44.133200,-0.020490,-0.016630,-1.543090,ndi
1786509558.669304,44.150723,-0.020500,-0.016600,-1.543090,ndi
1786509558.686830,44.168249,-0.020500,-0.016600,-1.543080,ndi
1786509558.701809,44.183228,-0.020500,-0.016580,-1.543060,ndi
1786509558.719323,44.200742,-0.020520,-0.016560,-1.543040,ndi
1786509558.736854,44.218273,-0.020510,-0.016540,-1.543020,ndi
1786509558.751812,44.233231,-0.020520,-0.016530,-1.543010,ndi
1786509558.769311,44.250730,-0.020520,-0.016510,-1.543030,ndi
1786509558.786818,44.268237,-0.020520,-0.016480,-1.543010,ndi
1786509558.801807,44.283227,-0.020530,-0.016460,-1.543000,ndi
1786509558.819315,44.300734,-0.020530,-0.016450,-1.542990,ndi
1786509558.836813,44.318233,-0.020540,-0.016430,-1.542990,ndi
1786509558.851803,44.333222,-0.020560,-0.016400,-1.542990,ndi
1786509558.869336,44.350755,-0.020560,-0.016390,-1.542980,ndi
1786509558.886840,44.368259,-0.020580,-0.016380,-1.542950,ndi
1786509558.901821,44.383240,-0.020570,-0.016380,-1.542950,ndi
1786509558.919327,44.400747,-0.020570,-0.016360,-1.542960,ndi
1786509558.936841,44.418260,-0.020580,-0.016340,-1.542940,ndi
1786509558.951786,44.433206,-0.020580,-0.016330,-1.542910,ndi
1786509558.969298,44.450717,-0.020580,-0.016310,-1.542940,ndi
1786509558.986828,44.468247,-0.020590,-0.016270,-1.542870,ndi
1786509559.001815,44.483234,-0.020630,-0.016240,-1.542860,ndi
1786509559.019327,44.500746,-0.020640,-0.016210,-1.542890,ndi
1786509559.036809,44.518229,-0.020660,-0.016180,-1.542840,ndi
1786509559.051823,44.533242,-0.020680,-0.016140,-1.542820,ndi
1786509559.069349,44.550768,-0.020690,-0.016110,-1.542810,ndi
1786509559.086842,44.568261,-0.020720,-0.016090,-1.542830,ndi
1786509559.101815,44.583235,-0.020730,-0.016060,-1.542800,ndi
1786509559.119329,44.600749,-0.020740,-0.016000,-1.542760,ndi
1786509559.136873,44.618293,-0.020780,-0.015970,-1.542730,ndi
1786509559.151803,44.633223,-0.020780,-0.015940,-1.542700,ndi
1786509559.169297,44.650716,-0.020810,-0.015900,-1.542700,ndi
1786509559.186835,44.668254,-0.020840,-0.015850,-1.542640,ndi
1786509559.201817,44.683236,-0.020850,-0.015820,-1.542630,ndi
1786509559.219345,44.700764,-0.020870,-0.015790,-1.542620,ndi
1786509559.236788,44.718207,-0.020880,-0.015740,-1.542620,ndi
1786509559.251830,44.733249,-0.020900,-0.015700,-1.542620,ndi
1786509559.269331,44.750750,-0.020900,-0.015680,-1.542590,ndi
1786509559.286838,44.768257,-0.020900,-0.015670,-1.542600,ndi
1786509559.301818,44.783237,-0.020920,-0.015640,-1.542610,ndi
1786509559.319320,44.800739,-0.020910,-0.015590,-1.542570,ndi
1786509559.337068,44.818487,-0.020940,-0.015580,-1.542550,ndi
1786509559.351797,44.833217,-0.020940,-0.015550,-1.542550,ndi
1786509559.369334,44.850754,-0.020970,-0.015490,-1.542530,ndi
1786509559.386880,44.868299,-0.020990,-0.015450,-1.542550,ndi
1786509559.401822,44.883241,-0.020990,-0.015440,-1.542530,ndi
1786509559.419315,44.900735,-0.021030,-0.015390,-1.542540,ndi
1786509559.436819,44.918239,-0.021060,-0.015350,-1.542530,ndi
1786509559.451814,44.933233,-0.021070,-0.015330,-1.542530,ndi
1786509559.469335,44.950754,-0.021090,-0.015290,-1.542490,ndi
1786509559.486860,44.968279,-0.021100,-0.015260,-1.542480,ndi
1786509559.501806,44.983225,-0.021130,-0.015220,-1.542500,ndi
1786509559.519344,45.000763,-0.021140,-0.015190,-1.542450,ndi
1786509559.536816,45.018235,-0.021160,-0.015160,-1.542450,ndi
1786509559.551817,45.033237,-0.021170,-0.015130,-1.542420,ndi
1786509559.569331,45.050750,-0.021180,-0.015090,-1.542390,ndi
1786509559.586845,45.068264,-0.021210,-0.015060,-1.542360,ndi
1786509559.601820,45.083240,-0.021220,-0.015030,-1.542330,ndi
1786509559.619323,45.100742,-0.021260,-0.014980,-1.542310,ndi
1786509559.636824,45.118244,-0.021280,-0.014950,-1.542280,ndi
1786509559.651889,45.133309,-0.021300,-0.014920,-1.542270,ndi
1786509559.669338,45.150758,-0.021330,-0.014880,-1.542270,ndi
1786509559.686838,45.168257,-0.021340,-0.014850,-1.542240,ndi
1786509559.701831,45.183251,-0.021340,-0.014820,-1.542240,ndi
1786509559.719316,45.200735,-0.021380,-0.014780,-1.542220,ndi
1786509559.736814,45.218233,-0.021400,-0.014740,-1.542220,ndi
1786509559.751805,45.233224,-0.021420,-0.014710,-1.542200,ndi
1786509559.769333,45.250753,-0.021430,-0.014680,-1.542180,ndi
1786509559.786837,45.268256,-0.021450,-0.014650,-1.542140,ndi
1786509559.801814,45.283233,-0.021480,-0.014610,-1.542170,ndi
1786509559.819332,45.300751,-0.021490,-0.014580,-1.542150,ndi
1786509559.836852,45.318272,-0.021520,-0.014550,-1.542150,ndi
1786509559.851861,45.333281,-0.021530,-0.014520,-1.542140,ndi
1786509559.869336,45.350756,-0.021560,-0.014470,-1.542120,ndi
1786509559.886862,45.368281,-0.021600,-0.014440,-1.542140,ndi
1786509559.901865,45.383285,-0.021610,-0.014400,-1.542070,ndi
1786509559.919294,45.400714,-0.021640,-0.014330,-1.542050,ndi
1786509559.936811,45.418230,-0.021660,-0.014280,-1.542040,ndi
1786509559.951845,45.433264,-0.021690,-0.014260,-1.541980,ndi
1786509559.969317,45.450736,-0.021740,-0.014210,-1.541960,ndi
1786509559.986840,45.468260,-0.021750,-0.014140,-1.541930,ndi
1786509560.001811,45.483230,-0.021780,-0.014080,-1.541880,ndi
1786509560.019299,45.500718,-0.021840,-0.014030,-1.541870,ndi
1786509560.036855,45.518274,-0.021890,-0.013960,-1.541840,ndi
1786509560.051872,45.533291,-0.021920,-0.013880,-1.541810,ndi
1786509560.069330,45.550750,-0.021960,-0.013800,-1.541790,ndi
1786509560.086842,45.568261,-0.022020,-0.013760,-1.541780,ndi
1786509560.101808,45.583227,-0.022010,-0.013720,-1.541780,ndi
1786509560.119304,45.600724,-0.022060,-0.013650,-1.541740,ndi
1786509560.136835,45.618254,-0.022080,-0.013610,-1.541720,ndi
1786509560.151843,45.633262,-0.022070,-0.013590,-1.541730,ndi
1786509560.169327,45.650746,-0.022140,-0.013560,-1.541690,ndi
1786509560.186841,45.668260,-0.022120,-0.013490,-1.541650,ndi
1786509560.201836,45.683255,-0.022150,-0.013460,-1.541660,ndi
1786509560.219387,45.700806,-0.022200,-0.013440,-1.541640,ndi
1786509560.236861,45.718281,-0.022210,-0.013400,-1.541620,ndi
1786509560.251861,45.733281,-0.022230,-0.013350,-1.541620,ndi
1786509560.269325,45.750745,-0.022260,-0.013300,-1.541620,ndi
1786509560.286849,45.768268,-0.022270,-0.013290,-1.541570,ndi
1786509560.301838,45.783257,-0.022290,-0.013260,-1.541550,ndi
1786509560.319329,45.800749,-0.022310,-0.013210,-1.541560,ndi
1786509560.336838,45.818258,-0.022330,-0.013160,-1.541560,ndi
1786509560.351839,45.833258,-0.022350,-0.013160,-1.541520,ndi
1786509560.369320,45.850739,-0.022360,-0.013130,-1.541540,ndi
1786509560.386837,45.868256,-0.022380,-0.013070,-1.541530,ndi
1786509560.401823,45.883242,-0.022410,-0.013040,-1.541530,ndi
1786509560.419348,45.900767,-0.022430,-0.013030,-1.541530,ndi
1786509560.436882,45.918302,-0.022460,-0.012990,-1.541500,ndi
1786509560.451899,45.933318,-0.022480,-0.012930,-1.541480,ndi
1786509560.469352,45.950771,-0.022480,-0.012900,-1.541470,ndi
1786509560.486873,45.968292,-0.022510,-0.012880,-1.541450,ndi
1786509560.501815,45.983235,-0.022540,-0.012840,-1.541400,ndi
1786509560.519349,46.000768,-0.022530,-0.012780,-1.541420,ndi
1786509560.536870,46.018289,-0.022560,-0.012770,-1.541390,ndi
1786509560.551834,46.033254,-0.022590,-0.012740,-1.541400,ndi
1786509560.569347,46.050766,-0.022600,-0.012700,-1.541360,ndi
1786509560.586831,46.068250,-0.022620,-0.012650,-1.541330,ndi
1786509560.601818,46.083237,-0.022650,-0.012630,-1.541350,ndi
1786509560.619360,46.100779,-0.022660,-0.012600,-1.541340,ndi
1786509560.636859,46.118278,-0.022690,-0.012560,-1.541330,ndi
1786509560.651892,46.133311,-0.022700,-0.012520,-1.541290,ndi
1786509560.669352,46.150771,-0.022730,-0.012500,-1.541300,ndi
1786509560.686846,46.168266,-0.022730,-0.012480,-1.541250,ndi
1786509560.701830,46.183250,-0.022750,-0.012440,-1.541220,ndi
1786509560.719307,46.200726,-0.022760,-0.012390,-1.541230,ndi
1786509560.736861,46.218280,-0.022780,-0.012370,-1.541210,ndi
1786509560.751831,46.233250,-0.022800,-0.012350,-1.541200,ndi
1786509560.769351,46.250771,-0.022810,-0.012300,-1.541180,ndi
1786509560.786860,46.268279,-0.022830,-0.012260,-1.541200,ndi
1786509560.801841,46.283261,-0.022870,-0.012240,-1.541200,ndi
1786509560.819353,46.300772,-0.022880,-0.012210,-1.541190,ndi
1786509560.836861,46.318281,-0.022900,-0.012170,-1.541180,ndi
1786509560.851882,46.333302,-0.022920,-0.012130,-1.541200,ndi
1786509560.869364,46.350784,-0.022940,-0.012100,-1.541170,ndi
1786509560.886841,46.368261,-0.022970,-0.012070,-1.541140,ndi
1786509560.901828,46.383247,-0.022970,-0.012020,-1.541110,ndi
1786509560.919347,46.400766,-0.023000,-0.011980,-1.541110,ndi
1786509560.936874,46.418293,-0.023020,-0.011960,-1.541090,ndi
1786509560.951852,46.433272,-0.023040,-0.011920,-1.541040,ndi
1786509560.969335,46.450754,-0.023060,-0.011870,-1.541010,ndi
1786509560.986870,46.468289,-0.023090,-0.011830,-1.541020,ndi
1786509561.001854,46.483273,-0.023100,-0.011820,-1.541010,ndi
1786509561.019364,46.500783,-0.023120,-0.011760,-1.541010,ndi
1786509561.036851,46.518270,-0.023150,-0.011720,-1.540990,ndi
1786509561.051921,46.533340,-0.023160,-0.011700,-1.540960,ndi
1786509561.069370,46.550790,-0.023180,-0.011670,-1.540940,ndi
1786509561.086835,46.568254,-0.023200,-0.011620,-1.540980,ndi
1786509561.101825,46.583245,-0.023230,-0.011590,-1.540980,ndi
1786509561.119354,46.600773,-0.023250,-0.011570,-1.540960,ndi
1786509561.136853,46.618272,-0.023260,-0.011510,-1.540930,ndi
1786509561.151865,46.633285,-0.023290,-0.011470,-1.540930,ndi
1786509561.169339,46.650759,-0.023300,-0.011440,-1.540910,ndi
1786509561.186852,46.668272,-0.023330,-0.011420,-1.540890,ndi
1786509561.201869,46.683289,-0.023370,-0.011360,-1.540860,ndi
1786509561.219365,46.700784,-0.023380,-0.011310,-1.540870,ndi
1786509561.236883,46.718302,-0.023390,-0.011290,-1.540820,ndi
1786509561.251964,46.733384,-0.023420,-0.011260,-1.540800,ndi
1786509561.269332,46.750751,-0.023450,-0.011190,-1.540820,ndi
1786509561.286852,46.768271,-0.023470,-0.011150,-1.540800,ndi
1786509561.301825,46.783244,-0.023470,-0.011140,-1.540780,ndi
1786509561.319356,46.800776,-0.023490,-0.011090,-1.540770,ndi
1786509561.336869,46.818288,-0.023510,-0.011030,-1.540740,ndi
1786509561.351862,46.833282,-0.023530,-0.011000,-1.540720,ndi
1786509561.369358,46.850777,-0.023550,-0.010990,-1.540730,ndi
1786509561.386838,46.868258,-0.023570,-0.010940,-1.540740,ndi
1786509561.401849,46.883268,-0.023580,-0.010890,-1.540690,ndi
1786509561.419364,46.900784,-0.023620,-0.010860,-1.540710,ndi
1786509561.436875,46.918294,-0.023630,-0.010850,-1.540690,ndi
1786509561.451853,46.933273,-0.023650,-0.010810,-1.540670,ndi
1786509561.469393,46.950812,-0.023660,-0.010760,-1.540680,ndi
1786509561.486860,46.968279,-0.023680,-0.010730,-1.540680,ndi
1786509561.501844,46.983264,-0.023710,-0.010700,-1.540670,ndi
1786509561.519360,47.000779,-0.023720,-0.010660,-1.540650,ndi
1786509561.536882,47.018302,-0.023730,-0.010630,-1.540620,ndi
1786509561.551873,47.033292,-0.023740,-0.010610,-1.540640,ndi
1786509561.569352,47.050772,-0.023780,-0.010560,-1.540630,ndi
1786509561.586884,47.068303,-0.023800,-0.010520,-1.540640,ndi
1786509561.601858,47.083277,-0.023820,-0.010490,-1.540610,ndi
1786509561.619359,47.100778,-0.023840,-0.010470,-1.540570,ndi
1786509561.636885,47.118304,-0.023840,-0.010430,-1.540540,ndi
1786509561.651873,47.133292,-0.023880,-0.010390,-1.540540,ndi
1786509561.669354,47.150774,-0.023890,-0.010360,-1.540540,ndi
1786509561.686867,47.168286,-0.023890,-0.010330,-1.540500,ndi
1786509561.701840,47.183259,-0.023910,-0.010290,-1.540480,ndi
1786509561.719376,47.200795,-0.023920,-0.010260,-1.540470,ndi
1786509561.736892,47.218312,-0.023940,-0.010220,-1.540450,ndi
1786509561.751875,47.233295,-0.023980,-0.010190,-1.540470,ndi
1786509561.769346,47.250766,-0.023980,-0.010150,-1.540450,ndi
1786509561.786878,47.268297,-0.024000,-0.010100,-1.540420,ndi
1786509561.801854,47.283274,-0.024030,-0.010070,-1.540430,ndi
1786509561.819377,47.300797,-0.024040,-0.010050,-1.540450,ndi
1786509561.836891,47.318310,-0.024080,-0.010000,-1.540430,ndi
1786509561.851856,47.333276,-0.024080,-0.009950,-1.540420,ndi
1786509561.869367,47.350786,-0.024100,-0.009930,-1.540400,ndi
1786509561.886899,47.368318,-0.024140,-0.009900,-1.540400,ndi
1786509561.901870,47.383289,-0.024140,-0.009850,-1.540380,ndi
1786509561.919367,47.400787,-0.024170,-0.009800,-1.540360,ndi
1786509561.936889,47.418309,-0.024190,-0.009780,-1.540340,ndi
1786509561.951859,47.433278,-0.024200,-0.009760,-1.540340,ndi
1786509561.969329,47.450748,-0.024240,-0.009700,-1.540350,ndi
1786509561.986878,47.468297,-0.024260,-0.009660,-1.540330,ndi
1786509562.001858,47.483277,-0.024270,-0.009640,-1.540290,ndi
1786509562.019403,47.500822,-0.024290,-0.009610,-1.540290,ndi
1786509562.036890,47.518309,-0.024310,-0.009560,-1.540240,ndi
1786509562.051880,47.533299,-0.024330,-0.009530,-1.540240,ndi
1786509562.069361,47.550781,-0.024350,-0.009490,-1.540250,ndi
1786509562.086881,47.568300,-0.024350,-0.009460,-1.540230,ndi
1786509562.101890,47.583309,-0.024370,-0.009420,-1.540200,ndi
1786509562.119385,47.600804,-0.024390,-0.009380,-1.540210,ndi
1786509562.136887,47.618306,-0.024420,-0.009340,-1.540190,ndi
1786509562.151860,47.633279,-0.024440,-0.009310,-1.540200,ndi
1786509562.169396,47.650815,-0.024470,-0.009260,-1.540200,ndi
1786509562.186877,47.668296,-0.024480,-0.009220,-1.540190,ndi
1786509562.201867,47.683287,-0.024510,-0.009180,-1.540210,ndi
1786509562.219388,47.700807,-0.024530,-0.009150,-1.540180,ndi
1786509562.236880,47.718299,-0.024540,-0.009110,-1.540180,ndi
1786509562.251845,47.733265,-0.024550,-0.009070,-1.540160,ndi
1786509562.269338,47.750757,-0.024580,-0.009020,-1.540190,ndi
1786509562.284469,47.765889,-0.024590,-0.009000,-1.540160,ndi
1786509562.301885,47.783304,-0.024610,-0.008960,-1.540160,ndi
1786509562.319392,47.800812,-0.024620,-0.008910,-1.540130,ndi
1786509562.336896,47.818315,-0.024650,-0.008880,-1.540110,ndi
1786509562.351879,47.833298,-0.024680,-0.008850,-1.540100,ndi
1786509562.369389,47.850809,-0.024690,-0.008810,-1.540090,ndi
1786509562.386892,47.868311,-0.024710,-0.008760,-1.540050,ndi
1786509562.401875,47.883294,-0.024710,-0.008730,-1.540060,ndi
1786509562.419390,47.900809,-0.024730,-0.008700,-1.540050,ndi
1786509562.436904,47.918323,-0.024760,-0.008640,-1.540020,ndi
1786509562.451889,47.933308,-0.024780,-0.008600,-1.540020,ndi
1786509562.469380,47.950799,-0.024790,-0.008570,-1.540020,ndi
1786509562.486905,47.968324,-0.024800,-0.008540,-1.539990,ndi
1786509562.501872,47.983291,-0.024820,-0.008500,-1.539980,ndi
1786509562.519399,48.000818,-0.024850,-0.008460,-1.540010,ndi
1786509562.536879,48.018298,-0.024860,-0.008430,-1.539990,ndi
1786509562.551878,48.033298,-0.024880,-0.008400,-1.540000,ndi
1786509562.569395,48.050815,-0.024910,-0.008350,-1.540000,ndi
1786509562.586910,48.068329,-0.024920,-0.008310,-1.540000,ndi
1786509562.601869,48.083288,-0.024950,-0.008290,-1.540000,ndi
1786509562.619381,48.100801,-0.024950,-0.008250,-1.539990,ndi
1786509562.636895,48.118314,-0.024970,-0.008200,-1.539960,ndi
1786509562.651864,48.133284,-0.024990,-0.008180,-1.539960,ndi
1786509562.669346,48.150766,-0.025010,-0.008150,-1.539940,ndi
1786509562.686900,48.168319,-0.025040,-0.008110,-1.539950,ndi
1786509562.701874,48.183293,-0.025030,-0.008060,-1.539900,ndi
1786509562.719387,48.200806,-0.025050,-0.008030,-1.539860,ndi
1786509562.736896,48.218315,-0.025070,-0.008000,-1.539880,ndi
1786509562.751858,48.233277,-0.025090,-0.007960,-1.539850,ndi
1786509562.769388,48.250808,-0.025120,-0.007920,-1.539820,ndi
1786509562.786898,48.268318,-0.025140,-0.007890,-1.539840,ndi
1786509562.801869,48.283289,-0.025140,-0.007850,-1.539780,ndi
1786509562.819434,48.300853,-0.025190,-0.007810,-1.539760,ndi
1786509562.836858,48.318278,-0.025200,-0.007770,-1.539750,ndi
1786509562.851875,48.333295,-0.025210,-0.007740,-1.539800,ndi
1786509562.869371,48.350790,-0.025230,-0.007700,-1.539790,ndi
1786509562.886908,48.368327,-0.025240,-0.007670,-1.539750,ndi
1786509562.901895,48.383315,-0.025260,-0.007630,-1.539730,ndi
1786509562.919401,48.400820,-0.025290,-0.007580,-1.539750,ndi
1786509562.936894,48.418314,-0.025320,-0.007550,-1.539740,ndi
1786509562.951872,48.433292,-0.025330,-0.007530,-1.539720,ndi
1786509562.969401,48.450820,-0.025360,-0.007490,-1.539710,ndi
1786509562.986906,48.468326,-0.025370,-0.007440,-1.539740,ndi
1786509563.001889,48.483308,-0.025380,-0.007400,-1.539740,ndi
1786509563.019385,48.500804,-0.025400,-0.007370,-1.539680,ndi
1786509563.034439,48.515858,-0.025410,-0.007340,-1.539710,ndi
1786509563.051863,48.533282,-0.025440,-0.007290,-1.539660,ndi
1786509563.069436,48.550855,-0.025460,-0.007260,-1.539680,ndi
1786509563.086931,48.568350,-0.025480,-0.007230,-1.539650,ndi
1786509563.101896,48.583315,-0.025490,-0.007180,-1.539650,ndi
1786509563.119394,48.600813,-0.025520,-0.007140,-1.539650,ndi
1786509563.136897,48.618316,-0.025530,-0.007100,-1.539640,ndi
1786509563.151932,48.633352,-0.025560,-0.007070,-1.539620,ndi
1786509563.169403,48.650822,-0.025580,-0.007030,-1.539610,ndi
1786509563.186877,48.668296,-0.025600,-0.006980,-1.539600,ndi
1786509563.201882,48.683301,-0.025620,-0.006950,-1.539610,ndi
1786509563.219398,48.700818,-0.025640,-0.006910,-1.539560,ndi
1786509563.234442,48.715861,-0.025640,-0.006870,-1.539580,ndi
1786509563.251862,48.733282,-0.025670,-0.006840,-1.539580,ndi
1786509563.269441,48.750860,-0.025690,-0.006790,-1.539580,ndi
1786509563.286908,48.768328,-0.025710,-0.006740,-1.539580,ndi
1786509563.301878,48.783297,-0.025730,-0.006710,-1.539570,ndi
1786509563.319387,48.800806,-0.025740,-0.006670,-1.539590,ndi
1786509563.336911,48.818331,-0.025770,-0.006640,-1.539600,ndi
1786509563.351931,48.833351,-0.025790,-0.006600,-1.539640,ndi
1786509563.369406,48.850825,-0.025810,-0.006560,-1.539560,ndi
1786509563.386914,48.868334,-0.025820,-0.006520,-1.539560,ndi
1786509563.401878,48.883298,-0.025840,-0.006480,-1.539550,ndi
1786509563.419386,48.900805,-0.025860,-0.006450,-1.539530,ndi
1786509563.436889,48.918308,-0.025880,-0.006410,-1.539510,ndi
1786509563.451888,48.933307,-0.025880,-0.006360,-1.539500,ndi
1786509563.469510,48.950929,-0.025910,-0.006310,-1.539490,ndi
1786509563.486921,48.968341,-0.025930,-0.006290,-1.539480,ndi
1786509563.501886,48.983306,-0.025940,-0.006260,-1.539440,ndi
1786509563.519392,49.000812,-0.025970,-0.006200,-1.539460,ndi
1786509563.536901,49.018321,-0.025980,-0.006170,-1.539470,ndi
1786509563.551903,49.033323,-0.026000,-0.006150,-1.539420,ndi
1786509563.569396,49.050815,-0.026010,-0.006100,-1.539450,ndi
1786509563.586909,49.068329,-0.026030,-0.006060,-1.539480,ndi
1786509563.601916,49.083335,-0.026050,-0.006030,-1.539450,ndi
1786509563.619377,49.100796,-0.026070,-0.006000,-1.539440,ndi
1786509563.634445,49.115864,-0.026080,-0.005970,-1.539450,ndi
1786509563.651887,49.133307,-0.026100,-0.005930,-1.539470,ndi
1786509563.669405,49.150824,-0.026120,-0.005890,-1.539450,ndi
1786509563.686920,49.168339,-0.026120,-0.005850,-1.539430,ndi
1786509563.701904,49.183323,-0.026150,-0.005820,-1.539420,ndi
1786509563.719403,49.200822,-0.026180,-0.005780,-1.539450,ndi
1786509563.736921,49.218340,-0.026190,-0.005740,-1.539390,ndi
1786509563.751901,49.233320,-0.026210,-0.005720,-1.539410,ndi
1786509563.769375,49.250794,-0.026220,-0.005670,-1.539380,ndi
1786509563.786916,49.268336,-0.026240,-0.005620,-1.539370,ndi
1786509563.801887,49.283306,-0.026250,-0.005600,-1.539340,ndi
1786509563.819385,49.300805,-0.026270,-0.005560,-1.539360,ndi
1786509563.836886,49.318305,-0.026280,-0.005510,-1.539330,ndi
1786509563.851920,49.333339,-0.026300,-0.005470,-1.539320,ndi
1786509563.869424,49.350844,-0.026320,-0.005430,-1.539290,ndi
1786509563.886914,49.368334,-0.026330,-0.005400,-1.539310,ndi
1786509563.901905,49.383324,-0.026360,-0.005370,-1.539300,ndi
1786509563.919384,49.400803,-0.026380,-0.005320,-1.539290,ndi
1786509563.936929,49.418348,-0.026400,-0.005280,-1.539280,ndi
1786509563.951914,49.433333,-0.026420,-0.005260,-1.539300,ndi
1786509563.969415,49.450834,-0.026430,-0.005220,-1.539280,ndi
1786509563.986901,49.468321,-0.026450,-0.005160,-1.539290,ndi
1786509564.001886,49.483305,-0.026460,-0.005120,-1.539300,ndi
1786509564.019379,49.500798,-0.026480,-0.005110,-1.539270,ndi
1786509564.036901,49.518320,-0.026500,-0.005060,-1.539290,ndi
1786509564.051889,49.533308,-0.026510,-0.005010,-1.539280,ndi
1786509564.069410,49.550830,-0.026540,-0.004980,-1.539270,ndi
1786509564.086936,49.568355,-0.026550,-0.004950,-1.539240,ndi
1786509564.101890,49.583309,-0.026570,-0.004900,-1.539220,ndi
1786509564.119417,49.600836,-0.026590,-0.004830,-1.539250,ndi
1786509564.136941,49.618360,-0.026620,-0.004810,-1.539240,ndi
1786509564.151923,49.633342,-0.026630,-0.004790,-1.539240,ndi
1786509564.169402,49.650821,-0.026640,-0.004720,-1.539200,ndi
1786509564.186924,49.668343,-0.026670,-0.004670,-1.539150,ndi
1786509564.201872,49.683291,-0.026690,-0.004660,-1.539200,ndi
1786509564.219408,49.700827,-0.026690,-0.004630,-1.539130,ndi
1786509564.234461,49.715880,-0.026710,-0.004570,-1.539160,ndi
1786509564.251905,49.733324,-0.026720,-0.004520,-1.539180,ndi
1786509564.269411,49.750831,-0.026730,-0.004500,-1.539180,ndi
1786509564.286908,49.768327,-0.026770,-0.004460,-1.539160,ndi
1786509564.301896,49.783316,-0.026780,-0.004400,-1.539170,ndi
1786509564.319424,49.800843,-0.026790,-0.004370,-1.539170,ndi
1786509564.336931,49.818350,-0.026820,-0.004360,-1.539170,ndi
1786509564.351929,49.833348,-0.026820,-0.004310,-1.539190,ndi
1786509564.369418,49.850837,-0.026840,-0.004240,-1.539160,ndi
1786509564.386932,49.868352,-0.026850,-0.004220,-1.539180,ndi
1786509564.401879,49.883299,-0.026870,-0.004200,-1.539180,ndi
1786509564.419376,49.900795,-0.026890,-0.004140,-1.539160,ndi
1786509564.436945,49.918364,-0.026900,-0.004090,-1.539120,ndi
1786509564.451928,49.933347,-0.026910,-0.004070,-1.539160,ndi
1786509564.469429,49.950848,-0.026920,-0.004040,-1.539120,ndi
1786509564.486949,49.968369,-0.026930,-0.003980,-1.539100,ndi
1786509564.501900,49.983320,-0.026960,-0.003940,-1.539090,ndi
1786509564.519433,50.000852,-0.026980,-0.003920,-1.539100,ndi
1786509564.536931,50.018351,-0.026990,-0.003870,-1.539080,ndi
1786509564.551910,50.033329,-0.027010,-0.003820,-1.539080,ndi
1786509564.569422,50.050841,-0.027030,-0.003780,-1.539060,ndi
1786509564.587034,50.068453,-0.027030,-0.003750,-1.539050,ndi
1786509564.601907,50.083326,-0.027050,-0.003720,-1.539080,ndi
1786509564.619387,50.100807,-0.027070,-0.003670,-1.539060,ndi
1786509564.636933,50.118352,-0.027070,-0.003630,-1.539080,ndi
1786509564.651920,50.133339,-0.027100,-0.003620,-1.539070,ndi
1786509564.669446,50.150866,-0.027100,-0.003580,-1.539060,ndi
1786509564.686934,50.168353,-0.027110,-0.003530,-1.539060,ndi
1786509564.701894,50.183313,-0.027140,-0.003490,-1.539040,ndi
1786509564.719425,50.200844,-0.027150,-0.003460,-1.539040,ndi
1786509564.736924,50.218343,-0.027180,-0.003430,-1.539040,ndi
1786509564.751936,50.233356,-0.027180,-0.003390,-1.539050,ndi
1786509564.769422,50.250841,-0.027200,-0.003350,-1.539060,ndi
1786509564.784517,50.265936,-0.027220,-0.003330,-1.539050,ndi
1786509564.801901,50.283320,-0.027230,-0.003270,-1.539020,ndi
1786509564.819424,50.300843,-0.027240,-0.003220,-1.539020,ndi
1786509564.836924,50.318343,-0.027270,-0.003190,-1.539010,ndi
1786509564.851927,50.333346,-0.027270,-0.003160,-1.539010,ndi
1786509564.869419,50.350839,-0.027290,-0.003110,-1.538990,ndi
1786509564.886955,50.368375,-0.027330,-0.003050,-1.538990,ndi
1786509564.901931,50.383350,-0.027340,-0.003030,-1.538950,ndi
1786509564.919419,50.400838,-0.027360,-0.002990,-1.538950,ndi
1786509564.936960,50.418379,-0.027380,-0.002940,-1.538900,ndi
1786509564.951927,50.433346,-0.027380,-0.002890,-1.538930,ndi
1786509564.969431,50.450850,-0.027400,-0.002880,-1.538930,ndi
1786509564.984516,50.465935,-0.027430,-0.002850,-1.538910,ndi
1786509565.001902,50.483321,-0.027430,-0.002790,-1.538900,ndi
1786509565.019417,50.500836,-0.027440,-0.002750,-1.538940,ndi
1786509565.036943,50.518363,-0.027460,-0.002730,-1.538960,ndi
1786509565.051921,50.533340,-0.027470,-0.002700,-1.538910,ndi
1786509565.069437,50.550856,-0.027490,-0.002630,-1.538900,ndi
1786509565.086919,50.568338,-0.027510,-0.002590,-1.538920,ndi
1786509565.101910,50.583330,-0.027530,-0.002570,-1.538880,ndi
1786509565.119426,50.600846,-0.027560,-0.002520,-1.538880,ndi
1786509565.136930,50.618349,-0.027570,-0.002460,-1.538890,ndi
1786509565.151930,50.633350,-0.027590,-0.002430,-1.538860,ndi
1786509565.169432,50.650852,-0.027600,-0.002400,-1.538850,ndi
1786509565.184521,50.665941,-0.027610,-0.002360,-1.538840,ndi
1786509565.201942,50.683361,-0.027630,-0.002290,-1.538820,ndi
1786509565.219433,50.700852,-0.027650,-0.002260,-1.538820,ndi
1786509565.236951,50.718370,-0.027660,-0.002230,-1.538800,ndi
1786509565.251915,50.733334,-0.027660,-0.002180,-1.538790,ndi
1786509565.269426,50.750845,-0.027680,-0.002140,-1.538760,ndi
1786509565.286931,50.768350,-0.027710,-0.002100,-1.538790,ndi
1786509565.301951,50.783371,-0.027720,-0.002070,-1.538790,ndi
1786509565.319453,50.800873,-0.027740,-0.002020,-1.538770,ndi
1786509565.336957,50.818376,-0.027750,-0.001970,-1.538790,ndi
1786509565.351951,50.833371,-0.027770,-0.001940,-1.538790,ndi
1786509565.369435,50.850854,-0.027780,-0.001910,-1.538780,ndi
1786509565.386960,50.868380,-0.027790,-0.001860,-1.538790,ndi
1786509565.401914,50.883333,-0.027810,-0.001820,-1.538770,ndi
1786509565.419405,50.900824,-0.027820,-0.001790,-1.538800,ndi
1786509565.436943,50.918362,-0.027830,-0.001740,-1.538810,ndi
1786509565.451931,50.933350,-0.027850,-0.001700,-1.538770,ndi
1786509565.469451,50.950871,-0.027880,-0.001660,-1.538770,ndi
1786509565.486971,50.968390,-0.027880,-0.001630,-1.538750,ndi
1786509565.501944,50.983364,-0.027900,-0.001600,-1.538770,ndi
1786509565.519439,51.000859,-0.027920,-0.001540,-1.538750,ndi
1786509565.536948,51.018367,-0.027930,-0.001510,-1.538750,ndi
1786509565.551949,51.033368,-0.027950,-0.001480,-1.538730,ndi
1786509565.569407,51.050827,-0.027950,-0.001440,-1.538710,ndi
1786509565.587002,51.068421,-0.027980,-0.001390,-1.538710,ndi
1786509565.601929,51.083349,-0.027970,-0.001370,-1.538730,ndi
1786509565.619432,51.100852,-0.027980,-0.001330,-1.538740,ndi
1786509565.636938,51.118357,-0.028010,-0.001290,-1.538710,ndi
1786509565.651927,51.133347,-0.028010,-0.001250,-1.538730,ndi
1786509565.669422,51.150842,-0.028050,-0.001220,-1.538760,ndi
1786509565.686942,51.168361,-0.028060,-0.001170,-1.538740,ndi
1786509565.701938,51.183357,-0.028070,-0.001150,-1.538740,ndi
1786509565.719460,51.200880,-0.028090,-0.001100,-1.538720,ndi
1786509565.736971,51.218391,-0.028100,-0.001070,-1.538750,ndi
1786509565.751925,51.233345,-0.028100,-0.001040,-1.538740,ndi
1786509565.769411,51.250830,-0.028120,-0.000980,-1.538740,ndi
1786509565.784440,51.265860,-0.028130,-0.000950,-1.538710,ndi
1786509565.801956,51.283376,-0.028150,-0.000920,-1.538740,ndi
1786509565.819453,51.300873,-0.028160,-0.000880,-1.538710,ndi
1786509565.836950,51.318370,-0.028200,-0.000820,-1.538730,ndi
1786509565.851940,51.333360,-0.028190,-0.000790,-1.538700,ndi
1786509565.869407,51.350827,-0.028210,-0.000760,-1.538710,ndi
1786509565.886993,51.368413,-0.028260,-0.000700,-1.538670,ndi
1786509565.901950,51.383369,-0.028240,-0.000660,-1.538670,ndi
1786509565.919443,51.400863,-0.028280,-0.000630,-1.538650,ndi
1786509565.936944,51.418364,-0.028290,-0.000600,-1.538650,ndi
1786509565.951917,51.433336,-0.028300,-0.000550,-1.538660,ndi
1786509565.969409,51.450828,-0.028320,-0.000510,-1.538660,ndi
1786509565.984488,51.465908,-0.028310,-0.000480,-1.538640,ndi
1786509566.001966,51.483385,-0.028350,-0.000450,-1.538640,ndi
1786509566.019447,51.500867,-0.028350,-0.000390,-1.538640,ndi
1786509566.036966,51.518385,-0.028350,-0.000350,-1.538650,ndi
1786509566.051941,51.533360,-0.028370,-0.000330,-1.538670,ndi
1786509566.069444,51.550863,-0.028410,-0.000290,-1.538630,ndi
1786509566.086965,51.568385,-0.028420,-0.000230,-1.538650,ndi
1786509566.101948,51.583367,-0.028430,-0.000210,-1.538660,ndi
1786509566.119438,51.600857,-0.028450,-0.000170,-1.538640,ndi
1786509566.136949,51.618368,-0.028460,-0.000110,-1.538650,ndi
1786509566.151913,51.633332,-0.028480,-0.000080,-1.538670,ndi
1786509566.169432,51.650852,-0.028500,-0.000040,-1.538650,ndi
1786509566.184506,51.665925,-0.028490,0.000000,-1.538650,ndi
1786509566.201964,51.683383,-0.028510,0.000040,-1.538610,ndi
1786509566.219469,51.700889,-0.028530,0.000080,-1.538610,ndi
1786509566.236957,51.718376,-0.028540,0.000120,-1.538600,ndi
1786509566.251978,51.733397,-0.028570,0.000150,-1.538540,ndi
1786509566.269454,51.750874,-0.028570,0.000220,-1.538540,ndi
1786509566.286964,51.768383,-0.028580,0.000250,-1.538540,ndi
1786509566.301934,51.783354,-0.028610,0.000280,-1.538580,ndi
1786509566.319459,51.800878,-0.028610,0.000320,-1.538540,ndi
1786509566.336973,51.818392,-0.028620,0.000380,-1.538550,ndi
1786509566.351927,51.833346,-0.028650,0.000400,-1.538560,ndi
1786509566.369392,51.850811,-0.028640,0.000430,-1.538560,ndi
1786509566.386964,51.868383,-0.028660,0.000480,-1.538560,ndi
1786509566.401977,51.883396,-0.028670,0.000520,-1.538560,ndi
1786509566.419456,51.900875,-0.028680,0.000550,-1.538570,ndi
1786509566.436981,51.918400,-0.028690,0.000590,-1.538580,ndi
1786509566.451940,51.933359,-0.028710,0.000640,-1.538590,ndi
1786509566.469457,51.950876,-0.028730,0.000690,-1.538570,ndi
1786509566.486968,51.968388,-0.028740,0.000710,-1.538570,ndi
1786509566.501958,51.983378,-0.028750,0.000750,-1.538570,ndi
1786509566.519478,52.000897,-0.028770,0.000800,-1.538530,ndi
1786509566.534513,52.015933,-0.028800,0.000820,-1.538580,ndi
1786509566.551933,52.033352,-0.028800,0.000860,-1.538550,ndi
1786509566.569412,52.050831,-0.028810,0.000900,-1.538510,ndi
1786509566.586971,52.068391,-0.028820,0.000950,-1.538520,ndi
1786509566.601994,52.083413,-0.028830,0.000980,-1.538530,ndi
1786509566.619442,52.100861,-0.028850,0.001020,-1.538520,ndi
1786509566.636968,52.118387,-0.028850,0.001070,-1.538510,ndi
1786509566.651917,52.133336,-0.028880,0.001100,-1.538510,ndi
1786509566.669456,52.150876,-0.028890,0.001140,-1.538490,ndi
1786509566.686975,52.168395,-0.028910,0.001170,-1.538490,ndi
1786509566.701951,52.183370,-0.028930,0.001210,-1.538490,ndi
1786509566.719437,52.200857,-0.028930,0.001250,-1.538510,ndi
1786509566.736938,52.218357,-0.028960,0.001290,-1.538440,ndi
1786509566.751942,52.233361,-0.028960,0.001310,-1.538460,ndi
1786509566.769454,52.250873,-0.028970,0.001350,-1.538470,ndi
1786509566.786988,52.268407,-0.028990,0.001400,-1.538510,ndi
1786509566.802003,52.283422,-0.029000,0.001430,-1.538480,ndi
1786509566.819441,52.300860,-0.029020,0.001470,-1.538500,ndi
1786509566.836984,52.318404,-0.029050,0.001510,-1.538510,ndi
1786509566.851961,52.333380,-0.029060,0.001550,-1.538450,ndi
1786509566.869462,52.350882,-0.029080,0.001600,-1.538460,ndi
1786509566.886976,52.368395,-0.029080,0.001640,-1.538500,ndi
1786509566.901970,52.383389,-0.029110,0.001680,-1.538450,ndi
1786509566.919452,52.400872,-0.029120,0.001730,-1.538450,ndi
1786509566.936944,52.418363,-0.029140,0.001770,-1.538450,ndi
1786509566.951926,52.433345,-0.029160,0.001800,-1.538450,ndi
1786509566.969462,52.450881,-0.029160,0.001840,-1.538410,ndi
1786509566.986960,52.468379,-0.029180,0.001880,-1.538420,ndi
1786509567.002007,52.483427,-0.029190,0.001920,-1.538420,ndi
1786509567.019476,52.500896,-0.029200,0.001960,-1.538410,ndi
1786509567.036968,52.518388,-0.029230,0.001990,-1.538380,ndi
1786509567.052000,52.533419,-0.029240,0.002030,-1.538390,ndi
1786509567.069483,52.550902,-0.029270,0.002070,-1.538380,ndi
1786509567.086987,52.568406,-0.029270,0.002120,-1.538400,ndi
1786509567.101962,52.583381,-0.029280,0.002150,-1.538410,ndi
1786509567.119458,52.600877,-0.029310,0.002190,-1.538440,ndi
1786509567.134501,52.615920,-0.029310,0.002240,-1.538410,ndi
1786509567.151951,52.633371,-0.029320,0.002280,-1.538440,ndi
1786509567.169468,52.650888,-0.029340,0.002320,-1.538410,ndi
1786509567.186979,52.668398,-0.029360,0.002370,-1.538440,ndi
1786509567.202029,52.683448,-0.029360,0.002420,-1.538410,ndi
1786509567.219461,52.700881,-0.029370,0.002450,-1.538420,ndi
1786509567.236953,52.718373,-0.029410,0.002500,-1.538420,ndi
1786509567.251960,52.733380,-0.029400,0.002550,-1.538380,ndi
1786509567.269443,52.750862,-0.029420,0.002590,-1.538380,ndi
1786509567.286987,52.768407,-0.029440,0.002620,-1.538360,ndi
1786509567.301965,52.783384,-0.029450,0.002670,-1.538370,ndi
1786509567.319472,52.800891,-0.029460,0.002730,-1.538360,ndi
1786509567.336948,52.818367,-0.029470,0.002750,-1.538410,ndi
1786509567.351932,52.833351,-0.029470,0.002780,-1.538360,ndi
1786509567.369475,52.850894,-0.029490,0.002830,-1.538360,ndi
1786509567.386985,52.868404,-0.029500,0.002880,-1.538370,ndi
1786509567.402061,52.883480,-0.029500,0.002900,-1.538410,ndi
1786509567.419477,52.900896,-0.029540,0.002950,-1.538400,ndi
1786509567.437002,52.918422,-0.029550,0.003000,-1.538410,ndi
1786509567.451951,52.933370,-0.029540,0.003040,-1.538400,ndi
1786509567.469482,52.950901,-0.029560,0.003070,-1.538410,ndi
1786509567.487006,52.968425,-0.029580,0.003120,-1.538410,ndi
1786509567.501975,52.983395,-0.029580,0.003170,-1.538420,ndi
1786509567.519442,53.000861,-0.029600,0.003210,-1.538420,ndi
1786509567.536968,53.018388,-0.029620,0.003230,-1.538400,ndi
1786509567.551946,53.033366,-0.029610,0.003280,-1.538400,ndi
1786509567.569490,53.050910,-0.029620,0.003340,-1.538400,ndi
1786509567.586979,53.068398,-0.029640,0.003360,-1.538410,ndi
1786509567.601959,53.083379,-0.029640,0.003380,-1.538370,ndi
1786509567.619501,53.100920,-0.029670,0.003450,-1.538390,ndi
1786509567.637008,53.118428,-0.029690,0.003490,-1.538380,ndi
1786509567.651988,53.133407,-0.029690,0.003510,-1.538360,ndi
1786509567.669483,53.150902,-0.029700,0.003550,-1.538360,ndi
1786509567.687007,53.168426,-0.029720,0.003610,-1.538370,ndi
1786509567.701954,53.183373,-0.029730,0.003640,-1.538380,ndi
1786509567.719457,53.200876,-0.029740,0.003660,-1.538370,ndi
1786509567.734489,53.215908,-0.029740,0.003690,-1.538350,ndi
1786509567.751987,53.233406,-0.029750,0.003750,-1.538380,ndi
1786509567.769464,53.250883,-0.029760,0.003790,-1.538380,ndi
1786509567.786985,53.268405,-0.029780,0.003820,-1.538380,ndi
1786509567.801971,53.283390,-0.029790,0.003860,-1.538380,ndi
1786509567.819459,53.300879,-0.029800,0.003900,-1.538410,ndi
1786509567.837056,53.318475,-0.029830,0.003940,-1.538400,ndi
1786509567.851970,53.333389,-0.029830,0.003980,-1.538370,ndi
1786509567.869495,53.350914,-0.029850,0.004020,-1.538390,ndi
1786509567.886994,53.368413,-0.029860,0.004070,-1.538390,ndi
1786509567.901960,53.383379,-0.029860,0.004110,-1.538390,ndi
1786509567.919456,53.400875,-0.029890,0.004150,-1.538390,ndi
1786509567.936988,53.418407,-0.029890,0.004200,-1.538390,ndi
1786509567.951978,53.433397,-0.029900,0.004240,-1.538360,ndi
1786509567.969475,53.450894,-0.029920,0.004270,-1.538360,ndi
1786509567.986990,53.468410,-0.029930,0.004320,-1.538360,ndi
1786509568.001961,53.483381,-0.029920,0.004360,-1.538340,ndi
1786509568.019502,53.500921,-0.029960,0.004410,-1.538340,ndi
1786509568.037011,53.518430,-0.029980,0.004450,-1.538340,ndi
1786509568.051995,53.533415,-0.029970,0.004480,-1.538370,ndi
1786509568.069486,53.550905,-0.029990,0.004530,-1.538350,ndi
1786509568.087000,53.568420,-0.029990,0.004570,-1.538330,ndi
1786509568.101943,53.583362,-0.030020,0.004610,-1.538330,ndi
1786509568.119448,53.600868,-0.030020,0.004650,-1.538310,ndi
1786509568.136996,53.618415,-0.030020,0.004700,-1.538340,ndi
1786509568.151971,53.633391,-0.030030,0.004740,-1.538370,ndi
1786509568.169481,53.650900,-0.030050,0.004790,-1.538370,ndi
1786509568.186997,53.668417,-0.030070,0.004830,-1.538360,ndi
1786509568.201976,53.683395,-0.030090,0.004890,-1.538380,ndi
1786509568.219540,53.700959,-0.030090,0.004940,-1.538350,ndi
1786509568.237018,53.718438,-0.030100,0.004980,-1.538340,ndi
1786509568.251997,53.733416,-0.030110,0.005020,-1.538370,ndi
1786509568.269481,53.750900,-0.030130,0.005070,-1.538360,ndi
1786509568.287006,53.768425,-0.030120,0.005110,-1.538340,ndi
1786509568.301977,53.783396,-0.030140,0.005160,-1.538310,ndi
1786509568.319440,53.800859,-0.030140,0.005190,-1.538310,ndi
1786509568.336985,53.818405,-0.030140,0.005240,-1.538320,ndi
1786509568.351976,53.833395,-0.030150,0.005280,-1.538300,ndi
1786509568.369481,53.850900,-0.030160,0.005330,-1.538320,ndi
1786509568.386997,53.868416,-0.030160,0.005370,-1.538340,ndi
1786509568.401965,53.883384,-0.030180,0.005400,-1.538320,ndi
1786509568.419504,53.900923,-0.030190,0.005440,-1.538320,ndi
1786509568.437009,53.918428,-0.030190,0.005490,-1.538340,ndi
1786509568.451998,53.933418,-0.030190,0.005530,-1.538320,ndi
1786509568.469498,53.950917,-0.030210,0.005570,-1.538370,ndi
1786509568.484538,53.965958,-0.030210,0.005610,-1.538360,ndi
1786509568.501972,53.983392,-0.030220,0.005660,-1.538350,ndi
1786509568.519448,54.000867,-0.030220,0.005700,-1.538370,ndi
1786509568.537003,54.018422,-0.030230,0.005740,-1.538360,ndi
1786509568.551976,54.033395,-0.030250,0.005800,-1.538330,ndi
1786509568.569501,54.050920,-0.030240,0.005840,-1.538310,ndi
1786509568.586973,54.068393,-0.030250,0.005870,-1.538330,ndi
1786509568.601948,54.083367,-0.030260,0.005910,-1.538320,ndi
1786509568.619529,54.100949,-0.030260,0.005960,-1.538320,ndi
1786509568.637046,54.118465,-0.030290,0.006000,-1.538320,ndi
1786509568.651990,54.133409,-0.030290,0.006020,-1.538310,ndi
1786509568.669485,54.150904,-0.030280,0.006080,-1.538280,ndi
1786509568.684488,54.165907,-0.030290,0.006120,-1.538340,ndi
1786509568.701962,54.183381,-0.030300,0.006170,-1.538320,ndi
1786509568.719482,54.200902,-0.030300,0.006190,-1.538320,ndi
1786509568.737001,54.218420,-0.030300,0.006230,-1.538320,ndi
1786509568.751978,54.233398,-0.030300,0.006290,-1.538350,ndi
1786509568.769490,54.250910,-0.030310,0.006320,-1.538380,ndi
1786509568.787005,54.268425,-0.030340,0.006350,-1.538370,ndi
1786509568.801989,54.283408,-0.030320,0.006400,-1.538340,ndi
1786509568.819514,54.300934,-0.030340,0.006460,-1.538360,ndi
1786509568.837026,54.318445,-0.030350,0.006490,-1.538360,ndi
1786509568.852002,54.333421,-0.030350,0.006530,-1.538340,ndi
1786509568.869505,54.350924,-0.030360,0.006590,-1.538290,ndi
1786509568.886997,54.368416,-0.030360,0.006640,-1.538310,ndi
1786509568.901986,54.383405,-0.030360,0.006670,-1.538310,ndi
1786509568.919516,54.400936,-0.030370,0.006720,-1.538300,ndi
1786509568.937010,54.418429,-0.030380,0.006790,-1.538320,ndi
1786509568.951995,54.433415,-0.030390,0.006820,-1.538310,ndi
1786509568.969506,54.450925,-0.030400,0.006850,-1.538320,ndi
1786509568.986982,54.468401,-0.030400,0.006910,-1.538340,ndi
1786509569.001988,54.483407,-0.030400,0.006950,-1.538330,ndi
1786509569.019526,54.500946,-0.030420,0.006990,-1.538330,ndi
1786509569.037016,54.518436,-0.030420,0.007030,-1.538300,ndi
1786509569.051994,54.533413,-0.030430,0.007080,-1.538280,ndi
1786509569.069508,54.550927,-0.030440,0.007130,-1.538330,ndi
1786509569.086997,54.568416,-0.030450,0.007170,-1.538350,ndi
1786509569.101957,54.583377,-0.030440,0.007220,-1.538360,ndi
1786509569.119502,54.600921,-0.030450,0.007270,-1.538370,ndi
1786509569.137014,54.618433,-0.030450,0.007310,-1.538370,ndi
1786509569.152010,54.633429,-0.030450,0.007360,-1.538370,ndi
1786509569.169516,54.650935,-0.030450,0.007420,-1.538350,ndi
1786509569.186994,54.668413,-0.030470,0.007470,-1.538390,ndi
1786509569.201996,54.683415,-0.030470,0.007510,-1.538390,ndi
1786509569.219540,54.700959,-0.030480,0.007560,-1.538360,ndi
1786509569.237016,54.718435,-0.030480,0.007620,-1.538390,ndi
1786509569.251998,54.733418,-0.030470,0.007660,-1.538390,ndi
1786509569.269504,54.750923,-0.030470,0.007710,-1.538370,ndi
1786509569.286986,54.768405,-0.030480,0.007750,-1.538380,ndi
1786509569.301992,54.783411,-0.030470,0.007790,-1.538400,ndi
1786509569.319508,54.800927,-0.030470,0.007840,-1.538420,ndi
1786509569.337017,54.818436,-0.030470,0.007890,-1.538400,ndi
1786509569.351993,54.833413,-0.030470,0.007920,-1.538390,ndi
1786509569.369497,54.850916,-0.030480,0.007970,-1.538440,ndi
1786509569.387024,54.868443,-0.030480,0.008020,-1.538420,ndi
1786509569.401986,54.883405,-0.030480,0.008060,-1.538410,ndi
1786509569.419534,54.900954,-0.030480,0.008110,-1.538440,ndi
1786509569.437022,54.918441,-0.030480,0.008160,-1.538450,ndi
1786509569.451986,54.933406,-0.030470,0.008200,-1.538470,ndi
1786509569.469502,54.950922,-0.030480,0.008240,-1.538460,ndi
1786509569.486995,54.968415,-0.030480,0.008300,-1.538450,ndi
1786509569.501999,54.983418,-0.030470,0.008340,-1.538470,ndi
1786509569.519526,55.000945,-0.030470,0.008380,-1.538450,ndi
1786509569.537011,55.018430,-0.030480,0.008440,-1.538460,ndi
1786509569.552005,55.033424,-0.030470,0.008490,-1.538470,ndi
1786509569.569496,55.050915,-0.030490,0.008530,-1.538440,ndi
1786509569.584598,55.066018,-0.030480,0.008560,-1.538460,ndi
1786509569.601984,55.083404,-0.030480,0.008600,-1.538460,ndi
1786509569.619798,55.101217,-0.030490,0.008660,-1.538450,ndi
1786509569.637029,55.118448,-0.030470,0.008710,-1.538460,ndi
1786509569.652008,55.133427,-0.030470,0.008720,-1.538480,ndi
1786509569.669489,55.150908,-0.030480,0.008770,-1.538450,ndi
1786509569.686991,55.168410,-0.030460,0.008840,-1.538500,ndi
1786509569.702014,55.183434,-0.030470,0.008880,-1.538480,ndi
1786509569.719705,55.201124,-0.030470,0.008900,-1.538470,ndi
1786509569.737038,55.218457,-0.030460,0.008960,-1.538500,ndi
1786509569.751996,55.233415,-0.030460,0.009020,-1.538500,ndi
1786509569.769498,55.250918,-0.030460,0.009050,-1.538490,ndi
1786509569.787016,55.268435,-0.030460,0.009090,-1.538510,ndi
1786509569.802004,55.283423,-0.030470,0.009150,-1.538500,ndi
1786509569.819489,55.300908,-0.030470,0.009200,-1.538490,ndi
1786509569.837028,55.318447,-0.030460,0.009240,-1.538510,ndi
1786509569.851989,55.333409,-0.030460,0.009270,-1.538500,ndi
1786509569.869498,55.350918,-0.030460,0.009350,-1.538480,ndi
1786509569.887057,55.368476,-0.030450,0.009400,-1.538490,ndi
1786509569.901998,55.383417,-0.030450,0.009420,-1.538480,ndi
1786509569.919519,55.400939,-0.030450,0.009470,-1.538490,ndi
1786509569.937028,55.418447,-0.030450,0.009540,-1.538500,ndi
1786509569.952031,55.433450,-0.030440,0.009570,-1.538520,ndi
1786509569.969538,55.450958,-0.030460,0.009600,-1.538470,ndi
1786509569.987050,55.468470,-0.030460,0.009670,-1.538520,ndi
1786509570.002018,55.483437,-0.030450,0.009730,-1.538540,ndi
1786509570.019542,55.500962,-0.030450,0.009760,-1.538540,ndi
1786509570.037074,55.518494,-0.030450,0.009790,-1.538530,ndi
1786509570.052011,55.533430,-0.030450,0.009850,-1.538540,ndi
1786509570.069553,55.550972,-0.030450,0.009910,-1.538510,ndi
1786509570.087010,55.568429,-0.030440,0.009940,-1.538540,ndi
1786509570.102030,55.583449,-0.030430,0.009980,-1.538550,ndi
1786509570.119537,55.600957,-0.030450,0.010050,-1.538490,ndi
1786509570.137083,55.618502,-0.030450,0.010110,-1.538550,ndi
1786509570.152031,55.633450,-0.030450,0.010130,-1.538570,ndi
1786509570.170778,55.652197,-0.030450,0.010180,-1.538530,ndi
1786509570.187042,55.668462,-0.030450,0.010250,-1.538520,ndi
1786509570.202030,55.683450,-0.030430,0.010300,-1.538520,ndi
1786509570.219599,55.701019,-0.030440,0.010330,-1.538530,ndi
1786509570.237070,55.718489,-0.030430,0.010390,-1.538540,ndi
1786509570.252002,55.733422,-0.030420,0.010450,-1.538570,ndi
1786509570.269450,55.750870,-0.030410,0.010500,-1.538530,ndi
1786509570.287037,55.768456,-0.030400,0.010540,-1.538550,ndi
1786509570.302047,55.783466,-0.030400,0.010590,-1.538570,ndi
1786509570.319551,55.800970,-0.030390,0.010650,-1.538580,ndi
1786509570.337062,55.818481,-0.030390,0.010690,-1.538580,ndi
1786509570.352006,55.833426,-0.030390,0.010720,-1.538570,ndi
1786509570.369532,55.850951,-0.030380,0.010790,-1.538570,ndi
1786509570.387029,55.868448,-0.030390,0.010840,-1.538590,ndi
1786509570.402013,55.883432,-0.030370,0.010880,-1.538570,ndi
1786509570.419539,55.900958,-0.030370,0.010920,-1.538510,ndi
1786509570.437031,55.918451,-0.030370,0.010970,-1.538530,ndi
1786509570.451993,55.933412,-0.030360,0.011020,-1.538510,ndi
1786509570.469489,55.950909,-0.030350,0.011060,-1.538530,ndi
1786509570.484700,55.966120,-0.030350,0.011090,-1.538550,ndi
1786509570.502010,55.983429,-0.030340,0.011150,-1.538540,ndi
1786509570.519532,56.000952,-0.030330,0.011200,-1.538540,ndi
1786509570.537035,56.018454,-0.030330,0.011240,-1.538540,ndi
1786509570.551996,56.033416,-0.030340,0.011290,-1.538560,ndi
1786509570.569525,56.050944,-0.030330,0.011340,-1.538560,ndi
1786509570.584578,56.065998,-0.030330,0.011380,-1.538540,ndi
1786509570.602018,56.083437,-0.030330,0.011410,-1.538570,ndi
1786509570.619530,56.100950,-0.030320,0.011460,-1.538570,ndi
1786509570.637008,56.118428,-0.030320,0.011520,-1.538560,ndi
1786509570.652002,56.133421,-0.030310,0.011550,-1.538560,ndi
1786509570.669531,56.150950,-0.030310,0.011580,-1.538550,ndi
1786509570.687039,56.168458,-0.030300,0.011640,-1.538560,ndi
1786509570.702012,56.183431,-0.030300,0.011700,-1.538540,ndi
1786509570.719520,56.200940,-0.030310,0.011730,-1.538540,ndi
1786509570.737066,56.218485,-0.030300,0.011750,-1.538540,ndi
1786509570.752044,56.233464,-0.030320,0.011810,-1.538480,ndi
1786509570.769547,56.250966,-0.030310,0.011870,-1.538500,ndi
1786509570.787044,56.268463,-0.030290,0.011890,-1.538500,ndi
1786509570.802018,56.283437,-0.030300,0.011930,-1.538480,ndi
1786509570.819523,56.300942,-0.030290,0.011990,-1.538500,ndi
1786509570.834537,56.315956,-0.030290,0.012040,-1.538490,ndi
1786509570.851974,56.333394,-0.030280,0.012070,-1.538480,ndi
1786509570.869561,56.350981,-0.030280,0.012110,-1.538530,ndi
1786509570.887050,56.368470,-0.030280,0.012180,-1.538520,ndi
1786509570.902016,56.383435,-0.030270,0.012220,-1.538510,ndi
1786509570.919539,56.400958,-0.030280,0.012240,-1.538530,ndi
1786509570.934720,56.416139,-0.030290,0.012280,-1.538550,ndi
1786509570.952033,56.433452,-0.030290,0.012350,-1.538530,ndi
1786509570.969535,56.450954,-0.030280,0.012380,-1.538540,ndi
1786509570.987047,56.468467,-0.030280,0.012410,-1.538530,ndi
1786509571.002020,56.483439,-0.030290,0.012470,-1.538510,ndi
1786509571.019540,56.500959,-0.030270,0.012530,-1.538490,ndi
1786509571.037047,56.518466,-0.030280,0.012560,-1.538490,ndi
1786509571.051997,56.533416,-0.030280,0.012590,-1.538510,ndi
1786509571.069553,56.550972,-0.030270,0.012650,-1.538460,ndi
1786509571.084709,56.566128,-0.030270,0.012690,-1.538450,ndi
1786509571.102015,56.583435,-0.030260,0.012730,-1.538460,ndi
1786509571.119506,56.600926,-0.030260,0.012780,-1.538470,ndi
1786509571.137033,56.618453,-0.030290,0.012840,-1.538450,ndi
1786509571.152043,56.633462,-0.030280,0.012880,-1.538450,ndi
1786509571.169521,56.650941,-0.030280,0.012930,-1.538470,ndi
1786509571.187058,56.668478,-0.030280,0.012970,-1.538450,ndi
1786509571.202054,56.683473,-0.030260,0.013020,-1.538500,ndi
1786509571.219522,56.700941,-0.030270,0.013070,-1.538510,ndi
1786509571.234555,56.715975,-0.030280,0.013110,-1.538490,ndi
1786509571.252012,56.733431,-0.030270,0.013160,-1.538500,ndi
1786509571.269541,56.750960,-0.030280,0.013210,-1.538490,ndi
1786509571.287045,56.768464,-0.030280,0.013260,-1.538460,ndi
1786509571.302020,56.783439,-0.030280,0.013300,-1.538440,ndi
1786509571.319551,56.800970,-0.030290,0.013350,-1.538460,ndi
1786509571.334753,56.816172,-0.030280,0.013380,-1.538450,ndi
1786509571.352049,56.833468,-0.030270,0.013430,-1.538450,ndi
1786509571.369548,56.850968,-0.030270,0.013470,-1.538440,ndi
1786509571.384706,56.866126,-0.030280,0.013520,-1.538430,ndi
1786509571.402038,56.883458,-0.030270,0.013560,-1.538410,ndi
1786509571.419497,56.900916,-0.030270,0.013600,-1.538410,ndi
1786509571.437012,56.918431,-0.030270,0.013650,-1.538410,ndi
1786509571.452032,56.933451,-0.030260,0.013680,-1.538420,ndi
1786509571.469525,56.950944,-0.030260,0.013730,-1.538430,ndi
1786509571.484646,56.966065,-0.030260,0.013760,-1.538420,ndi
1786509571.502048,56.983467,-0.030240,0.013810,-1.538440,ndi
1786509571.519544,57.000964,-0.030260,0.013870,-1.538450,ndi
1786509571.534773,57.016192,-0.030270,0.013900,-1.538440,ndi
1786509571.552050,57.033469,-0.030260,0.013930,-1.538450,ndi
1786509571.569555,57.050975,-0.030270,0.013990,-1.538430,ndi
1786509571.584638,57.066057,-0.030260,0.014040,-1.538440,ndi
1786509571.602043,57.083462,-0.030260,0.014070,-1.538400,ndi
1786509571.619530,57.100949,-0.030270,0.014100,-1.538400,ndi
1786509571.637062,57.118482,-0.030250,0.014160,-1.538400,ndi
1786509571.652033,57.133452,-0.030260,0.014200,-1.538410,ndi
1786509571.669557,57.150976,-0.030260,0.014230,-1.538410,ndi
1786509571.684649,57.166068,-0.030250,0.014260,-1.538380,ndi
1786509571.702049,57.183469,-0.030260,0.014320,-1.538380,ndi
1786509571.719518,57.200938,-0.030260,0.014370,-1.538380,ndi
1786509571.737148,57.218567,-0.030260,0.014380,-1.538350,ndi
1786509571.752056,57.233476,-0.030270,0.014410,-1.538350,ndi
1786509571.769547,57.250967,-0.030280,0.014480,-1.538370,ndi
1786509571.784763,57.266182,-0.030270,0.014520,-1.538360,ndi
1786509571.802041,57.283460,-0.030270,0.014540,-1.538370,ndi
1786509571.819533,57.300952,-0.030280,0.014590,-1.538350,ndi
1786509571.834558,57.315977,-0.030270,0.014640,-1.538370,ndi
1786509571.852053,57.333472,-0.030290,0.014680,-1.538350,ndi
1786509571.869539,57.350958,-0.030280,0.014710,-1.538370,ndi
1786509571.884649,57.366068,-0.030280,0.014750,-1.538350,ndi
1786509571.902039,57.383458,-0.030290,0.014800,-1.538340,ndi
1786509571.919560,57.400980,-0.030290,0.014810,-1.538370,ndi
1786509571.934711,57.416130,-0.030300,0.014810,-1.538370,ndi
1786509571.952056,57.433476,-0.030300,0.014820,-1.538360,ndi
1786509571.969548,57.450967,-0.030290,0.014830,-1.538410,ndi
1786509571.984638,57.466058,-0.030300,0.014830,-1.538380,ndi
1786509572.002035,57.483454,-0.030300,0.014820,-1.538390,ndi
1786509572.019531,57.500950,-0.030290,0.014820,-1.538350,ndi
1786509572.034634,57.516053,-0.030290,0.014830,-1.538380,ndi
1786509572.052047,57.533466,-0.030290,0.014830,-1.538350,ndi
1786509572.069548,57.550967,-0.030280,0.014810,-1.538390,ndi
1786509572.084633,57.566052,-0.030290,0.014820,-1.538380,ndi
1786509572.102041,57.583460,-0.030310,0.014840,-1.538400,ndi
1786509572.119537,57.600956,-0.030290,0.014830,-1.538370,ndi
1786509572.134625,57.616045,-0.030300,0.014810,-1.538380,ndi
1786509572.152052,57.633471,-0.030300,0.014830,-1.538380,ndi
1786509572.169547,57.650966,-0.030290,0.014840,-1.538370,ndi
1786509572.187033,57.668453,-0.030290,0.014820,-1.538380,ndi
1786509572.202004,57.683423,-0.030290,0.014810,-1.538380,ndi
1786509572.219491,57.700910,-0.030270,0.014840,-1.538400,ndi
1786509572.234698,57.716117,-0.030300,0.014840,-1.538380,ndi
1786509572.252044,57.733464,-0.030290,0.014820,-1.538370,ndi
1786509572.269553,57.750973,-0.030270,0.014820,-1.538380,ndi
1786509572.284627,57.766047,-0.030290,0.014830,-1.538380,ndi
1786509572.301993,57.783412,-0.030290,0.014840,-1.538400,ndi
1786509572.319566,57.800986,-0.030290,0.014820,-1.538370,ndi
1786509572.337054,57.818473,-0.030290,0.014820,-1.538370,ndi
1786509572.352051,57.833470,-0.030290,0.014830,-1.538390,ndi
1786509572.369527,57.850947,-0.030290,0.014840,-1.538370,ndi
1786509572.387049,57.868469,-0.030290,0.014820,-1.538380,ndi
1786509572.402012,57.883431,-0.030290,0.014820,-1.538380,ndi
1786509572.419524,57.900944,-0.030280,0.014830,-1.538410,ndi
1786509572.434629,57.916049,-0.030280,0.014840,-1.538380,ndi
1786509572.452033,57.933453,-0.030280,0.014830,-1.538410,ndi
1786509572.469561,57.950981,-0.030290,0.014820,-1.538380,ndi
1786509572.487068,57.968488,-0.030280,0.014830,-1.538370,ndi
1786509572.502013,57.983432,-0.030280,0.014840,-1.538390,ndi
1786509572.519537,58.000956,-0.030290,0.014830,-1.538380,ndi
1786509572.534626,58.016046,-0.030290,0.014820,-1.538400,ndi
1786509572.552071,58.033490,-0.030290,0.014830,-1.538410,ndi
1786509572.569567,58.050987,-0.030290,0.014840,-1.538380,ndi
1786509572.587022,58.068442,-0.030280,0.014830,-1.538390,ndi
1786509572.602030,58.083449,-0.030280,0.014830,-1.538380,ndi
1786509572.619557,58.100977,-0.030290,0.014830,-1.538400,ndi
1786509572.637057,58.118476,-0.030280,0.014840,-1.538390,ndi
1786509572.652047,58.133466,-0.030270,0.014830,-1.538420,ndi
1786509572.669545,58.150964,-0.030280,0.014830,-1.538410,ndi
1786509572.687077,58.168496,-0.030290,0.014840,-1.538420,ndi
1786509572.702054,58.183473,-0.030290,0.014830,-1.538380,ndi
1786509572.719546,58.200966,-0.030290,0.014830,-1.538400,ndi
1786509572.734610,58.216029,-0.030290,0.014830,-1.538390,ndi
1786509572.752091,58.233511,-0.030280,0.014830,-1.538410,ndi
1786509572.769563,58.250983,-0.030280,0.014840,-1.538380,ndi
1786509572.787027,58.268446,-0.030290,0.014830,-1.538390,ndi
1786509572.802022,58.283442,-0.030280,0.014830,-1.538390,ndi
1786509572.819554,58.300973,-0.030270,0.014840,-1.538380,ndi
1786509572.837059,58.318479,-0.030280,0.014840,-1.538390,ndi
1786509572.852059,58.333478,-0.030280,0.014820,-1.538390,ndi
1786509572.869577,58.350996,-0.030280,0.014820,-1.538390,ndi
1786509572.884656,58.366075,-0.030290,0.014840,-1.538400,ndi
1786509572.902032,58.383451,-0.030290,0.014830,-1.538420,ndi
1786509572.919550,58.400969,-0.030280,0.014820,-1.538360,ndi
1786509572.937056,58.418475,-0.030280,0.014830,-1.538380,ndi
1786509572.952055,58.433475,-0.030300,0.014840,-1.538400,ndi
1786509572.969555,58.450974,-0.030270,0.014830,-1.538400,ndi
1786509572.987021,58.468440,-0.030280,0.014820,-1.538380,ndi
1786509573.002030,58.483449,-0.030280,0.014830,-1.538370,ndi
1786509573.019554,58.500974,-0.030270,0.014840,-1.538390,ndi
1786509573.037045,58.518464,-0.030290,0.014830,-1.538380,ndi
1786509573.052032,58.533452,-0.030270,0.014830,-1.538410,ndi
1786509573.069575,58.550994,-0.030270,0.014830,-1.538370,ndi
1786509573.084690,58.566109,-0.030280,0.014840,-1.538380,ndi
1786509573.102054,58.583473,-0.030280,0.014830,-1.538400,ndi
1786509573.119546,58.600965,-0.030280,0.014830,-1.538400,ndi
1786509573.137076,58.618495,-0.030280,0.014830,-1.538390,ndi
1786509573.152079,58.633498,-0.030280,0.014830,-1.538370,ndi
1786509573.169564,58.650983,-0.030290,0.014830,-1.538410,ndi
1786509573.184607,58.666026,-0.030270,0.014830,-1.538370,ndi
1786509573.202061,58.683480,-0.030270,0.014830,-1.538390,ndi
1786509573.219558,58.700978,-0.030280,0.014830,-1.538410,ndi
1786509573.237072,58.718492,-0.030280,0.014830,-1.538400,ndi
1786509573.252052,58.733471,-0.030260,0.014840,-1.538370,ndi
1786509573.269552,58.750971,-0.030280,0.014830,-1.538410,ndi
1786509573.287068,58.768487,-0.030290,0.014830,-1.538360,ndi
1786509573.302038,58.783457,-0.030280,0.014840,-1.538390,ndi
1786509573.319571,58.800990,-0.030280,0.014840,-1.538410,ndi
1786509573.337041,58.818460,-0.030280,0.014830,-1.538390,ndi
1786509573.352090,58.833510,-0.030280,0.014830,-1.538400,ndi
1786509573.369512,58.850931,-0.030280,0.014840,-1.538400,ndi
1786509573.387051,58.868471,-0.030280,0.014840,-1.538380,ndi
1786509573.402064,58.883484,-0.030270,0.014830,-1.538410,ndi
1786509573.419561,58.900980,-0.030270,0.014830,-1.538390,ndi
1786509573.437063,58.918483,-0.030270,0.014840,-1.538400,ndi
1786509573.452044,58.933463,-0.030280,0.014840,-1.538400,ndi
1786509573.469572,58.950991,-0.030280,0.014830,-1.538420,ndi
1786509573.487084,58.968504,-0.030280,0.014830,-1.538390,ndi
1786509573.502042,58.983461,-0.030280,0.014840,-1.538390,ndi
1786509573.519567,59.000986,-0.030280,0.014840,-1.538380,ndi
1786509573.537032,59.018451,-0.030280,0.014830,-1.538430,ndi
1786509573.552103,59.033522,-0.030270,0.014840,-1.538390,ndi
1786509573.569542,59.050961,-0.030280,0.014840,-1.538380,ndi
1786509573.587036,59.068455,-0.030270,0.014840,-1.538380,ndi
1786509573.602054,59.083473,-0.030270,0.014830,-1.538410,ndi
1786509573.619555,59.100975,-0.030280,0.014830,-1.538390,ndi
1786509573.637075,59.118495,-0.030270,0.014840,-1.538390,ndi
1786509573.652074,59.133493,-0.030260,0.014840,-1.538410,ndi
1786509573.669533,59.150952,-0.030280,0.014830,-1.538400,ndi
1786509573.687069,59.168488,-0.030270,0.014840,-1.538400,ndi
1786509573.702073,59.183492,-0.030270,0.014840,-1.538400,ndi
1786509573.719577,59.200996,-0.030280,0.014830,-1.538410,ndi
1786509573.737086,59.218505,-0.030270,0.014830,-1.538400,ndi
1786509573.752172,59.233591,-0.030280,0.014840,-1.538400,ndi
1786509573.769558,59.250978,-0.030270,0.014840,-1.538390,ndi
1786509573.784557,59.265977,-0.030260,0.014830,-1.538410,ndi
1786509573.802054,59.283473,-0.030270,0.014830,-1.538420,ndi
1786509573.819544,59.300963,-0.030260,0.014850,-1.538420,ndi
1786509573.837070,59.318489,-0.030260,0.014830,-1.538400,ndi
1786509573.852061,59.333481,-0.030270,0.014830,-1.538390,ndi
1786509573.869571,59.350991,-0.030280,0.014840,-1.538410,ndi
1786509573.884738,59.366157,-0.030270,0.014840,-1.538400,ndi
1786509573.902073,59.383492,-0.030280,0.014840,-1.538410,ndi
1786509573.919592,59.401011,-0.030270,0.014830,-1.538400,ndi
1786509573.937078,59.418498,-0.030270,0.014840,-1.538410,ndi
1786509573.952098,59.433517,-0.030280,0.014840,-1.538410,ndi
1786509573.969544,59.450964,-0.030280,0.014840,-1.538380,ndi
1786509573.987080,59.468499,-0.030270,0.014840,-1.538400,ndi
1786509574.002051,59.483470,-0.030260,0.014840,-1.538420,ndi
1786509574.019557,59.500976,-0.030270,0.014840,-1.538390,ndi
1786509574.037069,59.518488,-0.030270,0.014840,-1.538410,ndi
1786509574.052050,59.533470,-0.030260,0.014840,-1.538440,ndi
1786509574.069562,59.550981,-0.030260,0.014840,-1.538410,ndi
1786509574.087068,59.568487,-0.030270,0.014840,-1.538420,ndi
1786509574.102056,59.583475,-0.030260,0.014840,-1.538400,ndi
1786509574.119557,59.600976,-0.030260,0.014840,-1.538400,ndi
1786509574.137085,59.618504,-0.030260,0.014840,-1.538410,ndi
1786509574.152037,59.633457,-0.030260,0.014840,-1.538370,ndi
1786509574.169638,59.651057,-0.030260,0.014840,-1.538390,ndi
1786509574.187093,59.668512,-0.030260,0.014850,-1.538410,ndi
1786509574.202052,59.683472,-0.030260,0.014850,-1.538430,ndi
1786509574.219573,59.700992,-0.030260,0.014840,-1.538410,ndi
1786509574.237081,59.718500,-0.030250,0.014840,-1.538410,ndi
1786509574.252050,59.733470,-0.030260,0.014850,-1.538410,ndi
1786509574.269547,59.750966,-0.030270,0.014850,-1.538410,ndi
1786509574.287093,59.768512,-0.030250,0.014840,-1.538410,ndi
1786509574.302071,59.783490,-0.030250,0.014850,-1.538420,ndi
1786509574.319573,59.800993,-0.030260,0.014860,-1.538420,ndi
1786509574.337084,59.818503,-0.030260,0.014850,-1.538420,ndi
1786509574.352054,59.833474,-0.030250,0.014840,-1.538390,ndi
1786509574.369537,59.850956,-0.030250,0.014860,-1.538410,ndi
1786509574.387061,59.868480,-0.030250,0.014860,-1.538410,ndi
1786509574.402067,59.883487,-0.030240,0.014840,-1.538430,ndi
1786509574.419561,59.900980,-0.030250,0.014840,-1.538440,ndi
1786509574.437105,59.918524,-0.030240,0.014860,-1.538430,ndi
1786509574.452072,59.933491,-0.030250,0.014860,-1.538410,ndi
1786509574.469592,59.951011,-0.030260,0.014850,-1.538420,ndi
1786509574.484650,59.966069,-0.030250,0.014850,-1.538420,ndi
1786509574.502084,59.983503,-0.030260,0.014860,-1.538420,ndi
1786509574.519578,60.000998,-0.030240,0.014860,-1.538410,ndi
1786509574.537062,60.018481,-0.030260,0.014850,-1.538410,ndi
1786509574.552059,60.033479,-0.030260,0.014860,-1.538400,ndi
1786509574.569594,60.051013,-0.030250,0.014860,-1.538420,ndi
1786509574.587088,60.068508,-0.030240,0.014850,-1.538420,ndi
1786509574.602087,60.083506,-0.030240,0.014850,-1.538440,ndi
1786509574.619594,60.101014,-0.030250,0.014870,-1.538430,ndi
1786509574.637082,60.118501,-0.030260,0.014860,-1.538460,ndi
1786509574.652071,60.133491,-0.030240,0.014860,-1.538440,ndi
1786509574.669638,60.151058,-0.030250,0.014870,-1.538430,ndi
1786509574.687080,60.168499,-0.030240,0.014870,-1.538430,ndi
1786509574.702102,60.183522,-0.030250,0.014860,-1.538430,ndi
1786509574.719603,60.201022,-0.030250,0.014860,-1.538410,ndi
1786509574.737077,60.218496,-0.030250,0.014870,-1.538430,ndi
1786509574.752057,60.233476,-0.030250,0.014870,-1.538440,ndi
1786509574.769586,60.251006,-0.030240,0.014860,-1.538430,ndi
1786509574.787079,60.268498,-0.030240,0.014860,-1.538430,ndi
1786509574.802072,60.283491,-0.030230,0.014860,-1.538430,ndi
1786509574.819591,60.301011,-0.030250,0.014870,-1.538430,ndi
1786509574.837065,60.318485,-0.030240,0.014860,-1.538430,ndi
1786509574.852084,60.333503,-0.030240,0.014870,-1.538420,ndi
1786509574.869615,60.351034,-0.030260,0.014860,-1.538390,ndi
1786509574.887093,60.368512,-0.030220,0.014860,-1.538430,ndi
1786509574.902097,60.383516,-0.030250,0.014860,-1.538430,ndi
1786509574.919585,60.401004,-0.030260,0.014860,-1.538430,ndi
1786509574.937079,60.418499,-0.030210,0.014870,-1.538440,ndi
1786509574.952054,60.433473,-0.030260,0.014870,-1.538430,ndi
1786509574.969604,60.451023,-0.030240,0.014870,-1.538440,ndi
1786509574.987106,60.468525,-0.030210,0.014860,-1.538410,ndi
1786509575.002084,60.483503,-0.030250,0.014860,-1.538430,ndi
1786509575.019596,60.501016,-0.030210,0.014870,-1.538440,ndi
1786509575.037087,60.518506,-0.030240,0.014870,-1.538410,ndi
1786509575.052121,60.533540,-0.030240,0.014870,-1.538440,ndi
1786509575.069624,60.551044,-0.030220,0.014860,-1.538450,ndi
1786509575.084660,60.566079,-0.030250,0.014880,-1.538420,ndi
1786509575.102087,60.583506,-0.030240,0.014870,-1.538420,ndi
1786509575.119586,60.601006,-0.030230,0.014860,-1.538420,ndi
1786509575.137070,60.618489,-0.030220,0.014880,-1.538440,ndi
1786509575.152065,60.633484,-0.030240,0.014880,-1.538430,ndi
1786509575.169591,60.651010,-0.030220,0.014860,-1.538450,ndi
1786509575.187079,60.668499,-0.030220,0.014870,-1.538430,ndi
1786509575.202076,60.683495,-0.030240,0.014890,-1.538430,ndi
1786509575.219591,60.701010,-0.030230,0.014870,-1.538430,ndi
1786509575.237121,60.718541,-0.030220,0.014850,-1.538410,ndi
1786509575.252103,60.733522,-0.030240,0.014880,-1.538430,ndi
1786509575.269620,60.751040,-0.030240,0.014890,-1.538430,ndi
1786509575.287094,60.768514,-0.030230,0.014860,-1.538430,ndi
1786509575.302080,60.783499,-0.030220,0.014860,-1.538470,ndi
1786509575.319549,60.800968,-0.030230,0.014890,-1.538430,ndi
1786509575.337098,60.818517,-0.030240,0.014890,-1.538430,ndi
1786509575.352092,60.833511,-0.030220,0.014860,-1.538460,ndi
1786509575.369600,60.851019,-0.030240,0.014870,-1.538450,ndi
1786509575.387087,60.868507,-0.030230,0.014890,-1.538440,ndi
1786509575.402074,60.883494,-0.030210,0.014880,-1.538460,ndi
1786509575.419602,60.901022,-0.030250,0.014870,-1.538470,ndi
1786509575.434672,60.916091,-0.030220,0.014880,-1.538450,ndi
1786509575.452086,60.933505,-0.030230,0.014880,-1.538450,ndi
1786509575.469598,60.951017,-0.030240,0.014870,-1.538440,ndi
1786509575.484838,60.966257,-0.030220,0.014870,-1.538420,ndi
1786509575.502131,60.983551,-0.030230,0.014890,-1.538430,ndi
1786509575.519577,61.000996,-0.030230,0.014890,-1.538450,ndi
1786509575.537090,61.018509,-0.030210,0.014860,-1.538440,ndi
1786509575.552088,61.033508,-0.030220,0.014870,-1.538450,ndi
1786509575.569601,61.051020,-0.030220,0.014890,-1.538430,ndi
1786509575.587082,61.068501,-0.030220,0.014880,-1.538430,ndi
1786509575.602086,61.083505,-0.030220,0.014870,-1.538470,ndi
1786509575.619554,61.100973,-0.030220,0.014880,-1.538450,ndi
1786509575.634824,61.116244,-0.030230,0.014900,-1.538430,ndi
1786509575.652121,61.133540,-0.030240,0.014880,-1.538450,ndi
1786509575.669638,61.151058,-0.030240,0.014870,-1.538430,ndi
1786509575.684690,61.166109,-0.030220,0.014880,-1.538460,ndi
1786509575.702067,61.183486,-0.030220,0.014890,-1.538420,ndi
1786509575.719567,61.200986,-0.030240,0.014880,-1.538450,ndi
1786509575.737109,61.218528,-0.030220,0.014870,-1.538450,ndi
1786509575.752087,61.233507,-0.030220,0.014880,-1.538450,ndi
1786509575.769621,61.251040,-0.030220,0.014880,-1.538420,ndi
1786509575.784777,61.266196,-0.030210,0.014880,-1.538440,ndi
1786509575.802088,61.283507,-0.030220,0.014880,-1.538460,ndi
1786509575.819602,61.301021,-0.030220,0.014890,-1.538450,ndi
1786509575.837093,61.318512,-0.030220,0.014890,-1.538440,ndi
1786509575.852100,61.333520,-0.030220,0.014880,-1.538440,ndi
1786509575.869654,61.351074,-0.030220,0.014880,-1.538430,ndi
1786509575.887121,61.368540,-0.030220,0.014890,-1.538430,ndi
1786509575.902086,61.383505,-0.030230,0.014890,-1.538450,ndi
1786509575.919585,61.401004,-0.030220,0.014880,-1.538420,ndi
1786509575.934789,61.416208,-0.030210,0.014870,-1.538460,ndi
1786509575.952096,61.433515,-0.030220,0.014890,-1.538450,ndi
1786509575.969600,61.451019,-0.030210,0.014900,-1.538430,ndi
1786509575.984772,61.466191,-0.030220,0.014880,-1.538460,ndi
