stamp,elapsed,x,y,z,frame_id
1786508883.502653,0.000000,-0.008000,-0.044200,-1.558200,ndi
1786508883.520134,0.017480,-0.007990,-0.044200,-1.558180,ndi
1786508883.535201,0.032548,-0.007990,-0.044200,-1.558210,ndi
1786508883.552648,0.049995,-0.008000,-0.044200,-1.558200,ndi
1786508883.570161,0.067508,-0.008000,-0.044200,-1.558190,ndi
1786508883.585159,0.082506,-0.007980,-0.044210,-1.558200,ndi
1786508883.602658,0.100005,-0.008010,-0.044200,-1.558200,ndi
1786508883.620183,0.117530,-0.008010,-0.044190,-1.558200,ndi
1786508883.635121,0.132467,-0.007990,-0.044210,-1.558230,ndi
1786508883.652636,0.149982,-0.008000,-0.044220,-1.558190,ndi
1786508883.670139,0.167485,-0.008010,-0.044200,-1.558210,ndi
1786508883.685167,0.182514,-0.007980,-0.044190,-1.558220,ndi
1786508883.702620,0.199966,-0.007990,-0.044210,-1.558210,ndi
1786508883.720123,0.217469,-0.007990,-0.044220,-1.558200,ndi
1786508883.735167,0.232514,-0.007990,-0.044200,-1.558220,ndi
1786508883.752634,0.249981,-0.008000,-0.044200,-1.558230,ndi
1786508883.770141,0.267488,-0.007990,-0.044220,-1.558210,ndi
1786508883.785148,0.282495,-0.008000,-0.044210,-1.558200,ndi
1786508883.802613,0.299959,-0.008000,-0.044190,-1.558210,ndi
1786508883.820117,0.317464,-0.007980,-0.044200,-1.558220,ndi
1786508883.835174,0.332521,-0.008010,-0.044220,-1.558200,ndi
1786508883.852651,0.349998,-0.007990,-0.044210,-1.558230,ndi
1786508883.870149,0.367496,-0.008000,-0.044190,-1.558220,ndi
1786508883.885165,0.382511,-0.007990,-0.044200,-1.558210,ndi
1786508883.902642,0.399989,-0.008000,-0.044220,-1.558210,ndi
1786508883.920151,0.417497,-0.008000,-0.044200,-1.558230,ndi
1786508883.935152,0.432499,-0.008000,-0.044190,-1.558220,ndi
1786508883.952640,0.449987,-0.007990,-0.044210,-1.558200,ndi
1786508883.970133,0.467479,-0.007980,-0.044220,-1.558230,ndi
1786508883.985159,0.482506,-0.008000,-0.044190,-1.558240,ndi
1786508884.002635,0.499982,-0.008000,-0.044190,-1.558240,ndi
1786508884.020127,0.517474,-0.007980,-0.044220,-1.558220,ndi
1786508884.035158,0.532504,-0.008000,-0.044220,-1.558230,ndi
1786508884.052657,0.550004,-0.007990,-0.044190,-1.558230,ndi
1786508884.070111,0.567458,-0.008000,-0.044200,-1.558220,ndi
1786508884.085163,0.582510,-0.008000,-0.044220,-1.558220,ndi
1786508884.102632,0.599978,-0.007980,-0.044210,-1.558250,ndi
1786508884.120145,0.617492,-0.008000,-0.044180,-1.558220,ndi
1786508884.135148,0.632494,-0.008000,-0.044200,-1.558240,ndi
1786508884.152659,0.650005,-0.008000,-0.044220,-1.558210,ndi
1786508884.170117,0.667464,-0.007990,-0.044200,-1.558220,ndi
1786508884.185148,0.682495,-0.007990,-0.044190,-1.558220,ndi
1786508884.202647,0.699993,-0.008010,-0.044210,-1.558220,ndi
1786508884.220154,0.717501,-0.007990,-0.044220,-1.558230,ndi
1786508884.235179,0.732526,-0.008000,-0.044200,-1.558180,ndi
1786508884.252658,0.750004,-0.008000,-0.044190,-1.558220,ndi
1786508884.270149,0.767495,-0.007990,-0.044210,-1.558220,ndi
1786508884.285168,0.782515,-0.008000,-0.044210,-1.558210,ndi
1786508884.302658,0.800004,-0.007990,-0.044200,-1.558220,ndi
1786508884.320160,0.817507,-0.007990,-0.044200,-1.558220,ndi
1786508884.335169,0.832515,-0.007990,-0.044210,-1.558220,ndi
1786508884.352653,0.849999,-0.007990,-0.044210,-1.558220,ndi
1786508884.370172,0.867518,-0.007990,-0.044200,-1.558210,ndi
1786508884.385123,0.882469,-0.008000,-0.044200,-1.558180,ndi
1786508884.402699,0.900046,-0.007990,-0.044200,-1.558200,ndi
1786508884.420166,0.917512,-0.007990,-0.044210,-1.558200,ndi
1786508884.435176,0.932522,-0.008000,-0.044210,-1.558210,ndi
1786508884.452677,0.950023,-0.007990,-0.044200,-1.558210,ndi
1786508884.470171,0.967518,-0.007990,-0.044200,-1.558210,ndi
1786508884.485180,0.982527,-0.007990,-0.044210,-1.558190,ndi
1786508884.502641,0.999988,-0.007990,-0.044200,-1.558190,ndi
1786508884.520162,1.017509,-0.008000,-0.044200,-1.558220,ndi
1786508884.535174,1.032521,-0.008000,-0.044210,-1.558200,ndi
1786508884.552643,1.049990,-0.007990,-0.044210,-1.558210,ndi
1786508884.570143,1.067490,-0.007990,-0.044200,-1.558220,ndi
1786508884.585148,1.082494,-0.008000,-0.044200,-1.558190,ndi
1786508884.602678,1.100025,-0.007990,-0.044210,-1.558220,ndi
1786508884.620147,1.117493,-0.008000,-0.044200,-1.558180,ndi
1786508884.635187,1.132534,-0.007990,-0.044200,-1.558200,ndi
1786508884.652656,1.150002,-0.008000,-0.044200,-1.558200,ndi
1786508884.670163,1.167510,-0.007990,-0.044210,-1.558210,ndi
1786508884.685141,1.182488,-0.007990,-0.044210,-1.558220,ndi
1786508884.702823,1.200169,-0.008000,-0.044200,-1.558210,ndi
1786508884.720197,1.217544,-0.008000,-0.044210,-1.558230,ndi
1786508884.735212,1.232558,-0.007990,-0.044210,-1.558200,ndi
1786508884.752646,1.249993,-0.008000,-0.044200,-1.558200,ndi
1786508884.770149,1.267495,-0.007980,-0.044200,-1.558220,ndi
1786508884.785152,1.282499,-0.008000,-0.044210,-1.558210,ndi
1786508884.802650,1.299997,-0.008010,-0.044210,-1.558220,ndi
1786508884.820158,1.317505,-0.007990,-0.044210,-1.558230,ndi
1786508884.835179,1.332526,-0.008000,-0.044210,-1.558200,ndi
1786508884.852665,1.350012,-0.008000,-0.044220,-1.558190,ndi
1786508884.870177,1.367523,-0.007990,-0.044210,-1.558200,ndi
1786508884.885203,1.382550,-0.008000,-0.044210,-1.558200,ndi
1786508884.902775,1.400122,-0.008000,-0.044210,-1.558180,ndi
1786508884.920167,1.417513,-0.008000,-0.044220,-1.558180,ndi
1786508884.935197,1.432544,-0.008000,-0.044210,-1.558190,ndi
1786508884.952647,1.449993,-0.008000,-0.044200,-1.558220,ndi
1786508884.970114,1.467461,-0.008010,-0.044220,-1.558220,ndi
1786508884.985157,1.482503,-0.008010,-0.044220,-1.558220,ndi
1786508885.002650,1.499996,-0.008010,-0.044200,-1.558210,ndi
1786508885.020183,1.517529,-0.008000,-0.044210,-1.558200,ndi
1786508885.035182,1.532529,-0.008000,-0.044220,-1.558200,ndi
1786508885.052689,1.550035,-0.008010,-0.044210,-1.558200,ndi
1786508885.070219,1.567566,-0.008000,-0.044210,-1.558190,ndi
1786508885.085225,1.582571,-0.008000,-0.044210,-1.558210,ndi
1786508885.102711,1.600058,-0.007990,-0.044210,-1.558190,ndi
1786508885.120223,1.617570,-0.008010,-0.044210,-1.558190,ndi
1786508885.135227,1.632573,-0.008000,-0.044210,-1.558170,ndi
1786508885.152714,1.650061,-0.008000,-0.044210,-1.558200,ndi
1786508885.170226,1.667573,-0.008000,-0.044220,-1.558190,ndi
1786508885.185283,1.682629,-0.007990,-0.044220,-1.558200,ndi
1786508885.202726,1.700073,-0.008010,-0.044210,-1.558210,ndi
1786508885.220201,1.717547,-0.008000,-0.044210,-1.558210,ndi
1786508885.235222,1.732569,-0.008000,-0.044210,-1.558180,ndi
1786508885.252695,1.750041,-0.008000,-0.044210,-1.558180,ndi
1786508885.270174,1.767520,-0.007990,-0.044210,-1.558180,ndi
1786508885.285211,1.782557,-0.008010,-0.044210,-1.558210,ndi
1786508885.302700,1.800047,-0.008000,-0.044210,-1.558200,ndi
1786508885.320219,1.817565,-0.008000,-0.044210,-1.558210,ndi
1786508885.335184,1.832530,-0.008000,-0.044210,-1.558200,ndi
1786508885.352676,1.850023,-0.008000,-0.044210,-1.558190,ndi
1786508885.370158,1.867505,-0.008010,-0.044220,-1.558200,ndi
1786508885.385165,1.882512,-0.007990,-0.044210,-1.558200,ndi
1786508885.402736,1.900083,-0.008010,-0.044210,-1.558200,ndi
1786508885.420229,1.917576,-0.008000,-0.044210,-1.558180,ndi
1786508885.435219,1.932566,-0.008000,-0.044210,-1.558190,ndi
1786508885.452692,1.950038,-0.008000,-0.044200,-1.558210,ndi
1786508885.470189,1.967536,-0.007990,-0.044200,-1.558200,ndi
1786508885.485194,1.982541,-0.008000,-0.044210,-1.558200,ndi
1786508885.502735,2.000082,-0.007990,-0.044200,-1.558210,ndi
1786508885.520190,2.017537,-0.008000,-0.044200,-1.558210,ndi
1786508885.535213,2.032560,-0.008000,-0.044210,-1.558230,ndi
1786508885.552666,2.050013,-0.008000,-0.044210,-1.558220,ndi
1786508885.570174,2.067520,-0.008010,-0.044200,-1.558220,ndi
1786508885.585150,2.082497,-0.007990,-0.044200,-1.558220,ndi
1786508885.602706,2.100053,-0.008000,-0.044210,-1.558210,ndi
1786508885.620204,2.117551,-0.007990,-0.044210,-1.558210,ndi
1786508885.635207,2.132553,-0.007990,-0.044200,-1.558200,ndi
1786508885.652698,2.150045,-0.008000,-0.044200,-1.558200,ndi
1786508885.670154,2.167500,-0.008000,-0.044220,-1.558210,ndi
1786508885.685198,2.182544,-0.008000,-0.044210,-1.558200,ndi
1786508885.702705,2.200052,-0.007990,-0.044190,-1.558200,ndi
1786508885.720227,2.217574,-0.007990,-0.044210,-1.558220,ndi
1786508885.735214,2.232561,-0.008000,-0.044220,-1.558210,ndi
1786508885.754653,2.252000,-0.008000,-0.044200,-1.558190,ndi
1786508885.770132,2.267479,-0.007990,-0.044190,-1.558230,ndi
1786508885.785176,2.282523,-0.007990,-0.044210,-1.558210,ndi
1786508885.802663,2.300009,-0.007990,-0.044220,-1.558200,ndi
1786508885.820184,2.317530,-0.008000,-0.044190,-1.558250,ndi
1786508885.835199,2.332546,-0.007990,-0.044190,-1.558220,ndi
1786508885.852648,2.349995,-0.007980,-0.044210,-1.558240,ndi
1786508885.870163,2.367510,-0.008000,-0.044210,-1.558230,ndi
1786508885.885177,2.382524,-0.007990,-0.044190,-1.558190,ndi
1786508885.902663,2.400010,-0.007990,-0.044200,-1.558230,ndi
1786508885.920177,2.417524,-0.007990,-0.044210,-1.558220,ndi
1786508885.935192,2.432538,-0.007990,-0.044200,-1.558230,ndi
1786508885.952669,2.450016,-0.007990,-0.044190,-1.558230,ndi
1786508885.970155,2.467502,-0.007990,-0.044210,-1.558230,ndi
1786508885.985192,2.482538,-0.007990,-0.044210,-1.558220,ndi
1786508886.002704,2.500051,-0.007990,-0.044190,-1.558220,ndi
1786508886.020172,2.517519,-0.008000,-0.044200,-1.558230,ndi
1786508886.035210,2.532557,-0.007980,-0.044210,-1.558210,ndi
1786508886.052687,2.550034,-0.007990,-0.044210,-1.558220,ndi
1786508886.070189,2.567535,-0.008000,-0.044180,-1.558230,ndi
1786508886.085181,2.582528,-0.007980,-0.044200,-1.558240,ndi
1786508886.102685,2.600031,-0.008000,-0.044220,-1.558240,ndi
1786508886.120206,2.617553,-0.007990,-0.044200,-1.558240,ndi
1786508886.135195,2.632541,-0.007990,-0.044180,-1.558230,ndi
1786508886.152676,2.650023,-0.008000,-0.044200,-1.558210,ndi
1786508886.170159,2.667506,-0.008000,-0.044220,-1.558220,ndi
1786508886.185195,2.682542,-0.007990,-0.044200,-1.558230,ndi
1786508886.202684,2.700031,-0.008000,-0.044180,-1.558200,ndi
1786508886.220171,2.717518,-0.008000,-0.044210,-1.558230,ndi
1786508886.235187,2.732534,-0.007990,-0.044220,-1.558230,ndi
1786508886.252681,2.750028,-0.008010,-0.044190,-1.558220,ndi
1786508886.270176,2.767523,-0.007990,-0.044190,-1.558220,ndi
1786508886.285207,2.782553,-0.008000,-0.044210,-1.558240,ndi
1786508886.302705,2.800051,-0.008000,-0.044220,-1.558210,ndi
1786508886.320185,2.817532,-0.007980,-0.044190,-1.558210,ndi
1786508886.335194,2.832541,-0.008010,-0.044190,-1.558200,ndi
1786508886.352641,2.849988,-0.008000,-0.044220,-1.558220,ndi
1786508886.370180,2.867527,-0.007990,-0.044210,-1.558210,ndi
1786508886.385198,2.882545,-0.008000,-0.044190,-1.558230,ndi
1786508886.402736,2.900083,-0.007990,-0.044200,-1.558230,ndi
1786508886.420204,2.917550,-0.007990,-0.044210,-1.558230,ndi
1786508886.435189,2.932536,-0.007990,-0.044200,-1.558210,ndi
1786508886.452698,2.950045,-0.008000,-0.044180,-1.558200,ndi
1786508886.470212,2.967559,-0.007990,-0.044200,-1.558240,ndi
1786508886.485234,2.982581,-0.008000,-0.044220,-1.558200,ndi
1786508886.502707,3.000054,-0.007990,-0.044200,-1.558230,ndi
1786508886.520205,3.017552,-0.007980,-0.044180,-1.558220,ndi
1786508886.535192,3.032538,-0.008010,-0.044200,-1.558230,ndi
1786508886.552664,3.050011,-0.007980,-0.044220,-1.558230,ndi
1786508886.570195,3.067542,-0.007980,-0.044190,-1.558200,ndi
1786508886.585213,3.082560,-0.008000,-0.044180,-1.558230,ndi
1786508886.602682,3.100029,-0.007980,-0.044210,-1.558190,ndi
1786508886.620192,3.117538,-0.007990,-0.044210,-1.558200,ndi
1786508886.635177,3.132524,-0.007990,-0.044190,-1.558200,ndi
1786508886.652672,3.150018,-0.007990,-0.044180,-1.558230,ndi
1786508886.670175,3.167521,-0.007990,-0.044210,-1.558250,ndi
1786508886.685213,3.182559,-0.007990,-0.044220,-1.558200,ndi
1786508886.702679,3.200026,-0.007990,-0.044180,-1.558200,ndi
1786508886.720216,3.217562,-0.007990,-0.044180,-1.558210,ndi
1786508886.735213,3.232560,-0.007990,-0.044220,-1.558230,ndi
1786508886.752747,3.250093,-0.007990,-0.044210,-1.558220,ndi
1786508886.770221,3.267568,-0.007990,-0.044180,-1.558210,ndi
1786508886.785227,3.282574,-0.007990,-0.044190,-1.558210,ndi
1786508886.802724,3.300071,-0.007990,-0.044220,-1.558220,ndi
1786508886.820194,3.317541,-0.007990,-0.044200,-1.558210,ndi
1786508886.835208,3.332555,-0.007990,-0.044180,-1.558230,ndi
1786508886.852708,3.350055,-0.007980,-0.044190,-1.558200,ndi
1786508886.870196,3.367543,-0.008000,-0.044220,-1.558220,ndi
1786508886.885213,3.382560,-0.007980,-0.044190,-1.558240,ndi
1786508886.902714,3.400060,-0.007990,-0.044170,-1.558240,ndi
1786508886.920195,3.417542,-0.008000,-0.044200,-1.558220,ndi
1786508886.935198,3.432545,-0.008000,-0.044220,-1.558240,ndi
1786508886.952685,3.450031,-0.007990,-0.044180,-1.558220,ndi
1786508886.970260,3.467607,-0.007990,-0.044180,-1.558230,ndi
1786508886.985220,3.482567,-0.007990,-0.044210,-1.558230,ndi
1786508887.002684,3.500031,-0.007980,-0.044210,-1.558220,ndi
1786508887.020223,3.517570,-0.007990,-0.044170,-1.558210,ndi
1786508887.035232,3.532579,-0.007990,-0.044180,-1.558260,ndi
1786508887.052723,3.550070,-0.007990,-0.044210,-1.558210,ndi
1786508887.070231,3.567578,-0.008000,-0.044190,-1.558200,ndi
1786508887.085198,3.582545,-0.007990,-0.044170,-1.558240,ndi
1786508887.102705,3.600052,-0.007990,-0.044190,-1.558220,ndi
1786508887.120251,3.617597,-0.008000,-0.044210,-1.558240,ndi
1786508887.135210,3.632556,-0.007980,-0.044200,-1.558240,ndi
1786508887.152692,3.650039,-0.008000,-0.044180,-1.558230,ndi
1786508887.170183,3.667530,-0.007990,-0.044190,-1.558210,ndi
1786508887.185215,3.682561,-0.007990,-0.044210,-1.558220,ndi
1786508887.202720,3.700066,-0.007990,-0.044190,-1.558230,ndi
1786508887.220172,3.717518,-0.007980,-0.044190,-1.558220,ndi
1786508887.235223,3.732570,-0.007990,-0.044200,-1.558200,ndi
1786508887.252695,3.750042,-0.007990,-0.044200,-1.558210,ndi
1786508887.270214,3.767561,-0.008000,-0.044200,-1.558210,ndi
1786508887.285237,3.782583,-0.007990,-0.044200,-1.558200,ndi
1786508887.302718,3.800065,-0.007990,-0.044190,-1.558190,ndi
1786508887.320257,3.817603,-0.008010,-0.044200,-1.558200,ndi
1786508887.335203,3.832550,-0.007990,-0.044210,-1.558190,ndi
1786508887.352715,3.850062,-0.008000,-0.044200,-1.558220,ndi
1786508887.370223,3.867570,-0.007990,-0.044190,-1.558190,ndi
1786508887.385209,3.882555,-0.008000,-0.044190,-1.558210,ndi
1786508887.402768,3.900115,-0.008000,-0.044210,-1.558190,ndi
1786508887.420227,3.917573,-0.007990,-0.044200,-1.558200,ndi
1786508887.435230,3.932576,-0.008000,-0.044190,-1.558200,ndi
1786508887.452726,3.950073,-0.008000,-0.044200,-1.558190,ndi
1786508887.470201,3.967548,-0.008000,-0.044210,-1.558200,ndi
1786508887.485218,3.982565,-0.007990,-0.044200,-1.558230,ndi
1786508887.502667,4.000013,-0.008000,-0.044190,-1.558200,ndi
1786508887.520254,4.017600,-0.008010,-0.044210,-1.558200,ndi
1786508887.535217,4.032563,-0.007990,-0.044210,-1.558230,ndi
1786508887.552731,4.050078,-0.008000,-0.044190,-1.558220,ndi
1786508887.570205,4.067551,-0.008000,-0.044190,-1.558220,ndi
1786508887.585230,4.082577,-0.007980,-0.044210,-1.558230,ndi
1786508887.602718,4.100065,-0.007990,-0.044200,-1.558220,ndi
1786508887.620222,4.117568,-0.008000,-0.044180,-1.558230,ndi
1786508887.635230,4.132576,-0.007990,-0.044190,-1.558220,ndi
1786508887.652716,4.150062,-0.008000,-0.044200,-1.558220,ndi
1786508887.670212,4.167559,-0.007990,-0.044200,-1.558230,ndi
1786508887.685218,4.182564,-0.007990,-0.044180,-1.558250,ndi
1786508887.702730,4.200076,-0.008000,-0.044190,-1.558250,ndi
1786508887.720224,4.217571,-0.007980,-0.044210,-1.558230,ndi
1786508887.735271,4.232617,-0.007990,-0.044190,-1.558230,ndi
1786508887.752770,4.250117,-0.008000,-0.044180,-1.558220,ndi
1786508887.770248,4.267595,-0.007990,-0.044200,-1.558210,ndi
1786508887.785265,4.282611,-0.007980,-0.044200,-1.558220,ndi
1786508887.802794,4.300140,-0.007980,-0.044190,-1.558230,ndi
1786508887.822810,4.320156,-0.007990,-0.044180,-1.558210,ndi
1786508887.835286,4.332633,-0.007990,-0.044190,-1.558210,ndi
1786508887.852766,4.350113,-0.007990,-0.044200,-1.558230,ndi
1786508887.870238,4.367585,-0.007990,-0.044190,-1.558210,ndi
1786508887.885240,4.382586,-0.007970,-0.044190,-1.558190,ndi
1786508887.902950,4.400296,-0.007990,-0.044200,-1.558190,ndi
1786508887.920737,4.418084,-0.007980,-0.044200,-1.558190,ndi
1786508887.935270,4.432616,-0.007970,-0.044200,-1.558160,ndi
1786508887.952731,4.450078,-0.008000,-0.044190,-1.558190,ndi
1786508887.970190,4.467536,-0.008000,-0.044170,-1.558220,ndi
1786508887.985212,4.482558,-0.008020,-0.044150,-1.558290,ndi
1786508888.002709,4.500056,-0.008040,-0.044130,-1.558320,ndi
1786508888.020214,4.517560,-0.008050,-0.044130,-1.558310,ndi
1786508888.035206,4.532552,-0.008060,-0.044120,-1.558300,ndi
1786508888.052713,4.550060,-0.008060,-0.044120,-1.558330,ndi
1786508888.070233,4.567580,-0.008090,-0.044120,-1.558350,ndi
1786508888.085209,4.582556,-0.008080,-0.044110,-1.558370,ndi
1786508888.102700,4.600046,-0.008100,-0.044110,-1.558340,ndi
1786508888.120178,4.617524,-0.008100,-0.044120,-1.558350,ndi
1786508888.135236,4.632582,-0.008050,-0.044130,-1.558340,ndi
1786508888.152713,4.650060,-0.008100,-0.044120,-1.558300,ndi
1786508888.170203,4.667549,-0.008110,-0.044150,-1.558270,ndi
1786508888.185219,4.682565,-0.008060,-0.044150,-1.558250,ndi
1786508888.202709,4.700055,-0.008110,-0.044160,-1.558270,ndi
1786508888.220187,4.717534,-0.008080,-0.044160,-1.558230,ndi
1786508888.235206,4.732553,-0.008100,-0.044160,-1.558180,ndi
1786508888.252688,4.750035,-0.008100,-0.044180,-1.558190,ndi
1786508888.270186,4.767533,-0.008060,-0.044180,-1.558200,ndi
1786508888.285187,4.782534,-0.008110,-0.044190,-1.558150,ndi
1786508888.302709,4.800056,-0.008100,-0.044220,-1.558120,ndi
1786508888.320215,4.817562,-0.008100,-0.044220,-1.558100,ndi
1786508888.335244,4.832591,-0.008090,-0.044220,-1.558070,ndi
1786508888.352715,4.850062,-0.008070,-0.044220,-1.558030,ndi
1786508888.370219,4.867565,-0.008090,-0.044230,-1.558000,ndi
1786508888.385220,4.882566,-0.008090,-0.044240,-1.558030,ndi
1786508888.402785,4.900132,-0.008100,-0.044240,-1.557980,ndi
1786508888.420228,4.917574,-0.008080,-0.044250,-1.557940,ndi
1786508888.435227,4.932574,-0.008070,-0.044250,-1.557940,ndi
1786508888.452730,4.950076,-0.008090,-0.044250,-1.557910,ndi
1786508888.470196,4.967542,-0.008080,-0.044240,-1.557900,ndi
1786508888.485275,4.982622,-0.008090,-0.044250,-1.557870,ndi
1786508888.502800,5.000147,-0.008070,-0.044260,-1.557860,ndi
1786508888.520271,5.017618,-0.008070,-0.044260,-1.557820,ndi
1786508888.535303,5.032650,-0.008090,-0.044250,-1.557770,ndi
1786508888.552729,5.050076,-0.008080,-0.044270,-1.557740,ndi
1786508888.570230,5.067577,-0.008070,-0.044280,-1.557740,ndi
1786508888.585253,5.082600,-0.008070,-0.044280,-1.557750,ndi
1786508888.602755,5.100101,-0.008080,-0.044280,-1.557710,ndi
1786508888.620205,5.117551,-0.008090,-0.044290,-1.557690,ndi
1786508888.635215,5.132562,-0.008090,-0.044300,-1.557650,ndi
1786508888.652698,5.150045,-0.008070,-0.044310,-1.557620,ndi
1786508888.670195,5.167541,-0.008060,-0.044300,-1.557610,ndi
1786508888.685210,5.182556,-0.008100,-0.044270,-1.557610,ndi
1786508888.702729,5.200075,-0.008100,-0.044250,-1.557590,ndi
1786508888.720240,5.217587,-0.008090,-0.044210,-1.557550,ndi
1786508888.735268,5.232615,-0.008100,-0.044180,-1.557510,ndi
1786508888.752744,5.250090,-0.008110,-0.044130,-1.557500,ndi
1786508888.770219,5.267566,-0.008110,-0.044100,-1.557470,ndi
1786508888.785220,5.282566,-0.008130,-0.044060,-1.557450,ndi
1786508888.802752,5.300099,-0.008130,-0.044010,-1.557430,ndi
1786508888.820217,5.317563,-0.008130,-0.043970,-1.557430,ndi
1786508888.835239,5.332585,-0.008140,-0.043950,-1.557390,ndi
1786508888.852711,5.350058,-0.008160,-0.043900,-1.557380,ndi
1786508888.870191,5.367537,-0.008170,-0.043850,-1.557360,ndi
1786508888.885270,5.382616,-0.008170,-0.043820,-1.557310,ndi
1786508888.902717,5.400064,-0.008160,-0.043800,-1.557270,ndi
1786508888.920219,5.417565,-0.008180,-0.043760,-1.557220,ndi
1786508888.935278,5.432625,-0.008190,-0.043720,-1.557220,ndi
1786508888.952748,5.450094,-0.008190,-0.043710,-1.557210,ndi
1786508888.970243,5.467589,-0.008200,-0.043690,-1.557170,ndi
1786508888.985224,5.482571,-0.008210,-0.043650,-1.557130,ndi
1786508889.002719,5.500066,-0.008220,-0.043600,-1.557070,ndi
1786508889.020232,5.517579,-0.008230,-0.043570,-1.557040,ndi
1786508889.035291,5.532637,-0.008230,-0.043540,-1.557010,ndi
1786508889.052743,5.550090,-0.008210,-0.043500,-1.556970,ndi
1786508889.070261,5.567607,-0.008240,-0.043460,-1.556940,ndi
1786508889.085290,5.582636,-0.008240,-0.043430,-1.556920,ndi
1786508889.102818,5.600165,-0.008260,-0.043380,-1.556870,ndi
1786508889.120299,5.617646,-0.008270,-0.043340,-1.556810,ndi
1786508889.135299,5.632646,-0.008260,-0.043310,-1.556800,ndi
1786508889.152746,5.650093,-0.008280,-0.043280,-1.556760,ndi
1786508889.170211,5.667557,-0.008300,-0.043240,-1.556750,ndi
1786508889.185254,5.682600,-0.008300,-0.043210,-1.556750,ndi
1786508889.202746,5.700093,-0.008300,-0.043180,-1.556720,ndi
1786508889.220226,5.717573,-0.008310,-0.043140,-1.556670,ndi
1786508889.235233,5.732579,-0.008320,-0.043090,-1.556620,ndi
1786508889.252734,5.750081,-0.008330,-0.043060,-1.556570,ndi
1786508889.270216,5.767563,-0.008340,-0.043030,-1.556560,ndi
1786508889.285229,5.782576,-0.008330,-0.042990,-1.556560,ndi
1786508889.302752,5.800099,-0.008340,-0.042970,-1.556500,ndi
1786508889.320237,5.817583,-0.008360,-0.042930,-1.556490,ndi
1786508889.335303,5.832650,-0.008360,-0.042900,-1.556460,ndi
1786508889.352746,5.850093,-0.008360,-0.042860,-1.556430,ndi
1786508889.370235,5.867582,-0.008370,-0.042840,-1.556390,ndi
1786508889.385286,5.882632,-0.008370,-0.042800,-1.556380,ndi
1786508889.402792,5.900138,-0.008400,-0.042770,-1.556370,ndi
1786508889.420244,5.917590,-0.008400,-0.042740,-1.556330,ndi
1786508889.435256,5.932603,-0.008400,-0.042710,-1.556330,ndi
1786508889.452878,5.950224,-0.008410,-0.042680,-1.556300,ndi
1786508889.467832,5.965179,-0.008420,-0.042650,-1.556280,ndi
1786508889.485224,5.982571,-0.008430,-0.042620,-1.556270,ndi
1786508889.502774,6.000121,-0.008430,-0.042600,-1.556230,ndi
1786508889.520254,6.017600,-0.008430,-0.042560,-1.556220,ndi
1786508889.535487,6.032834,-0.008430,-0.042550,-1.556180,ndi
1786508889.552753,6.050100,-0.008450,-0.042520,-1.556180,ndi
1786508889.570249,6.067595,-0.008460,-0.042480,-1.556170,ndi
1786508889.585260,6.082606,-0.008450,-0.042460,-1.556170,ndi
1786508889.602749,6.100096,-0.008470,-0.042430,-1.556100,ndi
1786508889.620215,6.117561,-0.008470,-0.042390,-1.556110,ndi
1786508889.635252,6.132599,-0.008480,-0.042350,-1.556090,ndi
1786508889.652721,6.150068,-0.008510,-0.042320,-1.556050,ndi
1786508889.667815,6.165162,-0.008490,-0.042290,-1.556050,ndi
1786508889.685256,6.182602,-0.008510,-0.042240,-1.555970,ndi
1786508889.702765,6.200111,-0.008520,-0.042200,-1.555980,ndi
1786508889.720232,6.217579,-0.008520,-0.042160,-1.555920,ndi
1786508889.735239,6.232586,-0.008540,-0.042110,-1.555850,ndi
1786508889.752728,6.250074,-0.008530,-0.042060,-1.555810,ndi
1786508889.770212,6.267559,-0.008550,-0.042030,-1.555800,ndi
1786508889.785229,6.282576,-0.008570,-0.042010,-1.555760,ndi
1786508889.802734,6.300081,-0.008570,-0.041970,-1.555720,ndi
1786508889.820228,6.317574,-0.008570,-0.041910,-1.555630,ndi
1786508889.835247,6.332594,-0.008580,-0.041880,-1.555630,ndi
1786508889.852750,6.350097,-0.008600,-0.041860,-1.555610,ndi
1786508889.870216,6.367563,-0.008600,-0.041800,-1.555590,ndi
1786508889.885251,6.382598,-0.008630,-0.041760,-1.555570,ndi
1786508889.902771,6.400117,-0.008620,-0.041730,-1.555520,ndi
1786508889.920249,6.417596,-0.008620,-0.041710,-1.555490,ndi
1786508889.935264,6.432610,-0.008650,-0.041660,-1.555440,ndi
1786508889.952732,6.450079,-0.008640,-0.041600,-1.555430,ndi
1786508889.970237,6.467583,-0.008660,-0.041590,-1.555400,ndi
1786508889.985250,6.482596,-0.008670,-0.041570,-1.555350,ndi
1786508890.002739,6.500086,-0.008680,-0.041510,-1.555330,ndi
1786508890.020259,6.517606,-0.008680,-0.041460,-1.555310,ndi
1786508890.035280,6.532627,-0.008690,-0.041440,-1.555280,ndi
1786508890.052788,6.550135,-0.008720,-0.041390,-1.555250,ndi
1786508890.070285,6.567631,-0.008710,-0.041340,-1.555240,ndi
1786508890.085301,6.582648,-0.008720,-0.041300,-1.555190,ndi
1786508890.102804,6.600151,-0.008730,-0.041290,-1.555180,ndi
1786508890.120312,6.617659,-0.008730,-0.041250,-1.555140,ndi
1786508890.135270,6.632617,-0.008750,-0.041190,-1.555080,ndi
1786508890.152769,6.650116,-0.008750,-0.041150,-1.555060,ndi
1786508890.170269,6.667615,-0.008780,-0.041130,-1.555050,ndi
1786508890.185303,6.682650,-0.008790,-0.041080,-1.555010,ndi
1786508890.202762,6.700108,-0.008800,-0.041030,-1.555000,ndi
1786508890.220247,6.717594,-0.008810,-0.040990,-1.554980,ndi
1786508890.235218,6.732565,-0.008820,-0.040970,-1.554910,ndi
1786508890.252728,6.750075,-0.008850,-0.040920,-1.554900,ndi
1786508890.267807,6.765153,-0.008850,-0.040870,-1.554890,ndi
1786508890.285283,6.782629,-0.008850,-0.040840,-1.554850,ndi
1786508890.302783,6.800130,-0.008860,-0.040830,-1.554810,ndi
1786508890.320254,6.817600,-0.008870,-0.040800,-1.554800,ndi
1786508890.335283,6.832630,-0.008870,-0.040740,-1.554790,ndi
1786508890.352749,6.850095,-0.008890,-0.040710,-1.554760,ndi
1786508890.370262,6.867608,-0.008900,-0.040700,-1.554720,ndi
1786508890.385269,6.882616,-0.008910,-0.040670,-1.554710,ndi
1786508890.402800,6.900147,-0.008930,-0.040610,-1.554690,ndi
1786508890.420250,6.917597,-0.008940,-0.040580,-1.554620,ndi
1786508890.435238,6.932585,-0.008940,-0.040570,-1.554630,ndi
1786508890.452768,6.950115,-0.008950,-0.040520,-1.554600,ndi
1786508890.470256,6.967602,-0.008970,-0.040460,-1.554560,ndi
1786508890.485274,6.982620,-0.008970,-0.040440,-1.554540,ndi
1786508890.502756,7.000103,-0.008990,-0.040430,-1.554520,ndi
1786508890.520255,7.017602,-0.009000,-0.040370,-1.554500,ndi
1786508890.535214,7.032561,-0.008990,-0.040330,-1.554450,ndi
1786508890.552751,7.050098,-0.009030,-0.040300,-1.554390,ndi
1786508890.567790,7.065137,-0.009030,-0.040280,-1.554360,ndi
1786508890.585271,7.082618,-0.009030,-0.040220,-1.554360,ndi
1786508890.602740,7.100086,-0.009050,-0.040170,-1.554350,ndi
1786508890.620252,7.117599,-0.009060,-0.040150,-1.554340,ndi
1786508890.635231,7.132578,-0.009080,-0.040120,-1.554310,ndi
1786508890.652764,7.150110,-0.009090,-0.040060,-1.554250,ndi
1786508890.670255,7.167602,-0.009100,-0.040030,-1.554240,ndi
1786508890.685252,7.182599,-0.009100,-0.040010,-1.554210,ndi
1786508890.702767,7.200114,-0.009110,-0.039950,-1.554150,ndi
1786508890.720278,7.217625,-0.009120,-0.039910,-1.554120,ndi
1786508890.735275,7.232622,-0.009130,-0.039880,-1.554090,ndi
1786508890.752748,7.250095,-0.009150,-0.039860,-1.554080,ndi
1786508890.767806,7.265152,-0.009150,-0.039810,-1.554090,ndi
1786508890.785259,7.282606,-0.009170,-0.039770,-1.554030,ndi
1786508890.802755,7.300102,-0.009180,-0.039750,-1.553980,ndi
1786508890.820221,7.317568,-0.009190,-0.039710,-1.553950,ndi
1786508890.835252,7.332598,-0.009210,-0.039670,-1.553920,ndi
1786508890.852780,7.350127,-0.009210,-0.039640,-1.553890,ndi
1786508890.870262,7.367609,-0.009220,-0.039610,-1.553850,ndi
1786508890.885262,7.382609,-0.009230,-0.039570,-1.553830,ndi
1786508890.902766,7.400113,-0.009230,-0.039520,-1.553780,ndi
1786508890.920271,7.417618,-0.009250,-0.039500,-1.553740,ndi
1786508890.935249,7.432596,-0.009260,-0.039480,-1.553690,ndi
1786508890.952761,7.450108,-0.009280,-0.039430,-1.553680,ndi
1786508890.967833,7.465179,-0.009280,-0.039390,-1.553660,ndi
1786508890.985255,7.482601,-0.009300,-0.039360,-1.553660,ndi
1786508891.002750,7.500096,-0.009300,-0.039320,-1.553600,ndi
1786508891.020243,7.517590,-0.009320,-0.039280,-1.553590,ndi
1786508891.035270,7.532617,-0.009340,-0.039250,-1.553550,ndi
1786508891.052804,7.550151,-0.009340,-0.039220,-1.553500,ndi
1786508891.067814,7.565161,-0.009360,-0.039190,-1.553490,ndi
1786508891.085277,7.582623,-0.009380,-0.039150,-1.553450,ndi
1786508891.102759,7.600106,-0.009370,-0.039130,-1.553450,ndi
1786508891.117816,7.615162,-0.009390,-0.039110,-1.553420,ndi
1786508891.135273,7.632620,-0.009400,-0.039060,-1.553370,ndi
1786508891.152741,7.650088,-0.009420,-0.039020,-1.553360,ndi
1786508891.170248,7.667594,-0.009430,-0.039000,-1.553330,ndi
1786508891.185262,7.682608,-0.009430,-0.038970,-1.553330,ndi
1786508891.202744,7.700090,-0.009440,-0.038930,-1.553280,ndi
1786508891.217807,7.715153,-0.009460,-0.038910,-1.553250,ndi
1786508891.235270,7.732616,-0.009470,-0.038880,-1.553210,ndi
1786508891.252787,7.750134,-0.009490,-0.038850,-1.553150,ndi
1786508891.270279,7.767625,-0.009500,-0.038810,-1.553150,ndi
1786508891.285278,7.782625,-0.009520,-0.038780,-1.553150,ndi
1786508891.302783,7.800130,-0.009520,-0.038760,-1.553130,ndi
1786508891.317830,7.815177,-0.009540,-0.038730,-1.553090,ndi
1786508891.335292,7.832639,-0.009550,-0.038680,-1.553060,ndi
1786508891.352778,7.850125,-0.009560,-0.038650,-1.553020,ndi
1786508891.370275,7.867622,-0.009590,-0.038630,-1.552970,ndi
1786508891.385278,7.882624,-0.009590,-0.038600,-1.552940,ndi
1786508891.402751,7.900098,-0.009610,-0.038550,-1.552920,ndi
1786508891.417838,7.915184,-0.009620,-0.038510,-1.552910,ndi
1786508891.435259,7.932606,-0.009630,-0.038480,-1.552850,ndi
1786508891.452812,7.950159,-0.009650,-0.038450,-1.552810,ndi
1786508891.470269,7.967616,-0.009650,-0.038400,-1.552780,ndi
1786508891.485292,7.982639,-0.009670,-0.038370,-1.552780,ndi
1786508891.502815,8.000161,-0.009680,-0.038350,-1.552740,ndi
1786508891.517831,8.015178,-0.009700,-0.038310,-1.552690,ndi
1786508891.535299,8.032646,-0.009710,-0.038260,-1.552700,ndi
1786508891.552758,8.050104,-0.009720,-0.038220,-1.552670,ndi
1786508891.570245,8.067591,-0.009750,-0.038200,-1.552650,ndi
1786508891.585255,8.082601,-0.009740,-0.038160,-1.552630,ndi
1786508891.602765,8.100112,-0.009780,-0.038120,-1.552620,ndi
1786508891.617821,8.115167,-0.009790,-0.038090,-1.552570,ndi
1786508891.635269,8.132616,-0.009790,-0.038050,-1.552540,ndi
1786508891.652821,8.150167,-0.009810,-0.038010,-1.552520,ndi
1786508891.667846,8.165193,-0.009830,-0.037980,-1.552500,ndi
1786508891.685308,8.182655,-0.009820,-0.037960,-1.552420,ndi
1786508891.702754,8.200101,-0.009840,-0.037910,-1.552400,ndi
1786508891.720296,8.217642,-0.009870,-0.037870,-1.552430,ndi
1786508891.735290,8.232636,-0.009870,-0.037850,-1.552370,ndi
1786508891.752773,8.250119,-0.009890,-0.037820,-1.552320,ndi
1786508891.770315,8.267662,-0.009900,-0.037770,-1.552290,ndi
1786508891.785256,8.282603,-0.009910,-0.037740,-1.552260,ndi
1786508891.802749,8.300096,-0.009930,-0.037710,-1.552220,ndi
1786508891.817841,8.315187,-0.009920,-0.037670,-1.552190,ndi
1786508891.835316,8.332663,-0.009950,-0.037630,-1.552160,ndi
1786508891.852859,8.350205,-0.009970,-0.037590,-1.552130,ndi
1786508891.870276,8.367623,-0.009980,-0.037570,-1.552070,ndi
1786508891.885303,8.382650,-0.009990,-0.037530,-1.552050,ndi
1786508891.902766,8.400112,-0.010010,-0.037490,-1.552020,ndi
1786508891.920268,8.417615,-0.010020,-0.037460,-1.551970,ndi
1786508891.935272,8.432619,-0.010040,-0.037430,-1.551980,ndi
1786508891.952777,8.450124,-0.010060,-0.037390,-1.551930,ndi
1786508891.970260,8.467607,-0.010070,-0.037350,-1.551900,ndi
1786508891.985263,8.482610,-0.010080,-0.037330,-1.551900,ndi
1786508892.002775,8.500122,-0.010120,-0.037300,-1.551850,ndi
1786508892.017836,8.515183,-0.010110,-0.037270,-1.551840,ndi
1786508892.035375,8.532722,-0.010120,-0.037230,-1.551820,ndi
1786508892.052820,8.550167,-0.010140,-0.037190,-1.551790,ndi
1786508892.070372,8.567719,-0.010170,-0.037160,-1.551750,ndi
1786508892.085339,8.582685,-0.010180,-0.037120,-1.551730,ndi
1786508892.102821,8.600168,-0.010190,-0.037100,-1.551730,ndi
1786508892.120353,8.617700,-0.010220,-0.037080,-1.551760,ndi
1786508892.135313,8.632660,-0.010220,-0.037050,-1.551690,ndi
1786508892.152768,8.650115,-0.010240,-0.037010,-1.551660,ndi
1786508892.170273,8.667620,-0.010260,-0.036980,-1.551600,ndi
1786508892.187262,8.684608,-0.010270,-0.036960,-1.551560,ndi
1786508892.202801,8.700148,-0.010290,-0.036920,-1.551550,ndi
1786508892.217826,8.715173,-0.010300,-0.036880,-1.551540,ndi
1786508892.235309,8.732656,-0.010320,-0.036850,-1.551510,ndi
1786508892.252795,8.750142,-0.010340,-0.036840,-1.551480,ndi
1786508892.270298,8.767645,-0.010340,-0.036800,-1.551440,ndi
1786508892.285294,8.782641,-0.010370,-0.036760,-1.551430,ndi
1786508892.302791,8.800138,-0.010390,-0.036720,-1.551400,ndi
1786508892.320278,8.817625,-0.010410,-0.036700,-1.551360,ndi
1786508892.335289,8.832636,-0.010430,-0.036670,-1.551340,ndi
1786508892.352767,8.850113,-0.010430,-0.036620,-1.551310,ndi
1786508892.370263,8.867610,-0.010450,-0.036600,-1.551270,ndi
1786508892.385292,8.882639,-0.010470,-0.036570,-1.551240,ndi
1786508892.402797,8.900144,-0.010480,-0.036530,-1.551210,ndi
1786508892.420310,8.917657,-0.010500,-0.036480,-1.551180,ndi
1786508892.435318,8.932664,-0.010500,-0.036460,-1.551160,ndi
1786508892.452790,8.950136,-0.010540,-0.036440,-1.551110,ndi
1786508892.470313,8.967660,-0.010550,-0.036400,-1.551070,ndi
1786508892.485276,8.982623,-0.010560,-0.036360,-1.551030,ndi
1786508892.502776,9.000123,-0.010590,-0.036340,-1.551010,ndi
1786508892.517840,9.015186,-0.010590,-0.036310,-1.551030,ndi
1786508892.535274,9.032620,-0.010610,-0.036270,-1.550980,ndi
1786508892.552779,9.050126,-0.010620,-0.036220,-1.550970,ndi
1786508892.570267,9.067613,-0.010630,-0.036200,-1.550970,ndi
1786508892.585283,9.082629,-0.010650,-0.036170,-1.550920,ndi
1786508892.602776,9.100123,-0.010660,-0.036130,-1.550890,ndi
1786508892.617845,9.115191,-0.010690,-0.036090,-1.550840,ndi
1786508892.635296,9.132643,-0.010690,-0.036070,-1.550800,ndi
1786508892.652775,9.150121,-0.010710,-0.036040,-1.550780,ndi
1786508892.670323,9.167670,-0.010730,-0.036000,-1.550790,ndi
1786508892.685283,9.182630,-0.010730,-0.035970,-1.550750,ndi
1786508892.702780,9.200127,-0.010770,-0.035940,-1.550690,ndi
1786508892.720306,9.217653,-0.010770,-0.035910,-1.550670,ndi
1786508892.735297,9.232644,-0.010780,-0.035890,-1.550660,ndi
1786508892.752778,9.250124,-0.010800,-0.035850,-1.550630,ndi
1786508892.770453,9.267800,-0.010830,-0.035790,-1.550580,ndi
1786508892.785278,9.282625,-0.010840,-0.035760,-1.550520,ndi
1786508892.802787,9.300134,-0.010850,-0.035730,-1.550490,ndi
1786508892.820302,9.317648,-0.010870,-0.035690,-1.550450,ndi
1786508892.835314,9.332660,-0.010870,-0.035650,-1.550440,ndi
1786508892.852815,9.350162,-0.010900,-0.035630,-1.550420,ndi
1786508892.870322,9.367668,-0.010930,-0.035610,-1.550390,ndi
1786508892.885297,9.382643,-0.010930,-0.035570,-1.550370,ndi
1786508892.902805,9.400152,-0.010960,-0.035540,-1.550350,ndi
1786508892.920291,9.417638,-0.010970,-0.035530,-1.550300,ndi
1786508892.935295,9.432642,-0.010990,-0.035510,-1.550300,ndi
1786508892.952760,9.450107,-0.011010,-0.035460,-1.550230,ndi
1786508892.970279,9.467626,-0.011020,-0.035440,-1.550210,ndi
1786508892.985280,9.482626,-0.011040,-0.035430,-1.550200,ndi
1786508893.002815,9.500161,-0.011050,-0.035400,-1.550170,ndi
1786508893.022811,9.520158,-0.011070,-0.035350,-1.550110,ndi
1786508893.035348,9.532695,-0.011100,-0.035330,-1.550100,ndi
1786508893.052819,9.550165,-0.011110,-0.035320,-1.550090,ndi
1786508893.067991,9.565337,-0.011120,-0.035290,-1.550060,ndi
1786508893.085370,9.582716,-0.011150,-0.035240,-1.550050,ndi
1786508893.102846,9.600193,-0.011170,-0.035220,-1.549980,ndi
1786508893.120313,9.617660,-0.011180,-0.035200,-1.549980,ndi
1786508893.135286,9.632632,-0.011190,-0.035160,-1.549990,ndi
1786508893.152810,9.650157,-0.011220,-0.035120,-1.549940,ndi
1786508893.167848,9.665195,-0.011240,-0.035100,-1.549900,ndi
1786508893.185308,9.682654,-0.011250,-0.035060,-1.549850,ndi
1786508893.202815,9.700161,-0.011270,-0.035030,-1.549850,ndi
1786508893.220319,9.717665,-0.011290,-0.034990,-1.549810,ndi
1786508893.235316,9.732662,-0.011320,-0.034960,-1.549820,ndi
1786508893.252795,9.750142,-0.011320,-0.034930,-1.549760,ndi
1786508893.270329,9.767676,-0.011340,-0.034900,-1.549750,ndi
1786508893.285311,9.782658,-0.011360,-0.034870,-1.549690,ndi
1786508893.302809,9.800155,-0.011380,-0.034840,-1.549700,ndi
1786508893.320302,9.817648,-0.011400,-0.034810,-1.549680,ndi
1786508893.335314,9.832660,-0.011410,-0.034780,-1.549620,ndi
1786508893.352748,9.850095,-0.011440,-0.034740,-1.549570,ndi
1786508893.370293,9.867640,-0.011460,-0.034700,-1.549550,ndi
1786508893.385308,9.882655,-0.011480,-0.034680,-1.549520,ndi
1786508893.402850,9.900197,-0.011500,-0.034640,-1.549490,ndi
1786508893.420322,9.917669,-0.011510,-0.034600,-1.549460,ndi
1786508893.435318,9.932664,-0.011520,-0.034580,-1.549450,ndi
1786508893.454778,9.952125,-0.011540,-0.034550,-1.549410,ndi
1786508893.470332,9.967679,-0.011570,-0.034510,-1.549350,ndi
1786508893.485301,9.982648,-0.011590,-0.034470,-1.549350,ndi
1786508893.502794,10.000141,-0.011600,-0.034440,-1.549330,ndi
1786508893.520293,10.017639,-0.011620,-0.034420,-1.549300,ndi
1786508893.535281,10.032628,-0.011640,-0.034390,-1.549250,ndi
1786508893.552759,10.050105,-0.011660,-0.034330,-1.549220,ndi
1786508893.570292,10.067638,-0.011670,-0.034310,-1.549210,ndi
1786508893.585314,10.082661,-0.011690,-0.034300,-1.549140,ndi
1786508893.602806,10.100152,-0.011710,-0.034250,-1.549180,ndi
1786508893.620348,10.117694,-0.011740,-0.034200,-1.549110,ndi
1786508893.635336,10.132682,-0.011740,-0.034190,-1.549090,ndi
1786508893.652775,10.150121,-0.011760,-0.034180,-1.549040,ndi
1786508893.670344,10.167691,-0.011780,-0.034130,-1.549020,ndi
1786508893.685309,10.182655,-0.011800,-0.034080,-1.549030,ndi
1786508893.702815,10.200161,-0.011830,-0.034070,-1.548950,ndi
1786508893.720301,10.217648,-0.011840,-0.034040,-1.548940,ndi
1786508893.735291,10.232637,-0.011860,-0.034000,-1.548930,ndi
1786508893.752801,10.250148,-0.011880,-0.033970,-1.548870,ndi
1786508893.770288,10.267635,-0.011900,-0.033950,-1.548860,ndi
1786508893.785303,10.282650,-0.011930,-0.033930,-1.548820,ndi
1786508893.802809,10.300156,-0.011950,-0.033870,-1.548790,ndi
1786508893.820305,10.317652,-0.011960,-0.033840,-1.548780,ndi
1786508893.835314,10.332661,-0.011970,-0.033840,-1.548760,ndi
1786508893.852799,10.350146,-0.012000,-0.033790,-1.548740,ndi
1786508893.870455,10.367801,-0.012020,-0.033740,-1.548720,ndi
1786508893.885347,10.382694,-0.012040,-0.033740,-1.548670,ndi
1786508893.902814,10.400161,-0.012050,-0.033720,-1.548670,ndi
1786508893.920297,10.417644,-0.012060,-0.033680,-1.548630,ndi
1786508893.935300,10.432647,-0.012080,-0.033640,-1.548570,ndi
1786508893.952795,10.450141,-0.012110,-0.033620,-1.548560,ndi
1786508893.970301,10.467648,-0.012120,-0.033600,-1.548490,ndi
1786508893.985329,10.482676,-0.012140,-0.033560,-1.548500,ndi
1786508894.002825,10.500172,-0.012160,-0.033520,-1.548460,ndi
1786508894.020327,10.517674,-0.012180,-0.033510,-1.548450,ndi
1786508894.035343,10.532690,-0.012190,-0.033490,-1.548410,ndi
1786508894.052805,10.550152,-0.012220,-0.033440,-1.548370,ndi
1786508894.070335,10.567681,-0.012240,-0.033410,-1.548370,ndi
1786508894.085354,10.582701,-0.012250,-0.033390,-1.548350,ndi
1786508894.102806,10.600152,-0.012280,-0.033360,-1.548320,ndi
1786508894.120323,10.617670,-0.012300,-0.033310,-1.548300,ndi
1786508894.135301,10.632648,-0.012320,-0.033290,-1.548290,ndi
1786508894.152805,10.650151,-0.012340,-0.033280,-1.548250,ndi
1786508894.170316,10.667663,-0.012350,-0.033230,-1.548180,ndi
1786508894.185350,10.682697,-0.012370,-0.033190,-1.548190,ndi
1786508894.202824,10.700170,-0.012390,-0.033170,-1.548150,ndi
1786508894.220333,10.717680,-0.012400,-0.033150,-1.548150,ndi
1786508894.235351,10.732698,-0.012420,-0.033110,-1.548130,ndi
1786508894.252821,10.750168,-0.012450,-0.033080,-1.548090,ndi
1786508894.270290,10.767636,-0.012470,-0.033050,-1.548070,ndi
1786508894.285358,10.782704,-0.012480,-0.033010,-1.548020,ndi
1786508894.302796,10.800143,-0.012520,-0.032960,-1.548010,ndi
1786508894.320297,10.817644,-0.012540,-0.032930,-1.547980,ndi
1786508894.335495,10.832842,-0.012550,-0.032920,-1.547970,ndi
1786508894.352814,10.850161,-0.012570,-0.032890,-1.547930,ndi
1786508894.370290,10.867636,-0.012600,-0.032840,-1.547910,ndi
1786508894.385337,10.882683,-0.012610,-0.032810,-1.547890,ndi
1786508894.402857,10.900203,-0.012630,-0.032800,-1.547870,ndi
1786508894.420345,10.917691,-0.012660,-0.032750,-1.547830,ndi
1786508894.435303,10.932650,-0.012670,-0.032710,-1.547830,ndi
1786508894.452825,10.950171,-0.012710,-0.032690,-1.547800,ndi
1786508894.470324,10.967671,-0.012740,-0.032680,-1.547760,ndi
1786508894.485345,10.982692,-0.012740,-0.032640,-1.547710,ndi
1786508894.502800,11.000147,-0.012760,-0.032590,-1.547710,ndi
1786508894.520316,11.017662,-0.012790,-0.032570,-1.547660,ndi
1786508894.535324,11.032670,-0.012810,-0.032540,-1.547640,ndi
1786508894.552817,11.050164,-0.012830,-0.032500,-1.547600,ndi
1786508894.568029,11.065375,-0.012850,-0.032470,-1.547580,ndi
1786508894.585388,11.082735,-0.012870,-0.032450,-1.547540,ndi
1786508894.602832,11.100179,-0.012900,-0.032410,-1.547500,ndi
1786508894.620341,11.117687,-0.012910,-0.032360,-1.547510,ndi
1786508894.635312,11.132658,-0.012940,-0.032340,-1.547490,ndi
1786508894.652798,11.150145,-0.012950,-0.032320,-1.547420,ndi
1786508894.670338,11.167685,-0.012970,-0.032270,-1.547390,ndi
1786508894.685335,11.182682,-0.013000,-0.032230,-1.547390,ndi
1786508894.702793,11.200139,-0.013020,-0.032210,-1.547350,ndi
1786508894.720286,11.217633,-0.013040,-0.032190,-1.547280,ndi
1786508894.735315,11.232661,-0.013060,-0.032150,-1.547280,ndi
1786508894.752812,11.250159,-0.013070,-0.032110,-1.547220,ndi
1786508894.770328,11.267674,-0.013090,-0.032100,-1.547210,ndi
1786508894.785341,11.282688,-0.013120,-0.032070,-1.547190,ndi
1786508894.802850,11.300196,-0.013120,-0.032030,-1.547130,ndi
1786508894.820338,11.317684,-0.013140,-0.032000,-1.547100,ndi
1786508894.835322,11.332669,-0.013170,-0.031990,-1.547050,ndi
1786508894.852824,11.350170,-0.013180,-0.031960,-1.547020,ndi
1786508894.870321,11.367667,-0.013200,-0.031900,-1.547030,ndi
1786508894.885324,11.382670,-0.013230,-0.031880,-1.547010,ndi
1786508894.902806,11.400153,-0.013240,-0.031870,-1.546980,ndi
1786508894.920337,11.417684,-0.013270,-0.031820,-1.546940,ndi
1786508894.935350,11.432697,-0.013270,-0.031790,-1.546940,ndi
1786508894.952856,11.450202,-0.013300,-0.031780,-1.546880,ndi
1786508894.970347,11.467694,-0.013320,-0.031750,-1.546840,ndi
1786508894.985395,11.482741,-0.013340,-0.031710,-1.546830,ndi
1786508895.002832,11.500178,-0.013360,-0.031680,-1.546820,ndi
1786508895.020293,11.517639,-0.013370,-0.031670,-1.546780,ndi
1786508895.035329,11.532676,-0.013380,-0.031630,-1.546770,ndi
1786508895.052827,11.550174,-0.013420,-0.031590,-1.546720,ndi
1786508895.070321,11.567667,-0.013460,-0.031570,-1.546700,ndi
1786508895.085313,11.582660,-0.013450,-0.031540,-1.546670,ndi
1786508895.102802,11.600149,-0.013470,-0.031500,-1.546630,ndi
1786508895.120305,11.617651,-0.013510,-0.031480,-1.546620,ndi
1786508895.135330,11.632677,-0.013510,-0.031450,-1.546590,ndi
1786508895.152858,11.650205,-0.013540,-0.031430,-1.546550,ndi
1786508895.170342,11.667689,-0.013570,-0.031380,-1.546510,ndi
1786508895.185359,11.682706,-0.013580,-0.031360,-1.546500,ndi
1786508895.202857,11.700204,-0.013600,-0.031340,-1.546470,ndi
1786508895.220351,11.717698,-0.013630,-0.031310,-1.546420,ndi
1786508895.235345,11.732691,-0.013640,-0.031270,-1.546420,ndi
1786508895.252844,11.750191,-0.013670,-0.031260,-1.546390,ndi
1786508895.267955,11.765301,-0.013680,-0.031230,-1.546370,ndi
1786508895.285319,11.782665,-0.013710,-0.031190,-1.546330,ndi
1786508895.302799,11.800146,-0.013740,-0.031150,-1.546290,ndi
1786508895.320326,11.817672,-0.013760,-0.031130,-1.546280,ndi
1786508895.335319,11.832665,-0.013770,-0.031110,-1.546260,ndi
1786508895.352829,11.850176,-0.013800,-0.031060,-1.546240,ndi
1786508895.370321,11.867667,-0.013810,-0.031020,-1.546210,ndi
1786508895.385384,11.882730,-0.013840,-0.031000,-1.546180,ndi
1786508895.402883,11.900229,-0.013850,-0.030970,-1.546180,ndi
1786508895.420351,11.917698,-0.013880,-0.030930,-1.546120,ndi
1786508895.435348,11.932695,-0.013890,-0.030900,-1.546090,ndi
1786508895.452846,11.950192,-0.013910,-0.030890,-1.546080,ndi
1786508895.470354,11.967700,-0.013940,-0.030860,-1.546040,ndi
1786508895.485324,11.982671,-0.013960,-0.030810,-1.546030,ndi
1786508895.502810,12.000157,-0.013980,-0.030780,-1.546010,ndi
1786508895.520317,12.017664,-0.013990,-0.030770,-1.545970,ndi
1786508895.535369,12.032716,-0.014010,-0.030740,-1.545930,ndi
1786508895.552845,12.050192,-0.014040,-0.030690,-1.545910,ndi
1786508895.570347,12.067694,-0.014060,-0.030650,-1.545890,ndi
1786508895.585382,12.082728,-0.014070,-0.030650,-1.545840,ndi
1786508895.602817,12.100163,-0.014100,-0.030610,-1.545820,ndi
1786508895.620314,12.117661,-0.014120,-0.030560,-1.545780,ndi
1786508895.635350,12.132696,-0.014140,-0.030530,-1.545780,ndi
1786508895.652841,12.150188,-0.014160,-0.030520,-1.545720,ndi
1786508895.670332,12.167679,-0.014170,-0.030480,-1.545670,ndi
1786508895.685310,12.182656,-0.014210,-0.030450,-1.545660,ndi
1786508895.702817,12.200163,-0.014220,-0.030420,-1.545660,ndi
1786508895.720393,12.217740,-0.014240,-0.030410,-1.545630,ndi
1786508895.735372,12.232719,-0.014260,-0.030370,-1.545610,ndi
1786508895.752848,12.250195,-0.014260,-0.030330,-1.545560,ndi
1786508895.770304,12.267651,-0.014310,-0.030310,-1.545540,ndi
1786508895.785425,12.282772,-0.014310,-0.030300,-1.545480,ndi
1786508895.802828,12.300175,-0.014330,-0.030250,-1.545440,ndi
1786508895.818018,12.315364,-0.014370,-0.030210,-1.545410,ndi
1786508895.835357,12.332704,-0.014390,-0.030180,-1.545370,ndi
1786508895.852858,12.350205,-0.014410,-0.030160,-1.545350,ndi
1786508895.870328,12.367674,-0.014420,-0.030120,-1.545310,ndi
1786508895.885342,12.382688,-0.014450,-0.030090,-1.545300,ndi
1786508895.902836,12.400182,-0.014460,-0.030080,-1.545310,ndi
1786508895.920331,12.417677,-0.014490,-0.030040,-1.545260,ndi
1786508895.935348,12.432695,-0.014510,-0.030010,-1.545220,ndi
1786508895.952848,12.450195,-0.014530,-0.029990,-1.545220,ndi
1786508895.970341,12.467688,-0.014560,-0.029960,-1.545190,ndi
1786508895.985461,12.482807,-0.014560,-0.029930,-1.545170,ndi
1786508896.002884,12.500231,-0.014580,-0.029900,-1.545170,ndi
1786508896.017895,12.515242,-0.014620,-0.029890,-1.545140,ndi
1786508896.035352,12.532698,-0.014620,-0.029860,-1.545080,ndi
1786508896.052838,12.550184,-0.014650,-0.029810,-1.545090,ndi
1786508896.070336,12.567683,-0.014680,-0.029800,-1.545090,ndi
1786508896.085308,12.582654,-0.014690,-0.029780,-1.545010,ndi
1786508896.102844,12.600191,-0.014710,-0.029740,-1.545010,ndi
1786508896.117904,12.615251,-0.014730,-0.029700,-1.545010,ndi
1786508896.135379,12.632725,-0.014750,-0.029690,-1.544960,ndi
1786508896.152862,12.650208,-0.014780,-0.029660,-1.544930,ndi
1786508896.170353,12.667700,-0.014800,-0.029610,-1.544930,ndi
1786508896.185357,12.682704,-0.014820,-0.029580,-1.544890,ndi
1786508896.202868,12.700215,-0.014840,-0.029560,-1.544840,ndi
1786508896.220345,12.717692,-0.014860,-0.029530,-1.544800,ndi
1786508896.235360,12.732707,-0.014880,-0.029490,-1.544780,ndi
1786508896.252849,12.750195,-0.014910,-0.029450,-1.544760,ndi
1786508896.270344,12.767691,-0.014920,-0.029440,-1.544690,ndi
1786508896.285338,12.782685,-0.014950,-0.029410,-1.544720,ndi
1786508896.302846,12.800193,-0.014970,-0.029370,-1.544680,ndi
1786508896.320367,12.817713,-0.014990,-0.029340,-1.544630,ndi
1786508896.335364,12.832711,-0.015020,-0.029320,-1.544610,ndi
1786508896.352840,12.850187,-0.015030,-0.029280,-1.544600,ndi
1786508896.370350,12.867697,-0.015060,-0.029240,-1.544510,ndi
1786508896.385331,12.882678,-0.015080,-0.029210,-1.544490,ndi
1786508896.402911,12.900258,-0.015110,-0.029200,-1.544470,ndi
1786508896.420365,12.917712,-0.015140,-0.029160,-1.544440,ndi
1786508896.435361,12.932707,-0.015150,-0.029130,-1.544410,ndi
1786508896.452840,12.950186,-0.015160,-0.029100,-1.544410,ndi
1786508896.470345,12.967691,-0.015190,-0.029080,-1.544370,ndi
1786508896.485362,12.982708,-0.015210,-0.029050,-1.544350,ndi
1786508896.502869,13.000215,-0.015240,-0.029010,-1.544320,ndi
1786508896.520377,13.017723,-0.015270,-0.028990,-1.544290,ndi
1786508896.535365,13.032712,-0.015280,-0.028960,-1.544240,ndi
1786508896.552861,13.050207,-0.015310,-0.028920,-1.544210,ndi
1786508896.570356,13.067702,-0.015330,-0.028880,-1.544170,ndi
1786508896.585351,13.082698,-0.015350,-0.028860,-1.544180,ndi
1786508896.602832,13.100178,-0.015390,-0.028840,-1.544130,ndi
1786508896.620363,13.117710,-0.015400,-0.028820,-1.544120,ndi
1786508896.635368,13.132714,-0.015410,-0.028780,-1.544100,ndi
1786508896.652859,13.150206,-0.015440,-0.028760,-1.544090,ndi
1786508896.670298,13.167645,-0.015450,-0.028730,-1.544080,ndi
1786508896.685353,13.182699,-0.015480,-0.028710,-1.544080,ndi
1786508896.702857,13.200204,-0.015490,-0.028680,-1.544010,ndi
1786508896.720380,13.217727,-0.015510,-0.028660,-1.543990,ndi
1786508896.735374,13.232720,-0.015530,-0.028650,-1.543980,ndi
1786508896.752864,13.250211,-0.015540,-0.028610,-1.543930,ndi
1786508896.770368,13.267715,-0.015570,-0.028570,-1.543920,ndi
1786508896.785351,13.282697,-0.015590,-0.028560,-1.543910,ndi
1786508896.802871,13.300217,-0.015610,-0.028540,-1.543850,ndi
1786508896.820365,13.317712,-0.015620,-0.028500,-1.543800,ndi
1786508896.835389,13.332736,-0.015650,-0.028470,-1.543800,ndi
1786508896.852840,13.350187,-0.015660,-0.028450,-1.543740,ndi
1786508896.870347,13.367694,-0.015690,-0.028430,-1.543740,ndi
1786508896.885366,13.382713,-0.015720,-0.028390,-1.543730,ndi
1786508896.902854,13.400200,-0.015720,-0.028350,-1.543700,ndi
1786508896.920376,13.417723,-0.015750,-0.028340,-1.543650,ndi
1786508896.935360,13.432707,-0.015780,-0.028320,-1.543620,ndi
1786508896.952868,13.450214,-0.015780,-0.028270,-1.543600,ndi
1786508896.967891,13.465238,-0.015810,-0.028250,-1.543600,ndi
1786508896.985340,13.482687,-0.015830,-0.028230,-1.543570,ndi
1786508897.002851,13.500198,-0.015870,-0.028200,-1.543520,ndi
1786508897.018064,13.515411,-0.015880,-0.028170,-1.543500,ndi
1786508897.035362,13.532709,-0.015900,-0.028150,-1.543470,ndi
1786508897.052909,13.550256,-0.015920,-0.028120,-1.543430,ndi
1786508897.068058,13.565404,-0.015940,-0.028090,-1.543420,ndi
1786508897.085377,13.582724,-0.015970,-0.028060,-1.543410,ndi
1786508897.102875,13.600222,-0.015990,-0.028040,-1.543360,ndi
1786508897.120373,13.617719,-0.016010,-0.028000,-1.543330,ndi
1786508897.135371,13.632717,-0.016030,-0.027980,-1.543340,ndi
1786508897.152856,13.650203,-0.016050,-0.027940,-1.543280,ndi
1786508897.170374,13.667720,-0.016080,-0.027920,-1.543230,ndi
1786508897.185350,13.682696,-0.016110,-0.027890,-1.543250,ndi
1786508897.202871,13.700218,-0.016120,-0.027850,-1.543210,ndi
1786508897.220354,13.717700,-0.016140,-0.027820,-1.543180,ndi
1786508897.235374,13.732721,-0.016180,-0.027800,-1.543130,ndi
1786508897.252819,13.750166,-0.016200,-0.027770,-1.543130,ndi
1786508897.270351,13.767697,-0.016210,-0.027740,-1.543130,ndi
1786508897.285362,13.782709,-0.016230,-0.027710,-1.543080,ndi
1786508897.302896,13.800243,-0.016260,-0.027690,-1.543050,ndi
1786508897.320378,13.817725,-0.016270,-0.027650,-1.543050,ndi
1786508897.335378,13.832724,-0.016290,-0.027630,-1.543010,ndi
1786508897.352850,13.850197,-0.016320,-0.027600,-1.542960,ndi
1786508897.367905,13.865252,-0.016340,-0.027580,-1.542960,ndi
1786508897.385371,13.882718,-0.016360,-0.027540,-1.542920,ndi
1786508897.402913,13.900259,-0.016390,-0.027500,-1.542900,ndi
1786508897.420384,13.917730,-0.016420,-0.027460,-1.542870,ndi
1786508897.435365,13.932712,-0.016430,-0.027440,-1.542840,ndi
1786508897.452830,13.950177,-0.016450,-0.027410,-1.542800,ndi
1786508897.470376,13.967723,-0.016490,-0.027380,-1.542750,ndi
1786508897.485387,13.982733,-0.016500,-0.027360,-1.542740,ndi
1786508897.502864,14.000211,-0.016510,-0.027330,-1.542690,ndi
1786508897.520359,14.017705,-0.016550,-0.027290,-1.542700,ndi
1786508897.535390,14.032737,-0.016560,-0.027260,-1.542650,ndi
1786508897.552850,14.050196,-0.016590,-0.027250,-1.542590,ndi
1786508897.570366,14.067713,-0.016610,-0.027210,-1.542580,ndi
1786508897.585387,14.082734,-0.016620,-0.027180,-1.542590,ndi
1786508897.602861,14.100208,-0.016660,-0.027170,-1.542560,ndi
1786508897.620351,14.117697,-0.016670,-0.027150,-1.542510,ndi
1786508897.635370,14.132716,-0.016690,-0.027110,-1.542460,ndi
1786508897.652839,14.150186,-0.016730,-0.027070,-1.542440,ndi
1786508897.670387,14.167734,-0.016740,-0.027060,-1.542400,ndi
1786508897.685391,14.182738,-0.016770,-0.027040,-1.542380,ndi
1786508897.702888,14.200235,-0.016780,-0.027000,-1.542370,ndi
1786508897.720348,14.217695,-0.016800,-0.026970,-1.542330,ndi
1786508897.735370,14.232716,-0.016830,-0.026970,-1.542270,ndi
1786508897.752872,14.250219,-0.016830,-0.026930,-1.542270,ndi
1786508897.768045,14.265392,-0.016870,-0.026890,-1.542230,ndi
1786508897.785389,14.282736,-0.016900,-0.026870,-1.542230,ndi
1786508897.802929,14.300276,-0.016900,-0.026870,-1.542200,ndi
1786508897.820373,14.317719,-0.016920,-0.026820,-1.542220,ndi
1786508897.835368,14.332714,-0.016940,-0.026770,-1.542170,ndi
1786508897.852876,14.350222,-0.016980,-0.026770,-1.542130,ndi
1786508897.867906,14.365252,-0.017000,-0.026770,-1.542060,ndi
1786508897.885388,14.382734,-0.017030,-0.026700,-1.542060,ndi
1786508897.902892,14.400239,-0.017040,-0.026650,-1.542050,ndi
1786508897.920372,14.417718,-0.017060,-0.026650,-1.542020,ndi
1786508897.935417,14.432764,-0.017090,-0.026640,-1.542000,ndi
1786508897.952900,14.450247,-0.017110,-0.026580,-1.541990,ndi
1786508897.970402,14.467749,-0.017140,-0.026550,-1.541990,ndi
1786508897.985414,14.482760,-0.017150,-0.026570,-1.541920,ndi
1786508898.002952,14.500299,-0.017170,-0.026540,-1.541900,ndi
1786508898.018046,14.515393,-0.017220,-0.026480,-1.541880,ndi
1786508898.037336,14.534683,-0.017230,-0.026450,-1.541850,ndi
1786508898.052876,14.550222,-0.017260,-0.026460,-1.541880,ndi
1786508898.070399,14.567746,-0.017290,-0.026430,-1.541810,ndi
1786508898.085421,14.582767,-0.017300,-0.026370,-1.541800,ndi
1786508898.102917,14.600264,-0.017330,-0.026340,-1.541750,ndi
1786508898.118017,14.615364,-0.017350,-0.026340,-1.541720,ndi
1786508898.135423,14.632770,-0.017370,-0.026300,-1.541700,ndi
1786508898.152868,14.650215,-0.017390,-0.026240,-1.541710,ndi
1786508898.167966,14.665313,-0.017430,-0.026230,-1.541660,ndi
1786508898.185392,14.682739,-0.017460,-0.026220,-1.541630,ndi
1786508898.202965,14.700311,-0.017460,-0.026180,-1.541630,ndi
1786508898.220374,14.717721,-0.017500,-0.026130,-1.541550,ndi
1786508898.235378,14.732725,-0.017530,-0.026120,-1.541530,ndi
1786508898.252876,14.750222,-0.017530,-0.026100,-1.541530,ndi
1786508898.267989,14.765336,-0.017580,-0.026070,-1.541460,ndi
1786508898.285415,14.782762,-0.017590,-0.026030,-1.541450,ndi
1786508898.302881,14.800228,-0.017610,-0.026010,-1.541440,ndi
1786508898.318031,14.815378,-0.017650,-0.026000,-1.541390,ndi
1786508898.335376,14.832722,-0.017650,-0.025960,-1.541370,ndi
1786508898.352899,14.850245,-0.017680,-0.025920,-1.541380,ndi
1786508898.370366,14.867712,-0.017720,-0.025900,-1.541320,ndi
1786508898.385392,14.882739,-0.017720,-0.025890,-1.541310,ndi
1786508898.402945,14.900291,-0.017770,-0.025850,-1.541280,ndi
1786508898.420391,14.917737,-0.017790,-0.025810,-1.541220,ndi
1786508898.435389,14.932736,-0.017820,-0.025790,-1.541200,ndi
1786508898.452902,14.950248,-0.017840,-0.025770,-1.541170,ndi
1786508898.467994,14.965341,-0.017880,-0.025740,-1.541180,ndi
1786508898.485421,14.982767,-0.017880,-0.025700,-1.541150,ndi
1786508898.502901,15.000247,-0.017920,-0.025680,-1.541090,ndi
1786508898.517986,15.015332,-0.017940,-0.025670,-1.541060,ndi
1786508898.535406,15.032753,-0.017950,-0.025630,-1.541060,ndi
1786508898.552895,15.050241,-0.017990,-0.025600,-1.541030,ndi
1786508898.567991,15.065337,-0.018010,-0.025590,-1.541010,ndi
1786508898.585413,15.082760,-0.018020,-0.025570,-1.541000,ndi
1786508898.602880,15.100226,-0.018060,-0.025520,-1.540950,ndi
1786508898.620541,15.117887,-0.018100,-0.025500,-1.540930,ndi
1786508898.635465,15.132812,-0.018110,-0.025490,-1.540920,ndi
1786508898.652877,15.150224,-0.018140,-0.025460,-1.540850,ndi
1786508898.670398,15.167745,-0.018150,-0.025430,-1.540830,ndi
1786508898.685409,15.182755,-0.018180,-0.025400,-1.540790,ndi
1786508898.702910,15.200256,-0.018200,-0.025390,-1.540750,ndi
1786508898.720423,15.217770,-0.018230,-0.025360,-1.540730,ndi
1786508898.735425,15.232772,-0.018250,-0.025320,-1.540700,ndi
1786508898.752916,15.250263,-0.018270,-0.025300,-1.540660,ndi
1786508898.768069,15.265415,-0.018290,-0.025290,-1.540640,ndi
1786508898.785412,15.282758,-0.018320,-0.025260,-1.540640,ndi
1786508898.802897,15.300244,-0.018340,-0.025220,-1.540620,ndi
1786508898.820384,15.317731,-0.018370,-0.025200,-1.540580,ndi
1786508898.835385,15.332732,-0.018390,-0.025180,-1.540570,ndi
1786508898.852902,15.350248,-0.018430,-0.025160,-1.540530,ndi
1786508898.868001,15.365348,-0.018460,-0.025120,-1.540480,ndi
1786508898.885426,15.382772,-0.018470,-0.025080,-1.540460,ndi
1786508898.902921,15.400268,-0.018490,-0.025070,-1.540420,ndi
1786508898.920372,15.417719,-0.018520,-0.025050,-1.540400,ndi
1786508898.935444,15.432790,-0.018550,-0.025030,-1.540380,ndi
1786508898.952892,15.450239,-0.018570,-0.025000,-1.540380,ndi
1786508898.967992,15.465338,-0.018590,-0.024980,-1.540340,ndi
1786508898.985402,15.482748,-0.018610,-0.024960,-1.540320,ndi
1786508899.002862,15.500209,-0.018630,-0.024930,-1.540270,ndi
1786508899.020369,15.517716,-0.018670,-0.024890,-1.540260,ndi
1786508899.035404,15.532750,-0.018700,-0.024870,-1.540220,ndi
1786508899.052918,15.550264,-0.018720,-0.024850,-1.540220,ndi
1786508899.070405,15.567751,-0.018740,-0.024800,-1.540160,ndi
1786508899.085407,15.582754,-0.018780,-0.024770,-1.540140,ndi
1786508899.102914,15.600261,-0.018790,-0.024760,-1.540110,ndi
1786508899.120415,15.617762,-0.018830,-0.024740,-1.540110,ndi
1786508899.135428,15.632775,-0.018850,-0.024710,-1.540070,ndi
1786508899.152939,15.650286,-0.018870,-0.024660,-1.540060,ndi
1786508899.168005,15.665351,-0.018910,-0.024650,-1.540050,ndi
1786508899.185405,15.682752,-0.018930,-0.024630,-1.539990,ndi
1786508899.203028,15.700375,-0.018970,-0.024600,-1.539970,ndi
1786508899.220407,15.717754,-0.019000,-0.024550,-1.539960,ndi
1786508899.235422,15.732769,-0.019010,-0.024530,-1.539930,ndi
1786508899.252893,15.750240,-0.019050,-0.024520,-1.539910,ndi
1786508899.268010,15.765356,-0.019080,-0.024490,-1.539910,ndi
1786508899.285434,15.782780,-0.019090,-0.024460,-1.539850,ndi
1786508899.302917,15.800264,-0.019110,-0.024440,-1.539820,ndi
1786508899.317996,15.815342,-0.019140,-0.024410,-1.539790,ndi
1786508899.335403,15.832749,-0.019180,-0.024380,-1.539790,ndi
1786508899.352908,15.850255,-0.019190,-0.024350,-1.539740,ndi
1786508899.367991,15.865337,-0.019220,-0.024340,-1.539710,ndi
1786508899.385384,15.882731,-0.019250,-0.024310,-1.539690,ndi
1786508899.402892,15.900238,-0.019300,-0.024280,-1.539670,ndi
1786508899.420424,15.917771,-0.019300,-0.024250,-1.539660,ndi
1786508899.435463,15.932810,-0.019330,-0.024230,-1.539610,ndi
1786508899.452909,15.950256,-0.019370,-0.024200,-1.539560,ndi
1786508899.468005,15.965352,-0.019370,-0.024180,-1.539570,ndi
1786508899.485435,15.982782,-0.019410,-0.024170,-1.539540,ndi
1786508899.502883,16.000230,-0.019450,-0.024130,-1.539490,ndi
1786508899.520404,16.017751,-0.019470,-0.024100,-1.539460,ndi
1786508899.535434,16.032781,-0.019480,-0.024090,-1.539420,ndi
1786508899.552897,16.050244,-0.019540,-0.024070,-1.539380,ndi
1786508899.568005,16.065352,-0.019530,-0.024040,-1.539340,ndi
1786508899.585413,16.082759,-0.019550,-0.024010,-1.539320,ndi
1786508899.602865,16.100212,-0.019610,-0.023990,-1.539300,ndi
1786508899.620402,16.117749,-0.019610,-0.023970,-1.539280,ndi
1786508899.635443,16.132790,-0.019640,-0.023950,-1.539230,ndi
1786508899.652936,16.150283,-0.019680,-0.023920,-1.539230,ndi
1786508899.668002,16.165348,-0.019690,-0.023910,-1.539240,ndi
1786508899.685454,16.182801,-0.019710,-0.023890,-1.539170,ndi
1786508899.702886,16.200232,-0.019740,-0.023860,-1.539130,ndi
1786508899.720749,16.218096,-0.019770,-0.023830,-1.539120,ndi
1786508899.735434,16.232781,-0.019800,-0.023810,-1.539100,ndi
1786508899.752934,16.250281,-0.019840,-0.023790,-1.539070,ndi
1786508899.767999,16.265346,-0.019860,-0.023760,-1.539070,ndi
1786508899.785417,16.282763,-0.019890,-0.023740,-1.539020,ndi
1786508899.802893,16.300240,-0.019920,-0.023710,-1.539000,ndi
1786508899.818105,16.315451,-0.019920,-0.023680,-1.538980,ndi
1786508899.835433,16.332780,-0.019980,-0.023660,-1.538940,ndi
1786508899.852943,16.350290,-0.020010,-0.023640,-1.538940,ndi
1786508899.868013,16.365360,-0.020030,-0.023630,-1.538930,ndi
1786508899.885426,16.382773,-0.020040,-0.023580,-1.538900,ndi
1786508899.902922,16.400268,-0.020080,-0.023570,-1.538860,ndi
1786508899.920432,16.417778,-0.020110,-0.023550,-1.538860,ndi
1786508899.935428,16.432775,-0.020140,-0.023530,-1.538830,ndi
1786508899.952929,16.450276,-0.020170,-0.023490,-1.538800,ndi
1786508899.968064,16.465410,-0.020190,-0.023460,-1.538760,ndi
1786508899.985384,16.482730,-0.020230,-0.023450,-1.538700,ndi
1786508900.002913,16.500260,-0.020250,-0.023430,-1.538690,ndi
1786508900.017996,16.515343,-0.020280,-0.023380,-1.538680,ndi
1786508900.035429,16.532776,-0.020310,-0.023360,-1.538660,ndi
1786508900.052923,16.550270,-0.020350,-0.023350,-1.538640,ndi
1786508900.070399,16.567746,-0.020350,-0.023310,-1.538590,ndi
1786508900.085445,16.582792,-0.020390,-0.023270,-1.538560,ndi
1786508900.102930,16.600276,-0.020420,-0.023260,-1.538530,ndi
1786508900.118307,16.615654,-0.020450,-0.023250,-1.538530,ndi
1786508900.135443,16.632790,-0.020490,-0.023220,-1.538500,ndi
1786508900.152940,16.650286,-0.020520,-0.023180,-1.538460,ndi
1786508900.168007,16.665353,-0.020560,-0.023170,-1.538450,ndi
1786508900.185415,16.682762,-0.020580,-0.023150,-1.538410,ndi
1786508900.202916,16.700263,-0.020610,-0.023120,-1.538390,ndi
1786508900.220472,16.717818,-0.020630,-0.023080,-1.538380,ndi
1786508900.235453,16.732799,-0.020660,-0.023070,-1.538350,ndi
1786508900.252930,16.750277,-0.020680,-0.023050,-1.538330,ndi
1786508900.268021,16.765367,-0.020710,-0.023030,-1.538280,ndi
1786508900.285403,16.782749,-0.020750,-0.022990,-1.538260,ndi
1786508900.302940,16.800287,-0.020760,-0.022960,-1.538220,ndi
1786508900.320482,16.817829,-0.020810,-0.022940,-1.538170,ndi
1786508900.335468,16.832814,-0.020830,-0.022920,-1.538130,ndi
1786508900.352919,16.850266,-0.020870,-0.022890,-1.538080,ndi
1786508900.367999,16.865345,-0.020890,-0.022870,-1.538040,ndi
1786508900.385414,16.882761,-0.020930,-0.022850,-1.538050,ndi
1786508900.402954,16.900301,-0.020950,-0.022830,-1.537990,ndi
1786508900.418056,16.915403,-0.020970,-0.022810,-1.538010,ndi
1786508900.435474,16.932821,-0.021010,-0.022780,-1.537970,ndi
1786508900.452939,16.950286,-0.021050,-0.022760,-1.537940,ndi
1786508900.468033,16.965379,-0.021050,-0.022740,-1.537890,ndi
1786508900.485485,16.982831,-0.021090,-0.022710,-1.537880,ndi
1786508900.502920,17.000267,-0.021120,-0.022690,-1.537850,ndi
1786508900.518016,17.015363,-0.021140,-0.022680,-1.537830,ndi
1786508900.535457,17.032804,-0.021170,-0.022660,-1.537770,ndi
1786508900.552921,17.050268,-0.021200,-0.022630,-1.537780,ndi
1786508900.570385,17.067732,-0.021240,-0.022600,-1.537730,ndi
1786508900.585418,17.082764,-0.021250,-0.022600,-1.537720,ndi
1786508900.602917,17.100264,-0.021290,-0.022570,-1.537690,ndi
1786508900.618014,17.115360,-0.021300,-0.022530,-1.537680,ndi
1786508900.635454,17.132801,-0.021320,-0.022520,-1.537670,ndi
1786508900.652905,17.150252,-0.021350,-0.022510,-1.537620,ndi
1786508900.668018,17.165365,-0.021360,-0.022480,-1.537590,ndi
1786508900.685441,17.182788,-0.021420,-0.022430,-1.537540,ndi
1786508900.702931,17.200278,-0.021450,-0.022420,-1.537540,ndi
1786508900.718028,17.215374,-0.021460,-0.022410,-1.537490,ndi
1786508900.735492,17.232839,-0.021500,-0.022370,-1.537450,ndi
1786508900.752986,17.250333,-0.021530,-0.022330,-1.537440,ndi
1786508900.770427,17.267774,-0.021550,-0.022320,-1.537400,ndi
1786508900.785510,17.282857,-0.021580,-0.022320,-1.537390,ndi
1786508900.802947,17.300293,-0.021620,-0.022280,-1.537350,ndi
1786508900.818091,17.315438,-0.021640,-0.022250,-1.537330,ndi
1786508900.835468,17.332814,-0.021650,-0.022240,-1.537340,ndi
1786508900.852941,17.350287,-0.021670,-0.022230,-1.537320,ndi
1786508900.870407,17.367754,-0.021700,-0.022200,-1.537310,ndi
1786508900.885450,17.382796,-0.021700,-0.022190,-1.537320,ndi
1786508900.902939,17.400286,-0.021710,-0.022210,-1.537300,ndi
1786508900.920444,17.417791,-0.021720,-0.022200,-1.537300,ndi
1786508900.935460,17.432807,-0.021720,-0.022160,-1.537320,ndi
1786508900.952910,17.450257,-0.021730,-0.022170,-1.537310,ndi
1786508900.970411,17.467757,-0.021740,-0.022180,-1.537310,ndi
1786508900.985425,17.482771,-0.021740,-0.022170,-1.537330,ndi
1786508901.002959,17.500305,-0.021760,-0.022150,-1.537320,ndi
1786508901.020468,17.517814,-0.021760,-0.022150,-1.537300,ndi
1786508901.035466,17.532812,-0.021760,-0.022160,-1.537320,ndi
1786508901.052942,17.550288,-0.021770,-0.022160,-1.537330,ndi
1786508901.070445,17.567792,-0.021770,-0.022150,-1.537320,ndi
1786508901.085469,17.582815,-0.021770,-0.022150,-1.537330,ndi
1786508901.102952,17.600299,-0.021780,-0.022160,-1.537320,ndi
1786508901.120446,17.617793,-0.021770,-0.022150,-1.537320,ndi
1786508901.135485,17.632831,-0.021770,-0.022140,-1.537340,ndi
1786508901.152879,17.650226,-0.021780,-0.022160,-1.537310,ndi
1786508901.170408,17.667754,-0.021790,-0.022160,-1.537330,ndi
1786508901.185436,17.682782,-0.021780,-0.022150,-1.537300,ndi
1786508901.202952,17.700298,-0.021790,-0.022150,-1.537340,ndi
1786508901.220441,17.717788,-0.021780,-0.022160,-1.537310,ndi
1786508901.235478,17.732825,-0.021780,-0.022170,-1.537320,ndi
1786508901.252930,17.750277,-0.021780,-0.022150,-1.537310,ndi
1786508901.267959,17.765306,-0.021790,-0.022150,-1.537320,ndi
1786508901.285485,17.782832,-0.021780,-0.022150,-1.537310,ndi
1786508901.302942,17.800289,-0.021790,-0.022160,-1.537340,ndi
1786508901.320436,17.817783,-0.021790,-0.022160,-1.537320,ndi
1786508901.335485,17.832832,-0.021790,-0.022150,-1.537340,ndi
1786508901.353127,17.850473,-0.021800,-0.022150,-1.537300,ndi
1786508901.370401,17.867748,-0.021790,-0.022160,-1.537310,ndi
1786508901.385448,17.882795,-0.021790,-0.022160,-1.537330,ndi
1786508901.403007,17.900354,-0.021800,-0.022150,-1.537280,ndi
1786508901.420453,17.917799,-0.021800,-0.022160,-1.537330,ndi
1786508901.435477,17.932823,-0.021780,-0.022160,-1.537320,ndi
1786508901.452930,17.950277,-0.021790,-0.022150,-1.537320,ndi
1786508901.470451,17.967797,-0.021800,-0.022150,-1.537330,ndi
1786508901.485468,17.982815,-0.021790,-0.022160,-1.537320,ndi
1786508901.502952,18.000299,-0.021800,-0.022160,-1.537320,ndi
1786508901.520430,18.017777,-0.021800,-0.022150,-1.537320,ndi
1786508901.535466,18.032813,-0.021790,-0.022150,-1.537320,ndi
1786508901.552923,18.050270,-0.021810,-0.022170,-1.537310,ndi
1786508901.570421,18.067768,-0.021800,-0.022160,-1.537330,ndi
1786508901.585464,18.082810,-0.021800,-0.022150,-1.537300,ndi
1786508901.602955,18.100302,-0.021800,-0.022160,-1.537300,ndi
1786508901.620444,18.117790,-0.021790,-0.022170,-1.537310,ndi
1786508901.635479,18.132826,-0.021810,-0.022160,-1.537300,ndi
1786508901.652926,18.150273,-0.021800,-0.022150,-1.537310,ndi
1786508901.668035,18.165381,-0.021800,-0.022160,-1.537310,ndi
1786508901.685477,18.182824,-0.021810,-0.022170,-1.537310,ndi
1786508901.702955,18.200302,-0.021810,-0.022150,-1.537300,ndi
1786508901.720435,18.217781,-0.021800,-0.022150,-1.537300,ndi
1786508901.735477,18.232824,-0.021800,-0.022170,-1.537300,ndi
1786508901.752928,18.250275,-0.021820,-0.022170,-1.537330,ndi
1786508901.768028,18.265375,-0.021810,-0.022160,-1.537320,ndi
1786508901.785469,18.282815,-0.021810,-0.022160,-1.537290,ndi
1786508901.802932,18.300279,-0.021810,-0.022170,-1.537300,ndi
1786508901.820474,18.317821,-0.021800,-0.022170,-1.537300,ndi
1786508901.835552,18.332899,-0.021820,-0.022160,-1.537300,ndi
1786508901.852978,18.350324,-0.021810,-0.022170,-1.537300,ndi
1786508901.870445,18.367792,-0.021810,-0.022170,-1.537290,ndi
1786508901.885462,18.382808,-0.021820,-0.022160,-1.537300,ndi
1786508901.902964,18.400311,-0.021810,-0.022160,-1.537310,ndi
1786508901.920454,18.417801,-0.021820,-0.022170,-1.537310,ndi
1786508901.935386,18.432732,-0.021820,-0.022170,-1.537310,ndi
1786508901.952949,18.450296,-0.021820,-0.022170,-1.537320,ndi
1786508901.968025,18.465372,-0.021820,-0.022160,-1.537300,ndi
1786508901.985482,18.482828,-0.021820,-0.022170,-1.537310,ndi
1786508902.002965,18.500312,-0.021820,-0.022170,-1.537290,ndi
1786508902.020444,18.517790,-0.021820,-0.022160,-1.537300,ndi
1786508902.035483,18.532829,-0.021820,-0.022160,-1.537290,ndi
1786508902.052966,18.550313,-0.021820,-0.022170,-1.537310,ndi
1786508902.068269,18.565616,-0.021820,-0.022170,-1.537290,ndi
1786508902.085467,18.582814,-0.021830,-0.022170,-1.537290,ndi
1786508902.102965,18.600312,-0.021820,-0.022160,-1.537280,ndi
1786508902.120439,18.617785,-0.021820,-0.022170,-1.537280,ndi
1786508902.135459,18.632805,-0.021840,-0.022170,-1.537290,ndi
1786508902.152926,18.650272,-0.021820,-0.022160,-1.537300,ndi
1786508902.170456,18.667803,-0.021830,-0.022160,-1.537310,ndi
1786508902.185475,18.682822,-0.021820,-0.022180,-1.537300,ndi
1786508902.202956,18.700303,-0.021840,-0.022170,-1.537300,ndi
1786508902.218047,18.715394,-0.021820,-0.022160,-1.537260,ndi
1786508902.235457,18.732804,-0.021820,-0.022160,-1.537280,ndi
1786508902.252969,18.750315,-0.021830,-0.022180,-1.537310,ndi
1786508902.270461,18.767807,-0.021830,-0.022170,-1.537260,ndi
1786508902.285480,18.782827,-0.021830,-0.022160,-1.537290,ndi
1786508902.302963,18.800310,-0.021830,-0.022170,-1.537300,ndi
1786508902.320429,18.817775,-0.021820,-0.022180,-1.537270,ndi
1786508902.335506,18.832853,-0.021840,-0.022170,-1.537280,ndi
1786508902.352945,18.850291,-0.021830,-0.022160,-1.537290,ndi
1786508902.370471,18.867818,-0.021840,-0.022170,-1.537310,ndi
1786508902.385474,18.882821,-0.021830,-0.022180,-1.537310,ndi
1786508902.403020,18.900367,-0.021840,-0.022160,-1.537320,ndi
1786508902.420476,18.917823,-0.021840,-0.022160,-1.537310,ndi
1786508902.435477,18.932823,-0.021830,-0.022180,-1.537300,ndi
1786508902.452981,18.950327,-0.021840,-0.022180,-1.537320,ndi
1786508902.470457,18.967804,-0.021840,-0.022170,-1.537330,ndi
1786508902.485480,18.982827,-0.021840,-0.022160,-1.537300,ndi
1786508902.502954,19.000301,-0.021840,-0.022180,-1.537310,ndi
1786508902.517976,19.015323,-0.021840,-0.022180,-1.537310,ndi
1786508902.535531,19.032878,-0.021850,-0.022170,-1.537320,ndi
1786508902.552964,19.050310,-0.021840,-0.022170,-1.537300,ndi
1786508902.570472,19.067819,-0.021840,-0.022180,-1.537320,ndi
1786508902.585486,19.082833,-0.021840,-0.022180,-1.537310,ndi
1786508902.603009,19.100355,-0.021830,-0.022170,-1.537320,ndi
1786508902.620479,19.117825,-0.021830,-0.022170,-1.537310,ndi
1786508902.635495,19.132842,-0.021840,-0.022180,-1.537310,ndi
1786508902.652984,19.150330,-0.021840,-0.022170,-1.537290,ndi
1786508902.670479,19.167825,-0.021830,-0.022180,-1.537330,ndi
1786508902.685498,19.182845,-0.021850,-0.022180,-1.537310,ndi
1786508902.702961,19.200307,-0.021850,-0.022170,-1.537300,ndi
1786508902.717990,19.215337,-0.021840,-0.022170,-1.537310,ndi
1786508902.735579,19.232925,-0.021850,-0.022170,-1.537320,ndi
1786508902.752993,19.250340,-0.021840,-0.022180,-1.537290,ndi
1786508902.770478,19.267824,-0.021840,-0.022170,-1.537320,ndi
1786508902.785496,19.282843,-0.021850,-0.022170,-1.537290,ndi
1786508902.802995,19.300341,-0.021840,-0.022180,-1.537290,ndi
1786508902.820460,19.317807,-0.021840,-0.022190,-1.537300,ndi
1786508902.835493,19.332839,-0.021840,-0.022180,-1.537290,ndi
1786508902.852990,19.350336,-0.021840,-0.022160,-1.537300,ndi
1786508902.868011,19.365358,-0.021840,-0.022170,-1.537300,ndi
1786508902.885475,19.382822,-0.021840,-0.022190,-1.537280,ndi
1786508902.902965,19.400312,-0.021840,-0.022170,-1.537290,ndi
1786508902.920447,19.417793,-0.021860,-0.022160,-1.537280,ndi
1786508902.935457,19.432803,-0.021850,-0.022170,-1.537280,ndi
1786508902.952979,19.450325,-0.021860,-0.022190,-1.537310,ndi
1786508902.970467,19.467813,-0.021860,-0.022160,-1.537280,ndi
1786508902.985461,19.482808,-0.021860,-0.022150,-1.537290,ndi
1786508903.002982,19.500329,-0.021860,-0.022170,-1.537300,ndi
1786508903.017954,19.515301,-0.021860,-0.022180,-1.537280,ndi
1786508903.035496,19.532842,-0.021880,-0.022150,-1.537310,ndi
1786508903.052978,19.550324,-0.021900,-0.022100,-1.537370,ndi
1786508903.070464,19.567810,-0.021910,-0.022090,-1.537390,ndi
1786508903.085485,19.582832,-0.021930,-0.022070,-1.537430,ndi
1786508903.102900,19.600246,-0.021960,-0.022000,-1.537480,ndi
1786508903.120473,19.617820,-0.021980,-0.021960,-1.537550,ndi
1786508903.135488,19.632834,-0.021990,-0.021930,-1.537580,ndi
1786508903.153005,19.650351,-0.022010,-0.021900,-1.537630,ndi
1786508903.170488,19.667835,-0.022030,-0.021820,-1.537690,ndi
1786508903.185497,19.682844,-0.022050,-0.021780,-1.537710,ndi
1786508903.202968,19.700314,-0.022070,-0.021750,-1.537810,ndi
1786508903.220487,19.717833,-0.022090,-0.021700,-1.537840,ndi
1786508903.235492,19.732838,-0.022120,-0.021630,-1.537900,ndi
1786508903.252983,19.750330,-0.022130,-0.021600,-1.537980,ndi
1786508903.270474,19.767821,-0.022150,-0.021570,-1.538020,ndi
1786508903.285482,19.782828,-0.022170,-0.021520,-1.538060,ndi
1786508903.302911,19.800257,-0.022190,-0.021460,-1.538100,ndi
1786508903.317954,19.815300,-0.022220,-0.021440,-1.538160,ndi
1786508903.335478,19.832825,-0.022220,-0.021410,-1.538200,ndi
1786508903.352993,19.850339,-0.022230,-0.021350,-1.538240,ndi
1786508903.368186,19.865533,-0.022250,-0.021310,-1.538290,ndi
1786508903.385506,19.882853,-0.022260,-0.021280,-1.538360,ndi
1786508903.403028,19.900375,-0.022270,-0.021240,-1.538390,ndi
1786508903.420494,19.917841,-0.022300,-0.021180,-1.538480,ndi
1786508903.435521,19.932867,-0.022300,-0.021130,-1.538490,ndi
1786508903.453005,19.950351,-0.022320,-0.021110,-1.538570,ndi
1786508903.470469,19.967815,-0.022330,-0.021060,-1.538640,ndi
1786508903.485479,19.982826,-0.022340,-0.021010,-1.538660,ndi
1786508903.502988,20.000335,-0.022360,-0.020980,-1.538750,ndi
1786508903.517985,20.015332,-0.022370,-0.020950,-1.538750,ndi
1786508903.535495,20.032841,-0.022370,-0.020910,-1.538820,ndi
1786508903.553011,20.050357,-0.022390,-0.020850,-1.538870,ndi
1786508903.570471,20.067817,-0.022410,-0.020820,-1.538930,ndi
1786508903.585507,20.082854,-0.022410,-0.020790,-1.538950,ndi
1786508903.602963,20.100309,-0.022430,-0.020730,-1.539050,ndi
1786508903.618166,20.115512,-0.022440,-0.020690,-1.539100,ndi
1786508903.635500,20.132846,-0.022450,-0.020660,-1.539140,ndi
1786508903.653018,20.150365,-0.022460,-0.020610,-1.539200,ndi
1786508903.670461,20.167808,-0.022460,-0.020560,-1.539280,ndi
1786508903.685472,20.182819,-0.022480,-0.020530,-1.539280,ndi
1786508903.702961,20.200307,-0.022500,-0.020500,-1.539380,ndi
1786508903.720463,20.217810,-0.022490,-0.020440,-1.539450,ndi
1786508903.735494,20.232841,-0.022510,-0.020390,-1.539490,ndi
1786508903.753022,20.250369,-0.022500,-0.020370,-1.539550,ndi
1786508903.770467,20.267813,-0.022520,-0.020340,-1.539620,ndi
1786508903.785505,20.282851,-0.022520,-0.020280,-1.539660,ndi
1786508903.802975,20.300322,-0.022530,-0.020220,-1.539730,ndi
1786508903.818162,20.315509,-0.022550,-0.020190,-1.539770,ndi
1786508903.835509,20.332856,-0.022550,-0.020150,-1.539820,ndi
1786508903.852994,20.350341,-0.022560,-0.020080,-1.539870,ndi
1786508903.870483,20.367830,-0.022560,-0.020030,-1.539960,ndi
1786508903.885444,20.382791,-0.022580,-0.020000,-1.540050,ndi
1786508903.902974,20.400321,-0.022580,-0.019950,-1.540080,ndi
1786508903.920517,20.417864,-0.022570,-0.019900,-1.540090,ndi
1786508903.935511,20.432858,-0.022590,-0.019860,-1.540160,ndi
1786508903.953009,20.450356,-0.022590,-0.019820,-1.540250,ndi
1786508903.968183,20.465529,-0.022590,-0.019780,-1.540270,ndi
1786508903.985500,20.482846,-0.022600,-0.019720,-1.540340,ndi
1786508904.002995,20.500341,-0.022600,-0.019690,-1.540420,ndi
1786508904.020489,20.517836,-0.022610,-0.019650,-1.540460,ndi
1786508904.035486,20.532833,-0.022610,-0.019600,-1.540550,ndi
1786508904.052990,20.550337,-0.022610,-0.019550,-1.540600,ndi
1786508904.068096,20.565443,-0.022620,-0.019530,-1.540670,ndi
1786508904.085471,20.582818,-0.022620,-0.019480,-1.540730,ndi
1786508904.102944,20.600291,-0.022630,-0.019420,-1.540790,ndi
1786508904.118012,20.615359,-0.022620,-0.019380,-1.540860,ndi
1786508904.135512,20.632858,-0.022630,-0.019360,-1.540940,ndi
1786508904.153018,20.650364,-0.022620,-0.019310,-1.540980,ndi
1786508904.170498,20.667845,-0.022610,-0.019260,-1.541030,ndi
1786508904.185483,20.682829,-0.022630,-0.019220,-1.541100,ndi
1786508904.203001,20.700347,-0.022610,-0.019190,-1.541110,ndi
1786508904.218177,20.715524,-0.022630,-0.019160,-1.541150,ndi
1786508904.235507,20.732854,-0.022620,-0.019100,-1.541210,ndi
1786508904.252970,20.750316,-0.022610,-0.019060,-1.541270,ndi
1786508904.270460,20.767806,-0.022620,-0.019020,-1.541350,ndi
1786508904.285478,20.782825,-0.022620,-0.018980,-1.541410,ndi
1786508904.302969,20.800316,-0.022620,-0.018930,-1.541480,ndi
1786508904.320486,20.817833,-0.022610,-0.018890,-1.541510,ndi
1786508904.335516,20.832863,-0.022610,-0.018850,-1.541570,ndi
1786508904.353018,20.850365,-0.022610,-0.018790,-1.541640,ndi
1786508904.370483,20.867830,-0.022600,-0.018750,-1.541700,ndi
1786508904.385497,20.882843,-0.022600,-0.018730,-1.541740,ndi
1786508904.403162,20.900509,-0.022590,-0.018680,-1.541810,ndi
1786508904.418031,20.915378,-0.022600,-0.018630,-1.541870,ndi
1786508904.435530,20.932877,-0.022590,-0.018590,-1.541930,ndi
1786508904.453033,20.950380,-0.022590,-0.018550,-1.542000,ndi
1786508904.468020,20.965366,-0.022600,-0.018510,-1.542050,ndi
1786508904.485471,20.982817,-0.022580,-0.018450,-1.542120,ndi
1786508904.502973,21.000319,-0.022570,-0.018410,-1.542170,ndi
1786508904.518008,21.015354,-0.022570,-0.018380,-1.542210,ndi
1786508904.535515,21.032861,-0.022550,-0.018310,-1.542310,ndi
1786508904.553043,21.050390,-0.022540,-0.018260,-1.542380,ndi
1786508904.568036,21.065382,-0.022540,-0.018240,-1.542450,ndi
1786508904.585522,21.082868,-0.022530,-0.018200,-1.542460,ndi
1786508904.603018,21.100364,-0.022530,-0.018130,-1.542540,ndi
1786508904.620497,21.117844,-0.022510,-0.018090,-1.542620,ndi
1786508904.635527,21.132874,-0.022510,-0.018080,-1.542660,ndi
1786508904.653379,21.150725,-0.022510,-0.018030,-1.542720,ndi
1786508904.668143,21.165490,-0.022490,-0.017950,-1.542720,ndi
1786508904.685503,21.182849,-0.022490,-0.017920,-1.542810,ndi
1786508904.702989,21.200336,-0.022470,-0.017920,-1.542830,ndi
1786508904.718039,21.215386,-0.022460,-0.017860,-1.542900,ndi
1786508904.735535,21.232882,-0.022460,-0.017780,-1.542940,ndi
1786508904.753004,21.250351,-0.022440,-0.017770,-1.543000,ndi
1786508904.767973,21.265319,-0.022430,-0.017760,-1.543080,ndi
1786508904.785531,21.282878,-0.022410,-0.017700,-1.543090,ndi
1786508904.803004,21.300350,-0.022410,-0.017640,-1.543190,ndi
1786508904.818104,21.315451,-0.022400,-0.017630,-1.543220,ndi
1786508904.835517,21.332864,-0.022380,-0.017600,-1.543270,ndi
1786508904.853073,21.350420,-0.022370,-0.017530,-1.543330,ndi
1786508904.867985,21.365332,-0.022370,-0.017490,-1.543400,ndi
1786508904.885488,21.382834,-0.022360,-0.017480,-1.543490,ndi
1786508904.903005,21.400352,-0.022340,-0.017440,-1.543510,ndi
1786508904.918098,21.415444,-0.022330,-0.017380,-1.543540,ndi
1786508904.935511,21.432858,-0.022330,-0.017330,-1.543580,ndi
1786508904.952996,21.450343,-0.022280,-0.017320,-1.543640,ndi
1786508904.968022,21.465369,-0.022290,-0.017280,-1.543670,ndi
1786508904.985527,21.482873,-0.022270,-0.017210,-1.543750,ndi
1786508905.003022,21.500369,-0.022240,-0.017180,-1.543780,ndi
1786508905.018114,21.515461,-0.022230,-0.017160,-1.543870,ndi
1786508905.035527,21.532873,-0.022210,-0.017110,-1.543870,ndi
1786508905.052991,21.550338,-0.022210,-0.017030,-1.543960,ndi
1786508905.068125,21.565472,-0.022190,-0.017010,-1.544030,ndi
1786508905.085517,21.582864,-0.022170,-0.016980,-1.544110,ndi
1786508905.103016,21.600363,-0.022140,-0.016910,-1.544190,ndi
1786508905.118105,21.615452,-0.022130,-0.016860,-1.544240,ndi
1786508905.135534,21.632881,-0.022100,-0.016830,-1.544280,ndi
1786508905.153011,21.650357,-0.022080,-0.016790,-1.544340,ndi
1786508905.168109,21.665455,-0.022070,-0.016760,-1.544430,ndi
1786508905.185532,21.682878,-0.022040,-0.016700,-1.544480,ndi
1786508905.203023,21.700370,-0.022020,-0.016660,-1.544540,ndi
1786508905.218126,21.715473,-0.022010,-0.016640,-1.544600,ndi
1786508905.235540,21.732887,-0.021980,-0.016590,-1.544620,ndi
1786508905.252948,21.750294,-0.021970,-0.016550,-1.544720,ndi
1786508905.268159,21.765506,-0.021950,-0.016520,-1.544730,ndi
1786508905.285536,21.782882,-0.021930,-0.016480,-1.544780,ndi
1786508905.303025,21.800372,-0.021900,-0.016430,-1.544860,ndi
1786508905.318046,21.815393,-0.021900,-0.016390,-1.544880,ndi
1786508905.335538,21.832884,-0.021860,-0.016370,-1.544970,ndi
1786508905.353000,21.850347,-0.021840,-0.016330,-1.545010,ndi
1786508905.370524,21.867870,-0.021840,-0.016280,-1.545070,ndi
1786508905.385526,21.882873,-0.021800,-0.016250,-1.545090,ndi
1786508905.403179,21.900526,-0.021780,-0.016210,-1.545180,ndi
1786508905.421474,21.918821,-0.021790,-0.016170,-1.545240,ndi
1786508905.435530,21.932877,-0.021730,-0.016130,-1.545260,ndi
1786508905.454770,21.952116,-0.021730,-0.016120,-1.545350,ndi
1786508905.468126,21.965472,-0.021740,-0.016090,-1.545350,ndi
1786508905.485558,21.982905,-0.021680,-0.016030,-1.545420,ndi
1786508905.503018,22.000365,-0.021680,-0.016000,-1.545450,ndi
1786508905.518241,22.015588,-0.021650,-0.015980,-1.545490,ndi
1786508905.535541,22.032888,-0.021630,-0.015950,-1.545530,ndi
1786508905.554773,22.052119,-0.021600,-0.015890,-1.545590,ndi
1786508905.568125,22.065472,-0.021560,-0.015860,-1.545630,ndi
1786508905.585550,22.082897,-0.021570,-0.015840,-1.545660,ndi
1786508905.603029,22.100375,-0.021530,-0.015790,-1.545750,ndi
1786508905.620509,22.117856,-0.021480,-0.015730,-1.545830,ndi
1786508905.635499,22.132846,-0.021470,-0.015710,-1.545840,ndi
1786508905.653042,22.150388,-0.021450,-0.015680,-1.545930,ndi
1786508905.668121,22.165468,-0.021430,-0.015630,-1.545950,ndi
1786508905.685523,22.182870,-0.021380,-0.015570,-1.546050,ndi
1786508905.703041,22.200387,-0.021360,-0.015550,-1.546120,ndi
1786508905.718206,22.215553,-0.021330,-0.015520,-1.546140,ndi
1786508905.735547,22.232893,-0.021290,-0.015460,-1.546170,ndi
1786508905.753029,22.250376,-0.021270,-0.015410,-1.546270,ndi
1786508905.768128,22.265475,-0.021240,-0.015390,-1.546300,ndi
1786508905.785530,22.282876,-0.021210,-0.015350,-1.546370,ndi
1786508905.803025,22.300371,-0.021160,-0.015280,-1.546410,ndi
1786508905.820500,22.317846,-0.021130,-0.015250,-1.546460,ndi
1786508905.835446,22.332793,-0.021120,-0.015230,-1.546520,ndi
1786508905.853001,22.350348,-0.021080,-0.015180,-1.546580,ndi
1786508905.868130,22.365477,-0.021060,-0.015130,-1.546600,ndi
1786508905.885553,22.382900,-0.021020,-0.015100,-1.546670,ndi
1786508905.903010,22.400357,-0.020990,-0.015080,-1.546700,ndi
1786508905.918128,22.415475,-0.020970,-0.015030,-1.546770,ndi
1786508905.935548,22.432895,-0.020920,-0.014970,-1.546800,ndi
1786508905.953030,22.450376,-0.020900,-0.014950,-1.546870,ndi
1786508905.968108,22.465455,-0.020870,-0.014920,-1.546920,ndi
1786508905.985546,22.482893,-0.020850,-0.014870,-1.546970,ndi
1786508906.003021,22.500368,-0.020820,-0.014840,-1.547030,ndi
1786508906.018163,22.515510,-0.020790,-0.014810,-1.547080,ndi
1786508906.035529,22.532875,-0.020740,-0.014770,-1.547120,ndi
1786508906.052998,22.550344,-0.020720,-0.014740,-1.547190,ndi
1786508906.068135,22.565481,-0.020700,-0.014720,-1.547210,ndi
1786508906.085546,22.582893,-0.020640,-0.014690,-1.547250,ndi
1786508906.103014,22.600361,-0.020610,-0.014650,-1.547320,ndi
1786508906.118137,22.615484,-0.020580,-0.014610,-1.547360,ndi
1786508906.135530,22.632877,-0.020550,-0.014570,-1.547420,ndi
1786508906.153057,22.650404,-0.020520,-0.014530,-1.547440,ndi
1786508906.170504,22.667850,-0.020470,-0.014510,-1.547500,ndi
1786508906.185541,22.682888,-0.020450,-0.014480,-1.547550,ndi
1786508906.203031,22.700377,-0.020410,-0.014430,-1.547610,ndi
1786508906.218189,22.715535,-0.020390,-0.014390,-1.547660,ndi
1786508906.235498,22.732845,-0.020340,-0.014350,-1.547760,ndi
1786508906.253009,22.750355,-0.020280,-0.014320,-1.547780,ndi
1786508906.270560,22.767907,-0.020280,-0.014280,-1.547850,ndi
1786508906.285523,22.782869,-0.020240,-0.014240,-1.547880,ndi
1786508906.303076,22.800422,-0.020220,-0.014210,-1.547920,ndi
1786508906.318146,22.815493,-0.020140,-0.014180,-1.547960,ndi
1786508906.335538,22.832885,-0.020100,-0.014130,-1.548030,ndi
1786508906.353018,22.850364,-0.020080,-0.014080,-1.548100,ndi
1786508906.368131,22.865478,-0.020040,-0.014050,-1.548150,ndi
1786508906.385572,22.882919,-0.019990,-0.014030,-1.548220,ndi
1786508906.403185,22.900532,-0.019950,-0.014000,-1.548290,ndi
1786508906.420465,22.917812,-0.019910,-0.013940,-1.548310,ndi
1786508906.435523,22.932870,-0.019880,-0.013910,-1.548410,ndi
1786508906.453042,22.950389,-0.019830,-0.013880,-1.548430,ndi
1786508906.470558,22.967905,-0.019790,-0.013850,-1.548450,ndi
1786508906.485570,22.982917,-0.019740,-0.013820,-1.548510,ndi
1786508906.503044,23.000391,-0.019720,-0.013790,-1.548590,ndi
1786508906.518135,23.015481,-0.019670,-0.013760,-1.548610,ndi
1786508906.535555,23.032901,-0.019620,-0.013710,-1.548660,ndi
1786508906.553060,23.050407,-0.019590,-0.013670,-1.548730,ndi
1786508906.568155,23.065502,-0.019540,-0.013660,-1.548790,ndi
1786508906.585546,23.082892,-0.019510,-0.013640,-1.548820,ndi
1786508906.603024,23.100371,-0.019490,-0.013600,-1.548880,ndi
1786508906.620488,23.117835,-0.019440,-0.013550,-1.548910,ndi
1786508906.635600,23.132946,-0.019390,-0.013530,-1.548980,ndi
1786508906.653036,23.150383,-0.019360,-0.013510,-1.548980,ndi
1786508906.668236,23.165583,-0.019330,-0.013480,-1.549020,ndi
1786508906.685565,23.182912,-0.019290,-0.013440,-1.549080,ndi
1786508906.703034,23.200380,-0.019240,-0.013420,-1.549070,ndi
1786508906.718117,23.215463,-0.019210,-0.013410,-1.549160,ndi
1786508906.735558,23.232904,-0.019170,-0.013360,-1.549140,ndi
1786508906.753044,23.250391,-0.019140,-0.013320,-1.549190,ndi
1786508906.768147,23.265494,-0.019100,-0.013300,-1.549260,ndi
1786508906.785519,23.282866,-0.019040,-0.013280,-1.549300,ndi
1786508906.803027,23.300373,-0.018990,-0.013230,-1.549320,ndi
1786508906.818133,23.315480,-0.018960,-0.013200,-1.549350,ndi
1786508906.835532,23.332879,-0.018920,-0.013190,-1.549380,ndi
1786508906.853046,23.350393,-0.018870,-0.013150,-1.549450,ndi
1786508906.868272,23.365619,-0.018820,-0.013110,-1.549480,ndi
1786508906.885558,23.382904,-0.018790,-0.013080,-1.549540,ndi
1786508906.903052,23.400398,-0.018740,-0.013070,-1.549600,ndi
1786508906.918137,23.415484,-0.018690,-0.013040,-1.549620,ndi
1786508906.935576,23.432923,-0.018640,-0.012980,-1.549730,ndi
1786508906.953051,23.450397,-0.018590,-0.012960,-1.549780,ndi
1786508906.970530,23.467877,-0.018530,-0.012940,-1.549870,ndi
1786508906.985527,23.482874,-0.018490,-0.012900,-1.549910,ndi
1786508907.002989,23.500336,-0.018460,-0.012850,-1.549950,ndi
1786508907.018126,23.515473,-0.018390,-0.012840,-1.550010,ndi
1786508907.035551,23.532898,-0.018330,-0.012810,-1.550040,ndi
1786508907.053032,23.550379,-0.018290,-0.012770,-1.550100,ndi
1786508907.068120,23.565466,-0.018240,-0.012730,-1.550110,ndi
1786508907.085588,23.582934,-0.018190,-0.012720,-1.550180,ndi
1786508907.103060,23.600407,-0.018130,-0.012700,-1.550230,ndi
1786508907.118139,23.615485,-0.018100,-0.012660,-1.550260,ndi
1786508907.135571,23.632918,-0.018060,-0.012630,-1.550270,ndi
1786508907.153063,23.650409,-0.018000,-0.012620,-1.550330,ndi
1786508907.168146,23.665493,-0.017970,-0.012600,-1.550370,ndi
1786508907.185552,23.682899,-0.017920,-0.012550,-1.550400,ndi
1786508907.205122,23.702469,-0.017880,-0.012530,-1.550440,ndi
1786508907.218167,23.715513,-0.017830,-0.012510,-1.550450,ndi
1786508907.235563,23.732909,-0.017770,-0.012480,-1.550530,ndi
1786508907.253037,23.750384,-0.017710,-0.012430,-1.550520,ndi
1786508907.268135,23.765482,-0.017680,-0.012410,-1.550620,ndi
1786508907.285595,23.782941,-0.017620,-0.012390,-1.550630,ndi
1786508907.303029,23.800375,-0.017560,-0.012350,-1.550680,ndi
1786508907.318165,23.815512,-0.017530,-0.012330,-1.550720,ndi
1786508907.335574,23.832921,-0.017480,-0.012310,-1.550760,ndi
1786508907.353064,23.850410,-0.017410,-0.012280,-1.550800,ndi
1786508907.368150,23.865497,-0.017370,-0.012240,-1.550870,ndi
1786508907.385553,23.882900,-0.017310,-0.012210,-1.550900,ndi
1786508907.403174,23.900521,-0.017270,-0.012190,-1.550930,ndi
1786508907.418146,23.915493,-0.017210,-0.012170,-1.550980,ndi
1786508907.435562,23.932909,-0.017160,-0.012130,-1.551030,ndi
1786508907.453044,23.950390,-0.017090,-0.012110,-1.551090,ndi
1786508907.468127,23.965474,-0.017050,-0.012090,-1.551120,ndi
1786508907.485577,23.982924,-0.016980,-0.012050,-1.551150,ndi
1786508907.503030,24.000377,-0.016910,-0.012020,-1.551220,ndi
1786508907.518161,24.015507,-0.016880,-0.012010,-1.551240,ndi
1786508907.535574,24.032921,-0.016810,-0.011990,-1.551280,ndi
1786508907.553049,24.050396,-0.016750,-0.011950,-1.551360,ndi
1786508907.568189,24.065536,-0.016690,-0.011920,-1.551380,ndi
1786508907.585553,24.082900,-0.016620,-0.011900,-1.551380,ndi
1786508907.603032,24.100379,-0.016580,-0.011890,-1.551470,ndi
1786508907.620548,24.117894,-0.016500,-0.011840,-1.551480,ndi
1786508907.635579,24.132926,-0.016460,-0.011820,-1.551530,ndi
1786508907.653013,24.150360,-0.016400,-0.011800,-1.551570,ndi
1786508907.670533,24.167879,-0.016330,-0.011780,-1.551590,ndi
1786508907.685595,24.182942,-0.016300,-0.011750,-1.551640,ndi
1786508907.703042,24.200389,-0.016240,-0.011720,-1.551690,ndi
1786508907.718161,24.215507,-0.016190,-0.011710,-1.551710,ndi
1786508907.735552,24.232899,-0.016130,-0.011680,-1.551800,ndi
1786508907.753053,24.250400,-0.016070,-0.011640,-1.551820,ndi
1786508907.768196,24.265543,-0.016030,-0.011630,-1.551820,ndi
1786508907.785702,24.283049,-0.015970,-0.011620,-1.551880,ndi
1786508907.803031,24.300378,-0.015910,-0.011590,-1.551920,ndi
1786508907.818135,24.315482,-0.015860,-0.011560,-1.551960,ndi
1786508907.835555,24.332901,-0.015800,-0.011540,-1.551990,ndi
1786508907.853063,24.350409,-0.015730,-0.011530,-1.552000,ndi
1786508907.868140,24.365486,-0.015680,-0.011500,-1.552060,ndi
1786508907.885633,24.382980,-0.015620,-0.011470,-1.552090,ndi
1786508907.903073,24.400420,-0.015570,-0.011460,-1.552130,ndi
1786508907.918136,24.415483,-0.015530,-0.011440,-1.552180,ndi
1786508907.935578,24.432925,-0.015470,-0.011410,-1.552170,ndi
1786508907.953034,24.450381,-0.015400,-0.011390,-1.552200,ndi
1786508907.968195,24.465542,-0.015360,-0.011380,-1.552250,ndi
1786508907.985536,24.482883,-0.015300,-0.011350,-1.552260,ndi
1786508908.003046,24.500392,-0.015240,-0.011320,-1.552280,ndi
1786508908.020557,24.517903,-0.015180,-0.011310,-1.552310,ndi
1786508908.035592,24.532939,-0.015100,-0.011300,-1.552350,ndi
1786508908.053053,24.550400,-0.015050,-0.011260,-1.552390,ndi
1786508908.068146,24.565493,-0.014990,-0.011240,-1.552440,ndi
1786508908.085591,24.582938,-0.014920,-0.011230,-1.552460,ndi
1786508908.103074,24.600421,-0.014870,-0.011210,-1.552500,ndi
1786508908.120556,24.617903,-0.014790,-0.011170,-1.552520,ndi
1786508908.135577,24.632924,-0.014750,-0.011160,-1.552530,ndi
1786508908.153061,24.650407,-0.014680,-0.011150,-1.552580,ndi
1786508908.168193,24.665540,-0.014620,-0.011130,-1.552590,ndi
1786508908.185547,24.682893,-0.014550,-0.011080,-1.552660,ndi
1786508908.203170,24.700517,-0.014470,-0.011070,-1.552730,ndi
1786508908.218151,24.715497,-0.014410,-0.011070,-1.552770,ndi
1786508908.235577,24.732923,-0.014340,-0.011030,-1.552790,ndi
1786508908.253058,24.750405,-0.014280,-0.011010,-1.552810,ndi
1786508908.268129,24.765476,-0.014210,-0.011010,-1.552840,ndi
1786508908.285615,24.782962,-0.014150,-0.010980,-1.552890,ndi
1786508908.303064,24.800411,-0.014100,-0.010950,-1.552920,ndi
1786508908.318147,24.815494,-0.014020,-0.010930,-1.552940,ndi
1786508908.335588,24.832935,-0.013970,-0.010930,-1.552970,ndi
1786508908.353055,24.850402,-0.013890,-0.010910,-1.553000,ndi
1786508908.368130,24.865477,-0.013860,-0.010890,-1.553030,ndi
1786508908.385526,24.882873,-0.013810,-0.010870,-1.553050,ndi
1786508908.403194,24.900541,-0.013720,-0.010870,-1.553130,ndi
1786508908.418181,24.915528,-0.013650,-0.010850,-1.553140,ndi
1786508908.435588,24.932935,-0.013570,-0.010810,-1.553170,ndi
1786508908.453083,24.950429,-0.013510,-0.010820,-1.553190,ndi
1786508908.468149,24.965496,-0.013450,-0.010810,-1.553210,ndi
1786508908.485615,24.982961,-0.013370,-0.010780,-1.553250,ndi
1786508908.503087,25.000433,-0.013320,-0.010750,-1.553260,ndi
1786508908.518152,25.015498,-0.013240,-0.010740,-1.553290,ndi
1786508908.535580,25.032926,-0.013190,-0.010740,-1.553290,ndi
1786508908.553051,25.050398,-0.013130,-0.010710,-1.553350,ndi
1786508908.570540,25.067886,-0.013050,-0.010680,-1.553390,ndi
1786508908.585561,25.082907,-0.012990,-0.010680,-1.553410,ndi
1786508908.603076,25.100423,-0.012930,-0.010670,-1.553440,ndi
1786508908.618165,25.115511,-0.012850,-0.010650,-1.553490,ndi
1786508908.635596,25.132942,-0.012780,-0.010620,-1.553500,ndi
1786508908.653078,25.150425,-0.012700,-0.010630,-1.553550,ndi
1786508908.668154,25.165501,-0.012640,-0.010620,-1.553560,ndi
1786508908.685648,25.182995,-0.012560,-0.010580,-1.553600,ndi
1786508908.703067,25.200414,-0.012490,-0.010560,-1.553600,ndi
1786508908.718149,25.215496,-0.012430,-0.010570,-1.553680,ndi
1786508908.735581,25.232928,-0.012360,-0.010550,-1.553690,ndi
1786508908.753073,25.250419,-0.012280,-0.010520,-1.553740,ndi
1786508908.768134,25.265481,-0.012220,-0.010500,-1.553730,ndi
1786508908.785576,25.282923,-0.012130,-0.010510,-1.553750,ndi
1786508908.803079,25.300426,-0.012030,-0.010480,-1.553770,ndi
1786508908.818160,25.315507,-0.011980,-0.010450,-1.553810,ndi
1786508908.835576,25.332922,-0.011910,-0.010450,-1.553850,ndi
1786508908.853082,25.350428,-0.011800,-0.010450,-1.553860,ndi
1786508908.868125,25.365472,-0.011750,-0.010430,-1.553920,ndi
1786508908.885635,25.382982,-0.011680,-0.010400,-1.553950,ndi
1786508908.903088,25.400435,-0.011600,-0.010400,-1.553980,ndi
1786508908.918161,25.415508,-0.011570,-0.010410,-1.553970,ndi
1786508908.935575,25.432921,-0.011480,-0.010380,-1.554020,ndi
1786508908.953033,25.450380,-0.011410,-0.010350,-1.554050,ndi
1786508908.968107,25.465453,-0.011360,-0.010350,-1.554080,ndi
1786508908.985571,25.482918,-0.011260,-0.010350,-1.554070,ndi
1786508909.003072,25.500418,-0.011180,-0.010330,-1.554110,ndi
1786508909.018154,25.515501,-0.011120,-0.010310,-1.554100,ndi
1786508909.035640,25.532987,-0.011020,-0.010310,-1.554120,ndi
1786508909.053074,25.550421,-0.010940,-0.010300,-1.554180,ndi
1786508909.068139,25.565486,-0.010880,-0.010280,-1.554180,ndi
1786508909.085669,25.583016,-0.010810,-0.010280,-1.554230,ndi
1786508909.103076,25.600422,-0.010730,-0.010270,-1.554280,ndi
1786508909.118165,25.615511,-0.010680,-0.010250,-1.554270,ndi
1786508909.135571,25.632918,-0.010600,-0.010230,-1.554320,ndi
1786508909.153035,25.650382,-0.010520,-0.010230,-1.554330,ndi
1786508909.168117,25.665463,-0.010450,-0.010230,-1.554340,ndi
1786508909.185583,25.682930,-0.010360,-0.010200,-1.554330,ndi
1786508909.203092,25.700438,-0.010290,-0.010200,-1.554350,ndi
1786508909.218174,25.715521,-0.010220,-0.010200,-1.554360,ndi
1786508909.235613,25.732960,-0.010150,-0.010180,-1.554390,ndi
1786508909.253068,25.750415,-0.010070,-0.010160,-1.554420,ndi
1786508909.268160,25.765507,-0.010000,-0.010170,-1.554440,ndi
1786508909.285642,25.782989,-0.009940,-0.010170,-1.554450,ndi
1786508909.303110,25.800457,-0.009860,-0.010150,-1.554470,ndi
1786508909.318169,25.815516,-0.009800,-0.010140,-1.554490,ndi
1786508909.335571,25.832918,-0.009710,-0.010130,-1.554480,ndi
1786508909.353064,25.850411,-0.009620,-0.010130,-1.554500,ndi
1786508909.368174,25.865520,-0.009560,-0.010110,-1.554500,ndi
1786508909.385607,25.882954,-0.009470,-0.010100,-1.554520,ndi
1786508909.403214,25.900560,-0.009370,-0.010100,-1.554580,ndi
1786508909.418187,25.915534,-0.009310,-0.010100,-1.554600,ndi
1786508909.435615,25.932961,-0.009230,-0.010080,-1.554560,ndi
1786508909.453087,25.950434,-0.009150,-0.010070,-1.554610,ndi
1786508909.470618,25.967965,-0.009080,-0.010080,-1.554610,ndi
1786508909.485603,25.982949,-0.009010,-0.010080,-1.554610,ndi
1786508909.503119,26.000465,-0.008940,-0.010070,-1.554590,ndi
1786508909.520564,26.017911,-0.008860,-0.010060,-1.554670,ndi
1786508909.535603,26.032949,-0.008800,-0.010060,-1.554660,ndi
1786508909.553081,26.050428,-0.008720,-0.010050,-1.554690,ndi
1786508909.568155,26.065501,-0.008650,-0.010050,-1.554670,ndi
1786508909.585598,26.082944,-0.008570,-0.010040,-1.554730,ndi
1786508909.603137,26.100483,-0.008480,-0.010040,-1.554750,ndi
1786508909.620597,26.117944,-0.008420,-0.010040,-1.554730,ndi
1786508909.635613,26.132960,-0.008340,-0.010030,-1.554750,ndi
1786508909.653094,26.150440,-0.008260,-0.010020,-1.554750,ndi
1786508909.668173,26.165519,-0.008190,-0.010030,-1.554770,ndi
1786508909.685616,26.182963,-0.008110,-0.010030,-1.554780,ndi
1786508909.703090,26.200437,-0.008040,-0.010020,-1.554760,ndi
1786508909.720584,26.217930,-0.007960,-0.010000,-1.554810,ndi
1786508909.735600,26.232946,-0.007900,-0.010000,-1.554820,ndi
1786508909.753066,26.250413,-0.007820,-0.010010,-1.554810,ndi
1786508909.768143,26.265490,-0.007760,-0.010000,-1.554830,ndi
1786508909.785611,26.282958,-0.007680,-0.009990,-1.554820,ndi
1786508909.803119,26.300466,-0.007600,-0.010000,-1.554820,ndi
1786508909.818180,26.315526,-0.007540,-0.010010,-1.554850,ndi
1786508909.835628,26.332974,-0.007460,-0.009990,-1.554840,ndi
1786508909.853091,26.350437,-0.007380,-0.009980,-1.554820,ndi
1786508909.868179,26.365526,-0.007330,-0.009990,-1.554850,ndi
1786508909.885609,26.382955,-0.007240,-0.010000,-1.554840,ndi
1786508909.903096,26.400443,-0.007160,-0.009980,-1.554880,ndi
1786508909.920591,26.417938,-0.007090,-0.009980,-1.554880,ndi
1786508909.935782,26.433129,-0.007000,-0.009990,-1.554890,ndi
1786508909.953082,26.450428,-0.006910,-0.010000,-1.554880,ndi
1786508909.968194,26.465541,-0.006840,-0.009980,-1.554920,ndi
1786508909.985614,26.482960,-0.006750,-0.009980,-1.554870,ndi
1786508910.003131,26.500478,-0.006690,-0.010000,-1.554890,ndi
1786508910.018181,26.515528,-0.006610,-0.009990,-1.554920,ndi
1786508910.035593,26.532939,-0.006520,-0.009980,-1.554910,ndi
1786508910.053095,26.550442,-0.006440,-0.009980,-1.554930,ndi
1786508910.068176,26.565523,-0.006370,-0.009990,-1.554910,ndi
1786508910.085628,26.582974,-0.006290,-0.009990,-1.554950,ndi
1786508910.103102,26.600449,-0.006220,-0.009990,-1.554950,ndi
1786508910.118136,26.615483,-0.006140,-0.009990,-1.554940,ndi
1786508910.135588,26.632935,-0.006080,-0.010000,-1.554980,ndi
1786508910.153080,26.650427,-0.006000,-0.010010,-1.554960,ndi
1786508910.168181,26.665528,-0.005920,-0.010000,-1.554980,ndi
1786508910.185627,26.682973,-0.005840,-0.010000,-1.554990,ndi
1786508910.203132,26.700479,-0.005760,-0.010020,-1.554990,ndi
1786508910.218195,26.715542,-0.005690,-0.010020,-1.554970,ndi
1786508910.235616,26.732963,-0.005620,-0.010010,-1.554970,ndi
1786508910.253134,26.750480,-0.005520,-0.010010,-1.554970,ndi
1786508910.268193,26.765540,-0.005460,-0.010030,-1.554970,ndi
1786508910.285626,26.782972,-0.005380,-0.010040,-1.554970,ndi
1786508910.303092,26.800439,-0.005300,-0.010020,-1.554970,ndi
1786508910.318125,26.815472,-0.005250,-0.010030,-1.554960,ndi
1786508910.335590,26.832937,-0.005180,-0.010050,-1.554970,ndi
1786508910.353071,26.850418,-0.005100,-0.010060,-1.554980,ndi
1786508910.368176,26.865523,-0.005020,-0.010050,-1.554990,ndi
1786508910.385629,26.882976,-0.004950,-0.010040,-1.554980,ndi
1786508910.403147,26.900494,-0.004870,-0.010060,-1.554970,ndi
1786508910.418194,26.915541,-0.004790,-0.010080,-1.554980,ndi
1786508910.435649,26.932996,-0.004720,-0.010060,-1.554930,ndi
1786508910.453131,26.950478,-0.004630,-0.010060,-1.554980,ndi
1786508910.468188,26.965534,-0.004570,-0.010090,-1.554950,ndi
1786508910.485600,26.982947,-0.004490,-0.010100,-1.554980,ndi
1786508910.503114,27.000460,-0.004390,-0.010070,-1.554930,ndi
1786508910.518174,27.015520,-0.004340,-0.010090,-1.554960,ndi
1786508910.535601,27.032947,-0.004240,-0.010120,-1.554960,ndi
1786508910.553092,27.050438,-0.004150,-0.010120,-1.554970,ndi
1786508910.568186,27.065532,-0.004080,-0.010110,-1.554960,ndi
1786508910.585605,27.082952,-0.004010,-0.010120,-1.554960,ndi
1786508910.603138,27.100485,-0.003910,-0.010150,-1.554940,ndi
1786508910.618185,27.115532,-0.003840,-0.010150,-1.554920,ndi
1786508910.635628,27.132975,-0.003770,-0.010150,-1.554930,ndi
1786508910.653106,27.150453,-0.003680,-0.010170,-1.554910,ndi
1786508910.670588,27.167934,-0.003590,-0.010190,-1.554920,ndi
1786508910.685624,27.182971,-0.003540,-0.010170,-1.554880,ndi
1786508910.703101,27.200448,-0.003450,-0.010180,-1.554930,ndi
1786508910.718146,27.215492,-0.003390,-0.010210,-1.554880,ndi
1786508910.735607,27.232953,-0.003310,-0.010220,-1.554920,ndi
1786508910.753113,27.250460,-0.003210,-0.010210,-1.554870,ndi
1786508910.770594,27.267941,-0.003130,-0.010220,-1.554850,ndi
1786508910.785645,27.282992,-0.003060,-0.010250,-1.554840,ndi
1786508910.803143,27.300490,-0.002980,-0.010260,-1.554840,ndi
1786508910.820620,27.317967,-0.002920,-0.010250,-1.554810,ndi
1786508910.835644,27.332991,-0.002840,-0.010270,-1.554840,ndi
1786508910.853106,27.350452,-0.002760,-0.010300,-1.554850,ndi
1786508910.870592,27.367939,-0.002690,-0.010300,-1.554830,ndi
1786508910.885621,27.382968,-0.002630,-0.010290,-1.554810,ndi
1786508910.903078,27.400424,-0.002560,-0.010320,-1.554810,ndi
1786508910.918149,27.415495,-0.002490,-0.010340,-1.554800,ndi
1786508910.935584,27.432931,-0.002410,-0.010340,-1.554770,ndi
1786508910.953113,27.450460,-0.002330,-0.010340,-1.554790,ndi
1786508910.970602,27.467948,-0.002260,-0.010370,-1.554760,ndi
1786508910.985643,27.482989,-0.002190,-0.010390,-1.554750,ndi
1786508911.003166,27.500512,-0.002110,-0.010390,-1.554780,ndi
1786508911.018147,27.515494,-0.002050,-0.010380,-1.554730,ndi
1786508911.035642,27.532989,-0.001980,-0.010410,-1.554760,ndi
1786508911.053136,27.550483,-0.001910,-0.010430,-1.554750,ndi
1786508911.070611,27.567958,-0.001820,-0.010430,-1.554700,ndi
1786508911.085622,27.582968,-0.001740,-0.010440,-1.554720,ndi
1786508911.103085,27.600431,-0.001670,-0.010470,-1.554720,ndi
1786508911.118132,27.615478,-0.001600,-0.010480,-1.554720,ndi
1786508911.135629,27.632975,-0.001510,-0.010480,-1.554680,ndi
1786508911.153122,27.650469,-0.001410,-0.010500,-1.554700,ndi
1786508911.170627,27.667974,-0.001340,-0.010530,-1.554640,ndi
1786508911.185632,27.682979,-0.001260,-0.010540,-1.554660,ndi
1786508911.203156,27.700503,-0.001180,-0.010540,-1.554620,ndi
1786508911.218146,27.715492,-0.001120,-0.010560,-1.554590,ndi
1786508911.235646,27.732993,-0.001040,-0.010580,-1.554560,ndi
1786508911.253121,27.750467,-0.000950,-0.010600,-1.554590,ndi
1786508911.268291,27.765637,-0.000880,-0.010610,-1.554530,ndi
1786508911.285634,27.782981,-0.000820,-0.010630,-1.554570,ndi
1786508911.303108,27.800454,-0.000720,-0.010660,-1.554520,ndi
1786508911.320625,27.817971,-0.000650,-0.010670,-1.554530,ndi
1786508911.335654,27.833001,-0.000580,-0.010670,-1.554490,ndi
1786508911.353101,27.850447,-0.000500,-0.010700,-1.554480,ndi
1786508911.370623,27.867970,-0.000430,-0.010710,-1.554470,ndi
1786508911.385638,27.882985,-0.000350,-0.010730,-1.554420,ndi
1786508911.403607,27.900954,-0.000280,-0.010740,-1.554430,ndi
1786508911.420632,27.917978,-0.000210,-0.010770,-1.554400,ndi
1786508911.435645,27.932991,-0.000150,-0.010770,-1.554390,ndi
1786508911.453149,27.950496,-0.000090,-0.010790,-1.554380,ndi
1786508911.468225,27.965572,-0.000030,-0.010810,-1.554370,ndi
1786508911.485619,27.982965,0.000040,-0.010840,-1.554380,ndi
1786508911.503159,28.000505,0.000100,-0.010840,-1.554330,ndi
1786508911.518153,28.015500,0.000170,-0.010850,-1.554310,ndi
1786508911.535638,28.032984,0.000250,-0.010890,-1.554290,ndi
1786508911.553135,28.050482,0.000320,-0.010910,-1.554280,ndi
1786508911.570626,28.067972,0.000410,-0.010910,-1.554240,ndi
1786508911.585660,28.083006,0.000470,-0.010930,-1.554240,ndi
1786508911.603126,28.100472,0.000530,-0.010970,-1.554220,ndi
1786508911.620650,28.117997,0.000610,-0.010980,-1.554230,ndi
1786508911.635671,28.133018,0.000680,-0.010990,-1.554150,ndi
1786508911.653129,28.150476,0.000770,-0.011020,-1.554120,ndi
1786508911.668145,28.165492,0.000840,-0.011050,-1.554100,ndi
1786508911.685602,28.182948,0.000920,-0.011060,-1.554080,ndi
1786508911.703125,28.200471,0.001000,-0.011080,-1.554040,ndi
1786508911.718158,28.215505,0.001070,-0.011100,-1.554040,ndi
1786508911.735647,28.232993,0.001150,-0.011140,-1.554010,ndi
1786508911.753111,28.250457,0.001220,-0.011150,-1.554020,ndi
1786508911.768178,28.265524,0.001310,-0.011170,-1.554000,ndi
1786508911.785642,28.282989,0.001370,-0.011200,-1.553970,ndi
1786508911.803138,28.300485,0.001450,-0.011220,-1.553930,ndi
1786508911.818165,28.315512,0.001510,-0.011240,-1.553900,ndi
1786508911.835662,28.333009,0.001590,-0.011260,-1.553900,ndi
1786508911.853164,28.350511,0.001670,-0.011290,-1.553840,ndi
1786508911.868161,28.365508,0.001740,-0.011310,-1.553820,ndi
1786508911.885636,28.382983,0.001810,-0.011330,-1.553790,ndi
1786508911.903111,28.400457,0.001880,-0.011350,-1.553770,ndi
1786508911.918233,28.415580,0.001950,-0.011380,-1.553740,ndi
1786508911.935640,28.432987,0.002020,-0.011410,-1.553680,ndi
1786508911.953151,28.450498,0.002100,-0.011430,-1.553690,ndi
1786508911.968162,28.465508,0.002160,-0.011450,-1.553640,ndi
1786508911.985641,28.482988,0.002230,-0.011480,-1.553620,ndi
1786508912.003137,28.500484,0.002280,-0.011500,-1.553590,ndi
1786508912.020640,28.517987,0.002360,-0.011520,-1.553570,ndi
1786508912.035657,28.533004,0.002410,-0.011530,-1.553570,ndi
1786508912.053149,28.550496,0.002480,-0.011570,-1.553520,ndi
1786508912.068126,28.565472,0.002530,-0.011590,-1.553520,ndi
1786508912.085637,28.582984,0.002600,-0.011610,-1.553480,ndi
1786508912.103133,28.600480,0.002670,-0.011630,-1.553470,ndi
1786508912.118159,28.615506,0.002730,-0.011660,-1.553450,ndi
1786508912.135660,28.633006,0.002810,-0.011680,-1.553410,ndi
1786508912.153133,28.650480,0.002850,-0.011700,-1.553400,ndi
1786508912.168188,28.665534,0.002910,-0.011710,-1.553350,ndi
1786508912.185648,28.682995,0.002980,-0.011750,-1.553320,ndi
1786508912.203152,28.700499,0.003050,-0.011770,-1.553270,ndi
1786508912.218198,28.715544,0.003120,-0.011790,-1.553250,ndi
1786508912.235654,28.733001,0.003190,-0.011820,-1.553240,ndi
1786508912.253139,28.750486,0.003260,-0.011850,-1.553210,ndi
1786508912.268179,28.765526,0.003330,-0.011870,-1.553180,ndi
1786508912.285589,28.782936,0.003390,-0.011900,-1.553140,ndi
1786508912.303132,28.800478,0.003460,-0.011940,-1.553110,ndi
1786508912.318240,28.815587,0.003540,-0.011970,-1.553050,ndi
1786508912.335650,28.832997,0.003610,-0.011990,-1.553010,ndi
1786508912.353143,28.850490,0.003690,-0.012020,-1.553000,ndi
1786508912.368195,28.865542,0.003740,-0.012060,-1.552950,ndi
1786508912.385661,28.883008,0.003820,-0.012090,-1.552940,ndi
1786508912.403138,28.900484,0.003880,-0.012120,-1.552900,ndi
1786508912.418242,28.915588,0.003940,-0.012150,-1.552890,ndi
1786508912.435672,28.933018,0.004020,-0.012180,-1.552890,ndi
1786508912.453159,28.950505,0.004080,-0.012210,-1.552810,ndi
1786508912.468180,28.965527,0.004140,-0.012240,-1.552800,ndi
1786508912.485635,28.982981,0.004210,-0.012270,-1.552750,ndi
1786508912.503159,29.000506,0.004270,-0.012290,-1.552730,ndi
1786508912.518194,29.015540,0.004350,-0.012320,-1.552700,ndi
1786508912.535654,29.033000,0.004400,-0.012350,-1.552660,ndi
1786508912.553147,29.050493,0.004470,-0.012390,-1.552600,ndi
1786508912.568171,29.065517,0.004530,-0.012400,-1.552590,ndi
1786508912.585679,29.083025,0.004580,-0.012420,-1.552560,ndi
1786508912.603156,29.100502,0.004640,-0.012470,-1.552510,ndi
1786508912.618211,29.115557,0.004690,-0.012490,-1.552460,ndi
1786508912.635694,29.133041,0.004770,-0.012510,-1.552500,ndi
1786508912.653136,29.150482,0.004820,-0.012550,-1.552430,ndi
1786508912.670610,29.167957,0.004880,-0.012600,-1.552380,ndi
1786508912.685654,29.183000,0.004950,-0.012610,-1.552370,ndi
1786508912.703160,29.200507,0.005010,-0.012630,-1.552340,ndi
1786508912.720652,29.217999,0.005070,-0.012670,-1.552280,ndi
1786508912.735658,29.233005,0.005110,-0.012710,-1.552250,ndi
1786508912.753165,29.250512,0.005170,-0.012720,-1.552190,ndi
1786508912.770646,29.267992,0.005240,-0.012750,-1.552170,ndi
1786508912.785663,29.283010,0.005280,-0.012790,-1.552130,ndi
1786508912.803154,29.300500,0.005370,-0.012840,-1.552080,ndi
1786508912.820655,29.318001,0.005420,-0.012860,-1.552040,ndi
1786508912.835676,29.333022,0.005480,-0.012880,-1.552030,ndi
1786508912.853123,29.350470,0.005550,-0.012940,-1.551960,ndi
1786508912.868148,29.365494,0.005580,-0.012960,-1.551930,ndi
1786508912.885642,29.382988,0.005670,-0.012980,-1.551890,ndi
1786508912.903184,29.400531,0.005730,-0.013030,-1.551840,ndi
1786508912.918183,29.415530,0.005780,-0.013070,-1.551820,ndi
1786508912.935685,29.433032,0.005860,-0.013100,-1.551800,ndi
1786508912.953154,29.450500,0.005920,-0.013120,-1.551760,ndi
1786508912.970646,29.467993,0.005990,-0.013170,-1.551730,ndi
1786508912.985671,29.483017,0.006040,-0.013210,-1.551660,ndi
1786508913.003167,29.500514,0.006100,-0.013240,-1.551670,ndi
1786508913.018212,29.515559,0.006160,-0.013270,-1.551610,ndi
1786508913.035712,29.533059,0.006220,-0.013310,-1.551560,ndi
1786508913.053125,29.550472,0.006300,-0.013360,-1.551540,ndi
1786508913.068159,29.565505,0.006320,-0.013390,-1.551460,ndi
1786508913.085667,29.583014,0.006390,-0.013410,-1.551430,ndi
1786508913.103171,29.600518,0.006460,-0.013460,-1.551370,ndi
1786508913.120650,29.617996,0.006510,-0.013490,-1.551320,ndi
1786508913.135665,29.633011,0.006560,-0.013530,-1.551320,ndi
1786508913.153161,29.650508,0.006610,-0.013560,-1.551250,ndi
1786508913.168302,29.665649,0.006660,-0.013580,-1.551190,ndi
1786508913.185693,29.683040,0.006720,-0.013630,-1.551160,ndi
1786508913.203171,29.700518,0.006770,-0.013660,-1.551100,ndi
1786508913.218226,29.715573,0.006830,-0.013680,-1.551090,ndi
1786508913.235698,29.733045,0.006860,-0.013720,-1.551080,ndi
1786508913.253118,29.750464,0.006940,-0.013770,-1.551030,ndi
1786508913.270597,29.767944,0.006990,-0.013810,-1.550970,ndi
1786508913.285686,29.783032,0.007040,-0.013830,-1.550920,ndi
1786508913.303179,29.800525,0.007100,-0.013860,-1.550930,ndi
1786508913.318177,29.815523,0.007130,-0.013890,-1.550900,ndi
1786508913.335684,29.833030,0.007200,-0.013940,-1.550820,ndi
1786508913.353161,29.850507,0.007270,-0.013960,-1.550750,ndi
1786508913.368187,29.865534,0.007320,-0.014000,-1.550730,ndi
1786508913.385696,29.883043,0.007370,-0.014060,-1.550660,ndi
1786508913.403156,29.900502,0.007440,-0.014110,-1.550630,ndi
1786508913.418293,29.915639,0.007490,-0.014140,-1.550590,ndi
1786508913.435747,29.933094,0.007530,-0.014170,-1.550480,ndi
1786508913.453152,29.950498,0.007600,-0.014230,-1.550480,ndi
1786508913.470621,29.967968,0.007650,-0.014270,-1.550410,ndi
1786508913.485687,29.983034,0.007710,-0.014300,-1.550370,ndi
1786508913.503180,30.000527,0.007760,-0.014340,-1.550320,ndi
1786508913.518201,30.015548,0.007790,-0.014380,-1.550300,ndi
1786508913.535690,30.033036,0.007850,-0.014410,-1.550240,ndi
1786508913.553169,30.050516,0.007900,-0.014440,-1.550200,ndi
1786508913.568191,30.065537,0.007940,-0.014480,-1.550190,ndi
1786508913.585705,30.083052,0.008000,-0.014530,-1.550130,ndi
1786508913.603179,30.100525,0.008050,-0.014560,-1.550080,ndi
1786508913.618193,30.115540,0.008110,-0.014600,-1.549990,ndi
1786508913.635718,30.133065,0.008160,-0.014650,-1.549970,ndi
1786508913.653211,30.150558,0.008210,-0.014690,-1.549940,ndi
1786508913.670648,30.167995,0.008260,-0.014730,-1.549860,ndi
1786508913.685705,30.183052,0.008300,-0.014760,-1.549820,ndi
1786508913.703209,30.200556,0.008350,-0.014800,-1.549760,ndi
1786508913.718191,30.215538,0.008380,-0.014830,-1.549730,ndi
1786508913.735704,30.233051,0.008420,-0.014870,-1.549700,ndi
1786508913.753175,30.250522,0.008470,-0.014900,-1.549620,ndi
1786508913.770662,30.268009,0.008510,-0.014950,-1.549580,ndi
1786508913.785696,30.283043,0.008560,-0.015000,-1.549560,ndi
1786508913.803183,30.300530,0.008610,-0.015030,-1.549480,ndi
1786508913.818225,30.315572,0.008650,-0.015070,-1.549450,ndi
1786508913.835665,30.333012,0.008690,-0.015110,-1.549400,ndi
1786508913.853142,30.350489,0.008730,-0.015150,-1.549400,ndi
1786508913.868190,30.365536,0.008770,-0.015180,-1.549330,ndi
1786508913.885656,30.383003,0.008830,-0.015220,-1.549290,ndi
1786508913.903182,30.400529,0.008860,-0.015260,-1.549260,ndi
1786508913.918202,30.415549,0.008910,-0.015300,-1.549200,ndi
1786508913.935640,30.432987,0.008960,-0.015350,-1.549140,ndi
1786508913.953186,30.450533,0.009000,-0.015390,-1.549050,ndi
1786508913.970642,30.467988,0.009050,-0.015440,-1.548970,ndi
1786508913.985669,30.483015,0.009100,-0.015480,-1.548940,ndi
1786508914.003181,30.500527,0.009130,-0.015520,-1.548890,ndi
1786508914.018208,30.515554,0.009150,-0.015560,-1.548830,ndi
1786508914.035677,30.533024,0.009200,-0.015600,-1.548810,ndi
1786508914.053167,30.550514,0.009250,-0.015660,-1.548750,ndi
1786508914.068197,30.565543,0.009300,-0.015690,-1.548670,ndi
1786508914.085700,30.583046,0.009330,-0.015730,-1.548600,ndi
1786508914.103186,30.600533,0.009370,-0.015770,-1.548540,ndi
1786508914.118197,30.615544,0.009420,-0.015820,-1.548520,ndi
1786508914.135688,30.633035,0.009450,-0.015870,-1.548470,ndi
1786508914.153209,30.650556,0.009500,-0.015910,-1.548400,ndi
1786508914.168186,30.665533,0.009540,-0.015940,-1.548350,ndi
1786508914.185716,30.683063,0.009580,-0.016000,-1.548250,ndi
1786508914.203178,30.700524,0.009630,-0.016060,-1.548210,ndi
1786508914.220297,30.717643,0.009660,-0.016090,-1.548160,ndi
1786508914.235757,30.733104,0.009700,-0.016120,-1.548120,ndi
1786508914.253158,30.750505,0.009740,-0.016180,-1.548040,ndi
1786508914.268203,30.765549,0.009760,-0.016220,-1.547980,ndi
1786508914.285668,30.783015,0.009800,-0.016240,-1.547950,ndi
1786508914.303211,30.800557,0.009830,-0.016280,-1.547910,ndi
1786508914.318206,30.815552,0.009860,-0.016320,-1.547850,ndi
1786508914.335664,30.833011,0.009900,-0.016380,-1.547830,ndi
1786508914.353186,30.850533,0.009930,-0.016400,-1.547750,ndi
1786508914.368192,30.865539,0.009960,-0.016430,-1.547690,ndi
1786508914.385680,30.883027,0.009990,-0.016490,-1.547700,ndi
1786508914.403192,30.900538,0.010030,-0.016530,-1.547630,ndi
1786508914.418194,30.915540,0.010050,-0.016550,-1.547570,ndi
1786508914.435660,30.933007,0.010080,-0.016600,-1.547530,ndi
1786508914.453189,30.950535,0.010110,-0.016650,-1.547470,ndi
1786508914.468208,30.965555,0.010130,-0.016680,-1.547420,ndi
1786508914.485703,30.983050,0.010170,-0.016710,-1.547350,ndi
1786508914.503194,31.000540,0.010200,-0.016770,-1.547290,ndi
1786508914.518171,31.015517,0.010230,-0.016830,-1.547200,ndi
1786508914.535813,31.033160,0.010270,-0.016870,-1.547120,ndi
1786508914.553197,31.050544,0.010300,-0.016910,-1.547090,ndi
1786508914.568203,31.065549,0.010330,-0.016960,-1.547060,ndi
1786508914.585715,31.083062,0.010370,-0.017030,-1.546950,ndi
1786508914.603191,31.100538,0.010380,-0.017050,-1.546910,ndi
1786508914.618231,31.115578,0.010420,-0.017090,-1.546840,ndi
1786508914.635680,31.133027,0.010460,-0.017150,-1.546820,ndi
1786508914.653197,31.150544,0.010470,-0.017200,-1.546770,ndi
1786508914.670660,31.168007,0.010510,-0.017240,-1.546690,ndi
1786508914.685709,31.183056,0.010540,-0.017280,-1.546650,ndi
1786508914.703182,31.200528,0.010570,-0.017340,-1.546580,ndi
1786508914.718174,31.215521,0.010600,-0.017370,-1.546550,ndi
1786508914.735704,31.233051,0.010620,-0.017410,-1.546470,ndi
1786508914.753214,31.250561,0.010650,-0.017480,-1.546400,ndi
1786508914.768187,31.265533,0.010680,-0.017530,-1.546330,ndi
1786508914.785706,31.283052,0.010700,-0.017560,-1.546250,ndi
1786508914.803240,31.300587,0.010720,-0.017600,-1.546210,ndi
1786508914.818168,31.315515,0.010740,-0.017650,-1.546120,ndi
1786508914.835636,31.332982,0.010760,-0.017690,-1.546110,ndi
1786508914.853155,31.350502,0.010780,-0.017720,-1.546060,ndi
1786508914.868176,31.365523,0.010800,-0.017750,-1.545960,ndi
1786508914.885696,31.383043,0.010830,-0.017820,-1.545930,ndi
1786508914.903191,31.400537,0.010850,-0.017850,-1.545870,ndi
1786508914.920670,31.418017,0.010870,-0.017890,-1.545850,ndi
1786508914.935716,31.433063,0.010880,-0.017920,-1.545790,ndi
1786508914.953191,31.450537,0.010900,-0.017980,-1.545720,ndi
1786508914.968202,31.465549,0.010930,-0.018010,-1.545650,ndi
1786508914.985691,31.483038,0.010930,-0.018040,-1.545640,ndi
1786508915.003193,31.500539,0.010970,-0.018110,-1.545570,ndi
1786508915.018186,31.515533,0.010980,-0.018150,-1.545530,ndi
1786508915.035701,31.533048,0.010980,-0.018190,-1.545450,ndi
1786508915.053206,31.550553,0.011020,-0.018240,-1.545380,ndi
1786508915.070670,31.568017,0.011050,-0.018300,-1.545310,ndi
1786508915.085720,31.583066,0.011060,-0.018350,-1.545260,ndi
1786508915.103181,31.600527,0.011080,-0.018390,-1.545170,ndi
1786508915.118199,31.615546,0.011100,-0.018430,-1.545110,ndi
1786508915.135711,31.633058,0.011120,-0.018500,-1.545050,ndi
1786508915.153211,31.650558,0.011130,-0.018540,-1.544980,ndi
1786508915.168208,31.665555,0.011160,-0.018570,-1.544890,ndi
1786508915.185706,31.683053,0.011150,-0.018630,-1.544790,ndi
1786508915.203161,31.700508,0.011180,-0.018700,-1.544730,ndi
1786508915.218150,31.715496,0.011200,-0.018740,-1.544690,ndi
1786508915.235700,31.733047,0.011210,-0.018760,-1.544600,ndi
1786508915.253197,31.750543,0.011230,-0.018820,-1.544530,ndi
1786508915.268202,31.765549,0.011240,-0.018880,-1.544480,ndi
1786508915.285733,31.783079,0.011270,-0.018920,-1.544410,ndi
1786508915.303160,31.800507,0.011280,-0.018950,-1.544370,ndi
1786508915.318174,31.815521,0.011280,-0.019020,-1.544300,ndi
1786508915.335761,31.833107,0.011300,-0.019080,-1.544200,ndi
1786508915.353201,31.850548,0.011320,-0.019100,-1.544160,ndi
1786508915.368209,31.865556,0.011320,-0.019130,-1.544100,ndi
1786508915.385705,31.883051,0.011320,-0.019200,-1.544020,ndi
1786508915.403153,31.900500,0.011350,-0.019260,-1.544010,ndi
1786508915.418186,31.915533,0.011340,-0.019270,-1.543930,ndi
1786508915.435682,31.933028,0.011370,-0.019300,-1.543850,ndi
1786508915.453211,31.950557,0.011370,-0.019370,-1.543810,ndi
1786508915.468203,31.965550,0.011380,-0.019420,-1.543780,ndi
1786508915.485686,31.983033,0.011400,-0.019440,-1.543710,ndi
1786508915.503207,32.000554,0.011400,-0.019470,-1.543620,ndi
1786508915.518211,32.015558,0.011410,-0.019530,-1.543570,ndi
1786508915.535806,32.033152,0.011430,-0.019590,-1.543490,ndi
1786508915.553226,32.050573,0.011430,-0.019600,-1.543410,ndi
1786508915.568191,32.065537,0.011440,-0.019640,-1.543390,ndi
1786508915.585669,32.083015,0.011440,-0.019710,-1.543340,ndi
1786508915.603159,32.100506,0.011460,-0.019750,-1.543260,ndi
1786508915.618170,32.115517,0.011450,-0.019770,-1.543250,ndi
1786508915.635711,32.133057,0.011460,-0.019820,-1.543150,ndi
1786508915.653194,32.150541,0.011470,-0.019890,-1.543050,ndi
1786508915.668273,32.165620,0.011480,-0.019930,-1.542990,ndi
1786508915.685702,32.183049,0.011480,-0.019970,-1.542930,ndi
1786508915.703202,32.200548,0.011480,-0.020020,-1.542880,ndi
1786508915.718196,32.215542,0.011490,-0.020080,-1.542780,ndi
1786508915.735716,32.233063,0.011490,-0.020120,-1.542740,ndi
1786508915.753216,32.250562,0.011500,-0.020170,-1.542620,ndi
1786508915.768205,32.265552,0.011490,-0.020220,-1.542590,ndi
1786508915.785720,32.283066,0.011490,-0.020260,-1.542490,ndi
1786508915.803195,32.300541,0.011490,-0.020310,-1.542430,ndi
1786508915.818215,32.315562,0.011490,-0.020340,-1.542390,ndi
1786508915.835740,32.333086,0.011490,-0.020400,-1.542320,ndi
1786508915.853200,32.350547,0.011500,-0.020450,-1.542260,ndi
1786508915.868248,32.365595,0.011500,-0.020490,-1.542190,ndi
1786508915.885708,32.383055,0.011510,-0.020530,-1.542140,ndi
1786508915.903210,32.400557,0.011500,-0.020580,-1.542070,ndi
1786508915.918205,32.415552,0.011500,-0.020610,-1.541930,ndi
1786508915.935726,32.433073,0.011490,-0.020660,-1.541930,ndi
1786508915.953213,32.450559,0.011500,-0.020710,-1.541820,ndi
1786508915.968230,32.465576,0.011480,-0.020750,-1.541730,ndi
1786508915.985663,32.483010,0.011480,-0.020790,-1.541700,ndi
1786508916.003179,32.500525,0.011490,-0.020840,-1.541630,ndi
1786508916.018183,32.515530,0.011490,-0.020880,-1.541610,ndi
1786508916.035715,32.533061,0.011480,-0.020920,-1.541530,ndi
1786508916.053208,32.550554,0.011490,-0.020960,-1.541490,ndi
1786508916.068239,32.565585,0.011480,-0.020990,-1.541440,ndi
1786508916.085729,32.583076,0.011480,-0.021040,-1.541400,ndi
1786508916.103195,32.600542,0.011480,-0.021090,-1.541320,ndi
1786508916.118215,32.615561,0.011470,-0.021120,-1.541260,ndi
1786508916.135700,32.633047,0.011460,-0.021150,-1.541180,ndi
1786508916.153225,32.650572,0.011460,-0.021210,-1.541180,ndi
1786508916.168196,32.665543,0.011450,-0.021250,-1.541030,ndi
1786508916.185689,32.683035,0.011450,-0.021290,-1.541000,ndi
1786508916.203184,32.700531,0.011440,-0.021330,-1.540970,ndi
1786508916.218184,32.715530,0.011430,-0.021390,-1.540830,ndi
1786508916.235703,32.733050,0.011420,-0.021440,-1.540810,ndi
1786508916.253225,32.750571,0.011420,-0.021480,-1.540720,ndi
1786508916.268311,32.765657,0.011410,-0.021530,-1.540630,ndi
1786508916.285720,32.783066,0.011410,-0.021590,-1.540570,ndi
1786508916.303213,32.800560,0.011400,-0.021630,-1.540510,ndi
1786508916.318214,32.815561,0.011380,-0.021650,-1.540420,ndi
1786508916.335777,32.833123,0.011390,-0.021720,-1.540360,ndi
1786508916.353236,32.850583,0.011380,-0.021770,-1.540310,ndi
1786508916.368378,32.865725,0.011350,-0.021790,-1.540200,ndi
1786508916.385698,32.883044,0.011350,-0.021830,-1.540180,ndi
1786508916.403221,32.900568,0.011330,-0.021900,-1.540120,ndi
1786508916.418247,32.915593,0.011320,-0.021950,-1.540060,ndi
1786508916.435747,32.933094,0.011310,-0.021980,-1.539980,ndi
1786508916.453218,32.950565,0.011300,-0.022030,-1.539900,ndi
1786508916.468197,32.965544,0.011290,-0.022080,-1.539870,ndi
1786508916.485732,32.983079,0.011280,-0.022130,-1.539760,ndi
1786508916.503223,33.000570,0.011260,-0.022150,-1.539710,ndi
1786508916.518204,33.015551,0.011260,-0.022200,-1.539690,ndi
1786508916.535724,33.033071,0.011230,-0.022260,-1.539590,ndi
1786508916.553247,33.050594,0.011210,-0.022290,-1.539520,ndi
1786508916.568176,33.065523,0.011220,-0.022310,-1.539470,ndi
1786508916.585695,33.083041,0.011190,-0.022370,-1.539420,ndi
1786508916.603252,33.100598,0.011180,-0.022420,-1.539330,ndi
1786508916.618234,33.115581,0.011170,-0.022440,-1.539270,ndi
1786508916.635724,33.133070,0.011160,-0.022470,-1.539210,ndi
1786508916.653193,33.150540,0.011150,-0.022530,-1.539190,ndi
1786508916.668213,33.165559,0.011140,-0.022560,-1.539110,ndi
1786508916.685725,33.183072,0.011120,-0.022580,-1.539060,ndi
1786508916.703220,33.200566,0.011100,-0.022630,-1.538970,ndi
1786508916.718204,33.215550,0.011090,-0.022690,-1.538910,ndi
1786508916.735729,33.233075,0.011070,-0.022720,-1.538860,ndi
1786508916.753190,33.250536,0.011050,-0.022730,-1.538750,ndi
1786508916.768180,33.265527,0.011040,-0.022790,-1.538740,ndi
1786508916.785704,33.283051,0.011000,-0.022850,-1.538640,ndi
1786508916.803235,33.300581,0.011000,-0.022880,-1.538580,ndi
1786508916.818236,33.315583,0.010980,-0.022920,-1.538520,ndi
1786508916.835739,33.333086,0.010940,-0.022980,-1.538440,ndi
1786508916.853223,33.350569,0.010930,-0.023030,-1.538400,ndi
1786508916.868244,33.365591,0.010920,-0.023050,-1.538290,ndi
1786508916.885733,33.383080,0.010900,-0.023100,-1.538230,ndi
1786508916.903233,33.400579,0.010870,-0.023170,-1.538170,ndi
1786508916.918236,33.415582,0.010850,-0.023200,-1.538080,ndi
1786508916.935716,33.433063,0.010830,-0.023230,-1.538030,ndi
1786508916.953251,33.450598,0.010790,-0.023280,-1.537960,ndi
1786508916.968181,33.465528,0.010790,-0.023330,-1.537910,ndi
1786508916.985735,33.483082,0.010750,-0.023370,-1.537860,ndi
1786508917.003206,33.500553,0.010720,-0.023410,-1.537760,ndi
1786508917.018234,33.515581,0.010700,-0.023450,-1.537730,ndi
1786508917.035738,33.533084,0.010680,-0.023500,-1.537650,ndi
1786508917.053202,33.550549,0.010660,-0.023540,-1.537570,ndi
1786508917.068230,33.565577,0.010640,-0.023570,-1.537490,ndi
1786508917.085742,33.583089,0.010600,-0.023610,-1.537460,ndi
1786508917.103218,33.600564,0.010580,-0.023660,-1.537340,ndi
1786508917.118209,33.615556,0.010570,-0.023690,-1.537310,ndi
1786508917.135773,33.633119,0.010510,-0.023720,-1.537220,ndi
1786508917.153227,33.650574,0.010510,-0.023760,-1.537170,ndi
1786508917.168178,33.665525,0.010480,-0.023790,-1.537120,ndi
1786508917.185746,33.683093,0.010460,-0.023830,-1.537090,ndi
1786508917.203223,33.700570,0.010440,-0.023860,-1.537010,ndi
1786508917.218240,33.715587,0.010410,-0.023890,-1.536980,ndi
1786508917.235734,33.733080,0.010390,-0.023940,-1.536930,ndi
1786508917.253192,33.750539,0.010360,-0.023980,-1.536840,ndi
1786508917.268197,33.765543,0.010340,-0.024010,-1.536710,ndi
1786508917.285758,33.783105,0.010310,-0.024050,-1.536700,ndi
1786508917.303236,33.800583,0.010280,-0.024090,-1.536640,ndi
1786508917.318236,33.815582,0.010250,-0.024120,-1.536620,ndi
1786508917.335747,33.833093,0.010210,-0.024160,-1.536540,ndi
1786508917.353222,33.850569,0.010190,-0.024210,-1.536480,ndi
1786508917.368208,33.865555,0.010140,-0.024260,-1.536370,ndi
1786508917.385747,33.883094,0.010110,-0.024300,-1.536350,ndi
1786508917.403238,33.900585,0.010090,-0.024340,-1.536250,ndi
1786508917.418267,33.915614,0.010050,-0.024380,-1.536210,ndi
1786508917.435730,33.933077,0.010020,-0.024420,-1.536100,ndi
1786508917.453242,33.950589,0.009990,-0.024450,-1.536030,ndi
1786508917.468241,33.965588,0.009960,-0.024500,-1.535980,ndi
1786508917.485754,33.983101,0.009930,-0.024530,-1.535900,ndi
1786508917.503238,34.000585,0.009900,-0.024560,-1.535830,ndi
1786508917.518234,34.015581,0.009870,-0.024600,-1.535800,ndi
1786508917.535700,34.033046,0.009830,-0.024640,-1.535710,ndi
1786508917.553250,34.050597,0.009790,-0.024680,-1.535640,ndi
1786508917.568224,34.065571,0.009750,-0.024720,-1.535600,ndi
1786508917.585731,34.083077,0.009730,-0.024760,-1.535530,ndi
1786508917.603231,34.100577,0.009670,-0.024800,-1.535470,ndi
1786508917.618225,34.115572,0.009650,-0.024830,-1.535420,ndi
1786508917.635721,34.133068,0.009630,-0.024860,-1.535330,ndi
1786508917.653270,34.150616,0.009570,-0.024910,-1.535270,ndi
1786508917.668253,34.165600,0.009550,-0.024940,-1.535200,ndi
1786508917.685727,34.183074,0.009520,-0.024960,-1.535150,ndi
1786508917.703234,34.200580,0.009480,-0.025010,-1.535070,ndi
1786508917.718226,34.215573,0.009450,-0.025040,-1.535040,ndi
1786508917.735711,34.233058,0.009410,-0.025060,-1.535020,ndi
1786508917.753239,34.250585,0.009380,-0.025100,-1.534950,ndi
1786508917.768249,34.265595,0.009340,-0.025140,-1.534890,ndi
1786508917.785737,34.283083,0.009310,-0.025180,-1.534850,ndi
1786508917.803221,34.300567,0.009270,-0.025200,-1.534770,ndi
1786508917.818262,34.315609,0.009250,-0.025220,-1.534770,ndi
1786508917.835741,34.333087,0.009210,-0.025270,-1.534700,ndi
1786508917.853245,34.350591,0.009160,-0.025300,-1.534620,ndi
1786508917.868248,34.365595,0.009130,-0.025320,-1.534570,ndi
1786508917.885735,34.383081,0.009080,-0.025370,-1.534540,ndi
1786508917.903222,34.400569,0.009050,-0.025410,-1.534440,ndi
1786508917.918265,34.415612,0.008990,-0.025440,-1.534390,ndi
1786508917.935747,34.433093,0.008950,-0.025470,-1.534310,ndi
1786508917.953400,34.450747,0.008910,-0.025540,-1.534250,ndi
1786508917.968260,34.465607,0.008860,-0.025570,-1.534170,ndi
1786508917.985755,34.483102,0.008820,-0.025590,-1.534140,ndi
1786508918.003231,34.500578,0.008770,-0.025640,-1.534100,ndi
1786508918.018256,34.515602,0.008740,-0.025690,-1.534010,ndi
1786508918.035767,34.533114,0.008710,-0.025710,-1.533910,ndi
1786508918.053237,34.550584,0.008640,-0.025730,-1.533900,ndi
1786508918.068258,34.565605,0.008620,-0.025770,-1.533800,ndi
1786508918.085774,34.583121,0.008560,-0.025820,-1.533760,ndi
1786508918.103253,34.600600,0.008520,-0.025840,-1.533660,ndi
1786508918.118219,34.615566,0.008480,-0.025870,-1.533620,ndi
1786508918.135732,34.633079,0.008440,-0.025900,-1.533560,ndi
1786508918.153210,34.650557,0.008380,-0.025950,-1.533510,ndi
1786508918.168257,34.665604,0.008350,-0.025970,-1.533500,ndi
1786508918.185789,34.683135,0.008300,-0.026000,-1.533450,ndi
1786508918.203264,34.700610,0.008260,-0.026050,-1.533380,ndi
1786508918.218230,34.715577,0.008220,-0.026080,-1.533320,ndi
1786508918.235733,34.733080,0.008180,-0.026100,-1.533260,ndi
1786508918.253254,34.750601,0.008120,-0.026140,-1.533180,ndi
1786508918.268248,34.765595,0.008080,-0.026180,-1.533150,ndi
1786508918.285762,34.783109,0.008040,-0.026200,-1.533120,ndi
1786508918.303241,34.800588,0.007990,-0.026220,-1.533030,ndi
1786508918.320702,34.818048,0.007950,-0.026250,-1.533010,ndi
1786508918.335718,34.833065,0.007910,-0.026280,-1.532940,ndi
1786508918.353243,34.850590,0.007860,-0.026320,-1.532920,ndi
1786508918.368279,34.865626,0.007820,-0.026340,-1.532880,ndi
1786508918.385777,34.883124,0.007770,-0.026360,-1.532820,ndi
1786508918.403251,34.900598,0.007730,-0.026410,-1.532790,ndi
1786508918.418252,34.915599,0.007680,-0.026440,-1.532730,ndi
1786508918.435739,34.933086,0.007630,-0.026460,-1.532650,ndi
1786508918.453265,34.950612,0.007580,-0.026490,-1.532590,ndi
1786508918.468250,34.965596,0.007550,-0.026520,-1.532540,ndi
1786508918.485770,34.983117,0.007490,-0.026550,-1.532500,ndi
1786508918.503236,35.000582,0.007430,-0.026580,-1.532440,ndi
1786508918.518272,35.015619,0.007390,-0.026610,-1.532370,ndi
1786508918.535731,35.033077,0.007320,-0.026660,-1.532330,ndi
1786508918.553249,35.050596,0.007250,-0.026700,-1.532300,ndi
1786508918.568286,35.065633,0.007210,-0.026720,-1.532230,ndi
1786508918.585762,35.083109,0.007160,-0.026750,-1.532140,ndi
1786508918.603247,35.100594,0.007090,-0.026800,-1.532090,ndi
1786508918.618218,35.115565,0.007050,-0.026820,-1.532080,ndi
1786508918.635763,35.133110,0.006990,-0.026850,-1.531960,ndi
1786508918.653235,35.150581,0.006930,-0.026880,-1.531910,ndi
1786508918.668258,35.165604,0.006880,-0.026910,-1.531850,ndi
1786508918.685763,35.183110,0.006830,-0.026940,-1.531810,ndi
1786508918.703216,35.200563,0.006780,-0.026960,-1.531730,ndi
1786508918.718243,35.215590,0.006730,-0.026990,-1.531710,ndi
1786508918.735718,35.233064,0.006670,-0.027030,-1.531670,ndi
1786508918.753280,35.250627,0.006610,-0.027060,-1.531620,ndi
1786508918.768268,35.265615,0.006560,-0.027080,-1.531610,ndi
1786508918.785770,35.283117,0.006510,-0.027120,-1.531580,ndi
1786508918.803252,35.300598,0.006470,-0.027160,-1.531530,ndi
1786508918.818254,35.315601,0.006420,-0.027170,-1.531420,ndi
1786508918.835747,35.333094,0.006360,-0.027200,-1.531410,ndi
1786508918.853247,35.350594,0.006300,-0.027220,-1.531370,ndi
1786508918.868271,35.365618,0.006260,-0.027250,-1.531320,ndi
1786508918.885760,35.383107,0.006210,-0.027270,-1.531250,ndi
1786508918.903227,35.400573,0.006150,-0.027290,-1.531190,ndi
1786508918.918217,35.415564,0.006100,-0.027330,-1.531190,ndi
1786508918.935764,35.433111,0.006050,-0.027360,-1.531170,ndi
1786508918.953263,35.450609,0.005990,-0.027370,-1.531130,ndi
1786508918.968274,35.465621,0.005940,-0.027400,-1.531080,ndi
1786508918.985792,35.483139,0.005890,-0.027440,-1.531040,ndi
1786508919.003253,35.500600,0.005820,-0.027460,-1.530990,ndi
1786508919.018265,35.515612,0.005760,-0.027480,-1.530900,ndi
1786508919.035781,35.533128,0.005710,-0.027510,-1.530860,ndi
1786508919.053261,35.550607,0.005640,-0.027540,-1.530830,ndi
1786508919.068258,35.565605,0.005600,-0.027560,-1.530770,ndi
1786508919.085782,35.583128,0.005510,-0.027590,-1.530720,ndi
1786508919.103230,35.600577,0.005440,-0.027620,-1.530670,ndi
1786508919.118253,35.615600,0.005400,-0.027650,-1.530660,ndi
1786508919.135759,35.633105,0.005330,-0.027680,-1.530570,ndi
1786508919.153266,35.650612,0.005260,-0.027710,-1.530540,ndi
1786508919.168285,35.665632,0.005200,-0.027730,-1.530480,ndi
1786508919.185774,35.683121,0.005140,-0.027760,-1.530450,ndi
1786508919.203245,35.700592,0.005060,-0.027790,-1.530400,ndi
1786508919.218265,35.715612,0.005020,-0.027800,-1.530340,ndi
1786508919.235799,35.733145,0.004960,-0.027830,-1.530300,ndi
1786508919.253257,35.750603,0.004890,-0.027870,-1.530250,ndi
1786508919.268248,35.765594,0.004850,-0.027880,-1.530230,ndi
1786508919.285777,35.783124,0.004780,-0.027890,-1.530180,ndi
1786508919.303213,35.800560,0.004710,-0.027930,-1.530130,ndi
1786508919.318228,35.815575,0.004670,-0.027950,-1.530100,ndi
1786508919.335758,35.833105,0.004600,-0.027970,-1.530060,ndi
1786508919.353261,35.850607,0.004540,-0.027990,-1.530040,ndi
1786508919.368291,35.865638,0.004480,-0.028020,-1.529970,ndi
1786508919.385768,35.883115,0.004410,-0.028060,-1.529940,ndi
1786508919.403263,35.900609,0.004360,-0.028050,-1.529860,ndi
1786508919.418282,35.915628,0.004310,-0.028080,-1.529870,ndi
1786508919.435761,35.933108,0.004230,-0.028110,-1.529810,ndi
1786508919.453252,35.950598,0.004180,-0.028140,-1.529780,ndi
1786508919.468249,35.965596,0.004140,-0.028130,-1.529730,ndi
1786508919.485734,35.983081,0.004060,-0.028160,-1.529670,ndi
1786508919.503226,36.000572,0.004010,-0.028200,-1.529680,ndi
1786508919.518239,36.015585,0.003970,-0.028210,-1.529670,ndi
1786508919.535770,36.033117,0.003890,-0.028220,-1.529600,ndi
1786508919.553245,36.050591,0.003830,-0.028250,-1.529590,ndi
1786508919.568439,36.065786,0.003790,-0.028280,-1.529560,ndi
1786508919.585773,36.083119,0.003700,-0.028300,-1.529520,ndi
1786508919.603266,36.100613,0.003650,-0.028310,-1.529440,ndi
1786508919.618260,36.115607,0.003570,-0.028340,-1.529420,ndi
1786508919.635777,36.133124,0.003500,-0.028370,-1.529370,ndi
1786508919.653270,36.150617,0.003460,-0.028380,-1.529350,ndi
1786508919.668398,36.165745,0.003380,-0.028390,-1.529340,ndi
1786508919.685771,36.183118,0.003300,-0.028420,-1.529300,ndi
1786508919.703237,36.200584,0.003230,-0.028460,-1.529260,ndi
1786508919.718250,36.215597,0.003170,-0.028470,-1.529220,ndi
1786508919.735783,36.233129,0.003090,-0.028490,-1.529170,ndi
1786508919.753271,36.250618,0.003020,-0.028520,-1.529150,ndi
1786508919.768278,36.265625,0.002950,-0.028530,-1.529100,ndi
1786508919.785754,36.283101,0.002890,-0.028550,-1.529090,ndi
1786508919.803269,36.300616,0.002810,-0.028570,-1.529010,ndi
1786508919.818275,36.315621,0.002740,-0.028590,-1.529000,ndi
1786508919.835752,36.333098,0.002680,-0.028600,-1.528930,ndi
1786508919.853254,36.350600,0.002620,-0.028620,-1.528940,ndi
1786508919.868347,36.365693,0.002540,-0.028630,-1.528850,ndi
1786508919.885752,36.383099,0.002490,-0.028660,-1.528860,ndi
1786508919.903239,36.400586,0.002430,-0.028670,-1.528840,ndi
1786508919.918279,36.415626,0.002360,-0.028690,-1.528830,ndi
1786508919.935786,36.433132,0.002300,-0.028720,-1.528800,ndi
1786508919.953266,36.450612,0.002240,-0.028730,-1.528760,ndi
1786508919.968266,36.465613,0.002190,-0.028740,-1.528730,ndi
1786508919.985774,36.483121,0.002120,-0.028760,-1.528700,ndi
1786508920.003233,36.500580,0.002050,-0.028770,-1.528650,ndi
1786508920.018271,36.515618,0.002000,-0.028790,-1.528620,ndi
1786508920.035794,36.533141,0.001940,-0.028800,-1.528600,ndi
1786508920.053282,36.550629,0.001870,-0.028820,-1.528540,ndi
1786508920.070115,36.567462,0.001820,-0.028830,-1.528500,ndi
1786508920.085847,36.583194,0.001760,-0.028840,-1.528500,ndi
1786508920.103254,36.600600,0.001700,-0.028860,-1.528490,ndi
1786508920.118238,36.615585,0.001630,-0.028880,-1.528490,ndi
1786508920.135788,36.633135,0.001570,-0.028900,-1.528460,ndi
1786508920.153265,36.650612,0.001500,-0.028910,-1.528410,ndi
1786508920.168274,36.665621,0.001430,-0.028920,-1.528380,ndi
1786508920.185779,36.683126,0.001370,-0.028940,-1.528330,ndi
1786508920.203263,36.700610,0.001290,-0.028950,-1.528300,ndi
1786508920.218290,36.715636,0.001230,-0.028960,-1.528260,ndi
1786508920.235770,36.733116,0.001160,-0.028970,-1.528230,ndi
1786508920.253266,36.750613,0.001080,-0.029000,-1.528210,ndi
1786508920.268228,36.765575,0.001030,-0.029000,-1.528200,ndi
1786508920.285786,36.783133,0.000930,-0.029010,-1.528190,ndi
1786508920.303307,36.800653,0.000860,-0.029030,-1.528150,ndi
1786508920.318295,36.815642,0.000790,-0.029060,-1.528080,ndi
1786508920.335769,36.833116,0.000710,-0.029070,-1.528080,ndi
1786508920.353261,36.850608,0.000640,-0.029070,-1.528010,ndi
1786508920.368254,36.865601,0.000570,-0.029080,-1.528000,ndi
1786508920.385786,36.883133,0.000510,-0.029110,-1.527980,ndi
1786508920.403268,36.900615,0.000430,-0.029110,-1.527980,ndi
1786508920.418296,36.915642,0.000370,-0.029110,-1.527920,ndi
1786508920.435785,36.933132,0.000290,-0.029130,-1.527900,ndi
1786508920.453273,36.950620,0.000210,-0.029160,-1.527870,ndi
1786508920.468267,36.965614,0.000160,-0.029160,-1.527850,ndi
1786508920.485770,36.983117,0.000060,-0.029160,-1.527860,ndi
1786508920.503277,37.000623,0.000000,-0.029180,-1.527800,ndi
1786508920.518262,37.015608,-0.000050,-0.029210,-1.527770,ndi
1786508920.535793,37.033140,-0.000120,-0.029200,-1.527750,ndi
1786508920.553286,37.050632,-0.000160,-0.029200,-1.527720,ndi
1786508920.568296,37.065643,-0.000230,-0.029230,-1.527720,ndi
1786508920.585797,37.083144,-0.000290,-0.029230,-1.527690,ndi
1786508920.603278,37.100624,-0.000360,-0.029230,-1.527650,ndi
1786508920.618261,37.115608,-0.000420,-0.029240,-1.527640,ndi
1786508920.635781,37.133128,-0.000490,-0.029260,-1.527650,ndi
1786508920.653385,37.150732,-0.000560,-0.029270,-1.527600,ndi
1786508920.668289,37.165635,-0.000600,-0.029270,-1.527590,ndi
1786508920.685764,37.183111,-0.000680,-0.029290,-1.527600,ndi
1786508920.703290,37.200637,-0.000740,-0.029300,-1.527570,ndi
1786508920.718286,37.215632,-0.000820,-0.029310,-1.527580,ndi
1786508920.735785,37.233131,-0.000880,-0.029300,-1.527520,ndi
1786508920.753270,37.250617,-0.000940,-0.029320,-1.527520,ndi
1786508920.768288,37.265635,-0.001030,-0.029330,-1.527470,ndi
1786508920.785804,37.283150,-0.001080,-0.029330,-1.527480,ndi
1786508920.803282,37.300628,-0.001150,-0.029330,-1.527440,ndi
1786508920.818288,37.315634,-0.001230,-0.029340,-1.527440,ndi
1786508920.835795,37.333141,-0.001290,-0.029360,-1.527410,ndi
1786508920.853251,37.350598,-0.001390,-0.029370,-1.527370,ndi
1786508920.868247,37.365593,-0.001450,-0.029380,-1.527350,ndi
1786508920.885799,37.383146,-0.001520,-0.029390,-1.527340,ndi
1786508920.903281,37.400628,-0.001600,-0.029400,-1.527360,ndi
1786508920.918303,37.415650,-0.001670,-0.029400,-1.527340,ndi
1786508920.935783,37.433130,-0.001750,-0.029410,-1.527300,ndi
1786508920.953264,37.450610,-0.001820,-0.029420,-1.527280,ndi
1786508920.968288,37.465634,-0.001900,-0.029430,-1.527250,ndi
1786508920.985795,37.483142,-0.001980,-0.029430,-1.527230,ndi
1786508921.003278,37.500625,-0.002060,-0.029430,-1.527200,ndi
1786508921.018283,37.515629,-0.002130,-0.029440,-1.527180,ndi
1786508921.035792,37.533139,-0.002210,-0.029460,-1.527180,ndi
1786508921.053264,37.550611,-0.002280,-0.029450,-1.527170,ndi
1786508921.068248,37.565594,-0.002350,-0.029470,-1.527170,ndi
1786508921.085793,37.583140,-0.002400,-0.029470,-1.527140,ndi
1786508921.103289,37.600636,-0.002470,-0.029480,-1.527120,ndi
1786508921.118292,37.615638,-0.002520,-0.029470,-1.527110,ndi
1786508921.135790,37.633136,-0.002590,-0.029480,-1.527100,ndi
1786508921.153275,37.650621,-0.002670,-0.029490,-1.527070,ndi
1786508921.168281,37.665628,-0.002730,-0.029490,-1.527050,ndi
1786508921.185785,37.683131,-0.002800,-0.029490,-1.527020,ndi
1786508921.203295,37.700642,-0.002880,-0.029490,-1.527010,ndi
1786508921.218293,37.715640,-0.002950,-0.029500,-1.527000,ndi
1786508921.235789,37.733136,-0.003020,-0.029510,-1.527000,ndi
1786508921.253250,37.750597,-0.003100,-0.029500,-1.527020,ndi
1786508921.268273,37.765619,-0.003160,-0.029520,-1.526980,ndi
1786508921.285840,37.783187,-0.003220,-0.029530,-1.526980,ndi
1786508921.303291,37.800638,-0.003280,-0.029520,-1.526960,ndi
1786508921.318292,37.815638,-0.003360,-0.029530,-1.526970,ndi
1786508921.335806,37.833153,-0.003420,-0.029540,-1.526920,ndi
1786508921.353312,37.850659,-0.003490,-0.029530,-1.526950,ndi
1786508921.368304,37.865650,-0.003580,-0.029520,-1.526890,ndi
1786508921.385804,37.883150,-0.003630,-0.029540,-1.526900,ndi
1786508921.403275,37.900622,-0.003720,-0.029550,-1.526890,ndi
1786508921.418305,37.915652,-0.003790,-0.029540,-1.526890,ndi
1786508921.435772,37.933119,-0.003870,-0.029530,-1.526890,ndi
1786508921.453268,37.950614,-0.003980,-0.029560,-1.526870,ndi
1786508921.468257,37.965604,-0.004020,-0.029560,-1.526850,ndi
1786508921.485832,37.983179,-0.004110,-0.029550,-1.526850,ndi
1786508921.503308,38.000654,-0.004170,-0.029540,-1.526820,ndi
1786508921.518291,38.015637,-0.004230,-0.029570,-1.526840,ndi
1786508921.535791,38.033138,-0.004330,-0.029560,-1.526820,ndi
1786508921.553278,38.050625,-0.004410,-0.029550,-1.526810,ndi
1786508921.568299,38.065645,-0.004500,-0.029550,-1.526790,ndi
1786508921.585819,38.083165,-0.004580,-0.029570,-1.526790,ndi
1786508921.603293,38.100640,-0.004670,-0.029560,-1.526810,ndi
1786508921.618295,38.115642,-0.004730,-0.029560,-1.526770,ndi
1786508921.635791,38.133138,-0.004820,-0.029570,-1.526750,ndi
1786508921.653265,38.150612,-0.004890,-0.029570,-1.526780,ndi
1786508921.668302,38.165649,-0.004940,-0.029560,-1.526780,ndi
1786508921.685865,38.183212,-0.005010,-0.029560,-1.526750,ndi
1786508921.703302,38.200648,-0.005080,-0.029570,-1.526730,ndi
1786508921.718302,38.215649,-0.005140,-0.029560,-1.526720,ndi
1786508921.735775,38.233122,-0.005220,-0.029550,-1.526720,ndi
1786508921.753298,38.250644,-0.005290,-0.029560,-1.526720,ndi
1786508921.768314,38.265661,-0.005370,-0.029580,-1.526750,ndi
1786508921.785802,38.283149,-0.005440,-0.029560,-1.526710,ndi
1786508921.803294,38.300641,-0.005510,-0.029540,-1.526730,ndi
1786508921.818285,38.315631,-0.005570,-0.029570,-1.526730,ndi
1786508921.835761,38.333108,-0.005650,-0.029570,-1.526700,ndi
1786508921.853287,38.350633,-0.005730,-0.029550,-1.526710,ndi
1786508921.868304,38.365651,-0.005780,-0.029540,-1.526710,ndi
1786508921.885864,38.383211,-0.005860,-0.029560,-1.526680,ndi
1786508921.903302,38.400648,-0.005940,-0.029560,-1.526690,ndi
1786508921.918303,38.415650,-0.005980,-0.029540,-1.526700,ndi
1786508921.935780,38.433126,-0.006080,-0.029540,-1.526700,ndi
1786508921.953302,38.450649,-0.006140,-0.029550,-1.526690,ndi
1786508921.968293,38.465639,-0.006210,-0.029540,-1.526690,ndi
1786508921.985818,38.483164,-0.006280,-0.029520,-1.526710,ndi
1786508922.003272,38.500618,-0.006360,-0.029540,-1.526680,ndi
1786508922.018256,38.515603,-0.006440,-0.029540,-1.526710,ndi
1786508922.035807,38.533154,-0.006510,-0.029530,-1.526700,ndi
1786508922.053289,38.550635,-0.006580,-0.029510,-1.526700,ndi
1786508922.068303,38.565650,-0.006640,-0.029530,-1.526720,ndi
1786508922.085886,38.583233,-0.006730,-0.029520,-1.526660,ndi
1786508922.103300,38.600647,-0.006810,-0.029510,-1.526710,ndi
1786508922.118304,38.615651,-0.006860,-0.029500,-1.526720,ndi
1786508922.135796,38.633142,-0.006950,-0.029500,-1.526720,ndi
1786508922.153307,38.650654,-0.007030,-0.029500,-1.526730,ndi
1786508922.168308,38.665655,-0.007120,-0.029480,-1.526700,ndi
1786508922.185815,38.683162,-0.007200,-0.029480,-1.526730,ndi
1786508922.203293,38.700640,-0.007280,-0.029480,-1.526750,ndi
1786508922.218419,38.715766,-0.007350,-0.029480,-1.526720,ndi
1786508922.235786,38.733133,-0.007420,-0.029470,-1.526790,ndi
1786508922.253315,38.750661,-0.007510,-0.029460,-1.526770,ndi
1786508922.268306,38.765653,-0.007580,-0.029450,-1.526780,ndi
1786508922.285898,38.783245,-0.007650,-0.029450,-1.526780,ndi
1786508922.303291,38.800637,-0.007720,-0.029440,-1.526790,ndi
1786508922.318285,38.815632,-0.007790,-0.029430,-1.526770,ndi
1786508922.335801,38.833148,-0.007880,-0.029430,-1.526750,ndi
1786508922.353315,38.850662,-0.007940,-0.029420,-1.526760,ndi
1786508922.368297,38.865643,-0.008000,-0.029410,-1.526790,ndi
1786508922.385797,38.883144,-0.008070,-0.029400,-1.526780,ndi
1786508922.403297,38.900644,-0.008140,-0.029410,-1.526760,ndi
1786508922.418313,38.915659,-0.008210,-0.029400,-1.526760,ndi
1786508922.435813,38.933160,-0.008280,-0.029380,-1.526810,ndi
1786508922.453320,38.950667,-0.008350,-0.029370,-1.526800,ndi
1786508922.468308,38.965654,-0.008440,-0.029380,-1.526830,ndi
1786508922.485806,38.983152,-0.008510,-0.029370,-1.526820,ndi
1786508922.503317,39.000663,-0.008580,-0.029340,-1.526800,ndi
1786508922.518298,39.015644,-0.008650,-0.029340,-1.526850,ndi
1786508922.535829,39.033176,-0.008730,-0.029350,-1.526850,ndi
1786508922.553290,39.050636,-0.008790,-0.029330,-1.526870,ndi
1786508922.568308,39.065654,-0.008840,-0.029300,-1.526850,ndi
1786508922.585795,39.083142,-0.008910,-0.029300,-1.526850,ndi
1786508922.603251,39.100598,-0.009000,-0.029310,-1.526840,ndi
1786508922.618281,39.115628,-0.009070,-0.029290,-1.526900,ndi
1786508922.635779,39.133125,-0.009140,-0.029260,-1.526900,ndi
1786508922.653314,39.150661,-0.009220,-0.029260,-1.526930,ndi
1786508922.668328,39.165674,-0.009290,-0.029280,-1.526960,ndi
1786508922.685837,39.183183,-0.009360,-0.029250,-1.526930,ndi
1786508922.703331,39.200678,-0.009440,-0.029220,-1.526920,ndi
1786508922.718288,39.215634,-0.009500,-0.029220,-1.526930,ndi
1786508922.735849,39.233196,-0.009590,-0.029220,-1.526930,ndi
1786508922.753283,39.250629,-0.009670,-0.029200,-1.526960,ndi
1786508922.768307,39.265654,-0.009730,-0.029180,-1.526960,ndi
1786508922.785790,39.283137,-0.009810,-0.029180,-1.526970,ndi
1786508922.803298,39.300645,-0.009890,-0.029170,-1.527000,ndi
1786508922.818327,39.315674,-0.009960,-0.029150,-1.527040,ndi
1786508922.835817,39.333163,-0.010070,-0.029120,-1.527050,ndi
1786508922.853317,39.350663,-0.010150,-0.029120,-1.527050,ndi
1786508922.868319,39.365666,-0.010220,-0.029110,-1.527060,ndi
1786508922.885816,39.383163,-0.010300,-0.029100,-1.527090,ndi
1786508922.903292,39.400638,-0.010370,-0.029070,-1.527090,ndi
1786508922.918325,39.415671,-0.010460,-0.029060,-1.527120,ndi
1786508922.935812,39.433159,-0.010520,-0.029060,-1.527130,ndi
1786508922.953329,39.450676,-0.010600,-0.029040,-1.527180,ndi
1786508922.968270,39.465616,-0.010670,-0.029020,-1.527160,ndi
1786508922.985806,39.483153,-0.010750,-0.029010,-1.527220,ndi
1786508923.003289,39.500636,-0.010820,-0.029000,-1.527220,ndi
1786508923.018285,39.515632,-0.010880,-0.028990,-1.527240,ndi
1786508923.035851,39.533198,-0.010970,-0.028960,-1.527250,ndi
1786508923.053306,39.550653,-0.011050,-0.028950,-1.527270,ndi
1786508923.068293,39.565640,-0.011100,-0.028950,-1.527310,ndi
1786508923.085833,39.583180,-0.011180,-0.028930,-1.527330,ndi
1786508923.103308,39.600655,-0.011240,-0.028900,-1.527350,ndi
1786508923.118341,39.615688,-0.011320,-0.028890,-1.527370,ndi
1786508923.135846,39.633192,-0.011390,-0.028870,-1.527390,ndi
1786508923.153318,39.650665,-0.011450,-0.028860,-1.527390,ndi
1786508923.168301,39.665648,-0.011510,-0.028840,-1.527400,ndi
1786508923.185808,39.683155,-0.011580,-0.028840,-1.527420,ndi
1786508923.203299,39.700646,-0.011670,-0.028810,-1.527480,ndi
1786508923.218307,39.715653,-0.011720,-0.028790,-1.527500,ndi
1786508923.235840,39.733187,-0.011780,-0.028790,-1.527490,ndi
1786508923.253307,39.750654,-0.011860,-0.028780,-1.527550,ndi
1786508923.268305,39.765652,-0.011910,-0.028760,-1.527550,ndi
1786508923.285835,39.783182,-0.012000,-0.028730,-1.527580,ndi
1786508923.303340,39.800687,-0.012070,-0.028730,-1.527610,ndi
1786508923.318310,39.815657,-0.012130,-0.028710,-1.527610,ndi
1786508923.335854,39.833201,-0.012190,-0.028680,-1.527630,ndi
1786508923.353302,39.850648,-0.012240,-0.028660,-1.527640,ndi
1786508923.368322,39.865669,-0.012320,-0.028660,-1.527680,ndi
1786508923.385970,39.883316,-0.012400,-0.028630,-1.527700,ndi
1786508923.403300,39.900647,-0.012470,-0.028610,-1.527730,ndi
1786508923.418314,39.915661,-0.012540,-0.028600,-1.527770,ndi
1786508923.435868,39.933215,-0.012610,-0.028580,-1.527800,ndi
1786508923.453331,39.950678,-0.012690,-0.028560,-1.527840,ndi
1786508923.468323,39.965669,-0.012750,-0.028530,-1.527820,ndi
1786508923.485836,39.983183,-0.012830,-0.028510,-1.527880,ndi
1786508923.503348,40.000695,-0.012900,-0.028500,-1.527900,ndi
1786508923.518329,40.015676,-0.012970,-0.028460,-1.527920,ndi
1786508923.535835,40.033181,-0.013060,-0.028440,-1.527980,ndi
1786508923.553292,40.050638,-0.013110,-0.028440,-1.527990,ndi
1786508923.568314,40.065660,-0.013180,-0.028410,-1.528000,ndi
1786508923.585799,40.083145,-0.013250,-0.028370,-1.528040,ndi
1786508923.603299,40.100646,-0.013320,-0.028370,-1.528060,ndi
1786508923.618339,40.115685,-0.013390,-0.028360,-1.528060,ndi
1786508923.635842,40.133188,-0.013440,-0.028330,-1.528120,ndi
1786508923.653296,40.150643,-0.013520,-0.028290,-1.528120,ndi
1786508923.668327,40.165673,-0.013570,-0.028280,-1.528150,ndi
1786508923.685817,40.183164,-0.013630,-0.028290,-1.528200,ndi
1786508923.703364,40.200710,-0.013700,-0.028250,-1.528230,ndi
1786508923.718335,40.215682,-0.013750,-0.028210,-1.528230,ndi
1786508923.735901,40.233247,-0.013830,-0.028200,-1.528270,ndi
1786508923.753329,40.250675,-0.013890,-0.028200,-1.528320,ndi
1786508923.768299,40.265646,-0.013950,-0.028160,-1.528330,ndi
1786508923.785810,40.283157,-0.014030,-0.028120,-1.528390,ndi
1786508923.803321,40.300668,-0.014080,-0.028130,-1.528380,ndi
1786508923.818329,40.315675,-0.014130,-0.028120,-1.528400,ndi
1786508923.835848,40.333195,-0.014200,-0.028070,-1.528400,ndi
1786508923.853321,40.350668,-0.014270,-0.028040,-1.528440,ndi
1786508923.868336,40.365682,-0.014320,-0.028040,-1.528500,ndi
1786508923.885831,40.383177,-0.014390,-0.028030,-1.528480,ndi
1786508923.903364,40.400711,-0.014440,-0.027990,-1.528530,ndi
1786508923.918311,40.415657,-0.014470,-0.027960,-1.528520,ndi
1786508923.935850,40.433197,-0.014540,-0.027970,-1.528570,ndi
1786508923.953338,40.450685,-0.014610,-0.027950,-1.528620,ndi
1786508923.968274,40.465621,-0.014670,-0.027900,-1.528650,ndi
1786508923.985818,40.483164,-0.014750,-0.027870,-1.528690,ndi
1786508924.003339,40.500685,-0.014820,-0.027870,-1.528670,ndi
1786508924.018318,40.515665,-0.014870,-0.027840,-1.528740,ndi
1786508924.035816,40.533163,-0.014940,-0.027800,-1.528770,ndi
1786508924.053327,40.550674,-0.015000,-0.027780,-1.528810,ndi
1786508924.068324,40.565671,-0.015060,-0.027770,-1.528870,ndi
1786508924.085837,40.583184,-0.015140,-0.027740,-1.528940,ndi
1786508924.103359,40.600706,-0.015220,-0.027690,-1.528950,ndi
1786508924.118338,40.615685,-0.015270,-0.027680,-1.529000,ndi
1786508924.135861,40.633208,-0.015350,-0.027660,-1.529030,ndi
1786508924.153307,40.650654,-0.015400,-0.027620,-1.529080,ndi
1786508924.168280,40.665627,-0.015460,-0.027590,-1.529110,ndi
1786508924.185829,40.683175,-0.015540,-0.027580,-1.529160,ndi
1786508924.203331,40.700677,-0.015600,-0.027560,-1.529190,ndi
1786508924.218329,40.715675,-0.015660,-0.027510,-1.529260,ndi
1786508924.235880,40.733227,-0.015730,-0.027480,-1.529300,ndi
1786508924.253347,40.750694,-0.015800,-0.027470,-1.529330,ndi
1786508924.268323,40.765670,-0.015840,-0.027460,-1.529350,ndi
1786508924.285840,40.783186,-0.015920,-0.027400,-1.529410,ndi
1786508924.303380,40.800726,-0.015990,-0.027380,-1.529430,ndi
1786508924.318341,40.815687,-0.016030,-0.027370,-1.529460,ndi
1786508924.335840,40.833187,-0.016090,-0.027340,-1.529510,ndi
1786508924.353330,40.850677,-0.016150,-0.027290,-1.529560,ndi
1786508924.368321,40.865667,-0.016200,-0.027280,-1.529600,ndi
1786508924.385911,40.883257,-0.016260,-0.027260,-1.529600,ndi
1786508924.403347,40.900694,-0.016320,-0.027230,-1.529650,ndi
1786508924.418363,40.915709,-0.016360,-0.027190,-1.529700,ndi
1786508924.435840,40.933187,-0.016440,-0.027170,-1.529730,ndi
1786508924.453338,40.950685,-0.016490,-0.027150,-1.529760,ndi
1786508924.468325,40.965672,-0.016550,-0.027120,-1.529780,ndi
1786508924.485850,40.983196,-0.016600,-0.027090,-1.529790,ndi
1786508924.503470,41.000816,-0.016650,-0.027070,-1.529860,ndi
1786508924.518360,41.015707,-0.016700,-0.027050,-1.529880,ndi
1786508924.535834,41.033180,-0.016740,-0.027020,-1.529920,ndi
1786508924.553290,41.050637,-0.016820,-0.026990,-1.529970,ndi
1786508924.568299,41.065645,-0.016860,-0.026960,-1.530020,ndi
1786508924.585828,41.083174,-0.016900,-0.026940,-1.530040,ndi
1786508924.603512,41.100858,-0.016960,-0.026900,-1.530070,ndi
1786508924.618386,41.115732,-0.017010,-0.026880,-1.530120,ndi
1786508924.635880,41.133227,-0.017070,-0.026850,-1.530120,ndi
1786508924.653339,41.150686,-0.017130,-0.026810,-1.530210,ndi
1786508924.668343,41.165689,-0.017190,-0.026780,-1.530210,ndi
1786508924.685842,41.183189,-0.017250,-0.026750,-1.530310,ndi
1786508924.703341,41.200688,-0.017310,-0.026720,-1.530310,ndi
1786508924.718340,41.215686,-0.017380,-0.026690,-1.530380,ndi
1786508924.735830,41.233176,-0.017430,-0.026660,-1.530400,ndi
1786508924.753257,41.250603,-0.017520,-0.026620,-1.530480,ndi
1786508924.768307,41.265654,-0.017580,-0.026590,-1.530560,ndi
1786508924.785883,41.283229,-0.017630,-0.026550,-1.530550,ndi
1786508924.803353,41.300699,-0.017700,-0.026510,-1.530610,ndi
1786508924.818375,41.315721,-0.017750,-0.026480,-1.530660,ndi
1786508924.835868,41.333214,-0.017800,-0.026440,-1.530680,ndi
1786508924.853318,41.350664,-0.017860,-0.026410,-1.530770,ndi
1786508924.868328,41.365675,-0.017910,-0.026380,-1.530800,ndi
1786508924.885879,41.383226,-0.017960,-0.026350,-1.530820,ndi
1786508924.903352,41.400699,-0.018010,-0.026310,-1.530900,ndi
1786508924.918354,41.415700,-0.018060,-0.026300,-1.530940,ndi
1786508924.935847,41.433193,-0.018100,-0.026270,-1.530970,ndi
1786508924.953320,41.450667,-0.018170,-0.026230,-1.531040,ndi
1786508924.968339,41.465686,-0.018200,-0.026200,-1.531060,ndi
1786508924.985871,41.483218,-0.018260,-0.026170,-1.531140,ndi
1786508925.003346,41.500693,-0.018320,-0.026140,-1.531140,ndi
1786508925.018344,41.515691,-0.018360,-0.026110,-1.531210,ndi
1786508925.035888,41.533235,-0.018410,-0.026070,-1.531210,ndi
1786508925.053353,41.550700,-0.018440,-0.026040,-1.531230,ndi
1786508925.068369,41.565716,-0.018490,-0.026030,-1.531290,ndi
1786508925.085876,41.583223,-0.018540,-0.025980,-1.531320,ndi
1786508925.103353,41.600699,-0.018570,-0.025960,-1.531360,ndi
1786508925.118332,41.615679,-0.018620,-0.025930,-1.531400,ndi
1786508925.135847,41.633193,-0.018660,-0.025900,-1.531420,ndi
1786508925.153320,41.650667,-0.018710,-0.025870,-1.531480,ndi
1786508925.168339,41.665685,-0.018740,-0.025850,-1.531530,ndi
1786508925.185867,41.683213,-0.018780,-0.025820,-1.531570,ndi
1786508925.203353,41.700699,-0.018830,-0.025780,-1.531590,ndi
1786508925.218358,41.715704,-0.018880,-0.025750,-1.531660,ndi
1786508925.235880,41.733226,-0.018930,-0.025730,-1.531690,ndi
1786508925.253355,41.750701,-0.018960,-0.025690,-1.531730,ndi
1786508925.268356,41.765702,-0.019010,-0.025660,-1.531740,ndi
1786508925.285877,41.783223,-0.019070,-0.025620,-1.531860,ndi
1786508925.303352,41.800699,-0.019100,-0.025590,-1.531880,ndi
1786508925.318352,41.815699,-0.019160,-0.025570,-1.531910,ndi
1786508925.335819,41.833166,-0.019200,-0.025520,-1.531980,ndi
1786508925.353332,41.850678,-0.019240,-0.025490,-1.532030,ndi
1786508925.368335,41.865681,-0.019290,-0.025470,-1.532090,ndi
1786508925.385871,41.883218,-0.019330,-0.025430,-1.532140,ndi
1786508925.403344,41.900691,-0.019370,-0.025390,-1.532170,ndi
1786508925.418360,41.915707,-0.019400,-0.025360,-1.532220,ndi
1786508925.435874,41.933221,-0.019450,-0.025350,-1.532250,ndi
1786508925.453372,41.950719,-0.019490,-0.025310,-1.532310,ndi
1786508925.468369,41.965716,-0.019530,-0.025260,-1.532360,ndi
1786508925.485874,41.983221,-0.019560,-0.025240,-1.532360,ndi
1786508925.503351,42.000698,-0.019600,-0.025230,-1.532430,ndi
1786508925.518337,42.015684,-0.019640,-0.025180,-1.532470,ndi
1786508925.535878,42.033224,-0.019670,-0.025130,-1.532520,ndi
1786508925.553348,42.050695,-0.019710,-0.025130,-1.532540,ndi
1786508925.568363,42.065710,-0.019750,-0.025100,-1.532590,ndi
1786508925.585920,42.083266,-0.019780,-0.025040,-1.532600,ndi
1786508925.603353,42.100699,-0.019820,-0.025010,-1.532640,ndi
1786508925.618403,42.115749,-0.019860,-0.025010,-1.532710,ndi
1786508925.635838,42.133185,-0.019880,-0.024970,-1.532760,ndi
1786508925.653363,42.150709,-0.019930,-0.024910,-1.532780,ndi
1786508925.668364,42.165711,-0.019960,-0.024890,-1.532840,ndi
1786508925.685878,42.183224,-0.019990,-0.024890,-1.532890,ndi
1786508925.703315,42.200662,-0.020030,-0.024850,-1.532930,ndi
1786508925.718338,42.215684,-0.020040,-0.024800,-1.532950,ndi
1786508925.735837,42.233183,-0.020100,-0.024780,-1.533030,ndi
1786508925.753349,42.250695,-0.020140,-0.024770,-1.533040,ndi
1786508925.768363,42.265709,-0.020150,-0.024730,-1.533110,ndi
1786508925.785875,42.283222,-0.020190,-0.024680,-1.533140,ndi
1786508925.803351,42.300698,-0.020220,-0.024680,-1.533190,ndi
1786508925.818417,42.315764,-0.020240,-0.024660,-1.533210,ndi
1786508925.835892,42.333239,-0.020270,-0.024610,-1.533260,ndi
1786508925.853389,42.350736,-0.020320,-0.024570,-1.533300,ndi
1786508925.868375,42.365721,-0.020330,-0.024560,-1.533360,ndi
1786508925.885886,42.383233,-0.020380,-0.024530,-1.533420,ndi
1786508925.903354,42.400701,-0.020420,-0.024470,-1.533450,ndi
1786508925.918315,42.415662,-0.020440,-0.024450,-1.533530,ndi
1786508925.935867,42.433213,-0.020490,-0.024430,-1.533550,ndi
1786508925.953324,42.450670,-0.020510,-0.024390,-1.533590,ndi
1786508925.968374,42.465720,-0.020540,-0.024350,-1.533600,ndi
1786508925.985900,42.483247,-0.020580,-0.024320,-1.533700,ndi
1786508926.003362,42.500708,-0.020600,-0.024300,-1.533720,ndi
1786508926.018395,42.515741,-0.020650,-0.024250,-1.533770,ndi
1786508926.035890,42.533237,-0.020680,-0.024210,-1.533820,ndi
1786508926.053371,42.550718,-0.020720,-0.024180,-1.533900,ndi
1786508926.068375,42.565722,-0.020750,-0.024160,-1.533960,ndi
1786508926.085872,42.583219,-0.020790,-0.024100,-1.533990,ndi
1786508926.103377,42.600724,-0.020830,-0.024060,-1.534030,ndi
1786508926.118333,42.615680,-0.020850,-0.024040,-1.534060,ndi
1786508926.135858,42.633205,-0.020890,-0.024000,-1.534100,ndi
1786508926.153370,42.650717,-0.020920,-0.023960,-1.534170,ndi
1786508926.168367,42.665713,-0.020940,-0.023930,-1.534210,ndi
1786508926.185867,42.683214,-0.020980,-0.023910,-1.534250,ndi
1786508926.203351,42.700697,-0.020990,-0.023880,-1.534270,ndi
1786508926.218409,42.715756,-0.021020,-0.023840,-1.534320,ndi
1786508926.235880,42.733227,-0.021050,-0.023820,-1.534380,ndi
1786508926.253380,42.750727,-0.021070,-0.023790,-1.534400,ndi
1786508926.268383,42.765729,-0.021100,-0.023770,-1.534440,ndi
1786508926.285866,42.783212,-0.021120,-0.023730,-1.534460,ndi
1786508926.303330,42.800676,-0.021140,-0.023700,-1.534520,ndi
1786508926.318299,42.815646,-0.021180,-0.023670,-1.534580,ndi
1786508926.335853,42.833200,-0.021200,-0.023640,-1.534590,ndi
1786508926.353379,42.850726,-0.021230,-0.023600,-1.534690,ndi
1786508926.368399,42.865745,-0.021250,-0.023570,-1.534710,ndi
1786508926.385890,42.883237,-0.021280,-0.023550,-1.534770,ndi
1786508926.403371,42.900717,-0.021300,-0.023520,-1.534790,ndi
1786508926.418415,42.915761,-0.021320,-0.023490,-1.534820,ndi
1786508926.435900,42.933247,-0.021340,-0.023460,-1.534860,ndi
1786508926.453377,42.950723,-0.021370,-0.023420,-1.534920,ndi
1786508926.468374,42.965720,-0.021390,-0.023410,-1.534930,ndi
1786508926.485855,42.983202,-0.021400,-0.023380,-1.535000,ndi
1786508926.503313,43.000659,-0.021440,-0.023340,-1.535070,ndi
1786508926.518355,43.015702,-0.021470,-0.023310,-1.535110,ndi
1786508926.535872,43.033218,-0.021480,-0.023280,-1.535150,ndi
1786508926.553370,43.050716,-0.021520,-0.023250,-1.535190,ndi
1786508926.568380,43.065727,-0.021530,-0.023220,-1.535240,ndi
1786508926.585895,43.083241,-0.021550,-0.023190,-1.535260,ndi
1786508926.603390,43.100737,-0.021580,-0.023150,-1.535300,ndi
1786508926.618413,43.115760,-0.021600,-0.023130,-1.535360,ndi
1786508926.635924,43.133270,-0.021630,-0.023090,-1.535410,ndi
1786508926.653386,43.150733,-0.021650,-0.023050,-1.535460,ndi
1786508926.668390,43.165736,-0.021680,-0.023010,-1.535500,ndi
1786508926.685867,43.183213,-0.021710,-0.022950,-1.535600,ndi
1786508926.703296,43.200643,-0.021750,-0.022910,-1.535650,ndi
1786508926.718362,43.215708,-0.021780,-0.022870,-1.535690,ndi
1786508926.735899,43.233246,-0.021800,-0.022820,-1.535730,ndi
1786508926.753387,43.250734,-0.021830,-0.022790,-1.535810,ndi
1786508926.768391,43.265738,-0.021850,-0.022750,-1.535900,ndi
1786508926.785886,43.283232,-0.021880,-0.022690,-1.535910,ndi
1786508926.803354,43.300701,-0.021910,-0.022650,-1.536000,ndi
1786508926.818389,43.315735,-0.021920,-0.022630,-1.536050,ndi
1786508926.835927,43.333274,-0.021950,-0.022590,-1.536060,ndi
1786508926.853382,43.350729,-0.021970,-0.022560,-1.536110,ndi
1786508926.868389,43.365735,-0.021980,-0.022530,-1.536160,ndi
1786508926.885868,43.383214,-0.021990,-0.022500,-1.536220,ndi
1786508926.903370,43.400717,-0.022020,-0.022470,-1.536240,ndi
1786508926.918355,43.415701,-0.022040,-0.022430,-1.536280,ndi
1786508926.936150,43.433496,-0.022060,-0.022400,-1.536360,ndi
1786508926.953384,43.450731,-0.022080,-0.022370,-1.536360,ndi
1786508926.968349,43.465695,-0.022090,-0.022350,-1.536430,ndi
1786508926.985900,43.483246,-0.022100,-0.022320,-1.536460,ndi
1786508927.003360,43.500706,-0.022120,-0.022290,-1.536480,ndi
1786508927.018393,43.515739,-0.022120,-0.022270,-1.536520,ndi
1786508927.035905,43.533252,-0.022120,-0.022270,-1.536540,ndi
1786508927.053389,43.550736,-0.022140,-0.022270,-1.536530,ndi
1786508927.068350,43.565696,-0.022130,-0.022250,-1.536540,ndi
1786508927.085893,43.583240,-0.022140,-0.022240,-1.536550,ndi
1786508927.105179,43.602525,-0.022150,-0.022250,-1.536570,ndi
1786508927.118381,43.615728,-0.022140,-0.022260,-1.536570,ndi
1786508927.135907,43.633254,-0.022140,-0.022240,-1.536550,ndi
1786508927.153374,43.650721,-0.022150,-0.022240,-1.536550,ndi
1786508927.168376,43.665723,-0.022140,-0.022240,-1.536570,ndi
1786508927.185905,43.683252,-0.022140,-0.022250,-1.536570,ndi
1786508927.203385,43.700731,-0.022140,-0.022240,-1.536580,ndi
1786508927.218379,43.715726,-0.022150,-0.022240,-1.536560,ndi
1786508927.235936,43.733282,-0.022140,-0.022250,-1.536570,ndi
1786508927.253390,43.750737,-0.022150,-0.022240,-1.536560,ndi
1786508927.268377,43.765723,-0.022150,-0.022240,-1.536550,ndi
1786508927.285837,43.783184,-0.022150,-0.022240,-1.536570,ndi
1786508927.303365,43.800712,-0.022150,-0.022240,-1.536570,ndi
1786508927.318365,43.815711,-0.022150,-0.022240,-1.536560,ndi
1786508927.335909,43.833256,-0.022140,-0.022240,-1.536570,ndi
1786508927.353388,43.850735,-0.022150,-0.022240,-1.536570,ndi
1786508927.368396,43.865743,-0.022140,-0.022240,-1.536570,ndi
1786508927.385904,43.883250,-0.022140,-0.022240,-1.536560,ndi
1786508927.403397,43.900744,-0.022150,-0.022240,-1.536580,ndi
1786508927.418416,43.915762,-0.022150,-0.022240,-1.536560,ndi
1786508927.435932,43.933279,-0.022160,-0.022240,-1.536590,ndi
1786508927.453415,43.950762,-0.022150,-0.022240,-1.536570,ndi
1786508927.468399,43.965745,-0.022150,-0.022240,-1.536570,ndi
1786508927.485873,43.983220,-0.022160,-0.022240,-1.536560,ndi
1786508927.503351,44.000698,-0.022150,-0.022230,-1.536580,ndi
1786508927.518355,44.015701,-0.022150,-0.022240,-1.536580,ndi
1786508927.535913,44.033260,-0.022150,-0.022250,-1.536590,ndi
1786508927.553387,44.050733,-0.022160,-0.022230,-1.536570,ndi
1786508927.568403,44.065749,-0.022140,-0.022230,-1.536560,ndi
1786508927.585880,44.083227,-0.022150,-0.022250,-1.536570,ndi
1786508927.603387,44.100734,-0.022170,-0.022240,-1.536560,ndi
1786508927.618397,44.115743,-0.022140,-0.022230,-1.536580,ndi
1786508927.635939,44.133286,-0.022160,-0.022230,-1.536570,ndi
1786508927.653396,44.150743,-0.022150,-0.022250,-1.536590,ndi
1786508927.668371,44.165718,-0.022140,-0.022250,-1.536590,ndi
1786508927.685885,44.183232,-0.022170,-0.022230,-1.536560,ndi
1786508927.703387,44.200733,-0.022150,-0.022240,-1.536580,ndi
1786508927.718410,44.215756,-0.022150,-0.022250,-1.536560,ndi
1786508927.735920,44.233267,-0.022160,-0.022250,-1.536580,ndi
1786508927.753398,44.250745,-0.022150,-0.022230,-1.536570,ndi
1786508927.768409,44.265756,-0.022150,-0.022240,-1.536570,ndi
1786508927.785905,44.283252,-0.022150,-0.022250,-1.536580,ndi
1786508927.803407,44.300754,-0.022150,-0.022240,-1.536580,ndi
1786508927.818408,44.315755,-0.022150,-0.022230,-1.536570,ndi
1786508927.835938,44.333285,-0.022150,-0.022240,-1.536580,ndi
1786508927.853398,44.350744,-0.022150,-0.022240,-1.536580,ndi
1786508927.868317,44.365664,-0.022160,-0.022230,-1.536580,ndi
1786508927.885897,44.383244,-0.022170,-0.022240,-1.536590,ndi
1786508927.903368,44.400715,-0.022150,-0.022250,-1.536570,ndi
1786508927.918416,44.415763,-0.022150,-0.022250,-1.536560,ndi
1786508927.935921,44.433268,-0.022150,-0.022230,-1.536590,ndi
1786508927.953442,44.450788,-0.022150,-0.022230,-1.536590,ndi
1786508927.968436,44.465783,-0.022150,-0.022250,-1.536570,ndi
1786508927.985929,44.483275,-0.022150,-0.022250,-1.536580,ndi
1786508928.003380,44.500727,-0.022150,-0.022230,-1.536570,ndi
1786508928.018444,44.515791,-0.022160,-0.022230,-1.536570,ndi
1786508928.035966,44.533313,-0.022150,-0.022240,-1.536570,ndi
1786508928.053440,44.550787,-0.022150,-0.022240,-1.536590,ndi
1786508928.068369,44.565716,-0.022170,-0.022230,-1.536590,ndi
1786508928.085904,44.583251,-0.022150,-0.022230,-1.536560,ndi
1786508928.103462,44.600809,-0.022160,-0.022250,-1.536580,ndi
1786508928.118433,44.615780,-0.022150,-0.022250,-1.536550,ndi
1786508928.135945,44.633291,-0.022150,-0.022230,-1.536590,ndi
1786508928.153437,44.650784,-0.022150,-0.022240,-1.536580,ndi
1786508928.168404,44.665750,-0.022150,-0.022250,-1.536580,ndi
1786508928.185940,44.683287,-0.022160,-0.022240,-1.536580,ndi
1786508928.203401,44.700747,-0.022160,-0.022230,-1.536580,ndi
1786508928.218452,44.715799,-0.022150,-0.022240,-1.536580,ndi
1786508928.235974,44.733321,-0.022150,-0.022250,-1.536590,ndi
1786508928.253422,44.750769,-0.022150,-0.022240,-1.536580,ndi
1786508928.268386,44.765733,-0.022160,-0.022230,-1.536590,ndi
1786508928.285913,44.783260,-0.022160,-0.022250,-1.536560,ndi
1786508928.303424,44.800771,-0.022160,-0.022250,-1.536570,ndi
1786508928.318450,44.815797,-0.022150,-0.022230,-1.536570,ndi
1786508928.335924,44.833271,-0.022150,-0.022230,-1.536580,ndi
1786508928.353425,44.850771,-0.022150,-0.022250,-1.536560,ndi
1786508928.368398,44.865744,-0.022140,-0.022250,-1.536590,ndi
1786508928.385941,44.883287,-0.022160,-0.022230,-1.536580,ndi
1786508928.403432,44.900779,-0.022160,-0.022230,-1.536570,ndi
1786508928.418458,44.915805,-0.022150,-0.022250,-1.536560,ndi
1786508928.435955,44.933301,-0.022150,-0.022240,-1.536580,ndi
1786508928.453365,44.950712,-0.022160,-0.022230,-1.536580,ndi
1786508928.468410,44.965757,-0.022160,-0.022250,-1.536630,ndi
1786508928.485926,44.983273,-0.022150,-0.022250,-1.536580,ndi
1786508928.503425,45.000772,-0.022150,-0.022230,-1.536570,ndi
1786508928.518423,45.015769,-0.022150,-0.022240,-1.536570,ndi
1786508928.535945,45.033291,-0.022150,-0.022250,-1.536570,ndi
1786508928.553425,45.050772,-0.022160,-0.022250,-1.536580,ndi
1786508928.568434,45.065780,-0.022150,-0.022230,-1.536560,ndi
1786508928.585931,45.083278,-0.022160,-0.022240,-1.536570,ndi
1786508928.603412,45.100759,-0.022170,-0.022250,-1.536570,ndi
1786508928.618428,45.115775,-0.022150,-0.022250,-1.536580,ndi
1786508928.635969,45.133316,-0.022160,-0.022230,-1.536570,ndi
1786508928.653527,45.150873,-0.022160,-0.022240,-1.536540,ndi
1786508928.668374,45.165721,-0.022160,-0.022250,-1.536570,ndi
1786508928.685942,45.183289,-0.022160,-0.022250,-1.536550,ndi
1786508928.703433,45.200779,-0.022150,-0.022240,-1.536570,ndi
1786508928.718425,45.215771,-0.022160,-0.022240,-1.536570,ndi
1786508928.735939,45.233286,-0.022160,-0.022250,-1.536560,ndi
1786508928.753403,45.250749,-0.022150,-0.022240,-1.536580,ndi
1786508928.768432,45.265779,-0.022150,-0.022240,-1.536570,ndi
1786508928.785935,45.283281,-0.022160,-0.022250,-1.536560,ndi
1786508928.803397,45.300744,-0.022150,-0.022250,-1.536570,ndi
1786508928.818386,45.315732,-0.022160,-0.022250,-1.536570,ndi
1786508928.836168,45.333515,-0.022150,-0.022240,-1.536580,ndi
1786508928.853382,45.350728,-0.022160,-0.022240,-1.536580,ndi
1786508928.868388,45.365735,-0.022160,-0.022250,-1.536560,ndi
1786508928.885939,45.383286,-0.022160,-0.022240,-1.536580,ndi
1786508928.903435,45.400782,-0.022150,-0.022250,-1.536550,ndi
1786508928.918401,45.415747,-0.022170,-0.022250,-1.536590,ndi
1786508928.935941,45.433288,-0.022160,-0.022250,-1.536560,ndi
1786508928.953396,45.450742,-0.022150,-0.022250,-1.536580,ndi
1786508928.968434,45.465781,-0.022160,-0.022250,-1.536570,ndi
1786508928.985930,45.483277,-0.022160,-0.022250,-1.536570,ndi
1786508929.003417,45.500764,-0.022150,-0.022250,-1.536560,ndi
1786508929.018457,45.515804,-0.022160,-0.022250,-1.536540,ndi
1786508929.035929,45.533275,-0.022150,-0.022250,-1.536560,ndi
1786508929.053419,45.550766,-0.022160,-0.022250,-1.536570,ndi
1786508929.068403,45.565750,-0.022170,-0.022250,-1.536550,ndi
1786508929.085950,45.583296,-0.022160,-0.022250,-1.536560,ndi
1786508929.103423,45.600770,-0.022160,-0.022250,-1.536550,ndi
1786508929.118428,45.615774,-0.022160,-0.022250,-1.536560,ndi
1786508929.135938,45.633284,-0.022150,-0.022240,-1.536560,ndi
1786508929.153436,45.650783,-0.022160,-0.022250,-1.536560,ndi
1786508929.168436,45.665783,-0.022160,-0.022260,-1.536550,ndi
1786508929.185956,45.683302,-0.022160,-0.022250,-1.536560,ndi
1786508929.203411,45.700758,-0.022160,-0.022240,-1.536550,ndi
1786508929.218404,45.715751,-0.022160,-0.022250,-1.536580,ndi
1786508929.236026,45.733372,-0.022160,-0.022250,-1.536550,ndi
1786508929.253430,45.750776,-0.022170,-0.022250,-1.536560,ndi
1786508929.268428,45.765775,-0.022170,-0.022240,-1.536550,ndi
1786508929.285950,45.783297,-0.022160,-0.022260,-1.536580,ndi
1786508929.303429,45.800775,-0.022160,-0.022260,-1.536570,ndi
1786508929.318434,45.815781,-0.022160,-0.022250,-1.536570,ndi
1786508929.335946,45.833293,-0.022150,-0.022240,-1.536570,ndi
1786508929.353441,45.850788,-0.022170,-0.022260,-1.536560,ndi
1786508929.368429,45.865776,-0.022160,-0.022260,-1.536560,ndi
1786508929.385954,45.883301,-0.022160,-0.022250,-1.536580,ndi
1786508929.403428,45.900774,-0.022160,-0.022250,-1.536570,ndi
1786508929.418403,45.915750,-0.022170,-0.022250,-1.536580,ndi
1786508929.435899,45.933246,-0.022180,-0.022250,-1.536570,ndi
1786508929.453401,45.950747,-0.022160,-0.022250,-1.536560,ndi
1786508929.468436,45.965783,-0.022160,-0.022250,-1.536580,ndi
1786508929.485956,45.983303,-0.022150,-0.022250,-1.536580,ndi
1786508929.503428,46.000775,-0.022170,-0.022250,-1.536570,ndi
1786508929.518441,46.015788,-0.022160,-0.022250,-1.536590,ndi
1786508929.535941,46.033287,-0.022150,-0.022250,-1.536570,ndi
1786508929.553520,46.050866,-0.022170,-0.022260,-1.536580,ndi
1786508929.568449,46.065796,-0.022160,-0.022250,-1.536580,ndi
1786508929.585957,46.083303,-0.022160,-0.022250,-1.536580,ndi
1786508929.603411,46.100758,-0.022170,-0.022250,-1.536570,ndi
1786508929.618403,46.115750,-0.022150,-0.022250,-1.536580,ndi
1786508929.635914,46.133260,-0.022160,-0.022250,-1.536570,ndi
1786508929.653415,46.150761,-0.022170,-0.022260,-1.536570,ndi
1786508929.668442,46.165789,-0.022160,-0.022250,-1.536570,ndi
1786508929.685946,46.183292,-0.022160,-0.022250,-1.536580,ndi
1786508929.703421,46.200768,-0.022160,-0.022250,-1.536560,ndi
1786508929.718445,46.215792,-0.022160,-0.022260,-1.536570,ndi
1786508929.735931,46.233278,-0.022160,-0.022260,-1.536540,ndi
1786508929.753460,46.250807,-0.022160,-0.022240,-1.536570,ndi
1786508929.768438,46.265785,-0.022150,-0.022250,-1.536550,ndi
1786508929.785964,46.283310,-0.022160,-0.022260,-1.536560,ndi
1786508929.803428,46.300775,-0.022170,-0.022250,-1.536570,ndi
1786508929.818564,46.315911,-0.022160,-0.022240,-1.536560,ndi
1786508929.835930,46.333277,-0.022180,-0.022260,-1.536560,ndi
1786508929.853425,46.350771,-0.022170,-0.022250,-1.536570,ndi
1786508929.868443,46.365789,-0.022160,-0.022250,-1.536550,ndi
1786508929.885960,46.383307,-0.022180,-0.022250,-1.536560,ndi
1786508929.903440,46.400787,-0.022160,-0.022260,-1.536530,ndi
1786508929.918460,46.415807,-0.022160,-0.022260,-1.536570,ndi
1786508929.935967,46.433314,-0.022160,-0.022240,-1.536550,ndi
1786508929.953482,46.450828,-0.022150,-0.022250,-1.536570,ndi
1786508929.968447,46.465794,-0.022170,-0.022250,-1.536570,ndi
1786508929.985958,46.483305,-0.022160,-0.022250,-1.536590,ndi
1786508930.003428,46.500774,-0.022150,-0.022250,-1.536570,ndi
1786508930.018365,46.515712,-0.022180,-0.022250,-1.536550,ndi
1786508930.035918,46.533264,-0.022160,-0.022260,-1.536590,ndi
1786508930.053446,46.550793,-0.022170,-0.022260,-1.536590,ndi
1786508930.068442,46.565788,-0.022160,-0.022250,-1.536570,ndi
1786508930.085971,46.583318,-0.022170,-0.022250,-1.536570,ndi
1786508930.103439,46.600785,-0.022150,-0.022260,-1.536560,ndi
1786508930.118418,46.615765,-0.022160,-0.022260,-1.536570,ndi
1786508930.135953,46.633300,-0.022170,-0.022240,-1.536570,ndi
1786508930.153464,46.650810,-0.022150,-0.022250,-1.536600,ndi
1786508930.168463,46.665810,-0.022160,-0.022260,-1.536570,ndi
1786508930.185936,46.683283,-0.022150,-0.022260,-1.536570,ndi
1786508930.203420,46.700767,-0.022150,-0.022240,-1.536580,ndi
1786508930.218393,46.715739,-0.022170,-0.022250,-1.536580,ndi
1786508930.235924,46.733271,-0.022150,-0.022260,-1.536590,ndi
1786508930.253433,46.750779,-0.022160,-0.022250,-1.536570,ndi
1786508930.268462,46.765809,-0.022160,-0.022240,-1.536580,ndi
1786508930.285946,46.783292,-0.022160,-0.022250,-1.536570,ndi
1786508930.303441,46.800787,-0.022160,-0.022260,-1.536580,ndi
1786508930.318428,46.815775,-0.022160,-0.022250,-1.536560,ndi
1786508930.335968,46.833315,-0.022160,-0.022240,-1.536580,ndi
1786508930.353492,46.850839,-0.022160,-0.022250,-1.536580,ndi
1786508930.368453,46.865799,-0.022160,-0.022270,-1.536590,ndi
1786508930.385959,46.883306,-0.022150,-0.022250,-1.536550,ndi
1786508930.403425,46.900772,-0.022170,-0.022230,-1.536560,ndi
1786508930.418437,46.915783,-0.022170,-0.022250,-1.536570,ndi
1786508930.435956,46.933302,-0.022160,-0.022260,-1.536580,ndi
1786508930.453455,46.950801,-0.022160,-0.022240,-1.536570,ndi
1786508930.468423,46.965770,-0.022160,-0.022230,-1.536580,ndi
1786508930.485972,46.983319,-0.022160,-0.022260,-1.536580,ndi
1786508930.503458,47.000804,-0.022160,-0.022260,-1.536570,ndi
1786508930.518468,47.015814,-0.022150,-0.022240,-1.536570,ndi
1786508930.535974,47.033320,-0.022160,-0.022240,-1.536600,ndi
1786508930.553516,47.050863,-0.022160,-0.022260,-1.536570,ndi
1786508930.568471,47.065817,-0.022150,-0.022250,-1.536560,ndi
1786508930.585955,47.083302,-0.022170,-0.022230,-1.536600,ndi
1786508930.603426,47.100773,-0.022160,-0.022240,-1.536580,ndi
1786508930.618433,47.115780,-0.022170,-0.022270,-1.536580,ndi
1786508930.635974,47.133321,-0.022170,-0.022240,-1.536580,ndi
1786508930.653454,47.150801,-0.022150,-0.022230,-1.536580,ndi
1786508930.668436,47.165783,-0.022160,-0.022250,-1.536590,ndi
1786508930.685965,47.183312,-0.022160,-0.022260,-1.536580,ndi
1786508930.703423,47.200770,-0.022150,-0.022240,-1.536560,ndi
1786508930.718443,47.215790,-0.022160,-0.022240,-1.536570,ndi
1786508930.735970,47.233317,-0.022160,-0.022250,-1.536570,ndi
1786508930.753632,47.250978,-0.022160,-0.022250,-1.536590,ndi
