stamp,elapsed,x,y,z,frame_id
1786507838.269239,0.000000,-0.007380,-0.044400,-1.558180,ndi
1786507838.286783,0.017544,-0.007380,-0.044410,-1.558210,ndi
1786507838.301739,0.032501,-0.007370,-0.044390,-1.558200,ndi
1786507838.319461,0.050222,-0.007370,-0.044380,-1.558180,ndi
1786507838.336893,0.067654,-0.007380,-0.044410,-1.558200,ndi
1786507838.351787,0.082549,-0.007380,-0.044410,-1.558200,ndi
1786507838.369243,0.100004,-0.007380,-0.044390,-1.558200,ndi
1786507838.386843,0.117604,-0.007370,-0.044380,-1.558200,ndi
1786507838.402005,0.132766,-0.007380,-0.044400,-1.558170,ndi
1786507838.419507,0.150268,-0.007380,-0.044410,-1.558190,ndi
1786507838.437025,0.167786,-0.007370,-0.044380,-1.558170,ndi
1786507838.451802,0.182563,-0.007380,-0.044390,-1.558180,ndi
1786507838.469279,0.200040,-0.007370,-0.044410,-1.558200,ndi
1786507838.486811,0.217572,-0.007370,-0.044400,-1.558180,ndi
1786507838.501783,0.232544,-0.007380,-0.044380,-1.558190,ndi
1786507838.519435,0.250196,-0.007380,-0.044390,-1.558190,ndi
1786507838.536944,0.267705,-0.007380,-0.044410,-1.558170,ndi
1786507838.551883,0.282645,-0.007380,-0.044390,-1.558180,ndi
1786507838.569263,0.300025,-0.007380,-0.044380,-1.558190,ndi
1786507838.587071,0.317832,-0.007380,-0.044400,-1.558190,ndi
1786507838.601797,0.332558,-0.007370,-0.044410,-1.558180,ndi
1786507838.619316,0.350078,-0.007370,-0.044390,-1.558220,ndi
1786507838.636800,0.367561,-0.007370,-0.044390,-1.558190,ndi
1786507838.651797,0.382558,-0.007380,-0.044400,-1.558180,ndi
1786507838.669274,0.400035,-0.007380,-0.044400,-1.558210,ndi
1786507838.686815,0.417576,-0.007380,-0.044380,-1.558190,ndi
1786507838.701808,0.432570,-0.007370,-0.044390,-1.558200,ndi
1786507838.719304,0.450065,-0.007380,-0.044410,-1.558190,ndi
1786507838.736898,0.467659,-0.007380,-0.044390,-1.558190,ndi
1786507838.751917,0.482678,-0.007380,-0.044390,-1.558180,ndi
1786507838.769240,0.500001,-0.007380,-0.044400,-1.558180,ndi
1786507838.786765,0.517526,-0.007370,-0.044400,-1.558180,ndi
1786507838.801825,0.532586,-0.007380,-0.044390,-1.558180,ndi
1786507838.819378,0.550139,-0.007370,-0.044380,-1.558200,ndi
1786507838.836927,0.567688,-0.007370,-0.044410,-1.558170,ndi
1786507838.851805,0.582567,-0.007370,-0.044410,-1.558190,ndi
1786507838.869322,0.600083,-0.007370,-0.044390,-1.558160,ndi
1786507838.886785,0.617546,-0.007370,-0.044380,-1.558190,ndi
1786507838.901753,0.632514,-0.007370,-0.044410,-1.558190,ndi
1786507838.919276,0.650037,-0.007360,-0.044410,-1.558170,ndi
1786507838.936833,0.667595,-0.007380,-0.044390,-1.558180,ndi
1786507838.951773,0.682534,-0.007370,-0.044390,-1.558180,ndi
1786507838.969266,0.700027,-0.007370,-0.044410,-1.558170,ndi
1786507838.986831,0.717592,-0.007380,-0.044400,-1.558180,ndi
1786507839.001822,0.732584,-0.007360,-0.044380,-1.558190,ndi
1786507839.019334,0.750095,-0.007370,-0.044390,-1.558160,ndi
1786507839.036828,0.767589,-0.007370,-0.044410,-1.558160,ndi
1786507839.051889,0.782650,-0.007370,-0.044400,-1.558160,ndi
1786507839.069286,0.800048,-0.007370,-0.044380,-1.558190,ndi
1786507839.086776,0.817537,-0.007370,-0.044390,-1.558180,ndi
1786507839.101777,0.832538,-0.007370,-0.044410,-1.558180,ndi
1786507839.119323,0.850084,-0.007380,-0.044400,-1.558200,ndi
1786507839.136847,0.867608,-0.007380,-0.044380,-1.558160,ndi
1786507839.151900,0.882661,-0.007370,-0.044390,-1.558180,ndi
1786507839.169292,0.900053,-0.007370,-0.044410,-1.558180,ndi
1786507839.186837,0.917599,-0.007370,-0.044390,-1.558170,ndi
1786507839.201887,0.932648,-0.007370,-0.044380,-1.558190,ndi
1786507839.219302,0.950063,-0.007370,-0.044400,-1.558180,ndi
1786507839.236947,0.967708,-0.007370,-0.044400,-1.558190,ndi
1786507839.251772,0.982533,-0.007370,-0.044390,-1.558170,ndi
1786507839.269282,1.000043,-0.007380,-0.044390,-1.558180,ndi
1786507839.286836,1.017597,-0.007370,-0.044400,-1.558190,ndi
1786507839.301794,1.032555,-0.007380,-0.044400,-1.558180,ndi
1786507839.319450,1.050212,-0.007380,-0.044390,-1.558180,ndi
1786507839.336942,1.067703,-0.007380,-0.044390,-1.558160,ndi
1786507839.351825,1.082587,-0.007380,-0.044400,-1.558210,ndi
1786507839.369259,1.100020,-0.007380,-0.044390,-1.558160,ndi
1786507839.386819,1.117581,-0.007370,-0.044390,-1.558170,ndi
1786507839.401855,1.132616,-0.007370,-0.044400,-1.558170,ndi
1786507839.419381,1.150142,-0.007370,-0.044400,-1.558170,ndi
1786507839.436877,1.167638,-0.007370,-0.044390,-1.558170,ndi
1786507839.451879,1.182640,-0.007380,-0.044390,-1.558180,ndi
1786507839.469311,1.200073,-0.007380,-0.044400,-1.558160,ndi
1786507839.486809,1.217570,-0.007370,-0.044390,-1.558190,ndi
1786507839.501804,1.232565,-0.007380,-0.044390,-1.558180,ndi
1786507839.519316,1.250077,-0.007380,-0.044400,-1.558170,ndi
1786507839.536853,1.267614,-0.007370,-0.044400,-1.558180,ndi
1786507839.551795,1.282557,-0.007380,-0.044390,-1.558170,ndi
1786507839.569269,1.300031,-0.007370,-0.044390,-1.558160,ndi
1786507839.586830,1.317591,-0.007370,-0.044390,-1.558170,ndi
1786507839.601912,1.332674,-0.007370,-0.044390,-1.558150,ndi
1786507839.619387,1.350148,-0.007370,-0.044390,-1.558170,ndi
1786507839.636833,1.367594,-0.007370,-0.044390,-1.558160,ndi
1786507839.651881,1.382643,-0.007380,-0.044400,-1.558170,ndi
1786507839.669273,1.400034,-0.007380,-0.044400,-1.558170,ndi
1786507839.686803,1.417564,-0.007370,-0.044390,-1.558190,ndi
1786507839.702078,1.432839,-0.007380,-0.044400,-1.558170,ndi
1786507839.719430,1.450191,-0.007380,-0.044400,-1.558180,ndi
1786507839.736835,1.467596,-0.007370,-0.044400,-1.558190,ndi
1786507839.751839,1.482600,-0.007370,-0.044390,-1.558170,ndi
1786507839.769315,1.500076,-0.007370,-0.044400,-1.558190,ndi
1786507839.786822,1.517584,-0.007370,-0.044400,-1.558150,ndi
1786507839.801836,1.532598,-0.007380,-0.044390,-1.558180,ndi
1786507839.819464,1.550225,-0.007370,-0.044390,-1.558170,ndi
1786507839.836818,1.567580,-0.007370,-0.044400,-1.558180,ndi
1786507839.851882,1.582643,-0.007370,-0.044400,-1.558180,ndi
1786507839.869317,1.600078,-0.007370,-0.044400,-1.558180,ndi
1786507839.886814,1.617575,-0.007380,-0.044390,-1.558180,ndi
1786507839.901857,1.632618,-0.007380,-0.044400,-1.558210,ndi
1786507839.919329,1.650090,-0.007380,-0.044400,-1.558150,ndi
1786507839.936846,1.667607,-0.007380,-0.044390,-1.558190,ndi
1786507839.951859,1.682620,-0.007380,-0.044390,-1.558180,ndi
1786507839.969320,1.700081,-0.007370,-0.044400,-1.558190,ndi
1786507839.986855,1.717616,-0.007370,-0.044400,-1.558180,ndi
1786507840.001792,1.732554,-0.007370,-0.044390,-1.558180,ndi
1786507840.019266,1.750027,-0.007370,-0.044390,-1.558190,ndi
1786507840.036870,1.767631,-0.007380,-0.044400,-1.558210,ndi
1786507840.051888,1.782650,-0.007370,-0.044400,-1.558200,ndi
1786507840.069291,1.800052,-0.007370,-0.044390,-1.558200,ndi
1786507840.086808,1.817569,-0.007380,-0.044400,-1.558180,ndi
1786507840.101878,1.832639,-0.007380,-0.044400,-1.558170,ndi
1786507840.119365,1.850127,-0.007380,-0.044390,-1.558180,ndi
1786507840.136883,1.867645,-0.007390,-0.044390,-1.558190,ndi
1786507840.151849,1.882611,-0.007370,-0.044400,-1.558190,ndi
1786507840.169340,1.900101,-0.007370,-0.044400,-1.558170,ndi
1786507840.186822,1.917584,-0.007370,-0.044390,-1.558170,ndi
1786507840.201922,1.932683,-0.007370,-0.044390,-1.558190,ndi
1786507840.219386,1.950148,-0.007370,-0.044410,-1.558190,ndi
1786507840.236823,1.967585,-0.007370,-0.044400,-1.558190,ndi
1786507840.251884,1.982645,-0.007370,-0.044380,-1.558190,ndi
1786507840.269298,2.000059,-0.007370,-0.044400,-1.558190,ndi
1786507840.286839,2.017600,-0.007380,-0.044410,-1.558200,ndi
1786507840.301881,2.032643,-0.007370,-0.044390,-1.558190,ndi
1786507840.319319,2.050081,-0.007380,-0.044380,-1.558190,ndi
1786507840.336819,2.067581,-0.007380,-0.044410,-1.558190,ndi
1786507840.351937,2.082698,-0.007370,-0.044410,-1.558200,ndi
1786507840.369341,2.100102,-0.007370,-0.044380,-1.558170,ndi
1786507840.386797,2.117558,-0.007370,-0.044390,-1.558180,ndi
1786507840.401986,2.132747,-0.007370,-0.044410,-1.558180,ndi
1786507840.419421,2.150182,-0.007370,-0.044410,-1.558170,ndi
1786507840.436980,2.167741,-0.007370,-0.044380,-1.558190,ndi
1786507840.451893,2.182654,-0.007380,-0.044380,-1.558170,ndi
1786507840.469255,2.200016,-0.007380,-0.044410,-1.558170,ndi
1786507840.486804,2.217566,-0.007370,-0.044400,-1.558170,ndi
1786507840.501863,2.232624,-0.007380,-0.044380,-1.558190,ndi
1786507840.519320,2.250081,-0.007380,-0.044380,-1.558180,ndi
1786507840.536942,2.267704,-0.007370,-0.044410,-1.558180,ndi
1786507840.551937,2.282698,-0.007370,-0.044410,-1.558200,ndi
1786507840.569279,2.300040,-0.007370,-0.044380,-1.558200,ndi
1786507840.586826,2.317587,-0.007370,-0.044390,-1.558170,ndi
1786507840.601819,2.332580,-0.007370,-0.044410,-1.558180,ndi
1786507840.619389,2.350151,-0.007380,-0.044400,-1.558200,ndi
1786507840.636850,2.367611,-0.007370,-0.044370,-1.558170,ndi
1786507840.651827,2.382588,-0.007370,-0.044390,-1.558190,ndi
1786507840.669253,2.400014,-0.007370,-0.044410,-1.558190,ndi
1786507840.686791,2.417552,-0.007380,-0.044390,-1.558170,ndi
1786507840.701939,2.432700,-0.007370,-0.044380,-1.558180,ndi
1786507840.719356,2.450117,-0.007380,-0.044400,-1.558230,ndi
1786507840.736918,2.467679,-0.007370,-0.044410,-1.558170,ndi
1786507840.751937,2.482699,-0.007360,-0.044390,-1.558170,ndi
1786507840.769298,2.500059,-0.007380,-0.044380,-1.558180,ndi
1786507840.786862,2.517623,-0.007370,-0.044400,-1.558190,ndi
1786507840.801812,2.532573,-0.007370,-0.044410,-1.558170,ndi
1786507840.819267,2.550028,-0.007380,-0.044390,-1.558180,ndi
1786507840.836816,2.567577,-0.007370,-0.044380,-1.558200,ndi
1786507840.851831,2.582593,-0.007370,-0.044400,-1.558190,ndi
1786507840.869304,2.600065,-0.007380,-0.044410,-1.558180,ndi
1786507840.886849,2.617610,-0.007380,-0.044390,-1.558180,ndi
1786507840.901867,2.632628,-0.007380,-0.044380,-1.558210,ndi
1786507840.919374,2.650135,-0.007370,-0.044410,-1.558190,ndi
1786507840.936952,2.667713,-0.007380,-0.044410,-1.558190,ndi
1786507840.951939,2.682700,-0.007370,-0.044380,-1.558180,ndi
1786507840.969322,2.700083,-0.007370,-0.044390,-1.558180,ndi
1786507840.986820,2.717581,-0.007360,-0.044410,-1.558200,ndi
1786507841.001798,2.732560,-0.007370,-0.044400,-1.558190,ndi
1786507841.019317,2.750078,-0.007370,-0.044390,-1.558150,ndi
1786507841.036995,2.767756,-0.007360,-0.044400,-1.558160,ndi
1786507841.051934,2.782695,-0.007370,-0.044410,-1.558200,ndi
1786507841.069296,2.800058,-0.007380,-0.044400,-1.558180,ndi
1786507841.086807,2.817569,-0.007370,-0.044390,-1.558200,ndi
1786507841.101827,2.832588,-0.007390,-0.044400,-1.558200,ndi
1786507841.119377,2.850139,-0.007360,-0.044400,-1.558210,ndi
1786507841.136921,2.867683,-0.007370,-0.044390,-1.558180,ndi
1786507841.151934,2.882695,-0.007380,-0.044400,-1.558200,ndi
1786507841.169316,2.900078,-0.007370,-0.044400,-1.558180,ndi
1786507841.186857,2.917618,-0.007370,-0.044390,-1.558170,ndi
1786507841.201974,2.932735,-0.007380,-0.044390,-1.558200,ndi
1786507841.219495,2.950256,-0.007370,-0.044400,-1.558180,ndi
1786507841.237017,2.967778,-0.007370,-0.044400,-1.558170,ndi
1786507841.251922,2.982684,-0.007390,-0.044390,-1.558180,ndi
1786507841.269323,3.000084,-0.007380,-0.044390,-1.558190,ndi
1786507841.286842,3.017603,-0.007380,-0.044400,-1.558180,ndi
1786507841.301943,3.032705,-0.007390,-0.044400,-1.558180,ndi
1786507841.319396,3.050158,-0.007370,-0.044390,-1.558190,ndi
1786507841.336993,3.067754,-0.007370,-0.044390,-1.558180,ndi
1786507841.351895,3.082656,-0.007370,-0.044400,-1.558150,ndi
1786507841.369346,3.100107,-0.007370,-0.044400,-1.558180,ndi
1786507841.386827,3.117589,-0.007380,-0.044390,-1.558180,ndi
1786507841.401835,3.132596,-0.007370,-0.044390,-1.558160,ndi
1786507841.419329,3.150090,-0.007370,-0.044400,-1.558180,ndi
1786507841.436869,3.167630,-0.007370,-0.044400,-1.558190,ndi
1786507841.451927,3.182688,-0.007380,-0.044380,-1.558170,ndi
1786507841.469345,3.200107,-0.007380,-0.044400,-1.558170,ndi
1786507841.486800,3.217561,-0.007380,-0.044400,-1.558160,ndi
1786507841.501813,3.232574,-0.007380,-0.044390,-1.558170,ndi
1786507841.519392,3.250153,-0.007370,-0.044380,-1.558170,ndi
1786507841.536850,3.267611,-0.007370,-0.044400,-1.558180,ndi
1786507841.551935,3.282696,-0.007370,-0.044400,-1.558180,ndi
1786507841.569361,3.300122,-0.007370,-0.044390,-1.558160,ndi
1786507841.586804,3.317565,-0.007360,-0.044380,-1.558170,ndi
1786507841.601833,3.332594,-0.007380,-0.044400,-1.558190,ndi
1786507841.619441,3.350203,-0.007370,-0.044400,-1.558170,ndi
1786507841.636950,3.367711,-0.007370,-0.044380,-1.558160,ndi
1786507841.651926,3.382687,-0.007380,-0.044380,-1.558180,ndi
1786507841.669328,3.400090,-0.007370,-0.044400,-1.558170,ndi
1786507841.686816,3.417577,-0.007380,-0.044400,-1.558170,ndi
1786507841.702045,3.432806,-0.007360,-0.044390,-1.558180,ndi
1786507841.719535,3.450297,-0.007370,-0.044380,-1.558160,ndi
1786507841.737032,3.467793,-0.007360,-0.044400,-1.558180,ndi
1786507841.751928,3.482689,-0.007370,-0.044410,-1.558170,ndi
1786507841.769325,3.500086,-0.007370,-0.044380,-1.558200,ndi
1786507841.786802,3.517563,-0.007360,-0.044380,-1.558170,ndi
1786507841.801875,3.532636,-0.007370,-0.044400,-1.558160,ndi
1786507841.819497,3.550258,-0.007370,-0.044400,-1.558180,ndi
1786507841.837031,3.567792,-0.007370,-0.044380,-1.558170,ndi
1786507841.851925,3.582686,-0.007370,-0.044380,-1.558180,ndi
1786507841.869339,3.600100,-0.007370,-0.044400,-1.558140,ndi
1786507841.886806,3.617567,-0.007390,-0.044400,-1.558180,ndi
1786507841.901879,3.632641,-0.007370,-0.044380,-1.558180,ndi
1786507841.919533,3.650295,-0.007380,-0.044380,-1.558170,ndi
1786507841.937037,3.667798,-0.007380,-0.044400,-1.558170,ndi
1786507841.951963,3.682724,-0.007360,-0.044390,-1.558180,ndi
1786507841.969336,3.700097,-0.007380,-0.044380,-1.558160,ndi
1786507841.986815,3.717576,-0.007360,-0.044390,-1.558190,ndi
1786507842.001840,3.732601,-0.007370,-0.044400,-1.558160,ndi
1786507842.019378,3.750139,-0.007370,-0.044400,-1.558200,ndi
1786507842.036878,3.767639,-0.007360,-0.044380,-1.558160,ndi
1786507842.051814,3.782575,-0.007380,-0.044380,-1.558140,ndi
1786507842.069379,3.800140,-0.007380,-0.044400,-1.558170,ndi
1786507842.086816,3.817577,-0.007370,-0.044390,-1.558190,ndi
1786507842.101832,3.832593,-0.007380,-0.044380,-1.558200,ndi
1786507842.119405,3.850167,-0.007370,-0.044390,-1.558180,ndi
1786507842.136852,3.867613,-0.007370,-0.044390,-1.558180,ndi
1786507842.151861,3.882622,-0.007370,-0.044390,-1.558200,ndi
1786507842.169328,3.900090,-0.007370,-0.044390,-1.558180,ndi
1786507842.186874,3.917635,-0.007360,-0.044400,-1.558170,ndi
1786507842.201930,3.932691,-0.007370,-0.044400,-1.558220,ndi
1786507842.219545,3.950306,-0.007370,-0.044380,-1.558200,ndi
1786507842.237021,3.967783,-0.007370,-0.044390,-1.558190,ndi
1786507842.251962,3.982724,-0.007380,-0.044400,-1.558180,ndi
1786507842.269299,4.000061,-0.007370,-0.044390,-1.558170,ndi
1786507842.286847,4.017608,-0.007360,-0.044390,-1.558180,ndi
1786507842.302054,4.032816,-0.007380,-0.044390,-1.558180,ndi
1786507842.319610,4.050371,-0.007360,-0.044400,-1.558180,ndi
1786507842.337055,4.067817,-0.007370,-0.044380,-1.558180,ndi
1786507842.351953,4.082714,-0.007360,-0.044390,-1.558170,ndi
1786507842.369346,4.100107,-0.007360,-0.044400,-1.558170,ndi
1786507842.386830,4.117591,-0.007370,-0.044390,-1.558160,ndi
1786507842.401893,4.132655,-0.007360,-0.044380,-1.558200,ndi
1786507842.419362,4.150123,-0.007380,-0.044390,-1.558180,ndi
1786507842.436959,4.167721,-0.007370,-0.044400,-1.558180,ndi
1786507842.451948,4.182709,-0.007370,-0.044390,-1.558160,ndi
1786507842.469353,4.200115,-0.007380,-0.044390,-1.558170,ndi
1786507842.486831,4.217593,-0.007370,-0.044390,-1.558160,ndi
1786507842.501853,4.232614,-0.007370,-0.044400,-1.558180,ndi
1786507842.519413,4.250175,-0.007370,-0.044390,-1.558170,ndi
1786507842.536900,4.267661,-0.007360,-0.044390,-1.558190,ndi
1786507842.551965,4.282726,-0.007360,-0.044390,-1.558140,ndi
1786507842.569333,4.300094,-0.007370,-0.044400,-1.558160,ndi
1786507842.586828,4.317589,-0.007370,-0.044390,-1.558170,ndi
1786507842.602037,4.332798,-0.007360,-0.044380,-1.558180,ndi
1786507842.619538,4.350299,-0.007370,-0.044390,-1.558180,ndi
1786507842.637140,4.367901,-0.007370,-0.044400,-1.558150,ndi
1786507842.652102,4.382864,-0.007380,-0.044390,-1.558170,ndi
1786507842.669357,4.400119,-0.007380,-0.044390,-1.558160,ndi
1786507842.686805,4.417566,-0.007370,-0.044400,-1.558170,ndi
1786507842.701836,4.432597,-0.007370,-0.044400,-1.558170,ndi
1786507842.719517,4.450278,-0.007360,-0.044390,-1.558130,ndi
1786507842.736970,4.467731,-0.007370,-0.044380,-1.558160,ndi
1786507842.751979,4.482741,-0.007370,-0.044390,-1.558160,ndi
1786507842.769352,4.500114,-0.007360,-0.044400,-1.558190,ndi
1786507842.786810,4.517571,-0.007380,-0.044390,-1.558180,ndi
1786507842.801887,4.532648,-0.007360,-0.044390,-1.558190,ndi
1786507842.819493,4.550254,-0.007370,-0.044400,-1.558190,ndi
1786507842.837007,4.567768,-0.007380,-0.044400,-1.558190,ndi
1786507842.851985,4.582747,-0.007370,-0.044390,-1.558200,ndi
1786507842.869323,4.600084,-0.007370,-0.044400,-1.558200,ndi
1786507842.886850,4.617612,-0.007370,-0.044410,-1.558200,ndi
1786507842.901836,4.632598,-0.007370,-0.044400,-1.558220,ndi
1786507842.919484,4.650245,-0.007380,-0.044390,-1.558220,ndi
1786507842.936950,4.667711,-0.007360,-0.044400,-1.558220,ndi
1786507842.951950,4.682711,-0.007370,-0.044390,-1.558240,ndi
1786507842.969375,4.700137,-0.007380,-0.044360,-1.558300,ndi
1786507842.986825,4.717586,-0.007400,-0.044340,-1.558310,ndi
1786507843.001862,4.732623,-0.007420,-0.044350,-1.558310,ndi
1786507843.019387,4.750149,-0.007450,-0.044350,-1.558320,ndi
1786507843.036917,4.767678,-0.007440,-0.044330,-1.558330,ndi
1786507843.051862,4.782623,-0.007440,-0.044320,-1.558340,ndi
1786507843.069338,4.800099,-0.007440,-0.044330,-1.558310,ndi
1786507843.086844,4.817605,-0.007460,-0.044340,-1.558310,ndi
1786507843.101854,4.832615,-0.007450,-0.044330,-1.558270,ndi
1786507843.119550,4.850312,-0.007450,-0.044340,-1.558290,ndi
1786507843.136942,4.867704,-0.007440,-0.044360,-1.558270,ndi
1786507843.151901,4.882662,-0.007460,-0.044350,-1.558250,ndi
1786507843.169379,4.900141,-0.007450,-0.044350,-1.558240,ndi
1786507843.186841,4.917602,-0.007440,-0.044370,-1.558180,ndi
1786507843.201943,4.932704,-0.007450,-0.044390,-1.558200,ndi
1786507843.219457,4.950219,-0.007440,-0.044380,-1.558180,ndi
1786507843.236920,4.967681,-0.007460,-0.044380,-1.558130,ndi
1786507843.251884,4.982646,-0.007460,-0.044400,-1.558140,ndi
1786507843.269343,5.000104,-0.007440,-0.044400,-1.558100,ndi
1786507843.286883,5.017644,-0.007440,-0.044400,-1.558070,ndi
1786507843.302072,5.032834,-0.007440,-0.044410,-1.558060,ndi
1786507843.319563,5.050324,-0.007440,-0.044430,-1.558010,ndi
1786507843.337097,5.067858,-0.007450,-0.044420,-1.557970,ndi
1786507843.351987,5.082748,-0.007440,-0.044420,-1.557960,ndi
1786507843.369355,5.100116,-0.007450,-0.044450,-1.557920,ndi
1786507843.386868,5.117629,-0.007440,-0.044450,-1.557900,ndi
1786507843.401903,5.132664,-0.007460,-0.044440,-1.557850,ndi
1786507843.419483,5.150244,-0.007450,-0.044440,-1.557800,ndi
1786507843.436887,5.167648,-0.007440,-0.044470,-1.557810,ndi
1786507843.451998,5.182759,-0.007440,-0.044460,-1.557800,ndi
1786507843.469353,5.200115,-0.007440,-0.044440,-1.557780,ndi
1786507843.486882,5.217644,-0.007440,-0.044450,-1.557750,ndi
1786507843.502080,5.232841,-0.007430,-0.044470,-1.557720,ndi
1786507843.519397,5.250159,-0.007430,-0.044460,-1.557710,ndi
1786507843.537048,5.267809,-0.007440,-0.044450,-1.557670,ndi
1786507843.552002,5.282763,-0.007440,-0.044460,-1.557680,ndi
1786507843.569351,5.300112,-0.007430,-0.044470,-1.557660,ndi
1786507843.586828,5.317590,-0.007430,-0.044470,-1.557620,ndi
1786507843.601901,5.332662,-0.007430,-0.044470,-1.557630,ndi
1786507843.619456,5.350217,-0.007440,-0.044480,-1.557580,ndi
1786507843.636945,5.367707,-0.007440,-0.044460,-1.557590,ndi
1786507843.651880,5.382641,-0.007430,-0.044420,-1.557540,ndi
1786507843.669351,5.400112,-0.007450,-0.044370,-1.557520,ndi
1786507843.686893,5.417655,-0.007460,-0.044330,-1.557490,ndi
1786507843.701928,5.432689,-0.007460,-0.044310,-1.557470,ndi
1786507843.719522,5.450283,-0.007470,-0.044260,-1.557460,ndi
1786507843.736946,5.467707,-0.007480,-0.044210,-1.557420,ndi
1786507843.751980,5.482741,-0.007480,-0.044190,-1.557400,ndi
1786507843.769348,5.500110,-0.007490,-0.044170,-1.557340,ndi
1786507843.786834,5.517596,-0.007500,-0.044110,-1.557340,ndi
1786507843.801880,5.532642,-0.007490,-0.044070,-1.557300,ndi
1786507843.819385,5.550146,-0.007510,-0.044050,-1.557290,ndi
1786507843.836881,5.567642,-0.007520,-0.044010,-1.557300,ndi
1786507843.851839,5.582600,-0.007520,-0.043960,-1.557240,ndi
1786507843.869364,5.600126,-0.007520,-0.043920,-1.557220,ndi
1786507843.886871,5.617632,-0.007520,-0.043890,-1.557180,ndi
1786507843.901922,5.632683,-0.007530,-0.043860,-1.557150,ndi
1786507843.919425,5.650186,-0.007540,-0.043820,-1.557130,ndi
1786507843.936939,5.667701,-0.007550,-0.043770,-1.557110,ndi
1786507843.951994,5.682755,-0.007560,-0.043730,-1.557090,ndi
1786507843.969365,5.700126,-0.007560,-0.043690,-1.557060,ndi
1786507843.986871,5.717632,-0.007570,-0.043650,-1.557010,ndi
1786507844.001873,5.732635,-0.007580,-0.043610,-1.556940,ndi
1786507844.019380,5.750141,-0.007600,-0.043580,-1.556890,ndi
1786507844.036941,5.767702,-0.007590,-0.043540,-1.556870,ndi
1786507844.051940,5.782701,-0.007590,-0.043490,-1.556840,ndi
1786507844.069373,5.800134,-0.007600,-0.043460,-1.556870,ndi
1786507844.086852,5.817613,-0.007600,-0.043420,-1.556810,ndi
1786507844.101875,5.832637,-0.007610,-0.043380,-1.556750,ndi
1786507844.119413,5.850174,-0.007610,-0.043330,-1.556720,ndi
1786507844.136938,5.867699,-0.007610,-0.043310,-1.556680,ndi
1786507844.151870,5.882631,-0.007630,-0.043270,-1.556650,ndi
1786507844.169358,5.900119,-0.007630,-0.043220,-1.556630,ndi
1786507844.186882,5.917643,-0.007650,-0.043190,-1.556610,ndi
1786507844.201870,5.932631,-0.007660,-0.043170,-1.556600,ndi
1786507844.219421,5.950182,-0.007660,-0.043130,-1.556550,ndi
1786507844.236861,5.967622,-0.007660,-0.043080,-1.556540,ndi
1786507844.251848,5.982609,-0.007670,-0.043050,-1.556490,ndi
1786507844.269368,6.000129,-0.007680,-0.043030,-1.556450,ndi
1786507844.284501,6.015262,-0.007680,-0.042980,-1.556420,ndi
1786507844.301936,6.032697,-0.007690,-0.042930,-1.556400,ndi
1786507844.319392,6.050153,-0.007690,-0.042910,-1.556390,ndi
1786507844.336945,6.067706,-0.007710,-0.042880,-1.556340,ndi
1786507844.351961,6.082722,-0.007710,-0.042850,-1.556300,ndi
1786507844.369364,6.100126,-0.007710,-0.042810,-1.556280,ndi
1786507844.386907,6.117668,-0.007730,-0.042780,-1.556270,ndi
1786507844.401868,6.132629,-0.007730,-0.042750,-1.556240,ndi
1786507844.419335,6.150096,-0.007740,-0.042710,-1.556210,ndi
1786507844.436969,6.167730,-0.007750,-0.042670,-1.556200,ndi
1786507844.451899,6.182660,-0.007750,-0.042650,-1.556140,ndi
1786507844.469377,6.200138,-0.007760,-0.042620,-1.556180,ndi
1786507844.486928,6.217689,-0.007760,-0.042570,-1.556090,ndi
1786507844.502042,6.232804,-0.007780,-0.042540,-1.556100,ndi
1786507844.519513,6.250274,-0.007790,-0.042510,-1.556110,ndi
1786507844.537024,6.267786,-0.007780,-0.042460,-1.556050,ndi
1786507844.552003,6.282764,-0.007800,-0.042420,-1.556020,ndi
1786507844.569376,6.300138,-0.007820,-0.042390,-1.555990,ndi
1786507844.586869,6.317630,-0.007810,-0.042360,-1.555950,ndi
1786507844.601996,6.332757,-0.007830,-0.042320,-1.555950,ndi
1786507844.619468,6.350230,-0.007840,-0.042280,-1.555930,ndi
1786507844.637105,6.367867,-0.007830,-0.042240,-1.555910,ndi
1786507844.652048,6.382809,-0.007840,-0.042220,-1.555850,ndi
1786507844.669383,6.400144,-0.007860,-0.042170,-1.555840,ndi
1786507844.686902,6.417663,-0.007870,-0.042110,-1.555830,ndi
1786507844.701927,6.432688,-0.007870,-0.042080,-1.555780,ndi
1786507844.719453,6.450214,-0.007890,-0.042060,-1.555750,ndi
1786507844.736973,6.467734,-0.007900,-0.042000,-1.555720,ndi
1786507844.751897,6.482658,-0.007890,-0.041960,-1.555710,ndi
1786507844.769373,6.500134,-0.007920,-0.041940,-1.555700,ndi
1786507844.786892,6.517653,-0.007940,-0.041910,-1.555620,ndi
1786507844.801905,6.532666,-0.007950,-0.041860,-1.555570,ndi
1786507844.819423,6.550184,-0.007950,-0.041810,-1.555570,ndi
1786507844.837037,6.567798,-0.007970,-0.041800,-1.555510,ndi
1786507844.851914,6.582676,-0.007960,-0.041760,-1.555480,ndi
1786507844.869392,6.600153,-0.007980,-0.041700,-1.555470,ndi
1786507844.886883,6.617644,-0.007980,-0.041650,-1.555430,ndi
1786507844.901921,6.632682,-0.008000,-0.041660,-1.555430,ndi
1786507844.919438,6.650199,-0.008010,-0.041620,-1.555390,ndi
1786507844.937014,6.667775,-0.008010,-0.041550,-1.555360,ndi
1786507844.951910,6.682672,-0.008020,-0.041520,-1.555260,ndi
1786507844.969404,6.700166,-0.008040,-0.041510,-1.555270,ndi
1786507844.986870,6.717631,-0.008050,-0.041470,-1.555230,ndi
1786507845.001864,6.732625,-0.008050,-0.041410,-1.555190,ndi
1786507845.019412,6.750173,-0.008050,-0.041380,-1.555170,ndi
1786507845.036971,6.767732,-0.008060,-0.041350,-1.555130,ndi
1786507845.052017,6.782778,-0.008070,-0.041320,-1.555150,ndi
1786507845.069392,6.800153,-0.008080,-0.041260,-1.555090,ndi
1786507845.086869,6.817631,-0.008090,-0.041230,-1.555050,ndi
1786507845.101852,6.832614,-0.008100,-0.041210,-1.555010,ndi
1786507845.119401,6.850162,-0.008110,-0.041170,-1.554980,ndi
1786507845.137044,6.867805,-0.008110,-0.041110,-1.554990,ndi
1786507845.152008,6.882769,-0.008140,-0.041070,-1.554980,ndi
1786507845.169394,6.900155,-0.008140,-0.041060,-1.554900,ndi
1786507845.186867,6.917628,-0.008150,-0.041020,-1.554880,ndi
1786507845.201975,6.932737,-0.008180,-0.040970,-1.554870,ndi
1786507845.219440,6.950202,-0.008170,-0.040930,-1.554880,ndi
1786507845.237090,6.967851,-0.008170,-0.040910,-1.554820,ndi
1786507845.252023,6.982784,-0.008200,-0.040870,-1.554780,ndi
1786507845.269381,7.000142,-0.008200,-0.040830,-1.554750,ndi
1786507845.286898,7.017660,-0.008210,-0.040790,-1.554710,ndi
1786507845.301950,7.032712,-0.008230,-0.040770,-1.554680,ndi
1786507845.319388,7.050150,-0.008240,-0.040730,-1.554660,ndi
1786507845.337045,7.067806,-0.008230,-0.040690,-1.554650,ndi
1786507845.352004,7.082765,-0.008260,-0.040660,-1.554660,ndi
1786507845.369452,7.100213,-0.008270,-0.040620,-1.554640,ndi
1786507845.386870,7.117631,-0.008280,-0.040590,-1.554580,ndi
1786507845.402012,7.132773,-0.008300,-0.040570,-1.554540,ndi
1786507845.419406,7.150167,-0.008290,-0.040520,-1.554500,ndi
1786507845.437102,7.167863,-0.008310,-0.040470,-1.554500,ndi
1786507845.451935,7.182697,-0.008320,-0.040450,-1.554470,ndi
1786507845.469368,7.200129,-0.008320,-0.040420,-1.554410,ndi
1786507845.486866,7.217627,-0.008340,-0.040370,-1.554380,ndi
1786507845.501944,7.232705,-0.008340,-0.040330,-1.554360,ndi
1786507845.519408,7.250170,-0.008370,-0.040310,-1.554310,ndi
1786507845.537051,7.267813,-0.008380,-0.040260,-1.554320,ndi
1786507845.552010,7.282771,-0.008380,-0.040220,-1.554300,ndi
1786507845.569341,7.300103,-0.008410,-0.040170,-1.554270,ndi
1786507845.586874,7.317635,-0.008420,-0.040150,-1.554240,ndi
1786507845.601892,7.332653,-0.008430,-0.040120,-1.554230,ndi
1786507845.619523,7.350284,-0.008440,-0.040060,-1.554200,ndi
1786507845.637041,7.367803,-0.008430,-0.040030,-1.554200,ndi
1786507845.652049,7.382811,-0.008460,-0.040010,-1.554160,ndi
1786507845.669368,7.400129,-0.008460,-0.039970,-1.554100,ndi
1786507845.686859,7.417620,-0.008490,-0.039910,-1.554090,ndi
1786507845.701885,7.432647,-0.008500,-0.039890,-1.554070,ndi
1786507845.719476,7.450238,-0.008490,-0.039870,-1.554020,ndi
1786507845.737005,7.467766,-0.008540,-0.039820,-1.554000,ndi
1786507845.751961,7.482722,-0.008540,-0.039770,-1.554010,ndi
1786507845.769397,7.500158,-0.008550,-0.039740,-1.553960,ndi
1786507845.786861,7.517622,-0.008560,-0.039740,-1.553960,ndi
1786507845.801954,7.532716,-0.008570,-0.039690,-1.553920,ndi
1786507845.819509,7.550271,-0.008580,-0.039630,-1.553880,ndi
1786507845.837059,7.567820,-0.008590,-0.039610,-1.553820,ndi
1786507845.852051,7.582812,-0.008610,-0.039590,-1.553820,ndi
1786507845.869387,7.600148,-0.008610,-0.039530,-1.553820,ndi
1786507845.886872,7.617633,-0.008630,-0.039490,-1.553770,ndi
1786507845.902052,7.632813,-0.008640,-0.039470,-1.553740,ndi
1786507845.919426,7.650188,-0.008640,-0.039440,-1.553710,ndi
1786507845.937056,7.667817,-0.008670,-0.039370,-1.553700,ndi
1786507845.951972,7.682733,-0.008670,-0.039330,-1.553650,ndi
1786507845.969443,7.700205,-0.008690,-0.039330,-1.553600,ndi
1786507845.986866,7.717627,-0.008720,-0.039300,-1.553590,ndi
1786507846.001991,7.732753,-0.008700,-0.039240,-1.553560,ndi
1786507846.019443,7.750204,-0.008720,-0.039200,-1.553490,ndi
1786507846.037019,7.767780,-0.008740,-0.039190,-1.553480,ndi
1786507846.052048,7.782809,-0.008730,-0.039160,-1.553430,ndi
1786507846.069375,7.800137,-0.008760,-0.039090,-1.553420,ndi
1786507846.086917,7.817678,-0.008770,-0.039070,-1.553370,ndi
1786507846.101933,7.832694,-0.008780,-0.039060,-1.553370,ndi
1786507846.119441,7.850202,-0.008800,-0.039020,-1.553370,ndi
1786507846.136989,7.867750,-0.008810,-0.038960,-1.553330,ndi
1786507846.152057,7.882818,-0.008820,-0.038930,-1.553260,ndi
1786507846.169376,7.900137,-0.008830,-0.038940,-1.553240,ndi
1786507846.186874,7.917635,-0.008840,-0.038880,-1.553230,ndi
1786507846.202038,7.932800,-0.008840,-0.038830,-1.553200,ndi
1786507846.219518,7.950280,-0.008860,-0.038810,-1.553200,ndi
1786507846.237039,7.967800,-0.008880,-0.038800,-1.553160,ndi
1786507846.251996,7.982757,-0.008880,-0.038760,-1.553110,ndi
1786507846.269412,8.000173,-0.008910,-0.038700,-1.553050,ndi
1786507846.286958,8.017720,-0.008920,-0.038680,-1.553030,ndi
1786507846.301901,8.032662,-0.008920,-0.038670,-1.553010,ndi
1786507846.319441,8.050202,-0.008950,-0.038630,-1.552970,ndi
1786507846.337078,8.067839,-0.008960,-0.038570,-1.552960,ndi
1786507846.352062,8.082824,-0.008970,-0.038550,-1.552920,ndi
1786507846.369386,8.100148,-0.008980,-0.038540,-1.552910,ndi
1786507846.386889,8.117650,-0.008990,-0.038490,-1.552880,ndi
1786507846.402076,8.132838,-0.009000,-0.038430,-1.552830,ndi
1786507846.419524,8.150286,-0.009010,-0.038400,-1.552810,ndi
1786507846.437018,8.167779,-0.009040,-0.038380,-1.552770,ndi
1786507846.452058,8.182819,-0.009030,-0.038350,-1.552780,ndi
1786507846.469429,8.200190,-0.009060,-0.038290,-1.552730,ndi
1786507846.486910,8.217671,-0.009070,-0.038260,-1.552680,ndi
1786507846.501917,8.232678,-0.009080,-0.038230,-1.552680,ndi
1786507846.519469,8.250231,-0.009110,-0.038200,-1.552640,ndi
1786507846.537052,8.267813,-0.009110,-0.038170,-1.552590,ndi
1786507846.552016,8.282778,-0.009130,-0.038130,-1.552580,ndi
1786507846.569365,8.300126,-0.009150,-0.038100,-1.552550,ndi
1786507846.586903,8.317665,-0.009150,-0.038060,-1.552540,ndi
1786507846.602042,8.332803,-0.009170,-0.038020,-1.552500,ndi
1786507846.619425,8.350186,-0.009170,-0.037980,-1.552480,ndi
1786507846.636924,8.367685,-0.009190,-0.037950,-1.552460,ndi
1786507846.652094,8.382855,-0.009200,-0.037910,-1.552410,ndi
1786507846.669426,8.400187,-0.009210,-0.037870,-1.552380,ndi
1786507846.686919,8.417680,-0.009230,-0.037830,-1.552380,ndi
1786507846.701893,8.432655,-0.009240,-0.037810,-1.552340,ndi
1786507846.719550,8.450312,-0.009270,-0.037770,-1.552330,ndi
1786507846.737042,8.467804,-0.009280,-0.037740,-1.552300,ndi
1786507846.752025,8.482787,-0.009290,-0.037710,-1.552250,ndi
1786507846.769384,8.500145,-0.009300,-0.037670,-1.552200,ndi
1786507846.786928,8.517689,-0.009320,-0.037640,-1.552140,ndi
1786507846.801910,8.532671,-0.009330,-0.037600,-1.552140,ndi
1786507846.819571,8.550333,-0.009350,-0.037550,-1.552140,ndi
1786507846.837060,8.567821,-0.009360,-0.037530,-1.552100,ndi
1786507846.852064,8.582826,-0.009380,-0.037500,-1.552060,ndi
1786507846.869412,8.600173,-0.009400,-0.037460,-1.552000,ndi
1786507846.886938,8.617699,-0.009410,-0.037420,-1.552020,ndi
1786507846.901917,8.632678,-0.009420,-0.037400,-1.551970,ndi
1786507846.919571,8.650333,-0.009450,-0.037370,-1.551950,ndi
1786507846.937072,8.667833,-0.009460,-0.037320,-1.551930,ndi
1786507846.952013,8.682774,-0.009470,-0.037290,-1.551870,ndi
1786507846.969429,8.700191,-0.009480,-0.037270,-1.551850,ndi
1786507846.986953,8.717714,-0.009500,-0.037240,-1.551800,ndi
1786507847.002077,8.732839,-0.009510,-0.037200,-1.551770,ndi
1786507847.019547,8.750308,-0.009530,-0.037140,-1.551770,ndi
1786507847.037013,8.767774,-0.009540,-0.037120,-1.551730,ndi
1786507847.052062,8.782823,-0.009570,-0.037090,-1.551680,ndi
1786507847.069425,8.800186,-0.009570,-0.037050,-1.551650,ndi
1786507847.086917,8.817678,-0.009590,-0.037020,-1.551670,ndi
1786507847.101903,8.832664,-0.009620,-0.037000,-1.551660,ndi
1786507847.119460,8.850221,-0.009630,-0.036980,-1.551610,ndi
1786507847.137012,8.867773,-0.009650,-0.036930,-1.551600,ndi
1786507847.152034,8.882795,-0.009660,-0.036910,-1.551560,ndi
1786507847.169395,8.900156,-0.009660,-0.036880,-1.551510,ndi
1786507847.186915,8.917676,-0.009680,-0.036840,-1.551490,ndi
1786507847.202059,8.932820,-0.009690,-0.036800,-1.551450,ndi
1786507847.219547,8.950308,-0.009710,-0.036770,-1.551450,ndi
1786507847.237047,8.967808,-0.009730,-0.036740,-1.551390,ndi
1786507847.252102,8.982864,-0.009740,-0.036720,-1.551350,ndi
1786507847.269450,9.000212,-0.009760,-0.036670,-1.551330,ndi
1786507847.286959,9.017720,-0.009780,-0.036640,-1.551300,ndi
1786507847.301947,9.032708,-0.009790,-0.036630,-1.551290,ndi
1786507847.319570,9.050331,-0.009810,-0.036590,-1.551270,ndi
1786507847.337031,9.067793,-0.009840,-0.036550,-1.551230,ndi
1786507847.351919,9.082681,-0.009840,-0.036520,-1.551200,ndi
1786507847.369424,9.100185,-0.009860,-0.036490,-1.551190,ndi
1786507847.386962,9.117724,-0.009870,-0.036450,-1.551140,ndi
1786507847.401925,9.132687,-0.009880,-0.036410,-1.551110,ndi
1786507847.419567,9.150329,-0.009900,-0.036390,-1.551090,ndi
1786507847.437059,9.167821,-0.009920,-0.036360,-1.551060,ndi
1786507847.452089,9.182850,-0.009930,-0.036330,-1.551030,ndi
1786507847.469419,9.200181,-0.009960,-0.036270,-1.551040,ndi
1786507847.486943,9.217705,-0.009970,-0.036250,-1.551000,ndi
1786507847.501973,9.232734,-0.009990,-0.036230,-1.551000,ndi
1786507847.519472,9.250233,-0.010010,-0.036190,-1.550940,ndi
1786507847.536945,9.267706,-0.010010,-0.036150,-1.550920,ndi
1786507847.552068,9.282829,-0.010020,-0.036130,-1.550900,ndi
1786507847.569407,9.300169,-0.010050,-0.036100,-1.550870,ndi
1786507847.586928,9.317690,-0.010060,-0.036050,-1.550820,ndi
1786507847.601908,9.332669,-0.010070,-0.036010,-1.550800,ndi
1786507847.619579,9.350341,-0.010090,-0.035990,-1.550760,ndi
1786507847.637020,9.367782,-0.010100,-0.035960,-1.550750,ndi
1786507847.652028,9.382789,-0.010120,-0.035920,-1.550700,ndi
1786507847.669440,9.400202,-0.010130,-0.035880,-1.550660,ndi
1786507847.686908,9.417670,-0.010160,-0.035870,-1.550600,ndi
1786507847.701995,9.432757,-0.010180,-0.035840,-1.550630,ndi
1786507847.719464,9.450226,-0.010190,-0.035780,-1.550590,ndi
1786507847.737063,9.467825,-0.010210,-0.035760,-1.550550,ndi
1786507847.751895,9.482656,-0.010230,-0.035730,-1.550450,ndi
1786507847.769413,9.500175,-0.010240,-0.035690,-1.550440,ndi
1786507847.786925,9.517686,-0.010260,-0.035640,-1.550410,ndi
1786507847.801970,9.532732,-0.010280,-0.035620,-1.550390,ndi
1786507847.819492,9.550253,-0.010300,-0.035600,-1.550350,ndi
1786507847.837079,9.567840,-0.010320,-0.035550,-1.550310,ndi
1786507847.852019,9.582780,-0.010330,-0.035520,-1.550270,ndi
1786507847.869454,9.600215,-0.010350,-0.035500,-1.550240,ndi
1786507847.886963,9.617724,-0.010380,-0.035480,-1.550210,ndi
1786507847.901980,9.632741,-0.010390,-0.035450,-1.550160,ndi
1786507847.919511,9.650273,-0.010410,-0.035410,-1.550140,ndi
1786507847.937090,9.667851,-0.010420,-0.035390,-1.550140,ndi
1786507847.952003,9.682765,-0.010430,-0.035370,-1.550110,ndi
1786507847.969461,9.700222,-0.010440,-0.035340,-1.550100,ndi
1786507847.986968,9.717729,-0.010460,-0.035300,-1.550080,ndi
1786507848.002082,9.732843,-0.010480,-0.035280,-1.550050,ndi
1786507848.019569,9.750330,-0.010480,-0.035270,-1.550040,ndi
1786507848.037139,9.767900,-0.010520,-0.035230,-1.550030,ndi
1786507848.052024,9.782785,-0.010530,-0.035180,-1.550030,ndi
1786507848.069423,9.800184,-0.010530,-0.035160,-1.549970,ndi
1786507848.086952,9.817714,-0.010570,-0.035140,-1.549920,ndi
1786507848.101984,9.832745,-0.010580,-0.035100,-1.549920,ndi
1786507848.119556,9.850317,-0.010600,-0.035050,-1.549890,ndi
1786507848.137095,9.867856,-0.010620,-0.035040,-1.549830,ndi
1786507848.152044,9.882806,-0.010630,-0.035010,-1.549800,ndi
1786507848.169469,9.900230,-0.010650,-0.034970,-1.549780,ndi
1786507848.186979,9.917740,-0.010670,-0.034930,-1.549740,ndi
1786507848.202034,9.932796,-0.010680,-0.034910,-1.549720,ndi
1786507848.219477,9.950238,-0.010690,-0.034900,-1.549700,ndi
1786507848.237017,9.967779,-0.010730,-0.034850,-1.549680,ndi
1786507848.251939,9.982701,-0.010730,-0.034810,-1.549660,ndi
1786507848.269438,10.000199,-0.010760,-0.034790,-1.549630,ndi
1786507848.284601,10.015362,-0.010780,-0.034770,-1.549640,ndi
1786507848.301988,10.032749,-0.010790,-0.034710,-1.549620,ndi
1786507848.319510,10.050271,-0.010820,-0.034670,-1.549550,ndi
1786507848.336974,10.067735,-0.010840,-0.034660,-1.549500,ndi
1786507848.352100,10.082861,-0.010850,-0.034630,-1.549490,ndi
1786507848.369438,10.100199,-0.010870,-0.034580,-1.549490,ndi
1786507848.386966,10.117728,-0.010880,-0.034550,-1.549430,ndi
1786507848.402140,10.132901,-0.010900,-0.034530,-1.549430,ndi
1786507848.419659,10.150420,-0.010940,-0.034510,-1.549400,ndi
1786507848.437180,10.167941,-0.010940,-0.034450,-1.549380,ndi
1786507848.452056,10.182817,-0.010970,-0.034410,-1.549340,ndi
1786507848.469464,10.200226,-0.011000,-0.034400,-1.549320,ndi
1786507848.487034,10.217796,-0.011010,-0.034360,-1.549260,ndi
1786507848.501942,10.232703,-0.011040,-0.034320,-1.549240,ndi
1786507848.519526,10.250288,-0.011060,-0.034280,-1.549210,ndi
1786507848.537167,10.267929,-0.011070,-0.034260,-1.549200,ndi
1786507848.552079,10.282841,-0.011080,-0.034230,-1.549170,ndi
1786507848.569445,10.300206,-0.011100,-0.034190,-1.549160,ndi
1786507848.586970,10.317732,-0.011120,-0.034150,-1.549100,ndi
1786507848.602159,10.332921,-0.011130,-0.034130,-1.549060,ndi
1786507848.619619,10.350380,-0.011160,-0.034100,-1.549040,ndi
1786507848.637106,10.367867,-0.011170,-0.034070,-1.549040,ndi
1786507848.652052,10.382813,-0.011200,-0.034040,-1.549030,ndi
1786507848.669470,10.400232,-0.011220,-0.034010,-1.548970,ndi
1786507848.686972,10.417733,-0.011230,-0.033970,-1.548950,ndi
1786507848.702028,10.432789,-0.011270,-0.033950,-1.548900,ndi
1786507848.719522,10.450283,-0.011260,-0.033920,-1.548890,ndi
1786507848.737051,10.467812,-0.011290,-0.033870,-1.548840,ndi
1786507848.752084,10.482846,-0.011310,-0.033850,-1.548820,ndi
1786507848.769431,10.500192,-0.011320,-0.033830,-1.548820,ndi
1786507848.786959,10.517721,-0.011350,-0.033790,-1.548790,ndi
1786507848.802030,10.532792,-0.011360,-0.033770,-1.548740,ndi
1786507848.819511,10.550272,-0.011380,-0.033730,-1.548690,ndi
1786507848.837128,10.567890,-0.011400,-0.033710,-1.548680,ndi
1786507848.852041,10.582802,-0.011410,-0.033680,-1.548630,ndi
1786507848.869487,10.600248,-0.011430,-0.033650,-1.548610,ndi
1786507848.886980,10.617741,-0.011460,-0.033620,-1.548590,ndi
1786507848.902035,10.632796,-0.011470,-0.033600,-1.548560,ndi
1786507848.919563,10.650325,-0.011480,-0.033560,-1.548540,ndi
1786507848.937159,10.667920,-0.011500,-0.033530,-1.548490,ndi
1786507848.952074,10.682836,-0.011520,-0.033510,-1.548470,ndi
1786507848.969499,10.700260,-0.011520,-0.033460,-1.548440,ndi
1786507848.986986,10.717747,-0.011560,-0.033440,-1.548440,ndi
1786507849.001968,10.732729,-0.011570,-0.033410,-1.548410,ndi
1786507849.019520,10.750281,-0.011580,-0.033380,-1.548380,ndi
1786507849.037133,10.767895,-0.011610,-0.033340,-1.548370,ndi
1786507849.052029,10.782790,-0.011630,-0.033310,-1.548340,ndi
1786507849.069476,10.800237,-0.011660,-0.033290,-1.548320,ndi
1786507849.086971,10.817732,-0.011680,-0.033250,-1.548270,ndi
1786507849.101971,10.832733,-0.011690,-0.033220,-1.548250,ndi
1786507849.119480,10.850241,-0.011710,-0.033200,-1.548220,ndi
1786507849.136996,10.867757,-0.011730,-0.033170,-1.548210,ndi
1786507849.152055,10.882816,-0.011740,-0.033140,-1.548200,ndi
1786507849.169430,10.900191,-0.011760,-0.033100,-1.548150,ndi
1786507849.186980,10.917742,-0.011790,-0.033090,-1.548110,ndi
1786507849.202061,10.932822,-0.011800,-0.033050,-1.548100,ndi
1786507849.219472,10.950234,-0.011830,-0.033000,-1.548060,ndi
1786507849.237014,10.967776,-0.011850,-0.032970,-1.548050,ndi
1786507849.252038,10.982799,-0.011890,-0.032940,-1.548060,ndi
1786507849.269502,11.000263,-0.011900,-0.032910,-1.548000,ndi
1786507849.286983,11.017744,-0.011940,-0.032860,-1.547990,ndi
1786507849.301993,11.032754,-0.011960,-0.032840,-1.547950,ndi
1786507849.319500,11.050261,-0.011960,-0.032820,-1.547950,ndi
1786507849.337037,11.067798,-0.011980,-0.032780,-1.547940,ndi
1786507849.351994,11.082755,-0.012000,-0.032740,-1.547880,ndi
1786507849.369462,11.100223,-0.012030,-0.032710,-1.547840,ndi
1786507849.386985,11.117746,-0.012050,-0.032690,-1.547830,ndi
1786507849.402016,11.132778,-0.012080,-0.032660,-1.547780,ndi
1786507849.419600,11.150361,-0.012090,-0.032610,-1.547790,ndi
1786507849.437038,11.167799,-0.012110,-0.032580,-1.547720,ndi
1786507849.452031,11.182793,-0.012140,-0.032570,-1.547730,ndi
1786507849.469569,11.200330,-0.012150,-0.032520,-1.547630,ndi
1786507849.484517,11.215278,-0.012180,-0.032480,-1.547670,ndi
1786507849.502112,11.232873,-0.012190,-0.032460,-1.547630,ndi
1786507849.519543,11.250304,-0.012220,-0.032440,-1.547610,ndi
1786507849.537135,11.267896,-0.012240,-0.032390,-1.547580,ndi
1786507849.552077,11.282839,-0.012250,-0.032350,-1.547550,ndi
1786507849.569642,11.300403,-0.012270,-0.032340,-1.547540,ndi
1786507849.586983,11.317744,-0.012290,-0.032320,-1.547510,ndi
1786507849.602103,11.332864,-0.012320,-0.032260,-1.547450,ndi
1786507849.619558,11.350319,-0.012330,-0.032220,-1.547450,ndi
1786507849.637106,11.367867,-0.012370,-0.032210,-1.547430,ndi
1786507849.652075,11.382836,-0.012380,-0.032190,-1.547390,ndi
1786507849.669476,11.400237,-0.012400,-0.032120,-1.547320,ndi
1786507849.686948,11.417709,-0.012440,-0.032090,-1.547310,ndi
1786507849.702103,11.432864,-0.012430,-0.032100,-1.547290,ndi
1786507849.719616,11.450377,-0.012450,-0.032060,-1.547240,ndi
1786507849.737108,11.467869,-0.012480,-0.032000,-1.547220,ndi
1786507849.752063,11.482825,-0.012490,-0.031990,-1.547190,ndi
1786507849.769480,11.500241,-0.012510,-0.031980,-1.547150,ndi
1786507849.787027,11.517788,-0.012530,-0.031940,-1.547110,ndi
1786507849.801982,11.532743,-0.012550,-0.031890,-1.547110,ndi
1786507849.819568,11.550329,-0.012560,-0.031870,-1.547080,ndi
1786507849.837081,11.567842,-0.012600,-0.031850,-1.547070,ndi
1786507849.852066,11.582828,-0.012620,-0.031810,-1.547020,ndi
1786507849.869445,11.600206,-0.012630,-0.031770,-1.546980,ndi
1786507849.886958,11.617720,-0.012680,-0.031760,-1.546980,ndi
1786507849.901970,11.632732,-0.012670,-0.031740,-1.546960,ndi
1786507849.919496,11.650258,-0.012700,-0.031690,-1.546920,ndi
1786507849.937078,11.667840,-0.012730,-0.031660,-1.546900,ndi
1786507849.951975,11.682736,-0.012730,-0.031650,-1.546860,ndi
1786507849.969456,11.700217,-0.012750,-0.031630,-1.546860,ndi
1786507849.987024,11.717786,-0.012780,-0.031580,-1.546830,ndi
1786507850.002055,11.732816,-0.012790,-0.031550,-1.546780,ndi
1786507850.019548,11.750310,-0.012820,-0.031540,-1.546750,ndi
1786507850.037062,11.767824,-0.012840,-0.031500,-1.546740,ndi
1786507850.052032,11.782793,-0.012860,-0.031470,-1.546680,ndi
1786507850.069478,11.800239,-0.012880,-0.031430,-1.546660,ndi
1786507850.086981,11.817742,-0.012900,-0.031410,-1.546630,ndi
1786507850.101970,11.832731,-0.012920,-0.031390,-1.546570,ndi
1786507850.119501,11.850262,-0.012930,-0.031340,-1.546590,ndi
1786507850.137182,11.867943,-0.012950,-0.031300,-1.546550,ndi
1786507850.152101,11.882862,-0.012970,-0.031290,-1.546500,ndi
1786507850.169460,11.900221,-0.013010,-0.031260,-1.546480,ndi
1786507850.187036,11.917798,-0.013020,-0.031210,-1.546470,ndi
1786507850.202029,11.932790,-0.013030,-0.031180,-1.546420,ndi
1786507850.219663,11.950424,-0.013070,-0.031170,-1.546400,ndi
1786507850.237196,11.967958,-0.013090,-0.031140,-1.546380,ndi
1786507850.252113,11.982875,-0.013110,-0.031090,-1.546360,ndi
1786507850.269478,12.000239,-0.013130,-0.031070,-1.546360,ndi
1786507850.287036,12.017798,-0.013140,-0.031050,-1.546310,ndi
1786507850.302035,12.032796,-0.013160,-0.031010,-1.546270,ndi
1786507850.319540,12.050301,-0.013180,-0.030960,-1.546240,ndi
1786507850.337233,12.067994,-0.013200,-0.030930,-1.546220,ndi
1786507850.352091,12.082852,-0.013220,-0.030930,-1.546190,ndi
1786507850.369470,12.100231,-0.013240,-0.030880,-1.546180,ndi
1786507850.387022,12.117784,-0.013270,-0.030820,-1.546130,ndi
1786507850.402188,12.132949,-0.013290,-0.030810,-1.546070,ndi
1786507850.419648,12.150409,-0.013320,-0.030790,-1.546070,ndi
1786507850.437200,12.167962,-0.013330,-0.030750,-1.546020,ndi
1786507850.452074,12.182835,-0.013360,-0.030720,-1.546030,ndi
1786507850.469453,12.200214,-0.013380,-0.030700,-1.546000,ndi
1786507850.484555,12.215317,-0.013380,-0.030680,-1.545950,ndi
1786507850.502150,12.232912,-0.013400,-0.030640,-1.545910,ndi
1786507850.519578,12.250339,-0.013420,-0.030600,-1.545890,ndi
1786507850.537031,12.267792,-0.013440,-0.030580,-1.545900,ndi
1786507850.552115,12.282876,-0.013470,-0.030560,-1.545860,ndi
1786507850.569477,12.300238,-0.013490,-0.030520,-1.545840,ndi
1786507850.586998,12.317760,-0.013510,-0.030480,-1.545790,ndi
1786507850.602000,12.332762,-0.013530,-0.030460,-1.545770,ndi
1786507850.619607,12.350369,-0.013550,-0.030430,-1.545740,ndi
1786507850.637130,12.367891,-0.013580,-0.030390,-1.545700,ndi
1786507850.652128,12.382889,-0.013600,-0.030370,-1.545650,ndi
1786507850.669453,12.400214,-0.013610,-0.030340,-1.545620,ndi
1786507850.686969,12.417730,-0.013640,-0.030310,-1.545560,ndi
1786507850.702042,12.432804,-0.013660,-0.030280,-1.545570,ndi
1786507850.719612,12.450373,-0.013680,-0.030250,-1.545550,ndi
1786507850.737122,12.467883,-0.013690,-0.030230,-1.545490,ndi
1786507850.752076,12.482837,-0.013720,-0.030200,-1.545470,ndi
1786507850.769495,12.500257,-0.013740,-0.030160,-1.545460,ndi
1786507850.787007,12.517768,-0.013770,-0.030130,-1.545430,ndi
1786507850.802077,12.532838,-0.013780,-0.030110,-1.545390,ndi
1786507850.819653,12.550414,-0.013810,-0.030080,-1.545380,ndi
1786507850.837138,12.567900,-0.013830,-0.030050,-1.545380,ndi
1786507850.852089,12.582851,-0.013830,-0.030030,-1.545350,ndi
1786507850.869456,12.600217,-0.013850,-0.030000,-1.545330,ndi
1786507850.887010,12.617771,-0.013880,-0.029960,-1.545260,ndi
1786507850.902144,12.632905,-0.013880,-0.029940,-1.545250,ndi
1786507850.919641,12.650402,-0.013910,-0.029920,-1.545200,ndi
1786507850.937110,12.667872,-0.013930,-0.029890,-1.545200,ndi
1786507850.952097,12.682858,-0.013950,-0.029850,-1.545180,ndi
1786507850.969495,12.700256,-0.013970,-0.029830,-1.545140,ndi
1786507850.986997,12.717758,-0.014000,-0.029800,-1.545130,ndi
1786507851.002129,12.732891,-0.014000,-0.029770,-1.545080,ndi
1786507851.019648,12.750409,-0.014030,-0.029730,-1.545080,ndi
1786507851.037124,12.767885,-0.014060,-0.029710,-1.545040,ndi
1786507851.052014,12.782775,-0.014060,-0.029690,-1.545010,ndi
1786507851.069474,12.800236,-0.014090,-0.029650,-1.544970,ndi
1786507851.087049,12.817810,-0.014110,-0.029610,-1.544960,ndi
1786507851.102130,12.832891,-0.014120,-0.029600,-1.544970,ndi
1786507851.119626,12.850387,-0.014160,-0.029560,-1.544890,ndi
1786507851.137090,12.867852,-0.014170,-0.029520,-1.544860,ndi
1786507851.152088,12.882850,-0.014200,-0.029490,-1.544820,ndi
1786507851.169481,12.900242,-0.014220,-0.029470,-1.544820,ndi
1786507851.187054,12.917815,-0.014230,-0.029440,-1.544790,ndi
1786507851.202134,12.932896,-0.014270,-0.029390,-1.544800,ndi
1786507851.219620,12.950381,-0.014300,-0.029380,-1.544770,ndi
1786507851.237126,12.967887,-0.014320,-0.029360,-1.544740,ndi
1786507851.252045,12.982806,-0.014360,-0.029330,-1.544720,ndi
1786507851.269481,13.000242,-0.014360,-0.029280,-1.544680,ndi
1786507851.287086,13.017847,-0.014380,-0.029260,-1.544660,ndi
1786507851.302016,13.032778,-0.014410,-0.029250,-1.544630,ndi
1786507851.319542,13.050303,-0.014430,-0.029200,-1.544580,ndi
1786507851.337048,13.067810,-0.014430,-0.029150,-1.544560,ndi
1786507851.352156,13.082918,-0.014480,-0.029140,-1.544550,ndi
1786507851.369477,13.100238,-0.014500,-0.029120,-1.544520,ndi
1786507851.387049,13.117811,-0.014490,-0.029080,-1.544480,ndi
1786507851.402205,13.132966,-0.014540,-0.029040,-1.544470,ndi
1786507851.419698,13.150459,-0.014560,-0.029010,-1.544450,ndi
1786507851.437151,13.167913,-0.014570,-0.028980,-1.544440,ndi
1786507851.452100,13.182862,-0.014600,-0.028960,-1.544380,ndi
1786507851.469506,13.200268,-0.014620,-0.028920,-1.544360,ndi
1786507851.487039,13.217800,-0.014640,-0.028890,-1.544330,ndi
1786507851.502031,13.232792,-0.014660,-0.028860,-1.544290,ndi
1786507851.519575,13.250337,-0.014690,-0.028830,-1.544270,ndi
1786507851.534606,13.265368,-0.014700,-0.028800,-1.544250,ndi
1786507851.552043,13.282805,-0.014730,-0.028770,-1.544210,ndi
1786507851.569475,13.300236,-0.014750,-0.028760,-1.544170,ndi
1786507851.587042,13.317803,-0.014780,-0.028720,-1.544180,ndi
1786507851.602036,13.332797,-0.014810,-0.028690,-1.544160,ndi
1786507851.619543,13.350304,-0.014810,-0.028660,-1.544130,ndi
1786507851.634611,13.365372,-0.014830,-0.028650,-1.544100,ndi
1786507851.651998,13.382760,-0.014860,-0.028620,-1.544080,ndi
1786507851.669500,13.400262,-0.014870,-0.028590,-1.544030,ndi
1786507851.687046,13.417807,-0.014890,-0.028560,-1.543980,ndi
1786507851.702080,13.432841,-0.014910,-0.028530,-1.543950,ndi
1786507851.719707,13.450469,-0.014930,-0.028520,-1.543920,ndi
1786507851.737186,13.467947,-0.014960,-0.028480,-1.543900,ndi
1786507851.752147,13.482908,-0.014980,-0.028450,-1.543890,ndi
1786507851.769477,13.500239,-0.014990,-0.028440,-1.543860,ndi
1786507851.787065,13.517827,-0.015030,-0.028400,-1.543880,ndi
1786507851.802174,13.532935,-0.015050,-0.028370,-1.543820,ndi
1786507851.819646,13.550407,-0.015070,-0.028350,-1.543770,ndi
1786507851.837139,13.567900,-0.015100,-0.028330,-1.543790,ndi
1786507851.852094,13.582855,-0.015100,-0.028300,-1.543780,ndi
1786507851.869517,13.600278,-0.015130,-0.028260,-1.543710,ndi
1786507851.887052,13.617813,-0.015150,-0.028230,-1.543650,ndi
1786507851.902041,13.632802,-0.015160,-0.028220,-1.543630,ndi
1786507851.919507,13.650268,-0.015190,-0.028190,-1.543630,ndi
1786507851.937181,13.667942,-0.015210,-0.028160,-1.543600,ndi
1786507851.952064,13.682826,-0.015220,-0.028130,-1.543560,ndi
1786507851.969489,13.700250,-0.015250,-0.028110,-1.543560,ndi
1786507851.987275,13.718037,-0.015280,-0.028090,-1.543520,ndi
1786507852.002115,13.732877,-0.015290,-0.028050,-1.543530,ndi
1786507852.019683,13.750445,-0.015320,-0.028020,-1.543490,ndi
1786507852.037137,13.767898,-0.015340,-0.027990,-1.543450,ndi
1786507852.052085,13.782846,-0.015350,-0.027970,-1.543440,ndi
1786507852.069521,13.800282,-0.015390,-0.027920,-1.543400,ndi
1786507852.087028,13.817790,-0.015400,-0.027880,-1.543370,ndi
1786507852.102076,13.832837,-0.015410,-0.027880,-1.543370,ndi
1786507852.119554,13.850315,-0.015460,-0.027860,-1.543330,ndi
1786507852.137264,13.868026,-0.015480,-0.027810,-1.543300,ndi
1786507852.152135,13.882896,-0.015490,-0.027770,-1.543310,ndi
1786507852.169504,13.900265,-0.015520,-0.027760,-1.543260,ndi
1786507852.187030,13.917791,-0.015540,-0.027730,-1.543200,ndi
1786507852.202228,13.932990,-0.015570,-0.027690,-1.543220,ndi
1786507852.219704,13.950465,-0.015590,-0.027660,-1.543170,ndi
1786507852.237195,13.967957,-0.015600,-0.027650,-1.543150,ndi
1786507852.252151,13.982912,-0.015620,-0.027620,-1.543120,ndi
1786507852.269512,14.000273,-0.015640,-0.027560,-1.543100,ndi
1786507852.287057,14.017818,-0.015660,-0.027530,-1.543050,ndi
1786507852.302153,14.032914,-0.015690,-0.027530,-1.543050,ndi
1786507852.319562,14.050323,-0.015710,-0.027490,-1.543020,ndi
1786507852.337171,14.067932,-0.015730,-0.027440,-1.542990,ndi
1786507852.352112,14.082873,-0.015770,-0.027430,-1.542950,ndi
1786507852.369522,14.100283,-0.015790,-0.027400,-1.542930,ndi
1786507852.387022,14.117783,-0.015810,-0.027350,-1.542890,ndi
1786507852.402192,14.132953,-0.015840,-0.027320,-1.542850,ndi
1786507852.419696,14.150457,-0.015870,-0.027310,-1.542820,ndi
1786507852.437234,14.167995,-0.015900,-0.027280,-1.542810,ndi
1786507852.452120,14.182882,-0.015910,-0.027240,-1.542760,ndi
1786507852.469510,14.200272,-0.015930,-0.027210,-1.542760,ndi
1786507852.487036,14.217797,-0.015950,-0.027200,-1.542730,ndi
1786507852.502191,14.232953,-0.015970,-0.027170,-1.542700,ndi
1786507852.519733,14.250495,-0.016000,-0.027130,-1.542650,ndi
1786507852.537088,14.267849,-0.016010,-0.027110,-1.542630,ndi
1786507852.552063,14.282824,-0.016040,-0.027090,-1.542600,ndi
1786507852.569515,14.300276,-0.016060,-0.027060,-1.542550,ndi
1786507852.587052,14.317813,-0.016090,-0.027020,-1.542540,ndi
1786507852.602015,14.332776,-0.016110,-0.027010,-1.542490,ndi
1786507852.619688,14.350449,-0.016120,-0.026980,-1.542470,ndi
1786507852.637213,14.367974,-0.016140,-0.026950,-1.542450,ndi
1786507852.652162,14.382923,-0.016160,-0.026920,-1.542420,ndi
1786507852.669546,14.400307,-0.016180,-0.026910,-1.542380,ndi
1786507852.687070,14.417831,-0.016200,-0.026880,-1.542360,ndi
1786507852.702074,14.432835,-0.016210,-0.026840,-1.542340,ndi
1786507852.719656,14.450418,-0.016240,-0.026820,-1.542320,ndi
1786507852.737246,14.468007,-0.016260,-0.026800,-1.542280,ndi
1786507852.752145,14.482906,-0.016270,-0.026770,-1.542290,ndi
1786507852.769509,14.500270,-0.016300,-0.026740,-1.542260,ndi
1786507852.784532,14.515294,-0.016330,-0.026730,-1.542240,ndi
1786507852.802115,14.532876,-0.016350,-0.026700,-1.542220,ndi
1786507852.819749,14.550510,-0.016370,-0.026660,-1.542170,ndi
1786507852.837167,14.567928,-0.016390,-0.026620,-1.542140,ndi
1786507852.852120,14.582882,-0.016420,-0.026600,-1.542140,ndi
1786507852.869525,14.600286,-0.016440,-0.026580,-1.542120,ndi
1786507852.887041,14.617802,-0.016440,-0.026530,-1.542100,ndi
1786507852.902007,14.632769,-0.016470,-0.026510,-1.542080,ndi
1786507852.919802,14.650564,-0.016500,-0.026500,-1.542060,ndi
1786507852.937251,14.668012,-0.016530,-0.026470,-1.542050,ndi
1786507852.952129,14.682891,-0.016550,-0.026430,-1.542020,ndi
1786507852.969532,14.700294,-0.016580,-0.026400,-1.541970,ndi
1786507852.984542,14.715303,-0.016600,-0.026390,-1.541930,ndi
1786507853.002190,14.732951,-0.016630,-0.026360,-1.541920,ndi
1786507853.019648,14.750409,-0.016650,-0.026300,-1.541870,ndi
1786507853.037122,14.767884,-0.016670,-0.026290,-1.541850,ndi
1786507853.052144,14.782905,-0.016710,-0.026270,-1.541810,ndi
1786507853.069541,14.800303,-0.016720,-0.026220,-1.541760,ndi
1786507853.087049,14.817810,-0.016750,-0.026180,-1.541750,ndi
1786507853.102125,14.832886,-0.016790,-0.026180,-1.541730,ndi
1786507853.119577,14.850339,-0.016810,-0.026160,-1.541700,ndi
1786507853.137150,14.867911,-0.016830,-0.026120,-1.541680,ndi
1786507853.152155,14.882916,-0.016870,-0.026080,-1.541660,ndi
1786507853.169539,14.900301,-0.016890,-0.026070,-1.541630,ndi
1786507853.186975,14.917736,-0.016910,-0.026050,-1.541580,ndi
1786507853.202210,14.932971,-0.016940,-0.026010,-1.541610,ndi
1786507853.219647,14.950408,-0.016950,-0.025960,-1.541570,ndi
1786507853.237204,14.967965,-0.016970,-0.025950,-1.541500,ndi
1786507853.252170,14.982931,-0.017000,-0.025930,-1.541520,ndi
1786507853.269541,15.000302,-0.017020,-0.025890,-1.541480,ndi
1786507853.287041,15.017803,-0.017030,-0.025850,-1.541460,ndi
1786507853.302050,15.032811,-0.017070,-0.025840,-1.541420,ndi
1786507853.319731,15.050492,-0.017090,-0.025820,-1.541410,ndi
1786507853.337148,15.067909,-0.017110,-0.025770,-1.541380,ndi
1786507853.352101,15.082862,-0.017140,-0.025740,-1.541360,ndi
1786507853.369522,15.100283,-0.017170,-0.025730,-1.541320,ndi
1786507853.384543,15.115304,-0.017180,-0.025700,-1.541280,ndi
1786507853.402087,15.132849,-0.017220,-0.025660,-1.541270,ndi
1786507853.419588,15.150349,-0.017240,-0.025630,-1.541280,ndi
1786507853.437260,15.168021,-0.017260,-0.025620,-1.541220,ndi
1786507853.452183,15.182945,-0.017290,-0.025590,-1.541180,ndi
1786507853.469557,15.200318,-0.017320,-0.025550,-1.541160,ndi
1786507853.487016,15.217777,-0.017330,-0.025520,-1.541110,ndi
1786507853.502111,15.232872,-0.017370,-0.025500,-1.541110,ndi
1786507853.519591,15.250352,-0.017390,-0.025470,-1.541060,ndi
1786507853.537092,15.267853,-0.017430,-0.025440,-1.541030,ndi
1786507853.552080,15.282841,-0.017450,-0.025420,-1.541020,ndi
1786507853.569541,15.300302,-0.017480,-0.025390,-1.540980,ndi
1786507853.587062,15.317824,-0.017500,-0.025360,-1.540970,ndi
1786507853.602108,15.332869,-0.017510,-0.025340,-1.540910,ndi
1786507853.619624,15.350385,-0.017560,-0.025310,-1.540910,ndi
1786507853.637107,15.367869,-0.017570,-0.025280,-1.540880,ndi
1786507853.652161,15.382922,-0.017580,-0.025260,-1.540870,ndi
1786507853.669540,15.400301,-0.017630,-0.025230,-1.540850,ndi
1786507853.687078,15.417839,-0.017650,-0.025200,-1.540790,ndi
1786507853.702058,15.432819,-0.017680,-0.025180,-1.540790,ndi
1786507853.719695,15.450456,-0.017710,-0.025160,-1.540730,ndi
1786507853.737108,15.467870,-0.017730,-0.025130,-1.540700,ndi
1786507853.752121,15.482883,-0.017760,-0.025100,-1.540700,ndi
1786507853.769505,15.500266,-0.017780,-0.025080,-1.540650,ndi
1786507853.787051,15.517812,-0.017820,-0.025060,-1.540640,ndi
1786507853.802151,15.532912,-0.017840,-0.025030,-1.540610,ndi
1786507853.819650,15.550412,-0.017850,-0.025000,-1.540550,ndi
1786507853.837263,15.568025,-0.017860,-0.024980,-1.540540,ndi
1786507853.852123,15.582884,-0.017890,-0.024950,-1.540530,ndi
1786507853.869564,15.600325,-0.017920,-0.024920,-1.540480,ndi
1786507853.887064,15.617826,-0.017950,-0.024890,-1.540460,ndi
1786507853.902046,15.632807,-0.017980,-0.024880,-1.540440,ndi
1786507853.919634,15.650395,-0.017990,-0.024840,-1.540420,ndi
1786507853.937249,15.668010,-0.018030,-0.024820,-1.540390,ndi
1786507853.952148,15.682909,-0.018060,-0.024790,-1.540360,ndi
1786507853.969509,15.700270,-0.018080,-0.024760,-1.540310,ndi
1786507853.984584,15.715345,-0.018110,-0.024730,-1.540310,ndi
1786507854.002333,15.733094,-0.018140,-0.024700,-1.540260,ndi
1786507854.019745,15.750507,-0.018160,-0.024670,-1.540230,ndi
1786507854.037284,15.768045,-0.018180,-0.024640,-1.540220,ndi
1786507854.052139,15.782900,-0.018200,-0.024600,-1.540210,ndi
1786507854.069543,15.800304,-0.018240,-0.024590,-1.540160,ndi
1786507854.087071,15.817832,-0.018270,-0.024570,-1.540100,ndi
1786507854.102120,15.832881,-0.018290,-0.024540,-1.540130,ndi
1786507854.119633,15.850394,-0.018310,-0.024500,-1.540090,ndi
1786507854.137061,15.867822,-0.018350,-0.024480,-1.540070,ndi
1786507854.152041,15.882803,-0.018380,-0.024450,-1.540050,ndi
1786507854.169516,15.900277,-0.018400,-0.024430,-1.540020,ndi
1786507854.184577,15.915338,-0.018430,-0.024390,-1.540000,ndi
1786507854.202247,15.933009,-0.018460,-0.024380,-1.539980,ndi
1786507854.219774,15.950535,-0.018470,-0.024340,-1.539970,ndi
1786507854.237316,15.968078,-0.018510,-0.024310,-1.539890,ndi
1786507854.252216,15.982977,-0.018540,-0.024290,-1.539910,ndi
1786507854.269538,16.000299,-0.018560,-0.024270,-1.539900,ndi
1786507854.287100,16.017861,-0.018590,-0.024230,-1.539820,ndi
1786507854.302224,16.032985,-0.018610,-0.024200,-1.539820,ndi
1786507854.319758,16.050519,-0.018660,-0.024190,-1.539800,ndi
1786507854.337290,16.068051,-0.018690,-0.024160,-1.539750,ndi
1786507854.352143,16.082904,-0.018710,-0.024130,-1.539720,ndi
1786507854.369573,16.100334,-0.018740,-0.024100,-1.539720,ndi
1786507854.387069,16.117830,-0.018770,-0.024090,-1.539680,ndi
1786507854.402224,16.132985,-0.018770,-0.024070,-1.539680,ndi
1786507854.419779,16.150541,-0.018800,-0.024030,-1.539650,ndi
1786507854.437279,16.168040,-0.018830,-0.024000,-1.539580,ndi
1786507854.452163,16.182924,-0.018860,-0.024000,-1.539550,ndi
1786507854.469566,16.200328,-0.018890,-0.023970,-1.539520,ndi
1786507854.487043,16.217804,-0.018900,-0.023930,-1.539470,ndi
1786507854.502235,16.232996,-0.018930,-0.023910,-1.539450,ndi
1786507854.519781,16.250542,-0.018980,-0.023890,-1.539450,ndi
1786507854.537312,16.268074,-0.018990,-0.023870,-1.539390,ndi
1786507854.552157,16.282918,-0.019030,-0.023850,-1.539350,ndi
1786507854.569517,16.300278,-0.019050,-0.023820,-1.539310,ndi
1786507854.587066,16.317828,-0.019070,-0.023800,-1.539320,ndi
1786507854.602115,16.332876,-0.019090,-0.023780,-1.539280,ndi
1786507854.619657,16.350419,-0.019130,-0.023740,-1.539260,ndi
1786507854.637165,16.367927,-0.019150,-0.023720,-1.539230,ndi
1786507854.652097,16.382859,-0.019180,-0.023710,-1.539210,ndi
1786507854.669577,16.400338,-0.019210,-0.023670,-1.539190,ndi
1786507854.687069,16.417831,-0.019250,-0.023630,-1.539190,ndi
1786507854.702097,16.432858,-0.019280,-0.023610,-1.539130,ndi
1786507854.719764,16.450526,-0.019310,-0.023600,-1.539070,ndi
1786507854.737283,16.468044,-0.019350,-0.023560,-1.539080,ndi
1786507854.752152,16.482913,-0.019380,-0.023530,-1.539070,ndi
1786507854.769551,16.500312,-0.019390,-0.023520,-1.539020,ndi
1786507854.787103,16.517864,-0.019420,-0.023500,-1.539020,ndi
1786507854.802087,16.532848,-0.019450,-0.023460,-1.538980,ndi
1786507854.819731,16.550493,-0.019470,-0.023440,-1.538970,ndi
1786507854.837272,16.568033,-0.019500,-0.023430,-1.538950,ndi
1786507854.852093,16.582854,-0.019510,-0.023400,-1.538910,ndi
1786507854.869594,16.600356,-0.019550,-0.023360,-1.538890,ndi
1786507854.887092,16.617853,-0.019590,-0.023340,-1.538870,ndi
1786507854.902077,16.632838,-0.019620,-0.023330,-1.538840,ndi
1786507854.919613,16.650375,-0.019660,-0.023280,-1.538800,ndi
1786507854.934734,16.665495,-0.019680,-0.023250,-1.538770,ndi
1786507854.952143,16.682905,-0.019720,-0.023240,-1.538760,ndi
1786507854.969574,16.700335,-0.019740,-0.023220,-1.538690,ndi
1786507854.987059,16.717820,-0.019760,-0.023160,-1.538680,ndi
1786507855.002061,16.732822,-0.019800,-0.023150,-1.538670,ndi
1786507855.019717,16.750479,-0.019830,-0.023150,-1.538620,ndi
1786507855.037207,16.767968,-0.019850,-0.023110,-1.538580,ndi
1786507855.052341,16.783102,-0.019890,-0.023060,-1.538560,ndi
1786507855.069581,16.800342,-0.019920,-0.023060,-1.538540,ndi
1786507855.084627,16.815388,-0.019960,-0.023060,-1.538540,ndi
1786507855.102080,16.832842,-0.019960,-0.023010,-1.538520,ndi
1786507855.119641,16.850402,-0.020010,-0.022980,-1.538470,ndi
1786507855.137182,16.867943,-0.020040,-0.022970,-1.538450,ndi
1786507855.152163,16.882925,-0.020060,-0.022960,-1.538430,ndi
1786507855.169587,16.900348,-0.020080,-0.022910,-1.538390,ndi
1786507855.184752,16.915513,-0.020090,-0.022880,-1.538360,ndi
1786507855.202153,16.932915,-0.020140,-0.022880,-1.538340,ndi
1786507855.219680,16.950441,-0.020150,-0.022860,-1.538330,ndi
1786507855.237179,16.967940,-0.020200,-0.022810,-1.538290,ndi
1786507855.252211,16.982972,-0.020240,-0.022790,-1.538310,ndi
1786507855.269551,17.000312,-0.020250,-0.022780,-1.538260,ndi
1786507855.287136,17.017898,-0.020280,-0.022750,-1.538240,ndi
1786507855.302277,17.033038,-0.020310,-0.022710,-1.538230,ndi
1786507855.319816,17.050577,-0.020350,-0.022690,-1.538210,ndi
1786507855.337265,17.068027,-0.020380,-0.022680,-1.538140,ndi
1786507855.352150,17.082911,-0.020390,-0.022650,-1.538110,ndi
1786507855.369552,17.100313,-0.020430,-0.022610,-1.538070,ndi
1786507855.387073,17.117834,-0.020460,-0.022600,-1.538070,ndi
1786507855.402265,17.133026,-0.020490,-0.022590,-1.538040,ndi
1786507855.419736,17.150497,-0.020520,-0.022540,-1.538000,ndi
1786507855.434750,17.165511,-0.020530,-0.022510,-1.537970,ndi
1786507855.452221,17.182982,-0.020590,-0.022510,-1.537940,ndi
1786507855.469568,17.200329,-0.020610,-0.022490,-1.537920,ndi
1786507855.484688,17.215450,-0.020630,-0.022450,-1.537850,ndi
1786507855.502208,17.232969,-0.020670,-0.022430,-1.537850,ndi
1786507855.519774,17.250535,-0.020690,-0.022410,-1.537830,ndi
1786507855.534764,17.265525,-0.020730,-0.022400,-1.537820,ndi
1786507855.552155,17.282917,-0.020760,-0.022360,-1.537760,ndi
1786507855.569589,17.300350,-0.020770,-0.022330,-1.537730,ndi
1786507855.584754,17.315515,-0.020800,-0.022330,-1.537720,ndi
1786507855.602290,17.333052,-0.020830,-0.022300,-1.537700,ndi
1786507855.619627,17.350388,-0.020880,-0.022260,-1.537660,ndi
1786507855.637143,17.367904,-0.020900,-0.022230,-1.537620,ndi
1786507855.652156,17.382917,-0.020920,-0.022220,-1.537620,ndi
1786507855.669561,17.400322,-0.020960,-0.022210,-1.537620,ndi
1786507855.684659,17.415421,-0.020980,-0.022170,-1.537600,ndi
1786507855.702310,17.433071,-0.021040,-0.022160,-1.537520,ndi
1786507855.719795,17.450556,-0.021040,-0.022130,-1.537530,ndi
1786507855.737275,17.468036,-0.021070,-0.022110,-1.537510,ndi
1786507855.752193,17.482954,-0.021080,-0.022090,-1.537500,ndi
1786507855.769592,17.500353,-0.021080,-0.022100,-1.537470,ndi
1786507855.784730,17.515492,-0.021100,-0.022090,-1.537480,ndi
1786507855.802172,17.532934,-0.021110,-0.022060,-1.537450,ndi
1786507855.819594,17.550355,-0.021110,-0.022060,-1.537450,ndi
1786507855.837337,17.568098,-0.021130,-0.022070,-1.537440,ndi
1786507855.852181,17.582942,-0.021120,-0.022050,-1.537420,ndi
1786507855.869601,17.600363,-0.021130,-0.022030,-1.537400,ndi
1786507855.887117,17.617878,-0.021150,-0.022020,-1.537420,ndi
1786507855.902279,17.633041,-0.021160,-0.022020,-1.537400,ndi
1786507855.919681,17.650442,-0.021160,-0.022000,-1.537390,ndi
1786507855.937276,17.668037,-0.021160,-0.021980,-1.537370,ndi
1786507855.952185,17.682946,-0.021180,-0.022000,-1.537380,ndi
1786507855.969612,17.700374,-0.021170,-0.022000,-1.537400,ndi
1786507855.984745,17.715506,-0.021180,-0.022000,-1.537400,ndi
1786507856.002227,17.732988,-0.021180,-0.022000,-1.537410,ndi
1786507856.019738,17.750500,-0.021180,-0.022010,-1.537430,ndi
1786507856.037242,17.768003,-0.021190,-0.022000,-1.537410,ndi
1786507856.052205,17.782966,-0.021190,-0.022000,-1.537440,ndi
1786507856.069583,17.800344,-0.021200,-0.022010,-1.537460,ndi
1786507856.087077,17.817838,-0.021200,-0.022010,-1.537450,ndi
1786507856.102245,17.833007,-0.021200,-0.022000,-1.537430,ndi
1786507856.119909,17.850670,-0.021210,-0.022010,-1.537430,ndi
1786507856.134751,17.865513,-0.021200,-0.022010,-1.537410,ndi
1786507856.152118,17.882879,-0.021190,-0.022010,-1.537400,ndi
1786507856.169613,17.900374,-0.021200,-0.022000,-1.537380,ndi
1786507856.184650,17.915411,-0.021190,-0.022000,-1.537400,ndi
1786507856.202232,17.932994,-0.021200,-0.022010,-1.537370,ndi
1786507856.219701,17.950463,-0.021210,-0.022000,-1.537390,ndi
1786507856.237232,17.967993,-0.021210,-0.022000,-1.537390,ndi
1786507856.252182,17.982943,-0.021210,-0.022010,-1.537390,ndi
1786507856.269580,18.000341,-0.021220,-0.022010,-1.537390,ndi
1786507856.287127,18.017888,-0.021220,-0.021990,-1.537360,ndi
1786507856.302181,18.032942,-0.021220,-0.021990,-1.537390,ndi
1786507856.319722,18.050483,-0.021220,-0.022020,-1.537400,ndi
1786507856.337250,18.068011,-0.021220,-0.022010,-1.537370,ndi
1786507856.352212,18.082973,-0.021210,-0.021990,-1.537370,ndi
1786507856.369600,18.100362,-0.021220,-0.022000,-1.537370,ndi
1786507856.384768,18.115530,-0.021210,-0.022020,-1.537390,ndi
1786507856.402192,18.132954,-0.021210,-0.022000,-1.537380,ndi
1786507856.419724,18.150485,-0.021230,-0.021990,-1.537380,ndi
1786507856.437238,18.168000,-0.021210,-0.022010,-1.537400,ndi
1786507856.452214,18.182976,-0.021220,-0.022010,-1.537400,ndi
1786507856.469586,18.200347,-0.021230,-0.022000,-1.537400,ndi
1786507856.484670,18.215431,-0.021220,-0.021990,-1.537390,ndi
1786507856.502209,18.232970,-0.021240,-0.022010,-1.537400,ndi
1786507856.519683,18.250444,-0.021230,-0.022020,-1.537380,ndi
1786507856.537246,18.268007,-0.021220,-0.022000,-1.537390,ndi
1786507856.552212,18.282974,-0.021230,-0.021990,-1.537390,ndi
1786507856.569588,18.300349,-0.021230,-0.022020,-1.537400,ndi
1786507856.584626,18.315387,-0.021220,-0.022020,-1.537420,ndi
1786507856.602159,18.332920,-0.021230,-0.022000,-1.537400,ndi
1786507856.619706,18.350467,-0.021240,-0.022000,-1.537400,ndi
1786507856.637163,18.367924,-0.021220,-0.022010,-1.537410,ndi
1786507856.652087,18.382849,-0.021230,-0.022010,-1.537390,ndi
1786507856.669617,18.400378,-0.021240,-0.022000,-1.537430,ndi
1786507856.687084,18.417846,-0.021240,-0.022000,-1.537400,ndi
1786507856.702201,18.432962,-0.021240,-0.022020,-1.537400,ndi
1786507856.719700,18.450461,-0.021230,-0.022020,-1.537400,ndi
1786507856.737276,18.468037,-0.021230,-0.022000,-1.537410,ndi
1786507856.752194,18.482955,-0.021240,-0.022000,-1.537400,ndi
1786507856.769567,18.500328,-0.021240,-0.022020,-1.537420,ndi
1786507856.784655,18.515416,-0.021230,-0.022010,-1.537410,ndi
1786507856.802075,18.532837,-0.021240,-0.022000,-1.537410,ndi
1786507856.819669,18.550431,-0.021240,-0.022010,-1.537410,ndi
1786507856.837177,18.567938,-0.021240,-0.022030,-1.537400,ndi
1786507856.852194,18.582956,-0.021250,-0.022010,-1.537400,ndi
1786507856.869591,18.600352,-0.021230,-0.022000,-1.537400,ndi
1786507856.887073,18.617834,-0.021250,-0.022010,-1.537430,ndi
1786507856.902248,18.633009,-0.021250,-0.022030,-1.537420,ndi
1786507856.919620,18.650381,-0.021240,-0.022010,-1.537390,ndi
1786507856.937131,18.667892,-0.021240,-0.022000,-1.537420,ndi
1786507856.952246,18.683007,-0.021240,-0.022020,-1.537400,ndi
1786507856.969608,18.700369,-0.021240,-0.022030,-1.537410,ndi
1786507856.984669,18.715430,-0.021240,-0.022010,-1.537390,ndi
1786507857.002247,18.733009,-0.021240,-0.022000,-1.537400,ndi
1786507857.019704,18.750465,-0.021250,-0.022020,-1.537410,ndi
1786507857.037193,18.767954,-0.021240,-0.022030,-1.537390,ndi
1786507857.052200,18.782961,-0.021260,-0.022010,-1.537410,ndi
1786507857.069593,18.800354,-0.021250,-0.022010,-1.537390,ndi
1786507857.087061,18.817823,-0.021260,-0.022020,-1.537380,ndi
1786507857.102084,18.832845,-0.021260,-0.022020,-1.537400,ndi
1786507857.119762,18.850524,-0.021250,-0.022010,-1.537390,ndi
1786507857.137276,18.868037,-0.021250,-0.022020,-1.537400,ndi
1786507857.152148,18.882910,-0.021240,-0.022020,-1.537390,ndi
1786507857.169618,18.900379,-0.021250,-0.022020,-1.537380,ndi
1786507857.184652,18.915414,-0.021250,-0.022010,-1.537400,ndi
1786507857.202133,18.932894,-0.021250,-0.022020,-1.537420,ndi
1786507857.219624,18.950385,-0.021250,-0.022010,-1.537400,ndi
1786507857.237139,18.967901,-0.021240,-0.022020,-1.537380,ndi
1786507857.252212,18.982974,-0.021270,-0.022020,-1.537390,ndi
1786507857.269551,19.000312,-0.021260,-0.022020,-1.537360,ndi
1786507857.287117,19.017878,-0.021280,-0.022020,-1.537420,ndi
1786507857.302213,19.032974,-0.021260,-0.022020,-1.537400,ndi
1786507857.319744,19.050505,-0.021250,-0.022030,-1.537390,ndi
1786507857.337308,19.068069,-0.021260,-0.022020,-1.537390,ndi
1786507857.352206,19.082967,-0.021250,-0.022020,-1.537400,ndi
1786507857.369582,19.100344,-0.021260,-0.022030,-1.537400,ndi
1786507857.387053,19.117814,-0.021270,-0.022030,-1.537400,ndi
1786507857.402108,19.132869,-0.021260,-0.022020,-1.537390,ndi
1786507857.419747,19.150508,-0.021270,-0.022020,-1.537390,ndi
1786507857.437142,19.167904,-0.021270,-0.022030,-1.537390,ndi
1786507857.452253,19.183014,-0.021280,-0.022030,-1.537410,ndi
1786507857.469578,19.200339,-0.021280,-0.022020,-1.537390,ndi
1786507857.487051,19.217813,-0.021270,-0.022030,-1.537400,ndi
1786507857.502077,19.232838,-0.021280,-0.022030,-1.537390,ndi
1786507857.519628,19.250389,-0.021270,-0.022030,-1.537380,ndi
1786507857.537308,19.268069,-0.021270,-0.022020,-1.537380,ndi
1786507857.552217,19.282978,-0.021270,-0.022030,-1.537380,ndi
1786507857.569603,19.300365,-0.021260,-0.022030,-1.537370,ndi
1786507857.584654,19.315415,-0.021270,-0.022020,-1.537380,ndi
1786507857.602082,19.332843,-0.021280,-0.022020,-1.537380,ndi
1786507857.619601,19.350363,-0.021270,-0.022030,-1.537380,ndi
1786507857.637244,19.368006,-0.021270,-0.022030,-1.537360,ndi
1786507857.652159,19.382921,-0.021280,-0.022020,-1.537370,ndi
1786507857.669592,19.400353,-0.021300,-0.022030,-1.537360,ndi
1786507857.687093,19.417854,-0.021300,-0.022040,-1.537390,ndi
1786507857.702233,19.432994,-0.021280,-0.022030,-1.537360,ndi
1786507857.719753,19.450514,-0.021270,-0.022020,-1.537400,ndi
1786507857.737281,19.468042,-0.021270,-0.022020,-1.537390,ndi
1786507857.752192,19.482953,-0.021290,-0.022030,-1.537380,ndi
1786507857.769610,19.500371,-0.021280,-0.022030,-1.537350,ndi
1786507857.784679,19.515440,-0.021280,-0.022040,-1.537330,ndi
1786507857.802161,19.532923,-0.021270,-0.022040,-1.537360,ndi
1786507857.819631,19.550392,-0.021270,-0.022030,-1.537370,ndi
1786507857.837239,19.568000,-0.021290,-0.022010,-1.537390,ndi
1786507857.852215,19.582976,-0.021290,-0.022020,-1.537390,ndi
1786507857.869576,19.600337,-0.021290,-0.022030,-1.537350,ndi
1786507857.887073,19.617835,-0.021280,-0.022050,-1.537350,ndi
1786507857.902229,19.632990,-0.021290,-0.022040,-1.537350,ndi
1786507857.919700,19.650461,-0.021290,-0.022030,-1.537380,ndi
1786507857.937227,19.667989,-0.021280,-0.022030,-1.537400,ndi
1786507857.952156,19.682917,-0.021280,-0.022020,-1.537390,ndi
1786507857.969615,19.700377,-0.021280,-0.022030,-1.537390,ndi
1786507857.984696,19.715458,-0.021290,-0.022030,-1.537370,ndi
1786507858.002123,19.732884,-0.021290,-0.022040,-1.537350,ndi
1786507858.019775,19.750537,-0.021290,-0.022040,-1.537380,ndi
1786507858.037280,19.768041,-0.021290,-0.022020,-1.537380,ndi
1786507858.052212,19.782973,-0.021300,-0.022030,-1.537390,ndi
1786507858.069565,19.800327,-0.021300,-0.022040,-1.537380,ndi
1786507858.087073,19.817835,-0.021300,-0.022040,-1.537360,ndi
1786507858.102272,19.833033,-0.021280,-0.022040,-1.537340,ndi
1786507858.119738,19.850500,-0.021270,-0.022030,-1.537380,ndi
1786507858.137347,19.868108,-0.021300,-0.022040,-1.537370,ndi
1786507858.152275,19.883036,-0.021290,-0.022030,-1.537400,ndi
1786507858.169634,19.900395,-0.021290,-0.022030,-1.537380,ndi
1786507858.184700,19.915462,-0.021300,-0.022040,-1.537370,ndi
1786507858.202095,19.932856,-0.021290,-0.022040,-1.537350,ndi
1786507858.219791,19.950552,-0.021300,-0.022030,-1.537380,ndi
1786507858.237292,19.968054,-0.021300,-0.022030,-1.537400,ndi
1786507858.252209,19.982970,-0.021300,-0.022030,-1.537390,ndi
1786507858.269589,20.000351,-0.021310,-0.022040,-1.537420,ndi
1786507858.287154,20.017916,-0.021300,-0.022040,-1.537370,ndi
1786507858.302136,20.032897,-0.021300,-0.022040,-1.537370,ndi
1786507858.319717,20.050478,-0.021300,-0.022040,-1.537370,ndi
1786507858.337344,20.068106,-0.021290,-0.022040,-1.537400,ndi
1786507858.352319,20.083080,-0.021300,-0.022030,-1.537410,ndi
1786507858.369596,20.100357,-0.021300,-0.022040,-1.537390,ndi
1786507858.387152,20.117913,-0.021300,-0.022050,-1.537370,ndi
1786507858.402279,20.133040,-0.021300,-0.022040,-1.537370,ndi
1786507858.419769,20.150530,-0.021300,-0.022030,-1.537360,ndi
1786507858.437174,20.167936,-0.021300,-0.022040,-1.537370,ndi
1786507858.452148,20.182909,-0.021310,-0.022030,-1.537380,ndi
1786507858.469606,20.200367,-0.021300,-0.022030,-1.537370,ndi
1786507858.487130,20.217891,-0.021300,-0.022030,-1.537370,ndi
1786507858.502159,20.232920,-0.021290,-0.022040,-1.537370,ndi
1786507858.519811,20.250572,-0.021300,-0.022040,-1.537370,ndi
1786507858.537281,20.268042,-0.021300,-0.022030,-1.537360,ndi
1786507858.552222,20.282984,-0.021300,-0.022030,-1.537380,ndi
1786507858.569616,20.300378,-0.021300,-0.022040,-1.537380,ndi
1786507858.587106,20.317868,-0.021290,-0.022040,-1.537400,ndi
1786507858.602161,20.332922,-0.021300,-0.022030,-1.537360,ndi
1786507858.619756,20.350518,-0.021300,-0.022040,-1.537380,ndi
1786507858.634762,20.365523,-0.021300,-0.022050,-1.537380,ndi
1786507858.652223,20.382984,-0.021310,-0.022040,-1.537380,ndi
1786507858.669596,20.400357,-0.021300,-0.022030,-1.537370,ndi
1786507858.687120,20.417881,-0.021300,-0.022050,-1.537390,ndi
1786507858.702207,20.432968,-0.021300,-0.022040,-1.537400,ndi
1786507858.719650,20.450411,-0.021300,-0.022030,-1.537390,ndi
1786507858.737338,20.468099,-0.021300,-0.022040,-1.537380,ndi
1786507858.752213,20.482975,-0.021310,-0.022050,-1.537390,ndi
1786507858.769635,20.500396,-0.021320,-0.022040,-1.537390,ndi
1786507858.784707,20.515468,-0.021300,-0.022030,-1.537390,ndi
1786507858.802177,20.532938,-0.021310,-0.022050,-1.537410,ndi
1786507858.819721,20.550482,-0.021320,-0.022050,-1.537390,ndi
1786507858.837137,20.567899,-0.021310,-0.022030,-1.537360,ndi
1786507858.852181,20.582943,-0.021330,-0.022030,-1.537390,ndi
1786507858.869578,20.600339,-0.021310,-0.022050,-1.537390,ndi
1786507858.887125,20.617886,-0.021300,-0.022050,-1.537390,ndi
1786507858.902283,20.633044,-0.021310,-0.022030,-1.537400,ndi
1786507858.919815,20.650576,-0.021310,-0.022040,-1.537390,ndi
1786507858.937315,20.668077,-0.021310,-0.022050,-1.537370,ndi
1786507858.952279,20.683040,-0.021310,-0.022040,-1.537400,ndi
1786507858.969617,20.700378,-0.021310,-0.022030,-1.537390,ndi
1786507858.987105,20.717866,-0.021310,-0.022040,-1.537380,ndi
1786507859.002257,20.733018,-0.021320,-0.022050,-1.537390,ndi
1786507859.019795,20.750557,-0.021330,-0.022050,-1.537390,ndi
1786507859.034813,20.765575,-0.021310,-0.022030,-1.537370,ndi
1786507859.052218,20.782979,-0.021320,-0.022040,-1.537390,ndi
1786507859.069630,20.800392,-0.021320,-0.022050,-1.537410,ndi
1786507859.087087,20.817848,-0.021310,-0.022040,-1.537390,ndi
1786507859.102179,20.832940,-0.021310,-0.022030,-1.537400,ndi
1786507859.119752,20.850513,-0.021300,-0.022040,-1.537400,ndi
1786507859.137203,20.867964,-0.021320,-0.022050,-1.537400,ndi
1786507859.152283,20.883044,-0.021320,-0.022040,-1.537380,ndi
1786507859.169621,20.900382,-0.021310,-0.022030,-1.537390,ndi
1786507859.187125,20.917886,-0.021310,-0.022040,-1.537390,ndi
1786507859.202151,20.932912,-0.021320,-0.022050,-1.537400,ndi
1786507859.219675,20.950437,-0.021320,-0.022040,-1.537360,ndi
1786507859.237199,20.967960,-0.021320,-0.022030,-1.537420,ndi
1786507859.252221,20.982982,-0.021320,-0.022040,-1.537410,ndi
1786507859.269638,21.000399,-0.021320,-0.022050,-1.537400,ndi
1786507859.287165,21.017927,-0.021310,-0.022040,-1.537400,ndi
1786507859.302140,21.032901,-0.021320,-0.022030,-1.537400,ndi
1786507859.319811,21.050572,-0.021310,-0.022040,-1.537410,ndi
1786507859.337311,21.068072,-0.021310,-0.022050,-1.537410,ndi
1786507859.352277,21.083038,-0.021320,-0.022040,-1.537400,ndi
1786507859.369642,21.100404,-0.021310,-0.022030,-1.537370,ndi
1786507859.387128,21.117890,-0.021330,-0.022050,-1.537380,ndi
1786507859.402136,21.132897,-0.021310,-0.022060,-1.537400,ndi
1786507859.419769,21.150531,-0.021310,-0.022030,-1.537400,ndi
1786507859.434819,21.165581,-0.021330,-0.022040,-1.537420,ndi
1786507859.452281,21.183042,-0.021310,-0.022050,-1.537380,ndi
1786507859.469647,21.200408,-0.021310,-0.022050,-1.537380,ndi
1786507859.487147,21.217909,-0.021320,-0.022030,-1.537390,ndi
1786507859.502150,21.232911,-0.021310,-0.022040,-1.537380,ndi
1786507859.519812,21.250574,-0.021310,-0.022050,-1.537390,ndi
1786507859.537303,21.268064,-0.021330,-0.022040,-1.537390,ndi
1786507859.552292,21.283053,-0.021310,-0.022030,-1.537410,ndi
1786507859.569614,21.300376,-0.021320,-0.022050,-1.537390,ndi
1786507859.587112,21.317874,-0.021330,-0.022050,-1.537400,ndi
1786507859.602101,21.332863,-0.021310,-0.022040,-1.537380,ndi
1786507859.619773,21.350534,-0.021340,-0.022040,-1.537370,ndi
1786507859.634793,21.365554,-0.021330,-0.022050,-1.537390,ndi
1786507859.652590,21.383351,-0.021300,-0.022050,-1.537380,ndi
1786507859.669659,21.400420,-0.021330,-0.022040,-1.537390,ndi
1786507859.687152,21.417913,-0.021330,-0.022040,-1.537380,ndi
1786507859.702217,21.432978,-0.021310,-0.022050,-1.537370,ndi
1786507859.719667,21.450428,-0.021320,-0.022050,-1.537390,ndi
1786507859.737275,21.468037,-0.021320,-0.022030,-1.537390,ndi
1786507859.752227,21.482988,-0.021320,-0.022040,-1.537400,ndi
1786507859.769632,21.500394,-0.021330,-0.022060,-1.537390,ndi
1786507859.787138,21.517899,-0.021330,-0.022040,-1.537390,ndi
1786507859.802175,21.532937,-0.021330,-0.022040,-1.537400,ndi
1786507859.819707,21.550469,-0.021330,-0.022050,-1.537400,ndi
1786507859.837160,21.567921,-0.021330,-0.022060,-1.537400,ndi
1786507859.852255,21.583016,-0.021330,-0.022050,-1.537420,ndi
1786507859.869666,21.600427,-0.021320,-0.022040,-1.537410,ndi
1786507859.887161,21.617922,-0.021320,-0.022050,-1.537390,ndi
1786507859.902251,21.633013,-0.021330,-0.022060,-1.537400,ndi
1786507859.919765,21.650526,-0.021330,-0.022050,-1.537390,ndi
1786507859.937306,21.668068,-0.021320,-0.022040,-1.537390,ndi
1786507859.952189,21.682951,-0.021320,-0.022050,-1.537420,ndi
1786507859.969669,21.700430,-0.021340,-0.022060,-1.537410,ndi
1786507859.987202,21.717963,-0.021320,-0.022040,-1.537390,ndi
1786507860.002178,21.732939,-0.021330,-0.022040,-1.537390,ndi
1786507860.019718,21.750479,-0.021340,-0.022060,-1.537370,ndi
1786507860.037210,21.767971,-0.021320,-0.022050,-1.537410,ndi
1786507860.052283,21.783045,-0.021320,-0.022040,-1.537410,ndi
1786507860.069724,21.800485,-0.021330,-0.022040,-1.537390,ndi
1786507860.084847,21.815608,-0.021320,-0.022050,-1.537410,ndi
1786507860.102161,21.832923,-0.021320,-0.022060,-1.537410,ndi
1786507860.119691,21.850452,-0.021320,-0.022040,-1.537390,ndi
1786507860.134781,21.865542,-0.021330,-0.022040,-1.537400,ndi
1786507860.152165,21.882926,-0.021340,-0.022060,-1.537410,ndi
1786507860.169677,21.900438,-0.021320,-0.022060,-1.537400,ndi
1786507860.184757,21.915518,-0.021340,-0.022040,-1.537400,ndi
1786507860.202197,21.932959,-0.021340,-0.022040,-1.537380,ndi
1786507860.219719,21.950480,-0.021330,-0.022060,-1.537400,ndi
1786507860.237159,21.967921,-0.021330,-0.022050,-1.537390,ndi
1786507860.252315,21.983076,-0.021330,-0.022040,-1.537390,ndi
1786507860.269652,22.000414,-0.021320,-0.022040,-1.537400,ndi
1786507860.287238,22.017999,-0.021330,-0.022060,-1.537400,ndi
1786507860.302178,22.032940,-0.021320,-0.022050,-1.537400,ndi
1786507860.319781,22.050542,-0.021330,-0.022040,-1.537390,ndi
1786507860.337314,22.068075,-0.021330,-0.022050,-1.537390,ndi
1786507860.352255,22.083016,-0.021320,-0.022060,-1.537380,ndi
1786507860.369638,22.100399,-0.021330,-0.022040,-1.537410,ndi
1786507860.387196,22.117957,-0.021340,-0.022040,-1.537400,ndi
1786507860.402148,22.132909,-0.021340,-0.022060,-1.537400,ndi
1786507860.419761,22.150522,-0.021330,-0.022060,-1.537390,ndi
1786507860.437284,22.168045,-0.021330,-0.022040,-1.537390,ndi
1786507860.452269,22.183030,-0.021330,-0.022050,-1.537400,ndi
1786507860.469716,22.200477,-0.021330,-0.022060,-1.537400,ndi
1786507860.484816,22.215577,-0.021330,-0.022060,-1.537390,ndi
1786507860.502252,22.233014,-0.021330,-0.022040,-1.537430,ndi
1786507860.519843,22.250605,-0.021330,-0.022050,-1.537380,ndi
1786507860.537262,22.268023,-0.021330,-0.022060,-1.537410,ndi
1786507860.552257,22.283018,-0.021330,-0.022050,-1.537400,ndi
1786507860.569683,22.300444,-0.021330,-0.022050,-1.537390,ndi
1786507860.587182,22.317943,-0.021330,-0.022050,-1.537390,ndi
1786507860.602152,22.332913,-0.021350,-0.022050,-1.537400,ndi
1786507860.619778,22.350540,-0.021340,-0.022050,-1.537410,ndi
1786507860.637318,22.368079,-0.021330,-0.022050,-1.537400,ndi
1786507860.652247,22.383008,-0.021330,-0.022050,-1.537370,ndi
1786507860.669663,22.400424,-0.021330,-0.022050,-1.537400,ndi
1786507860.684847,22.415608,-0.021330,-0.022050,-1.537400,ndi
1786507860.702226,22.432987,-0.021330,-0.022060,-1.537410,ndi
1786507860.719764,22.450526,-0.021340,-0.022060,-1.537400,ndi
1786507860.734778,22.465540,-0.021330,-0.022050,-1.537380,ndi
1786507860.752178,22.482939,-0.021340,-0.022050,-1.537390,ndi
1786507860.769662,22.500423,-0.021350,-0.022050,-1.537400,ndi
1786507860.784637,22.515399,-0.021340,-0.022060,-1.537400,ndi
1786507860.802165,22.532926,-0.021340,-0.022050,-1.537410,ndi
1786507860.819679,22.550440,-0.021340,-0.022050,-1.537390,ndi
1786507860.837188,22.567949,-0.021320,-0.022060,-1.537380,ndi
1786507860.852189,22.582951,-0.021340,-0.022060,-1.537360,ndi
1786507860.869653,22.600414,-0.021340,-0.022050,-1.537400,ndi
1786507860.887233,22.617995,-0.021320,-0.022050,-1.537390,ndi
1786507860.902263,22.633025,-0.021340,-0.022060,-1.537390,ndi
1786507860.919802,22.650563,-0.021340,-0.022060,-1.537390,ndi
1786507860.937323,22.668084,-0.021330,-0.022040,-1.537390,ndi
1786507860.952268,22.683029,-0.021330,-0.022050,-1.537410,ndi
1786507860.969716,22.700478,-0.021340,-0.022060,-1.537390,ndi
1786507860.984687,22.715448,-0.021340,-0.022060,-1.537380,ndi
1786507861.002310,22.733071,-0.021340,-0.022040,-1.537420,ndi
1786507861.019798,22.750559,-0.021340,-0.022050,-1.537390,ndi
1786507861.037230,22.767991,-0.021330,-0.022060,-1.537390,ndi
1786507861.052186,22.782947,-0.021330,-0.022060,-1.537390,ndi
1786507861.069670,22.800432,-0.021330,-0.022040,-1.537390,ndi
1786507861.084818,22.815580,-0.021330,-0.022050,-1.537390,ndi
1786507861.102340,22.833102,-0.021340,-0.022070,-1.537380,ndi
1786507861.119818,22.850580,-0.021320,-0.022060,-1.537400,ndi
1786507861.137339,22.868100,-0.021330,-0.022040,-1.537380,ndi
1786507861.152265,22.883026,-0.021350,-0.022050,-1.537380,ndi
1786507861.169652,22.900414,-0.021340,-0.022060,-1.537380,ndi
1786507861.184706,22.915467,-0.021340,-0.022050,-1.537400,ndi
1786507861.202268,22.933029,-0.021340,-0.022040,-1.537380,ndi
1786507861.219769,22.950531,-0.021340,-0.022060,-1.537390,ndi
1786507861.237253,22.968014,-0.021340,-0.022060,-1.537400,ndi
1786507861.252214,22.982976,-0.021330,-0.022050,-1.537390,ndi
1786507861.269699,23.000461,-0.021340,-0.022050,-1.537390,ndi
1786507861.284762,23.015523,-0.021340,-0.022060,-1.537370,ndi
1786507861.302247,23.033009,-0.021330,-0.022060,-1.537380,ndi
1786507861.319803,23.050565,-0.021350,-0.022040,-1.537410,ndi
1786507861.337299,23.068060,-0.021350,-0.022050,-1.537370,ndi
1786507861.352288,23.083049,-0.021340,-0.022060,-1.537380,ndi
1786507861.369655,23.100416,-0.021350,-0.022060,-1.537390,ndi
1786507861.384783,23.115544,-0.021350,-0.022050,-1.537400,ndi
1786507861.402277,23.133038,-0.021340,-0.022050,-1.537400,ndi
1786507861.419813,23.150574,-0.021340,-0.022060,-1.537400,ndi
1786507861.434923,23.165684,-0.021340,-0.022050,-1.537370,ndi
1786507861.452225,23.182986,-0.021340,-0.022050,-1.537400,ndi
1786507861.469690,23.200451,-0.021340,-0.022050,-1.537370,ndi
1786507861.487200,23.217962,-0.021340,-0.022060,-1.537400,ndi
1786507861.502223,23.232984,-0.021340,-0.022060,-1.537390,ndi
1786507861.519802,23.250563,-0.021340,-0.022060,-1.537400,ndi
1786507861.537321,23.268082,-0.021350,-0.022060,-1.537400,ndi
1786507861.552306,23.283067,-0.021350,-0.022060,-1.537380,ndi
1786507861.569651,23.300412,-0.021350,-0.022060,-1.537390,ndi
1786507861.584747,23.315508,-0.021350,-0.022060,-1.537400,ndi
1786507861.602197,23.332958,-0.021350,-0.022050,-1.537390,ndi
1786507861.619675,23.350436,-0.021340,-0.022060,-1.537400,ndi
1786507861.637352,23.368113,-0.021350,-0.022060,-1.537390,ndi
1786507861.652364,23.383126,-0.021340,-0.022060,-1.537380,ndi
1786507861.669687,23.400448,-0.021340,-0.022060,-1.537400,ndi
1786507861.684762,23.415523,-0.021350,-0.022060,-1.537390,ndi
1786507861.702155,23.432917,-0.021340,-0.022060,-1.537410,ndi
1786507861.719787,23.450548,-0.021340,-0.022060,-1.537390,ndi
1786507861.737201,23.467963,-0.021350,-0.022060,-1.537380,ndi
1786507861.752328,23.483089,-0.021350,-0.022060,-1.537400,ndi
1786507861.769663,23.500424,-0.021350,-0.022060,-1.537380,ndi
1786507861.784657,23.515419,-0.021350,-0.022060,-1.537380,ndi
1786507861.802167,23.532928,-0.021350,-0.022060,-1.537380,ndi
1786507861.819783,23.550544,-0.021340,-0.022060,-1.537400,ndi
1786507861.834865,23.565626,-0.021340,-0.022060,-1.537390,ndi
1786507861.852245,23.583006,-0.021340,-0.022060,-1.537380,ndi
1786507861.869695,23.600456,-0.021340,-0.022060,-1.537410,ndi
1786507861.884787,23.615548,-0.021350,-0.022060,-1.537390,ndi
1786507861.902177,23.632938,-0.021340,-0.022050,-1.537390,ndi
1786507861.919724,23.650486,-0.021350,-0.022060,-1.537380,ndi
1786507861.937376,23.668137,-0.021350,-0.022070,-1.537400,ndi
1786507861.952321,23.683082,-0.021350,-0.022050,-1.537380,ndi
1786507861.969665,23.700426,-0.021350,-0.022060,-1.537400,ndi
1786507861.984763,23.715524,-0.021350,-0.022060,-1.537390,ndi
1786507862.002239,23.733000,-0.021340,-0.022060,-1.537380,ndi
1786507862.019835,23.750596,-0.021350,-0.022050,-1.537400,ndi
1786507862.034820,23.765581,-0.021340,-0.022060,-1.537400,ndi
1786507862.052227,23.782988,-0.021340,-0.022060,-1.537390,ndi
1786507862.069704,23.800465,-0.021350,-0.022060,-1.537370,ndi
1786507862.084762,23.815523,-0.021350,-0.022050,-1.537390,ndi
1786507862.102174,23.832935,-0.021350,-0.022060,-1.537400,ndi
1786507862.119707,23.850469,-0.021360,-0.022070,-1.537390,ndi
1786507862.134844,23.865605,-0.021350,-0.022060,-1.537370,ndi
1786507862.152304,23.883066,-0.021360,-0.022050,-1.537380,ndi
1786507862.169676,23.900438,-0.021360,-0.022060,-1.537420,ndi
1786507862.184644,23.915405,-0.021360,-0.022060,-1.537390,ndi
1786507862.202211,23.932972,-0.021350,-0.022050,-1.537380,ndi
1786507862.219719,23.950480,-0.021350,-0.022060,-1.537390,ndi
1786507862.234900,23.965661,-0.021360,-0.022070,-1.537390,ndi
1786507862.252258,23.983019,-0.021350,-0.022060,-1.537390,ndi
1786507862.269697,24.000458,-0.021350,-0.022050,-1.537400,ndi
1786507862.287277,24.018039,-0.021350,-0.022060,-1.537400,ndi
1786507862.302257,24.033018,-0.021340,-0.022070,-1.537380,ndi
1786507862.319756,24.050518,-0.021370,-0.022060,-1.537390,ndi
1786507862.334841,24.065603,-0.021360,-0.022050,-1.537390,ndi
1786507862.352304,24.083065,-0.021360,-0.022060,-1.537390,ndi
1786507862.369664,24.100425,-0.021360,-0.022070,-1.537380,ndi
1786507862.384811,24.115572,-0.021350,-0.022060,-1.537400,ndi
1786507862.402299,24.133060,-0.021360,-0.022050,-1.537400,ndi
1786507862.419831,24.150592,-0.021350,-0.022060,-1.537400,ndi
1786507862.437374,24.168135,-0.021350,-0.022070,-1.537390,ndi
1786507862.452317,24.183079,-0.021350,-0.022060,-1.537390,ndi
1786507862.469746,24.200507,-0.021350,-0.022060,-1.537380,ndi
1786507862.484866,24.215627,-0.021360,-0.022060,-1.537360,ndi
1786507862.502350,24.233112,-0.021350,-0.022060,-1.537400,ndi
1786507862.519858,24.250619,-0.021360,-0.022050,-1.537390,ndi
1786507862.537314,24.268076,-0.021360,-0.022060,-1.537380,ndi
1786507862.552312,24.283074,-0.021370,-0.022070,-1.537380,ndi
1786507862.569643,24.300404,-0.021360,-0.022060,-1.537370,ndi
1786507862.584824,24.315586,-0.021350,-0.022060,-1.537380,ndi
1786507862.602301,24.333062,-0.021360,-0.022060,-1.537390,ndi
1786507862.619816,24.350577,-0.021360,-0.022070,-1.537380,ndi
1786507862.637335,24.368096,-0.021350,-0.022060,-1.537370,ndi
1786507862.652283,24.383045,-0.021360,-0.022050,-1.537400,ndi
1786507862.669763,24.400525,-0.021350,-0.022070,-1.537390,ndi
1786507862.687205,24.417967,-0.021350,-0.022070,-1.537400,ndi
1786507862.702198,24.432959,-0.021360,-0.022060,-1.537380,ndi
1786507862.719752,24.450513,-0.021370,-0.022050,-1.537380,ndi
1786507862.737213,24.467974,-0.021370,-0.022070,-1.537380,ndi
1786507862.752212,24.482973,-0.021370,-0.022070,-1.537380,ndi
1786507862.769721,24.500483,-0.021360,-0.022050,-1.537400,ndi
1786507862.784855,24.515617,-0.021360,-0.022060,-1.537380,ndi
1786507862.802203,24.532964,-0.021360,-0.022070,-1.537400,ndi
1786507862.819783,24.550545,-0.021350,-0.022070,-1.537380,ndi
1786507862.834843,24.565604,-0.021360,-0.022050,-1.537390,ndi
1786507862.852330,24.583091,-0.021370,-0.022060,-1.537360,ndi
1786507862.869704,24.600465,-0.021360,-0.022080,-1.537370,ndi
1786507862.884910,24.615672,-0.021360,-0.022070,-1.537390,ndi
1786507862.902242,24.633004,-0.021370,-0.022040,-1.537370,ndi
1786507862.919920,24.650681,-0.021360,-0.022060,-1.537380,ndi
1786507862.937355,24.668116,-0.021370,-0.022080,-1.537400,ndi
1786507862.952286,24.683048,-0.021370,-0.022060,-1.537390,ndi
1786507862.969709,24.700471,-0.021360,-0.022050,-1.537410,ndi
1786507862.984780,24.715542,-0.021360,-0.022070,-1.537370,ndi
1786507863.002253,24.733015,-0.021360,-0.022080,-1.537400,ndi
1786507863.019857,24.750618,-0.021360,-0.022050,-1.537370,ndi
1786507863.034911,24.765672,-0.021370,-0.022040,-1.537380,ndi
1786507863.052276,24.783037,-0.021360,-0.022080,-1.537380,ndi
1786507863.069699,24.800460,-0.021360,-0.022080,-1.537380,ndi
1786507863.084915,24.815676,-0.021360,-0.022040,-1.537380,ndi
1786507863.102186,24.832947,-0.021370,-0.022050,-1.537390,ndi
1786507863.119894,24.850656,-0.021370,-0.022090,-1.537380,ndi
1786507863.137405,24.868166,-0.021370,-0.022070,-1.537380,ndi
1786507863.152284,24.883045,-0.021360,-0.022040,-1.537390,ndi
1786507863.169734,24.900496,-0.021370,-0.022060,-1.537390,ndi
1786507863.184802,24.915563,-0.021370,-0.022090,-1.537390,ndi
1786507863.202345,24.933106,-0.021350,-0.022060,-1.537380,ndi
1786507863.219850,24.950611,-0.021360,-0.022040,-1.537380,ndi
1786507863.237396,24.968157,-0.021370,-0.022070,-1.537390,ndi
1786507863.252304,24.983066,-0.021360,-0.022080,-1.537360,ndi
1786507863.269727,25.000489,-0.021360,-0.022050,-1.537390,ndi
1786507863.287256,25.018017,-0.021370,-0.022050,-1.537390,ndi
1786507863.302299,25.033060,-0.021360,-0.022080,-1.537370,ndi
1786507863.319795,25.050556,-0.021380,-0.022080,-1.537370,ndi
1786507863.337214,25.067976,-0.021370,-0.022050,-1.537400,ndi
1786507863.352317,25.083079,-0.021360,-0.022050,-1.537390,ndi
1786507863.369712,25.100473,-0.021370,-0.022080,-1.537350,ndi
1786507863.384795,25.115556,-0.021360,-0.022070,-1.537370,ndi
1786507863.402269,25.133030,-0.021370,-0.022050,-1.537400,ndi
1786507863.419811,25.150573,-0.021370,-0.022060,-1.537360,ndi
1786507863.434839,25.165601,-0.021360,-0.022080,-1.537380,ndi
1786507863.452285,25.183046,-0.021370,-0.022060,-1.537370,ndi
1786507863.469733,25.200494,-0.021360,-0.022050,-1.537400,ndi
1786507863.484977,25.215739,-0.021370,-0.022060,-1.537360,ndi
1786507863.502290,25.233051,-0.021370,-0.022080,-1.537380,ndi
1786507863.519764,25.250525,-0.021380,-0.022060,-1.537360,ndi
1786507863.537362,25.268123,-0.021370,-0.022050,-1.537390,ndi
1786507863.552291,25.283052,-0.021370,-0.022060,-1.537360,ndi
1786507863.569737,25.300498,-0.021370,-0.022070,-1.537360,ndi
1786507863.587216,25.317977,-0.021360,-0.022060,-1.537390,ndi
1786507863.602331,25.333092,-0.021370,-0.022050,-1.537370,ndi
1786507863.619848,25.350609,-0.021370,-0.022070,-1.537400,ndi
1786507863.634910,25.365671,-0.021360,-0.022080,-1.537390,ndi
1786507863.652314,25.383075,-0.021380,-0.022060,-1.537410,ndi
1786507863.669703,25.400464,-0.021360,-0.022060,-1.537400,ndi
1786507863.684814,25.415576,-0.021370,-0.022080,-1.537420,ndi
1786507863.702303,25.433064,-0.021370,-0.022090,-1.537430,ndi
1786507863.719812,25.450573,-0.021370,-0.022070,-1.537420,ndi
1786507863.737223,25.467985,-0.021370,-0.022060,-1.537420,ndi
1786507863.752282,25.483043,-0.021370,-0.022080,-1.537430,ndi
1786507863.769753,25.500514,-0.021360,-0.022080,-1.537420,ndi
1786507863.784830,25.515591,-0.021370,-0.022060,-1.537410,ndi
1786507863.802382,25.533143,-0.021360,-0.022060,-1.537420,ndi
1786507863.819700,25.550462,-0.021360,-0.022090,-1.537410,ndi
1786507863.834919,25.565680,-0.021370,-0.022080,-1.537390,ndi
1786507863.852355,25.583117,-0.021370,-0.022070,-1.537440,ndi
1786507863.869666,25.600427,-0.021380,-0.022080,-1.537400,ndi
1786507863.884813,25.615574,-0.021390,-0.022090,-1.537400,ndi
1786507863.902232,25.632994,-0.021380,-0.022080,-1.537380,ndi
1786507863.919859,25.650621,-0.021380,-0.022070,-1.537390,ndi
1786507863.937355,25.668116,-0.021390,-0.022090,-1.537380,ndi
1786507863.952315,25.683076,-0.021380,-0.022100,-1.537370,ndi
1786507863.969727,25.700488,-0.021390,-0.022090,-1.537400,ndi
1786507863.984812,25.715574,-0.021390,-0.022100,-1.537380,ndi
1786507864.002398,25.733159,-0.021380,-0.022120,-1.537340,ndi
1786507864.019800,25.750561,-0.021370,-0.022140,-1.537300,ndi
1786507864.034865,25.765626,-0.021370,-0.022160,-1.537240,ndi
1786507864.052253,25.783014,-0.021350,-0.022190,-1.537190,ndi
1786507864.069746,25.800508,-0.021350,-0.022230,-1.537150,ndi
1786507864.084980,25.815741,-0.021330,-0.022250,-1.537120,ndi
1786507864.102246,25.833007,-0.021320,-0.022270,-1.537020,ndi
1786507864.119764,25.850526,-0.021320,-0.022320,-1.536990,ndi
1786507864.134844,25.865605,-0.021290,-0.022350,-1.536930,ndi
1786507864.152344,25.883106,-0.021270,-0.022360,-1.536850,ndi
1786507864.169729,25.900491,-0.021260,-0.022390,-1.536780,ndi
1786507864.184783,25.915545,-0.021240,-0.022450,-1.536760,ndi
1786507864.202289,25.933050,-0.021230,-0.022470,-1.536680,ndi
1786507864.219881,25.950643,-0.021220,-0.022480,-1.536670,ndi
1786507864.237388,25.968149,-0.021200,-0.022520,-1.536600,ndi
1786507864.252339,25.983100,-0.021190,-0.022560,-1.536530,ndi
1786507864.269716,26.000478,-0.021190,-0.022570,-1.536500,ndi
1786507864.284908,26.015669,-0.021170,-0.022580,-1.536490,ndi
1786507864.302249,26.033010,-0.021160,-0.022620,-1.536410,ndi
1786507864.319831,26.050592,-0.021150,-0.022660,-1.536370,ndi
1786507864.337269,26.068030,-0.021130,-0.022680,-1.536320,ndi
1786507864.352319,26.083080,-0.021110,-0.022680,-1.536320,ndi
1786507864.369715,26.100477,-0.021110,-0.022720,-1.536270,ndi
1786507864.384816,26.115577,-0.021080,-0.022760,-1.536270,ndi
1786507864.402220,26.132982,-0.021080,-0.022770,-1.536220,ndi
1786507864.419896,26.150657,-0.021070,-0.022780,-1.536140,ndi
1786507864.437357,26.168118,-0.021050,-0.022820,-1.536110,ndi
1786507864.452337,26.183099,-0.021030,-0.022850,-1.536080,ndi
1786507864.469728,26.200489,-0.021030,-0.022860,-1.536050,ndi
1786507864.487240,26.218001,-0.021020,-0.022880,-1.536010,ndi
1786507864.502216,26.232977,-0.020990,-0.022920,-1.535970,ndi
1786507864.519826,26.250587,-0.020980,-0.022950,-1.535900,ndi
1786507864.534841,26.265602,-0.020960,-0.022960,-1.535910,ndi
1786507864.552313,26.283074,-0.020950,-0.022980,-1.535880,ndi
1786507864.569744,26.300505,-0.020930,-0.023030,-1.535820,ndi
1786507864.587533,26.318294,-0.020890,-0.023070,-1.535770,ndi
1786507864.602252,26.333013,-0.020880,-0.023080,-1.535700,ndi
1786507864.619763,26.350524,-0.020870,-0.023110,-1.535640,ndi
1786507864.634908,26.365670,-0.020840,-0.023150,-1.535640,ndi
1786507864.652285,26.383046,-0.020840,-0.023200,-1.535560,ndi
1786507864.669755,26.400516,-0.020810,-0.023200,-1.535520,ndi
1786507864.684804,26.415565,-0.020790,-0.023220,-1.535450,ndi
1786507864.702382,26.433143,-0.020780,-0.023280,-1.535430,ndi
1786507864.719874,26.450635,-0.020750,-0.023320,-1.535370,ndi
1786507864.737380,26.468141,-0.020710,-0.023330,-1.535340,ndi
1786507864.752348,26.483109,-0.020700,-0.023360,-1.535260,ndi
1786507864.769716,26.500478,-0.020680,-0.023420,-1.535220,ndi
1786507864.784839,26.515600,-0.020650,-0.023440,-1.535180,ndi
1786507864.802327,26.533088,-0.020630,-0.023450,-1.535110,ndi
1786507864.819783,26.550545,-0.020600,-0.023500,-1.535070,ndi
1786507864.835002,26.565764,-0.020580,-0.023560,-1.535020,ndi
1786507864.852336,26.583097,-0.020560,-0.023570,-1.534960,ndi
1786507864.869712,26.600473,-0.020530,-0.023580,-1.534920,ndi
1786507864.884769,26.615531,-0.020510,-0.023620,-1.534850,ndi
1786507864.902382,26.633144,-0.020490,-0.023670,-1.534850,ndi
1786507864.919869,26.650630,-0.020460,-0.023690,-1.534800,ndi
1786507864.937269,26.668031,-0.020440,-0.023710,-1.534730,ndi
1786507864.952234,26.682995,-0.020410,-0.023750,-1.534690,ndi
1786507864.969769,26.700530,-0.020390,-0.023780,-1.534610,ndi
1786507864.987240,26.718001,-0.020370,-0.023790,-1.534600,ndi
1786507865.002373,26.733135,-0.020340,-0.023820,-1.534590,ndi
1786507865.019866,26.750627,-0.020340,-0.023860,-1.534530,ndi
1786507865.037296,26.768057,-0.020300,-0.023880,-1.534470,ndi
1786507865.052255,26.783017,-0.020290,-0.023890,-1.534430,ndi
1786507865.069784,26.800545,-0.020280,-0.023930,-1.534390,ndi
1786507865.084944,26.815705,-0.020250,-0.023970,-1.534380,ndi
1786507865.102326,26.833087,-0.020230,-0.023970,-1.534340,ndi
1786507865.119924,26.850685,-0.020200,-0.024000,-1.534300,ndi
1786507865.137480,26.868241,-0.020160,-0.024050,-1.534240,ndi
1786507865.152372,26.883133,-0.020150,-0.024070,-1.534190,ndi
1786507865.169728,26.900489,-0.020130,-0.024080,-1.534150,ndi
1786507865.184802,26.915563,-0.020100,-0.024110,-1.534130,ndi
1786507865.202432,26.933193,-0.020080,-0.024160,-1.534040,ndi
1786507865.219942,26.950704,-0.020050,-0.024190,-1.534030,ndi
1786507865.235026,26.965787,-0.020030,-0.024200,-1.534000,ndi
1786507865.252406,26.983167,-0.020000,-0.024230,-1.533970,ndi
1786507865.269743,27.000504,-0.019970,-0.024290,-1.533940,ndi
1786507865.284825,27.015586,-0.019940,-0.024310,-1.533870,ndi
1786507865.302330,27.033091,-0.019910,-0.024320,-1.533820,ndi
1786507865.319911,27.050672,-0.019870,-0.024370,-1.533740,ndi
1786507865.334997,27.065758,-0.019850,-0.024410,-1.533710,ndi
1786507865.352398,27.083159,-0.019810,-0.024430,-1.533660,ndi
1786507865.369791,27.100552,-0.019780,-0.024450,-1.533600,ndi
1786507865.384807,27.115568,-0.019750,-0.024490,-1.533570,ndi
1786507865.402306,27.133067,-0.019720,-0.024540,-1.533480,ndi
1786507865.419933,27.150694,-0.019680,-0.024550,-1.533450,ndi
1786507865.437426,27.168187,-0.019660,-0.024570,-1.533370,ndi
1786507865.452399,27.183160,-0.019630,-0.024620,-1.533380,ndi
1786507865.469733,27.200494,-0.019600,-0.024660,-1.533330,ndi
1786507865.484791,27.215553,-0.019580,-0.024670,-1.533310,ndi
1786507865.502445,27.233206,-0.019520,-0.024690,-1.533260,ndi
1786507865.519939,27.250700,-0.019500,-0.024750,-1.533240,ndi
1786507865.537328,27.268089,-0.019470,-0.024780,-1.533150,ndi
1786507865.552323,27.283084,-0.019450,-0.024780,-1.533140,ndi
1786507865.569762,27.300523,-0.019410,-0.024800,-1.533060,ndi
1786507865.584822,27.315583,-0.019380,-0.024870,-1.533060,ndi
1786507865.602284,27.333045,-0.019350,-0.024890,-1.533000,ndi
1786507865.619780,27.350541,-0.019320,-0.024880,-1.532960,ndi
1786507865.637420,27.368181,-0.019300,-0.024920,-1.532910,ndi
1786507865.652352,27.383113,-0.019280,-0.024970,-1.532920,ndi
1786507865.669763,27.400524,-0.019240,-0.024990,-1.532820,ndi
1786507865.684794,27.415556,-0.019210,-0.024990,-1.532810,ndi
1786507865.702336,27.433097,-0.019190,-0.025030,-1.532770,ndi
1786507865.719960,27.450721,-0.019140,-0.025080,-1.532720,ndi
1786507865.735094,27.465855,-0.019120,-0.025100,-1.532700,ndi
1786507865.752419,27.483180,-0.019080,-0.025100,-1.532640,ndi
1786507865.769757,27.500518,-0.019040,-0.025140,-1.532570,ndi
1786507865.784843,27.515604,-0.019020,-0.025190,-1.532570,ndi
1786507865.802278,27.533039,-0.018970,-0.025210,-1.532510,ndi
1786507865.819830,27.550591,-0.018940,-0.025220,-1.532490,ndi
1786507865.834915,27.565676,-0.018930,-0.025260,-1.532420,ndi
1786507865.852361,27.583122,-0.018870,-0.025300,-1.532400,ndi
1786507865.869728,27.600490,-0.018850,-0.025310,-1.532350,ndi
1786507865.884799,27.615560,-0.018810,-0.025330,-1.532340,ndi
1786507865.902234,27.632995,-0.018760,-0.025380,-1.532280,ndi
1786507865.919881,27.650642,-0.018720,-0.025420,-1.532230,ndi
1786507865.934929,27.665690,-0.018700,-0.025420,-1.532190,ndi
1786507865.952396,27.683157,-0.018660,-0.025450,-1.532160,ndi
1786507865.969732,27.700493,-0.018610,-0.025500,-1.532100,ndi
1786507865.984778,27.715539,-0.018600,-0.025530,-1.532080,ndi
1786507866.002435,27.733197,-0.018560,-0.025550,-1.532040,ndi
1786507866.019897,27.750658,-0.018510,-0.025580,-1.532030,ndi
1786507866.037386,27.768147,-0.018480,-0.025630,-1.531940,ndi
1786507866.052360,27.783121,-0.018440,-0.025660,-1.531930,ndi
1786507866.069724,27.800485,-0.018400,-0.025670,-1.531890,ndi
1786507866.084818,27.815579,-0.018350,-0.025690,-1.531820,ndi
1786507866.102254,27.833015,-0.018320,-0.025740,-1.531760,ndi
1786507866.119928,27.850689,-0.018270,-0.025770,-1.531720,ndi
1786507866.137361,27.868122,-0.018230,-0.025770,-1.531700,ndi
1786507866.152443,27.883204,-0.018210,-0.025810,-1.531620,ndi
1786507866.169761,27.900522,-0.018160,-0.025850,-1.531610,ndi
1786507866.184779,27.915540,-0.018130,-0.025860,-1.531550,ndi
1786507866.202445,27.933206,-0.018090,-0.025880,-1.531510,ndi
1786507866.219918,27.950680,-0.018060,-0.025910,-1.531510,ndi
1786507866.234925,27.965686,-0.018040,-0.025950,-1.531480,ndi
1786507866.252388,27.983149,-0.018000,-0.025960,-1.531430,ndi
1786507866.269756,28.000517,-0.017950,-0.025960,-1.531410,ndi
1786507866.284796,28.015558,-0.017930,-0.026010,-1.531400,ndi
1786507866.302337,28.033098,-0.017880,-0.026050,-1.531360,ndi
1786507866.319816,28.050577,-0.017840,-0.026050,-1.531330,ndi
1786507866.335087,28.065849,-0.017810,-0.026060,-1.531300,ndi
1786507866.352267,28.083028,-0.017780,-0.026120,-1.531250,ndi
1786507866.369779,28.100540,-0.017730,-0.026150,-1.531220,ndi
1786507866.384848,28.115609,-0.017700,-0.026150,-1.531190,ndi
1786507866.402370,28.133131,-0.017640,-0.026180,-1.531130,ndi
1786507866.419842,28.150604,-0.017610,-0.026230,-1.531100,ndi
1786507866.434939,28.165700,-0.017590,-0.026250,-1.531080,ndi
1786507866.452284,28.183045,-0.017530,-0.026250,-1.531020,ndi
1786507866.469735,28.200496,-0.017490,-0.026300,-1.531000,ndi
1786507866.484806,28.215567,-0.017440,-0.026340,-1.530960,ndi
1786507866.502364,28.233126,-0.017380,-0.026340,-1.530930,ndi
1786507866.519820,28.250582,-0.017360,-0.026360,-1.530860,ndi
1786507866.537425,28.268186,-0.017290,-0.026420,-1.530840,ndi
1786507866.552331,28.283093,-0.017250,-0.026440,-1.530820,ndi
1786507866.569767,28.300529,-0.017220,-0.026440,-1.530780,ndi
1786507866.584888,28.315650,-0.017170,-0.026470,-1.530750,ndi
1786507866.602312,28.333073,-0.017130,-0.026520,-1.530690,ndi
1786507866.619914,28.350675,-0.017080,-0.026550,-1.530650,ndi
1786507866.637360,28.368122,-0.017040,-0.026550,-1.530640,ndi
1786507866.652395,28.383157,-0.017000,-0.026590,-1.530590,ndi
1786507866.669765,28.400527,-0.016940,-0.026640,-1.530570,ndi
1786507866.684817,28.415578,-0.016900,-0.026650,-1.530510,ndi
1786507866.702384,28.433145,-0.016850,-0.026650,-1.530470,ndi
1786507866.719821,28.450582,-0.016810,-0.026700,-1.530420,ndi
1786507866.737292,28.468053,-0.016760,-0.026730,-1.530400,ndi
1786507866.752353,28.483115,-0.016730,-0.026740,-1.530360,ndi
1786507866.769761,28.500523,-0.016690,-0.026760,-1.530340,ndi
1786507866.784798,28.515560,-0.016630,-0.026790,-1.530300,ndi
1786507866.802421,28.533183,-0.016600,-0.026810,-1.530240,ndi
1786507866.819871,28.550632,-0.016560,-0.026810,-1.530210,ndi
1786507866.837332,28.568094,-0.016500,-0.026850,-1.530190,ndi
1786507866.852417,28.583179,-0.016480,-0.026890,-1.530180,ndi
1786507866.869765,28.600526,-0.016420,-0.026900,-1.530120,ndi
1786507866.884841,28.615602,-0.016390,-0.026910,-1.530140,ndi
1786507866.902383,28.633144,-0.016340,-0.026940,-1.530090,ndi
1786507866.919788,28.650550,-0.016290,-0.026980,-1.530070,ndi
1786507866.934911,28.665673,-0.016260,-0.026990,-1.530010,ndi
1786507866.952410,28.683171,-0.016200,-0.027010,-1.530000,ndi
1786507866.969748,28.700509,-0.016150,-0.027030,-1.529950,ndi
1786507866.987248,28.718009,-0.016110,-0.027070,-1.529880,ndi
1786507867.002422,28.733183,-0.016080,-0.027090,-1.529880,ndi
1786507867.019806,28.750567,-0.016030,-0.027110,-1.529810,ndi
1786507867.037361,28.768123,-0.015980,-0.027140,-1.529810,ndi
1786507867.052305,28.783066,-0.015930,-0.027170,-1.529780,ndi
1786507867.069797,28.800558,-0.015890,-0.027190,-1.529730,ndi
1786507867.084867,28.815629,-0.015850,-0.027190,-1.529720,ndi
1786507867.102353,28.833114,-0.015780,-0.027230,-1.529690,ndi
1786507867.119832,28.850593,-0.015740,-0.027270,-1.529660,ndi
1786507867.137455,28.868216,-0.015690,-0.027280,-1.529650,ndi
1786507867.152388,28.883149,-0.015650,-0.027280,-1.529620,ndi
1786507867.169764,28.900526,-0.015590,-0.027310,-1.529590,ndi
1786507867.187264,28.918025,-0.015540,-0.027360,-1.529510,ndi
1786507867.202503,28.933264,-0.015490,-0.027370,-1.529500,ndi
1786507867.219934,28.950696,-0.015450,-0.027370,-1.529450,ndi
1786507867.237378,28.968140,-0.015410,-0.027410,-1.529440,ndi
1786507867.252392,28.983153,-0.015340,-0.027450,-1.529410,ndi
1786507867.269732,29.000493,-0.015290,-0.027460,-1.529340,ndi
1786507867.287325,29.018086,-0.015250,-0.027470,-1.529340,ndi
1786507867.302436,29.033198,-0.015200,-0.027500,-1.529300,ndi
1786507867.319904,29.050666,-0.015150,-0.027540,-1.529300,ndi
1786507867.337366,29.068127,-0.015100,-0.027550,-1.529270,ndi
1786507867.352371,29.083132,-0.015050,-0.027580,-1.529260,ndi
1786507867.369778,29.100539,-0.014990,-0.027600,-1.529210,ndi
1786507867.384823,29.115585,-0.014960,-0.027620,-1.529190,ndi
1786507867.402447,29.133209,-0.014900,-0.027640,-1.529160,ndi
1786507867.419891,29.150652,-0.014850,-0.027670,-1.529150,ndi
1786507867.437389,29.168151,-0.014810,-0.027680,-1.529120,ndi
1786507867.452394,29.183155,-0.014760,-0.027690,-1.529090,ndi
1786507867.469829,29.200590,-0.014710,-0.027720,-1.529060,ndi
1786507867.487280,29.218041,-0.014660,-0.027750,-1.529030,ndi
1786507867.502447,29.233209,-0.014620,-0.027750,-1.528980,ndi
1786507867.519900,29.250661,-0.014580,-0.027760,-1.528950,ndi
1786507867.534999,29.265760,-0.014520,-0.027790,-1.528910,ndi
1786507867.552365,29.283126,-0.014470,-0.027820,-1.528880,ndi
1786507867.569751,29.300513,-0.014420,-0.027830,-1.528850,ndi
1786507867.587261,29.318022,-0.014370,-0.027850,-1.528840,ndi
1786507867.602319,29.333080,-0.014320,-0.027880,-1.528820,ndi
1786507867.619861,29.350623,-0.014270,-0.027900,-1.528750,ndi
1786507867.634961,29.365722,-0.014210,-0.027900,-1.528730,ndi
1786507867.652358,29.383119,-0.014170,-0.027930,-1.528710,ndi
1786507867.669778,29.400539,-0.014110,-0.027960,-1.528680,ndi
1786507867.687263,29.418025,-0.014050,-0.027980,-1.528640,ndi
1786507867.702273,29.433034,-0.014000,-0.027980,-1.528660,ndi
1786507867.719858,29.450619,-0.013940,-0.028010,-1.528610,ndi
1786507867.735073,29.465835,-0.013900,-0.028040,-1.528610,ndi
1786507867.752329,29.483090,-0.013850,-0.028050,-1.528590,ndi
1786507867.769773,29.500535,-0.013800,-0.028060,-1.528540,ndi
1786507867.787268,29.518030,-0.013750,-0.028100,-1.528500,ndi
1786507867.802374,29.533135,-0.013700,-0.028110,-1.528500,ndi
1786507867.819838,29.550599,-0.013640,-0.028120,-1.528430,ndi
1786507867.834841,29.565602,-0.013590,-0.028130,-1.528430,ndi
1786507867.852444,29.583206,-0.013540,-0.028170,-1.528420,ndi
1786507867.869802,29.600564,-0.013480,-0.028180,-1.528370,ndi
1786507867.884882,29.615644,-0.013420,-0.028190,-1.528360,ndi
1786507867.902326,29.633088,-0.013370,-0.028220,-1.528340,ndi
1786507867.919900,29.650661,-0.013300,-0.028240,-1.528290,ndi
1786507867.934861,29.665622,-0.013250,-0.028250,-1.528280,ndi
1786507867.952338,29.683100,-0.013190,-0.028270,-1.528250,ndi
1786507867.969779,29.700541,-0.013130,-0.028290,-1.528230,ndi
1786507867.984801,29.715562,-0.013090,-0.028310,-1.528200,ndi
1786507868.002386,29.733147,-0.013040,-0.028330,-1.528190,ndi
1786507868.019963,29.750724,-0.013000,-0.028340,-1.528180,ndi
1786507868.034923,29.765684,-0.012950,-0.028350,-1.528170,ndi
1786507868.052323,29.783085,-0.012880,-0.028370,-1.528140,ndi
1786507868.069818,29.800579,-0.012840,-0.028410,-1.528100,ndi
1786507868.084875,29.815636,-0.012780,-0.028410,-1.528090,ndi
1786507868.102320,29.833081,-0.012720,-0.028430,-1.528090,ndi
1786507868.120011,29.850773,-0.012680,-0.028450,-1.528080,ndi
1786507868.134999,29.865761,-0.012630,-0.028470,-1.528070,ndi
1786507868.152432,29.883193,-0.012570,-0.028480,-1.528050,ndi
1786507868.169776,29.900537,-0.012510,-0.028500,-1.527960,ndi
1786507868.184910,29.915672,-0.012450,-0.028520,-1.527950,ndi
1786507868.202344,29.933105,-0.012410,-0.028530,-1.527960,ndi
1786507868.219842,29.950603,-0.012330,-0.028540,-1.527920,ndi
1786507868.234900,29.965661,-0.012280,-0.028560,-1.527890,ndi
1786507868.252423,29.983184,-0.012220,-0.028590,-1.527890,ndi
1786507868.269820,30.000582,-0.012180,-0.028590,-1.527870,ndi
1786507868.287363,30.018124,-0.012120,-0.028610,-1.527860,ndi
1786507868.302436,30.033197,-0.012060,-0.028630,-1.527800,ndi
1786507868.319989,30.050751,-0.012010,-0.028650,-1.527790,ndi
1786507868.337477,30.068238,-0.011950,-0.028650,-1.527770,ndi
1786507868.352374,30.083135,-0.011900,-0.028660,-1.527760,ndi
1786507868.369788,30.100549,-0.011850,-0.028690,-1.527750,ndi
1786507868.384856,30.115618,-0.011790,-0.028710,-1.527730,ndi
1786507868.402333,30.133094,-0.011720,-0.028710,-1.527670,ndi
1786507868.419863,30.150624,-0.011660,-0.028730,-1.527700,ndi
1786507868.437377,30.168139,-0.011600,-0.028750,-1.527620,ndi
1786507868.452334,30.183095,-0.011530,-0.028760,-1.527610,ndi
1786507868.469813,30.200575,-0.011470,-0.028770,-1.527600,ndi
1786507868.484805,30.215566,-0.011420,-0.028780,-1.527570,ndi
1786507868.502327,30.233089,-0.011360,-0.028810,-1.527570,ndi
1786507868.519860,30.250621,-0.011300,-0.028820,-1.527550,ndi
1786507868.537323,30.268084,-0.011240,-0.028830,-1.527490,ndi
1786507868.552314,30.283075,-0.011200,-0.028840,-1.527500,ndi
1786507868.569780,30.300541,-0.011140,-0.028860,-1.527490,ndi
1786507868.587285,30.318046,-0.011080,-0.028870,-1.527460,ndi
1786507868.602289,30.333051,-0.011030,-0.028890,-1.527440,ndi
1786507868.619822,30.350583,-0.010960,-0.028910,-1.527410,ndi
1786507868.634895,30.365656,-0.010890,-0.028920,-1.527410,ndi
1786507868.652402,30.383163,-0.010830,-0.028910,-1.527380,ndi
1786507868.669799,30.400561,-0.010780,-0.028940,-1.527360,ndi
1786507868.684793,30.415554,-0.010730,-0.028950,-1.527350,ndi
1786507868.702357,30.433118,-0.010660,-0.028960,-1.527320,ndi
1786507868.719837,30.450598,-0.010610,-0.028960,-1.527330,ndi
1786507868.735092,30.465853,-0.010550,-0.028980,-1.527310,ndi
1786507868.752397,30.483158,-0.010510,-0.029000,-1.527290,ndi
1786507868.769817,30.500578,-0.010440,-0.029010,-1.527260,ndi
1786507868.787338,30.518100,-0.010370,-0.029020,-1.527280,ndi
1786507868.802319,30.533080,-0.010340,-0.029030,-1.527260,ndi
1786507868.819958,30.550720,-0.010260,-0.029060,-1.527210,ndi
1786507868.834951,30.565712,-0.010210,-0.029070,-1.527180,ndi
1786507868.852372,30.583133,-0.010140,-0.029060,-1.527190,ndi
1786507868.869803,30.600564,-0.010070,-0.029080,-1.527160,ndi
1786507868.884909,30.615671,-0.010030,-0.029110,-1.527160,ndi
1786507868.902368,30.633129,-0.009970,-0.029110,-1.527120,ndi
1786507868.919960,30.650721,-0.009910,-0.029100,-1.527140,ndi
1786507868.935086,30.665848,-0.009850,-0.029110,-1.527140,ndi
1786507868.952399,30.683160,-0.009800,-0.029150,-1.527110,ndi
1786507868.969821,30.700583,-0.009750,-0.029150,-1.527110,ndi
1786507868.984807,30.715569,-0.009690,-0.029140,-1.527090,ndi
1786507869.002304,30.733065,-0.009610,-0.029170,-1.527070,ndi
1786507869.019878,30.750639,-0.009550,-0.029200,-1.527050,ndi
1786507869.037409,30.768170,-0.009480,-0.029190,-1.527040,ndi
1786507869.052441,30.783202,-0.009430,-0.029190,-1.527030,ndi
1786507869.069786,30.800547,-0.009360,-0.029210,-1.527010,ndi
1786507869.084800,30.815561,-0.009290,-0.029240,-1.527010,ndi
1786507869.102295,30.833056,-0.009230,-0.029240,-1.526980,ndi
1786507869.119954,30.850715,-0.009160,-0.029230,-1.526950,ndi
1786507869.135065,30.865826,-0.009120,-0.029260,-1.526970,ndi
1786507869.152402,30.883163,-0.009040,-0.029270,-1.526960,ndi
1786507869.169814,30.900575,-0.008980,-0.029270,-1.526940,ndi
1786507869.184796,30.915557,-0.008940,-0.029280,-1.526950,ndi
1786507869.202330,30.933092,-0.008880,-0.029290,-1.526940,ndi
1786507869.220002,30.950763,-0.008810,-0.029300,-1.526900,ndi
1786507869.235223,30.965985,-0.008760,-0.029310,-1.526930,ndi
1786507869.252476,30.983238,-0.008710,-0.029310,-1.526910,ndi
1786507869.269800,31.000561,-0.008640,-0.029320,-1.526910,ndi
1786507869.284899,31.015661,-0.008590,-0.029330,-1.526880,ndi
1786507869.302436,31.033197,-0.008530,-0.029340,-1.526900,ndi
1786507869.319983,31.050744,-0.008450,-0.029360,-1.526870,ndi
1786507869.335061,31.065822,-0.008400,-0.029360,-1.526880,ndi
1786507869.352413,31.083174,-0.008340,-0.029360,-1.526870,ndi
1786507869.369782,31.100543,-0.008270,-0.029380,-1.526860,ndi
1786507869.384798,31.115559,-0.008230,-0.029390,-1.526840,ndi
1786507869.402383,31.133144,-0.008150,-0.029380,-1.526830,ndi
1786507869.419962,31.150723,-0.008090,-0.029390,-1.526840,ndi
1786507869.434990,31.165752,-0.008050,-0.029410,-1.526830,ndi
1786507869.452426,31.183187,-0.007980,-0.029420,-1.526830,ndi
1786507869.469782,31.200543,-0.007920,-0.029410,-1.526830,ndi
1786507869.484790,31.215551,-0.007870,-0.029420,-1.526830,ndi
1786507869.502316,31.233077,-0.007810,-0.029440,-1.526820,ndi
1786507869.519811,31.250572,-0.007750,-0.029430,-1.526810,ndi
1786507869.535091,31.265852,-0.007700,-0.029430,-1.526810,ndi
1786507869.552391,31.283152,-0.007630,-0.029450,-1.526820,ndi
1786507869.569812,31.300573,-0.007570,-0.029470,-1.526770,ndi
1786507869.584797,31.315558,-0.007500,-0.029460,-1.526790,ndi
1786507869.602358,31.333119,-0.007440,-0.029450,-1.526760,ndi
1786507869.619970,31.350732,-0.007370,-0.029490,-1.526770,ndi
1786507869.635020,31.365781,-0.007320,-0.029500,-1.526770,ndi
1786507869.652455,31.383216,-0.007230,-0.029480,-1.526740,ndi
1786507869.669795,31.400556,-0.007180,-0.029490,-1.526730,ndi
1786507869.684897,31.415659,-0.007140,-0.029500,-1.526720,ndi
1786507869.702562,31.433323,-0.007050,-0.029520,-1.526720,ndi
1786507869.720000,31.450761,-0.007000,-0.029500,-1.526720,ndi
1786507869.735104,31.465866,-0.006940,-0.029500,-1.526710,ndi
1786507869.752453,31.483214,-0.006870,-0.029530,-1.526720,ndi
1786507869.769778,31.500539,-0.006790,-0.029530,-1.526700,ndi
1786507869.784888,31.515649,-0.006720,-0.029520,-1.526700,ndi
1786507869.802566,31.533328,-0.006670,-0.029520,-1.526720,ndi
1786507869.819963,31.550725,-0.006590,-0.029550,-1.526680,ndi
1786507869.835085,31.565846,-0.006550,-0.029550,-1.526690,ndi
1786507869.852491,31.583253,-0.006480,-0.029530,-1.526670,ndi
1786507869.869867,31.600628,-0.006410,-0.029540,-1.526700,ndi
1786507869.884970,31.615732,-0.006360,-0.029560,-1.526700,ndi
1786507869.902442,31.633203,-0.006300,-0.029570,-1.526690,ndi
1786507869.919875,31.650636,-0.006240,-0.029550,-1.526700,ndi
1786507869.934970,31.665732,-0.006180,-0.029550,-1.526710,ndi
1786507869.952404,31.683165,-0.006120,-0.029580,-1.526660,ndi
1786507869.969826,31.700587,-0.006060,-0.029570,-1.526680,ndi
1786507869.987297,31.718059,-0.005970,-0.029560,-1.526630,ndi
1786507870.002450,31.733212,-0.005910,-0.029570,-1.526700,ndi
1786507870.019938,31.750699,-0.005840,-0.029590,-1.526690,ndi
1786507870.037490,31.768252,-0.005770,-0.029580,-1.526660,ndi
1786507870.052477,31.783238,-0.005720,-0.029560,-1.526690,ndi
1786507870.069854,31.800616,-0.005660,-0.029590,-1.526680,ndi
1786507870.084887,31.815648,-0.005600,-0.029600,-1.526660,ndi
1786507870.102475,31.833236,-0.005550,-0.029570,-1.526670,ndi
1786507870.119916,31.850677,-0.005490,-0.029580,-1.526690,ndi
1786507870.135016,31.865777,-0.005440,-0.029590,-1.526660,ndi
1786507870.152447,31.883209,-0.005380,-0.029590,-1.526660,ndi
1786507870.169845,31.900606,-0.005310,-0.029580,-1.526710,ndi
1786507870.184864,31.915625,-0.005240,-0.029590,-1.526680,ndi
1786507870.202510,31.933272,-0.005170,-0.029600,-1.526710,ndi
1786507870.220048,31.950809,-0.005090,-0.029590,-1.526690,ndi
1786507870.235237,31.965998,-0.005030,-0.029580,-1.526690,ndi
1786507870.252452,31.983214,-0.004960,-0.029600,-1.526740,ndi
1786507870.269879,32.000640,-0.004900,-0.029610,-1.526710,ndi
1786507870.284868,32.015630,-0.004850,-0.029590,-1.526720,ndi
1786507870.302361,32.033122,-0.004780,-0.029590,-1.526710,ndi
1786507870.319933,32.050694,-0.004720,-0.029600,-1.526700,ndi
1786507870.335046,32.065807,-0.004660,-0.029600,-1.526750,ndi
1786507870.352325,32.083086,-0.004600,-0.029580,-1.526730,ndi
1786507870.369858,32.100620,-0.004540,-0.029590,-1.526740,ndi
1786507870.384849,32.115610,-0.004480,-0.029610,-1.526730,ndi
1786507870.402388,32.133149,-0.004390,-0.029590,-1.526720,ndi
1786507870.419932,32.150694,-0.004330,-0.029580,-1.526740,ndi
1786507870.435061,32.165823,-0.004280,-0.029600,-1.526730,ndi
1786507870.452450,32.183211,-0.004220,-0.029600,-1.526730,ndi
1786507870.469886,32.200648,-0.004160,-0.029590,-1.526750,ndi
1786507870.484843,32.215605,-0.004090,-0.029580,-1.526750,ndi
1786507870.502380,32.233142,-0.004040,-0.029590,-1.526740,ndi
1786507870.519952,32.250713,-0.003980,-0.029590,-1.526760,ndi
1786507870.535137,32.265898,-0.003930,-0.029560,-1.526750,ndi
1786507870.552465,32.283226,-0.003870,-0.029570,-1.526790,ndi
1786507870.569860,32.300621,-0.003800,-0.029590,-1.526800,ndi
1786507870.584856,32.315618,-0.003740,-0.029590,-1.526780,ndi
1786507870.602490,32.333252,-0.003670,-0.029560,-1.526800,ndi
1786507870.619971,32.350732,-0.003600,-0.029560,-1.526810,ndi
1786507870.635165,32.365927,-0.003550,-0.029570,-1.526810,ndi
1786507870.652505,32.383266,-0.003490,-0.029570,-1.526810,ndi
1786507870.669887,32.400648,-0.003430,-0.029550,-1.526840,ndi
1786507870.684868,32.415629,-0.003370,-0.029550,-1.526820,ndi
1786507870.702347,32.433109,-0.003320,-0.029570,-1.526830,ndi
1786507870.719880,32.450641,-0.003260,-0.029560,-1.526850,ndi
1786507870.735115,32.465877,-0.003190,-0.029530,-1.526840,ndi
1786507870.752459,32.483221,-0.003140,-0.029530,-1.526870,ndi
1786507870.769853,32.500614,-0.003070,-0.029550,-1.526890,ndi
1786507870.784864,32.515625,-0.003010,-0.029540,-1.526880,ndi
1786507870.802449,32.533211,-0.002950,-0.029510,-1.526840,ndi
1786507870.820051,32.550812,-0.002880,-0.029530,-1.526880,ndi
1786507870.835077,32.565838,-0.002820,-0.029540,-1.526880,ndi
1786507870.852437,32.583198,-0.002740,-0.029510,-1.526880,ndi
1786507870.869872,32.600633,-0.002670,-0.029490,-1.526920,ndi
1786507870.884953,32.615715,-0.002610,-0.029510,-1.526900,ndi
1786507870.902583,32.633344,-0.002550,-0.029530,-1.526910,ndi
1786507870.919929,32.650691,-0.002480,-0.029490,-1.526950,ndi
1786507870.935053,32.665814,-0.002430,-0.029480,-1.526970,ndi
1786507870.952452,32.683213,-0.002370,-0.029510,-1.527020,ndi
1786507870.969877,32.700639,-0.002300,-0.029510,-1.527020,ndi
1786507870.984856,32.715617,-0.002240,-0.029480,-1.527050,ndi
1786507871.002377,32.733139,-0.002180,-0.029470,-1.527070,ndi
1786507871.020018,32.750779,-0.002120,-0.029490,-1.527090,ndi
1786507871.035164,32.765926,-0.002060,-0.029490,-1.527050,ndi
1786507871.052459,32.783220,-0.002000,-0.029450,-1.527080,ndi
1786507871.069843,32.800604,-0.001930,-0.029450,-1.527110,ndi
1786507871.084838,32.815600,-0.001890,-0.029470,-1.527070,ndi
1786507871.102424,32.833185,-0.001810,-0.029450,-1.527100,ndi
1786507871.120071,32.850832,-0.001760,-0.029430,-1.527120,ndi
1786507871.135144,32.865905,-0.001710,-0.029430,-1.527150,ndi
1786507871.152467,32.883229,-0.001640,-0.029450,-1.527140,ndi
1786507871.169853,32.900615,-0.001570,-0.029420,-1.527170,ndi
1786507871.187392,32.918153,-0.001510,-0.029400,-1.527190,ndi
1786507871.202459,32.933220,-0.001450,-0.029410,-1.527190,ndi
1786507871.220054,32.950816,-0.001390,-0.029410,-1.527200,ndi
1786507871.235252,32.966013,-0.001340,-0.029380,-1.527220,ndi
1786507871.252467,32.983228,-0.001280,-0.029370,-1.527230,ndi
1786507871.269873,33.000634,-0.001230,-0.029380,-1.527250,ndi
1786507871.284863,33.015624,-0.001160,-0.029370,-1.527270,ndi
1786507871.302561,33.033322,-0.001110,-0.029350,-1.527240,ndi
1786507871.320024,33.050785,-0.001040,-0.029340,-1.527260,ndi
1786507871.335139,33.065900,-0.000980,-0.029350,-1.527290,ndi
1786507871.352487,33.083248,-0.000920,-0.029340,-1.527280,ndi
1786507871.369864,33.100626,-0.000860,-0.029320,-1.527320,ndi
1786507871.384852,33.115614,-0.000790,-0.029320,-1.527340,ndi
1786507871.402378,33.133139,-0.000730,-0.029320,-1.527320,ndi
1786507871.419995,33.150756,-0.000670,-0.029310,-1.527400,ndi
1786507871.435062,33.165823,-0.000590,-0.029290,-1.527380,ndi
1786507871.452365,33.183126,-0.000540,-0.029280,-1.527440,ndi
1786507871.469852,33.200613,-0.000480,-0.029280,-1.527440,ndi
1786507871.484851,33.215612,-0.000400,-0.029270,-1.527440,ndi
1786507871.502379,33.233140,-0.000350,-0.029260,-1.527470,ndi
1786507871.520017,33.250778,-0.000290,-0.029240,-1.527450,ndi
1786507871.535044,33.265805,-0.000230,-0.029250,-1.527540,ndi
1786507871.552514,33.283275,-0.000170,-0.029240,-1.527550,ndi
1786507871.569865,33.300627,-0.000090,-0.029220,-1.527560,ndi
1786507871.584868,33.315629,-0.000030,-0.029210,-1.527580,ndi
1786507871.602482,33.333243,0.000020,-0.029200,-1.527590,ndi
1786507871.620058,33.350819,0.000090,-0.029200,-1.527620,ndi
1786507871.635151,33.365912,0.000140,-0.029180,-1.527620,ndi
1786507871.652492,33.383253,0.000200,-0.029160,-1.527630,ndi
1786507871.669830,33.400591,0.000250,-0.029170,-1.527640,ndi
1786507871.685045,33.415806,0.000300,-0.029160,-1.527670,ndi
1786507871.702532,33.433293,0.000360,-0.029140,-1.527700,ndi
1786507871.720102,33.450863,0.000420,-0.029120,-1.527700,ndi
1786507871.735092,33.465854,0.000470,-0.029120,-1.527740,ndi
1786507871.752523,33.483284,0.000530,-0.029120,-1.527730,ndi
1786507871.769849,33.500610,0.000600,-0.029100,-1.527780,ndi
1786507871.784887,33.515648,0.000650,-0.029070,-1.527810,ndi
1786507871.802558,33.533320,0.000710,-0.029080,-1.527820,ndi
1786507871.819973,33.550735,0.000770,-0.029070,-1.527840,ndi
1786507871.835248,33.566010,0.000830,-0.029050,-1.527870,ndi
1786507871.852494,33.583256,0.000870,-0.029040,-1.527890,ndi
1786507871.869854,33.600616,0.000920,-0.029030,-1.527920,ndi
1786507871.884842,33.615603,0.000990,-0.029030,-1.527940,ndi
1786507871.902510,33.633271,0.001030,-0.029000,-1.527940,ndi
1786507871.919998,33.650759,0.001090,-0.028990,-1.527990,ndi
1786507871.934981,33.665743,0.001140,-0.028990,-1.528020,ndi
1786507871.952399,33.683160,0.001200,-0.028980,-1.528050,ndi
1786507871.969879,33.700640,0.001280,-0.028960,-1.528040,ndi
1786507871.984893,33.715654,0.001320,-0.028940,-1.528080,ndi
1786507872.002507,33.733268,0.001400,-0.028930,-1.528120,ndi
1786507872.020059,33.750820,0.001460,-0.028930,-1.528130,ndi
1786507872.035205,33.765966,0.001490,-0.028910,-1.528170,ndi
1786507872.052478,33.783239,0.001570,-0.028880,-1.528170,ndi
1786507872.069897,33.800658,0.001620,-0.028870,-1.528200,ndi
1786507872.084842,33.815604,0.001670,-0.028860,-1.528190,ndi
1786507872.102462,33.833223,0.001740,-0.028840,-1.528240,ndi
1786507872.120038,33.850799,0.001790,-0.028820,-1.528260,ndi
1786507872.135013,33.865774,0.001860,-0.028820,-1.528300,ndi
1786507872.152416,33.883178,0.001920,-0.028820,-1.528340,ndi
1786507872.169885,33.900646,0.001980,-0.028780,-1.528370,ndi
1786507872.185000,33.915761,0.002030,-0.028760,-1.528410,ndi
1786507872.202496,33.933257,0.002100,-0.028750,-1.528400,ndi
1786507872.220020,33.950782,0.002150,-0.028760,-1.528450,ndi
1786507872.235178,33.965940,0.002200,-0.028720,-1.528480,ndi
1786507872.252502,33.983264,0.002270,-0.028700,-1.528500,ndi
1786507872.269901,34.000662,0.002310,-0.028690,-1.528510,ndi
1786507872.284870,34.015632,0.002370,-0.028690,-1.528550,ndi
1786507872.302526,34.033288,0.002420,-0.028660,-1.528560,ndi
1786507872.319968,34.050729,0.002450,-0.028640,-1.528590,ndi
1786507872.335134,34.065895,0.002530,-0.028640,-1.528630,ndi
1786507872.352499,34.083261,0.002580,-0.028630,-1.528630,ndi
1786507872.369878,34.100640,0.002630,-0.028590,-1.528680,ndi
1786507872.384882,34.115643,0.002690,-0.028580,-1.528710,ndi
1786507872.402413,34.133175,0.002740,-0.028570,-1.528750,ndi
1786507872.420008,34.150769,0.002810,-0.028560,-1.528760,ndi
1786507872.437445,34.168206,0.002860,-0.028530,-1.528780,ndi
1786507872.452344,34.183106,0.002900,-0.028510,-1.528760,ndi
1786507872.469859,34.200620,0.002960,-0.028510,-1.528820,ndi
1786507872.484922,34.215683,0.003000,-0.028490,-1.528850,ndi
1786507872.502457,34.233218,0.003050,-0.028470,-1.528850,ndi
1786507872.520070,34.250832,0.003120,-0.028440,-1.528880,ndi
1786507872.535125,34.265886,0.003170,-0.028440,-1.528930,ndi
1786507872.552565,34.283327,0.003210,-0.028430,-1.528950,ndi
1786507872.569883,34.300644,0.003280,-0.028400,-1.528950,ndi
1786507872.584865,34.315627,0.003330,-0.028380,-1.529010,ndi
1786507872.602458,34.333219,0.003370,-0.028380,-1.529020,ndi
1786507872.620050,34.350811,0.003440,-0.028360,-1.529050,ndi
1786507872.635165,34.365926,0.003480,-0.028320,-1.529070,ndi
1786507872.652499,34.383260,0.003530,-0.028310,-1.529130,ndi
1786507872.669863,34.400625,0.003590,-0.028300,-1.529150,ndi
1786507872.684921,34.415682,0.003640,-0.028280,-1.529170,ndi
1786507872.702446,34.433207,0.003710,-0.028250,-1.529220,ndi
1786507872.720109,34.450871,0.003760,-0.028240,-1.529270,ndi
1786507872.737489,34.468251,0.003840,-0.028220,-1.529290,ndi
1786507872.752500,34.483261,0.003890,-0.028190,-1.529330,ndi
1786507872.769901,34.500663,0.003930,-0.028170,-1.529370,ndi
1786507872.784876,34.515637,0.003990,-0.028160,-1.529400,ndi
1786507872.802442,34.533204,0.004030,-0.028140,-1.529410,ndi
1786507872.819913,34.550674,0.004080,-0.028110,-1.529450,ndi
1786507872.837484,34.568245,0.004130,-0.028090,-1.529480,ndi
1786507872.852461,34.583222,0.004180,-0.028080,-1.529550,ndi
1786507872.869867,34.600628,0.004230,-0.028060,-1.529560,ndi
1786507872.884923,34.615684,0.004270,-0.028040,-1.529590,ndi
1786507872.902432,34.633193,0.004320,-0.028030,-1.529640,ndi
1786507872.919986,34.650747,0.004380,-0.028000,-1.529660,ndi
1786507872.935111,34.665872,0.004430,-0.027980,-1.529720,ndi
1786507872.952502,34.683264,0.004490,-0.027960,-1.529750,ndi
1786507872.969912,34.700673,0.004530,-0.027950,-1.529780,ndi
1786507872.984854,34.715616,0.004580,-0.027930,-1.529830,ndi
1786507873.002617,34.733378,0.004630,-0.027900,-1.529830,ndi
1786507873.020058,34.750819,0.004680,-0.027880,-1.529890,ndi
1786507873.037618,34.768379,0.004720,-0.027870,-1.529930,ndi
1786507873.052514,34.783275,0.004770,-0.027850,-1.529960,ndi
1786507873.069882,34.800643,0.004810,-0.027820,-1.529990,ndi
1786507873.084852,34.815613,0.004850,-0.027800,-1.530010,ndi
1786507873.102495,34.833256,0.004900,-0.027800,-1.530080,ndi
1786507873.120092,34.850853,0.004950,-0.027760,-1.530100,ndi
1786507873.135165,34.865927,0.005000,-0.027740,-1.530130,ndi
1786507873.152660,34.883421,0.005050,-0.027730,-1.530170,ndi
1786507873.169903,34.900665,0.005090,-0.027710,-1.530190,ndi
1786507873.184893,34.915654,0.005140,-0.027690,-1.530210,ndi
1786507873.202492,34.933253,0.005190,-0.027660,-1.530250,ndi
1786507873.220066,34.950827,0.005230,-0.027650,-1.530290,ndi
1786507873.235214,34.965975,0.005290,-0.027620,-1.530340,ndi
1786507873.252573,34.983335,0.005320,-0.027600,-1.530340,ndi
1786507873.269913,35.000674,0.005380,-0.027570,-1.530410,ndi
1786507873.284965,35.015726,0.005440,-0.027550,-1.530440,ndi
1786507873.302572,35.033334,0.005480,-0.027530,-1.530480,ndi
1786507873.320090,35.050852,0.005540,-0.027490,-1.530480,ndi
1786507873.335135,35.065896,0.005590,-0.027470,-1.530560,ndi
1786507873.352429,35.083190,0.005630,-0.027460,-1.530600,ndi
1786507873.369909,35.100671,0.005680,-0.027430,-1.530600,ndi
1786507873.384880,35.115642,0.005720,-0.027410,-1.530680,ndi
1786507873.402399,35.133161,0.005770,-0.027370,-1.530700,ndi
1786507873.420015,35.150776,0.005810,-0.027360,-1.530720,ndi
1786507873.437491,35.168252,0.005860,-0.027340,-1.530790,ndi
1786507873.452432,35.183194,0.005900,-0.027310,-1.530840,ndi
1786507873.469864,35.200625,0.005950,-0.027270,-1.530890,ndi
1786507873.487376,35.218137,0.005990,-0.027260,-1.530890,ndi
1786507873.502395,35.233156,0.006040,-0.027250,-1.530900,ndi
1786507873.520080,35.250842,0.006090,-0.027200,-1.530950,ndi
1786507873.535181,35.265942,0.006120,-0.027180,-1.531000,ndi
1786507873.552527,35.283288,0.006170,-0.027160,-1.531030,ndi
1786507873.569890,35.300651,0.006220,-0.027150,-1.531050,ndi
1786507873.584878,35.315639,0.006260,-0.027110,-1.531110,ndi
1786507873.602494,35.333255,0.006310,-0.027080,-1.531110,ndi
1786507873.620073,35.350835,0.006350,-0.027070,-1.531170,ndi
1786507873.635117,35.365878,0.006390,-0.027050,-1.531220,ndi
1786507873.652498,35.383260,0.006440,-0.027010,-1.531260,ndi
1786507873.669875,35.400636,0.006470,-0.026990,-1.531300,ndi
1786507873.684864,35.415625,0.006510,-0.026980,-1.531340,ndi
1786507873.702531,35.433292,0.006560,-0.026950,-1.531370,ndi
1786507873.720054,35.450815,0.006610,-0.026910,-1.531440,ndi
1786507873.735040,35.465802,0.006650,-0.026900,-1.531440,ndi
1786507873.752474,35.483235,0.006680,-0.026880,-1.531510,ndi
1786507873.769926,35.500688,0.006730,-0.026840,-1.531520,ndi
1786507873.784910,35.515672,0.006770,-0.026820,-1.531610,ndi
1786507873.802451,35.533212,0.006820,-0.026810,-1.531620,ndi
1786507873.819971,35.550733,0.006860,-0.026780,-1.531650,ndi
1786507873.835155,35.565916,0.006880,-0.026730,-1.531690,ndi
1786507873.852480,35.583242,0.006940,-0.026710,-1.531750,ndi
1786507873.869876,35.600637,0.006990,-0.026700,-1.531790,ndi
1786507873.884863,35.615624,0.007030,-0.026660,-1.531830,ndi
1786507873.902593,35.633354,0.007080,-0.026630,-1.531910,ndi
1786507873.920101,35.650862,0.007130,-0.026600,-1.531950,ndi
1786507873.937533,35.668294,0.007180,-0.026590,-1.531990,ndi
1786507873.952456,35.683218,0.007210,-0.026540,-1.532040,ndi
1786507873.969886,35.700648,0.007270,-0.026490,-1.532090,ndi
1786507873.984879,35.715640,0.007320,-0.026480,-1.532140,ndi
1786507874.002440,35.733201,0.007320,-0.026470,-1.532160,ndi
1786507874.020027,35.750789,0.007400,-0.026410,-1.532190,ndi
1786507874.035099,35.765860,0.007430,-0.026370,-1.532210,ndi
1786507874.052521,35.783283,0.007470,-0.026370,-1.532280,ndi
1786507874.069889,35.800651,0.007500,-0.026350,-1.532330,ndi
1786507874.084907,35.815668,0.007540,-0.026310,-1.532360,ndi
1786507874.102487,35.833248,0.007580,-0.026280,-1.532390,ndi
1786507874.120048,35.850809,0.007630,-0.026260,-1.532420,ndi
1786507874.135215,35.865976,0.007660,-0.026240,-1.532520,ndi
1786507874.152592,35.883353,0.007690,-0.026190,-1.532500,ndi
1786507874.170000,35.900761,0.007740,-0.026160,-1.532560,ndi
1786507874.184940,35.915701,0.007770,-0.026160,-1.532630,ndi
1786507874.202399,35.933160,0.007800,-0.026110,-1.532680,ndi
1786507874.219977,35.950738,0.007850,-0.026070,-1.532700,ndi
1786507874.234942,35.965704,0.007890,-0.026050,-1.532740,ndi
1786507874.252395,35.983156,0.007920,-0.026040,-1.532810,ndi
1786507874.269887,36.000649,0.007960,-0.026000,-1.532870,ndi
1786507874.284906,36.015667,0.007990,-0.025960,-1.532910,ndi
1786507874.302474,36.033236,0.008040,-0.025940,-1.532980,ndi
1786507874.319988,36.050749,0.008070,-0.025930,-1.533040,ndi
1786507874.334985,36.065746,0.008110,-0.025890,-1.533060,ndi
1786507874.352515,36.083276,0.008150,-0.025840,-1.533090,ndi
1786507874.369929,36.100691,0.008180,-0.025820,-1.533150,ndi
1786507874.384916,36.115677,0.008210,-0.025820,-1.533150,ndi
1786507874.402432,36.133193,0.008240,-0.025770,-1.533220,ndi
1786507874.419961,36.150723,0.008280,-0.025720,-1.533290,ndi
1786507874.434962,36.165723,0.008310,-0.025710,-1.533320,ndi
1786507874.452596,36.183357,0.008350,-0.025690,-1.533340,ndi
1786507874.469885,36.200647,0.008390,-0.025640,-1.533390,ndi
1786507874.484910,36.215671,0.008430,-0.025600,-1.533460,ndi
1786507874.502635,36.233397,0.008460,-0.025600,-1.533500,ndi
1786507874.520120,36.250882,0.008500,-0.025570,-1.533530,ndi
1786507874.535103,36.265864,0.008530,-0.025510,-1.533600,ndi
1786507874.552575,36.283337,0.008560,-0.025470,-1.533610,ndi
1786507874.569939,36.300700,0.008610,-0.025470,-1.533740,ndi
1786507874.584909,36.315670,0.008640,-0.025440,-1.533750,ndi
1786507874.602535,36.333296,0.008670,-0.025370,-1.533770,ndi
1786507874.620018,36.350780,0.008700,-0.025350,-1.533880,ndi
1786507874.637589,36.368350,0.008740,-0.025340,-1.533900,ndi
1786507874.652513,36.383274,0.008770,-0.025290,-1.533970,ndi
1786507874.670260,36.401021,0.008800,-0.025240,-1.534010,ndi
1786507874.684948,36.415710,0.008840,-0.025220,-1.534060,ndi
1786507874.702471,36.433232,0.008870,-0.025210,-1.534130,ndi
1786507874.719998,36.450759,0.008910,-0.025150,-1.534170,ndi
1786507874.735001,36.465762,0.008930,-0.025120,-1.534250,ndi
1786507874.752418,36.483179,0.008960,-0.025100,-1.534270,ndi
1786507874.769924,36.500685,0.008990,-0.025070,-1.534320,ndi
1786507874.784926,36.515687,0.009010,-0.025040,-1.534360,ndi
1786507874.802429,36.533191,0.009040,-0.025000,-1.534380,ndi
1786507874.820171,36.550932,0.009070,-0.024980,-1.534460,ndi
1786507874.835208,36.565969,0.009110,-0.024950,-1.534500,ndi
1786507874.852537,36.583298,0.009120,-0.024910,-1.534550,ndi
1786507874.869946,36.600708,0.009170,-0.024880,-1.534630,ndi
1786507874.884935,36.615696,0.009200,-0.024850,-1.534620,ndi
1786507874.902476,36.633238,0.009230,-0.024820,-1.534700,ndi
1786507874.919934,36.650695,0.009260,-0.024780,-1.534720,ndi
1786507874.934993,36.665755,0.009280,-0.024750,-1.534780,ndi
1786507874.952557,36.683319,0.009300,-0.024720,-1.534860,ndi
1786507874.969924,36.700686,0.009350,-0.024680,-1.534870,ndi
1786507874.984889,36.715651,0.009350,-0.024640,-1.535000,ndi
1786507875.002463,36.733224,0.009380,-0.024620,-1.535060,ndi
1786507875.020104,36.750865,0.009420,-0.024590,-1.535070,ndi
1786507875.035085,36.765846,0.009430,-0.024550,-1.535130,ndi
1786507875.052515,36.783276,0.009460,-0.024510,-1.535210,ndi
1786507875.070004,36.800765,0.009510,-0.024490,-1.535270,ndi
1786507875.084905,36.815666,0.009520,-0.024460,-1.535310,ndi
1786507875.102472,36.833233,0.009550,-0.024400,-1.535400,ndi
1786507875.119989,36.850751,0.009590,-0.024370,-1.535440,ndi
1786507875.135042,36.865803,0.009610,-0.024350,-1.535470,ndi
1786507875.152540,36.883301,0.009650,-0.024310,-1.535550,ndi
1786507875.169896,36.900657,0.009680,-0.024250,-1.535610,ndi
1786507875.184874,36.915636,0.009680,-0.024220,-1.535650,ndi
1786507875.202454,36.933215,0.009710,-0.024210,-1.535730,ndi
1786507875.219977,36.950738,0.009750,-0.024150,-1.535780,ndi
1786507875.235045,36.965806,0.009770,-0.024090,-1.535810,ndi
1786507875.252513,36.983274,0.009790,-0.024070,-1.535920,ndi
1786507875.270000,37.000762,0.009830,-0.024060,-1.535940,ndi
1786507875.284939,37.015700,0.009850,-0.024010,-1.536030,ndi
1786507875.302607,37.033368,0.009880,-0.023940,-1.536060,ndi
1786507875.320028,37.050789,0.009890,-0.023930,-1.536100,ndi
1786507875.337500,37.068261,0.009910,-0.023910,-1.536210,ndi
1786507875.352501,37.083262,0.009940,-0.023850,-1.536250,ndi
1786507875.369877,37.100638,0.009940,-0.023800,-1.536290,ndi
1786507875.384917,37.115679,0.009980,-0.023810,-1.536350,ndi
1786507875.402421,37.133183,0.010000,-0.023780,-1.536420,ndi
1786507875.419941,37.150702,0.010010,-0.023700,-1.536470,ndi
1786507875.434935,37.165697,0.010030,-0.023670,-1.536510,ndi
1786507875.452446,37.183208,0.010050,-0.023670,-1.536540,ndi
1786507875.469967,37.200729,0.010090,-0.023630,-1.536630,ndi
1786507875.484959,37.215720,0.010100,-0.023560,-1.536660,ndi
1786507875.502487,37.233248,0.010110,-0.023530,-1.536740,ndi
1786507875.520009,37.250770,0.010150,-0.023520,-1.536790,ndi
1786507875.535129,37.265890,0.010150,-0.023470,-1.536860,ndi
1786507875.552578,37.283339,0.010170,-0.023410,-1.536930,ndi
1786507875.569898,37.300659,0.010180,-0.023390,-1.536980,ndi
1786507875.584922,37.315683,0.010210,-0.023380,-1.537030,ndi
1786507875.602437,37.333198,0.010220,-0.023310,-1.537110,ndi
1786507875.619923,37.350684,0.010240,-0.023260,-1.537180,ndi
1786507875.634917,37.365678,0.010260,-0.023250,-1.537190,ndi
1786507875.652422,37.383184,0.010280,-0.023220,-1.537260,ndi
1786507875.669939,37.400701,0.010310,-0.023160,-1.537290,ndi
1786507875.684980,37.415741,0.010320,-0.023120,-1.537370,ndi
1786507875.702590,37.433351,0.010330,-0.023100,-1.537440,ndi
1786507875.720069,37.450830,0.010360,-0.023060,-1.537480,ndi
1786507875.735115,37.465877,0.010370,-0.023000,-1.537570,ndi
1786507875.752535,37.483296,0.010390,-0.022970,-1.537620,ndi
1786507875.769896,37.500657,0.010410,-0.022940,-1.537690,ndi
1786507875.784920,37.515682,0.010410,-0.022900,-1.537750,ndi
1786507875.802434,37.533195,0.010440,-0.022850,-1.537850,ndi
1786507875.819939,37.550700,0.010440,-0.022810,-1.537940,ndi
1786507875.835074,37.565835,0.010470,-0.022780,-1.537940,ndi
1786507875.852561,37.583323,0.010480,-0.022740,-1.538070,ndi
1786507875.869936,37.600697,0.010500,-0.022690,-1.538120,ndi
1786507875.884938,37.615699,0.010530,-0.022650,-1.538150,ndi
1786507875.902423,37.633184,0.010530,-0.022610,-1.538190,ndi
1786507875.920146,37.650907,0.010540,-0.022580,-1.538250,ndi
1786507875.935108,37.665869,0.010560,-0.022540,-1.538330,ndi
1786507875.952524,37.683285,0.010550,-0.022500,-1.538380,ndi
1786507875.969923,37.700684,0.010580,-0.022450,-1.538420,ndi
1786507875.984907,37.715668,0.010570,-0.022420,-1.538460,ndi
1786507876.002393,37.733154,0.010600,-0.022380,-1.538560,ndi
1786507876.019933,37.750694,0.010600,-0.022340,-1.538630,ndi
1786507876.035003,37.765764,0.010620,-0.022300,-1.538670,ndi
1786507876.052577,37.783339,0.010640,-0.022260,-1.538710,ndi
1786507876.069915,37.800677,0.010640,-0.022220,-1.538770,ndi
1786507876.084925,37.815686,0.010660,-0.022190,-1.538850,ndi
1786507876.102390,37.833151,0.010670,-0.022140,-1.538930,ndi
1786507876.119918,37.850679,0.010670,-0.022100,-1.538990,ndi
1786507876.135139,37.865901,0.010670,-0.022070,-1.539070,ndi
1786507876.152534,37.883295,0.010680,-0.022020,-1.539100,ndi
1786507876.169908,37.900670,0.010690,-0.021980,-1.539170,ndi
1786507876.185035,37.915796,0.010690,-0.021950,-1.539270,ndi
1786507876.202478,37.933240,0.010700,-0.021920,-1.539300,ndi
1786507876.220119,37.950880,0.010710,-0.021880,-1.539350,ndi
1786507876.235057,37.965818,0.010720,-0.021820,-1.539370,ndi
1786507876.252507,37.983268,0.010740,-0.021790,-1.539480,ndi
1786507876.269934,38.000695,0.010740,-0.021760,-1.539560,ndi
1786507876.284972,38.015733,0.010750,-0.021720,-1.539570,ndi
1786507876.302498,38.033260,0.010750,-0.021660,-1.539620,ndi
1786507876.320151,38.050912,0.010750,-0.021620,-1.539730,ndi
1786507876.335152,38.065913,0.010770,-0.021600,-1.539760,ndi
1786507876.352597,38.083358,0.010760,-0.021530,-1.539870,ndi
1786507876.369937,38.100698,0.010760,-0.021470,-1.539920,ndi
1786507876.384907,38.115668,0.010770,-0.021460,-1.540000,ndi
1786507876.402478,38.133240,0.010770,-0.021430,-1.540020,ndi
1786507876.420001,38.150763,0.010780,-0.021340,-1.540100,ndi
1786507876.435042,38.165804,0.010780,-0.021280,-1.540170,ndi
1786507876.452619,38.183380,0.010790,-0.021280,-1.540210,ndi
1786507876.469950,38.200711,0.010790,-0.021240,-1.540300,ndi
1786507876.484997,38.215758,0.010790,-0.021170,-1.540340,ndi
1786507876.502559,38.233320,0.010790,-0.021130,-1.540420,ndi
1786507876.520207,38.250968,0.010780,-0.021120,-1.540490,ndi
1786507876.535177,38.265939,0.010800,-0.021070,-1.540550,ndi
1786507876.552642,38.283403,0.010780,-0.020990,-1.540620,ndi
1786507876.569986,38.300748,0.010780,-0.020960,-1.540680,ndi
1786507876.584921,38.315682,0.010780,-0.020960,-1.540740,ndi
1786507876.602526,38.333287,0.010780,-0.020900,-1.540790,ndi
1786507876.620152,38.350913,0.010780,-0.020830,-1.540880,ndi
1786507876.637690,38.368452,0.010780,-0.020810,-1.540890,ndi
1786507876.652581,38.383343,0.010790,-0.020780,-1.541000,ndi
1786507876.669953,38.400715,0.010790,-0.020710,-1.541080,ndi
1786507876.684970,38.415731,0.010780,-0.020670,-1.541120,ndi
1786507876.702512,38.433273,0.010780,-0.020650,-1.541180,ndi
1786507876.720133,38.450894,0.010770,-0.020600,-1.541240,ndi
1786507876.737599,38.468361,0.010760,-0.020550,-1.541290,ndi
1786507876.752545,38.483307,0.010770,-0.020510,-1.541330,ndi
1786507876.769946,38.500707,0.010750,-0.020470,-1.541370,ndi
1786507876.784937,38.515698,0.010750,-0.020430,-1.541460,ndi
1786507876.802659,38.533420,0.010750,-0.020380,-1.541480,ndi
1786507876.820135,38.550896,0.010740,-0.020340,-1.541560,ndi
1786507876.835053,38.565814,0.010740,-0.020310,-1.541620,ndi
1786507876.852563,38.583324,0.010740,-0.020250,-1.541700,ndi
1786507876.869997,38.600758,0.010730,-0.020200,-1.541740,ndi
1786507876.884996,38.615757,0.010720,-0.020170,-1.541800,ndi
1786507876.902506,38.633267,0.010720,-0.020130,-1.541900,ndi
1786507876.920254,38.651015,0.010710,-0.020060,-1.541950,ndi
1786507876.935159,38.665920,0.010700,-0.020020,-1.542000,ndi
1786507876.952589,38.683350,0.010690,-0.019980,-1.542070,ndi
1786507876.970027,38.700788,0.010680,-0.019940,-1.542130,ndi
1786507876.985030,38.715791,0.010670,-0.019890,-1.542160,ndi
1786507877.002625,38.733387,0.010660,-0.019830,-1.542220,ndi
1786507877.019985,38.750746,0.010660,-0.019800,-1.542340,ndi
1786507877.035012,38.765773,0.010650,-0.019750,-1.542360,ndi
1786507877.052454,38.783215,0.010630,-0.019700,-1.542450,ndi
1786507877.069952,38.800713,0.010620,-0.019650,-1.542480,ndi
1786507877.085002,38.815764,0.010610,-0.019610,-1.542540,ndi
1786507877.102636,38.833397,0.010590,-0.019570,-1.542640,ndi
1786507877.120196,38.850957,0.010590,-0.019510,-1.542730,ndi
1786507877.137675,38.868436,0.010560,-0.019460,-1.542790,ndi
1786507877.152553,38.883314,0.010550,-0.019430,-1.542790,ndi
1786507877.169958,38.900720,0.010540,-0.019390,-1.542890,ndi
1786507877.184953,38.915715,0.010520,-0.019330,-1.542900,ndi
1786507877.202569,38.933330,0.010500,-0.019280,-1.542930,ndi
1786507877.220154,38.950915,0.010490,-0.019250,-1.543050,ndi
1786507877.237623,38.968384,0.010470,-0.019190,-1.543100,ndi
1786507877.252640,38.983402,0.010460,-0.019130,-1.543130,ndi
1786507877.269971,39.000732,0.010440,-0.019100,-1.543200,ndi
1786507877.285026,39.015788,0.010430,-0.019060,-1.543270,ndi
1786507877.302601,39.033362,0.010410,-0.019000,-1.543320,ndi
1786507877.320181,39.050942,0.010370,-0.018950,-1.543350,ndi
1786507877.335190,39.065952,0.010370,-0.018920,-1.543430,ndi
1786507877.352555,39.083317,0.010340,-0.018880,-1.543420,ndi
1786507877.369964,39.100725,0.010310,-0.018810,-1.543550,ndi
1786507877.384953,39.115714,0.010290,-0.018770,-1.543590,ndi
1786507877.402467,39.133228,0.010280,-0.018740,-1.543680,ndi
1786507877.420206,39.150967,0.010260,-0.018690,-1.543720,ndi
1786507877.435192,39.165953,0.010240,-0.018630,-1.543730,ndi
1786507877.452626,39.183387,0.010210,-0.018590,-1.543780,ndi
1786507877.469958,39.200720,0.010190,-0.018550,-1.543880,ndi
1786507877.485224,39.215985,0.010170,-0.018500,-1.543930,ndi
1786507877.502643,39.233404,0.010140,-0.018440,-1.543930,ndi
1786507877.520050,39.250811,0.010110,-0.018390,-1.544040,ndi
1786507877.535071,39.265832,0.010090,-0.018360,-1.544070,ndi
1786507877.552618,39.283379,0.010050,-0.018290,-1.544170,ndi
1786507877.569955,39.300716,0.010020,-0.018240,-1.544230,ndi
1786507877.584950,39.315711,0.009990,-0.018190,-1.544260,ndi
1786507877.602586,39.333347,0.009960,-0.018140,-1.544290,ndi
1786507877.620060,39.350822,0.009960,-0.018090,-1.544400,ndi
1786507877.635041,39.365802,0.009910,-0.018030,-1.544440,ndi
1786507877.652573,39.383334,0.009890,-0.017980,-1.544490,ndi
1786507877.669942,39.400703,0.009850,-0.017920,-1.544550,ndi
1786507877.684939,39.415700,0.009820,-0.017870,-1.544540,ndi
1786507877.702470,39.433231,0.009800,-0.017820,-1.544640,ndi
1786507877.720181,39.450943,0.009750,-0.017770,-1.544690,ndi
1786507877.737677,39.468438,0.009720,-0.017720,-1.544690,ndi
1786507877.752671,39.483432,0.009690,-0.017670,-1.544770,ndi
1786507877.769974,39.500736,0.009660,-0.017620,-1.544780,ndi
1786507877.784949,39.515711,0.009620,-0.017570,-1.544850,ndi
1786507877.802482,39.533243,0.009590,-0.017510,-1.544890,ndi
1786507877.820134,39.550895,0.009560,-0.017470,-1.544980,ndi
1786507877.835168,39.565929,0.009520,-0.017410,-1.544990,ndi
1786507877.852581,39.583342,0.009490,-0.017350,-1.545070,ndi
1786507877.869930,39.600692,0.009440,-0.017300,-1.545120,ndi
1786507877.884951,39.615712,0.009400,-0.017240,-1.545170,ndi
1786507877.902502,39.633263,0.009340,-0.017180,-1.545200,ndi
1786507877.919990,39.650751,0.009310,-0.017130,-1.545270,ndi
1786507877.935183,39.665945,0.009270,-0.017070,-1.545290,ndi
1786507877.952588,39.683349,0.009230,-0.017000,-1.545340,ndi
1786507877.969965,39.700726,0.009170,-0.016950,-1.545400,ndi
1786507877.984920,39.715681,0.009140,-0.016910,-1.545440,ndi
1786507878.002715,39.733476,0.009100,-0.016830,-1.545510,ndi
1786507878.020076,39.750838,0.009060,-0.016770,-1.545560,ndi
1786507878.035058,39.765820,0.009010,-0.016740,-1.545590,ndi
1786507878.052546,39.783307,0.008960,-0.016670,-1.545640,ndi
1786507878.069976,39.800737,0.008910,-0.016590,-1.545690,ndi
1786507878.084971,39.815733,0.008860,-0.016550,-1.545740,ndi
1786507878.102553,39.833314,0.008790,-0.016490,-1.545820,ndi
1786507878.120250,39.851011,0.008750,-0.016430,-1.545890,ndi
1786507878.137729,39.868490,0.008690,-0.016360,-1.545950,ndi
1786507878.152569,39.883330,0.008640,-0.016310,-1.546000,ndi
1786507878.169965,39.900726,0.008590,-0.016250,-1.546020,ndi
1786507878.184964,39.915725,0.008540,-0.016190,-1.546100,ndi
1786507878.202543,39.933304,0.008490,-0.016110,-1.546170,ndi
1786507878.220161,39.950923,0.008420,-0.016060,-1.546220,ndi
1786507878.235209,39.965970,0.008380,-0.016010,-1.546300,ndi
1786507878.252589,39.983350,0.008310,-0.015920,-1.546370,ndi
1786507878.270012,40.000773,0.008240,-0.015850,-1.546370,ndi
1786507878.284976,40.015738,0.008180,-0.015810,-1.546450,ndi
1786507878.302489,40.033251,0.008110,-0.015750,-1.546490,ndi
1786507878.320002,40.050764,0.008050,-0.015650,-1.546550,ndi
1786507878.334996,40.065757,0.007980,-0.015600,-1.546620,ndi
1786507878.352580,40.083341,0.007920,-0.015550,-1.546650,ndi
1786507878.369982,40.100744,0.007850,-0.015470,-1.546730,ndi
1786507878.385000,40.115762,0.007780,-0.015390,-1.546770,ndi
1786507878.402527,40.133288,0.007710,-0.015320,-1.546840,ndi
1786507878.420010,40.150772,0.007630,-0.015270,-1.546900,ndi
1786507878.435012,40.165773,0.007570,-0.015190,-1.546950,ndi
1786507878.452608,40.183369,0.007470,-0.015080,-1.547030,ndi
1786507878.469975,40.200736,0.007380,-0.015020,-1.547100,ndi
1786507878.484961,40.215722,0.007290,-0.014960,-1.547210,ndi
1786507878.502505,40.233266,0.007170,-0.014850,-1.547250,ndi
1786507878.520047,40.250809,0.007070,-0.014760,-1.547310,ndi
1786507878.535249,40.266010,0.006980,-0.014700,-1.547430,ndi
1786507878.552499,40.283260,0.006870,-0.014610,-1.547490,ndi
1786507878.569984,40.300745,0.006750,-0.014490,-1.547550,ndi
1786507878.584968,40.315729,0.006630,-0.014380,-1.547600,ndi
1786507878.602511,40.333273,0.006460,-0.014260,-1.547720,ndi
1786507878.620001,40.350763,0.006290,-0.014150,-1.547820,ndi
1786507878.635014,40.365775,0.006160,-0.014030,-1.547870,ndi
1786507878.652600,40.383362,0.006000,-0.013920,-1.547960,ndi
1786507878.669976,40.400737,0.005810,-0.013800,-1.548020,ndi
1786507878.684964,40.415725,0.005630,-0.013680,-1.548130,ndi
1786507878.702539,40.433300,0.005400,-0.013510,-1.548230,ndi
1786507878.720195,40.450956,0.005140,-0.013360,-1.548370,ndi
1786507878.735174,40.465936,0.004910,-0.013220,-1.548540,ndi
1786507878.752590,40.483351,0.004590,-0.013010,-1.548690,ndi
1786507878.770003,40.500764,0.004220,-0.012770,-1.548950,ndi
1786507878.785011,40.515772,0.003920,-0.012600,-1.549170,ndi
1786507878.802676,40.533437,0.003540,-0.012420,-1.549480,ndi
1786507878.820034,40.550795,0.003200,-0.012210,-1.549750,ndi
1786507878.835121,40.565882,0.002960,-0.012060,-1.549900,ndi
1786507878.852549,40.583310,0.002490,-0.011820,-1.550320,ndi
1786507878.869975,40.600737,0.002170,-0.011670,-1.550590,ndi
1786507878.884964,40.615725,0.001920,-0.011520,-1.550720,ndi
1786507878.902516,40.633277,0.001700,-0.011400,-1.550870,ndi
1786507878.920191,40.650952,0.001520,-0.011350,-1.551010,ndi
1786507878.937724,40.668485,0.001390,-0.011280,-1.551120,ndi
1786507878.952568,40.683329,0.001280,-0.011190,-1.551210,ndi
1786507878.969985,40.700746,0.001150,-0.011130,-1.551300,ndi
1786507878.984986,40.715747,0.001060,-0.011110,-1.551350,ndi
1786507879.002486,40.733247,0.000930,-0.011060,-1.551440,ndi
1786507879.020162,40.750923,0.000810,-0.010970,-1.551490,ndi
1786507879.035086,40.765847,0.000730,-0.010950,-1.551560,ndi
1786507879.052575,40.783337,0.000610,-0.010930,-1.551600,ndi
1786507879.069986,40.800747,0.000510,-0.010890,-1.551670,ndi
1786507879.084979,40.815740,0.000430,-0.010830,-1.551720,ndi
1786507879.102679,40.833440,0.000340,-0.010810,-1.551780,ndi
1786507879.120146,40.850908,0.000220,-0.010800,-1.551840,ndi
1786507879.135118,40.865880,0.000150,-0.010750,-1.551870,ndi
1786507879.152585,40.883347,0.000050,-0.010700,-1.551930,ndi
1786507879.170002,40.900763,-0.000040,-0.010700,-1.551940,ndi
1786507879.184971,40.915732,-0.000110,-0.010680,-1.552020,ndi
1786507879.202646,40.933407,-0.000210,-0.010630,-1.552070,ndi
1786507879.220124,40.950886,-0.000300,-0.010590,-1.552130,ndi
1786507879.235249,40.966010,-0.000370,-0.010590,-1.552170,ndi
1786507879.252612,40.983373,-0.000470,-0.010560,-1.552210,ndi
1786507879.270014,41.000776,-0.000570,-0.010520,-1.552250,ndi
1786507879.285011,41.015773,-0.000660,-0.010490,-1.552290,ndi
1786507879.302710,41.033471,-0.000740,-0.010480,-1.552320,ndi
1786507879.320106,41.050867,-0.000840,-0.010460,-1.552380,ndi
1786507879.335158,41.065919,-0.000910,-0.010430,-1.552390,ndi
1786507879.352674,41.083436,-0.000980,-0.010410,-1.552430,ndi
1786507879.370002,41.100763,-0.001060,-0.010400,-1.552430,ndi
1786507879.384964,41.115725,-0.001130,-0.010380,-1.552450,ndi
1786507879.402648,41.133409,-0.001210,-0.010350,-1.552470,ndi
1786507879.420085,41.150846,-0.001280,-0.010340,-1.552520,ndi
1786507879.435157,41.165919,-0.001350,-0.010330,-1.552530,ndi
1786507879.452569,41.183330,-0.001430,-0.010300,-1.552550,ndi
1786507879.469969,41.200730,-0.001510,-0.010280,-1.552570,ndi
1786507879.485004,41.215765,-0.001570,-0.010270,-1.552580,ndi
1786507879.502621,41.233382,-0.001650,-0.010260,-1.552600,ndi
1786507879.520080,41.250841,-0.001710,-0.010240,-1.552600,ndi
1786507879.535088,41.265850,-0.001760,-0.010230,-1.552640,ndi
1786507879.552629,41.283390,-0.001840,-0.010220,-1.552650,ndi
1786507879.569999,41.300760,-0.001910,-0.010200,-1.552690,ndi
1786507879.584985,41.315746,-0.001960,-0.010190,-1.552700,ndi
1786507879.602787,41.333549,-0.002040,-0.010180,-1.552710,ndi
1786507879.620030,41.350791,-0.002120,-0.010160,-1.552730,ndi
1786507879.635125,41.365887,-0.002190,-0.010150,-1.552760,ndi
1786507879.652596,41.383357,-0.002280,-0.010140,-1.552810,ndi
1786507879.669977,41.400738,-0.002360,-0.010120,-1.552810,ndi
1786507879.684965,41.415726,-0.002440,-0.010110,-1.552790,ndi
1786507879.702537,41.433298,-0.002530,-0.010090,-1.552830,ndi
1786507879.720117,41.450879,-0.002590,-0.010090,-1.552840,ndi
1786507879.735087,41.465848,-0.002670,-0.010060,-1.552860,ndi
1786507879.752640,41.483401,-0.002740,-0.010040,-1.552870,ndi
1786507879.769989,41.500751,-0.002820,-0.010050,-1.552930,ndi
1786507879.784993,41.515754,-0.002890,-0.010040,-1.552950,ndi
1786507879.802620,41.533381,-0.002980,-0.010010,-1.552940,ndi
1786507879.820079,41.550841,-0.003070,-0.010000,-1.552970,ndi
1786507879.835098,41.565859,-0.003140,-0.010000,-1.552960,ndi
1786507879.852612,41.583373,-0.003240,-0.009980,-1.553010,ndi
1786507879.869989,41.600751,-0.003330,-0.009960,-1.553010,ndi
1786507879.884990,41.615751,-0.003400,-0.009960,-1.553030,ndi
1786507879.902515,41.633276,-0.003480,-0.009960,-1.553050,ndi
1786507879.920013,41.650774,-0.003520,-0.009940,-1.553060,ndi
1786507879.935038,41.665799,-0.003610,-0.009940,-1.553070,ndi
1786507879.952582,41.683343,-0.003680,-0.009920,-1.553090,ndi
1786507879.970001,41.700763,-0.003740,-0.009920,-1.553070,ndi
1786507879.984978,41.715739,-0.003830,-0.009910,-1.553080,ndi
1786507880.002482,41.733243,-0.003890,-0.009900,-1.553090,ndi
1786507880.020069,41.750830,-0.003960,-0.009890,-1.553090,ndi
1786507880.035063,41.765824,-0.004030,-0.009890,-1.553110,ndi
1786507880.052501,41.783263,-0.004110,-0.009880,-1.553140,ndi
1786507880.070006,41.800768,-0.004170,-0.009870,-1.553160,ndi
1786507880.084978,41.815739,-0.004250,-0.009860,-1.553170,ndi
1786507880.102511,41.833272,-0.004300,-0.009860,-1.553180,ndi
1786507880.120015,41.850776,-0.004350,-0.009860,-1.553200,ndi
1786507880.135042,41.865803,-0.004440,-0.009850,-1.553230,ndi
1786507880.152682,41.883443,-0.004490,-0.009840,-1.553240,ndi
1786507880.169999,41.900760,-0.004560,-0.009850,-1.553220,ndi
1786507880.184996,41.915757,-0.004640,-0.009840,-1.553230,ndi
1786507880.202525,41.933286,-0.004710,-0.009820,-1.553260,ndi
1786507880.220087,41.950849,-0.004800,-0.009820,-1.553220,ndi
1786507880.235029,41.965790,-0.004860,-0.009830,-1.553250,ndi
1786507880.252663,41.983424,-0.004940,-0.009810,-1.553280,ndi
1786507880.270017,42.000778,-0.005040,-0.009800,-1.553260,ndi
1786507880.285013,42.015775,-0.005100,-0.009810,-1.553300,ndi
1786507880.302525,42.033286,-0.005180,-0.009810,-1.553290,ndi
1786507880.320024,42.050786,-0.005260,-0.009790,-1.553290,ndi
1786507880.335002,42.065764,-0.005320,-0.009790,-1.553310,ndi
1786507880.352587,42.083349,-0.005390,-0.009790,-1.553310,ndi
1786507880.370002,42.100763,-0.005490,-0.009790,-1.553320,ndi
1786507880.385017,42.115778,-0.005560,-0.009780,-1.553340,ndi
1786507880.402547,42.133308,-0.005650,-0.009780,-1.553310,ndi
1786507880.420073,42.150834,-0.005750,-0.009790,-1.553350,ndi
1786507880.435229,42.165990,-0.005810,-0.009770,-1.553320,ndi
1786507880.452645,42.183407,-0.005900,-0.009770,-1.553350,ndi
1786507880.469985,42.200747,-0.006000,-0.009780,-1.553350,ndi
1786507880.484979,42.215740,-0.006040,-0.009770,-1.553370,ndi
1786507880.502579,42.233340,-0.006120,-0.009760,-1.553370,ndi
1786507880.520114,42.250875,-0.006210,-0.009760,-1.553390,ndi
1786507880.535027,42.265788,-0.006240,-0.009770,-1.553380,ndi
1786507880.552620,42.283381,-0.006320,-0.009770,-1.553380,ndi
1786507880.570032,42.300793,-0.006400,-0.009760,-1.553370,ndi
1786507880.584984,42.315745,-0.006460,-0.009770,-1.553370,ndi
1786507880.602536,42.333297,-0.006540,-0.009770,-1.553370,ndi
1786507880.620088,42.350849,-0.006610,-0.009760,-1.553370,ndi
1786507880.635028,42.365789,-0.006660,-0.009750,-1.553390,ndi
1786507880.652615,42.383376,-0.006730,-0.009770,-1.553390,ndi
1786507880.670002,42.400764,-0.006810,-0.009770,-1.553400,ndi
1786507880.685019,42.415781,-0.006860,-0.009760,-1.553400,ndi
1786507880.702532,42.433293,-0.006910,-0.009760,-1.553390,ndi
1786507880.720064,42.450825,-0.007000,-0.009770,-1.553430,ndi
1786507880.735022,42.465783,-0.007030,-0.009770,-1.553400,ndi
1786507880.752584,42.483346,-0.007110,-0.009760,-1.553370,ndi
1786507880.770037,42.500799,-0.007190,-0.009770,-1.553400,ndi
1786507880.784971,42.515732,-0.007230,-0.009780,-1.553370,ndi
1786507880.802540,42.533301,-0.007330,-0.009780,-1.553360,ndi
1786507880.820175,42.550937,-0.007390,-0.009770,-1.553370,ndi
1786507880.835066,42.565828,-0.007460,-0.009780,-1.553370,ndi
1786507880.852674,42.583436,-0.007540,-0.009790,-1.553370,ndi
1786507880.870028,42.600790,-0.007610,-0.009790,-1.553380,ndi
1786507880.884990,42.615752,-0.007660,-0.009780,-1.553370,ndi
1786507880.902539,42.633301,-0.007750,-0.009790,-1.553380,ndi
1786507880.920062,42.650823,-0.007800,-0.009810,-1.553380,ndi
1786507880.935092,42.665853,-0.007870,-0.009810,-1.553360,ndi
1786507880.952556,42.683318,-0.007950,-0.009800,-1.553360,ndi
1786507880.970010,42.700772,-0.008030,-0.009810,-1.553340,ndi
1786507880.984990,42.715751,-0.008100,-0.009820,-1.553360,ndi
1786507881.002525,42.733286,-0.008190,-0.009820,-1.553340,ndi
1786507881.020075,42.750836,-0.008270,-0.009810,-1.553320,ndi
1786507881.035230,42.765991,-0.008360,-0.009830,-1.553320,ndi
1786507881.052652,42.783413,-0.008420,-0.009850,-1.553310,ndi
1786507881.070000,42.800762,-0.008490,-0.009850,-1.553320,ndi
1786507881.085031,42.815792,-0.008550,-0.009830,-1.553290,ndi
1786507881.102532,42.833293,-0.008610,-0.009850,-1.553280,ndi
1786507881.120075,42.850836,-0.008680,-0.009870,-1.553290,ndi
1786507881.135050,42.865812,-0.008740,-0.009860,-1.553290,ndi
1786507881.152528,42.883289,-0.008810,-0.009860,-1.553260,ndi
1786507881.170010,42.900772,-0.008870,-0.009890,-1.553240,ndi
1786507881.184998,42.915759,-0.008930,-0.009890,-1.553250,ndi
1786507881.202559,42.933321,-0.009010,-0.009880,-1.553220,ndi
1786507881.220066,42.950828,-0.009080,-0.009880,-1.553230,ndi
1786507881.235060,42.965822,-0.009140,-0.009910,-1.553220,ndi
1786507881.252559,42.983321,-0.009200,-0.009910,-1.553240,ndi
1786507881.270038,43.000800,-0.009280,-0.009910,-1.553230,ndi
1786507881.285002,43.015763,-0.009320,-0.009920,-1.553200,ndi
1786507881.302577,43.033339,-0.009380,-0.009940,-1.553200,ndi
1786507881.320216,43.050977,-0.009450,-0.009940,-1.553190,ndi
1786507881.335204,43.065966,-0.009500,-0.009940,-1.553170,ndi
1786507881.352620,43.083381,-0.009580,-0.009950,-1.553160,ndi
1786507881.370033,43.100794,-0.009650,-0.009960,-1.553140,ndi
1786507881.385006,43.115767,-0.009710,-0.009970,-1.553170,ndi
1786507881.402604,43.133366,-0.009790,-0.009970,-1.553140,ndi
1786507881.420125,43.150887,-0.009860,-0.009990,-1.553130,ndi
1786507881.435090,43.165851,-0.009920,-0.009990,-1.553120,ndi
1786507881.452700,43.183461,-0.009990,-0.010000,-1.553120,ndi
1786507881.470036,43.200797,-0.010050,-0.010020,-1.553080,ndi
1786507881.485040,43.215801,-0.010100,-0.010020,-1.553080,ndi
1786507881.502792,43.233553,-0.010170,-0.010040,-1.553100,ndi
1786507881.520261,43.251022,-0.010240,-0.010040,-1.553070,ndi
1786507881.535265,43.266026,-0.010310,-0.010050,-1.553050,ndi
1786507881.552614,43.283375,-0.010380,-0.010070,-1.553010,ndi
1786507881.570047,43.300808,-0.010460,-0.010080,-1.552980,ndi
1786507881.585075,43.315836,-0.010530,-0.010090,-1.552980,ndi
1786507881.602668,43.333429,-0.010600,-0.010100,-1.553010,ndi
1786507881.620210,43.350971,-0.010700,-0.010110,-1.553020,ndi
1786507881.635130,43.365892,-0.010760,-0.010130,-1.553030,ndi
1786507881.652647,43.383408,-0.010820,-0.010130,-1.552950,ndi
1786507881.670017,43.400778,-0.010890,-0.010160,-1.552940,ndi
1786507881.685028,43.415789,-0.010950,-0.010170,-1.552940,ndi
1786507881.702608,43.433369,-0.011020,-0.010170,-1.552910,ndi
1786507881.720262,43.451024,-0.011090,-0.010180,-1.552910,ndi
1786507881.735298,43.466059,-0.011130,-0.010190,-1.552900,ndi
1786507881.752678,43.483439,-0.011200,-0.010210,-1.552840,ndi
1786507881.770051,43.500812,-0.011270,-0.010220,-1.552830,ndi
1786507881.785023,43.515784,-0.011340,-0.010230,-1.552830,ndi
1786507881.802622,43.533384,-0.011400,-0.010240,-1.552810,ndi
1786507881.820208,43.550970,-0.011460,-0.010260,-1.552860,ndi
1786507881.835238,43.566000,-0.011510,-0.010270,-1.552800,ndi
1786507881.852623,43.583384,-0.011590,-0.010270,-1.552800,ndi
1786507881.870023,43.600785,-0.011630,-0.010300,-1.552760,ndi
1786507881.885033,43.615794,-0.011680,-0.010300,-1.552730,ndi
1786507881.902611,43.633372,-0.011740,-0.010310,-1.552720,ndi
1786507881.920239,43.651000,-0.011810,-0.010320,-1.552730,ndi
1786507881.935250,43.666011,-0.011870,-0.010330,-1.552750,ndi
1786507881.952652,43.683413,-0.011940,-0.010350,-1.552690,ndi
1786507881.970011,43.700772,-0.011990,-0.010360,-1.552700,ndi
1786507881.985023,43.715784,-0.012050,-0.010380,-1.552650,ndi
1786507882.002567,43.733328,-0.012110,-0.010400,-1.552630,ndi
1786507882.020177,43.750938,-0.012180,-0.010400,-1.552650,ndi
1786507882.035312,43.766074,-0.012230,-0.010410,-1.552610,ndi
1786507882.052657,43.783418,-0.012290,-0.010440,-1.552600,ndi
1786507882.070037,43.800798,-0.012340,-0.010470,-1.552600,ndi
1786507882.085049,43.815810,-0.012420,-0.010470,-1.552550,ndi
1786507882.102603,43.833364,-0.012470,-0.010470,-1.552500,ndi
1786507882.120295,43.851056,-0.012540,-0.010510,-1.552470,ndi
1786507882.135259,43.866020,-0.012590,-0.010520,-1.552470,ndi
1786507882.152675,43.883437,-0.012660,-0.010510,-1.552420,ndi
1786507882.170022,43.900784,-0.012720,-0.010540,-1.552430,ndi
1786507882.185023,43.915784,-0.012790,-0.010570,-1.552410,ndi
1786507882.202617,43.933378,-0.012870,-0.010580,-1.552370,ndi
1786507882.220251,43.951012,-0.012930,-0.010580,-1.552380,ndi
1786507882.237753,43.968515,-0.013010,-0.010620,-1.552300,ndi
1786507882.252690,43.983452,-0.013070,-0.010640,-1.552310,ndi
1786507882.270042,44.000803,-0.013130,-0.010650,-1.552260,ndi
1786507882.285058,44.015820,-0.013180,-0.010650,-1.552230,ndi
1786507882.302615,44.033377,-0.013240,-0.010690,-1.552210,ndi
1786507882.320228,44.050989,-0.013310,-0.010710,-1.552180,ndi
1786507882.335239,44.066000,-0.013360,-0.010710,-1.552150,ndi
1786507882.352671,44.083432,-0.013420,-0.010720,-1.552150,ndi
1786507882.370034,44.100795,-0.013490,-0.010760,-1.552130,ndi
1786507882.385026,44.115787,-0.013530,-0.010770,-1.552160,ndi
1786507882.402775,44.133536,-0.013600,-0.010770,-1.552090,ndi
1786507882.420345,44.151106,-0.013650,-0.010790,-1.552070,ndi
1786507882.437747,44.168508,-0.013710,-0.010820,-1.552070,ndi
1786507882.452676,44.183437,-0.013760,-0.010840,-1.552070,ndi
1786507882.470036,44.200798,-0.013800,-0.010840,-1.552030,ndi
1786507882.485080,44.215841,-0.013840,-0.010850,-1.552000,ndi
1786507882.502580,44.233341,-0.013910,-0.010870,-1.551970,ndi
1786507882.520134,44.250896,-0.013960,-0.010900,-1.551970,ndi
1786507882.535107,44.265869,-0.014000,-0.010900,-1.551930,ndi
1786507882.552689,44.283450,-0.014070,-0.010920,-1.551900,ndi
1786507882.570021,44.300782,-0.014130,-0.010950,-1.551920,ndi
1786507882.585072,44.315833,-0.014170,-0.010970,-1.551880,ndi
1786507882.602632,44.333394,-0.014230,-0.010970,-1.551870,ndi
1786507882.620124,44.350885,-0.014300,-0.010990,-1.551860,ndi
1786507882.635260,44.366021,-0.014330,-0.011020,-1.551820,ndi
1786507882.652684,44.383446,-0.014380,-0.011050,-1.551790,ndi
1786507882.670031,44.400792,-0.014440,-0.011050,-1.551780,ndi
1786507882.685059,44.415820,-0.014480,-0.011060,-1.551760,ndi
1786507882.702788,44.433549,-0.014540,-0.011090,-1.551750,ndi
1786507882.720262,44.451024,-0.014580,-0.011120,-1.551720,ndi
1786507882.735265,44.466026,-0.014640,-0.011130,-1.551710,ndi
1786507882.752672,44.483433,-0.014700,-0.011140,-1.551620,ndi
1786507882.770026,44.500788,-0.014750,-0.011180,-1.551640,ndi
1786507882.785077,44.515839,-0.014820,-0.011200,-1.551620,ndi
1786507882.802555,44.533316,-0.014890,-0.011210,-1.551590,ndi
1786507882.820117,44.550878,-0.014940,-0.011240,-1.551580,ndi
1786507882.835208,44.565970,-0.015000,-0.011280,-1.551540,ndi
1786507882.852663,44.583424,-0.015060,-0.011290,-1.551500,ndi
1786507882.870088,44.600849,-0.015110,-0.011300,-1.551490,ndi
1786507882.885060,44.615821,-0.015160,-0.011320,-1.551460,ndi
1786507882.902771,44.633532,-0.015220,-0.011350,-1.551450,ndi
1786507882.920228,44.650989,-0.015270,-0.011370,-1.551400,ndi
1786507882.935229,44.665991,-0.015320,-0.011390,-1.551390,ndi
1786507882.952704,44.683465,-0.015380,-0.011420,-1.551330,ndi
1786507882.970034,44.700795,-0.015420,-0.011440,-1.551320,ndi
1786507882.985072,44.715834,-0.015480,-0.011450,-1.551270,ndi
1786507883.002752,44.733514,-0.015540,-0.011470,-1.551290,ndi
1786507883.020206,44.750967,-0.015580,-0.011500,-1.551220,ndi
1786507883.035277,44.766038,-0.015640,-0.011520,-1.551210,ndi
1786507883.052736,44.783497,-0.015680,-0.011530,-1.551190,ndi
1786507883.070061,44.800822,-0.015700,-0.011550,-1.551160,ndi
1786507883.085093,44.815854,-0.015760,-0.011570,-1.551130,ndi
1786507883.102599,44.833361,-0.015800,-0.011590,-1.551100,ndi
1786507883.120108,44.850869,-0.015840,-0.011610,-1.551090,ndi
1786507883.135082,44.865843,-0.015890,-0.011620,-1.551040,ndi
1786507883.152558,44.883319,-0.015930,-0.011630,-1.551030,ndi
1786507883.170085,44.900846,-0.015980,-0.011660,-1.550990,ndi
1786507883.185097,44.915859,-0.016020,-0.011690,-1.550980,ndi
1786507883.202686,44.933447,-0.016070,-0.011700,-1.550950,ndi
1786507883.220067,44.950828,-0.016120,-0.011720,-1.550930,ndi
1786507883.235115,44.965876,-0.016150,-0.011750,-1.550930,ndi
1786507883.252567,44.983328,-0.016200,-0.011770,-1.550890,ndi
1786507883.270076,45.000837,-0.016230,-0.011780,-1.550850,ndi
1786507883.285119,45.015881,-0.016280,-0.011800,-1.550820,ndi
1786507883.302598,45.033359,-0.016310,-0.011840,-1.550780,ndi
1786507883.320168,45.050929,-0.016360,-0.011850,-1.550770,ndi
1786507883.335047,45.065809,-0.016410,-0.011870,-1.550720,ndi
1786507883.352579,45.083340,-0.016440,-0.011900,-1.550730,ndi
1786507883.370077,45.100838,-0.016520,-0.011920,-1.550680,ndi
1786507883.385085,45.115846,-0.016560,-0.011930,-1.550670,ndi
1786507883.402609,45.133370,-0.016610,-0.011970,-1.550610,ndi
1786507883.420135,45.150896,-0.016670,-0.012000,-1.550580,ndi
1786507883.435141,45.165903,-0.016700,-0.012020,-1.550550,ndi
1786507883.452688,45.183450,-0.016750,-0.012040,-1.550500,ndi
1786507883.470078,45.200839,-0.016810,-0.012070,-1.550520,ndi
1786507883.485052,45.215813,-0.016850,-0.012090,-1.550470,ndi
1786507883.502656,45.233417,-0.016900,-0.012110,-1.550420,ndi
1786507883.520284,45.251045,-0.016960,-0.012140,-1.550420,ndi
1786507883.535275,45.266037,-0.016990,-0.012160,-1.550360,ndi
1786507883.552685,45.283447,-0.017030,-0.012190,-1.550340,ndi
1786507883.570101,45.300862,-0.017100,-0.012200,-1.550300,ndi
1786507883.585160,45.315921,-0.017130,-0.012240,-1.550290,ndi
1786507883.602624,45.333385,-0.017190,-0.012270,-1.550240,ndi
1786507883.620161,45.350923,-0.017230,-0.012280,-1.550210,ndi
1786507883.635303,45.366064,-0.017250,-0.012300,-1.550190,ndi
1786507883.652735,45.383496,-0.017310,-0.012330,-1.550170,ndi
1786507883.670069,45.400831,-0.017350,-0.012360,-1.550090,ndi
1786507883.685073,45.415835,-0.017380,-0.012370,-1.550090,ndi
1786507883.702657,45.433418,-0.017430,-0.012400,-1.550060,ndi
1786507883.720314,45.451075,-0.017480,-0.012430,-1.550020,ndi
1786507883.735131,45.465892,-0.017500,-0.012440,-1.550010,ndi
1786507883.752576,45.483338,-0.017540,-0.012450,-1.549980,ndi
1786507883.770060,45.500821,-0.017590,-0.012480,-1.549930,ndi
1786507883.785079,45.515840,-0.017610,-0.012510,-1.549900,ndi
1786507883.802638,45.533399,-0.017660,-0.012520,-1.549840,ndi
1786507883.820124,45.550885,-0.017690,-0.012530,-1.549820,ndi
1786507883.835372,45.566133,-0.017700,-0.012570,-1.549800,ndi
1786507883.852705,45.583467,-0.017760,-0.012590,-1.549780,ndi
1786507883.870066,45.600827,-0.017790,-0.012610,-1.549750,ndi
1786507883.885097,45.615858,-0.017830,-0.012620,-1.549690,ndi
1786507883.902570,45.633332,-0.017870,-0.012660,-1.549710,ndi
1786507883.920125,45.650886,-0.017900,-0.012690,-1.549640,ndi
1786507883.935103,45.665864,-0.017950,-0.012700,-1.549650,ndi
1786507883.952716,45.683478,-0.017980,-0.012730,-1.549580,ndi
1786507883.970113,45.700874,-0.018030,-0.012760,-1.549560,ndi
1786507883.985074,45.715835,-0.018060,-0.012770,-1.549520,ndi
1786507884.002592,45.733353,-0.018100,-0.012800,-1.549490,ndi
1786507884.020113,45.750874,-0.018140,-0.012820,-1.549450,ndi
1786507884.035502,45.766263,-0.018170,-0.012850,-1.549440,ndi
1786507884.052732,45.783493,-0.018220,-0.012870,-1.549410,ndi
1786507884.070099,45.800860,-0.018260,-0.012900,-1.549390,ndi
1786507884.085064,45.815825,-0.018290,-0.012930,-1.549320,ndi
1786507884.102725,45.833486,-0.018350,-0.012960,-1.549320,ndi
1786507884.120202,45.850963,-0.018390,-0.012990,-1.549290,ndi
1786507884.135200,45.865961,-0.018430,-0.013020,-1.549260,ndi
1786507884.152604,45.883366,-0.018480,-0.013050,-1.549210,ndi
1786507884.170105,45.900866,-0.018520,-0.013080,-1.549160,ndi
1786507884.185099,45.915860,-0.018570,-0.013110,-1.549130,ndi
1786507884.202727,45.933488,-0.018610,-0.013140,-1.549070,ndi
1786507884.220235,45.950996,-0.018630,-0.013150,-1.549020,ndi
1786507884.235302,45.966063,-0.018670,-0.013180,-1.549040,ndi
1786507884.252709,45.983471,-0.018710,-0.013220,-1.549000,ndi
1786507884.270113,46.000874,-0.018740,-0.013240,-1.548970,ndi
1786507884.285105,46.015867,-0.018780,-0.013250,-1.548910,ndi
1786507884.302596,46.033357,-0.018810,-0.013300,-1.548890,ndi
1786507884.320063,46.050824,-0.018840,-0.013340,-1.548790,ndi
1786507884.335051,46.065813,-0.018890,-0.013340,-1.548780,ndi
1786507884.352569,46.083331,-0.018930,-0.013360,-1.548750,ndi
1786507884.370135,46.100897,-0.018960,-0.013400,-1.548760,ndi
1786507884.385056,46.115817,-0.018990,-0.013420,-1.548710,ndi
1786507884.402584,46.133346,-0.019020,-0.013430,-1.548670,ndi
1786507884.420076,46.150837,-0.019050,-0.013460,-1.548600,ndi
1786507884.435182,46.165943,-0.019070,-0.013490,-1.548570,ndi
1786507884.452767,46.183528,-0.019100,-0.013500,-1.548580,ndi
1786507884.470104,46.200866,-0.019130,-0.013520,-1.548540,ndi
1786507884.485079,46.215840,-0.019150,-0.013550,-1.548450,ndi
1786507884.502644,46.233405,-0.019190,-0.013580,-1.548460,ndi
1786507884.520214,46.250976,-0.019220,-0.013600,-1.548430,ndi
1786507884.535222,46.265983,-0.019250,-0.013620,-1.548380,ndi
1786507884.552709,46.283471,-0.019280,-0.013650,-1.548350,ndi
1786507884.570103,46.300864,-0.019310,-0.013670,-1.548330,ndi
1786507884.585089,46.315850,-0.019340,-0.013680,-1.548300,ndi
1786507884.602666,46.333428,-0.019380,-0.013730,-1.548240,ndi
1786507884.620140,46.350901,-0.019400,-0.013760,-1.548200,ndi
1786507884.635262,46.366024,-0.019430,-0.013780,-1.548160,ndi
1786507884.652684,46.383446,-0.019460,-0.013810,-1.548110,ndi
1786507884.670130,46.400891,-0.019490,-0.013840,-1.548110,ndi
1786507884.685082,46.415843,-0.019530,-0.013860,-1.548090,ndi
1786507884.702614,46.433375,-0.019560,-0.013880,-1.548040,ndi
1786507884.720121,46.450883,-0.019590,-0.013910,-1.548000,ndi
1786507884.735095,46.465856,-0.019610,-0.013960,-1.547940,ndi
1786507884.752629,46.483390,-0.019660,-0.013980,-1.547930,ndi
1786507884.770126,46.500887,-0.019700,-0.014000,-1.547860,ndi
1786507884.785090,46.515851,-0.019710,-0.014040,-1.547820,ndi
1786507884.802782,46.533544,-0.019750,-0.014080,-1.547770,ndi
1786507884.820188,46.550949,-0.019790,-0.014110,-1.547720,ndi
1786507884.835140,46.565901,-0.019830,-0.014140,-1.547690,ndi
1786507884.852609,46.583371,-0.019870,-0.014180,-1.547630,ndi
1786507884.870152,46.600913,-0.019900,-0.014210,-1.547570,ndi
1786507884.885132,46.615893,-0.019940,-0.014230,-1.547570,ndi
1786507884.902715,46.633476,-0.019970,-0.014270,-1.547520,ndi
1786507884.920173,46.650934,-0.020010,-0.014310,-1.547480,ndi
1786507884.935177,46.665938,-0.020040,-0.014340,-1.547410,ndi
1786507884.952751,46.683512,-0.020070,-0.014370,-1.547360,ndi
1786507884.970080,46.700841,-0.020110,-0.014390,-1.547320,ndi
1786507884.985053,46.715814,-0.020130,-0.014430,-1.547300,ndi
1786507885.002773,46.733534,-0.020150,-0.014460,-1.547240,ndi
1786507885.020278,46.751040,-0.020170,-0.014480,-1.547220,ndi
1786507885.035178,46.765940,-0.020190,-0.014500,-1.547180,ndi
1786507885.052630,46.783391,-0.020230,-0.014540,-1.547140,ndi
1786507885.070126,46.800887,-0.020250,-0.014560,-1.547110,ndi
1786507885.085081,46.815843,-0.020270,-0.014570,-1.547100,ndi
1786507885.102620,46.833381,-0.020290,-0.014600,-1.547050,ndi
1786507885.120347,46.851108,-0.020290,-0.014640,-1.547040,ndi
1786507885.135226,46.865987,-0.020310,-0.014660,-1.547020,ndi
1786507885.152714,46.883475,-0.020290,-0.014660,-1.546930,ndi
1786507885.170107,46.900868,-0.020410,-0.014690,-1.546960,ndi
1786507885.185112,46.915873,-0.020420,-0.014730,-1.546900,ndi
1786507885.202811,46.933573,-0.020420,-0.014740,-1.546840,ndi
1786507885.220291,46.951052,-0.020530,-0.014750,-1.546820,ndi
1786507885.235304,46.966065,-0.020420,-0.014800,-1.546820,ndi
1786507885.252759,46.983520,-0.020480,-0.014840,-1.546760,ndi
1786507885.270095,47.000856,-0.020530,-0.014850,-1.546740,ndi
1786507885.285114,47.015875,-0.020540,-0.014860,-1.546690,ndi
1786507885.302615,47.033377,-0.020580,-0.014910,-1.546670,ndi
1786507885.320317,47.051078,-0.020570,-0.014950,-1.546630,ndi
1786507885.335327,47.066088,-0.020630,-0.014950,-1.546580,ndi
1786507885.352719,47.083480,-0.020630,-0.014970,-1.546530,ndi
1786507885.370130,47.100891,-0.020660,-0.015030,-1.546540,ndi
1786507885.385084,47.115845,-0.020700,-0.015060,-1.546480,ndi
1786507885.402825,47.133586,-0.020700,-0.015060,-1.546440,ndi
1786507885.420259,47.151021,-0.020750,-0.015100,-1.546400,ndi
1786507885.435297,47.166058,-0.020740,-0.015150,-1.546340,ndi
1786507885.452741,47.183502,-0.020780,-0.015180,-1.546310,ndi
1786507885.470090,47.200852,-0.020820,-0.015190,-1.546280,ndi
1786507885.485088,47.215849,-0.020810,-0.015230,-1.546220,ndi
1786507885.502756,47.233518,-0.020870,-0.015290,-1.546170,ndi
1786507885.520337,47.251099,-0.020880,-0.015300,-1.546130,ndi
1786507885.535313,47.266074,-0.020900,-0.015310,-1.546060,ndi
1786507885.552758,47.283520,-0.020940,-0.015360,-1.546050,ndi
1786507885.570065,47.300826,-0.020960,-0.015420,-1.546010,ndi
1786507885.585140,47.315902,-0.020980,-0.015430,-1.545940,ndi
1786507885.602671,47.333432,-0.020990,-0.015440,-1.545880,ndi
1786507885.620322,47.351084,-0.021020,-0.015490,-1.545860,ndi
1786507885.635262,47.366024,-0.021020,-0.015520,-1.545800,ndi
1786507885.652720,47.383481,-0.021060,-0.015540,-1.545770,ndi
1786507885.670131,47.400893,-0.021090,-0.015560,-1.545720,ndi
1786507885.685146,47.415907,-0.021090,-0.015600,-1.545680,ndi
1786507885.702631,47.433392,-0.021130,-0.015650,-1.545590,ndi
1786507885.720267,47.451028,-0.021140,-0.015660,-1.545580,ndi
1786507885.735336,47.466097,-0.021170,-0.015680,-1.545540,ndi
1786507885.752742,47.483503,-0.021190,-0.015720,-1.545500,ndi
1786507885.770086,47.500847,-0.021200,-0.015750,-1.545450,ndi
1786507885.785120,47.515881,-0.021220,-0.015760,-1.545440,ndi
1786507885.802764,47.533525,-0.021220,-0.015790,-1.545380,ndi
1786507885.820193,47.550954,-0.021240,-0.015840,-1.545370,ndi
1786507885.835304,47.566065,-0.021260,-0.015860,-1.545330,ndi
1786507885.852692,47.583454,-0.021280,-0.015860,-1.545330,ndi
1786507885.870130,47.600891,-0.021300,-0.015890,-1.545280,ndi
1786507885.885087,47.615849,-0.021320,-0.015930,-1.545260,ndi
1786507885.902779,47.633541,-0.021330,-0.015960,-1.545210,ndi
1786507885.920288,47.651049,-0.021350,-0.015980,-1.545180,ndi
1786507885.935230,47.665992,-0.021380,-0.016010,-1.545120,ndi
1786507885.952759,47.683521,-0.021400,-0.016050,-1.545110,ndi
1786507885.970101,47.700862,-0.021410,-0.016070,-1.545080,ndi
1786507885.985105,47.715866,-0.021420,-0.016080,-1.545020,ndi
1786507886.002707,47.733468,-0.021440,-0.016140,-1.544970,ndi
1786507886.020181,47.750943,-0.021470,-0.016180,-1.544940,ndi
1786507886.035333,47.766094,-0.021470,-0.016180,-1.544930,ndi
1786507886.052727,47.783488,-0.021490,-0.016200,-1.544860,ndi
1786507886.070123,47.800884,-0.021510,-0.016270,-1.544830,ndi
1786507886.085101,47.815862,-0.021520,-0.016300,-1.544760,ndi
1786507886.102669,47.833431,-0.021560,-0.016300,-1.544710,ndi
1786507886.120214,47.850976,-0.021570,-0.016330,-1.544700,ndi
1786507886.135184,47.865945,-0.021580,-0.016380,-1.544650,ndi
1786507886.152719,47.883481,-0.021590,-0.016420,-1.544580,ndi
1786507886.170140,47.900901,-0.021620,-0.016440,-1.544520,ndi
1786507886.185141,47.915903,-0.021630,-0.016480,-1.544470,ndi
1786507886.202675,47.933436,-0.021640,-0.016540,-1.544400,ndi
1786507886.220178,47.950940,-0.021660,-0.016570,-1.544350,ndi
1786507886.235375,47.966136,-0.021680,-0.016590,-1.544280,ndi
1786507886.252689,47.983451,-0.021690,-0.016640,-1.544210,ndi
1786507886.270128,48.000889,-0.021720,-0.016680,-1.544200,ndi
1786507886.285123,48.015884,-0.021720,-0.016690,-1.544160,ndi
1786507886.302857,48.033619,-0.021750,-0.016720,-1.544140,ndi
1786507886.320356,48.051117,-0.021770,-0.016770,-1.544060,ndi
1786507886.335276,48.066037,-0.021770,-0.016800,-1.544020,ndi
1786507886.352715,48.083477,-0.021790,-0.016810,-1.543990,ndi
1786507886.370094,48.100855,-0.021800,-0.016850,-1.543920,ndi
1786507886.385098,48.115860,-0.021800,-0.016900,-1.543900,ndi
1786507886.402812,48.133574,-0.021830,-0.016930,-1.543860,ndi
1786507886.420264,48.151026,-0.021840,-0.016940,-1.543780,ndi
1786507886.435273,48.166034,-0.021840,-0.016980,-1.543760,ndi
1786507886.452670,48.183431,-0.021860,-0.017030,-1.543730,ndi
1786507886.470095,48.200856,-0.021870,-0.017040,-1.543710,ndi
1786507886.485081,48.215842,-0.021870,-0.017060,-1.543640,ndi
1786507886.502660,48.233421,-0.021900,-0.017100,-1.543620,ndi
1786507886.520161,48.250922,-0.021920,-0.017120,-1.543560,ndi
1786507886.535320,48.266081,-0.021910,-0.017150,-1.543520,ndi
1786507886.552733,48.283495,-0.021930,-0.017170,-1.543500,ndi
1786507886.570110,48.300871,-0.021940,-0.017200,-1.543480,ndi
1786507886.585134,48.315895,-0.021940,-0.017240,-1.543400,ndi
1786507886.602682,48.333444,-0.021960,-0.017270,-1.543380,ndi
1786507886.620165,48.350927,-0.021970,-0.017280,-1.543310,ndi
1786507886.635221,48.365982,-0.021980,-0.017320,-1.543290,ndi
1786507886.652701,48.383462,-0.021990,-0.017360,-1.543240,ndi
1786507886.670146,48.400907,-0.021990,-0.017380,-1.543220,ndi
1786507886.685124,48.415886,-0.022020,-0.017400,-1.543190,ndi
1786507886.702849,48.433611,-0.022030,-0.017440,-1.543130,ndi
1786507886.720347,48.451108,-0.022030,-0.017480,-1.543100,ndi
1786507886.735260,48.466022,-0.022050,-0.017500,-1.543040,ndi
1786507886.752793,48.483554,-0.022060,-0.017520,-1.542990,ndi
1786507886.770142,48.500903,-0.022060,-0.017580,-1.542940,ndi
1786507886.785130,48.515891,-0.022070,-0.017620,-1.542860,ndi
1786507886.802655,48.533416,-0.022080,-0.017630,-1.542810,ndi
1786507886.820172,48.550933,-0.022090,-0.017660,-1.542770,ndi
1786507886.835288,48.566050,-0.022100,-0.017720,-1.542730,ndi
1786507886.852743,48.583504,-0.022110,-0.017760,-1.542680,ndi
1786507886.870131,48.600892,-0.022110,-0.017780,-1.542610,ndi
1786507886.885098,48.615860,-0.022140,-0.017810,-1.542570,ndi
1786507886.902764,48.633525,-0.022140,-0.017880,-1.542480,ndi
1786507886.920292,48.651053,-0.022150,-0.017920,-1.542440,ndi
1786507886.935259,48.666020,-0.022180,-0.017930,-1.542390,ndi
1786507886.952760,48.683521,-0.022170,-0.017970,-1.542350,ndi
1786507886.970167,48.700928,-0.022160,-0.018020,-1.542280,ndi
1786507886.985137,48.715898,-0.022190,-0.018060,-1.542230,ndi
1786507887.002778,48.733539,-0.022190,-0.018070,-1.542210,ndi
1786507887.020243,48.751005,-0.022180,-0.018110,-1.542130,ndi
1786507887.035269,48.766030,-0.022210,-0.018150,-1.542120,ndi
1786507887.052718,48.783479,-0.022210,-0.018180,-1.542090,ndi
1786507887.070129,48.800890,-0.022210,-0.018210,-1.542060,ndi
1786507887.085110,48.815871,-0.022230,-0.018240,-1.542000,ndi
1786507887.102771,48.833533,-0.022230,-0.018280,-1.541990,ndi
1786507887.120215,48.850976,-0.022240,-0.018310,-1.541930,ndi
1786507887.135168,48.865929,-0.022250,-0.018330,-1.541900,ndi
1786507887.152741,48.883502,-0.022230,-0.018360,-1.541850,ndi
1786507887.170134,48.900895,-0.022250,-0.018390,-1.541800,ndi
1786507887.185189,48.915951,-0.022240,-0.018420,-1.541770,ndi
1786507887.202794,48.933555,-0.022240,-0.018450,-1.541730,ndi
1786507887.220334,48.951095,-0.022260,-0.018480,-1.541680,ndi
1786507887.235386,48.966147,-0.022260,-0.018500,-1.541620,ndi
1786507887.252751,48.983512,-0.022260,-0.018530,-1.541570,ndi
1786507887.270159,49.000920,-0.022280,-0.018570,-1.541520,ndi
1786507887.285157,49.015918,-0.022280,-0.018600,-1.541480,ndi
1786507887.302754,49.033515,-0.022280,-0.018630,-1.541440,ndi
1786507887.320303,49.051064,-0.022290,-0.018660,-1.541430,ndi
1786507887.335321,49.066082,-0.022280,-0.018690,-1.541390,ndi
1786507887.352783,49.083544,-0.022290,-0.018720,-1.541330,ndi
1786507887.370152,49.100913,-0.022300,-0.018750,-1.541270,ndi
1786507887.385151,49.115912,-0.022290,-0.018780,-1.541230,ndi
1786507887.402742,49.133504,-0.022300,-0.018820,-1.541190,ndi
1786507887.420214,49.150976,-0.022310,-0.018850,-1.541130,ndi
1786507887.435294,49.166056,-0.022300,-0.018880,-1.541080,ndi
1786507887.452730,49.183491,-0.022310,-0.018910,-1.541010,ndi
1786507887.470141,49.200902,-0.022320,-0.018960,-1.540950,ndi
1786507887.485129,49.215890,-0.022300,-0.019010,-1.540880,ndi
1786507887.502633,49.233394,-0.022320,-0.019040,-1.540830,ndi
1786507887.520114,49.250875,-0.022330,-0.019080,-1.540770,ndi
1786507887.535280,49.266041,-0.022300,-0.019120,-1.540730,ndi
1786507887.552756,49.283517,-0.022310,-0.019170,-1.540660,ndi
1786507887.570142,49.300903,-0.022310,-0.019210,-1.540570,ndi
1786507887.585141,49.315902,-0.022300,-0.019230,-1.540560,ndi
1786507887.602667,49.333428,-0.022310,-0.019280,-1.540500,ndi
1786507887.620136,49.350897,-0.022310,-0.019310,-1.540450,ndi
1786507887.635169,49.365930,-0.022310,-0.019330,-1.540420,ndi
1786507887.652731,49.383493,-0.022310,-0.019370,-1.540330,ndi
1786507887.670148,49.400909,-0.022320,-0.019420,-1.540330,ndi
1786507887.685154,49.415915,-0.022310,-0.019430,-1.540270,ndi
1786507887.702772,49.433533,-0.022320,-0.019460,-1.540250,ndi
1786507887.720212,49.450973,-0.022310,-0.019500,-1.540190,ndi
1786507887.735207,49.465968,-0.022310,-0.019540,-1.540160,ndi
1786507887.752744,49.483505,-0.022310,-0.019560,-1.540130,ndi
1786507887.770172,49.500934,-0.022290,-0.019590,-1.540030,ndi
1786507887.785183,49.515944,-0.022300,-0.019640,-1.540020,ndi
1786507887.802640,49.533402,-0.022290,-0.019670,-1.539960,ndi
1786507887.820225,49.550987,-0.022290,-0.019680,-1.539890,ndi
1786507887.835211,49.565972,-0.022290,-0.019720,-1.539870,ndi
1786507887.852689,49.583450,-0.022270,-0.019780,-1.539790,ndi
1786507887.870162,49.600924,-0.022280,-0.019800,-1.539740,ndi
1786507887.885141,49.615902,-0.022280,-0.019820,-1.539700,ndi
1786507887.902658,49.633419,-0.022280,-0.019880,-1.539660,ndi
1786507887.920171,49.650932,-0.022260,-0.019920,-1.539580,ndi
1786507887.935181,49.665942,-0.022270,-0.019940,-1.539550,ndi
1786507887.952797,49.683559,-0.022260,-0.019970,-1.539500,ndi
1786507887.970196,49.700957,-0.022250,-0.020030,-1.539480,ndi
1786507887.985141,49.715902,-0.022250,-0.020060,-1.539400,ndi
1786507888.002664,49.733425,-0.022240,-0.020090,-1.539350,ndi
1786507888.020184,49.750946,-0.022240,-0.020120,-1.539290,ndi
1786507888.035324,49.766085,-0.022240,-0.020170,-1.539260,ndi
1786507888.052774,49.783535,-0.022230,-0.020190,-1.539240,ndi
1786507888.070168,49.800929,-0.022220,-0.020210,-1.539160,ndi
1786507888.085133,49.815894,-0.022210,-0.020270,-1.539120,ndi
1786507888.102616,49.833377,-0.022210,-0.020310,-1.539060,ndi
1786507888.120155,49.850917,-0.022190,-0.020340,-1.538990,ndi
1786507888.135181,49.865942,-0.022190,-0.020370,-1.538940,ndi
1786507888.152771,49.883532,-0.022170,-0.020420,-1.538860,ndi
1786507888.170198,49.900960,-0.022170,-0.020470,-1.538820,ndi
1786507888.185155,49.915916,-0.022150,-0.020500,-1.538770,ndi
1786507888.202737,49.933498,-0.022160,-0.020540,-1.538720,ndi
1786507888.220241,49.951002,-0.022140,-0.020590,-1.538640,ndi
1786507888.235276,49.966038,-0.022130,-0.020620,-1.538610,ndi
1786507888.252744,49.983505,-0.022130,-0.020660,-1.538540,ndi
1786507888.270161,50.000922,-0.022130,-0.020690,-1.538540,ndi
1786507888.285146,50.015908,-0.022110,-0.020720,-1.538480,ndi
1786507888.302672,50.033433,-0.022100,-0.020760,-1.538450,ndi
1786507888.320172,50.050933,-0.022090,-0.020800,-1.538380,ndi
1786507888.335216,50.065977,-0.022070,-0.020830,-1.538340,ndi
1786507888.352664,50.083426,-0.022070,-0.020860,-1.538280,ndi
1786507888.370239,50.101000,-0.022060,-0.020910,-1.538230,ndi
1786507888.385160,50.115921,-0.022040,-0.020930,-1.538170,ndi
1786507888.402726,50.133487,-0.022050,-0.020970,-1.538160,ndi
1786507888.420201,50.150962,-0.022020,-0.021000,-1.538080,ndi
1786507888.435218,50.165980,-0.022020,-0.021020,-1.538030,ndi
1786507888.452748,50.183509,-0.022030,-0.021040,-1.538030,ndi
1786507888.470150,50.200912,-0.022020,-0.021050,-1.538020,ndi
1786507888.485085,50.215847,-0.022030,-0.021060,-1.537990,ndi
1786507888.502668,50.233429,-0.022010,-0.021070,-1.537970,ndi
1786507888.520169,50.250931,-0.022010,-0.021070,-1.537980,ndi
1786507888.535217,50.265978,-0.022010,-0.021070,-1.537990,ndi
1786507888.552698,50.283460,-0.022010,-0.021080,-1.537990,ndi
1786507888.570241,50.301003,-0.022010,-0.021070,-1.537970,ndi
1786507888.585123,50.315884,-0.022010,-0.021070,-1.537990,ndi
1786507888.602731,50.333493,-0.022010,-0.021080,-1.537950,ndi
1786507888.620198,50.350960,-0.022010,-0.021090,-1.537980,ndi
1786507888.635210,50.365971,-0.022020,-0.021080,-1.537960,ndi
1786507888.652674,50.383435,-0.022020,-0.021070,-1.537950,ndi
1786507888.670183,50.400944,-0.022010,-0.021090,-1.537970,ndi
1786507888.685145,50.415907,-0.022020,-0.021090,-1.537990,ndi
1786507888.702735,50.433496,-0.022010,-0.021080,-1.537980,ndi
1786507888.720213,50.450975,-0.022010,-0.021080,-1.537960,ndi
1786507888.735227,50.465988,-0.022010,-0.021090,-1.538000,ndi
1786507888.752764,50.483525,-0.022000,-0.021080,-1.538000,ndi
1786507888.770171,50.500932,-0.022010,-0.021070,-1.537980,ndi
1786507888.785195,50.515956,-0.022010,-0.021080,-1.537970,ndi
1786507888.802876,50.533638,-0.022010,-0.021080,-1.537980,ndi
1786507888.820238,50.551000,-0.022020,-0.021080,-1.537980,ndi
1786507888.835187,50.565948,-0.022020,-0.021080,-1.537990,ndi
1786507888.852676,50.583437,-0.022020,-0.021080,-1.537980,ndi
1786507888.870152,50.600913,-0.022030,-0.021080,-1.537960,ndi
1786507888.885195,50.615956,-0.022020,-0.021080,-1.537980,ndi
1786507888.902714,50.633475,-0.022020,-0.021080,-1.537950,ndi
1786507888.920303,50.651065,-0.022020,-0.021080,-1.537940,ndi
1786507888.935377,50.666139,-0.022010,-0.021070,-1.537970,ndi
1786507888.952798,50.683559,-0.022010,-0.021080,-1.537980,ndi
1786507888.970208,50.700969,-0.022010,-0.021080,-1.537960,ndi
1786507888.985195,50.715956,-0.022020,-0.021090,-1.537970,ndi
1786507889.002679,50.733440,-0.022010,-0.021080,-1.537960,ndi
1786507889.020181,50.750942,-0.022010,-0.021080,-1.537950,ndi
1786507889.035167,50.765929,-0.022020,-0.021090,-1.537950,ndi
1786507889.052778,50.783539,-0.022010,-0.021080,-1.537950,ndi
1786507889.070122,50.800884,-0.022020,-0.021080,-1.537960,ndi
1786507889.085131,50.815892,-0.022020,-0.021090,-1.537950,ndi
1786507889.102651,50.833413,-0.022010,-0.021090,-1.537960,ndi
1786507889.120342,50.851104,-0.022020,-0.021080,-1.537940,ndi
1786507889.135283,50.866044,-0.022010,-0.021080,-1.537960,ndi
1786507889.152759,50.883520,-0.022010,-0.021080,-1.537960,ndi
1786507889.170162,50.900923,-0.022020,-0.021080,-1.537930,ndi
1786507889.185176,50.915938,-0.022010,-0.021080,-1.537970,ndi
1786507889.202820,50.933581,-0.022010,-0.021080,-1.537950,ndi
1786507889.220252,50.951013,-0.022020,-0.021090,-1.537950,ndi
1786507889.235230,50.965991,-0.022020,-0.021090,-1.537970,ndi
1786507889.252782,50.983543,-0.022010,-0.021080,-1.537950,ndi
1786507889.270158,51.000920,-0.022010,-0.021080,-1.537970,ndi
1786507889.285159,51.015920,-0.022010,-0.021080,-1.537940,ndi
1786507889.302698,51.033459,-0.022010,-0.021090,-1.537960,ndi
1786507889.320139,51.050900,-0.022010,-0.021080,-1.537940,ndi
1786507889.335293,51.066054,-0.022000,-0.021080,-1.537940,ndi
1786507889.352764,51.083525,-0.022010,-0.021080,-1.537960,ndi
1786507889.370174,51.100936,-0.022020,-0.021080,-1.537960,ndi
1786507889.385200,51.115961,-0.022010,-0.021080,-1.537960,ndi
1786507889.402718,51.133480,-0.022020,-0.021080,-1.537950,ndi
1786507889.420176,51.150937,-0.022020,-0.021080,-1.537960,ndi
1786507889.435240,51.166001,-0.022010,-0.021080,-1.537960,ndi
1786507889.452742,51.183503,-0.022030,-0.021080,-1.537950,ndi
1786507889.470167,51.200928,-0.022030,-0.021080,-1.537970,ndi
1786507889.485170,51.215931,-0.022020,-0.021080,-1.537920,ndi
1786507889.502669,51.233430,-0.022020,-0.021080,-1.537940,ndi
1786507889.520333,51.251094,-0.022010,-0.021080,-1.537920,ndi
1786507889.535294,51.266055,-0.022020,-0.021070,-1.537940,ndi
1786507889.552809,51.283570,-0.022010,-0.021090,-1.537950,ndi
1786507889.570185,51.300946,-0.022010,-0.021090,-1.537950,ndi
1786507889.585201,51.315962,-0.022030,-0.021070,-1.537950,ndi
1786507889.602831,51.333592,-0.022010,-0.021080,-1.537950,ndi
1786507889.620397,51.351158,-0.022020,-0.021090,-1.537940,ndi
1786507889.635403,51.366164,-0.022030,-0.021080,-1.537940,ndi
1786507889.652781,51.383543,-0.022020,-0.021070,-1.537940,ndi
1786507889.670161,51.400922,-0.022020,-0.021090,-1.537960,ndi
1786507889.685374,51.416135,-0.022020,-0.021090,-1.537950,ndi
1786507889.702829,51.433591,-0.022010,-0.021070,-1.537940,ndi
1786507889.720265,51.451027,-0.022020,-0.021080,-1.537950,ndi
1786507889.735254,51.466016,-0.022020,-0.021100,-1.537970,ndi
1786507889.752673,51.483434,-0.022020,-0.021090,-1.537940,ndi
1786507889.770173,51.500934,-0.022020,-0.021060,-1.537950,ndi
1786507889.785158,51.515919,-0.022010,-0.021080,-1.537950,ndi
1786507889.802853,51.533614,-0.022010,-0.021100,-1.537950,ndi
1786507889.820250,51.551011,-0.022020,-0.021080,-1.537960,ndi
1786507889.835392,51.566153,-0.022030,-0.021060,-1.537970,ndi
1786507889.852825,51.583586,-0.022010,-0.021090,-1.537960,ndi
1786507889.870170,51.600931,-0.022020,-0.021100,-1.537950,ndi
1786507889.885212,51.615973,-0.022010,-0.021080,-1.537960,ndi
1786507889.902841,51.633602,-0.022010,-0.021070,-1.537940,ndi
1786507889.920336,51.651098,-0.022020,-0.021090,-1.537970,ndi
1786507889.935277,51.666038,-0.022010,-0.021100,-1.537950,ndi
1786507889.952703,51.683465,-0.022010,-0.021080,-1.537950,ndi
1786507889.970218,51.700979,-0.022020,-0.021070,-1.537950,ndi
1786507889.985166,51.715927,-0.022010,-0.021100,-1.537940,ndi
1786507890.002839,51.733601,-0.022030,-0.021100,-1.537950,ndi
1786507890.020333,51.751095,-0.022020,-0.021080,-1.537960,ndi
1786507890.035334,51.766096,-0.022030,-0.021080,-1.537950,ndi
1786507890.052808,51.783569,-0.022030,-0.021090,-1.537950,ndi
1786507890.070201,51.800962,-0.022020,-0.021100,-1.537950,ndi
1786507890.085199,51.815961,-0.022020,-0.021090,-1.537970,ndi
1786507890.102708,51.833470,-0.022010,-0.021080,-1.537950,ndi
1786507890.120193,51.850954,-0.022010,-0.021090,-1.537960,ndi
1786507890.135198,51.865959,-0.022020,-0.021100,-1.537980,ndi
1786507890.152786,51.883547,-0.022010,-0.021090,-1.537980,ndi
1786507890.170219,51.900980,-0.022020,-0.021090,-1.537960,ndi
1786507890.185206,51.915967,-0.022010,-0.021090,-1.537960,ndi
1786507890.202883,51.933645,-0.022030,-0.021090,-1.537970,ndi
1786507890.220279,51.951041,-0.022030,-0.021090,-1.537980,ndi
1786507890.235279,51.966041,-0.022020,-0.021090,-1.537970,ndi
1786507890.252737,51.983498,-0.022040,-0.021090,-1.538000,ndi
1786507890.270185,52.000947,-0.022020,-0.021090,-1.537980,ndi
1786507890.285244,52.016005,-0.022020,-0.021090,-1.537950,ndi
1786507890.302887,52.033649,-0.022020,-0.021090,-1.537960,ndi
1786507890.320353,52.051114,-0.022020,-0.021090,-1.537960,ndi
1786507890.335371,52.066132,-0.022020,-0.021090,-1.537940,ndi
1786507890.352846,52.083607,-0.022030,-0.021080,-1.537930,ndi
1786507890.370188,52.100949,-0.022020,-0.021090,-1.537940,ndi
1786507890.385167,52.115929,-0.022010,-0.021100,-1.537920,ndi
1786507890.402833,52.133594,-0.022030,-0.021080,-1.537940,ndi
1786507890.420284,52.151045,-0.022030,-0.021070,-1.537940,ndi
1786507890.435284,52.166046,-0.022030,-0.021090,-1.537940,ndi
1786507890.452809,52.183570,-0.022030,-0.021100,-1.537940,ndi
1786507890.470225,52.200987,-0.022010,-0.021080,-1.537920,ndi
1786507890.485317,52.216079,-0.022020,-0.021080,-1.537940,ndi
1786507890.502903,52.233665,-0.022020,-0.021090,-1.537960,ndi
1786507890.520395,52.251156,-0.022010,-0.021100,-1.537980,ndi
1786507890.535324,52.266085,-0.022020,-0.021080,-1.537970,ndi
