stamp,elapsed,x,y,z,frame_id
1786508529.769011,0.000000,-0.006860,-0.044200,-1.558350,ndi
1786508529.786483,0.017472,-0.006870,-0.044210,-1.558330,ndi
1786508529.804007,0.034996,-0.006870,-0.044200,-1.558310,ndi
1786508529.819050,0.050039,-0.006860,-0.044210,-1.558300,ndi
1786508529.836507,0.067496,-0.006860,-0.044210,-1.558320,ndi
1786508529.851647,0.082635,-0.006870,-0.044210,-1.558330,ndi
1786508529.868996,0.099985,-0.006870,-0.044210,-1.558310,ndi
1786508529.886473,0.117462,-0.006860,-0.044200,-1.558320,ndi
1786508529.901611,0.132599,-0.006870,-0.044210,-1.558310,ndi
1786508529.919011,0.150000,-0.006880,-0.044210,-1.558350,ndi
1786508529.936473,0.167462,-0.006880,-0.044200,-1.558330,ndi
1786508529.951492,0.182481,-0.006870,-0.044210,-1.558330,ndi
1786508529.968994,0.199983,-0.006860,-0.044210,-1.558340,ndi
1786508529.986484,0.217473,-0.006860,-0.044210,-1.558320,ndi
1786508530.003985,0.234974,-0.006850,-0.044210,-1.558350,ndi
1786508530.019010,0.249999,-0.006860,-0.044210,-1.558340,ndi
1786508530.036521,0.267510,-0.006860,-0.044210,-1.558330,ndi
1786508530.051661,0.282649,-0.006870,-0.044210,-1.558310,ndi
1786508530.069051,0.300039,-0.006870,-0.044210,-1.558350,ndi
1786508530.086528,0.317517,-0.006860,-0.044210,-1.558330,ndi
1786508530.101613,0.332602,-0.006870,-0.044210,-1.558340,ndi
1786508530.119050,0.350039,-0.006870,-0.044200,-1.558310,ndi
1786508530.136503,0.367491,-0.006870,-0.044210,-1.558340,ndi
1786508530.151517,0.382505,-0.006880,-0.044210,-1.558320,ndi
1786508530.169006,0.399995,-0.006870,-0.044210,-1.558310,ndi
1786508530.186492,0.417481,-0.006860,-0.044210,-1.558320,ndi
1786508530.201497,0.432486,-0.006870,-0.044210,-1.558300,ndi
1786508530.219002,0.449990,-0.006860,-0.044210,-1.558310,ndi
1786508530.236487,0.467476,-0.006860,-0.044210,-1.558310,ndi
1786508530.251501,0.482489,-0.006880,-0.044210,-1.558310,ndi
1786508530.269007,0.499996,-0.006860,-0.044210,-1.558310,ndi
1786508530.286484,0.517473,-0.006870,-0.044210,-1.558310,ndi
1786508530.301629,0.532617,-0.006870,-0.044210,-1.558340,ndi
1786508530.319033,0.550022,-0.006860,-0.044210,-1.558340,ndi
1786508530.336500,0.567489,-0.006880,-0.044210,-1.558310,ndi
1786508530.351555,0.582544,-0.006880,-0.044210,-1.558340,ndi
1786508530.369025,0.600013,-0.006870,-0.044200,-1.558310,ndi
1786508530.386505,0.617493,-0.006860,-0.044220,-1.558320,ndi
1786508530.401507,0.632496,-0.006860,-0.044220,-1.558330,ndi
1786508530.419034,0.650023,-0.006860,-0.044200,-1.558320,ndi
1786508530.436491,0.667480,-0.006860,-0.044210,-1.558320,ndi
1786508530.454029,0.685017,-0.006870,-0.044220,-1.558300,ndi
1786508530.469029,0.700018,-0.006860,-0.044210,-1.558350,ndi
1786508530.486488,0.717477,-0.006870,-0.044200,-1.558340,ndi
1786508530.503964,0.734953,-0.006870,-0.044210,-1.558320,ndi
1786508530.519013,0.750001,-0.006870,-0.044220,-1.558330,ndi
1786508530.536476,0.767465,-0.006880,-0.044210,-1.558340,ndi
1786508530.551497,0.782486,-0.006850,-0.044200,-1.558350,ndi
1786508530.569004,0.799993,-0.006880,-0.044210,-1.558320,ndi
1786508530.586502,0.817491,-0.006860,-0.044220,-1.558340,ndi
1786508530.601513,0.832502,-0.006860,-0.044210,-1.558310,ndi
1786508530.619066,0.850055,-0.006870,-0.044200,-1.558320,ndi
1786508530.636492,0.867481,-0.006860,-0.044220,-1.558330,ndi
1786508530.651578,0.882567,-0.006870,-0.044210,-1.558310,ndi
1786508530.669010,0.899999,-0.006860,-0.044200,-1.558310,ndi
1786508530.686492,0.917480,-0.006870,-0.044200,-1.558350,ndi
1786508530.701517,0.932506,-0.006880,-0.044220,-1.558340,ndi
1786508530.719002,0.949991,-0.006870,-0.044220,-1.558330,ndi
1786508530.736461,0.967450,-0.006870,-0.044210,-1.558320,ndi
1786508530.751608,0.982596,-0.006870,-0.044200,-1.558360,ndi
1786508530.769005,0.999993,-0.006870,-0.044210,-1.558340,ndi
1786508530.786496,1.017485,-0.006860,-0.044210,-1.558330,ndi
1786508530.801488,1.032476,-0.006870,-0.044210,-1.558330,ndi
1786508530.818999,1.049987,-0.006870,-0.044200,-1.558320,ndi
1786508530.836481,1.067470,-0.006860,-0.044210,-1.558340,ndi
1786508530.851509,1.082498,-0.006880,-0.044210,-1.558320,ndi
1786508530.869040,1.100028,-0.006880,-0.044210,-1.558350,ndi
1786508530.886522,1.117511,-0.006850,-0.044210,-1.558370,ndi
1786508530.901512,1.132501,-0.006870,-0.044210,-1.558300,ndi
1786508530.919036,1.150025,-0.006890,-0.044210,-1.558330,ndi
1786508530.936478,1.167467,-0.006850,-0.044210,-1.558310,ndi
1786508530.951497,1.182486,-0.006890,-0.044200,-1.558330,ndi
1786508530.969022,1.200011,-0.006860,-0.044210,-1.558340,ndi
1786508530.986507,1.217496,-0.006860,-0.044210,-1.558330,ndi
1786508531.001532,1.232520,-0.006870,-0.044210,-1.558340,ndi
1786508531.019031,1.250020,-0.006860,-0.044200,-1.558300,ndi
1786508531.036480,1.267469,-0.006870,-0.044220,-1.558330,ndi
1786508531.051523,1.282512,-0.006870,-0.044220,-1.558320,ndi
1786508531.069026,1.300015,-0.006860,-0.044200,-1.558320,ndi
1786508531.086504,1.317493,-0.006880,-0.044200,-1.558340,ndi
1786508531.101633,1.332622,-0.006890,-0.044220,-1.558290,ndi
1786508531.119013,1.350001,-0.006870,-0.044220,-1.558310,ndi
1786508531.136505,1.367493,-0.006850,-0.044200,-1.558330,ndi
1786508531.151517,1.382505,-0.006880,-0.044200,-1.558330,ndi
1786508531.169028,1.400017,-0.006860,-0.044210,-1.558310,ndi
1786508531.186512,1.417501,-0.006860,-0.044210,-1.558310,ndi
1786508531.201509,1.432498,-0.006880,-0.044200,-1.558300,ndi
1786508531.219024,1.450013,-0.006870,-0.044210,-1.558330,ndi
1786508531.236511,1.467500,-0.006870,-0.044220,-1.558300,ndi
1786508531.251518,1.482507,-0.006870,-0.044210,-1.558320,ndi
1786508531.269026,1.500015,-0.006870,-0.044210,-1.558320,ndi
1786508531.286514,1.517502,-0.006890,-0.044220,-1.558330,ndi
1786508531.301514,1.532503,-0.006870,-0.044220,-1.558320,ndi
1786508531.319010,1.549999,-0.006890,-0.044210,-1.558340,ndi
1786508531.336528,1.567516,-0.006900,-0.044210,-1.558320,ndi
1786508531.351564,1.582552,-0.006900,-0.044220,-1.558340,ndi
1786508531.369041,1.600030,-0.006960,-0.044210,-1.558330,ndi
1786508531.386504,1.617492,-0.006900,-0.044200,-1.558340,ndi
1786508531.401554,1.632543,-0.006860,-0.044210,-1.558320,ndi
1786508531.419029,1.650018,-0.006910,-0.044230,-1.558310,ndi
1786508531.436498,1.667487,-0.006820,-0.044210,-1.558330,ndi
1786508531.451539,1.682528,-0.006910,-0.044190,-1.558300,ndi
1786508531.469042,1.700031,-0.006920,-0.044210,-1.558330,ndi
1786508531.486496,1.717485,-0.006880,-0.044230,-1.558340,ndi
1786508531.501517,1.732506,-0.006850,-0.044210,-1.558310,ndi
1786508531.519017,1.750005,-0.006840,-0.044200,-1.558310,ndi
1786508531.536519,1.767507,-0.006920,-0.044230,-1.558290,ndi
1786508531.551509,1.782498,-0.006860,-0.044220,-1.558310,ndi
1786508531.569035,1.800023,-0.006840,-0.044190,-1.558320,ndi
1786508531.586520,1.817509,-0.006890,-0.044200,-1.558330,ndi
1786508531.601512,1.832501,-0.006860,-0.044220,-1.558290,ndi
1786508531.619013,1.850002,-0.006890,-0.044220,-1.558310,ndi
1786508531.636515,1.867504,-0.006840,-0.044210,-1.558320,ndi
1786508531.651526,1.882515,-0.006850,-0.044210,-1.558310,ndi
1786508531.669059,1.900048,-0.006900,-0.044220,-1.558330,ndi
1786508531.686497,1.917486,-0.006860,-0.044200,-1.558340,ndi
1786508531.701595,1.932583,-0.006890,-0.044190,-1.558330,ndi
1786508531.719029,1.950018,-0.006860,-0.044220,-1.558310,ndi
1786508531.736495,1.967484,-0.006860,-0.044230,-1.558310,ndi
1786508531.751514,1.982503,-0.006880,-0.044200,-1.558320,ndi
1786508531.769029,2.000018,-0.006860,-0.044200,-1.558330,ndi
1786508531.786519,2.017508,-0.006880,-0.044220,-1.558330,ndi
1786508531.801585,2.032574,-0.006850,-0.044220,-1.558320,ndi
1786508531.819020,2.050009,-0.006860,-0.044210,-1.558330,ndi
1786508531.836493,2.067482,-0.006880,-0.044210,-1.558320,ndi
1786508531.851540,2.082529,-0.006870,-0.044230,-1.558330,ndi
1786508531.869090,2.100078,-0.006860,-0.044210,-1.558330,ndi
1786508531.886502,2.117491,-0.006860,-0.044200,-1.558340,ndi
1786508531.901521,2.132510,-0.006880,-0.044210,-1.558330,ndi
1786508531.919023,2.150011,-0.006870,-0.044220,-1.558310,ndi
1786508531.936549,2.167538,-0.006860,-0.044220,-1.558330,ndi
1786508531.951547,2.182535,-0.006870,-0.044210,-1.558340,ndi
1786508531.969047,2.200035,-0.006860,-0.044210,-1.558300,ndi
1786508531.986524,2.217513,-0.006870,-0.044220,-1.558330,ndi
1786508532.001589,2.232578,-0.006870,-0.044210,-1.558340,ndi
1786508532.019031,2.250020,-0.006860,-0.044200,-1.558320,ndi
1786508532.036520,2.267509,-0.006870,-0.044210,-1.558300,ndi
1786508532.054010,2.284999,-0.006870,-0.044220,-1.558330,ndi
1786508532.069140,2.300128,-0.006870,-0.044210,-1.558330,ndi
1786508532.086560,2.317549,-0.006890,-0.044190,-1.558320,ndi
1786508532.101568,2.332557,-0.006860,-0.044210,-1.558330,ndi
1786508532.119080,2.350069,-0.006870,-0.044220,-1.558330,ndi
1786508532.136561,2.367550,-0.006860,-0.044200,-1.558300,ndi
1786508532.151531,2.382520,-0.006870,-0.044190,-1.558340,ndi
1786508532.169031,2.400019,-0.006870,-0.044220,-1.558300,ndi
1786508532.186541,2.417530,-0.006850,-0.044220,-1.558320,ndi
1786508532.201730,2.432719,-0.006860,-0.044190,-1.558330,ndi
1786508532.219046,2.450035,-0.006870,-0.044200,-1.558330,ndi
1786508532.236517,2.467506,-0.006870,-0.044220,-1.558320,ndi
1786508532.251541,2.482530,-0.006880,-0.044210,-1.558320,ndi
1786508532.269117,2.500106,-0.006860,-0.044190,-1.558310,ndi
1786508532.286526,2.517515,-0.006880,-0.044210,-1.558320,ndi
1786508532.301546,2.532535,-0.006880,-0.044220,-1.558320,ndi
1786508532.319067,2.550056,-0.006870,-0.044200,-1.558320,ndi
1786508532.336553,2.567542,-0.006860,-0.044190,-1.558310,ndi
1786508532.351555,2.582544,-0.006850,-0.044210,-1.558300,ndi
1786508532.369094,2.600083,-0.006870,-0.044220,-1.558340,ndi
1786508532.386565,2.617554,-0.006870,-0.044190,-1.558330,ndi
1786508532.404064,2.635053,-0.006860,-0.044190,-1.558320,ndi
1786508532.419060,2.650048,-0.006860,-0.044210,-1.558340,ndi
1786508532.436537,2.667526,-0.006850,-0.044200,-1.558330,ndi
1786508532.451554,2.682542,-0.006880,-0.044190,-1.558330,ndi
1786508532.469185,2.700174,-0.006870,-0.044190,-1.558330,ndi
1786508532.486612,2.717601,-0.006860,-0.044210,-1.558360,ndi
1786508532.504030,2.735018,-0.006850,-0.044200,-1.558360,ndi
1786508532.519042,2.750031,-0.006880,-0.044180,-1.558330,ndi
1786508532.536554,2.767542,-0.006870,-0.044200,-1.558330,ndi
1786508532.554080,2.785069,-0.006860,-0.044220,-1.558370,ndi
1786508532.569056,2.800045,-0.006860,-0.044190,-1.558340,ndi
1786508532.586540,2.817529,-0.006850,-0.044180,-1.558340,ndi
1786508532.601542,2.832530,-0.006870,-0.044210,-1.558350,ndi
1786508532.619046,2.850035,-0.006870,-0.044210,-1.558340,ndi
1786508532.636549,2.867537,-0.006860,-0.044190,-1.558340,ndi
1786508532.651555,2.882544,-0.006880,-0.044200,-1.558340,ndi
1786508532.669061,2.900050,-0.006870,-0.044220,-1.558340,ndi
1786508532.686540,2.917529,-0.006890,-0.044210,-1.558350,ndi
1786508532.701626,2.932615,-0.006870,-0.044180,-1.558340,ndi
1786508532.719073,2.950061,-0.006870,-0.044200,-1.558330,ndi
1786508532.736536,2.967525,-0.006870,-0.044220,-1.558320,ndi
1786508532.751541,2.982530,-0.006860,-0.044220,-1.558330,ndi
1786508532.769037,3.000026,-0.006870,-0.044200,-1.558320,ndi
1786508532.786542,3.017531,-0.006860,-0.044210,-1.558330,ndi
1786508532.801517,3.032505,-0.006880,-0.044210,-1.558330,ndi
1786508532.819026,3.050015,-0.006860,-0.044210,-1.558320,ndi
1786508532.836525,3.067513,-0.006880,-0.044200,-1.558320,ndi
1786508532.851547,3.082536,-0.006880,-0.044210,-1.558330,ndi
1786508532.869028,3.100017,-0.006870,-0.044220,-1.558330,ndi
1786508532.886550,3.117539,-0.006890,-0.044200,-1.558320,ndi
1786508532.901529,3.132518,-0.006860,-0.044200,-1.558330,ndi
1786508532.919060,3.150049,-0.006850,-0.044200,-1.558330,ndi
1786508532.936556,3.167545,-0.006880,-0.044210,-1.558330,ndi
1786508532.951543,3.182532,-0.006840,-0.044210,-1.558330,ndi
1786508532.969036,3.200025,-0.006860,-0.044200,-1.558330,ndi
1786508532.986540,3.217528,-0.006870,-0.044210,-1.558340,ndi
1786508533.001589,3.232578,-0.006860,-0.044210,-1.558330,ndi
1786508533.019056,3.250044,-0.006880,-0.044210,-1.558320,ndi
1786508533.036557,3.267546,-0.006860,-0.044210,-1.558330,ndi
1786508533.054078,3.285067,-0.006880,-0.044220,-1.558330,ndi
1786508533.069062,3.300051,-0.006880,-0.044220,-1.558320,ndi
1786508533.086566,3.317555,-0.006870,-0.044220,-1.558340,ndi
1786508533.101587,3.332576,-0.006870,-0.044210,-1.558320,ndi
1786508533.119068,3.350057,-0.006870,-0.044230,-1.558310,ndi
1786508533.136557,3.367545,-0.006880,-0.044220,-1.558290,ndi
1786508533.151543,3.382532,-0.006880,-0.044210,-1.558330,ndi
1786508533.169064,3.400053,-0.006870,-0.044220,-1.558310,ndi
1786508533.186546,3.417534,-0.006870,-0.044230,-1.558320,ndi
1786508533.201540,3.432529,-0.006870,-0.044220,-1.558310,ndi
1786508533.219054,3.450043,-0.006890,-0.044210,-1.558320,ndi
1786508533.236537,3.467525,-0.006880,-0.044220,-1.558300,ndi
1786508533.251576,3.482565,-0.006870,-0.044230,-1.558310,ndi
1786508533.269071,3.500060,-0.006880,-0.044220,-1.558330,ndi
1786508533.286564,3.517553,-0.006880,-0.044210,-1.558290,ndi
1786508533.304033,3.535021,-0.006880,-0.044230,-1.558320,ndi
1786508533.319054,3.550043,-0.006860,-0.044230,-1.558330,ndi
1786508533.336549,3.567537,-0.006860,-0.044210,-1.558310,ndi
1786508533.351559,3.582548,-0.006870,-0.044210,-1.558300,ndi
1786508533.369070,3.600059,-0.006880,-0.044230,-1.558310,ndi
1786508533.386548,3.617537,-0.006890,-0.044220,-1.558320,ndi
1786508533.401556,3.632545,-0.006870,-0.044210,-1.558310,ndi
1786508533.419049,3.650037,-0.006880,-0.044230,-1.558320,ndi
1786508533.436561,3.667549,-0.006880,-0.044240,-1.558330,ndi
1786508533.451548,3.682537,-0.006880,-0.044220,-1.558320,ndi
1786508533.469055,3.700044,-0.006880,-0.044210,-1.558310,ndi
1786508533.486561,3.717550,-0.006870,-0.044240,-1.558320,ndi
1786508533.501568,3.732557,-0.006870,-0.044240,-1.558290,ndi
1786508533.519073,3.750062,-0.006870,-0.044210,-1.558300,ndi
1786508533.536566,3.767554,-0.006880,-0.044210,-1.558300,ndi
1786508533.551571,3.782560,-0.006880,-0.044230,-1.558310,ndi
1786508533.569030,3.800019,-0.006880,-0.044230,-1.558290,ndi
1786508533.586536,3.817525,-0.006880,-0.044210,-1.558320,ndi
1786508533.601557,3.832546,-0.006870,-0.044220,-1.558300,ndi
1786508533.619069,3.850058,-0.006890,-0.044240,-1.558300,ndi
1786508533.636543,3.867532,-0.006880,-0.044230,-1.558330,ndi
1786508533.651550,3.882538,-0.006890,-0.044210,-1.558320,ndi
1786508533.669043,3.900032,-0.006870,-0.044230,-1.558330,ndi
1786508533.686566,3.917555,-0.006880,-0.044240,-1.558300,ndi
1786508533.701569,3.932558,-0.006880,-0.044220,-1.558310,ndi
1786508533.719074,3.950063,-0.006860,-0.044220,-1.558330,ndi
1786508533.736559,3.967548,-0.006880,-0.044230,-1.558310,ndi
1786508533.751535,3.982524,-0.006880,-0.044230,-1.558290,ndi
1786508533.769039,4.000028,-0.006880,-0.044220,-1.558300,ndi
1786508533.786582,4.017571,-0.006890,-0.044220,-1.558300,ndi
1786508533.801563,4.032551,-0.006870,-0.044240,-1.558310,ndi
1786508533.819066,4.050055,-0.006890,-0.044220,-1.558280,ndi
1786508533.836548,4.067537,-0.006890,-0.044210,-1.558300,ndi
1786508533.851584,4.082572,-0.006890,-0.044230,-1.558310,ndi
1786508533.869036,4.100024,-0.006880,-0.044240,-1.558300,ndi
1786508533.886596,4.117585,-0.006880,-0.044230,-1.558280,ndi
1786508533.901578,4.132567,-0.006880,-0.044220,-1.558290,ndi
1786508533.919070,4.150059,-0.006870,-0.044230,-1.558280,ndi
1786508533.936548,4.167537,-0.006890,-0.044230,-1.558300,ndi
1786508533.951526,4.182515,-0.006870,-0.044220,-1.558310,ndi
1786508533.969066,4.200055,-0.006880,-0.044220,-1.558310,ndi
1786508533.986531,4.217520,-0.006900,-0.044230,-1.558320,ndi
1786508534.001582,4.232571,-0.006870,-0.044230,-1.558300,ndi
1786508534.019100,4.250089,-0.006890,-0.044230,-1.558300,ndi
1786508534.036543,4.267532,-0.006880,-0.044210,-1.558320,ndi
1786508534.051588,4.282576,-0.006890,-0.044210,-1.558400,ndi
1786508534.069026,4.300014,-0.006940,-0.044190,-1.558430,ndi
1786508534.086599,4.317588,-0.006950,-0.044180,-1.558400,ndi
1786508534.101563,4.332552,-0.006980,-0.044170,-1.558440,ndi
1786508534.119093,4.350081,-0.006980,-0.044160,-1.558450,ndi
1786508534.136572,4.367561,-0.006960,-0.044160,-1.558460,ndi
1786508534.151552,4.382541,-0.006990,-0.044160,-1.558460,ndi
1786508534.169049,4.400038,-0.007010,-0.044140,-1.558480,ndi
1786508534.186552,4.417540,-0.007020,-0.044140,-1.558430,ndi
1786508534.201590,4.432579,-0.007000,-0.044160,-1.558450,ndi
1786508534.219065,4.450054,-0.006990,-0.044170,-1.558410,ndi
1786508534.236550,4.467539,-0.007000,-0.044160,-1.558400,ndi
1786508534.251566,4.482555,-0.007010,-0.044170,-1.558380,ndi
1786508534.269038,4.500026,-0.007010,-0.044190,-1.558340,ndi
1786508534.286610,4.517599,-0.006980,-0.044190,-1.558350,ndi
1786508534.301577,4.532566,-0.006980,-0.044180,-1.558330,ndi
1786508534.319095,4.550084,-0.006990,-0.044190,-1.558320,ndi
1786508534.336547,4.567536,-0.007000,-0.044200,-1.558320,ndi
1786508534.351574,4.582562,-0.006990,-0.044210,-1.558310,ndi
1786508534.369067,4.600056,-0.006980,-0.044200,-1.558280,ndi
1786508534.386573,4.617562,-0.006980,-0.044210,-1.558280,ndi
1786508534.401585,4.632574,-0.007000,-0.044230,-1.558220,ndi
1786508534.419086,4.650074,-0.006990,-0.044230,-1.558180,ndi
1786508534.436552,4.667540,-0.006980,-0.044230,-1.558150,ndi
1786508534.454061,4.685050,-0.006970,-0.044250,-1.558140,ndi
1786508534.469110,4.700099,-0.006980,-0.044250,-1.558110,ndi
1786508534.486703,4.717692,-0.006980,-0.044250,-1.558120,ndi
1786508534.501575,4.732563,-0.006970,-0.044250,-1.558060,ndi
1786508534.519066,4.750055,-0.006960,-0.044260,-1.558040,ndi
1786508534.536555,4.767543,-0.006970,-0.044270,-1.558040,ndi
1786508534.551586,4.782575,-0.006980,-0.044270,-1.558040,ndi
1786508534.569084,4.800073,-0.006980,-0.044260,-1.558030,ndi
1786508534.586713,4.817702,-0.006990,-0.044270,-1.557980,ndi
1786508534.601626,4.832615,-0.006980,-0.044280,-1.557980,ndi
1786508534.619115,4.850104,-0.006980,-0.044290,-1.557930,ndi
1786508534.636569,4.867557,-0.006990,-0.044280,-1.557900,ndi
1786508534.651558,4.882547,-0.006990,-0.044280,-1.557900,ndi
1786508534.669087,4.900076,-0.006960,-0.044300,-1.557870,ndi
1786508534.686569,4.917557,-0.006970,-0.044310,-1.557840,ndi
1786508534.701602,4.932591,-0.006970,-0.044300,-1.557800,ndi
1786508534.719111,4.950100,-0.006970,-0.044310,-1.557820,ndi
1786508534.736590,4.967579,-0.006970,-0.044320,-1.557790,ndi
1786508534.751582,4.982571,-0.006970,-0.044310,-1.557770,ndi
1786508534.769096,5.000085,-0.006970,-0.044250,-1.557760,ndi
1786508534.786585,5.017573,-0.006990,-0.044210,-1.557740,ndi
1786508534.801617,5.032606,-0.007010,-0.044190,-1.557720,ndi
1786508534.819085,5.050073,-0.007000,-0.044140,-1.557640,ndi
1786508534.836569,5.067558,-0.007020,-0.044100,-1.557650,ndi
1786508534.851594,5.082582,-0.007020,-0.044070,-1.557610,ndi
1786508534.869099,5.100087,-0.007020,-0.044050,-1.557550,ndi
1786508534.886600,5.117589,-0.007040,-0.044000,-1.557540,ndi
1786508534.901592,5.132581,-0.007030,-0.043950,-1.557520,ndi
1786508534.919114,5.150103,-0.007040,-0.043930,-1.557480,ndi
1786508534.936585,5.167574,-0.007050,-0.043900,-1.557460,ndi
1786508534.951592,5.182581,-0.007060,-0.043840,-1.557440,ndi
1786508534.969101,5.200089,-0.007070,-0.043790,-1.557400,ndi
1786508534.986585,5.217573,-0.007070,-0.043780,-1.557400,ndi
1786508535.001622,5.232611,-0.007090,-0.043750,-1.557370,ndi
1786508535.019082,5.250071,-0.007090,-0.043690,-1.557310,ndi
1786508535.036563,5.267552,-0.007090,-0.043660,-1.557280,ndi
1786508535.051606,5.282595,-0.007100,-0.043680,-1.557300,ndi
1786508535.069098,5.300086,-0.007090,-0.043660,-1.557270,ndi
1786508535.086577,5.317566,-0.007120,-0.043580,-1.557210,ndi
1786508535.101609,5.332598,-0.007120,-0.043550,-1.557160,ndi
1786508535.119078,5.350066,-0.007140,-0.043530,-1.557140,ndi
1786508535.136572,5.367561,-0.007150,-0.043480,-1.557110,ndi
1786508535.151579,5.382568,-0.007150,-0.043430,-1.557080,ndi
1786508535.169086,5.400074,-0.007170,-0.043410,-1.557030,ndi
1786508535.186634,5.417623,-0.007170,-0.043370,-1.557000,ndi
1786508535.201627,5.432616,-0.007200,-0.043320,-1.556960,ndi
1786508535.219092,5.450081,-0.007190,-0.043260,-1.556930,ndi
1786508535.236582,5.467571,-0.007190,-0.043230,-1.556870,ndi
1786508535.251597,5.482586,-0.007220,-0.043210,-1.556830,ndi
1786508535.269071,5.500060,-0.007220,-0.043170,-1.556840,ndi
1786508535.286596,5.517584,-0.007230,-0.043130,-1.556840,ndi
1786508535.301581,5.532570,-0.007230,-0.043100,-1.556810,ndi
1786508535.319119,5.550108,-0.007240,-0.043080,-1.556750,ndi
1786508535.336596,5.567585,-0.007250,-0.043030,-1.556720,ndi
1786508535.351590,5.582579,-0.007260,-0.042970,-1.556690,ndi
1786508535.369100,5.600089,-0.007270,-0.042940,-1.556650,ndi
1786508535.386620,5.617609,-0.007270,-0.042910,-1.556620,ndi
1786508535.401610,5.632598,-0.007290,-0.042860,-1.556580,ndi
1786508535.419106,5.650095,-0.007310,-0.042830,-1.556560,ndi
1786508535.436550,5.667539,-0.007300,-0.042800,-1.556520,ndi
1786508535.451615,5.682603,-0.007300,-0.042780,-1.556490,ndi
1786508535.469133,5.700121,-0.007290,-0.042740,-1.556460,ndi
1786508535.486600,5.717589,-0.007310,-0.042690,-1.556440,ndi
1786508535.501607,5.732595,-0.007330,-0.042670,-1.556440,ndi
1786508535.519113,5.750101,-0.007330,-0.042650,-1.556440,ndi
1786508535.536588,5.767577,-0.007330,-0.042600,-1.556400,ndi
1786508535.551605,5.782593,-0.007340,-0.042570,-1.556350,ndi
1786508535.569115,5.800103,-0.007350,-0.042550,-1.556350,ndi
1786508535.586606,5.817595,-0.007360,-0.042520,-1.556300,ndi
1786508535.601620,5.832609,-0.007370,-0.042480,-1.556290,ndi
1786508535.619091,5.850080,-0.007360,-0.042430,-1.556270,ndi
1786508535.636633,5.867621,-0.007390,-0.042410,-1.556210,ndi
1786508535.651616,5.882605,-0.007390,-0.042380,-1.556200,ndi
1786508535.669084,5.900073,-0.007390,-0.042340,-1.556200,ndi
1786508535.686597,5.917586,-0.007390,-0.042320,-1.556210,ndi
1786508535.701596,5.932584,-0.007390,-0.042320,-1.556180,ndi
1786508535.719115,5.950103,-0.007400,-0.042290,-1.556210,ndi
1786508535.736588,5.967576,-0.007410,-0.042240,-1.556150,ndi
1786508535.751604,5.982593,-0.007420,-0.042220,-1.556160,ndi
1786508535.769141,6.000130,-0.007420,-0.042190,-1.556120,ndi
1786508535.786714,6.017702,-0.007440,-0.042140,-1.556090,ndi
1786508535.801621,6.032609,-0.007450,-0.042100,-1.556070,ndi
1786508535.819125,6.050114,-0.007440,-0.042060,-1.556010,ndi
1786508535.836620,6.067609,-0.007450,-0.042020,-1.555950,ndi
1786508535.851623,6.082612,-0.007460,-0.041980,-1.555950,ndi
1786508535.869116,6.100105,-0.007460,-0.041930,-1.555860,ndi
1786508535.886623,6.117611,-0.007480,-0.041890,-1.555840,ndi
1786508535.901596,6.132585,-0.007490,-0.041860,-1.555780,ndi
1786508535.919106,6.150095,-0.007490,-0.041810,-1.555740,ndi
1786508535.936598,6.167587,-0.007500,-0.041770,-1.555740,ndi
1786508535.951605,6.182594,-0.007530,-0.041730,-1.555670,ndi
1786508535.969125,6.200114,-0.007530,-0.041690,-1.555660,ndi
1786508535.986582,6.217571,-0.007530,-0.041650,-1.555590,ndi
1786508536.004109,6.235098,-0.007550,-0.041620,-1.555580,ndi
1786508536.019121,6.250110,-0.007550,-0.041580,-1.555580,ndi
1786508536.036610,6.267599,-0.007560,-0.041550,-1.555540,ndi
1786508536.051629,6.282617,-0.007570,-0.041520,-1.555510,ndi
1786508536.069119,6.300108,-0.007560,-0.041490,-1.555490,ndi
1786508536.086594,6.317583,-0.007580,-0.041430,-1.555460,ndi
1786508536.101618,6.332607,-0.007590,-0.041390,-1.555420,ndi
1786508536.119124,6.350113,-0.007600,-0.041360,-1.555370,ndi
1786508536.136613,6.367601,-0.007620,-0.041330,-1.555350,ndi
1786508536.151631,6.382620,-0.007610,-0.041280,-1.555340,ndi
1786508536.169139,6.400127,-0.007630,-0.041240,-1.555250,ndi
1786508536.186584,6.417573,-0.007650,-0.041210,-1.555240,ndi
1786508536.201643,6.432632,-0.007650,-0.041170,-1.555210,ndi
1786508536.219139,6.450128,-0.007650,-0.041130,-1.555190,ndi
1786508536.236593,6.467582,-0.007660,-0.041100,-1.555130,ndi
1786508536.251612,6.482601,-0.007670,-0.041070,-1.555110,ndi
1786508536.269122,6.500111,-0.007680,-0.041010,-1.555110,ndi
1786508536.286584,6.517573,-0.007690,-0.040960,-1.555050,ndi
1786508536.301610,6.532599,-0.007700,-0.040930,-1.555010,ndi
1786508536.319113,6.550102,-0.007720,-0.040900,-1.555000,ndi
1786508536.336608,6.567596,-0.007740,-0.040860,-1.554940,ndi
1786508536.351628,6.582616,-0.007750,-0.040810,-1.554920,ndi
1786508536.369119,6.600108,-0.007760,-0.040790,-1.554920,ndi
1786508536.386614,6.617603,-0.007770,-0.040770,-1.554910,ndi
1786508536.401585,6.632574,-0.007760,-0.040730,-1.554890,ndi
1786508536.419152,6.650141,-0.007790,-0.040690,-1.554840,ndi
1786508536.436636,6.667625,-0.007790,-0.040670,-1.554790,ndi
1786508536.451629,6.682618,-0.007790,-0.040650,-1.554770,ndi
1786508536.469148,6.700137,-0.007820,-0.040600,-1.554770,ndi
1786508536.486573,6.717562,-0.007810,-0.040550,-1.554740,ndi
1786508536.501591,6.732579,-0.007850,-0.040530,-1.554720,ndi
1786508536.519125,6.750114,-0.007850,-0.040510,-1.554690,ndi
1786508536.536607,6.767596,-0.007850,-0.040460,-1.554660,ndi
1786508536.551626,6.782615,-0.007880,-0.040410,-1.554630,ndi
1786508536.569113,6.800101,-0.007890,-0.040400,-1.554650,ndi
1786508536.586595,6.817584,-0.007910,-0.040370,-1.554590,ndi
1786508536.601602,6.832591,-0.007900,-0.040320,-1.554560,ndi
1786508536.619156,6.850145,-0.007920,-0.040260,-1.554510,ndi
1786508536.636635,6.867623,-0.007930,-0.040240,-1.554490,ndi
1786508536.651629,6.882618,-0.007940,-0.040220,-1.554470,ndi
1786508536.669125,6.900114,-0.007950,-0.040160,-1.554430,ndi
1786508536.686621,6.917610,-0.007960,-0.040110,-1.554430,ndi
1786508536.701630,6.932619,-0.007970,-0.040090,-1.554410,ndi
1786508536.719110,6.950099,-0.007970,-0.040050,-1.554410,ndi
1786508536.736621,6.967610,-0.008000,-0.040000,-1.554360,ndi
1786508536.751607,6.982596,-0.008020,-0.039960,-1.554320,ndi
1786508536.769114,7.000103,-0.008010,-0.039950,-1.554280,ndi
1786508536.786596,7.017585,-0.008040,-0.039910,-1.554270,ndi
1786508536.801605,7.032594,-0.008040,-0.039860,-1.554230,ndi
1786508536.819158,7.050147,-0.008040,-0.039820,-1.554210,ndi
1786508536.836633,7.067621,-0.008050,-0.039810,-1.554200,ndi
1786508536.851636,7.082625,-0.008060,-0.039780,-1.554160,ndi
1786508536.869123,7.100111,-0.008080,-0.039720,-1.554150,ndi
1786508536.886607,7.117596,-0.008080,-0.039690,-1.554100,ndi
1786508536.901622,7.132610,-0.008100,-0.039680,-1.554070,ndi
1786508536.919144,7.150133,-0.008100,-0.039630,-1.554010,ndi
1786508536.936632,7.167621,-0.008110,-0.039580,-1.553980,ndi
1786508536.951635,7.182624,-0.008130,-0.039560,-1.553940,ndi
1786508536.969104,7.200093,-0.008130,-0.039540,-1.553920,ndi
1786508536.986588,7.217577,-0.008140,-0.039490,-1.553910,ndi
1786508537.001668,7.232657,-0.008150,-0.039450,-1.553870,ndi
1786508537.019164,7.250153,-0.008160,-0.039430,-1.553820,ndi
1786508537.036633,7.267622,-0.008170,-0.039390,-1.553790,ndi
1786508537.051650,7.282638,-0.008190,-0.039350,-1.553800,ndi
1786508537.069116,7.300105,-0.008190,-0.039300,-1.553730,ndi
1786508537.086625,7.317614,-0.008210,-0.039270,-1.553710,ndi
1786508537.101629,7.332618,-0.008220,-0.039250,-1.553680,ndi
1786508537.119133,7.350121,-0.008240,-0.039200,-1.553640,ndi
1786508537.136622,7.367611,-0.008250,-0.039160,-1.553630,ndi
1786508537.151638,7.382627,-0.008260,-0.039140,-1.553610,ndi
1786508537.169105,7.400093,-0.008260,-0.039110,-1.553560,ndi
1786508537.186610,7.417598,-0.008280,-0.039070,-1.553530,ndi
1786508537.201646,7.432635,-0.008280,-0.039030,-1.553510,ndi
1786508537.219178,7.450167,-0.008290,-0.039000,-1.553490,ndi
1786508537.236640,7.467629,-0.008320,-0.038970,-1.553430,ndi
1786508537.251615,7.482604,-0.008310,-0.038940,-1.553400,ndi
1786508537.269142,7.500131,-0.008320,-0.038890,-1.553360,ndi
1786508537.286626,7.517615,-0.008350,-0.038870,-1.553340,ndi
1786508537.301644,7.532633,-0.008350,-0.038850,-1.553330,ndi
1786508537.319127,7.550115,-0.008370,-0.038810,-1.553300,ndi
1786508537.336602,7.567591,-0.008380,-0.038770,-1.553260,ndi
1786508537.351642,7.582631,-0.008400,-0.038740,-1.553250,ndi
1786508537.369097,7.600086,-0.008410,-0.038730,-1.553220,ndi
1786508537.386633,7.617621,-0.008410,-0.038680,-1.553190,ndi
1786508537.401631,7.632619,-0.008430,-0.038640,-1.553190,ndi
1786508537.419175,7.650163,-0.008430,-0.038610,-1.553170,ndi
1786508537.436632,7.667621,-0.008450,-0.038580,-1.553090,ndi
1786508537.451643,7.682632,-0.008470,-0.038550,-1.553090,ndi
1786508537.469141,7.700130,-0.008480,-0.038510,-1.553060,ndi
1786508537.486654,7.717643,-0.008480,-0.038480,-1.553030,ndi
1786508537.501639,7.732628,-0.008510,-0.038450,-1.552980,ndi
1786508537.519133,7.750122,-0.008510,-0.038400,-1.552980,ndi
1786508537.536646,7.767635,-0.008540,-0.038370,-1.552960,ndi
1786508537.551623,7.782611,-0.008550,-0.038350,-1.552920,ndi
1786508537.569119,7.800107,-0.008550,-0.038320,-1.552900,ndi
1786508537.586615,7.817604,-0.008580,-0.038270,-1.552870,ndi
1786508537.601632,7.832621,-0.008570,-0.038250,-1.552860,ndi
1786508537.619177,7.850166,-0.008600,-0.038220,-1.552830,ndi
1786508537.636641,7.867630,-0.008610,-0.038180,-1.552800,ndi
1786508537.651639,7.882627,-0.008630,-0.038140,-1.552770,ndi
1786508537.669143,7.900132,-0.008640,-0.038100,-1.552730,ndi
1786508537.686624,7.917613,-0.008650,-0.038070,-1.552710,ndi
1786508537.701639,7.932628,-0.008670,-0.038030,-1.552700,ndi
1786508537.719157,7.950146,-0.008690,-0.037990,-1.552630,ndi
1786508537.736654,7.967642,-0.008720,-0.037960,-1.552610,ndi
1786508537.751633,7.982621,-0.008720,-0.037930,-1.552600,ndi
1786508537.769142,8.000130,-0.008720,-0.037880,-1.552550,ndi
1786508537.786629,8.017617,-0.008750,-0.037840,-1.552520,ndi
1786508537.801645,8.032633,-0.008760,-0.037820,-1.552480,ndi
1786508537.819190,8.050179,-0.008780,-0.037780,-1.552460,ndi
1786508537.836634,8.067623,-0.008780,-0.037730,-1.552430,ndi
1786508537.851632,8.082620,-0.008800,-0.037710,-1.552400,ndi
1786508537.869135,8.100124,-0.008820,-0.037690,-1.552390,ndi
1786508537.886635,8.117624,-0.008820,-0.037650,-1.552320,ndi
1786508537.901626,8.132615,-0.008850,-0.037610,-1.552320,ndi
1786508537.919140,8.150128,-0.008850,-0.037580,-1.552260,ndi
1786508537.936586,8.167575,-0.008880,-0.037560,-1.552230,ndi
1786508537.951633,8.182621,-0.008890,-0.037520,-1.552180,ndi
1786508537.969116,8.200104,-0.008890,-0.037470,-1.552160,ndi
1786508537.986624,8.217613,-0.008910,-0.037450,-1.552110,ndi
1786508538.001674,8.232662,-0.008910,-0.037430,-1.552100,ndi
1786508538.019250,8.250239,-0.008940,-0.037390,-1.552070,ndi
1786508538.036643,8.267632,-0.008950,-0.037340,-1.552050,ndi
1786508538.051646,8.282635,-0.008960,-0.037330,-1.552050,ndi
1786508538.069143,8.300132,-0.008980,-0.037300,-1.551980,ndi
1786508538.086645,8.317634,-0.008980,-0.037240,-1.551960,ndi
1786508538.101659,8.332648,-0.009020,-0.037210,-1.551910,ndi
1786508538.119180,8.350168,-0.009010,-0.037190,-1.551900,ndi
1786508538.136611,8.367600,-0.009030,-0.037160,-1.551850,ndi
1786508538.151640,8.382629,-0.009070,-0.037100,-1.551820,ndi
1786508538.169145,8.400134,-0.009060,-0.037060,-1.551810,ndi
1786508538.186635,8.417624,-0.009080,-0.037050,-1.551770,ndi
1786508538.201659,8.432648,-0.009090,-0.037040,-1.551730,ndi
1786508538.219224,8.450212,-0.009090,-0.036980,-1.551710,ndi
1786508538.236625,8.467614,-0.009120,-0.036940,-1.551710,ndi
1786508538.251668,8.482657,-0.009140,-0.036940,-1.551660,ndi
1786508538.269145,8.500133,-0.009150,-0.036910,-1.551640,ndi
1786508538.286639,8.517628,-0.009140,-0.036860,-1.551610,ndi
1786508538.301666,8.532655,-0.009190,-0.036830,-1.551620,ndi
1786508538.319151,8.550139,-0.009190,-0.036830,-1.551590,ndi
1786508538.336657,8.567646,-0.009220,-0.036790,-1.551550,ndi
1786508538.351607,8.582595,-0.009230,-0.036730,-1.551520,ndi
1786508538.369152,8.600140,-0.009230,-0.036700,-1.551490,ndi
1786508538.386680,8.617669,-0.009250,-0.036690,-1.551460,ndi
1786508538.401657,8.632646,-0.009280,-0.036650,-1.551430,ndi
1786508538.419222,8.650211,-0.009280,-0.036600,-1.551410,ndi
1786508538.436635,8.667624,-0.009300,-0.036580,-1.551380,ndi
1786508538.451672,8.682661,-0.009320,-0.036560,-1.551380,ndi
1786508538.469168,8.700156,-0.009340,-0.036500,-1.551340,ndi
1786508538.486634,8.717622,-0.009370,-0.036460,-1.551310,ndi
1786508538.501682,8.732671,-0.009370,-0.036450,-1.551280,ndi
1786508538.519175,8.750163,-0.009380,-0.036430,-1.551220,ndi
1786508538.536618,8.767607,-0.009420,-0.036370,-1.551210,ndi
1786508538.551628,8.782617,-0.009420,-0.036340,-1.551170,ndi
1786508538.569169,8.800158,-0.009420,-0.036330,-1.551170,ndi
1786508538.586633,8.817622,-0.009450,-0.036300,-1.551150,ndi
1786508538.601651,8.832639,-0.009450,-0.036250,-1.551090,ndi
1786508538.619227,8.850216,-0.009470,-0.036210,-1.551090,ndi
1786508538.636678,8.867667,-0.009510,-0.036190,-1.551060,ndi
1786508538.651653,8.882642,-0.009520,-0.036170,-1.551020,ndi
1786508538.669149,8.900138,-0.009520,-0.036120,-1.551010,ndi
1786508538.686648,8.917637,-0.009550,-0.036090,-1.550980,ndi
1786508538.701663,8.932651,-0.009570,-0.036060,-1.550950,ndi
1786508538.719153,8.950142,-0.009590,-0.036020,-1.550910,ndi
1786508538.736620,8.967608,-0.009600,-0.035980,-1.550880,ndi
1786508538.751644,8.982632,-0.009610,-0.035960,-1.550850,ndi
1786508538.769175,9.000163,-0.009620,-0.035930,-1.550820,ndi
1786508538.786650,9.017639,-0.009640,-0.035890,-1.550790,ndi
1786508538.801680,9.032669,-0.009650,-0.035860,-1.550770,ndi
1786508538.819185,9.050173,-0.009670,-0.035830,-1.550760,ndi
1786508538.836675,9.067664,-0.009690,-0.035790,-1.550690,ndi
1786508538.851665,9.082654,-0.009700,-0.035750,-1.550670,ndi
1786508538.869158,9.100147,-0.009720,-0.035720,-1.550610,ndi
1786508538.886668,9.117656,-0.009750,-0.035680,-1.550600,ndi
1786508538.901654,9.132643,-0.009760,-0.035640,-1.550530,ndi
1786508538.919181,9.150170,-0.009790,-0.035600,-1.550510,ndi
1786508538.936616,9.167605,-0.009800,-0.035590,-1.550500,ndi
1786508538.951657,9.182646,-0.009810,-0.035550,-1.550440,ndi
1786508538.969165,9.200154,-0.009830,-0.035510,-1.550410,ndi
1786508538.986658,9.217647,-0.009840,-0.035490,-1.550410,ndi
1786508539.001689,9.232678,-0.009850,-0.035470,-1.550370,ndi
1786508539.019142,9.250131,-0.009870,-0.035440,-1.550320,ndi
1786508539.036688,9.267677,-0.009880,-0.035400,-1.550300,ndi
1786508539.051654,9.282642,-0.009890,-0.035390,-1.550260,ndi
1786508539.069163,9.300152,-0.009920,-0.035370,-1.550250,ndi
1786508539.086666,9.317655,-0.009940,-0.035330,-1.550230,ndi
1786508539.101653,9.332642,-0.009950,-0.035290,-1.550170,ndi
1786508539.119158,9.350147,-0.009970,-0.035280,-1.550160,ndi
1786508539.136634,9.367622,-0.009980,-0.035260,-1.550170,ndi
1786508539.151680,9.382668,-0.009980,-0.035210,-1.550110,ndi
1786508539.169171,9.400160,-0.010010,-0.035170,-1.550070,ndi
1786508539.186657,9.417646,-0.010020,-0.035160,-1.550050,ndi
1786508539.201665,9.432654,-0.010020,-0.035140,-1.550040,ndi
1786508539.219170,9.450159,-0.010050,-0.035090,-1.549990,ndi
1786508539.236661,9.467650,-0.010060,-0.035050,-1.549950,ndi
1786508539.251659,9.482648,-0.010080,-0.035040,-1.549930,ndi
1786508539.269144,9.500133,-0.010110,-0.035000,-1.549880,ndi
1786508539.286696,9.517685,-0.010120,-0.034940,-1.549860,ndi
1786508539.301659,9.532647,-0.010150,-0.034910,-1.549850,ndi
1786508539.319202,9.550191,-0.010170,-0.034910,-1.549810,ndi
1786508539.336687,9.567676,-0.010170,-0.034890,-1.549800,ndi
1786508539.351677,9.582666,-0.010200,-0.034830,-1.549750,ndi
1786508539.369184,9.600173,-0.010200,-0.034800,-1.549760,ndi
1786508539.386672,9.617661,-0.010220,-0.034780,-1.549730,ndi
1786508539.401666,9.632655,-0.010270,-0.034750,-1.549710,ndi
1786508539.419182,9.650171,-0.010280,-0.034700,-1.549680,ndi
1786508539.436672,9.667660,-0.010300,-0.034660,-1.549630,ndi
1786508539.451661,9.682650,-0.010320,-0.034660,-1.549610,ndi
1786508539.469188,9.700177,-0.010350,-0.034620,-1.549560,ndi
1786508539.486680,9.717669,-0.010370,-0.034550,-1.549520,ndi
1786508539.501642,9.732631,-0.010380,-0.034530,-1.549510,ndi
1786508539.519170,9.750158,-0.010390,-0.034520,-1.549480,ndi
1786508539.536716,9.767705,-0.010420,-0.034480,-1.549450,ndi
1786508539.551653,9.782641,-0.010430,-0.034440,-1.549440,ndi
1786508539.569164,9.800153,-0.010460,-0.034410,-1.549360,ndi
1786508539.586671,9.817660,-0.010460,-0.034380,-1.549360,ndi
1786508539.601650,9.832639,-0.010480,-0.034340,-1.549350,ndi
1786508539.619170,9.850159,-0.010520,-0.034290,-1.549290,ndi
1786508539.636669,9.867658,-0.010520,-0.034260,-1.549300,ndi
1786508539.651664,9.882652,-0.010560,-0.034250,-1.549250,ndi
1786508539.669186,9.900175,-0.010570,-0.034210,-1.549210,ndi
1786508539.686671,9.917660,-0.010580,-0.034150,-1.549200,ndi
1786508539.701654,9.932643,-0.010620,-0.034130,-1.549190,ndi
1786508539.719161,9.950149,-0.010620,-0.034110,-1.549160,ndi
1786508539.736689,9.967677,-0.010630,-0.034080,-1.549120,ndi
1786508539.751692,9.982681,-0.010640,-0.034050,-1.549140,ndi
1786508539.769194,10.000182,-0.010670,-0.034020,-1.549090,ndi
1786508539.786672,10.017660,-0.010680,-0.033990,-1.549050,ndi
1786508539.801626,10.032615,-0.010700,-0.033950,-1.549040,ndi
1786508539.819186,10.050175,-0.010730,-0.033910,-1.549000,ndi
1786508539.836656,10.067644,-0.010720,-0.033870,-1.548970,ndi
1786508539.851670,10.082659,-0.010780,-0.033860,-1.548940,ndi
1786508539.869210,10.100199,-0.010790,-0.033830,-1.548900,ndi
1786508539.886658,10.117647,-0.010800,-0.033780,-1.548890,ndi
1786508539.901661,10.132650,-0.010830,-0.033760,-1.548890,ndi
1786508539.919167,10.150156,-0.010820,-0.033740,-1.548810,ndi
1786508539.936718,10.167707,-0.010850,-0.033700,-1.548790,ndi
1786508539.951698,10.182687,-0.010880,-0.033670,-1.548760,ndi
1786508539.969193,10.200182,-0.010870,-0.033640,-1.548720,ndi
1786508539.986677,10.217666,-0.010900,-0.033620,-1.548660,ndi
1786508540.001703,10.232691,-0.010920,-0.033580,-1.548680,ndi
1786508540.019191,10.250180,-0.010950,-0.033530,-1.548660,ndi
1786508540.036674,10.267663,-0.010960,-0.033500,-1.548580,ndi
1786508540.051708,10.282697,-0.010990,-0.033490,-1.548590,ndi
1786508540.069195,10.300184,-0.011010,-0.033460,-1.548590,ndi
1786508540.086648,10.317636,-0.011010,-0.033420,-1.548560,ndi
1786508540.101657,10.332646,-0.011050,-0.033400,-1.548510,ndi
1786508540.119189,10.350177,-0.011050,-0.033370,-1.548500,ndi
1786508540.136733,10.367721,-0.011070,-0.033330,-1.548460,ndi
1786508540.151691,10.382679,-0.011090,-0.033300,-1.548430,ndi
1786508540.169183,10.400172,-0.011100,-0.033270,-1.548370,ndi
1786508540.186638,10.417627,-0.011140,-0.033240,-1.548360,ndi
1786508540.201659,10.432648,-0.011160,-0.033210,-1.548340,ndi
1786508540.219186,10.450175,-0.011160,-0.033170,-1.548310,ndi
1786508540.236670,10.467659,-0.011190,-0.033140,-1.548310,ndi
1786508540.251685,10.482673,-0.011220,-0.033120,-1.548270,ndi
1786508540.269170,10.500158,-0.011250,-0.033090,-1.548280,ndi
1786508540.286651,10.517640,-0.011260,-0.033050,-1.548220,ndi
1786508540.301666,10.532655,-0.011270,-0.033030,-1.548230,ndi
1786508540.319189,10.550178,-0.011300,-0.033000,-1.548200,ndi
1786508540.336756,10.567745,-0.011310,-0.032960,-1.548160,ndi
1786508540.351688,10.582677,-0.011340,-0.032920,-1.548170,ndi
1786508540.369210,10.600199,-0.011350,-0.032890,-1.548140,ndi
1786508540.386676,10.617665,-0.011380,-0.032860,-1.548100,ndi
1786508540.401701,10.632690,-0.011390,-0.032840,-1.548050,ndi
1786508540.419196,10.650185,-0.011410,-0.032790,-1.548030,ndi
1786508540.436674,10.667662,-0.011460,-0.032760,-1.548000,ndi
1786508540.451696,10.682685,-0.011450,-0.032740,-1.547970,ndi
1786508540.469227,10.700216,-0.011480,-0.032710,-1.547950,ndi
1786508540.486674,10.717663,-0.011510,-0.032670,-1.547960,ndi
1786508540.501624,10.732613,-0.011500,-0.032630,-1.547940,ndi
1786508540.519197,10.750186,-0.011530,-0.032610,-1.547890,ndi
1786508540.536791,10.767780,-0.011550,-0.032580,-1.547850,ndi
1786508540.551702,10.782691,-0.011580,-0.032540,-1.547820,ndi
1786508540.569184,10.800173,-0.011590,-0.032510,-1.547820,ndi
1786508540.586686,10.817675,-0.011620,-0.032490,-1.547760,ndi
1786508540.601667,10.832656,-0.011630,-0.032450,-1.547740,ndi
1786508540.619194,10.850183,-0.011650,-0.032410,-1.547740,ndi
1786508540.636686,10.867674,-0.011690,-0.032390,-1.547720,ndi
1786508540.651706,10.882694,-0.011700,-0.032370,-1.547670,ndi
1786508540.669179,10.900168,-0.011730,-0.032330,-1.547650,ndi
1786508540.686672,10.917660,-0.011750,-0.032290,-1.547630,ndi
1786508540.701630,10.932619,-0.011760,-0.032270,-1.547590,ndi
1786508540.719190,10.950178,-0.011770,-0.032240,-1.547580,ndi
1786508540.736674,10.967663,-0.011790,-0.032180,-1.547520,ndi
1786508540.751715,10.982703,-0.011820,-0.032150,-1.547480,ndi
1786508540.769222,11.000211,-0.011840,-0.032140,-1.547450,ndi
1786508540.786685,11.017673,-0.011850,-0.032100,-1.547410,ndi
1786508540.801674,11.032662,-0.011890,-0.032060,-1.547350,ndi
1786508540.819180,11.050168,-0.011890,-0.032030,-1.547340,ndi
1786508540.836688,11.067677,-0.011920,-0.032020,-1.547360,ndi
1786508540.851699,11.082687,-0.011950,-0.031990,-1.547330,ndi
1786508540.869180,11.100169,-0.011970,-0.031950,-1.547310,ndi
1786508540.886657,11.117645,-0.011980,-0.031920,-1.547280,ndi
1786508540.901685,11.132674,-0.012010,-0.031910,-1.547240,ndi
1786508540.919231,11.150220,-0.012010,-0.031870,-1.547180,ndi
1786508540.936694,11.167682,-0.012030,-0.031840,-1.547150,ndi
1786508540.951693,11.182682,-0.012060,-0.031810,-1.547150,ndi
1786508540.969196,11.200184,-0.012070,-0.031790,-1.547110,ndi
1786508540.986709,11.217698,-0.012100,-0.031750,-1.547070,ndi
1786508541.001722,11.232711,-0.012110,-0.031730,-1.547020,ndi
1786508541.019204,11.250193,-0.012130,-0.031710,-1.546980,ndi
1786508541.036701,11.267690,-0.012150,-0.031670,-1.546990,ndi
1786508541.051684,11.282673,-0.012170,-0.031640,-1.546990,ndi
1786508541.069192,11.300181,-0.012190,-0.031610,-1.546960,ndi
1786508541.086680,11.317669,-0.012210,-0.031590,-1.546890,ndi
1786508541.101699,11.332688,-0.012220,-0.031560,-1.546870,ndi
1786508541.119215,11.350203,-0.012250,-0.031520,-1.546830,ndi
1786508541.136672,11.367661,-0.012270,-0.031490,-1.546830,ndi
1786508541.151732,11.382721,-0.012290,-0.031470,-1.546800,ndi
1786508541.169218,11.400207,-0.012310,-0.031430,-1.546760,ndi
1786508541.186676,11.417665,-0.012330,-0.031400,-1.546720,ndi
1786508541.201707,11.432696,-0.012350,-0.031370,-1.546700,ndi
1786508541.219181,11.450170,-0.012380,-0.031350,-1.546670,ndi
1786508541.236700,11.467689,-0.012390,-0.031310,-1.546660,ndi
1786508541.251686,11.482675,-0.012410,-0.031280,-1.546600,ndi
1786508541.269185,11.500174,-0.012430,-0.031250,-1.546600,ndi
1786508541.286685,11.517673,-0.012460,-0.031210,-1.546520,ndi
1786508541.301661,11.532650,-0.012470,-0.031190,-1.546510,ndi
1786508541.319222,11.550211,-0.012490,-0.031160,-1.546510,ndi
1786508541.336690,11.567679,-0.012490,-0.031130,-1.546490,ndi
1786508541.351725,11.582714,-0.012520,-0.031110,-1.546470,ndi
1786508541.369236,11.600224,-0.012560,-0.031070,-1.546440,ndi
1786508541.386739,11.617728,-0.012560,-0.031030,-1.546410,ndi
1786508541.401695,11.632683,-0.012580,-0.031020,-1.546360,ndi
1786508541.419210,11.650199,-0.012610,-0.030990,-1.546330,ndi
1786508541.436710,11.667699,-0.012630,-0.030950,-1.546320,ndi
1786508541.451714,11.682702,-0.012670,-0.030910,-1.546320,ndi
1786508541.469217,11.700206,-0.012680,-0.030890,-1.546270,ndi
1786508541.486702,11.717691,-0.012690,-0.030860,-1.546240,ndi
1786508541.501705,11.732693,-0.012720,-0.030830,-1.546220,ndi
1786508541.519212,11.750201,-0.012740,-0.030780,-1.546200,ndi
1786508541.536716,11.767705,-0.012760,-0.030760,-1.546150,ndi
1786508541.551695,11.782684,-0.012780,-0.030740,-1.546110,ndi
1786508541.569234,11.800223,-0.012800,-0.030700,-1.546100,ndi
1786508541.586716,11.817704,-0.012820,-0.030670,-1.546100,ndi
1786508541.601689,11.832678,-0.012840,-0.030660,-1.546070,ndi
1786508541.619230,11.850219,-0.012860,-0.030620,-1.546050,ndi
1786508541.636685,11.867673,-0.012870,-0.030560,-1.546000,ndi
1786508541.651703,11.882691,-0.012920,-0.030540,-1.545990,ndi
1786508541.669204,11.900192,-0.012920,-0.030530,-1.545950,ndi
1786508541.686723,11.917712,-0.012930,-0.030490,-1.545900,ndi
1786508541.701707,11.932696,-0.012970,-0.030440,-1.545860,ndi
1786508541.719254,11.950242,-0.012980,-0.030430,-1.545830,ndi
1786508541.736695,11.967684,-0.013000,-0.030410,-1.545790,ndi
1786508541.751706,11.982695,-0.013030,-0.030370,-1.545770,ndi
1786508541.769226,12.000215,-0.013040,-0.030330,-1.545740,ndi
1786508541.786709,12.017698,-0.013070,-0.030310,-1.545710,ndi
1786508541.801704,12.032692,-0.013090,-0.030300,-1.545690,ndi
1786508541.819239,12.050228,-0.013110,-0.030260,-1.545670,ndi
1786508541.836678,12.067667,-0.013120,-0.030220,-1.545650,ndi
1786508541.851690,12.082679,-0.013140,-0.030210,-1.545620,ndi
1786508541.869197,12.100185,-0.013150,-0.030190,-1.545600,ndi
1786508541.886711,12.117699,-0.013170,-0.030150,-1.545560,ndi
1786508541.901703,12.132691,-0.013190,-0.030120,-1.545560,ndi
1786508541.919221,12.150210,-0.013200,-0.030110,-1.545500,ndi
1786508541.936704,12.167693,-0.013230,-0.030080,-1.545490,ndi
1786508541.951751,12.182739,-0.013250,-0.030050,-1.545470,ndi
1786508541.969242,12.200231,-0.013260,-0.030010,-1.545430,ndi
1786508541.986716,12.217705,-0.013280,-0.029990,-1.545400,ndi
1786508542.001707,12.232696,-0.013310,-0.029970,-1.545360,ndi
1786508542.019228,12.250217,-0.013330,-0.029930,-1.545370,ndi
1786508542.036671,12.267660,-0.013360,-0.029890,-1.545320,ndi
1786508542.051696,12.282684,-0.013380,-0.029860,-1.545290,ndi
1786508542.069204,12.300193,-0.013410,-0.029840,-1.545270,ndi
1786508542.086726,12.317715,-0.013420,-0.029800,-1.545240,ndi
1786508542.101716,12.332705,-0.013430,-0.029780,-1.545240,ndi
1786508542.119229,12.350218,-0.013450,-0.029750,-1.545210,ndi
1786508542.136678,12.367667,-0.013470,-0.029720,-1.545160,ndi
1786508542.151776,12.382765,-0.013500,-0.029700,-1.545120,ndi
1786508542.169215,12.400204,-0.013510,-0.029660,-1.545110,ndi
1786508542.186717,12.417706,-0.013530,-0.029630,-1.545080,ndi
1786508542.201719,12.432708,-0.013560,-0.029610,-1.545060,ndi
1786508542.219247,12.450236,-0.013590,-0.029570,-1.545040,ndi
1786508542.236670,12.467658,-0.013620,-0.029540,-1.545030,ndi
1786508542.251713,12.482702,-0.013620,-0.029530,-1.545020,ndi
1786508542.269228,12.500217,-0.013640,-0.029480,-1.544960,ndi
1786508542.286735,12.517724,-0.013670,-0.029450,-1.544960,ndi
1786508542.301724,12.532712,-0.013690,-0.029440,-1.544940,ndi
1786508542.319232,12.550220,-0.013710,-0.029410,-1.544900,ndi
1786508542.336690,12.567679,-0.013720,-0.029370,-1.544850,ndi
1786508542.351790,12.582779,-0.013750,-0.029340,-1.544840,ndi
1786508542.369245,12.600234,-0.013770,-0.029320,-1.544810,ndi
1786508542.386759,12.617748,-0.013800,-0.029290,-1.544790,ndi
1786508542.401731,12.632719,-0.013830,-0.029260,-1.544760,ndi
1786508542.419245,12.650234,-0.013840,-0.029220,-1.544760,ndi
1786508542.436702,12.667690,-0.013860,-0.029200,-1.544700,ndi
1786508542.451700,12.682689,-0.013890,-0.029160,-1.544660,ndi
1786508542.469242,12.700231,-0.013900,-0.029120,-1.544640,ndi
1786508542.486743,12.717732,-0.013920,-0.029100,-1.544580,ndi
1786508542.501727,12.732716,-0.013930,-0.029070,-1.544590,ndi
1786508542.519224,12.750213,-0.013960,-0.029040,-1.544570,ndi
1786508542.536725,12.767713,-0.013990,-0.028990,-1.544540,ndi
1786508542.551735,12.782723,-0.014000,-0.028980,-1.544500,ndi
1786508542.569210,12.800198,-0.014020,-0.028950,-1.544470,ndi
1786508542.586735,12.817723,-0.014050,-0.028910,-1.544460,ndi
1786508542.601709,12.832698,-0.014070,-0.028880,-1.544430,ndi
1786508542.619200,12.850189,-0.014090,-0.028860,-1.544410,ndi
1786508542.636694,12.867683,-0.014130,-0.028830,-1.544380,ndi
1786508542.651691,12.882680,-0.014130,-0.028800,-1.544350,ndi
1786508542.669231,12.900220,-0.014150,-0.028770,-1.544310,ndi
1786508542.686719,12.917708,-0.014180,-0.028740,-1.544300,ndi
1786508542.701725,12.932714,-0.014200,-0.028710,-1.544280,ndi
1786508542.719222,12.950210,-0.014220,-0.028690,-1.544250,ndi
1786508542.736715,12.967704,-0.014260,-0.028650,-1.544220,ndi
1786508542.751714,12.982702,-0.014270,-0.028630,-1.544200,ndi
1786508542.769246,13.000235,-0.014280,-0.028600,-1.544150,ndi
1786508542.786752,13.017741,-0.014320,-0.028580,-1.544100,ndi
1786508542.801740,13.032729,-0.014340,-0.028550,-1.544100,ndi
1786508542.819214,13.050202,-0.014360,-0.028510,-1.544080,ndi
1786508542.836715,13.067704,-0.014380,-0.028480,-1.544030,ndi
1786508542.851724,13.082712,-0.014400,-0.028480,-1.543980,ndi
1786508542.869227,13.100215,-0.014420,-0.028440,-1.543980,ndi
1786508542.886741,13.117730,-0.014440,-0.028400,-1.543940,ndi
1786508542.901741,13.132730,-0.014450,-0.028390,-1.543900,ndi
1786508542.919237,13.150225,-0.014480,-0.028370,-1.543870,ndi
1786508542.936741,13.167730,-0.014500,-0.028340,-1.543860,ndi
1786508542.951692,13.182681,-0.014500,-0.028300,-1.543830,ndi
1786508542.969229,13.200218,-0.014550,-0.028290,-1.543800,ndi
1786508542.986734,13.217723,-0.014570,-0.028260,-1.543780,ndi
1786508543.001758,13.232747,-0.014580,-0.028230,-1.543710,ndi
1786508543.019241,13.250229,-0.014610,-0.028180,-1.543700,ndi
1786508543.036728,13.267717,-0.014620,-0.028170,-1.543690,ndi
1786508543.051734,13.282723,-0.014650,-0.028150,-1.543640,ndi
1786508543.069232,13.300221,-0.014660,-0.028110,-1.543640,ndi
1786508543.086717,13.317706,-0.014680,-0.028090,-1.543600,ndi
1786508543.101746,13.332735,-0.014700,-0.028080,-1.543600,ndi
1786508543.119260,13.350248,-0.014720,-0.028050,-1.543590,ndi
1786508543.136720,13.367709,-0.014740,-0.028000,-1.543560,ndi
1786508543.151731,13.382720,-0.014760,-0.027980,-1.543550,ndi
1786508543.169240,13.400228,-0.014790,-0.027960,-1.543530,ndi
1786508543.186731,13.417720,-0.014810,-0.027930,-1.543470,ndi
1786508543.201727,13.432716,-0.014840,-0.027900,-1.543460,ndi
1786508543.219210,13.450199,-0.014860,-0.027870,-1.543460,ndi
1786508543.236720,13.467708,-0.014860,-0.027840,-1.543420,ndi
1786508543.251749,13.482738,-0.014910,-0.027810,-1.543390,ndi
1786508543.269249,13.500238,-0.014910,-0.027780,-1.543370,ndi
1786508543.286736,13.517725,-0.014920,-0.027740,-1.543350,ndi
1786508543.301760,13.532749,-0.014970,-0.027720,-1.543330,ndi
1786508543.319232,13.550221,-0.014980,-0.027680,-1.543260,ndi
1786508543.336723,13.567712,-0.015000,-0.027660,-1.543260,ndi
1786508543.351726,13.582715,-0.015030,-0.027630,-1.543230,ndi
1786508543.369273,13.600262,-0.015050,-0.027600,-1.543200,ndi
1786508543.386752,13.617741,-0.015100,-0.027570,-1.543160,ndi
1786508543.401695,13.632684,-0.015100,-0.027550,-1.543140,ndi
1786508543.419230,13.650218,-0.015120,-0.027510,-1.543110,ndi
1786508543.436693,13.667681,-0.015150,-0.027480,-1.543080,ndi
1786508543.451756,13.682744,-0.015160,-0.027460,-1.543040,ndi
1786508543.469255,13.700243,-0.015170,-0.027430,-1.543060,ndi
1786508543.486777,13.717765,-0.015200,-0.027400,-1.543030,ndi
1786508543.501709,13.732697,-0.015220,-0.027380,-1.542990,ndi
1786508543.519267,13.750256,-0.015250,-0.027350,-1.542960,ndi
1786508543.536729,13.767718,-0.015280,-0.027310,-1.542910,ndi
1786508543.551705,13.782694,-0.015290,-0.027280,-1.542900,ndi
1786508543.569272,13.800260,-0.015320,-0.027260,-1.542880,ndi
1786508543.586733,13.817721,-0.015350,-0.027240,-1.542830,ndi
1786508543.601713,13.832702,-0.015370,-0.027200,-1.542790,ndi
1786508543.619237,13.850226,-0.015380,-0.027160,-1.542770,ndi
1786508543.636744,13.867733,-0.015410,-0.027140,-1.542730,ndi
1786508543.651736,13.882724,-0.015430,-0.027130,-1.542730,ndi
1786508543.669252,13.900241,-0.015440,-0.027090,-1.542700,ndi
1786508543.686738,13.917727,-0.015470,-0.027050,-1.542650,ndi
1786508543.701714,13.932703,-0.015480,-0.027040,-1.542660,ndi
1786508543.719253,13.950242,-0.015510,-0.027020,-1.542630,ndi
1786508543.736715,13.967704,-0.015530,-0.026980,-1.542580,ndi
1786508543.751696,13.982684,-0.015550,-0.026950,-1.542530,ndi
1786508543.769255,14.000243,-0.015580,-0.026930,-1.542520,ndi
1786508543.786737,14.017725,-0.015600,-0.026910,-1.542480,ndi
1786508543.801723,14.032712,-0.015610,-0.026880,-1.542470,ndi
1786508543.819249,14.050237,-0.015630,-0.026840,-1.542430,ndi
1786508543.836757,14.067746,-0.015650,-0.026830,-1.542410,ndi
1786508543.851737,14.082726,-0.015670,-0.026810,-1.542400,ndi
1786508543.869250,14.100239,-0.015690,-0.026760,-1.542350,ndi
1786508543.886748,14.117737,-0.015710,-0.026740,-1.542330,ndi
1786508543.901738,14.132727,-0.015720,-0.026730,-1.542330,ndi
1786508543.919242,14.150231,-0.015750,-0.026700,-1.542300,ndi
1786508543.936713,14.167702,-0.015770,-0.026650,-1.542250,ndi
1786508543.951712,14.182701,-0.015810,-0.026630,-1.542250,ndi
1786508543.969269,14.200258,-0.015830,-0.026610,-1.542210,ndi
1786508543.986732,14.217721,-0.015860,-0.026570,-1.542170,ndi
1786508544.001736,14.232725,-0.015880,-0.026540,-1.542160,ndi
1786508544.019236,14.250225,-0.015910,-0.026520,-1.542130,ndi
1786508544.036745,14.267733,-0.015920,-0.026500,-1.542120,ndi
1786508544.051744,14.282733,-0.015950,-0.026480,-1.542080,ndi
1786508544.069264,14.300253,-0.015960,-0.026440,-1.542040,ndi
1786508544.086725,14.317713,-0.015990,-0.026410,-1.542020,ndi
1786508544.101753,14.332741,-0.016020,-0.026390,-1.542020,ndi
1786508544.119222,14.350211,-0.016040,-0.026360,-1.542000,ndi
1786508544.136736,14.367725,-0.016050,-0.026330,-1.541970,ndi
1786508544.151756,14.382745,-0.016090,-0.026310,-1.541960,ndi
1786508544.169310,14.400298,-0.016100,-0.026290,-1.541910,ndi
1786508544.186735,14.417724,-0.016130,-0.026260,-1.541870,ndi
1786508544.201720,14.432709,-0.016160,-0.026220,-1.541850,ndi
1786508544.219238,14.450227,-0.016170,-0.026190,-1.541820,ndi
1786508544.236755,14.467744,-0.016200,-0.026170,-1.541800,ndi
1786508544.251759,14.482748,-0.016230,-0.026140,-1.541790,ndi
1786508544.269259,14.500248,-0.016240,-0.026090,-1.541740,ndi
1786508544.286737,14.517726,-0.016280,-0.026080,-1.541740,ndi
1786508544.301737,14.532726,-0.016290,-0.026060,-1.541680,ndi
1786508544.319236,14.550225,-0.016330,-0.026020,-1.541660,ndi
1786508544.336711,14.567700,-0.016370,-0.025980,-1.541640,ndi
1786508544.351752,14.582741,-0.016380,-0.025960,-1.541630,ndi
1786508544.369283,14.600272,-0.016390,-0.025940,-1.541570,ndi
1786508544.386744,14.617733,-0.016430,-0.025900,-1.541570,ndi
1786508544.401722,14.632710,-0.016440,-0.025870,-1.541560,ndi
1786508544.419276,14.650265,-0.016450,-0.025850,-1.541530,ndi
1786508544.436757,14.667746,-0.016480,-0.025830,-1.541490,ndi
1786508544.451741,14.682729,-0.016500,-0.025800,-1.541480,ndi
1786508544.469294,14.700283,-0.016510,-0.025770,-1.541460,ndi
1786508544.486744,14.717733,-0.016560,-0.025740,-1.541430,ndi
1786508544.501756,14.732745,-0.016570,-0.025720,-1.541420,ndi
1786508544.519263,14.750252,-0.016590,-0.025700,-1.541350,ndi
1786508544.536725,14.767714,-0.016640,-0.025660,-1.541360,ndi
1786508544.551739,14.782727,-0.016660,-0.025630,-1.541340,ndi
1786508544.569315,14.800304,-0.016690,-0.025610,-1.541300,ndi
1786508544.586748,14.817736,-0.016720,-0.025580,-1.541270,ndi
1786508544.601750,14.832739,-0.016730,-0.025550,-1.541220,ndi
1786508544.619273,14.850262,-0.016760,-0.025520,-1.541180,ndi
1786508544.636759,14.867748,-0.016790,-0.025500,-1.541150,ndi
1786508544.651766,14.882754,-0.016810,-0.025480,-1.541150,ndi
1786508544.669396,14.900385,-0.016830,-0.025440,-1.541110,ndi
1786508544.686785,14.917774,-0.016870,-0.025420,-1.541100,ndi
1786508544.701753,14.932741,-0.016880,-0.025410,-1.541060,ndi
1786508544.719243,14.950232,-0.016900,-0.025370,-1.541020,ndi
1786508544.736741,14.967729,-0.016930,-0.025340,-1.540960,ndi
1786508544.751766,14.982754,-0.016950,-0.025320,-1.540950,ndi
1786508544.769252,15.000241,-0.016990,-0.025300,-1.540920,ndi
1786508544.786738,15.017727,-0.017010,-0.025260,-1.540890,ndi
1786508544.801740,15.032728,-0.017030,-0.025230,-1.540890,ndi
1786508544.819281,15.050269,-0.017060,-0.025220,-1.540840,ndi
1786508544.836759,15.067748,-0.017090,-0.025200,-1.540830,ndi
1786508544.851768,15.082757,-0.017100,-0.025160,-1.540790,ndi
1786508544.869248,15.100237,-0.017120,-0.025130,-1.540770,ndi
1786508544.886817,15.117805,-0.017150,-0.025130,-1.540770,ndi
1786508544.901761,15.132750,-0.017160,-0.025110,-1.540740,ndi
1786508544.919259,15.150248,-0.017210,-0.025060,-1.540720,ndi
1786508544.936761,15.167750,-0.017230,-0.025030,-1.540690,ndi
1786508544.951754,15.182742,-0.017240,-0.025030,-1.540670,ndi
1786508544.969261,15.200250,-0.017280,-0.024990,-1.540610,ndi
1786508544.986753,15.217741,-0.017290,-0.024950,-1.540630,ndi
1786508545.001817,15.232805,-0.017310,-0.024930,-1.540590,ndi
1786508545.019279,15.250268,-0.017350,-0.024920,-1.540560,ndi
1786508545.036770,15.267759,-0.017370,-0.024890,-1.540490,ndi
1786508545.051775,15.282764,-0.017400,-0.024850,-1.540470,ndi
1786508545.069258,15.300246,-0.017420,-0.024830,-1.540450,ndi
1786508545.086775,15.317764,-0.017440,-0.024810,-1.540430,ndi
1786508545.101763,15.332752,-0.017460,-0.024760,-1.540420,ndi
1786508545.119253,15.350242,-0.017510,-0.024740,-1.540380,ndi
1786508545.136782,15.367771,-0.017540,-0.024720,-1.540340,ndi
1786508545.151756,15.382745,-0.017560,-0.024690,-1.540320,ndi
1786508545.169259,15.400248,-0.017600,-0.024650,-1.540300,ndi
1786508545.186751,15.417740,-0.017590,-0.024620,-1.540270,ndi
1786508545.201768,15.432756,-0.017620,-0.024600,-1.540240,ndi
1786508545.219275,15.450263,-0.017660,-0.024580,-1.540200,ndi
1786508545.236764,15.467752,-0.017690,-0.024550,-1.540180,ndi
1786508545.251766,15.482755,-0.017710,-0.024520,-1.540150,ndi
1786508545.269284,15.500272,-0.017750,-0.024500,-1.540150,ndi
1786508545.286773,15.517762,-0.017760,-0.024470,-1.540120,ndi
1786508545.301749,15.532738,-0.017780,-0.024440,-1.540090,ndi
1786508545.319281,15.550269,-0.017830,-0.024410,-1.540060,ndi
1786508545.336770,15.567759,-0.017870,-0.024380,-1.540070,ndi
1786508545.351749,15.582738,-0.017900,-0.024360,-1.540060,ndi
1786508545.369278,15.600266,-0.017890,-0.024330,-1.540010,ndi
1786508545.386801,15.617790,-0.017940,-0.024310,-1.540010,ndi
1786508545.401784,15.632773,-0.017950,-0.024290,-1.539970,ndi
1786508545.419306,15.650295,-0.017990,-0.024260,-1.539930,ndi
1786508545.436780,15.667769,-0.018000,-0.024230,-1.539890,ndi
1786508545.451712,15.682701,-0.018030,-0.024210,-1.539880,ndi
1786508545.469272,15.700261,-0.018070,-0.024180,-1.539850,ndi
1786508545.486814,15.717803,-0.018090,-0.024150,-1.539840,ndi
1786508545.501747,15.732736,-0.018110,-0.024130,-1.539790,ndi
1786508545.519281,15.750270,-0.018140,-0.024110,-1.539760,ndi
1786508545.536745,15.767733,-0.018170,-0.024080,-1.539720,ndi
1786508545.551765,15.782754,-0.018190,-0.024050,-1.539720,ndi
1786508545.569236,15.800225,-0.018230,-0.024030,-1.539690,ndi
1786508545.586775,15.817763,-0.018250,-0.024010,-1.539600,ndi
1786508545.601765,15.832754,-0.018270,-0.023980,-1.539580,ndi
1786508545.619293,15.850282,-0.018300,-0.023950,-1.539570,ndi
1786508545.636774,15.867763,-0.018330,-0.023940,-1.539540,ndi
1786508545.651765,15.882754,-0.018350,-0.023910,-1.539520,ndi
1786508545.669293,15.900282,-0.018380,-0.023880,-1.539480,ndi
1786508545.686782,15.917771,-0.018410,-0.023850,-1.539450,ndi
1786508545.701767,15.932756,-0.018440,-0.023840,-1.539400,ndi
1786508545.719267,15.950256,-0.018470,-0.023820,-1.539350,ndi
1786508545.736751,15.967740,-0.018490,-0.023780,-1.539350,ndi
1786508545.751733,15.982722,-0.018510,-0.023770,-1.539340,ndi
1786508545.769273,16.000262,-0.018540,-0.023760,-1.539290,ndi
1786508545.786793,16.017782,-0.018550,-0.023720,-1.539250,ndi
1786508545.801789,16.032777,-0.018590,-0.023690,-1.539220,ndi
1786508545.819300,16.050289,-0.018630,-0.023680,-1.539190,ndi
1786508545.836779,16.067768,-0.018630,-0.023650,-1.539180,ndi
1786508545.851788,16.082777,-0.018670,-0.023630,-1.539180,ndi
1786508545.869292,16.100281,-0.018700,-0.023580,-1.539160,ndi
1786508545.886786,16.117774,-0.018730,-0.023570,-1.539130,ndi
1786508545.901778,16.132767,-0.018760,-0.023560,-1.539110,ndi
1786508545.919313,16.150302,-0.018800,-0.023530,-1.539070,ndi
1786508545.936775,16.167764,-0.018830,-0.023480,-1.539040,ndi
1786508545.951767,16.182756,-0.018850,-0.023480,-1.539050,ndi
1786508545.969286,16.200275,-0.018860,-0.023460,-1.539020,ndi
1786508545.986786,16.217775,-0.018900,-0.023430,-1.539010,ndi
1786508546.001783,16.232772,-0.018910,-0.023400,-1.538980,ndi
1786508546.019299,16.250287,-0.018950,-0.023390,-1.538940,ndi
1786508546.036739,16.267728,-0.018980,-0.023370,-1.538910,ndi
1786508546.051781,16.282769,-0.019020,-0.023320,-1.538860,ndi
1786508546.069255,16.300244,-0.019020,-0.023290,-1.538860,ndi
1786508546.086804,16.317793,-0.019060,-0.023290,-1.538800,ndi
1786508546.101782,16.332770,-0.019110,-0.023260,-1.538800,ndi
1786508546.119286,16.350275,-0.019130,-0.023220,-1.538770,ndi
1786508546.136754,16.367743,-0.019170,-0.023200,-1.538720,ndi
1786508546.151754,16.382743,-0.019190,-0.023180,-1.538700,ndi
1786508546.169274,16.400262,-0.019210,-0.023140,-1.538680,ndi
1786508546.186771,16.417760,-0.019250,-0.023120,-1.538670,ndi
1786508546.201796,16.432785,-0.019260,-0.023100,-1.538660,ndi
1786508546.219295,16.450283,-0.019310,-0.023080,-1.538610,ndi
1786508546.236746,16.467735,-0.019340,-0.023050,-1.538580,ndi
1786508546.251786,16.482775,-0.019360,-0.023030,-1.538550,ndi
1786508546.269273,16.500262,-0.019390,-0.023000,-1.538540,ndi
1786508546.286834,16.517823,-0.019430,-0.022970,-1.538510,ndi
1786508546.301807,16.532796,-0.019450,-0.022950,-1.538480,ndi
1786508546.319303,16.550291,-0.019470,-0.022930,-1.538440,ndi
1786508546.336761,16.567750,-0.019520,-0.022900,-1.538440,ndi
1786508546.351765,16.582754,-0.019540,-0.022870,-1.538440,ndi
1786508546.369316,16.600304,-0.019560,-0.022860,-1.538390,ndi
1786508546.386817,16.617806,-0.019580,-0.022830,-1.538350,ndi
1786508546.401786,16.632774,-0.019600,-0.022800,-1.538300,ndi
1786508546.419328,16.650316,-0.019660,-0.022770,-1.538320,ndi
1786508546.436790,16.667779,-0.019680,-0.022760,-1.538260,ndi
1786508546.451802,16.682791,-0.019710,-0.022740,-1.538250,ndi
1786508546.469326,16.700315,-0.019740,-0.022710,-1.538210,ndi
1786508546.486863,16.717851,-0.019770,-0.022680,-1.538180,ndi
1786508546.501824,16.732813,-0.019800,-0.022670,-1.538160,ndi
1786508546.519309,16.750297,-0.019830,-0.022640,-1.538130,ndi
1786508546.536786,16.767775,-0.019860,-0.022610,-1.538110,ndi
1786508546.551782,16.782771,-0.019870,-0.022590,-1.538100,ndi
1786508546.569311,16.800300,-0.019900,-0.022570,-1.538050,ndi
1786508546.586797,16.817786,-0.019940,-0.022540,-1.538020,ndi
1786508546.601790,16.832778,-0.019960,-0.022520,-1.537960,ndi
1786508546.619317,16.850305,-0.019980,-0.022500,-1.537960,ndi
1786508546.636787,16.867776,-0.020020,-0.022480,-1.537930,ndi
1786508546.651783,16.882772,-0.020040,-0.022460,-1.537890,ndi
1786508546.669272,16.900261,-0.020070,-0.022430,-1.537850,ndi
1786508546.686823,16.917812,-0.020110,-0.022420,-1.537830,ndi
1786508546.701813,16.932801,-0.020130,-0.022400,-1.537810,ndi
1786508546.719294,16.950283,-0.020160,-0.022370,-1.537790,ndi
1786508546.736784,16.967773,-0.020180,-0.022340,-1.537750,ndi
1786508546.751786,16.982775,-0.020210,-0.022330,-1.537730,ndi
1786508546.769324,17.000312,-0.020240,-0.022310,-1.537710,ndi
1786508546.786791,17.017780,-0.020270,-0.022270,-1.537650,ndi
1786508546.801785,17.032774,-0.020290,-0.022250,-1.537630,ndi
1786508546.819293,17.050282,-0.020320,-0.022220,-1.537630,ndi
1786508546.836771,17.067760,-0.020340,-0.022210,-1.537590,ndi
1786508546.851789,17.082777,-0.020370,-0.022190,-1.537590,ndi
1786508546.869284,17.100273,-0.020410,-0.022160,-1.537560,ndi
1786508546.886809,17.117797,-0.020430,-0.022140,-1.537520,ndi
1786508546.901800,17.132789,-0.020470,-0.022120,-1.537500,ndi
1786508546.919306,17.150295,-0.020490,-0.022100,-1.537480,ndi
1786508546.936794,17.167783,-0.020490,-0.022080,-1.537450,ndi
1786508546.951798,17.182786,-0.020500,-0.022080,-1.537440,ndi
1786508546.969307,17.200295,-0.020520,-0.022080,-1.537450,ndi
1786508546.986824,17.217813,-0.020520,-0.022060,-1.537440,ndi
1786508547.001863,17.232852,-0.020540,-0.022060,-1.537440,ndi
1786508547.019302,17.250291,-0.020550,-0.022060,-1.537420,ndi
1786508547.036785,17.267774,-0.020550,-0.022050,-1.537440,ndi
1786508547.051785,17.282773,-0.020560,-0.022030,-1.537430,ndi
1786508547.069296,17.300284,-0.020570,-0.022020,-1.537440,ndi
1786508547.086861,17.317850,-0.020570,-0.022040,-1.537420,ndi
1786508547.101775,17.332764,-0.020580,-0.022030,-1.537420,ndi
1786508547.119277,17.350265,-0.020590,-0.022010,-1.537440,ndi
1786508547.136770,17.367759,-0.020580,-0.022010,-1.537420,ndi
1786508547.151800,17.382789,-0.020580,-0.022030,-1.537420,ndi
1786508547.169285,17.400274,-0.020580,-0.022020,-1.537430,ndi
1786508547.186794,17.417782,-0.020580,-0.022010,-1.537420,ndi
1786508547.201794,17.432783,-0.020580,-0.022020,-1.537400,ndi
1786508547.219299,17.450288,-0.020590,-0.022030,-1.537410,ndi
1786508547.236755,17.467744,-0.020590,-0.022020,-1.537430,ndi
1786508547.251790,17.482779,-0.020590,-0.022020,-1.537420,ndi
1786508547.269296,17.500285,-0.020600,-0.022020,-1.537430,ndi
1786508547.286804,17.517793,-0.020600,-0.022030,-1.537420,ndi
1786508547.301778,17.532767,-0.020600,-0.022020,-1.537420,ndi
1786508547.319276,17.550265,-0.020600,-0.022020,-1.537440,ndi
1786508547.336790,17.567779,-0.020600,-0.022030,-1.537410,ndi
1786508547.351787,17.582776,-0.020590,-0.022030,-1.537420,ndi
1786508547.369326,17.600315,-0.020600,-0.022010,-1.537430,ndi
1786508547.386823,17.617812,-0.020610,-0.022020,-1.537430,ndi
1786508547.401764,17.632753,-0.020590,-0.022030,-1.537410,ndi
1786508547.419302,17.650291,-0.020600,-0.022030,-1.537430,ndi
1786508547.436790,17.667778,-0.020610,-0.022010,-1.537440,ndi
1786508547.451778,17.682767,-0.020600,-0.022030,-1.537430,ndi
1786508547.469291,17.700280,-0.020620,-0.022030,-1.537430,ndi
1786508547.486792,17.717780,-0.020610,-0.022020,-1.537430,ndi
1786508547.501810,17.732798,-0.020610,-0.022020,-1.537430,ndi
1786508547.519290,17.750279,-0.020620,-0.022030,-1.537440,ndi
1786508547.536797,17.767786,-0.020600,-0.022030,-1.537410,ndi
1786508547.551811,17.782800,-0.020610,-0.022030,-1.537410,ndi
1786508547.569312,17.800301,-0.020610,-0.022030,-1.537430,ndi
1786508547.586804,17.817793,-0.020610,-0.022030,-1.537450,ndi
1786508547.601780,17.832769,-0.020610,-0.022040,-1.537430,ndi
1786508547.619305,17.850293,-0.020620,-0.022030,-1.537440,ndi
1786508547.636780,17.867769,-0.020620,-0.022020,-1.537450,ndi
1786508547.651799,17.882788,-0.020610,-0.022030,-1.537440,ndi
1786508547.669297,17.900286,-0.020630,-0.022030,-1.537430,ndi
1786508547.686762,17.917751,-0.020630,-0.022030,-1.537410,ndi
1786508547.701786,17.932775,-0.020630,-0.022020,-1.537430,ndi
1786508547.719302,17.950291,-0.020630,-0.022030,-1.537440,ndi
1786508547.736795,17.967784,-0.020610,-0.022040,-1.537420,ndi
1786508547.751794,17.982783,-0.020630,-0.022030,-1.537440,ndi
1786508547.769306,18.000295,-0.020620,-0.022020,-1.537430,ndi
1786508547.786804,18.017793,-0.020620,-0.022030,-1.537430,ndi
1786508547.801806,18.032794,-0.020620,-0.022040,-1.537430,ndi
1786508547.819307,18.050296,-0.020630,-0.022030,-1.537440,ndi
1786508547.836774,18.067763,-0.020620,-0.022020,-1.537430,ndi
1786508547.851804,18.082793,-0.020630,-0.022030,-1.537410,ndi
1786508547.869307,18.100296,-0.020630,-0.022040,-1.537430,ndi
1786508547.886755,18.117743,-0.020630,-0.022030,-1.537410,ndi
1786508547.901810,18.132799,-0.020640,-0.022030,-1.537430,ndi
1786508547.919322,18.150311,-0.020640,-0.022040,-1.537420,ndi
1786508547.936800,18.167789,-0.020620,-0.022040,-1.537420,ndi
1786508547.951788,18.182776,-0.020640,-0.022030,-1.537420,ndi
1786508547.969318,18.200307,-0.020630,-0.022030,-1.537440,ndi
1786508547.986800,18.217789,-0.020620,-0.022040,-1.537440,ndi
1786508548.001816,18.232805,-0.020640,-0.022040,-1.537420,ndi
1786508548.019291,18.250280,-0.020620,-0.022020,-1.537390,ndi
1786508548.036790,18.267778,-0.020620,-0.022040,-1.537420,ndi
1786508548.051786,18.282775,-0.020640,-0.022050,-1.537430,ndi
1786508548.069319,18.300308,-0.020640,-0.022040,-1.537430,ndi
1786508548.086795,18.317784,-0.020650,-0.022030,-1.537420,ndi
1786508548.101795,18.332784,-0.020640,-0.022040,-1.537430,ndi
1786508548.119308,18.350296,-0.020640,-0.022040,-1.537440,ndi
1786508548.136801,18.367790,-0.020640,-0.022030,-1.537420,ndi
1786508548.151795,18.382783,-0.020630,-0.022030,-1.537430,ndi
1786508548.169316,18.400305,-0.020640,-0.022040,-1.537430,ndi
1786508548.186784,18.417773,-0.020640,-0.022040,-1.537450,ndi
1786508548.201819,18.432807,-0.020640,-0.022030,-1.537430,ndi
1786508548.219292,18.450281,-0.020640,-0.022040,-1.537440,ndi
1786508548.236800,18.467788,-0.020650,-0.022040,-1.537410,ndi
1786508548.251806,18.482795,-0.020650,-0.022030,-1.537420,ndi
1786508548.269317,18.500306,-0.020650,-0.022030,-1.537400,ndi
1786508548.286774,18.517763,-0.020650,-0.022050,-1.537440,ndi
1786508548.301896,18.532884,-0.020650,-0.022040,-1.537420,ndi
1786508548.319367,18.550356,-0.020640,-0.022030,-1.537420,ndi
1786508548.336804,18.567793,-0.020630,-0.022040,-1.537440,ndi
1786508548.351812,18.582801,-0.020650,-0.022050,-1.537430,ndi
1786508548.369327,18.600315,-0.020650,-0.022040,-1.537410,ndi
1786508548.386815,18.617804,-0.020640,-0.022030,-1.537440,ndi
1786508548.401795,18.632784,-0.020660,-0.022040,-1.537450,ndi
1786508548.419312,18.650301,-0.020660,-0.022050,-1.537430,ndi
1786508548.436793,18.667782,-0.020650,-0.022040,-1.537410,ndi
1786508548.451824,18.682812,-0.020660,-0.022030,-1.537430,ndi
1786508548.469294,18.700283,-0.020660,-0.022040,-1.537430,ndi
1786508548.486772,18.717761,-0.020660,-0.022050,-1.537450,ndi
1786508548.501880,18.732869,-0.020650,-0.022050,-1.537440,ndi
1786508548.519332,18.750321,-0.020650,-0.022030,-1.537440,ndi
1786508548.536820,18.767809,-0.020650,-0.022040,-1.537440,ndi
1786508548.551839,18.782828,-0.020640,-0.022060,-1.537450,ndi
1786508548.569320,18.800309,-0.020650,-0.022040,-1.537450,ndi
1786508548.586816,18.817805,-0.020660,-0.022030,-1.537440,ndi
1786508548.601808,18.832796,-0.020660,-0.022040,-1.537440,ndi
1786508548.619303,18.850292,-0.020650,-0.022060,-1.537440,ndi
1786508548.636800,18.867789,-0.020660,-0.022040,-1.537420,ndi
1786508548.651811,18.882800,-0.020660,-0.022030,-1.537440,ndi
1786508548.669279,18.900267,-0.020670,-0.022040,-1.537460,ndi
1786508548.686805,18.917794,-0.020660,-0.022050,-1.537440,ndi
1786508548.701807,18.932796,-0.020660,-0.022050,-1.537440,ndi
1786508548.719346,18.950335,-0.020650,-0.022030,-1.537420,ndi
1786508548.736806,18.967795,-0.020660,-0.022040,-1.537410,ndi
1786508548.751819,18.982807,-0.020660,-0.022060,-1.537440,ndi
1786508548.769327,19.000316,-0.020660,-0.022040,-1.537430,ndi
1786508548.786815,19.017804,-0.020660,-0.022040,-1.537430,ndi
1786508548.801810,19.032798,-0.020660,-0.022050,-1.537410,ndi
1786508548.819317,19.050306,-0.020660,-0.022060,-1.537440,ndi
1786508548.836831,19.067820,-0.020670,-0.022040,-1.537430,ndi
1786508548.851830,19.082819,-0.020670,-0.022040,-1.537430,ndi
1786508548.869305,19.100294,-0.020670,-0.022060,-1.537440,ndi
1786508548.886791,19.117779,-0.020670,-0.022060,-1.537430,ndi
1786508548.901823,19.132812,-0.020660,-0.022040,-1.537440,ndi
1786508548.919367,19.150356,-0.020660,-0.022040,-1.537420,ndi
1786508548.936827,19.167816,-0.020660,-0.022060,-1.537440,ndi
1786508548.951835,19.182823,-0.020660,-0.022060,-1.537430,ndi
1786508548.969331,19.200320,-0.020650,-0.022040,-1.537440,ndi
1786508548.986818,19.217807,-0.020670,-0.022040,-1.537460,ndi
1786508549.001816,19.232804,-0.020660,-0.022070,-1.537430,ndi
1786508549.019330,19.250319,-0.020660,-0.022060,-1.537430,ndi
1786508549.036820,19.267809,-0.020680,-0.022030,-1.537420,ndi
1786508549.051800,19.282788,-0.020670,-0.022040,-1.537410,ndi
1786508549.069301,19.300289,-0.020670,-0.022070,-1.537430,ndi
1786508549.086790,19.317779,-0.020670,-0.022060,-1.537420,ndi
1786508549.101844,19.332833,-0.020660,-0.022040,-1.537430,ndi
1786508549.119362,19.350351,-0.020670,-0.022040,-1.537400,ndi
1786508549.136833,19.367822,-0.020670,-0.022070,-1.537420,ndi
1786508549.151829,19.382818,-0.020650,-0.022050,-1.537390,ndi
1786508549.169341,19.400330,-0.020680,-0.022040,-1.537420,ndi
1786508549.186778,19.417767,-0.020670,-0.022050,-1.537430,ndi
1786508549.201806,19.432795,-0.020650,-0.022060,-1.537420,ndi
1786508549.219321,19.450309,-0.020680,-0.022050,-1.537450,ndi
1786508549.236815,19.467804,-0.020670,-0.022040,-1.537420,ndi
1786508549.251797,19.482786,-0.020670,-0.022050,-1.537410,ndi
1786508549.269306,19.500294,-0.020670,-0.022060,-1.537400,ndi
1786508549.286821,19.517809,-0.020670,-0.022050,-1.537420,ndi
1786508549.301827,19.532816,-0.020660,-0.022040,-1.537420,ndi
1786508549.319359,19.550348,-0.020670,-0.022050,-1.537420,ndi
1786508549.336826,19.567814,-0.020670,-0.022060,-1.537410,ndi
1786508549.351800,19.582789,-0.020660,-0.022050,-1.537410,ndi
1786508549.369359,19.600348,-0.020670,-0.022050,-1.537420,ndi
1786508549.386848,19.617836,-0.020670,-0.022060,-1.537420,ndi
1786508549.401822,19.632811,-0.020660,-0.022060,-1.537410,ndi
1786508549.419349,19.650338,-0.020680,-0.022050,-1.537410,ndi
1786508549.436816,19.667805,-0.020680,-0.022050,-1.537420,ndi
1786508549.451813,19.682802,-0.020680,-0.022060,-1.537440,ndi
1786508549.469306,19.700294,-0.020680,-0.022060,-1.537430,ndi
1786508549.486830,19.717818,-0.020670,-0.022050,-1.537420,ndi
1786508549.501838,19.732827,-0.020670,-0.022040,-1.537400,ndi
1786508549.519375,19.750364,-0.020680,-0.022060,-1.537430,ndi
1786508549.536821,19.767810,-0.020670,-0.022060,-1.537440,ndi
1786508549.551802,19.782791,-0.020680,-0.022050,-1.537430,ndi
1786508549.569341,19.800330,-0.020670,-0.022050,-1.537410,ndi
1786508549.586823,19.817811,-0.020680,-0.022060,-1.537420,ndi
1786508549.601823,19.832812,-0.020680,-0.022060,-1.537440,ndi
1786508549.619446,19.850435,-0.020680,-0.022050,-1.537440,ndi
1786508549.636812,19.867800,-0.020690,-0.022050,-1.537420,ndi
1786508549.651812,19.882801,-0.020680,-0.022060,-1.537440,ndi
1786508549.669328,19.900317,-0.020670,-0.022060,-1.537430,ndi
1786508549.686818,19.917807,-0.020680,-0.022040,-1.537420,ndi
1786508549.701835,19.932823,-0.020680,-0.022060,-1.537440,ndi
1786508549.719348,19.950337,-0.020680,-0.022060,-1.537430,ndi
1786508549.736833,19.967822,-0.020680,-0.022050,-1.537440,ndi
1786508549.751835,19.982824,-0.020680,-0.022050,-1.537420,ndi
1786508549.769350,20.000338,-0.020690,-0.022060,-1.537440,ndi
1786508549.786836,20.017824,-0.020670,-0.022060,-1.537440,ndi
1786508549.801836,20.032824,-0.020690,-0.022050,-1.537450,ndi
1786508549.819375,20.050364,-0.020690,-0.022050,-1.537440,ndi
1786508549.836812,20.067801,-0.020690,-0.022060,-1.537410,ndi
1786508549.851804,20.082793,-0.020690,-0.022060,-1.537440,ndi
1786508549.869324,20.100312,-0.020680,-0.022050,-1.537440,ndi
1786508549.886832,20.117821,-0.020680,-0.022060,-1.537440,ndi
1786508549.901891,20.132880,-0.020670,-0.022060,-1.537430,ndi
1786508549.919357,20.150345,-0.020690,-0.022050,-1.537430,ndi
1786508549.936792,20.167781,-0.020680,-0.022060,-1.537430,ndi
1786508549.951844,20.182833,-0.020690,-0.022060,-1.537420,ndi
1786508549.969339,20.200328,-0.020680,-0.022050,-1.537430,ndi
1786508549.986823,20.217812,-0.020670,-0.022050,-1.537450,ndi
1786508550.001819,20.232808,-0.020700,-0.022060,-1.537440,ndi
1786508550.019372,20.250360,-0.020680,-0.022060,-1.537420,ndi
1786508550.036815,20.267804,-0.020690,-0.022050,-1.537430,ndi
1786508550.051817,20.282806,-0.020690,-0.022050,-1.537430,ndi
1786508550.069348,20.300337,-0.020680,-0.022060,-1.537420,ndi
1786508550.086851,20.317839,-0.020680,-0.022060,-1.537460,ndi
1786508550.101833,20.332822,-0.020690,-0.022050,-1.537430,ndi
1786508550.119357,20.350346,-0.020680,-0.022060,-1.537430,ndi
1786508550.136810,20.367798,-0.020670,-0.022070,-1.537410,ndi
1786508550.151853,20.382842,-0.020690,-0.022060,-1.537420,ndi
1786508550.169364,20.400353,-0.020690,-0.022040,-1.537440,ndi
1786508550.186803,20.417791,-0.020680,-0.022060,-1.537410,ndi
1786508550.201854,20.432843,-0.020700,-0.022070,-1.537430,ndi
1786508550.219387,20.450376,-0.020680,-0.022060,-1.537430,ndi
1786508550.236811,20.467799,-0.020690,-0.022050,-1.537450,ndi
1786508550.251831,20.482820,-0.020700,-0.022060,-1.537460,ndi
1786508550.269362,20.500350,-0.020680,-0.022070,-1.537430,ndi
1786508550.286841,20.517830,-0.020680,-0.022050,-1.537420,ndi
1786508550.301851,20.532840,-0.020680,-0.022060,-1.537420,ndi
1786508550.319364,20.550353,-0.020690,-0.022070,-1.537430,ndi
1786508550.336837,20.567826,-0.020690,-0.022060,-1.537410,ndi
1786508550.351848,20.582836,-0.020690,-0.022050,-1.537420,ndi
1786508550.369352,20.600341,-0.020690,-0.022060,-1.537440,ndi
1786508550.386841,20.617830,-0.020690,-0.022070,-1.537450,ndi
1786508550.401849,20.632838,-0.020700,-0.022060,-1.537440,ndi
1786508550.419368,20.650357,-0.020700,-0.022050,-1.537430,ndi
1786508550.436837,20.667825,-0.020700,-0.022060,-1.537440,ndi
1786508550.451836,20.682825,-0.020690,-0.022070,-1.537440,ndi
1786508550.469354,20.700342,-0.020690,-0.022060,-1.537430,ndi
1786508550.486851,20.717840,-0.020700,-0.022050,-1.537420,ndi
1786508550.501862,20.732851,-0.020680,-0.022060,-1.537430,ndi
1786508550.519372,20.750360,-0.020680,-0.022070,-1.537440,ndi
1786508550.536869,20.767858,-0.020690,-0.022060,-1.537420,ndi
1786508550.551857,20.782846,-0.020690,-0.022050,-1.537410,ndi
1786508550.569350,20.800339,-0.020690,-0.022060,-1.537420,ndi
1786508550.586838,20.817827,-0.020700,-0.022070,-1.537430,ndi
1786508550.601855,20.832844,-0.020700,-0.022060,-1.537440,ndi
1786508550.619388,20.850377,-0.020700,-0.022060,-1.537430,ndi
1786508550.636814,20.867803,-0.020700,-0.022060,-1.537430,ndi
1786508550.651831,20.882819,-0.020700,-0.022070,-1.537420,ndi
1786508550.669359,20.900348,-0.020690,-0.022060,-1.537420,ndi
1786508550.686869,20.917858,-0.020690,-0.022060,-1.537440,ndi
1786508550.701875,20.932864,-0.020690,-0.022060,-1.537440,ndi
1786508550.719362,20.950351,-0.020690,-0.022060,-1.537420,ndi
1786508550.736854,20.967843,-0.020700,-0.022060,-1.537420,ndi
1786508550.751827,20.982816,-0.020690,-0.022060,-1.537460,ndi
1786508550.769335,21.000324,-0.020700,-0.022060,-1.537440,ndi
1786508550.786848,21.017837,-0.020710,-0.022060,-1.537420,ndi
1786508550.801839,21.032828,-0.020700,-0.022060,-1.537450,ndi
1786508550.819402,21.050391,-0.020710,-0.022070,-1.537450,ndi
1786508550.836820,21.067808,-0.020690,-0.022060,-1.537420,ndi
1786508550.851858,21.082847,-0.020700,-0.022060,-1.537400,ndi
1786508550.869376,21.100364,-0.020700,-0.022060,-1.537450,ndi
1786508550.886842,21.117831,-0.020690,-0.022070,-1.537440,ndi
1786508550.901862,21.132851,-0.020700,-0.022060,-1.537430,ndi
1786508550.919353,21.150342,-0.020700,-0.022060,-1.537440,ndi
1786508550.936856,21.167845,-0.020700,-0.022070,-1.537450,ndi
1786508550.951845,21.182833,-0.020700,-0.022070,-1.537440,ndi
1786508550.969338,21.200326,-0.020700,-0.022070,-1.537440,ndi
1786508550.986853,21.217842,-0.020700,-0.022060,-1.537440,ndi
1786508551.001859,21.232847,-0.020700,-0.022070,-1.537440,ndi
1786508551.019375,21.250364,-0.020720,-0.022070,-1.537450,ndi
1786508551.036847,21.267836,-0.020700,-0.022060,-1.537430,ndi
1786508551.051865,21.282854,-0.020700,-0.022060,-1.537430,ndi
1786508551.069377,21.300365,-0.020710,-0.022070,-1.537450,ndi
1786508551.086843,21.317832,-0.020690,-0.022070,-1.537420,ndi
1786508551.101843,21.332831,-0.020700,-0.022060,-1.537420,ndi
1786508551.119360,21.350348,-0.020700,-0.022060,-1.537430,ndi
1786508551.136832,21.367820,-0.020690,-0.022070,-1.537440,ndi
1786508551.151849,21.382838,-0.020700,-0.022080,-1.537440,ndi
1786508551.169359,21.400348,-0.020700,-0.022060,-1.537410,ndi
1786508551.186847,21.417836,-0.020710,-0.022060,-1.537430,ndi
1786508551.201818,21.432806,-0.020720,-0.022070,-1.537430,ndi
1786508551.219352,21.450341,-0.020700,-0.022070,-1.537430,ndi
1786508551.236876,21.467865,-0.020700,-0.022050,-1.537460,ndi
1786508551.251851,21.482840,-0.020710,-0.022060,-1.537430,ndi
1786508551.269363,21.500352,-0.020710,-0.022080,-1.537430,ndi
1786508551.286852,21.517841,-0.020690,-0.022070,-1.537410,ndi
1786508551.301834,21.532822,-0.020700,-0.022050,-1.537410,ndi
1786508551.319372,21.550360,-0.020710,-0.022060,-1.537450,ndi
1786508551.336838,21.567827,-0.020700,-0.022070,-1.537440,ndi
1786508551.351834,21.582823,-0.020700,-0.022070,-1.537450,ndi
1786508551.369382,21.600370,-0.020710,-0.022060,-1.537400,ndi
1786508551.386841,21.617830,-0.020700,-0.022070,-1.537430,ndi
1786508551.401834,21.632823,-0.020710,-0.022080,-1.537470,ndi
1786508551.419341,21.650329,-0.020700,-0.022060,-1.537450,ndi
1786508551.436881,21.667870,-0.020700,-0.022060,-1.537430,ndi
1786508551.451894,21.682883,-0.020700,-0.022070,-1.537430,ndi
1786508551.469398,21.700387,-0.020700,-0.022070,-1.537430,ndi
1786508551.486896,21.717885,-0.020700,-0.022070,-1.537440,ndi
1786508551.501826,21.732815,-0.020700,-0.022060,-1.537450,ndi
1786508551.519390,21.750379,-0.020710,-0.022070,-1.537440,ndi
1786508551.536851,21.767840,-0.020700,-0.022070,-1.537440,ndi
1786508551.551865,21.782853,-0.020720,-0.022070,-1.537460,ndi
1786508551.569389,21.800378,-0.020710,-0.022070,-1.537440,ndi
1786508551.586828,21.817817,-0.020710,-0.022070,-1.537460,ndi
1786508551.601833,21.832822,-0.020720,-0.022070,-1.537470,ndi
1786508551.619364,21.850352,-0.020700,-0.022070,-1.537440,ndi
1786508551.636864,21.867852,-0.020700,-0.022070,-1.537450,ndi
1786508551.651863,21.882852,-0.020700,-0.022060,-1.537450,ndi
1786508551.669372,21.900361,-0.020700,-0.022070,-1.537430,ndi
1786508551.686858,21.917846,-0.020700,-0.022070,-1.537450,ndi
1786508551.701860,21.932849,-0.020710,-0.022070,-1.537460,ndi
1786508551.719377,21.950366,-0.020710,-0.022060,-1.537440,ndi
1786508551.736848,21.967836,-0.020700,-0.022080,-1.537440,ndi
1786508551.751926,21.982915,-0.020710,-0.022080,-1.537440,ndi
1786508551.769382,22.000371,-0.020710,-0.022060,-1.537440,ndi
1786508551.786842,22.017831,-0.020710,-0.022070,-1.537450,ndi
1786508551.801846,22.032834,-0.020720,-0.022080,-1.537450,ndi
1786508551.819347,22.050336,-0.020710,-0.022070,-1.537440,ndi
1786508551.836902,22.067891,-0.020700,-0.022060,-1.537440,ndi
1786508551.851886,22.082875,-0.020700,-0.022070,-1.537430,ndi
1786508551.869371,22.100360,-0.020700,-0.022080,-1.537450,ndi
1786508551.886840,22.117829,-0.020710,-0.022070,-1.537470,ndi
1786508551.901861,22.132850,-0.020710,-0.022060,-1.537450,ndi
1786508551.919366,22.150355,-0.020710,-0.022080,-1.537430,ndi
1786508551.936859,22.167847,-0.020700,-0.022080,-1.537460,ndi
1786508551.951853,22.182842,-0.020720,-0.022060,-1.537450,ndi
1786508551.969364,22.200353,-0.020720,-0.022060,-1.537460,ndi
1786508551.986837,22.217825,-0.020720,-0.022090,-1.537460,ndi
1786508552.001826,22.232815,-0.020710,-0.022080,-1.537460,ndi
1786508552.019448,22.250436,-0.020710,-0.022050,-1.537470,ndi
1786508552.036893,22.267881,-0.020720,-0.022080,-1.537460,ndi
1786508552.051883,22.282871,-0.020710,-0.022090,-1.537440,ndi
1786508552.069380,22.300369,-0.020710,-0.022060,-1.537440,ndi
1786508552.086843,22.317831,-0.020710,-0.022060,-1.537440,ndi
1786508552.101875,22.332864,-0.020720,-0.022080,-1.537450,ndi
1786508552.119352,22.350341,-0.020720,-0.022080,-1.537460,ndi
1786508552.136857,22.367845,-0.020720,-0.022060,-1.537460,ndi
1786508552.151875,22.382863,-0.020720,-0.022060,-1.537440,ndi
1786508552.169390,22.400378,-0.020710,-0.022080,-1.537460,ndi
1786508552.186836,22.417825,-0.020730,-0.022080,-1.537470,ndi
1786508552.201818,22.432807,-0.020720,-0.022060,-1.537460,ndi
1786508552.219379,22.450368,-0.020710,-0.022070,-1.537450,ndi
1786508552.236891,22.467880,-0.020710,-0.022080,-1.537470,ndi
1786508552.251876,22.482865,-0.020720,-0.022080,-1.537430,ndi
1786508552.269389,22.500378,-0.020710,-0.022060,-1.537440,ndi
1786508552.286915,22.517904,-0.020720,-0.022070,-1.537450,ndi
1786508552.301876,22.532865,-0.020730,-0.022080,-1.537450,ndi
1786508552.319386,22.550375,-0.020710,-0.022070,-1.537460,ndi
1786508552.336869,22.567857,-0.020720,-0.022060,-1.537440,ndi
1786508552.351890,22.582879,-0.020730,-0.022080,-1.537450,ndi
1786508552.369422,22.600411,-0.020730,-0.022080,-1.537450,ndi
1786508552.386921,22.617910,-0.020730,-0.022060,-1.537450,ndi
1786508552.401859,22.632848,-0.020730,-0.022060,-1.537450,ndi
1786508552.419411,22.650400,-0.020730,-0.022080,-1.537450,ndi
1786508552.436904,22.667893,-0.020730,-0.022080,-1.537460,ndi
1786508552.451895,22.682884,-0.020730,-0.022060,-1.537430,ndi
1786508552.469405,22.700394,-0.020730,-0.022060,-1.537450,ndi
1786508552.486873,22.717862,-0.020740,-0.022080,-1.537450,ndi
1786508552.501850,22.732839,-0.020760,-0.022070,-1.537450,ndi
1786508552.519398,22.750387,-0.020750,-0.022050,-1.537440,ndi
1786508552.536872,22.767861,-0.020780,-0.022030,-1.537530,ndi
1786508552.551895,22.782884,-0.020790,-0.022020,-1.537540,ndi
1786508552.569370,22.800359,-0.020800,-0.021980,-1.537550,ndi
1786508552.586855,22.817843,-0.020820,-0.021930,-1.537600,ndi
1786508552.601851,22.832840,-0.020840,-0.021890,-1.537650,ndi
1786508552.619402,22.850391,-0.020850,-0.021850,-1.537720,ndi
1786508552.636918,22.867907,-0.020890,-0.021800,-1.537770,ndi
1786508552.651867,22.882856,-0.020900,-0.021740,-1.537830,ndi
1786508552.669367,22.900356,-0.020910,-0.021700,-1.537910,ndi
1786508552.686891,22.917879,-0.020950,-0.021650,-1.537970,ndi
1786508552.701876,22.932864,-0.020950,-0.021610,-1.538010,ndi
1786508552.719376,22.950365,-0.020980,-0.021560,-1.538060,ndi
1786508552.736896,22.967885,-0.021010,-0.021520,-1.538120,ndi
1786508552.751879,22.982868,-0.021020,-0.021500,-1.538170,ndi
1786508552.769371,23.000359,-0.021030,-0.021450,-1.538220,ndi
1786508552.786864,23.017853,-0.021050,-0.021390,-1.538260,ndi
1786508552.801910,23.032899,-0.021050,-0.021360,-1.538330,ndi
1786508552.819423,23.050412,-0.021070,-0.021330,-1.538350,ndi
1786508552.836935,23.067924,-0.021090,-0.021300,-1.538390,ndi
1786508552.851903,23.082892,-0.021090,-0.021260,-1.538420,ndi
1786508552.869377,23.100365,-0.021120,-0.021220,-1.538480,ndi
1786508552.886889,23.117878,-0.021140,-0.021170,-1.538540,ndi
1786508552.901872,23.132861,-0.021150,-0.021130,-1.538580,ndi
1786508552.919396,23.150384,-0.021160,-0.021080,-1.538610,ndi
1786508552.936888,23.167877,-0.021190,-0.021040,-1.538680,ndi
1786508552.951862,23.182851,-0.021190,-0.021000,-1.538740,ndi
1786508552.969375,23.200364,-0.021210,-0.020960,-1.538810,ndi
1786508552.986873,23.217862,-0.021210,-0.020920,-1.538840,ndi
1786508553.001925,23.232914,-0.021220,-0.020890,-1.538870,ndi
1786508553.019415,23.250404,-0.021230,-0.020830,-1.538930,ndi
1786508553.036947,23.267936,-0.021240,-0.020790,-1.538940,ndi
1786508553.051913,23.282901,-0.021260,-0.020770,-1.539030,ndi
1786508553.069417,23.300406,-0.021270,-0.020730,-1.539050,ndi
1786508553.086859,23.317848,-0.021290,-0.020680,-1.539130,ndi
1786508553.101872,23.332860,-0.021290,-0.020650,-1.539170,ndi
1786508553.119381,23.350370,-0.021310,-0.020610,-1.539240,ndi
1786508553.136860,23.367848,-0.021320,-0.020560,-1.539300,ndi
1786508553.151862,23.382851,-0.021320,-0.020520,-1.539340,ndi
1786508553.169371,23.400360,-0.021340,-0.020480,-1.539400,ndi
1786508553.186868,23.417857,-0.021340,-0.020430,-1.539490,ndi
1786508553.201893,23.432882,-0.021350,-0.020380,-1.539520,ndi
1786508553.219409,23.450397,-0.021370,-0.020340,-1.539570,ndi
1786508553.236952,23.467941,-0.021370,-0.020300,-1.539640,ndi
1786508553.251876,23.482864,-0.021360,-0.020260,-1.539650,ndi
1786508553.269417,23.500406,-0.021390,-0.020210,-1.539710,ndi
1786508553.286885,23.517874,-0.021390,-0.020160,-1.539810,ndi
1786508553.301879,23.532868,-0.021390,-0.020130,-1.539820,ndi
1786508553.319406,23.550395,-0.021410,-0.020070,-1.539890,ndi
1786508553.334478,23.565466,-0.021420,-0.020030,-1.539960,ndi
1786508553.351882,23.582871,-0.021430,-0.020000,-1.540030,ndi
1786508553.369375,23.600364,-0.021430,-0.019960,-1.540070,ndi
1786508553.386914,23.617903,-0.021420,-0.019890,-1.540140,ndi
1786508553.401911,23.632900,-0.021430,-0.019860,-1.540190,ndi
1786508553.419401,23.650390,-0.021450,-0.019830,-1.540230,ndi
1786508553.436996,23.667985,-0.021440,-0.019780,-1.540330,ndi
1786508553.451884,23.682873,-0.021450,-0.019720,-1.540380,ndi
1786508553.469405,23.700393,-0.021460,-0.019690,-1.540440,ndi
1786508553.486895,23.717884,-0.021450,-0.019650,-1.540510,ndi
1786508553.501912,23.732901,-0.021470,-0.019600,-1.540570,ndi
1786508553.519427,23.750416,-0.021480,-0.019560,-1.540640,ndi
1786508553.536893,23.767882,-0.021480,-0.019530,-1.540710,ndi
1786508553.551883,23.782871,-0.021480,-0.019500,-1.540760,ndi
1786508553.569402,23.800391,-0.021480,-0.019430,-1.540780,ndi
1786508553.586901,23.817890,-0.021470,-0.019380,-1.540850,ndi
1786508553.601932,23.832921,-0.021470,-0.019370,-1.540920,ndi
1786508553.619430,23.850419,-0.021480,-0.019330,-1.540970,ndi
1786508553.636908,23.867897,-0.021470,-0.019260,-1.541000,ndi
1786508553.651934,23.882923,-0.021480,-0.019230,-1.541030,ndi
1786508553.669426,23.900415,-0.021490,-0.019210,-1.541070,ndi
1786508553.686923,23.917911,-0.021470,-0.019160,-1.541150,ndi
1786508553.701890,23.932879,-0.021490,-0.019100,-1.541220,ndi
1786508553.719396,23.950385,-0.021490,-0.019070,-1.541240,ndi
1786508553.736861,23.967849,-0.021490,-0.019040,-1.541320,ndi
1786508553.751866,23.982855,-0.021490,-0.019000,-1.541410,ndi
1786508553.769409,24.000397,-0.021480,-0.018930,-1.541450,ndi
1786508553.786907,24.017896,-0.021470,-0.018900,-1.541490,ndi
1786508553.801921,24.032909,-0.021470,-0.018880,-1.541560,ndi
1786508553.819398,24.050387,-0.021480,-0.018830,-1.541620,ndi
1786508553.836883,24.067872,-0.021460,-0.018770,-1.541670,ndi
1786508553.851921,24.082910,-0.021460,-0.018740,-1.541720,ndi
1786508553.869452,24.100440,-0.021470,-0.018720,-1.541760,ndi
1786508553.886873,24.117862,-0.021460,-0.018660,-1.541850,ndi
1786508553.901877,24.132865,-0.021450,-0.018610,-1.541870,ndi
1786508553.919406,24.150395,-0.021460,-0.018580,-1.541960,ndi
1786508553.936875,24.167864,-0.021460,-0.018550,-1.542030,ndi
1786508553.951871,24.182860,-0.021440,-0.018490,-1.542060,ndi
1786508553.969404,24.200392,-0.021440,-0.018430,-1.542140,ndi
1786508553.986902,24.217891,-0.021430,-0.018400,-1.542240,ndi
1786508554.001917,24.232905,-0.021420,-0.018360,-1.542290,ndi
1786508554.019417,24.250406,-0.021420,-0.018300,-1.542340,ndi
1786508554.036882,24.267871,-0.021400,-0.018240,-1.542400,ndi
1786508554.051921,24.282910,-0.021420,-0.018230,-1.542470,ndi
1786508554.069404,24.300393,-0.021410,-0.018180,-1.542530,ndi
1786508554.086915,24.317904,-0.021380,-0.018110,-1.542550,ndi
1786508554.101918,24.332907,-0.021390,-0.018080,-1.542600,ndi
1786508554.119421,24.350410,-0.021380,-0.018060,-1.542650,ndi
1786508554.136864,24.367853,-0.021370,-0.018020,-1.542740,ndi
1786508554.151903,24.382892,-0.021360,-0.017950,-1.542790,ndi
1786508554.169420,24.400409,-0.021330,-0.017920,-1.542800,ndi
1786508554.186916,24.417904,-0.021320,-0.017890,-1.542860,ndi
1786508554.201889,24.432878,-0.021320,-0.017850,-1.542910,ndi
1786508554.219416,24.450404,-0.021310,-0.017790,-1.543000,ndi
1786508554.236895,24.467883,-0.021300,-0.017760,-1.543050,ndi
1786508554.251914,24.482903,-0.021300,-0.017740,-1.543090,ndi
1786508554.269404,24.500393,-0.021280,-0.017690,-1.543180,ndi
1786508554.286894,24.517883,-0.021280,-0.017630,-1.543260,ndi
1786508554.301889,24.532877,-0.021270,-0.017610,-1.543290,ndi
1786508554.319370,24.550358,-0.021250,-0.017590,-1.543310,ndi
1786508554.334446,24.565434,-0.021250,-0.017540,-1.543380,ndi
1786508554.351898,24.582887,-0.021230,-0.017490,-1.543470,ndi
1786508554.369445,24.600433,-0.021210,-0.017480,-1.543470,ndi
1786508554.386975,24.617964,-0.021200,-0.017440,-1.543530,ndi
1786508554.401916,24.632905,-0.021180,-0.017390,-1.543580,ndi
1786508554.419419,24.650408,-0.021160,-0.017360,-1.543650,ndi
1786508554.436901,24.667890,-0.021160,-0.017330,-1.543660,ndi
1786508554.451919,24.682908,-0.021150,-0.017280,-1.543740,ndi
1786508554.469412,24.700401,-0.021130,-0.017230,-1.543760,ndi
1786508554.486902,24.717891,-0.021120,-0.017210,-1.543840,ndi
1786508554.501896,24.732884,-0.021100,-0.017170,-1.543890,ndi
1786508554.519409,24.750398,-0.021090,-0.017100,-1.543920,ndi
1786508554.536896,24.767885,-0.021070,-0.017060,-1.543990,ndi
1786508554.552050,24.783039,-0.021050,-0.017050,-1.544030,ndi
1786508554.569468,24.800456,-0.021030,-0.017000,-1.544090,ndi
1786508554.586920,24.817909,-0.021020,-0.016930,-1.544140,ndi
1786508554.601925,24.832914,-0.021000,-0.016890,-1.544200,ndi
1786508554.619419,24.850408,-0.020980,-0.016870,-1.544280,ndi
1786508554.636898,24.867886,-0.020960,-0.016810,-1.544330,ndi
1786508554.651923,24.882911,-0.020950,-0.016750,-1.544410,ndi
1786508554.669415,24.900404,-0.020940,-0.016730,-1.544460,ndi
1786508554.684486,24.915475,-0.020920,-0.016700,-1.544490,ndi
1786508554.701895,24.932884,-0.020890,-0.016640,-1.544560,ndi
1786508554.719416,24.950405,-0.020880,-0.016590,-1.544640,ndi
1786508554.734462,24.965451,-0.020850,-0.016570,-1.544670,ndi
1786508554.751966,24.982955,-0.020830,-0.016550,-1.544720,ndi
1786508554.769442,25.000431,-0.020820,-0.016480,-1.544780,ndi
1786508554.786925,25.017914,-0.020800,-0.016440,-1.544810,ndi
1786508554.801930,25.032919,-0.020770,-0.016430,-1.544870,ndi
1786508554.819437,25.050426,-0.020760,-0.016390,-1.544940,ndi
1786508554.836906,25.067895,-0.020750,-0.016320,-1.544990,ndi
1786508554.851890,25.082879,-0.020710,-0.016290,-1.545050,ndi
1786508554.869397,25.100386,-0.020700,-0.016280,-1.545100,ndi
1786508554.884463,25.115451,-0.020690,-0.016240,-1.545160,ndi
1786508554.901891,25.132880,-0.020670,-0.016170,-1.545220,ndi
1786508554.919449,25.150438,-0.020640,-0.016150,-1.545270,ndi
1786508554.934472,25.165460,-0.020630,-0.016140,-1.545290,ndi
1786508554.951965,25.182954,-0.020600,-0.016090,-1.545340,ndi
1786508554.969445,25.200434,-0.020580,-0.016040,-1.545400,ndi
1786508554.986919,25.217908,-0.020560,-0.016020,-1.545450,ndi
1786508555.001916,25.232905,-0.020540,-0.016000,-1.545490,ndi
1786508555.019434,25.250423,-0.020520,-0.015950,-1.545510,ndi
1786508555.036896,25.267884,-0.020490,-0.015910,-1.545580,ndi
1786508555.051899,25.282888,-0.020470,-0.015890,-1.545580,ndi
1786508555.069426,25.300415,-0.020450,-0.015860,-1.545620,ndi
1786508555.086919,25.317908,-0.020420,-0.015810,-1.545730,ndi
1786508555.101893,25.332882,-0.020400,-0.015770,-1.545750,ndi
1786508555.119452,25.350441,-0.020360,-0.015740,-1.545810,ndi
1786508555.136907,25.367896,-0.020350,-0.015710,-1.545880,ndi
1786508555.151998,25.382987,-0.020310,-0.015660,-1.545910,ndi
1786508555.169430,25.400418,-0.020290,-0.015620,-1.545970,ndi
1786508555.186976,25.417965,-0.020270,-0.015580,-1.546070,ndi
1786508555.201907,25.432896,-0.020240,-0.015550,-1.546120,ndi
1786508555.219424,25.450412,-0.020220,-0.015510,-1.546160,ndi
1786508555.236902,25.467891,-0.020190,-0.015470,-1.546210,ndi
1786508555.251911,25.482900,-0.020160,-0.015430,-1.546230,ndi
1786508555.269426,25.500415,-0.020130,-0.015380,-1.546290,ndi
1786508555.284468,25.515457,-0.020110,-0.015330,-1.546350,ndi
1786508555.301922,25.532910,-0.020070,-0.015300,-1.546410,ndi
1786508555.319425,25.550413,-0.020030,-0.015260,-1.546500,ndi
1786508555.336913,25.567902,-0.020000,-0.015200,-1.546510,ndi
1786508555.352119,25.583108,-0.019970,-0.015170,-1.546570,ndi
1786508555.369448,25.600437,-0.019950,-0.015150,-1.546620,ndi
1786508555.386909,25.617898,-0.019910,-0.015100,-1.546710,ndi
1786508555.401920,25.632908,-0.019890,-0.015050,-1.546740,ndi
1786508555.419451,25.650440,-0.019850,-0.015030,-1.546800,ndi
1786508555.436896,25.667885,-0.019820,-0.015010,-1.546860,ndi
1786508555.451922,25.682911,-0.019810,-0.014960,-1.546910,ndi
1786508555.469450,25.700438,-0.019770,-0.014900,-1.546980,ndi
1786508555.484466,25.715454,-0.019760,-0.014890,-1.547030,ndi
1786508555.501911,25.732899,-0.019710,-0.014880,-1.547050,ndi
1786508555.519424,25.750412,-0.019670,-0.014820,-1.547110,ndi
1786508555.536942,25.767930,-0.019650,-0.014770,-1.547140,ndi
1786508555.551939,25.782928,-0.019610,-0.014760,-1.547190,ndi
1786508555.569454,25.800442,-0.019580,-0.014740,-1.547220,ndi
1786508555.584492,25.815481,-0.019550,-0.014690,-1.547290,ndi
1786508555.601928,25.832916,-0.019520,-0.014640,-1.547320,ndi
1786508555.619457,25.850446,-0.019500,-0.014650,-1.547380,ndi
1786508555.636913,25.867902,-0.019460,-0.014610,-1.547410,ndi
1786508555.651930,25.882918,-0.019440,-0.014550,-1.547510,ndi
1786508555.669424,25.900413,-0.019410,-0.014530,-1.547530,ndi
1786508555.686884,25.917873,-0.019370,-0.014520,-1.547580,ndi
1786508555.701917,25.932906,-0.019350,-0.014480,-1.547620,ndi
1786508555.719498,25.950487,-0.019310,-0.014410,-1.547670,ndi
1786508555.736947,25.967936,-0.019270,-0.014400,-1.547720,ndi
1786508555.751925,25.982914,-0.019230,-0.014380,-1.547760,ndi
1786508555.769466,26.000455,-0.019200,-0.014320,-1.547790,ndi
1786508555.786895,26.017884,-0.019170,-0.014270,-1.547850,ndi
1786508555.801929,26.032917,-0.019130,-0.014260,-1.547910,ndi
1786508555.819423,26.050412,-0.019090,-0.014240,-1.547970,ndi
1786508555.836919,26.067907,-0.019050,-0.014170,-1.548020,ndi
1786508555.851902,26.082891,-0.019030,-0.014130,-1.548070,ndi
1786508555.869418,26.100407,-0.018980,-0.014120,-1.548130,ndi
1786508555.884471,26.115459,-0.018950,-0.014090,-1.548180,ndi
1786508555.901925,26.132913,-0.018900,-0.014030,-1.548250,ndi
1786508555.919452,26.150440,-0.018850,-0.013990,-1.548320,ndi
1786508555.936943,26.167932,-0.018800,-0.013970,-1.548330,ndi
1786508555.951918,26.182906,-0.018770,-0.013940,-1.548420,ndi
1786508555.969454,26.200443,-0.018730,-0.013880,-1.548470,ndi
1786508555.984506,26.215495,-0.018690,-0.013850,-1.548520,ndi
1786508556.001935,26.232924,-0.018640,-0.013830,-1.548570,ndi
1786508556.019422,26.250411,-0.018600,-0.013790,-1.548610,ndi
1786508556.036924,26.267913,-0.018570,-0.013740,-1.548670,ndi
1786508556.051931,26.282919,-0.018540,-0.013730,-1.548710,ndi
1786508556.069432,26.300421,-0.018510,-0.013710,-1.548740,ndi
1786508556.084457,26.315446,-0.018460,-0.013670,-1.548800,ndi
1786508556.101908,26.332896,-0.018420,-0.013620,-1.548830,ndi
1786508556.119463,26.350452,-0.018380,-0.013600,-1.548900,ndi
1786508556.136932,26.367920,-0.018340,-0.013590,-1.548920,ndi
1786508556.151918,26.382907,-0.018310,-0.013550,-1.548950,ndi
1786508556.169454,26.400443,-0.018270,-0.013500,-1.549030,ndi
1786508556.186934,26.417922,-0.018230,-0.013480,-1.549090,ndi
1786508556.201952,26.432940,-0.018190,-0.013470,-1.549090,ndi
1786508556.219427,26.450416,-0.018150,-0.013420,-1.549130,ndi
1786508556.236939,26.467928,-0.018120,-0.013380,-1.549150,ndi
1786508556.251941,26.482930,-0.018080,-0.013370,-1.549180,ndi
1786508556.269422,26.500411,-0.018050,-0.013350,-1.549250,ndi
1786508556.284475,26.515463,-0.018010,-0.013320,-1.549260,ndi
1786508556.301932,26.532921,-0.017960,-0.013270,-1.549280,ndi
1786508556.319458,26.550446,-0.017930,-0.013270,-1.549350,ndi
1786508556.336945,26.567934,-0.017890,-0.013240,-1.549380,ndi
1786508556.351943,26.582932,-0.017850,-0.013200,-1.549380,ndi
1786508556.369470,26.600459,-0.017810,-0.013160,-1.549460,ndi
1786508556.386935,26.617924,-0.017770,-0.013160,-1.549520,ndi
1786508556.401955,26.632944,-0.017720,-0.013130,-1.549540,ndi
1786508556.419442,26.650431,-0.017680,-0.013060,-1.549590,ndi
1786508556.436925,26.667914,-0.017640,-0.013040,-1.549640,ndi
1786508556.451938,26.682927,-0.017600,-0.013040,-1.549680,ndi
1786508556.469451,26.700440,-0.017550,-0.013010,-1.549720,ndi
1786508556.484488,26.715477,-0.017520,-0.012950,-1.549770,ndi
1786508556.501938,26.732927,-0.017460,-0.012940,-1.549820,ndi
1786508556.519473,26.750462,-0.017410,-0.012920,-1.549910,ndi
1786508556.536975,26.767964,-0.017360,-0.012870,-1.549980,ndi
1786508556.551946,26.782934,-0.017320,-0.012840,-1.550030,ndi
1786508556.569462,26.800450,-0.017260,-0.012830,-1.550090,ndi
1786508556.586949,26.817938,-0.017200,-0.012800,-1.550120,ndi
1786508556.601931,26.832920,-0.017170,-0.012760,-1.550180,ndi
1786508556.619430,26.850419,-0.017140,-0.012730,-1.550210,ndi
1786508556.634483,26.865472,-0.017090,-0.012720,-1.550240,ndi
1786508556.651932,26.882921,-0.017050,-0.012690,-1.550280,ndi
1786508556.669448,26.900437,-0.016990,-0.012650,-1.550340,ndi
1786508556.684497,26.915486,-0.016960,-0.012630,-1.550360,ndi
1786508556.701954,26.932943,-0.016900,-0.012620,-1.550390,ndi
1786508556.719452,26.950440,-0.016840,-0.012580,-1.550450,ndi
1786508556.736946,26.967935,-0.016800,-0.012530,-1.550460,ndi
1786508556.751951,26.982940,-0.016760,-0.012520,-1.550510,ndi
1786508556.769466,27.000455,-0.016710,-0.012510,-1.550550,ndi
1786508556.786931,27.017920,-0.016660,-0.012470,-1.550600,ndi
1786508556.801924,27.032913,-0.016620,-0.012430,-1.550620,ndi
1786508556.819454,27.050443,-0.016560,-0.012410,-1.550650,ndi
1786508556.834498,27.065486,-0.016530,-0.012390,-1.550700,ndi
1786508556.851921,27.082910,-0.016480,-0.012360,-1.550740,ndi
1786508556.869438,27.100427,-0.016420,-0.012320,-1.550750,ndi
1786508556.884490,27.115479,-0.016390,-0.012300,-1.550780,ndi
1786508556.901949,27.132938,-0.016320,-0.012280,-1.550790,ndi
1786508556.919453,27.150442,-0.016270,-0.012250,-1.550860,ndi
1786508556.936957,27.167946,-0.016230,-0.012220,-1.550920,ndi
1786508556.951950,27.182939,-0.016180,-0.012200,-1.550940,ndi
1786508556.969478,27.200467,-0.016130,-0.012180,-1.550990,ndi
1786508556.986925,27.217914,-0.016080,-0.012140,-1.551060,ndi
1786508557.001971,27.232960,-0.016030,-0.012110,-1.551090,ndi
1786508557.019473,27.250461,-0.015980,-0.012100,-1.551140,ndi
1786508557.036962,27.267951,-0.015920,-0.012070,-1.551180,ndi
1786508557.051949,27.282938,-0.015860,-0.012040,-1.551220,ndi
1786508557.069454,27.300443,-0.015810,-0.012010,-1.551240,ndi
1786508557.086955,27.317943,-0.015740,-0.012000,-1.551290,ndi
1786508557.101954,27.332943,-0.015690,-0.011970,-1.551320,ndi
1786508557.119466,27.350455,-0.015640,-0.011940,-1.551380,ndi
1786508557.136972,27.367961,-0.015580,-0.011910,-1.551410,ndi
1786508557.151941,27.382930,-0.015530,-0.011910,-1.551460,ndi
1786508557.169488,27.400477,-0.015480,-0.011870,-1.551510,ndi
1786508557.186938,27.417927,-0.015410,-0.011840,-1.551510,ndi
1786508557.201935,27.432924,-0.015350,-0.011810,-1.551590,ndi
1786508557.219456,27.450445,-0.015310,-0.011790,-1.551640,ndi
1786508557.236967,27.467956,-0.015240,-0.011760,-1.551680,ndi
1786508557.251954,27.482943,-0.015200,-0.011740,-1.551720,ndi
1786508557.269449,27.500437,-0.015130,-0.011720,-1.551750,ndi
1786508557.286965,27.517954,-0.015060,-0.011700,-1.551790,ndi
1786508557.301993,27.532981,-0.015020,-0.011670,-1.551850,ndi
1786508557.319454,27.550443,-0.014960,-0.011640,-1.551880,ndi
1786508557.336966,27.567955,-0.014890,-0.011620,-1.551910,ndi
1786508557.351944,27.582933,-0.014850,-0.011610,-1.551960,ndi
1786508557.369527,27.600516,-0.014800,-0.011570,-1.551980,ndi
1786508557.386945,27.617934,-0.014750,-0.011550,-1.552070,ndi
1786508557.401933,27.632922,-0.014700,-0.011540,-1.552090,ndi
1786508557.419466,27.650455,-0.014630,-0.011510,-1.552110,ndi
1786508557.436930,27.667918,-0.014580,-0.011470,-1.552160,ndi
1786508557.451946,27.682935,-0.014520,-0.011470,-1.552170,ndi
1786508557.469454,27.700443,-0.014470,-0.011460,-1.552250,ndi
1786508557.486974,27.717963,-0.014400,-0.011420,-1.552200,ndi
1786508557.501953,27.732942,-0.014340,-0.011390,-1.552250,ndi
1786508557.519469,27.750458,-0.014280,-0.011390,-1.552280,ndi
1786508557.536978,27.767967,-0.014210,-0.011380,-1.552340,ndi
1786508557.551951,27.782940,-0.014170,-0.011340,-1.552330,ndi
1786508557.569616,27.800605,-0.014120,-0.011320,-1.552390,ndi
1786508557.586962,27.817950,-0.014050,-0.011320,-1.552420,ndi
1786508557.601975,27.832964,-0.014010,-0.011300,-1.552420,ndi
1786508557.619483,27.850471,-0.013950,-0.011250,-1.552450,ndi
1786508557.634486,27.865475,-0.013910,-0.011230,-1.552470,ndi
1786508557.651958,27.882946,-0.013840,-0.011240,-1.552540,ndi
1786508557.669451,27.900440,-0.013780,-0.011210,-1.552520,ndi
1786508557.686957,27.917946,-0.013710,-0.011160,-1.552600,ndi
1786508557.701948,27.932937,-0.013650,-0.011160,-1.552620,ndi
1786508557.719488,27.950476,-0.013590,-0.011160,-1.552690,ndi
1786508557.736919,27.967908,-0.013530,-0.011130,-1.552710,ndi
1786508557.751952,27.982941,-0.013480,-0.011090,-1.552700,ndi
1786508557.769454,28.000443,-0.013420,-0.011100,-1.552760,ndi
1786508557.786979,28.017967,-0.013350,-0.011080,-1.552790,ndi
1786508557.801967,28.032956,-0.013300,-0.011040,-1.552810,ndi
1786508557.819496,28.050485,-0.013230,-0.011010,-1.552860,ndi
1786508557.836958,28.067947,-0.013160,-0.011010,-1.552920,ndi
1786508557.851966,28.082955,-0.013090,-0.011000,-1.552960,ndi
1786508557.869465,28.100454,-0.013030,-0.010960,-1.552970,ndi
1786508557.886951,28.117940,-0.012960,-0.010930,-1.553040,ndi
1786508557.901983,28.132971,-0.012900,-0.010930,-1.553050,ndi
1786508557.919477,28.150466,-0.012820,-0.010920,-1.553100,ndi
1786508557.934490,28.165479,-0.012760,-0.010890,-1.553140,ndi
1786508557.951963,28.182952,-0.012700,-0.010860,-1.553160,ndi
1786508557.969456,28.200445,-0.012630,-0.010860,-1.553200,ndi
1786508557.986983,28.217971,-0.012570,-0.010850,-1.553200,ndi
1786508558.001961,28.232949,-0.012510,-0.010820,-1.553210,ndi
1786508558.019478,28.250467,-0.012450,-0.010800,-1.553260,ndi
1786508558.036954,28.267943,-0.012380,-0.010800,-1.553310,ndi
1786508558.051950,28.282938,-0.012320,-0.010780,-1.553320,ndi
1786508558.069484,28.300473,-0.012250,-0.010750,-1.553360,ndi
1786508558.086987,28.317976,-0.012170,-0.010720,-1.553400,ndi
1786508558.101987,28.332976,-0.012130,-0.010730,-1.553420,ndi
1786508558.119478,28.350466,-0.012050,-0.010720,-1.553470,ndi
1786508558.136975,28.367964,-0.011970,-0.010690,-1.553470,ndi
1786508558.151981,28.382969,-0.011930,-0.010670,-1.553510,ndi
1786508558.169476,28.400465,-0.011860,-0.010680,-1.553550,ndi
1786508558.186982,28.417971,-0.011790,-0.010660,-1.553590,ndi
1786508558.201965,28.432954,-0.011740,-0.010620,-1.553590,ndi
1786508558.219469,28.450458,-0.011670,-0.010610,-1.553590,ndi
1786508558.236962,28.467951,-0.011600,-0.010620,-1.553630,ndi
1786508558.251966,28.482955,-0.011530,-0.010590,-1.553650,ndi
1786508558.269483,28.500472,-0.011460,-0.010560,-1.553690,ndi
1786508558.286990,28.517979,-0.011400,-0.010560,-1.553720,ndi
1786508558.301965,28.532954,-0.011340,-0.010560,-1.553740,ndi
1786508558.319477,28.550466,-0.011270,-0.010530,-1.553790,ndi
1786508558.336971,28.567960,-0.011190,-0.010510,-1.553760,ndi
1786508558.351979,28.582967,-0.011140,-0.010510,-1.553790,ndi
1786508558.369490,28.600478,-0.011070,-0.010500,-1.553850,ndi
1786508558.386996,28.617984,-0.010980,-0.010480,-1.553880,ndi
1786508558.402022,28.633011,-0.010930,-0.010460,-1.553870,ndi
1786508558.419510,28.650499,-0.010830,-0.010460,-1.553920,ndi
1786508558.436974,28.667963,-0.010760,-0.010430,-1.553970,ndi
1786508558.451977,28.682966,-0.010710,-0.010410,-1.553980,ndi
1786508558.469484,28.700473,-0.010620,-0.010410,-1.554000,ndi
1786508558.486981,28.717970,-0.010550,-0.010400,-1.554060,ndi
1786508558.501969,28.732958,-0.010490,-0.010370,-1.554050,ndi
1786508558.519471,28.750460,-0.010410,-0.010360,-1.554040,ndi
1786508558.536973,28.767962,-0.010330,-0.010360,-1.554070,ndi
1786508558.551973,28.782962,-0.010270,-0.010350,-1.554090,ndi
1786508558.569474,28.800463,-0.010210,-0.010320,-1.554150,ndi
1786508558.587004,28.817993,-0.010140,-0.010320,-1.554210,ndi
1786508558.601987,28.832976,-0.010080,-0.010320,-1.554220,ndi
1786508558.619480,28.850468,-0.009990,-0.010290,-1.554250,ndi
1786508558.634513,28.865502,-0.009930,-0.010280,-1.554270,ndi
1786508558.651955,28.882944,-0.009830,-0.010290,-1.554360,ndi
1786508558.669480,28.900469,-0.009760,-0.010270,-1.554310,ndi
1786508558.686980,28.917968,-0.009690,-0.010250,-1.554360,ndi
1786508558.701983,28.932972,-0.009630,-0.010240,-1.554330,ndi
1786508558.719476,28.950464,-0.009560,-0.010250,-1.554390,ndi
1786508558.736969,28.967958,-0.009490,-0.010230,-1.554380,ndi
1786508558.751967,28.982955,-0.009420,-0.010210,-1.554400,ndi
1786508558.769485,29.000474,-0.009360,-0.010210,-1.554420,ndi
1786508558.786983,29.017972,-0.009290,-0.010220,-1.554470,ndi
1786508558.801979,29.032968,-0.009230,-0.010200,-1.554500,ndi
1786508558.819474,29.050462,-0.009160,-0.010180,-1.554530,ndi
1786508558.836950,29.067938,-0.009080,-0.010190,-1.554550,ndi
1786508558.851974,29.082963,-0.009020,-0.010190,-1.554540,ndi
1786508558.869507,29.100496,-0.008950,-0.010170,-1.554520,ndi
1786508558.887018,29.118007,-0.008860,-0.010140,-1.554570,ndi
1786508558.901963,29.132952,-0.008790,-0.010150,-1.554560,ndi
1786508558.919482,29.150471,-0.008720,-0.010140,-1.554580,ndi
1786508558.936969,29.167958,-0.008650,-0.010130,-1.554600,ndi
1786508558.951963,29.182952,-0.008580,-0.010110,-1.554630,ndi
1786508558.969485,29.200473,-0.008510,-0.010120,-1.554630,ndi
1786508558.987000,29.217989,-0.008430,-0.010110,-1.554650,ndi
1786508559.002009,29.232998,-0.008370,-0.010090,-1.554660,ndi
1786508559.019497,29.250485,-0.008260,-0.010080,-1.554650,ndi
1786508559.036991,29.267980,-0.008180,-0.010090,-1.554690,ndi
1786508559.052004,29.282992,-0.008100,-0.010090,-1.554720,ndi
1786508559.069496,29.300485,-0.008010,-0.010080,-1.554700,ndi
1786508559.086985,29.317973,-0.007920,-0.010060,-1.554730,ndi
1786508559.101965,29.332954,-0.007860,-0.010060,-1.554760,ndi
1786508559.119489,29.350478,-0.007780,-0.010050,-1.554750,ndi
1786508559.136982,29.367970,-0.007700,-0.010050,-1.554790,ndi
1786508559.152009,29.382998,-0.007620,-0.010040,-1.554810,ndi
1786508559.169500,29.400489,-0.007560,-0.010050,-1.554850,ndi
1786508559.187007,29.417996,-0.007490,-0.010040,-1.554830,ndi
1786508559.201973,29.432962,-0.007410,-0.010020,-1.554830,ndi
1786508559.219490,29.450479,-0.007320,-0.010020,-1.554860,ndi
1786508559.236991,29.467980,-0.007240,-0.010030,-1.554880,ndi
1786508559.251970,29.482959,-0.007180,-0.010020,-1.554880,ndi
1786508559.269491,29.500480,-0.007110,-0.010000,-1.554880,ndi
1786508559.286991,29.517980,-0.007020,-0.010010,-1.554910,ndi
1786508559.301977,29.532965,-0.006960,-0.010020,-1.554900,ndi
1786508559.319489,29.550478,-0.006890,-0.010020,-1.554920,ndi
1786508559.334579,29.565568,-0.006810,-0.009990,-1.554930,ndi
1786508559.351971,29.582960,-0.006760,-0.010000,-1.554960,ndi
1786508559.369517,29.600506,-0.006680,-0.010010,-1.554950,ndi
1786508559.387025,29.618014,-0.006600,-0.010000,-1.554940,ndi
1786508559.401995,29.632984,-0.006540,-0.009980,-1.554930,ndi
1786508559.419514,29.650503,-0.006460,-0.009990,-1.554960,ndi
1786508559.437003,29.667991,-0.006380,-0.010000,-1.554930,ndi
1786508559.452004,29.682993,-0.006330,-0.009990,-1.554950,ndi
1786508559.469516,29.700504,-0.006250,-0.009980,-1.555000,ndi
1786508559.486982,29.717971,-0.006160,-0.009980,-1.554960,ndi
1786508559.501988,29.732976,-0.006100,-0.009990,-1.554990,ndi
1786508559.519520,29.750509,-0.006040,-0.009980,-1.554980,ndi
1786508559.536987,29.767976,-0.005950,-0.009980,-1.555040,ndi
1786508559.552002,29.782990,-0.005900,-0.009990,-1.555040,ndi
1786508559.569505,29.800494,-0.005830,-0.009980,-1.555030,ndi
1786508559.584645,29.815634,-0.005740,-0.009980,-1.555080,ndi
1786508559.601982,29.832971,-0.005670,-0.009980,-1.555070,ndi
1786508559.619514,29.850502,-0.005580,-0.009990,-1.555060,ndi
1786508559.637003,29.867992,-0.005480,-0.009990,-1.555060,ndi
1786508559.651995,29.882984,-0.005420,-0.009980,-1.555070,ndi
1786508559.669525,29.900513,-0.005330,-0.009980,-1.555070,ndi
1786508559.687309,29.918297,-0.005250,-0.009980,-1.555090,ndi
1786508559.702015,29.933004,-0.005180,-0.009990,-1.555090,ndi
1786508559.719526,29.950514,-0.005100,-0.009990,-1.555090,ndi
1786508559.734683,29.965672,-0.005030,-0.009990,-1.555120,ndi
1786508559.751994,29.982982,-0.004960,-0.009990,-1.555060,ndi
1786508559.769498,30.000487,-0.004880,-0.010000,-1.555080,ndi
1786508559.786987,30.017976,-0.004790,-0.010000,-1.555090,ndi
1786508559.801974,30.032963,-0.004730,-0.009990,-1.555100,ndi
1786508559.819503,30.050492,-0.004650,-0.010000,-1.555130,ndi
1786508559.836995,30.067984,-0.004570,-0.010000,-1.555110,ndi
1786508559.852000,30.082988,-0.004500,-0.010010,-1.555090,ndi
1786508559.869520,30.100509,-0.004410,-0.010010,-1.555140,ndi
1786508559.887169,30.118158,-0.004340,-0.010020,-1.555110,ndi
1786508559.902025,30.133013,-0.004270,-0.010020,-1.555100,ndi
1786508559.919511,30.150499,-0.004180,-0.010020,-1.555130,ndi
1786508559.937006,30.167995,-0.004120,-0.010030,-1.555150,ndi
1786508559.952015,30.183004,-0.004040,-0.010040,-1.555090,ndi
1786508559.969502,30.200490,-0.003980,-0.010040,-1.555110,ndi
1786508559.986993,30.217982,-0.003920,-0.010040,-1.555110,ndi
1786508560.001988,30.232977,-0.003850,-0.010040,-1.555090,ndi
1786508560.019522,30.250511,-0.003760,-0.010050,-1.555100,ndi
1786508560.037015,30.268004,-0.003670,-0.010060,-1.555110,ndi
1786508560.052022,30.283011,-0.003620,-0.010060,-1.555090,ndi
1786508560.069507,30.300496,-0.003540,-0.010070,-1.555090,ndi
1786508560.087010,30.317999,-0.003460,-0.010070,-1.555110,ndi
1786508560.102013,30.333002,-0.003390,-0.010080,-1.555100,ndi
1786508560.119506,30.350495,-0.003310,-0.010080,-1.555100,ndi
1786508560.137015,30.368004,-0.003250,-0.010090,-1.555100,ndi
1786508560.152014,30.383003,-0.003180,-0.010090,-1.555080,ndi
1786508560.169490,30.400478,-0.003100,-0.010100,-1.555100,ndi
1786508560.186983,30.417972,-0.003020,-0.010120,-1.555090,ndi
1786508560.201990,30.432979,-0.002950,-0.010120,-1.555060,ndi
1786508560.219533,30.450522,-0.002860,-0.010130,-1.555070,ndi
1786508560.237017,30.468006,-0.002760,-0.010140,-1.555060,ndi
1786508560.252004,30.482992,-0.002700,-0.010160,-1.555050,ndi
1786508560.269522,30.500511,-0.002600,-0.010160,-1.555060,ndi
1786508560.287008,30.517996,-0.002520,-0.010160,-1.555050,ndi
1786508560.302010,30.532999,-0.002470,-0.010170,-1.555050,ndi
1786508560.319519,30.550508,-0.002370,-0.010190,-1.555070,ndi
1786508560.336992,30.567981,-0.002300,-0.010190,-1.555050,ndi
1786508560.352026,30.583015,-0.002230,-0.010200,-1.555050,ndi
1786508560.369531,30.600520,-0.002150,-0.010210,-1.555010,ndi
1786508560.384556,30.615544,-0.002090,-0.010230,-1.555010,ndi
1786508560.402025,30.633013,-0.002000,-0.010230,-1.554990,ndi
1786508560.419532,30.650520,-0.001930,-0.010240,-1.555040,ndi
1786508560.437016,30.668005,-0.001850,-0.010270,-1.555030,ndi
1786508560.452012,30.683000,-0.001780,-0.010270,-1.555010,ndi
1786508560.469514,30.700503,-0.001690,-0.010280,-1.554990,ndi
1786508560.484733,30.715722,-0.001630,-0.010290,-1.554970,ndi
1786508560.502025,30.733014,-0.001550,-0.010310,-1.554970,ndi
1786508560.519507,30.750496,-0.001470,-0.010320,-1.555010,ndi
1786508560.537002,30.767991,-0.001410,-0.010310,-1.554970,ndi
1786508560.552018,30.783007,-0.001360,-0.010330,-1.554990,ndi
1786508560.569520,30.800508,-0.001290,-0.010350,-1.554940,ndi
1786508560.584562,30.815551,-0.001230,-0.010350,-1.554960,ndi
1786508560.602012,30.833000,-0.001140,-0.010360,-1.554960,ndi
1786508560.619531,30.850519,-0.001060,-0.010380,-1.554940,ndi
1786508560.637030,30.868019,-0.000990,-0.010390,-1.554920,ndi
1786508560.652022,30.883010,-0.000920,-0.010390,-1.554910,ndi
1786508560.669515,30.900504,-0.000850,-0.010410,-1.554870,ndi
1786508560.686990,30.917979,-0.000770,-0.010430,-1.554860,ndi
1786508560.702010,30.932998,-0.000700,-0.010430,-1.554870,ndi
1786508560.719525,30.950513,-0.000640,-0.010440,-1.554900,ndi
1786508560.737045,30.968033,-0.000570,-0.010460,-1.554860,ndi
1786508560.752015,30.983004,-0.000490,-0.010480,-1.554810,ndi
1786508560.769511,31.000500,-0.000420,-0.010490,-1.554830,ndi
1786508560.784561,31.015550,-0.000330,-0.010490,-1.554810,ndi
1786508560.802007,31.032996,-0.000250,-0.010520,-1.554790,ndi
1786508560.819535,31.050524,-0.000170,-0.010540,-1.554750,ndi
1786508560.834738,31.065727,-0.000080,-0.010540,-1.554770,ndi
1786508560.852020,31.083008,-0.000010,-0.010560,-1.554770,ndi
1786508560.869513,31.100501,0.000050,-0.010590,-1.554730,ndi
1786508560.886999,31.117988,0.000140,-0.010600,-1.554760,ndi
1786508560.902033,31.133022,0.000220,-0.010610,-1.554740,ndi
1786508560.919542,31.150531,0.000280,-0.010620,-1.554710,ndi
1786508560.937018,31.168007,0.000360,-0.010650,-1.554670,ndi
1786508560.952002,31.182991,0.000430,-0.010660,-1.554630,ndi
1786508560.969542,31.200531,0.000490,-0.010670,-1.554630,ndi
1786508560.987086,31.218074,0.000600,-0.010690,-1.554600,ndi
1786508561.002066,31.233055,0.000650,-0.010720,-1.554630,ndi
1786508561.019549,31.250538,0.000720,-0.010720,-1.554600,ndi
1786508561.037037,31.268026,0.000830,-0.010740,-1.554570,ndi
1786508561.052007,31.282996,0.000880,-0.010760,-1.554580,ndi
1786508561.069516,31.300505,0.000950,-0.010790,-1.554540,ndi
1786508561.087011,31.318000,0.001040,-0.010800,-1.554530,ndi
1786508561.102040,31.333029,0.001070,-0.010800,-1.554550,ndi
1786508561.119541,31.350530,0.001140,-0.010830,-1.554540,ndi
1786508561.137017,31.368006,0.001220,-0.010850,-1.554500,ndi
1786508561.152019,31.383008,0.001270,-0.010850,-1.554490,ndi
1786508561.169518,31.400507,0.001340,-0.010860,-1.554490,ndi
1786508561.187028,31.418017,0.001410,-0.010900,-1.554460,ndi
1786508561.202028,31.433017,0.001480,-0.010920,-1.554410,ndi
1786508561.219554,31.450543,0.001560,-0.010930,-1.554410,ndi
1786508561.234727,31.465716,0.001630,-0.010940,-1.554360,ndi
1786508561.252035,31.483024,0.001690,-0.010980,-1.554330,ndi
1786508561.269523,31.500511,0.001770,-0.011000,-1.554330,ndi
1786508561.287022,31.518010,0.001850,-0.011000,-1.554340,ndi
1786508561.302041,31.533030,0.001890,-0.011000,-1.554300,ndi
1786508561.319528,31.550517,0.001970,-0.011060,-1.554310,ndi
1786508561.337003,31.567991,0.002040,-0.011080,-1.554280,ndi
1786508561.352011,31.582999,0.002110,-0.011070,-1.554300,ndi
1786508561.369546,31.600535,0.002200,-0.011100,-1.554220,ndi
1786508561.387048,31.618037,0.002280,-0.011140,-1.554220,ndi
1786508561.402083,31.633072,0.002370,-0.011170,-1.554160,ndi
1786508561.419561,31.650549,0.002440,-0.011160,-1.554140,ndi
1786508561.437052,31.668041,0.002520,-0.011200,-1.554120,ndi
1786508561.452035,31.683024,0.002600,-0.011240,-1.554080,ndi
1786508561.469531,31.700519,0.002670,-0.011250,-1.554030,ndi
1786508561.487017,31.718005,0.002740,-0.011260,-1.554020,ndi
1786508561.502075,31.733063,0.002810,-0.011290,-1.554010,ndi
1786508561.519547,31.750536,0.002890,-0.011340,-1.553950,ndi
1786508561.537044,31.768032,0.002960,-0.011340,-1.553940,ndi
1786508561.553368,31.784357,0.003030,-0.011360,-1.553890,ndi
1786508561.569527,31.800516,0.003100,-0.011400,-1.553890,ndi
1786508561.587005,31.817994,0.003180,-0.011430,-1.553810,ndi
1786508561.602025,31.833013,0.003250,-0.011430,-1.553850,ndi
1786508561.619536,31.850525,0.003320,-0.011460,-1.553800,ndi
1786508561.634708,31.865697,0.003390,-0.011490,-1.553730,ndi
1786508561.652044,31.883033,0.003450,-0.011510,-1.553720,ndi
1786508561.669522,31.900511,0.003510,-0.011530,-1.553710,ndi
1786508561.687009,31.917998,0.003570,-0.011540,-1.553680,ndi
1786508561.702132,31.933121,0.003620,-0.011570,-1.553640,ndi
1786508561.719564,31.950552,0.003690,-0.011590,-1.553640,ndi
1786508561.737029,31.968018,0.003750,-0.011610,-1.553590,ndi
1786508561.752023,31.983011,0.003800,-0.011630,-1.553590,ndi
1786508561.769544,32.000533,0.003880,-0.011660,-1.553550,ndi
1786508561.787051,32.018040,0.003960,-0.011690,-1.553540,ndi
1786508561.802047,32.033035,0.004010,-0.011710,-1.553480,ndi
1786508561.819557,32.050546,0.004080,-0.011740,-1.553470,ndi
1786508561.837009,32.067998,0.004150,-0.011760,-1.553440,ndi
1786508561.852049,32.083037,0.004200,-0.011780,-1.553430,ndi
1786508561.869527,32.100516,0.004280,-0.011810,-1.553390,ndi
1786508561.887025,32.118014,0.004340,-0.011830,-1.553390,ndi
1786508561.902100,32.133089,0.004380,-0.011850,-1.553370,ndi
1786508561.919570,32.150559,0.004450,-0.011890,-1.553330,ndi
1786508561.937027,32.168015,0.004520,-0.011920,-1.553310,ndi
1786508561.952010,32.182998,0.004590,-0.011940,-1.553300,ndi
1786508561.969541,32.200529,0.004680,-0.011970,-1.553240,ndi
1786508561.987035,32.218024,0.004750,-0.012010,-1.553230,ndi
1786508562.002056,32.233045,0.004810,-0.012040,-1.553160,ndi
1786508562.019560,32.250548,0.004900,-0.012060,-1.553160,ndi
1786508562.037037,32.268025,0.004950,-0.012090,-1.553130,ndi
1786508562.052055,32.283044,0.005010,-0.012130,-1.553090,ndi
1786508562.069543,32.300532,0.005090,-0.012160,-1.553030,ndi
1786508562.087026,32.318015,0.005130,-0.012180,-1.553030,ndi
1786508562.102058,32.333047,0.005200,-0.012220,-1.552980,ndi
1786508562.119564,32.350552,0.005270,-0.012250,-1.552960,ndi
1786508562.137037,32.368026,0.005330,-0.012270,-1.552950,ndi
1786508562.152024,32.383013,0.005400,-0.012290,-1.552930,ndi
1786508562.169549,32.400538,0.005480,-0.012330,-1.552880,ndi
1786508562.184634,32.415623,0.005520,-0.012360,-1.552860,ndi
1786508562.202043,32.433032,0.005590,-0.012390,-1.552800,ndi
1786508562.219557,32.450546,0.005670,-0.012410,-1.552780,ndi
1786508562.234708,32.465696,0.005710,-0.012440,-1.552720,ndi
1786508562.252031,32.483020,0.005780,-0.012470,-1.552730,ndi
1786508562.269540,32.500528,0.005820,-0.012500,-1.552680,ndi
1786508562.287031,32.518020,0.005880,-0.012520,-1.552630,ndi
1786508562.302045,32.533034,0.005940,-0.012540,-1.552620,ndi
1786508562.319587,32.550575,0.005980,-0.012580,-1.552590,ndi
1786508562.337038,32.568027,0.006030,-0.012600,-1.552570,ndi
1786508562.352085,32.583074,0.006100,-0.012630,-1.552560,ndi
1786508562.369573,32.600562,0.006170,-0.012650,-1.552510,ndi
1786508562.387058,32.618047,0.006220,-0.012700,-1.552460,ndi
1786508562.402041,32.633030,0.006280,-0.012730,-1.552400,ndi
1786508562.419560,32.650549,0.006340,-0.012740,-1.552370,ndi
1786508562.437172,32.668160,0.006400,-0.012770,-1.552320,ndi
1786508562.452047,32.683036,0.006470,-0.012820,-1.552290,ndi
1786508562.469546,32.700535,0.006520,-0.012850,-1.552250,ndi
1786508562.484660,32.715649,0.006560,-0.012870,-1.552200,ndi
1786508562.502052,32.733041,0.006630,-0.012900,-1.552180,ndi
1786508562.519599,32.750588,0.006690,-0.012950,-1.552160,ndi
1786508562.537037,32.768026,0.006760,-0.012980,-1.552090,ndi
1786508562.552058,32.783046,0.006830,-0.013000,-1.552080,ndi
1786508562.569581,32.800570,0.006890,-0.013050,-1.552040,ndi
1786508562.587072,32.818061,0.006960,-0.013090,-1.551990,ndi
1786508562.602040,32.833029,0.007030,-0.013130,-1.551980,ndi
1786508562.619839,32.850828,0.007080,-0.013150,-1.551940,ndi
1786508562.637007,32.867996,0.007140,-0.013190,-1.551940,ndi
1786508562.652028,32.883017,0.007220,-0.013230,-1.551870,ndi
1786508562.669541,32.900530,0.007250,-0.013250,-1.551820,ndi
1786508562.684754,32.915743,0.007300,-0.013280,-1.551770,ndi
1786508562.702035,32.933023,0.007370,-0.013320,-1.551760,ndi
1786508562.719567,32.950556,0.007420,-0.013360,-1.551710,ndi
1786508562.737031,32.968020,0.007490,-0.013400,-1.551680,ndi
1786508562.752057,32.983046,0.007550,-0.013430,-1.551620,ndi
1786508562.769568,33.000557,0.007610,-0.013470,-1.551580,ndi
1786508562.784657,33.015646,0.007660,-0.013490,-1.551540,ndi
1786508562.802050,33.033039,0.007710,-0.013530,-1.551510,ndi
1786508562.819551,33.050540,0.007750,-0.013560,-1.551430,ndi
1786508562.837060,33.068048,0.007810,-0.013600,-1.551390,ndi
1786508562.852049,33.083038,0.007850,-0.013620,-1.551370,ndi
1786508562.869564,33.100553,0.007900,-0.013660,-1.551310,ndi
1786508562.887035,33.118024,0.007960,-0.013690,-1.551240,ndi
1786508562.902040,33.133029,0.008010,-0.013720,-1.551250,ndi
1786508562.919590,33.150579,0.008030,-0.013750,-1.551200,ndi
1786508562.934685,33.165674,0.008110,-0.013780,-1.551160,ndi
1786508562.952046,33.183035,0.008170,-0.013810,-1.551140,ndi
1786508562.969560,33.200549,0.008200,-0.013850,-1.551110,ndi
1786508562.987010,33.217999,0.008260,-0.013880,-1.551070,ndi
1786508563.002070,33.233059,0.008320,-0.013920,-1.551010,ndi
1786508563.019568,33.250557,0.008360,-0.013950,-1.551000,ndi
1786508563.034727,33.265715,0.008400,-0.013990,-1.550940,ndi
1786508563.052049,33.283037,0.008450,-0.014030,-1.550930,ndi
1786508563.069566,33.300554,0.008510,-0.014060,-1.550860,ndi
1786508563.087064,33.318053,0.008550,-0.014100,-1.550850,ndi
1786508563.102126,33.333115,0.008610,-0.014140,-1.550780,ndi
1786508563.119586,33.350575,0.008660,-0.014190,-1.550710,ndi
1786508563.137073,33.368061,0.008730,-0.014230,-1.550630,ndi
1786508563.152073,33.383062,0.008800,-0.014260,-1.550630,ndi
1786508563.169570,33.400559,0.008840,-0.014310,-1.550580,ndi
1786508563.184699,33.415688,0.008900,-0.014350,-1.550530,ndi
1786508563.202059,33.433048,0.008950,-0.014390,-1.550500,ndi
1786508563.219567,33.450555,0.008990,-0.014420,-1.550440,ndi
1786508563.237042,33.468031,0.009060,-0.014460,-1.550410,ndi
1786508563.252058,33.483047,0.009090,-0.014500,-1.550390,ndi
1786508563.269564,33.500553,0.009130,-0.014540,-1.550360,ndi
1786508563.284695,33.515684,0.009180,-0.014570,-1.550270,ndi
1786508563.302758,33.533747,0.009230,-0.014620,-1.550230,ndi
1786508563.319584,33.550573,0.009290,-0.014650,-1.550180,ndi
1786508563.337049,33.568038,0.009350,-0.014680,-1.550110,ndi
1786508563.352065,33.583053,0.009380,-0.014720,-1.550100,ndi
1786508563.369612,33.600600,0.009430,-0.014760,-1.550070,ndi
1786508563.387043,33.618032,0.009490,-0.014800,-1.550010,ndi
1786508563.402104,33.633093,0.009520,-0.014840,-1.549910,ndi
1786508563.419584,33.650573,0.009580,-0.014890,-1.549860,ndi
1786508563.437048,33.668037,0.009600,-0.014910,-1.549820,ndi
1786508563.452077,33.683066,0.009640,-0.014940,-1.549820,ndi
1786508563.469569,33.700558,0.009690,-0.014990,-1.549750,ndi
1786508563.484620,33.715609,0.009720,-0.015020,-1.549710,ndi
1786508563.502053,33.733042,0.009760,-0.015050,-1.549650,ndi
1786508563.519611,33.750599,0.009820,-0.015100,-1.549650,ndi
1786508563.537074,33.768063,0.009870,-0.015140,-1.549570,ndi
1786508563.552073,33.783062,0.009900,-0.015160,-1.549540,ndi
1786508563.569605,33.800594,0.009950,-0.015210,-1.549470,ndi
1786508563.584656,33.815645,0.009980,-0.015250,-1.549440,ndi
1786508563.602087,33.833075,0.010020,-0.015290,-1.549360,ndi
1786508563.619586,33.850575,0.010070,-0.015320,-1.549340,ndi
1786508563.634665,33.865654,0.010090,-0.015360,-1.549300,ndi
1786508563.652070,33.883059,0.010130,-0.015410,-1.549270,ndi
1786508563.669568,33.900556,0.010190,-0.015440,-1.549190,ndi
1786508563.684679,33.915667,0.010220,-0.015480,-1.549140,ndi
1786508563.702047,33.933036,0.010250,-0.015530,-1.549070,ndi
1786508563.719620,33.950609,0.010330,-0.015580,-1.549000,ndi
1786508563.737063,33.968052,0.010380,-0.015620,-1.548970,ndi
1786508563.752077,33.983065,0.010400,-0.015660,-1.548920,ndi
1786508563.769598,34.000587,0.010460,-0.015710,-1.548880,ndi
1786508563.787032,34.018021,0.010500,-0.015770,-1.548820,ndi
1786508563.802052,34.033040,0.010530,-0.015800,-1.548760,ndi
1786508563.819586,34.050574,0.010590,-0.015830,-1.548720,ndi
1786508563.834648,34.065636,0.010620,-0.015880,-1.548640,ndi
1786508563.852081,34.083070,0.010640,-0.015920,-1.548620,ndi
1786508563.869596,34.100585,0.010700,-0.015960,-1.548550,ndi
1786508563.887058,34.118047,0.010730,-0.016010,-1.548490,ndi
1786508563.902074,34.133063,0.010750,-0.016050,-1.548410,ndi
1786508563.919646,34.150635,0.010820,-0.016080,-1.548390,ndi
1786508563.934767,34.165755,0.010830,-0.016110,-1.548330,ndi
1786508563.952075,34.183064,0.010870,-0.016160,-1.548290,ndi
1786508563.969578,34.200567,0.010920,-0.016210,-1.548230,ndi
1786508563.984638,34.215627,0.010930,-0.016240,-1.548190,ndi
1786508564.002049,34.233038,0.010990,-0.016290,-1.548160,ndi
1786508564.019573,34.250561,0.011010,-0.016330,-1.548070,ndi
1786508564.034660,34.265648,0.011030,-0.016360,-1.548040,ndi
1786508564.052070,34.283059,0.011060,-0.016400,-1.547970,ndi
1786508564.069562,34.300551,0.011080,-0.016440,-1.547940,ndi
1786508564.087067,34.318056,0.011120,-0.016480,-1.547920,ndi
1786508564.102048,34.333037,0.011150,-0.016510,-1.547850,ndi
1786508564.119665,34.350653,0.011200,-0.016550,-1.547810,ndi
1786508564.134762,34.365751,0.011220,-0.016580,-1.547740,ndi
1786508564.152082,34.383071,0.011260,-0.016640,-1.547700,ndi
1786508564.169622,34.400610,0.011300,-0.016680,-1.547630,ndi
1786508564.184659,34.415648,0.011310,-0.016710,-1.547570,ndi
1786508564.202054,34.433043,0.011350,-0.016750,-1.547520,ndi
1786508564.219566,34.450555,0.011360,-0.016800,-1.547480,ndi
1786508564.237056,34.468045,0.011400,-0.016840,-1.547450,ndi
1786508564.252094,34.483082,0.011430,-0.016870,-1.547380,ndi
1786508564.269560,34.500549,0.011450,-0.016930,-1.547300,ndi
1786508564.287075,34.518064,0.011500,-0.016990,-1.547240,ndi
1786508564.302111,34.533100,0.011530,-0.017020,-1.547210,ndi
1786508564.319666,34.550655,0.011560,-0.017050,-1.547130,ndi
1786508564.334761,34.565750,0.011590,-0.017110,-1.547080,ndi
1786508564.352104,34.583093,0.011600,-0.017160,-1.547000,ndi
1786508564.369588,34.600576,0.011650,-0.017200,-1.546940,ndi
1786508564.384733,34.615721,0.011670,-0.017230,-1.546920,ndi
1786508564.402098,34.633086,0.011700,-0.017310,-1.546870,ndi
1786508564.419585,34.650573,0.011730,-0.017370,-1.546780,ndi
1786508564.437088,34.668077,0.011750,-0.017390,-1.546710,ndi
1786508564.452080,34.683069,0.011770,-0.017410,-1.546660,ndi
1786508564.469578,34.700567,0.011790,-0.017480,-1.546620,ndi
1786508564.487063,34.718052,0.011820,-0.017530,-1.546530,ndi
1786508564.502108,34.733097,0.011850,-0.017550,-1.546470,ndi
1786508564.519599,34.750588,0.011870,-0.017590,-1.546430,ndi
1786508564.534802,34.765791,0.011910,-0.017660,-1.546370,ndi
1786508564.552093,34.783082,0.011920,-0.017710,-1.546300,ndi
1786508564.569582,34.800571,0.011950,-0.017720,-1.546270,ndi
1786508564.587059,34.818048,0.011980,-0.017780,-1.546200,ndi
1786508564.602062,34.833051,0.011990,-0.017840,-1.546130,ndi
1786508564.619565,34.850554,0.012010,-0.017880,-1.546090,ndi
1786508564.637102,34.868091,0.012030,-0.017890,-1.546020,ndi
1786508564.652072,34.883060,0.012040,-0.017940,-1.545980,ndi
1786508564.669587,34.900576,0.012070,-0.018000,-1.545950,ndi
1786508564.684610,34.915598,0.012080,-0.018030,-1.545850,ndi
1786508564.702101,34.933089,0.012120,-0.018050,-1.545850,ndi
1786508564.719606,34.950594,0.012140,-0.018120,-1.545760,ndi
1786508564.734709,34.965698,0.012150,-0.018170,-1.545700,ndi
1786508564.752083,34.983071,0.012170,-0.018200,-1.545610,ndi
1786508564.769616,35.000605,0.012190,-0.018230,-1.545560,ndi
1786508564.784669,35.015658,0.012210,-0.018300,-1.545510,ndi
1786508564.802065,35.033054,0.012210,-0.018350,-1.545470,ndi
1786508564.819616,35.050605,0.012240,-0.018380,-1.545380,ndi
1786508564.837079,35.068068,0.012270,-0.018430,-1.545340,ndi
1786508564.852070,35.083059,0.012260,-0.018480,-1.545280,ndi
1786508564.869597,35.100586,0.012290,-0.018520,-1.545230,ndi
1786508564.884731,35.115720,0.012310,-0.018550,-1.545100,ndi
1786508564.902088,35.133077,0.012340,-0.018610,-1.545070,ndi
1786508564.919624,35.150612,0.012360,-0.018680,-1.544990,ndi
1786508564.934684,35.165673,0.012360,-0.018710,-1.544940,ndi
1786508564.952096,35.183085,0.012390,-0.018740,-1.544850,ndi
1786508564.969604,35.200593,0.012390,-0.018810,-1.544800,ndi
1786508564.984668,35.215657,0.012410,-0.018870,-1.544750,ndi
1786508565.002111,35.233100,0.012420,-0.018920,-1.544630,ndi
1786508565.019598,35.250587,0.012430,-0.018940,-1.544610,ndi
1786508565.034762,35.265751,0.012450,-0.018980,-1.544540,ndi
1786508565.052090,35.283079,0.012450,-0.019040,-1.544490,ndi
1786508565.069601,35.300589,0.012460,-0.019070,-1.544420,ndi
1786508565.084728,35.315717,0.012480,-0.019110,-1.544350,ndi
1786508565.102080,35.333069,0.012500,-0.019160,-1.544270,ndi
1786508565.119616,35.350605,0.012510,-0.019210,-1.544220,ndi
1786508565.137085,35.368074,0.012520,-0.019250,-1.544170,ndi
1786508565.152088,35.383077,0.012540,-0.019290,-1.544140,ndi
1786508565.169578,35.400567,0.012530,-0.019340,-1.544050,ndi
1786508565.184673,35.415661,0.012560,-0.019380,-1.544020,ndi
1786508565.202075,35.433064,0.012560,-0.019410,-1.543930,ndi
1786508565.219628,35.450617,0.012550,-0.019460,-1.543860,ndi
1786508565.234653,35.465642,0.012560,-0.019500,-1.543780,ndi
1786508565.252092,35.483080,0.012570,-0.019540,-1.543750,ndi
1786508565.269591,35.500579,0.012580,-0.019570,-1.543680,ndi
1786508565.287091,35.518080,0.012590,-0.019620,-1.543620,ndi
1786508565.302089,35.533078,0.012600,-0.019670,-1.543590,ndi
1786508565.319619,35.550607,0.012620,-0.019710,-1.543510,ndi
1786508565.337113,35.568101,0.012620,-0.019740,-1.543470,ndi
1786508565.352103,35.583091,0.012620,-0.019790,-1.543410,ndi
1786508565.369620,35.600609,0.012640,-0.019850,-1.543340,ndi
1786508565.384699,35.615688,0.012640,-0.019880,-1.543300,ndi
1786508565.402130,35.633119,0.012630,-0.019910,-1.543260,ndi
1786508565.419607,35.650596,0.012640,-0.019980,-1.543160,ndi
1786508565.437105,35.668093,0.012650,-0.020030,-1.543110,ndi
1786508565.452102,35.683091,0.012640,-0.020060,-1.543020,ndi
1786508565.469605,35.700594,0.012660,-0.020100,-1.542960,ndi
1786508565.487121,35.718110,0.012660,-0.020170,-1.542850,ndi
1786508565.502090,35.733079,0.012660,-0.020210,-1.542840,ndi
1786508565.519618,35.750606,0.012670,-0.020250,-1.542740,ndi
1786508565.537057,35.768046,0.012670,-0.020310,-1.542670,ndi
1786508565.552119,35.783108,0.012670,-0.020360,-1.542630,ndi
1786508565.569624,35.800612,0.012670,-0.020390,-1.542580,ndi
1786508565.584687,35.815675,0.012660,-0.020410,-1.542490,ndi
1786508565.602104,35.833092,0.012670,-0.020470,-1.542450,ndi
1786508565.619616,35.850605,0.012670,-0.020530,-1.542370,ndi
1786508565.634708,35.865697,0.012660,-0.020560,-1.542320,ndi
1786508565.652093,35.883082,0.012670,-0.020590,-1.542220,ndi
1786508565.669590,35.900578,0.012670,-0.020650,-1.542160,ndi
1786508565.684674,35.915662,0.012670,-0.020700,-1.542070,ndi
1786508565.702098,35.933087,0.012690,-0.020730,-1.542000,ndi
1786508565.719623,35.950612,0.012680,-0.020770,-1.541940,ndi
1786508565.737065,35.968054,0.012670,-0.020830,-1.541910,ndi
1786508565.752120,35.983108,0.012670,-0.020880,-1.541850,ndi
1786508565.769624,36.000613,0.012670,-0.020910,-1.541800,ndi
1786508565.784760,36.015748,0.012660,-0.020940,-1.541700,ndi
1786508565.802114,36.033103,0.012660,-0.021000,-1.541680,ndi
1786508565.819631,36.050620,0.012650,-0.021030,-1.541610,ndi
1786508565.834932,36.065921,0.012650,-0.021070,-1.541570,ndi
1786508565.852106,36.083095,0.012640,-0.021110,-1.541520,ndi
1786508565.869617,36.100606,0.012660,-0.021150,-1.541460,ndi
1786508565.887100,36.118089,0.012640,-0.021200,-1.541360,ndi
1786508565.902095,36.133084,0.012650,-0.021240,-1.541310,ndi
1786508565.919615,36.150604,0.012650,-0.021270,-1.541290,ndi
1786508565.937116,36.168105,0.012620,-0.021320,-1.541180,ndi
1786508565.952092,36.183081,0.012630,-0.021370,-1.541130,ndi
1786508565.969589,36.200577,0.012630,-0.021410,-1.541050,ndi
1786508565.987089,36.218077,0.012600,-0.021450,-1.540970,ndi
1786508566.002114,36.233103,0.012600,-0.021480,-1.540920,ndi
1786508566.019657,36.250646,0.012600,-0.021540,-1.540850,ndi
1786508566.037164,36.268152,0.012590,-0.021580,-1.540800,ndi
1786508566.052108,36.283097,0.012580,-0.021620,-1.540690,ndi
1786508566.069630,36.300619,0.012580,-0.021670,-1.540640,ndi
1786508566.087120,36.318109,0.012570,-0.021730,-1.540550,ndi
1786508566.102103,36.333092,0.012570,-0.021770,-1.540500,ndi
1786508566.119628,36.350617,0.012560,-0.021820,-1.540440,ndi
1786508566.137092,36.368081,0.012540,-0.021860,-1.540370,ndi
1786508566.152104,36.383093,0.012530,-0.021900,-1.540350,ndi
1786508566.169601,36.400590,0.012510,-0.021940,-1.540260,ndi
1786508566.187099,36.418088,0.012500,-0.021980,-1.540160,ndi
1786508566.202122,36.433110,0.012500,-0.022040,-1.540150,ndi
1786508566.219651,36.450640,0.012480,-0.022080,-1.540010,ndi
1786508566.237124,36.468113,0.012460,-0.022120,-1.539980,ndi
1786508566.252160,36.483148,0.012460,-0.022160,-1.539940,ndi
1786508566.269637,36.500626,0.012450,-0.022220,-1.539860,ndi
1786508566.287140,36.518129,0.012440,-0.022250,-1.539820,ndi
1786508566.302096,36.533085,0.012420,-0.022280,-1.539770,ndi
1786508566.319621,36.550610,0.012410,-0.022330,-1.539650,ndi
1786508566.337103,36.568092,0.012400,-0.022390,-1.539630,ndi
1786508566.352094,36.583083,0.012380,-0.022420,-1.539530,ndi
1786508566.369640,36.600629,0.012370,-0.022450,-1.539470,ndi
1786508566.384758,36.615747,0.012360,-0.022490,-1.539400,ndi
1786508566.402133,36.633122,0.012350,-0.022540,-1.539350,ndi
1786508566.419622,36.650610,0.012320,-0.022560,-1.539310,ndi
1786508566.437099,36.668087,0.012310,-0.022610,-1.539230,ndi
1786508566.452183,36.683171,0.012300,-0.022650,-1.539180,ndi
1786508566.469648,36.700637,0.012290,-0.022680,-1.539070,ndi
1786508566.487116,36.718105,0.012270,-0.022720,-1.539030,ndi
1786508566.502111,36.733100,0.012260,-0.022770,-1.538950,ndi
1786508566.519607,36.750596,0.012240,-0.022810,-1.538890,ndi
1786508566.537091,36.768080,0.012220,-0.022840,-1.538870,ndi
1786508566.552145,36.783133,0.012210,-0.022880,-1.538800,ndi
1786508566.569628,36.800617,0.012180,-0.022930,-1.538710,ndi
1786508566.587114,36.818102,0.012160,-0.022970,-1.538660,ndi
1786508566.602091,36.833080,0.012160,-0.023000,-1.538600,ndi
1786508566.619622,36.850611,0.012110,-0.023040,-1.538530,ndi
1786508566.637109,36.868098,0.012100,-0.023100,-1.538460,ndi
1786508566.652152,36.883141,0.012100,-0.023140,-1.538410,ndi
1786508566.669652,36.900641,0.012060,-0.023190,-1.538340,ndi
1786508566.687107,36.918096,0.012050,-0.023220,-1.538250,ndi
1786508566.702132,36.933121,0.012030,-0.023260,-1.538170,ndi
1786508566.719618,36.950607,0.012000,-0.023310,-1.538160,ndi
1786508566.737101,36.968090,0.011980,-0.023350,-1.538100,ndi
1786508566.752110,36.983099,0.011940,-0.023380,-1.538020,ndi
1786508566.769618,37.000607,0.011930,-0.023420,-1.537960,ndi
1786508566.787112,37.018100,0.011910,-0.023470,-1.537900,ndi
1786508566.802104,37.033093,0.011890,-0.023510,-1.537870,ndi
1786508566.819636,37.050625,0.011850,-0.023540,-1.537800,ndi
1786508566.837146,37.068135,0.011840,-0.023580,-1.537730,ndi
1786508566.852196,37.083184,0.011810,-0.023620,-1.537650,ndi
1786508566.869640,37.100629,0.011790,-0.023670,-1.537550,ndi
1786508566.887114,37.118102,0.011770,-0.023710,-1.537480,ndi
1786508566.902118,37.133107,0.011740,-0.023740,-1.537410,ndi
1786508566.919626,37.150614,0.011700,-0.023790,-1.537350,ndi
1786508566.937113,37.168102,0.011690,-0.023820,-1.537310,ndi
1786508566.952110,37.183099,0.011660,-0.023850,-1.537220,ndi
1786508566.969625,37.200613,0.011630,-0.023890,-1.537200,ndi
1786508566.987124,37.218113,0.011620,-0.023920,-1.537080,ndi
1786508567.002141,37.233130,0.011590,-0.023960,-1.537060,ndi
1786508567.019627,37.250616,0.011560,-0.024000,-1.537020,ndi
1786508567.037143,37.268131,0.011560,-0.024030,-1.536910,ndi
1786508567.052158,37.283147,0.011530,-0.024070,-1.536920,ndi
1786508567.069679,37.300668,0.011500,-0.024110,-1.536820,ndi
1786508567.087141,37.318130,0.011470,-0.024150,-1.536740,ndi
1786508567.102136,37.333125,0.011440,-0.024180,-1.536690,ndi
1786508567.119635,37.350623,0.011410,-0.024220,-1.536630,ndi
1786508567.137120,37.368108,0.011380,-0.024270,-1.536560,ndi
1786508567.152127,37.383116,0.011340,-0.024310,-1.536490,ndi
1786508567.169632,37.400621,0.011310,-0.024330,-1.536420,ndi
1786508567.187120,37.418109,0.011290,-0.024360,-1.536380,ndi
1786508567.202125,37.433114,0.011250,-0.024420,-1.536300,ndi
1786508567.219621,37.450610,0.011220,-0.024470,-1.536220,ndi
1786508567.234841,37.465830,0.011190,-0.024480,-1.536190,ndi
1786508567.252204,37.483192,0.011140,-0.024530,-1.536120,ndi
1786508567.269653,37.500642,0.011130,-0.024590,-1.536030,ndi
1786508567.287135,37.518123,0.011100,-0.024610,-1.535970,ndi
1786508567.302142,37.533131,0.011050,-0.024620,-1.535920,ndi
1786508567.319637,37.550626,0.011030,-0.024670,-1.535850,ndi
1786508567.337131,37.568120,0.010970,-0.024740,-1.535770,ndi
1786508567.352146,37.583135,0.010950,-0.024760,-1.535690,ndi
1786508567.369674,37.600662,0.010920,-0.024770,-1.535660,ndi
1786508567.384842,37.615831,0.010880,-0.024830,-1.535590,ndi
1786508567.402130,37.633119,0.010850,-0.024880,-1.535540,ndi
1786508567.419635,37.650624,0.010820,-0.024900,-1.535470,ndi
1786508567.437132,37.668121,0.010770,-0.024920,-1.535400,ndi
1786508567.452168,37.683157,0.010760,-0.024980,-1.535360,ndi
1786508567.469674,37.700663,0.010720,-0.025020,-1.535250,ndi
1786508567.487107,37.718096,0.010670,-0.025040,-1.535210,ndi
1786508567.502142,37.733131,0.010650,-0.025070,-1.535180,ndi
1786508567.519643,37.750632,0.010600,-0.025140,-1.535100,ndi
1786508567.537121,37.768110,0.010550,-0.025170,-1.535070,ndi
1786508567.552144,37.783133,0.010530,-0.025170,-1.535030,ndi
1786508567.569650,37.800639,0.010490,-0.025210,-1.534970,ndi
1786508567.584672,37.815661,0.010450,-0.025260,-1.534930,ndi
1786508567.602175,37.833163,0.010420,-0.025290,-1.534900,ndi
1786508567.619669,37.850658,0.010380,-0.025310,-1.534810,ndi
1786508567.637159,37.868147,0.010350,-0.025350,-1.534760,ndi
1786508567.652173,37.883162,0.010320,-0.025400,-1.534710,ndi
1786508567.669661,37.900649,0.010270,-0.025430,-1.534650,ndi
1786508567.684637,37.915626,0.010240,-0.025440,-1.534580,ndi
1786508567.702152,37.933141,0.010200,-0.025490,-1.534510,ndi
1786508567.719640,37.950629,0.010150,-0.025530,-1.534430,ndi
1786508567.737130,37.968119,0.010110,-0.025560,-1.534390,ndi
1786508567.752137,37.983126,0.010080,-0.025590,-1.534320,ndi
1786508567.769642,38.000630,0.010030,-0.025620,-1.534260,ndi
1786508567.787125,38.018113,0.009990,-0.025670,-1.534190,ndi
1786508567.802148,38.033137,0.009950,-0.025700,-1.534160,ndi
1786508567.819662,38.050651,0.009910,-0.025730,-1.534090,ndi
1786508567.837174,38.068163,0.009870,-0.025780,-1.533990,ndi
1786508567.852235,38.083223,0.009820,-0.025800,-1.533990,ndi
1786508567.869688,38.100676,0.009770,-0.025830,-1.533890,ndi
1786508567.887154,38.118143,0.009740,-0.025870,-1.533860,ndi
1786508567.902140,38.133129,0.009690,-0.025900,-1.533810,ndi
1786508567.919631,38.150620,0.009640,-0.025940,-1.533730,ndi
1786508567.937148,38.168137,0.009600,-0.025960,-1.533650,ndi
1786508567.952152,38.183141,0.009550,-0.025990,-1.533620,ndi
1786508567.969677,38.200665,0.009510,-0.026030,-1.533580,ndi
1786508567.984851,38.215840,0.009480,-0.026050,-1.533510,ndi
1786508568.002130,38.233119,0.009430,-0.026080,-1.533480,ndi
1786508568.019668,38.250657,0.009390,-0.026130,-1.533430,ndi
1786508568.037152,38.268141,0.009350,-0.026160,-1.533350,ndi
1786508568.052231,38.283220,0.009310,-0.026180,-1.533300,ndi
1786508568.069680,38.300669,0.009260,-0.026210,-1.533220,ndi
1786508568.087146,38.318134,0.009210,-0.026260,-1.533170,ndi
1786508568.102145,38.333134,0.009160,-0.026280,-1.533100,ndi
1786508568.119640,38.350629,0.009100,-0.026310,-1.533050,ndi
1786508568.137169,38.368158,0.009070,-0.026340,-1.533030,ndi
1786508568.152171,38.383160,0.009020,-0.026370,-1.532970,ndi
1786508568.169671,38.400660,0.008980,-0.026400,-1.532940,ndi
1786508568.184649,38.415637,0.008940,-0.026410,-1.532890,ndi
1786508568.202175,38.433163,0.008890,-0.026460,-1.532860,ndi
1786508568.219684,38.450673,0.008860,-0.026500,-1.532780,ndi
1786508568.237142,38.468131,0.008810,-0.026510,-1.532740,ndi
1786508568.252159,38.483147,0.008770,-0.026530,-1.532690,ndi
1786508568.269665,38.500654,0.008720,-0.026580,-1.532630,ndi
1786508568.287143,38.518131,0.008660,-0.026620,-1.532550,ndi
1786508568.302139,38.533127,0.008610,-0.026630,-1.532540,ndi
1786508568.319645,38.550634,0.008560,-0.026660,-1.532480,ndi
1786508568.337142,38.568131,0.008500,-0.026710,-1.532420,ndi
1786508568.352154,38.583143,0.008460,-0.026740,-1.532340,ndi
1786508568.369674,38.600663,0.008420,-0.026740,-1.532340,ndi
1786508568.384645,38.615634,0.008360,-0.026770,-1.532310,ndi
1786508568.402227,38.633216,0.008320,-0.026820,-1.532200,ndi
1786508568.419693,38.650681,0.008260,-0.026860,-1.532110,ndi
1786508568.434893,38.665882,0.008210,-0.026860,-1.532050,ndi
1786508568.452180,38.683169,0.008140,-0.026900,-1.532020,ndi
1786508568.469673,38.700661,0.008090,-0.026960,-1.531980,ndi
1786508568.487159,38.718148,0.008030,-0.026980,-1.531960,ndi
1786508568.502142,38.733131,0.008000,-0.026980,-1.531910,ndi
1786508568.519655,38.750644,0.007930,-0.027030,-1.531880,ndi
1786508568.534657,38.765646,0.007890,-0.027070,-1.531780,ndi
1786508568.552198,38.783186,0.007830,-0.027090,-1.531770,ndi
1786508568.569660,38.800649,0.007760,-0.027110,-1.531720,ndi
1786508568.587140,38.818129,0.007710,-0.027150,-1.531660,ndi
1786508568.602152,38.833140,0.007670,-0.027180,-1.531620,ndi
1786508568.619682,38.850671,0.007600,-0.027210,-1.531550,ndi
1786508568.634832,38.865820,0.007570,-0.027230,-1.531520,ndi
1786508568.652150,38.883139,0.007500,-0.027260,-1.531480,ndi
1786508568.669698,38.900687,0.007440,-0.027290,-1.531410,ndi
1786508568.687139,38.918128,0.007380,-0.027320,-1.531350,ndi
1786508568.702141,38.933130,0.007320,-0.027340,-1.531320,ndi
1786508568.719657,38.950646,0.007260,-0.027380,-1.531270,ndi
1786508568.737166,38.968155,0.007220,-0.027400,-1.531210,ndi
1786508568.752141,38.983129,0.007170,-0.027420,-1.531180,ndi
1786508568.769662,39.000650,0.007110,-0.027450,-1.531160,ndi
1786508568.787155,39.018144,0.007060,-0.027480,-1.531100,ndi
1786508568.802178,39.033167,0.007010,-0.027500,-1.531090,ndi
1786508568.819674,39.050663,0.006960,-0.027520,-1.531000,ndi
1786508568.834872,39.065861,0.006920,-0.027550,-1.530980,ndi
1786508568.852138,39.083127,0.006850,-0.027570,-1.530910,ndi
1786508568.869697,39.100686,0.006780,-0.027600,-1.530860,ndi
1786508568.887160,39.118148,0.006720,-0.027630,-1.530820,ndi
1786508568.902161,39.133150,0.006650,-0.027660,-1.530790,ndi
1786508568.919708,39.150697,0.006600,-0.027680,-1.530780,ndi
1786508568.937167,39.168156,0.006540,-0.027700,-1.530720,ndi
1786508568.952167,39.183156,0.006490,-0.027710,-1.530690,ndi
1786508568.969653,39.200641,0.006430,-0.027750,-1.530680,ndi
1786508568.987163,39.218151,0.006380,-0.027780,-1.530570,ndi
1786508569.002215,39.233203,0.006310,-0.027800,-1.530560,ndi
1786508569.019687,39.250676,0.006240,-0.027820,-1.530510,ndi
1786508569.034836,39.265825,0.006190,-0.027850,-1.530470,ndi
1786508569.052156,39.283145,0.006120,-0.027890,-1.530400,ndi
1786508569.069666,39.300655,0.006050,-0.027890,-1.530360,ndi
1786508569.084838,39.315827,0.006010,-0.027920,-1.530300,ndi
1786508569.102155,39.333144,0.005930,-0.027960,-1.530280,ndi
1786508569.119724,39.350713,0.005860,-0.027970,-1.530230,ndi
1786508569.134672,39.365661,0.005820,-0.027990,-1.530190,ndi
1786508569.152162,39.383151,0.005740,-0.028020,-1.530160,ndi
1786508569.169659,39.400648,0.005690,-0.028050,-1.530100,ndi
1786508569.184881,39.415870,0.005640,-0.028060,-1.530050,ndi
1786508569.202191,39.433180,0.005570,-0.028080,-1.530020,ndi
1786508569.219712,39.450701,0.005520,-0.028120,-1.529990,ndi
1786508569.234879,39.465868,0.005450,-0.028130,-1.529930,ndi
1786508569.252179,39.483168,0.005380,-0.028150,-1.529890,ndi
1786508569.269687,39.500675,0.005340,-0.028180,-1.529880,ndi
1786508569.284842,39.515831,0.005270,-0.028210,-1.529840,ndi
1786508569.302176,39.533165,0.005200,-0.028220,-1.529800,ndi
1786508569.319687,39.550675,0.005130,-0.028230,-1.529730,ndi
1786508569.334776,39.565765,0.005070,-0.028260,-1.529710,ndi
1786508569.352171,39.583160,0.005020,-0.028290,-1.529690,ndi
1786508569.369684,39.600672,0.004980,-0.028300,-1.529620,ndi
1786508569.384702,39.615691,0.004910,-0.028310,-1.529620,ndi
1786508569.402200,39.633189,0.004860,-0.028340,-1.529560,ndi
1786508569.419704,39.650693,0.004800,-0.028370,-1.529560,ndi
1786508569.434772,39.665761,0.004720,-0.028380,-1.529480,ndi
1786508569.452203,39.683191,0.004670,-0.028400,-1.529460,ndi
1786508569.469701,39.700690,0.004590,-0.028440,-1.529430,ndi
1786508569.484876,39.715865,0.004510,-0.028450,-1.529360,ndi
1786508569.502181,39.733169,0.004460,-0.028460,-1.529400,ndi
1786508569.519662,39.750650,0.004400,-0.028480,-1.529320,ndi
1786508569.534711,39.765700,0.004330,-0.028520,-1.529320,ndi
1786508569.552175,39.783164,0.004250,-0.028530,-1.529290,ndi
1786508569.569856,39.800845,0.004210,-0.028530,-1.529220,ndi
1786508569.584718,39.815707,0.004150,-0.028560,-1.529180,ndi
1786508569.602211,39.833200,0.004060,-0.028580,-1.529150,ndi
1786508569.619696,39.850684,0.004000,-0.028600,-1.529110,ndi
1786508569.634766,39.865755,0.003940,-0.028610,-1.529070,ndi
1786508569.652177,39.883166,0.003860,-0.028640,-1.529050,ndi
1786508569.669664,39.900652,0.003800,-0.028660,-1.529010,ndi
1786508569.684848,39.915837,0.003730,-0.028680,-1.528960,ndi
1786508569.702174,39.933163,0.003650,-0.028690,-1.528940,ndi
1786508569.719719,39.950708,0.003580,-0.028710,-1.528930,ndi
1786508569.734789,39.965778,0.003520,-0.028740,-1.528870,ndi
1786508569.752165,39.983154,0.003460,-0.028750,-1.528840,ndi
1786508569.769727,40.000715,0.003400,-0.028770,-1.528800,ndi
1786508569.784798,40.015787,0.003340,-0.028780,-1.528760,ndi
1786508569.802183,40.033171,0.003270,-0.028800,-1.528720,ndi
1786508569.819698,40.050686,0.003220,-0.028810,-1.528710,ndi
1786508569.834780,40.065768,0.003150,-0.028830,-1.528720,ndi
1786508569.852175,40.083164,0.003090,-0.028840,-1.528680,ndi
1786508569.869676,40.100664,0.003010,-0.028870,-1.528600,ndi
1786508569.884825,40.115814,0.002940,-0.028880,-1.528600,ndi
1786508569.902161,40.133149,0.002880,-0.028880,-1.528580,ndi
1786508569.919699,40.150687,0.002820,-0.028900,-1.528550,ndi
1786508569.934776,40.165765,0.002760,-0.028920,-1.528530,ndi
1786508569.952141,40.183129,0.002700,-0.028940,-1.528510,ndi
1786508569.969765,40.200753,0.002640,-0.028940,-1.528450,ndi
1786508569.984836,40.215825,0.002590,-0.028960,-1.528450,ndi
1786508570.002183,40.233172,0.002520,-0.028980,-1.528400,ndi
1786508570.019696,40.250684,0.002440,-0.028980,-1.528400,ndi
1786508570.034772,40.265761,0.002390,-0.028990,-1.528370,ndi
1786508570.052185,40.283174,0.002310,-0.029010,-1.528320,ndi
1786508570.069680,40.300669,0.002240,-0.029030,-1.528300,ndi
1786508570.084788,40.315777,0.002200,-0.029030,-1.528280,ndi
1786508570.102181,40.333169,0.002120,-0.029040,-1.528250,ndi
1786508570.119726,40.350715,0.002050,-0.029060,-1.528220,ndi
1786508570.134782,40.365770,0.001990,-0.029080,-1.528220,ndi
1786508570.152177,40.383166,0.001920,-0.029070,-1.528160,ndi
1786508570.169785,40.400773,0.001860,-0.029090,-1.528130,ndi
1786508570.184804,40.415792,0.001790,-0.029120,-1.528110,ndi
1786508570.202201,40.433190,0.001720,-0.029120,-1.528070,ndi
1786508570.219683,40.450672,0.001640,-0.029120,-1.528050,ndi
1786508570.234785,40.465774,0.001570,-0.029150,-1.528000,ndi
1786508570.252178,40.483167,0.001490,-0.029180,-1.527990,ndi
1786508570.269691,40.500679,0.001400,-0.029170,-1.527940,ndi
1786508570.284779,40.515768,0.001340,-0.029170,-1.527910,ndi
1786508570.302185,40.533174,0.001260,-0.029190,-1.527920,ndi
1786508570.319684,40.550673,0.001190,-0.029220,-1.527890,ndi
1786508570.334766,40.565755,0.001120,-0.029220,-1.527920,ndi
1786508570.352203,40.583191,0.001070,-0.029210,-1.527860,ndi
1786508570.369789,40.600778,0.001000,-0.029240,-1.527800,ndi
1786508570.384791,40.615780,0.000940,-0.029260,-1.527790,ndi
1786508570.402195,40.633184,0.000870,-0.029260,-1.527790,ndi
1786508570.419705,40.650693,0.000790,-0.029260,-1.527770,ndi
1786508570.437165,40.668154,0.000720,-0.029280,-1.527740,ndi
1786508570.452180,40.683169,0.000670,-0.029300,-1.527750,ndi
1786508570.469697,40.700686,0.000590,-0.029290,-1.527700,ndi
1786508570.484785,40.715774,0.000530,-0.029290,-1.527670,ndi
1786508570.502213,40.733202,0.000460,-0.029310,-1.527660,ndi
1786508570.519695,40.750684,0.000380,-0.029330,-1.527640,ndi
1786508570.534781,40.765770,0.000340,-0.029320,-1.527600,ndi
1786508570.552195,40.783183,0.000280,-0.029340,-1.527600,ndi
1786508570.569693,40.800682,0.000190,-0.029350,-1.527570,ndi
1786508570.584821,40.815809,0.000140,-0.029360,-1.527560,ndi
1786508570.602204,40.833193,0.000070,-0.029360,-1.527540,ndi
1786508570.619696,40.850685,0.000000,-0.029380,-1.527530,ndi
1786508570.634871,40.865860,-0.000050,-0.029390,-1.527530,ndi
1786508570.652194,40.883183,-0.000120,-0.029390,-1.527490,ndi
1786508570.669700,40.900689,-0.000190,-0.029390,-1.527480,ndi
1786508570.684792,40.915781,-0.000240,-0.029400,-1.527440,ndi
1786508570.702214,40.933202,-0.000310,-0.029420,-1.527420,ndi
1786508570.719723,40.950712,-0.000400,-0.029420,-1.527450,ndi
1786508570.734822,40.965810,-0.000450,-0.029410,-1.527360,ndi
1786508570.752192,40.983181,-0.000530,-0.029430,-1.527380,ndi
1786508570.769711,41.000700,-0.000600,-0.029440,-1.527300,ndi
1786508570.784828,41.015817,-0.000650,-0.029440,-1.527320,ndi
1786508570.802195,41.033184,-0.000730,-0.029450,-1.527320,ndi
1786508570.819714,41.050703,-0.000820,-0.029460,-1.527320,ndi
1786508570.834840,41.065828,-0.000870,-0.029470,-1.527280,ndi
1786508570.852180,41.083169,-0.000970,-0.029470,-1.527270,ndi
1786508570.869693,41.100682,-0.001050,-0.029470,-1.527220,ndi
1786508570.884796,41.115785,-0.001120,-0.029480,-1.527240,ndi
1786508570.902196,41.133184,-0.001200,-0.029500,-1.527230,ndi
1786508570.919700,41.150689,-0.001280,-0.029490,-1.527230,ndi
1786508570.934837,41.165826,-0.001340,-0.029490,-1.527190,ndi
1786508570.952194,41.183183,-0.001410,-0.029510,-1.527150,ndi
1786508570.969708,41.200697,-0.001500,-0.029510,-1.527140,ndi
1786508570.984841,41.215830,-0.001540,-0.029510,-1.527140,ndi
1786508571.002230,41.233218,-0.001640,-0.029510,-1.527140,ndi
1786508571.019709,41.250698,-0.001710,-0.029530,-1.527100,ndi
1786508571.034930,41.265919,-0.001760,-0.029530,-1.527100,ndi
1786508571.052197,41.283186,-0.001860,-0.029520,-1.527040,ndi
1786508571.069702,41.300691,-0.001920,-0.029530,-1.527030,ndi
1786508571.084796,41.315785,-0.001990,-0.029540,-1.527040,ndi
1786508571.102190,41.333179,-0.002060,-0.029540,-1.527010,ndi
1786508571.119704,41.350693,-0.002140,-0.029540,-1.527020,ndi
1786508571.134805,41.365794,-0.002190,-0.029540,-1.527020,ndi
1786508571.152229,41.383218,-0.002270,-0.029560,-1.526990,ndi
1786508571.169725,41.400713,-0.002350,-0.029540,-1.526990,ndi
1786508571.184822,41.415811,-0.002390,-0.029550,-1.527000,ndi
1786508571.202213,41.433202,-0.002470,-0.029560,-1.526990,ndi
1786508571.219706,41.450695,-0.002530,-0.029570,-1.527000,ndi
1786508571.237208,41.468197,-0.002590,-0.029550,-1.526970,ndi
1786508571.252199,41.483188,-0.002650,-0.029570,-1.526970,ndi
1786508571.269710,41.500699,-0.002730,-0.029580,-1.526970,ndi
1786508571.284788,41.515776,-0.002780,-0.029570,-1.526910,ndi
1786508571.302196,41.533184,-0.002860,-0.029560,-1.526930,ndi
1786508571.319710,41.550699,-0.002930,-0.029580,-1.526920,ndi
1786508571.334808,41.565797,-0.003010,-0.029580,-1.526940,ndi
1786508571.352211,41.583200,-0.003070,-0.029570,-1.526900,ndi
1786508571.369760,41.600748,-0.003150,-0.029570,-1.526900,ndi
1786508571.384846,41.615835,-0.003210,-0.029590,-1.526890,ndi
1786508571.402246,41.633235,-0.003280,-0.029570,-1.526870,ndi
1786508571.419712,41.650700,-0.003380,-0.029570,-1.526860,ndi
1786508571.434904,41.665892,-0.003440,-0.029580,-1.526870,ndi
1786508571.452214,41.683203,-0.003530,-0.029600,-1.526830,ndi
1786508571.469711,41.700699,-0.003620,-0.029590,-1.526840,ndi
1786508571.487201,41.718189,-0.003710,-0.029580,-1.526850,ndi
1786508571.502203,41.733192,-0.003770,-0.029590,-1.526850,ndi
1786508571.519706,41.750695,-0.003870,-0.029590,-1.526830,ndi
1786508571.534799,41.765787,-0.003920,-0.029580,-1.526850,ndi
1786508571.552206,41.783194,-0.003990,-0.029570,-1.526830,ndi
1786508571.569853,41.800842,-0.004100,-0.029580,-1.526820,ndi
1786508571.584839,41.815828,-0.004150,-0.029590,-1.526820,ndi
1786508571.602260,41.833249,-0.004240,-0.029580,-1.526800,ndi
1786508571.619737,41.850726,-0.004310,-0.029570,-1.526810,ndi
1786508571.637186,41.868175,-0.004390,-0.029580,-1.526770,ndi
1786508571.652216,41.883204,-0.004470,-0.029590,-1.526800,ndi
1786508571.669718,41.900707,-0.004540,-0.029570,-1.526820,ndi
1786508571.684798,41.915787,-0.004590,-0.029570,-1.526800,ndi
1786508571.702199,41.933188,-0.004660,-0.029570,-1.526820,ndi
1786508571.719739,41.950728,-0.004730,-0.029570,-1.526810,ndi
1786508571.734806,41.965795,-0.004790,-0.029570,-1.526780,ndi
1786508571.752205,41.983194,-0.004850,-0.029560,-1.526800,ndi
1786508571.769742,42.000730,-0.004910,-0.029560,-1.526770,ndi
1786508571.784855,42.015844,-0.004970,-0.029570,-1.526790,ndi
1786508571.802200,42.033188,-0.005040,-0.029560,-1.526750,ndi
1786508571.819718,42.050706,-0.005100,-0.029550,-1.526770,ndi
1786508571.834844,42.065832,-0.005180,-0.029550,-1.526750,ndi
1786508571.852221,42.083210,-0.005250,-0.029550,-1.526760,ndi
1786508571.869711,42.100700,-0.005310,-0.029550,-1.526760,ndi
1786508571.884797,42.115786,-0.005390,-0.029530,-1.526790,ndi
1786508571.902210,42.133198,-0.005440,-0.029540,-1.526750,ndi
1786508571.919733,42.150721,-0.005510,-0.029540,-1.526790,ndi
1786508571.934799,42.165788,-0.005570,-0.029530,-1.526770,ndi
1786508571.952220,42.183208,-0.005650,-0.029520,-1.526770,ndi
1786508571.969734,42.200723,-0.005730,-0.029520,-1.526770,ndi
1786508571.984958,42.215947,-0.005800,-0.029520,-1.526780,ndi
1786508572.002228,42.233217,-0.005880,-0.029510,-1.526800,ndi
1786508572.019716,42.250705,-0.005960,-0.029510,-1.526770,ndi
1786508572.034808,42.265797,-0.006040,-0.029500,-1.526780,ndi
1786508572.052225,42.283214,-0.006130,-0.029490,-1.526800,ndi
1786508572.069721,42.300709,-0.006200,-0.029480,-1.526850,ndi
1786508572.087233,42.318221,-0.006270,-0.029490,-1.526840,ndi
1786508572.102223,42.333211,-0.006350,-0.029480,-1.526810,ndi
1786508572.119731,42.350720,-0.006430,-0.029460,-1.526820,ndi
1786508572.137214,42.368202,-0.006520,-0.029450,-1.526820,ndi
1786508572.152241,42.383230,-0.006600,-0.029450,-1.526840,ndi
1786508572.169722,42.400710,-0.006680,-0.029450,-1.526830,ndi
1786508572.184818,42.415806,-0.006740,-0.029440,-1.526840,ndi
1786508572.202230,42.433218,-0.006830,-0.029420,-1.526880,ndi
1786508572.219714,42.450703,-0.006910,-0.029430,-1.526860,ndi
1786508572.234796,42.465785,-0.006990,-0.029420,-1.526850,ndi
1786508572.252212,42.483200,-0.007060,-0.029410,-1.526860,ndi
1786508572.269717,42.500706,-0.007130,-0.029390,-1.526860,ndi
1786508572.284776,42.515765,-0.007180,-0.029390,-1.526900,ndi
1786508572.302227,42.533216,-0.007250,-0.029390,-1.526910,ndi
1786508572.319748,42.550737,-0.007330,-0.029380,-1.526900,ndi
1786508572.337225,42.568214,-0.007400,-0.029360,-1.526910,ndi
1786508572.352261,42.583250,-0.007450,-0.029360,-1.526910,ndi
1786508572.369758,42.600747,-0.007540,-0.029360,-1.526900,ndi
1786508572.384814,42.615803,-0.007580,-0.029340,-1.526930,ndi
1786508572.402239,42.633228,-0.007670,-0.029320,-1.526930,ndi
1786508572.419772,42.650761,-0.007750,-0.029320,-1.526950,ndi
1786508572.434802,42.665790,-0.007800,-0.029320,-1.526950,ndi
1786508572.452228,42.683217,-0.007870,-0.029300,-1.526960,ndi
1786508572.469725,42.700713,-0.007950,-0.029290,-1.527000,ndi
1786508572.484793,42.715782,-0.007990,-0.029290,-1.526950,ndi
1786508572.502218,42.733207,-0.008060,-0.029290,-1.527000,ndi
1786508572.519721,42.750710,-0.008130,-0.029260,-1.527000,ndi
1786508572.537209,42.768198,-0.008200,-0.029240,-1.527020,ndi
1786508572.552223,42.783212,-0.008270,-0.029250,-1.527030,ndi
1786508572.569729,42.800718,-0.008340,-0.029250,-1.527040,ndi
1786508572.587236,42.818225,-0.008410,-0.029220,-1.527070,ndi
1786508572.602235,42.833224,-0.008490,-0.029200,-1.527050,ndi
1786508572.619762,42.850751,-0.008570,-0.029210,-1.527070,ndi
1786508572.634816,42.865804,-0.008630,-0.029200,-1.527070,ndi
1786508572.652225,42.883214,-0.008720,-0.029180,-1.527090,ndi
1786508572.669752,42.900741,-0.008770,-0.029160,-1.527100,ndi
1786508572.684792,42.915781,-0.008850,-0.029160,-1.527120,ndi
1786508572.702246,42.933235,-0.008930,-0.029150,-1.527140,ndi
1786508572.719755,42.950743,-0.009000,-0.029110,-1.527140,ndi
1786508572.734799,42.965787,-0.009060,-0.029110,-1.527160,ndi
1786508572.752221,42.983210,-0.009150,-0.029110,-1.527160,ndi
1786508572.769728,43.000717,-0.009250,-0.029090,-1.527180,ndi
1786508572.784779,43.015767,-0.009320,-0.029060,-1.527200,ndi
1786508572.802233,43.033222,-0.009400,-0.029040,-1.527220,ndi
1786508572.819736,43.050724,-0.009500,-0.029040,-1.527220,ndi
1786508572.834793,43.065782,-0.009570,-0.029020,-1.527230,ndi
1786508572.852216,43.083205,-0.009640,-0.029000,-1.527280,ndi
1786508572.869727,43.100716,-0.009710,-0.028990,-1.527290,ndi
1786508572.887230,43.118219,-0.009780,-0.028980,-1.527300,ndi
1786508572.902233,43.133222,-0.009840,-0.028960,-1.527360,ndi
1786508572.919755,43.150744,-0.009900,-0.028950,-1.527330,ndi
1786508572.934798,43.165787,-0.009960,-0.028930,-1.527370,ndi
1786508572.952218,43.183207,-0.010030,-0.028920,-1.527390,ndi
1786508572.969725,43.200714,-0.010100,-0.028910,-1.527370,ndi
1786508572.984827,43.215816,-0.010150,-0.028890,-1.527420,ndi
1786508573.002280,43.233268,-0.010230,-0.028880,-1.527440,ndi
1786508573.019746,43.250735,-0.010310,-0.028870,-1.527470,ndi
1786508573.037202,43.268191,-0.010360,-0.028850,-1.527490,ndi
1786508573.052211,43.283200,-0.010430,-0.028830,-1.527490,ndi
1786508573.069738,43.300726,-0.010490,-0.028820,-1.527490,ndi
1786508573.084797,43.315786,-0.010530,-0.028810,-1.527510,ndi
1786508573.102234,43.333223,-0.010600,-0.028790,-1.527540,ndi
1786508573.119764,43.350752,-0.010670,-0.028770,-1.527540,ndi
1786508573.134809,43.365798,-0.010730,-0.028770,-1.527570,ndi
1786508573.152244,43.383233,-0.010800,-0.028750,-1.527610,ndi
1786508573.169761,43.400750,-0.010860,-0.028730,-1.527610,ndi
1786508573.184774,43.415763,-0.010920,-0.028710,-1.527630,ndi
1786508573.202251,43.433240,-0.011000,-0.028700,-1.527660,ndi
1786508573.219767,43.450755,-0.011060,-0.028680,-1.527750,ndi
1786508573.234788,43.465777,-0.011130,-0.028670,-1.527700,ndi
1786508573.252244,43.483233,-0.011200,-0.028650,-1.527750,ndi
1786508573.269748,43.500737,-0.011260,-0.028630,-1.527750,ndi
1786508573.287239,43.518227,-0.011330,-0.028610,-1.527780,ndi
1786508573.302226,43.533215,-0.011390,-0.028590,-1.527800,ndi
1786508573.319772,43.550761,-0.011470,-0.028580,-1.527840,ndi
1786508573.334820,43.565809,-0.011530,-0.028560,-1.527870,ndi
1786508573.352239,43.583227,-0.011600,-0.028540,-1.527920,ndi
1786508573.369766,43.600755,-0.011670,-0.028520,-1.527950,ndi
1786508573.387216,43.618204,-0.011740,-0.028510,-1.527960,ndi
1786508573.402255,43.633244,-0.011810,-0.028490,-1.527950,ndi
1786508573.419803,43.650792,-0.011890,-0.028460,-1.528020,ndi
1786508573.434798,43.665787,-0.011960,-0.028430,-1.528040,ndi
1786508573.452245,43.683233,-0.012030,-0.028410,-1.528070,ndi
1786508573.469750,43.700739,-0.012110,-0.028390,-1.528120,ndi
1786508573.484808,43.715797,-0.012160,-0.028360,-1.528130,ndi
1786508573.502257,43.733246,-0.012220,-0.028340,-1.528170,ndi
1786508573.519765,43.750754,-0.012290,-0.028340,-1.528190,ndi
1786508573.534793,43.765781,-0.012350,-0.028300,-1.528180,ndi
1786508573.552236,43.783225,-0.012430,-0.028280,-1.528230,ndi
1786508573.569753,43.800742,-0.012500,-0.028260,-1.528260,ndi
1786508573.584824,43.815813,-0.012560,-0.028250,-1.528280,ndi
1786508573.602297,43.833285,-0.012620,-0.028220,-1.528280,ndi
1786508573.619825,43.850813,-0.012690,-0.028190,-1.528290,ndi
1786508573.634854,43.865842,-0.012750,-0.028190,-1.528330,ndi
1786508573.652249,43.883238,-0.012810,-0.028170,-1.528350,ndi
1786508573.669820,43.900809,-0.012860,-0.028140,-1.528390,ndi
1786508573.684866,43.915855,-0.012920,-0.028120,-1.528400,ndi
1786508573.702367,43.933356,-0.012980,-0.028110,-1.528440,ndi
1786508573.719783,43.950772,-0.013040,-0.028090,-1.528470,ndi
1786508573.734845,43.965834,-0.013090,-0.028060,-1.528490,ndi
1786508573.752269,43.983257,-0.013170,-0.028030,-1.528570,ndi
1786508573.769763,44.000752,-0.013240,-0.028020,-1.528570,ndi
1786508573.784849,44.015837,-0.013280,-0.028000,-1.528600,ndi
1786508573.802290,44.033278,-0.013360,-0.027960,-1.528630,ndi
1786508573.819769,44.050758,-0.013410,-0.027950,-1.528640,ndi
1786508573.834850,44.065839,-0.013470,-0.027940,-1.528700,ndi
1786508573.852253,44.083242,-0.013530,-0.027910,-1.528730,ndi
1786508573.869793,44.100781,-0.013590,-0.027870,-1.528760,ndi
1786508573.887284,44.118273,-0.013650,-0.027860,-1.528800,ndi
1786508573.902264,44.133252,-0.013700,-0.027840,-1.528820,ndi
1786508573.919775,44.150764,-0.013760,-0.027810,-1.528850,ndi
1786508573.934877,44.165866,-0.013820,-0.027780,-1.528910,ndi
1786508573.952265,44.183253,-0.013880,-0.027770,-1.528940,ndi
1786508573.969761,44.200750,-0.013940,-0.027750,-1.528960,ndi
1786508573.987279,44.218268,-0.014010,-0.027710,-1.529030,ndi
1786508574.002317,44.233305,-0.014090,-0.027680,-1.529060,ndi
1786508574.019778,44.250767,-0.014160,-0.027670,-1.529070,ndi
1786508574.034795,44.265784,-0.014210,-0.027650,-1.529110,ndi
1786508574.052239,44.283228,-0.014280,-0.027620,-1.529150,ndi
1786508574.069770,44.300759,-0.014330,-0.027580,-1.529220,ndi
1786508574.084804,44.315793,-0.014400,-0.027560,-1.529210,ndi
1786508574.102255,44.333244,-0.014460,-0.027540,-1.529270,ndi
1786508574.119755,44.350744,-0.014520,-0.027500,-1.529330,ndi
1786508574.134815,44.365803,-0.014590,-0.027470,-1.529340,ndi
1786508574.152235,44.383224,-0.014640,-0.027450,-1.529360,ndi
1786508574.169751,44.400739,-0.014710,-0.027430,-1.529420,ndi
1786508574.184812,44.415801,-0.014770,-0.027380,-1.529420,ndi
1786508574.202309,44.433298,-0.014830,-0.027360,-1.529500,ndi
1786508574.219778,44.450766,-0.014900,-0.027340,-1.529560,ndi
1786508574.234809,44.465798,-0.014950,-0.027330,-1.529580,ndi
1786508574.252296,44.483285,-0.015000,-0.027270,-1.529590,ndi
1786508574.269786,44.500775,-0.015070,-0.027260,-1.529660,ndi
1786508574.287243,44.518231,-0.015130,-0.027250,-1.529700,ndi
1786508574.302270,44.533259,-0.015170,-0.027220,-1.529720,ndi
1786508574.319777,44.550766,-0.015220,-0.027180,-1.529740,ndi
1786508574.334819,44.565808,-0.015280,-0.027170,-1.529750,ndi
1786508574.352262,44.583250,-0.015340,-0.027150,-1.529820,ndi
1786508574.369791,44.600779,-0.015400,-0.027100,-1.529830,ndi
1786508574.384827,44.615816,-0.015450,-0.027080,-1.529890,ndi
1786508574.402307,44.633296,-0.015500,-0.027060,-1.529920,ndi
1786508574.419800,44.650789,-0.015560,-0.027020,-1.529970,ndi
1786508574.434821,44.665810,-0.015610,-0.026980,-1.530010,ndi
1786508574.452279,44.683268,-0.015670,-0.026970,-1.530030,ndi
1786508574.469793,44.700782,-0.015720,-0.026950,-1.530080,ndi
1786508574.484838,44.715827,-0.015770,-0.026900,-1.530120,ndi
1786508574.502246,44.733235,-0.015840,-0.026870,-1.530130,ndi
1786508574.519774,44.750763,-0.015880,-0.026860,-1.530180,ndi
1786508574.537240,44.768229,-0.015930,-0.026830,-1.530220,ndi
1786508574.552255,44.783244,-0.016000,-0.026800,-1.530260,ndi
1786508574.569797,44.800785,-0.016060,-0.026740,-1.530320,ndi
1786508574.584834,44.815823,-0.016120,-0.026730,-1.530340,ndi
1786508574.602358,44.833347,-0.016190,-0.026710,-1.530380,ndi
1786508574.619807,44.850796,-0.016220,-0.026660,-1.530440,ndi
1786508574.634833,44.865822,-0.016270,-0.026630,-1.530460,ndi
1786508574.652276,44.883265,-0.016320,-0.026620,-1.530510,ndi
1786508574.669797,44.900785,-0.016370,-0.026590,-1.530550,ndi
1786508574.684828,44.915816,-0.016430,-0.026540,-1.530600,ndi
1786508574.702281,44.933270,-0.016480,-0.026510,-1.530630,ndi
1786508574.719803,44.950792,-0.016540,-0.026500,-1.530660,ndi
1786508574.737258,44.968247,-0.016600,-0.026470,-1.530720,ndi
1786508574.752265,44.983254,-0.016650,-0.026410,-1.530770,ndi
1786508574.769806,45.000794,-0.016730,-0.026380,-1.530820,ndi
1786508574.784839,45.015827,-0.016790,-0.026360,-1.530890,ndi
1786508574.802243,45.033231,-0.016840,-0.026320,-1.530940,ndi
1786508574.819776,45.050765,-0.016880,-0.026270,-1.531000,ndi
1786508574.834833,45.065822,-0.016950,-0.026250,-1.531000,ndi
1786508574.852265,45.083254,-0.016990,-0.026230,-1.531060,ndi
1786508574.869793,45.100782,-0.017040,-0.026180,-1.531120,ndi
1786508574.884824,45.115813,-0.017090,-0.026140,-1.531160,ndi
1786508574.902267,45.133256,-0.017120,-0.026120,-1.531200,ndi
1786508574.919810,45.150798,-0.017190,-0.026110,-1.531230,ndi
1786508574.937256,45.168245,-0.017220,-0.026070,-1.531280,ndi
1786508574.952255,45.183243,-0.017260,-0.026040,-1.531310,ndi
1786508574.969772,45.200761,-0.017310,-0.026020,-1.531340,ndi
1786508574.984812,45.215801,-0.017350,-0.026010,-1.531380,ndi
1786508575.002403,45.233392,-0.017390,-0.025960,-1.531390,ndi
1786508575.019776,45.250765,-0.017420,-0.025920,-1.531440,ndi
1786508575.034832,45.265821,-0.017460,-0.025920,-1.531440,ndi
1786508575.052288,45.283277,-0.017490,-0.025900,-1.531470,ndi
1786508575.069783,45.300772,-0.017520,-0.025850,-1.531510,ndi
1786508575.084781,45.315770,-0.017570,-0.025830,-1.531550,ndi
1786508575.102266,45.333254,-0.017600,-0.025830,-1.531600,ndi
1786508575.119822,45.350811,-0.017640,-0.025800,-1.531610,ndi
1786508575.137277,45.368266,-0.017680,-0.025750,-1.531680,ndi
1786508575.152279,45.383268,-0.017720,-0.025720,-1.531710,ndi
1786508575.169776,45.400764,-0.017760,-0.025730,-1.531730,ndi
1786508575.184808,45.415797,-0.017770,-0.025700,-1.531780,ndi
1786508575.202247,45.433235,-0.017830,-0.025650,-1.531820,ndi
1786508575.219771,45.450760,-0.017860,-0.025620,-1.531860,ndi
1786508575.234835,45.465824,-0.017880,-0.025620,-1.531880,ndi
1786508575.252264,45.483253,-0.017930,-0.025590,-1.531950,ndi
1786508575.269813,45.500802,-0.017960,-0.025530,-1.531990,ndi
1786508575.284828,45.515816,-0.018010,-0.025500,-1.532030,ndi
1786508575.302297,45.533286,-0.018050,-0.025490,-1.532050,ndi
1786508575.319791,45.550779,-0.018090,-0.025450,-1.532110,ndi
1786508575.337246,45.568235,-0.018130,-0.025410,-1.532170,ndi
1786508575.352290,45.583279,-0.018170,-0.025390,-1.532190,ndi
1786508575.369814,45.600803,-0.018220,-0.025370,-1.532200,ndi
1786508575.384795,45.615783,-0.018250,-0.025340,-1.532240,ndi
1786508575.402251,45.633240,-0.018300,-0.025300,-1.532300,ndi
1786508575.419786,45.650775,-0.018350,-0.025260,-1.532370,ndi
1786508575.434829,45.665818,-0.018370,-0.025250,-1.532390,ndi
1786508575.452283,45.683271,-0.018420,-0.025210,-1.532450,ndi
1786508575.469810,45.700799,-0.018450,-0.025170,-1.532460,ndi
1786508575.484818,45.715807,-0.018490,-0.025140,-1.532480,ndi
1786508575.502271,45.733260,-0.018530,-0.025120,-1.532550,ndi
1786508575.519813,45.750802,-0.018560,-0.025090,-1.532600,ndi
1786508575.537263,45.768252,-0.018610,-0.025040,-1.532630,ndi
1786508575.552321,45.783309,-0.018640,-0.025010,-1.532660,ndi
1786508575.569778,45.800767,-0.018680,-0.025000,-1.532700,ndi
1786508575.584788,45.815776,-0.018710,-0.024970,-1.532750,ndi
1786508575.602264,45.833252,-0.018730,-0.024930,-1.532800,ndi
1786508575.619804,45.850792,-0.018770,-0.024890,-1.532840,ndi
1786508575.637271,45.868260,-0.018800,-0.024880,-1.532890,ndi
1786508575.652277,45.883265,-0.018830,-0.024860,-1.532960,ndi
1786508575.669794,45.900783,-0.018860,-0.024810,-1.532970,ndi
1786508575.687262,45.918250,-0.018900,-0.024770,-1.533020,ndi
1786508575.702283,45.933272,-0.018940,-0.024760,-1.533040,ndi
1786508575.719798,45.950786,-0.018960,-0.024730,-1.533090,ndi
1786508575.737268,45.968256,-0.019010,-0.024680,-1.533140,ndi
1786508575.752298,45.983287,-0.019040,-0.024660,-1.533180,ndi
1786508575.769780,46.000769,-0.019070,-0.024650,-1.533250,ndi
1786508575.784822,46.015810,-0.019110,-0.024630,-1.533250,ndi
1786508575.802286,46.033275,-0.019120,-0.024580,-1.533300,ndi
1786508575.819805,46.050793,-0.019150,-0.024560,-1.533320,ndi
1786508575.837273,46.068262,-0.019180,-0.024540,-1.533380,ndi
1786508575.852281,46.083270,-0.019210,-0.024520,-1.533410,ndi
1786508575.869803,46.100792,-0.019250,-0.024460,-1.533450,ndi
1786508575.884809,46.115798,-0.019270,-0.024440,-1.533470,ndi
1786508575.902273,46.133262,-0.019310,-0.024430,-1.533560,ndi
1786508575.919807,46.150796,-0.019330,-0.024390,-1.533570,ndi
1786508575.934853,46.165842,-0.019370,-0.024350,-1.533600,ndi
1786508575.952287,46.183276,-0.019410,-0.024320,-1.533650,ndi
1786508575.969776,46.200765,-0.019430,-0.024300,-1.533700,ndi
1786508575.984803,46.215792,-0.019460,-0.024260,-1.533740,ndi
1786508576.002299,46.233288,-0.019490,-0.024210,-1.533780,ndi
1786508576.019816,46.250805,-0.019510,-0.024190,-1.533850,ndi
1786508576.037280,46.268269,-0.019550,-0.024160,-1.533880,ndi
1786508576.052319,46.283308,-0.019570,-0.024120,-1.533940,ndi
1786508576.069796,46.300784,-0.019610,-0.024090,-1.534010,ndi
1786508576.084820,46.315809,-0.019650,-0.024060,-1.534070,ndi
1786508576.102291,46.333280,-0.019680,-0.024020,-1.534090,ndi
1786508576.119839,46.350828,-0.019720,-0.023980,-1.534160,ndi
1786508576.134871,46.365860,-0.019740,-0.023950,-1.534180,ndi
1786508576.152299,46.383288,-0.019780,-0.023930,-1.534230,ndi
1786508576.169795,46.400784,-0.019810,-0.023890,-1.534280,ndi
1786508576.184799,46.415788,-0.019820,-0.023850,-1.534350,ndi
1786508576.202310,46.433299,-0.019850,-0.023830,-1.534350,ndi
1786508576.219807,46.450796,-0.019870,-0.023800,-1.534400,ndi
1786508576.237300,46.468289,-0.019900,-0.023770,-1.534480,ndi
1786508576.252297,46.483286,-0.019930,-0.023740,-1.534490,ndi
1786508576.269784,46.500772,-0.019950,-0.023710,-1.534500,ndi
1786508576.284806,46.515794,-0.019980,-0.023680,-1.534570,ndi
1786508576.302274,46.533262,-0.020000,-0.023650,-1.534630,ndi
1786508576.319835,46.550824,-0.020040,-0.023610,-1.534680,ndi
1786508576.337283,46.568271,-0.020060,-0.023580,-1.534710,ndi
1786508576.352275,46.583264,-0.020090,-0.023560,-1.534740,ndi
1786508576.369822,46.600811,-0.020120,-0.023530,-1.534810,ndi
1786508576.387259,46.618248,-0.020130,-0.023490,-1.534850,ndi
1786508576.402279,46.633267,-0.020150,-0.023470,-1.534880,ndi
1786508576.419817,46.650806,-0.020160,-0.023440,-1.534910,ndi
1786508576.437319,46.668307,-0.020180,-0.023420,-1.534960,ndi
1786508576.452315,46.683304,-0.020210,-0.023390,-1.535000,ndi
1786508576.469812,46.700801,-0.020230,-0.023360,-1.535020,ndi
1786508576.487293,46.718282,-0.020250,-0.023340,-1.535060,ndi
1786508576.502285,46.733274,-0.020270,-0.023300,-1.535120,ndi
1786508576.519846,46.750835,-0.020300,-0.023260,-1.535160,ndi
1786508576.537280,46.768268,-0.020330,-0.023240,-1.535150,ndi
1786508576.552290,46.783279,-0.020360,-0.023220,-1.535230,ndi
1786508576.569807,46.800796,-0.020380,-0.023170,-1.535290,ndi
1786508576.587325,46.818314,-0.020400,-0.023140,-1.535350,ndi
1786508576.602304,46.833292,-0.020420,-0.023120,-1.535360,ndi
1786508576.619839,46.850828,-0.020440,-0.023080,-1.535440,ndi
1786508576.637286,46.868275,-0.020470,-0.023020,-1.535510,ndi
1786508576.652269,46.883258,-0.020490,-0.022990,-1.535570,ndi
1786508576.669791,46.900780,-0.020520,-0.022970,-1.535610,ndi
1786508576.687280,46.918268,-0.020560,-0.022910,-1.535670,ndi
1786508576.702294,46.933283,-0.020580,-0.022860,-1.535710,ndi
1786508576.719956,46.950945,-0.020620,-0.022820,-1.535770,ndi
1786508576.734878,46.965866,-0.020650,-0.022790,-1.535800,ndi
1786508576.752305,46.983294,-0.020680,-0.022730,-1.535880,ndi
1786508576.769813,47.000802,-0.020690,-0.022690,-1.535910,ndi
1786508576.787297,47.018286,-0.020730,-0.022650,-1.535970,ndi
1786508576.802295,47.033284,-0.020740,-0.022630,-1.536030,ndi
1786508576.819810,47.050799,-0.020760,-0.022590,-1.536120,ndi
1786508576.837293,47.068282,-0.020800,-0.022550,-1.536150,ndi
1786508576.852327,47.083315,-0.020800,-0.022530,-1.536170,ndi
1786508576.869837,47.100825,-0.020830,-0.022510,-1.536230,ndi
1786508576.884881,47.115870,-0.020850,-0.022460,-1.536270,ndi
1786508576.902288,47.133277,-0.020860,-0.022420,-1.536310,ndi
1786508576.919945,47.150934,-0.020890,-0.022410,-1.536350,ndi
1786508576.937266,47.168255,-0.020910,-0.022380,-1.536390,ndi
1786508576.952309,47.183298,-0.020910,-0.022340,-1.536450,ndi
1786508576.969814,47.200803,-0.020930,-0.022300,-1.536500,ndi
1786508576.984835,47.215823,-0.020950,-0.022290,-1.536530,ndi
1786508577.002341,47.233330,-0.020960,-0.022260,-1.536580,ndi
1786508577.019828,47.250817,-0.020980,-0.022200,-1.536650,ndi
1786508577.037292,47.268281,-0.021000,-0.022180,-1.536650,ndi
1786508577.052331,47.283320,-0.021000,-0.022170,-1.536690,ndi
1786508577.069831,47.300819,-0.021030,-0.022170,-1.536720,ndi
1786508577.084867,47.315856,-0.021030,-0.022130,-1.536770,ndi
1786508577.102304,47.333293,-0.021030,-0.022110,-1.536750,ndi
1786508577.119839,47.350828,-0.021040,-0.022120,-1.536760,ndi
1786508577.134852,47.365841,-0.021040,-0.022120,-1.536790,ndi
1786508577.152318,47.383306,-0.021040,-0.022110,-1.536790,ndi
1786508577.169808,47.400796,-0.021040,-0.022100,-1.536810,ndi
1786508577.184806,47.415795,-0.021030,-0.022110,-1.536790,ndi
1786508577.202309,47.433298,-0.021030,-0.022120,-1.536790,ndi
1786508577.219843,47.450831,-0.021050,-0.022100,-1.536800,ndi
1786508577.234817,47.465806,-0.021030,-0.022100,-1.536790,ndi
1786508577.252320,47.483308,-0.021040,-0.022100,-1.536810,ndi
1786508577.269800,47.500788,-0.021050,-0.022110,-1.536780,ndi
1786508577.284821,47.515809,-0.021030,-0.022100,-1.536810,ndi
1786508577.302303,47.533292,-0.021060,-0.022100,-1.536800,ndi
1786508577.319798,47.550787,-0.021060,-0.022110,-1.536780,ndi
1786508577.334816,47.565804,-0.021040,-0.022110,-1.536820,ndi
1786508577.352301,47.583289,-0.021040,-0.022100,-1.536790,ndi
1786508577.369844,47.600833,-0.021050,-0.022100,-1.536760,ndi
1786508577.384834,47.615823,-0.021040,-0.022100,-1.536780,ndi
1786508577.402324,47.633313,-0.021050,-0.022110,-1.536810,ndi
1786508577.419831,47.650820,-0.021040,-0.022100,-1.536790,ndi
1786508577.437296,47.668285,-0.021030,-0.022100,-1.536800,ndi
1786508577.452350,47.683339,-0.021050,-0.022110,-1.536800,ndi
1786508577.469828,47.700816,-0.021040,-0.022100,-1.536770,ndi
1786508577.484796,47.715784,-0.021040,-0.022100,-1.536780,ndi
1786508577.502314,47.733302,-0.021040,-0.022100,-1.536790,ndi
1786508577.519806,47.750795,-0.021050,-0.022100,-1.536800,ndi
1786508577.534846,47.765835,-0.021050,-0.022110,-1.536790,ndi
1786508577.552325,47.783314,-0.021040,-0.022100,-1.536810,ndi
1786508577.569824,47.800813,-0.021030,-0.022100,-1.536790,ndi
1786508577.587291,47.818280,-0.021040,-0.022100,-1.536810,ndi
1786508577.602331,47.833320,-0.021040,-0.022100,-1.536790,ndi
1786508577.619872,47.850861,-0.021030,-0.022100,-1.536780,ndi
1786508577.634885,47.865874,-0.021050,-0.022110,-1.536790,ndi
1786508577.652372,47.883361,-0.021040,-0.022100,-1.536780,ndi
1786508577.669819,47.900808,-0.021040,-0.022100,-1.536810,ndi
1786508577.687320,47.918308,-0.021050,-0.022100,-1.536800,ndi
1786508577.702325,47.933314,-0.021040,-0.022100,-1.536790,ndi
1786508577.719805,47.950794,-0.021040,-0.022100,-1.536810,ndi
1786508577.734867,47.965855,-0.021060,-0.022110,-1.536810,ndi
1786508577.752324,47.983313,-0.021050,-0.022100,-1.536790,ndi
1786508577.769837,48.000826,-0.021040,-0.022100,-1.536770,ndi
1786508577.784863,48.015852,-0.021040,-0.022100,-1.536770,ndi
1786508577.802330,48.033319,-0.021040,-0.022100,-1.536790,ndi
1786508577.819829,48.050818,-0.021040,-0.022100,-1.536790,ndi
1786508577.834824,48.065813,-0.021040,-0.022100,-1.536810,ndi
1786508577.852313,48.083302,-0.021050,-0.022100,-1.536780,ndi
1786508577.869822,48.100811,-0.021040,-0.022100,-1.536770,ndi
1786508577.884830,48.115818,-0.021040,-0.022100,-1.536790,ndi
1786508577.902350,48.133339,-0.021050,-0.022100,-1.536770,ndi
1786508577.919830,48.150819,-0.021050,-0.022100,-1.536760,ndi
1786508577.934855,48.165843,-0.021040,-0.022100,-1.536800,ndi
1786508577.952349,48.183338,-0.021040,-0.022100,-1.536770,ndi
1786508577.969846,48.200835,-0.021040,-0.022100,-1.536750,ndi
1786508577.987295,48.218284,-0.021040,-0.022100,-1.536760,ndi
1786508578.002320,48.233309,-0.021040,-0.022100,-1.536760,ndi
1786508578.019811,48.250800,-0.021040,-0.022100,-1.536770,ndi
1786508578.034925,48.265914,-0.021040,-0.022100,-1.536770,ndi
1786508578.052342,48.283330,-0.021040,-0.022100,-1.536740,ndi
1786508578.069817,48.300806,-0.021050,-0.022110,-1.536760,ndi
1786508578.084910,48.315899,-0.021040,-0.022100,-1.536760,ndi
1786508578.102322,48.333311,-0.021050,-0.022100,-1.536720,ndi
1786508578.119842,48.350830,-0.021060,-0.022110,-1.536770,ndi
1786508578.134890,48.365879,-0.021040,-0.022110,-1.536760,ndi
1786508578.152329,48.383318,-0.021040,-0.022100,-1.536750,ndi
1786508578.169866,48.400855,-0.021050,-0.022090,-1.536760,ndi
1786508578.184864,48.415853,-0.021030,-0.022110,-1.536770,ndi
1786508578.202338,48.433327,-0.021050,-0.022120,-1.536750,ndi
1786508578.219832,48.450820,-0.021050,-0.022100,-1.536740,ndi
1786508578.234838,48.465826,-0.021040,-0.022090,-1.536750,ndi
1786508578.252318,48.483306,-0.021050,-0.022110,-1.536770,ndi
1786508578.269849,48.500838,-0.021050,-0.022110,-1.536750,ndi
1786508578.287303,48.518292,-0.021040,-0.022100,-1.536750,ndi
1786508578.302301,48.533290,-0.021070,-0.022100,-1.536750,ndi
1786508578.319835,48.550824,-0.021050,-0.022120,-1.536780,ndi
1786508578.334867,48.565856,-0.021040,-0.022110,-1.536740,ndi
1786508578.352364,48.583353,-0.021050,-0.022090,-1.536720,ndi
1786508578.369878,48.600866,-0.021040,-0.022100,-1.536730,ndi
1786508578.387330,48.618319,-0.021030,-0.022120,-1.536740,ndi
1786508578.402319,48.633308,-0.021040,-0.022110,-1.536730,ndi
1786508578.419863,48.650852,-0.021040,-0.022090,-1.536750,ndi
1786508578.434937,48.665925,-0.021050,-0.022110,-1.536750,ndi
1786508578.452332,48.683321,-0.021050,-0.022130,-1.536760,ndi
1786508578.469850,48.700839,-0.021040,-0.022100,-1.536760,ndi
1786508578.484902,48.715890,-0.021050,-0.022090,-1.536750,ndi
1786508578.502311,48.733300,-0.021060,-0.022110,-1.536770,ndi
1786508578.519832,48.750820,-0.021040,-0.022120,-1.536760,ndi
1786508578.534905,48.765894,-0.021060,-0.022100,-1.536750,ndi
1786508578.552346,48.783334,-0.021040,-0.022090,-1.536750,ndi
1786508578.569843,48.800832,-0.021040,-0.022120,-1.536760,ndi
1786508578.584896,48.815885,-0.021040,-0.022120,-1.536740,ndi
1786508578.602328,48.833317,-0.021030,-0.022100,-1.536780,ndi
1786508578.619850,48.850839,-0.021050,-0.022090,-1.536790,ndi
1786508578.634895,48.865884,-0.021040,-0.022120,-1.536770,ndi
1786508578.652339,48.883327,-0.021020,-0.022120,-1.536780,ndi
1786508578.669878,48.900867,-0.021050,-0.022090,-1.536760,ndi
1786508578.684843,48.915832,-0.021050,-0.022090,-1.536770,ndi
1786508578.702347,48.933335,-0.021030,-0.022120,-1.536770,ndi
1786508578.719812,48.950800,-0.021040,-0.022110,-1.536780,ndi
1786508578.734918,48.965906,-0.021050,-0.022090,-1.536750,ndi
1786508578.752355,48.983344,-0.021030,-0.022100,-1.536770,ndi
1786508578.769858,49.000847,-0.021040,-0.022120,-1.536770,ndi
1786508578.784908,49.015896,-0.021030,-0.022110,-1.536770,ndi
1786508578.802323,49.033312,-0.021030,-0.022090,-1.536770,ndi
1786508578.819844,49.050832,-0.021050,-0.022110,-1.536770,ndi
1786508578.834856,49.065845,-0.021030,-0.022120,-1.536770,ndi
1786508578.852338,49.083327,-0.021050,-0.022100,-1.536790,ndi
1786508578.869844,49.100833,-0.021050,-0.022100,-1.536780,ndi
1786508578.884941,49.115930,-0.021040,-0.022110,-1.536760,ndi
1786508578.902330,49.133319,-0.021060,-0.022110,-1.536760,ndi
1786508578.919858,49.150846,-0.021050,-0.022100,-1.536780,ndi
1786508578.935097,49.166085,-0.021030,-0.022090,-1.536750,ndi
1786508578.952372,49.183361,-0.021040,-0.022110,-1.536780,ndi
1786508578.969869,49.200858,-0.021050,-0.022110,-1.536750,ndi
1786508578.984818,49.215806,-0.021030,-0.022100,-1.536750,ndi
1786508579.002398,49.233387,-0.021040,-0.022090,-1.536770,ndi
1786508579.019886,49.250874,-0.021050,-0.022100,-1.536740,ndi
1786508579.034857,49.265846,-0.021030,-0.022110,-1.536760,ndi
1786508579.052362,49.283351,-0.021040,-0.022090,-1.536760,ndi
1786508579.069858,49.300847,-0.021050,-0.022090,-1.536750,ndi
1786508579.084836,49.315825,-0.021050,-0.022100,-1.536760,ndi
1786508579.102330,49.333319,-0.021050,-0.022120,-1.536770,ndi
1786508579.119866,49.350855,-0.021050,-0.022100,-1.536750,ndi
1786508579.134850,49.365839,-0.021040,-0.022090,-1.536780,ndi
1786508579.152370,49.383359,-0.021040,-0.022110,-1.536800,ndi
1786508579.169860,49.400849,-0.021040,-0.022120,-1.536790,ndi
1786508579.184925,49.415914,-0.021040,-0.022100,-1.536800,ndi
1786508579.202345,49.433334,-0.021060,-0.022090,-1.536810,ndi
1786508579.219869,49.450857,-0.021050,-0.022110,-1.536800,ndi
1786508579.234891,49.465880,-0.021030,-0.022120,-1.536800,ndi
1786508579.252352,49.483341,-0.021060,-0.022100,-1.536800,ndi
1786508579.269849,49.500837,-0.021060,-0.022100,-1.536810,ndi
1786508579.284891,49.515880,-0.021050,-0.022110,-1.536820,ndi
1786508579.302314,49.533303,-0.021060,-0.022110,-1.536800,ndi
