stamp,elapsed,x,y,z,frame_id
1786507690.986631,0.000000,-0.008380,-0.044360,-1.558070,ndi
1786507691.004112,0.017480,-0.008390,-0.044360,-1.558070,ndi
1786507691.019110,0.032479,-0.008380,-0.044360,-1.558100,ndi
1786507691.036762,0.050131,-0.008380,-0.044360,-1.558090,ndi
1786507691.054229,0.067598,-0.008380,-0.044370,-1.558070,ndi
1786507691.069165,0.082534,-0.008370,-0.044370,-1.558080,ndi
1786507691.086614,0.099983,-0.008390,-0.044360,-1.558060,ndi
1786507691.101645,0.115014,-0.008380,-0.044360,-1.558070,ndi
1786507691.119225,0.132593,-0.008380,-0.044370,-1.558080,ndi
1786507691.136856,0.150225,-0.008390,-0.044370,-1.558050,ndi
1786507691.151770,0.165138,-0.008380,-0.044360,-1.558090,ndi
1786507691.169160,0.182528,-0.008390,-0.044370,-1.558080,ndi
1786507691.186586,0.199954,-0.008390,-0.044370,-1.558050,ndi
1786507691.201776,0.215144,-0.008380,-0.044370,-1.558070,ndi
1786507691.219226,0.232594,-0.008390,-0.044360,-1.558080,ndi
1786507691.236798,0.250167,-0.008390,-0.044370,-1.558080,ndi
1786507691.251753,0.265121,-0.008390,-0.044380,-1.558060,ndi
1786507691.269209,0.282578,-0.008390,-0.044370,-1.558080,ndi
1786507691.286652,0.300020,-0.008380,-0.044370,-1.558090,ndi
1786507691.304247,0.317616,-0.008380,-0.044370,-1.558060,ndi
1786507691.319160,0.332529,-0.008390,-0.044370,-1.558060,ndi
1786507691.336715,0.350083,-0.008390,-0.044360,-1.558060,ndi
1786507691.351671,0.365040,-0.008380,-0.044370,-1.558090,ndi
1786507691.369148,0.382516,-0.008390,-0.044380,-1.558070,ndi
1786507691.386596,0.399964,-0.008390,-0.044370,-1.558060,ndi
1786507691.401742,0.415111,-0.008380,-0.044360,-1.558080,ndi
1786507691.419340,0.432708,-0.008390,-0.044370,-1.558060,ndi
1786507691.436816,0.450184,-0.008370,-0.044380,-1.558060,ndi
1786507691.451743,0.465111,-0.008380,-0.044380,-1.558090,ndi
1786507691.469177,0.482545,-0.008380,-0.044370,-1.558050,ndi
1786507691.486645,0.500013,-0.008380,-0.044370,-1.558080,ndi
1786507691.501862,0.515231,-0.008390,-0.044370,-1.558080,ndi
1786507691.519301,0.532670,-0.008380,-0.044380,-1.558070,ndi
1786507691.536860,0.550228,-0.008380,-0.044370,-1.558060,ndi
1786507691.554266,0.567635,-0.008400,-0.044370,-1.558070,ndi
1786507691.569176,0.582545,-0.008380,-0.044370,-1.558050,ndi
1786507691.586626,0.599994,-0.008400,-0.044380,-1.558110,ndi
1786507691.604196,0.617565,-0.008370,-0.044370,-1.558080,ndi
1786507691.619170,0.632539,-0.008390,-0.044360,-1.558080,ndi
1786507691.636795,0.650163,-0.008390,-0.044370,-1.558070,ndi
1786507691.654256,0.667624,-0.008370,-0.044390,-1.558080,ndi
1786507691.669160,0.682529,-0.008390,-0.044370,-1.558100,ndi
1786507691.686636,0.700004,-0.008380,-0.044360,-1.558070,ndi
1786507691.701680,0.715049,-0.008390,-0.044380,-1.558070,ndi
1786507691.719266,0.732635,-0.008380,-0.044390,-1.558060,ndi
1786507691.736844,0.750212,-0.008390,-0.044360,-1.558060,ndi
1786507691.751829,0.765197,-0.008380,-0.044360,-1.558070,ndi
1786507691.769193,0.782561,-0.008380,-0.044380,-1.558070,ndi
1786507691.786618,0.799987,-0.008410,-0.044380,-1.558090,ndi
1786507691.801652,0.815021,-0.008380,-0.044360,-1.558060,ndi
1786507691.819242,0.832610,-0.008390,-0.044370,-1.558070,ndi
1786507691.836865,0.850234,-0.008400,-0.044390,-1.558070,ndi
1786507691.851810,0.865179,-0.008380,-0.044370,-1.558060,ndi
1786507691.869156,0.882525,-0.008390,-0.044340,-1.558080,ndi
1786507691.886637,0.900006,-0.008390,-0.044370,-1.558080,ndi
1786507691.901804,0.915173,-0.008380,-0.044390,-1.558060,ndi
1786507691.919234,0.932603,-0.008380,-0.044370,-1.558070,ndi
1786507691.936813,0.950181,-0.008390,-0.044350,-1.558060,ndi
1786507691.951759,0.965127,-0.008390,-0.044370,-1.558070,ndi
1786507691.969159,0.982528,-0.008390,-0.044380,-1.558070,ndi
1786507691.986669,1.000037,-0.008390,-0.044360,-1.558070,ndi
1786507692.001636,1.015004,-0.008380,-0.044350,-1.558060,ndi
1786507692.019171,1.032539,-0.008390,-0.044380,-1.558060,ndi
1786507692.036834,1.050203,-0.008390,-0.044380,-1.558060,ndi
1786507692.051762,1.065130,-0.008380,-0.044360,-1.558080,ndi
1786507692.069198,1.082566,-0.008390,-0.044360,-1.558070,ndi
1786507692.086656,1.100025,-0.008380,-0.044380,-1.558060,ndi
1786507692.101680,1.115049,-0.008380,-0.044370,-1.558060,ndi
1786507692.119242,1.132611,-0.008390,-0.044360,-1.558080,ndi
1786507692.136995,1.150364,-0.008380,-0.044370,-1.558080,ndi
1786507692.151720,1.165089,-0.008390,-0.044380,-1.558050,ndi
1786507692.169151,1.182519,-0.008390,-0.044370,-1.558090,ndi
1786507692.186629,1.199998,-0.008370,-0.044360,-1.558100,ndi
1786507692.201822,1.215190,-0.008390,-0.044360,-1.558070,ndi
1786507692.219239,1.232608,-0.008380,-0.044380,-1.558080,ndi
1786507692.236807,1.250176,-0.008380,-0.044360,-1.558060,ndi
1786507692.251734,1.265102,-0.008390,-0.044360,-1.558080,ndi
1786507692.269213,1.282582,-0.008380,-0.044370,-1.558060,ndi
1786507692.286731,1.300099,-0.008380,-0.044380,-1.558090,ndi
1786507692.301689,1.315058,-0.008380,-0.044370,-1.558080,ndi
1786507692.319278,1.332647,-0.008380,-0.044360,-1.558060,ndi
1786507692.336711,1.350080,-0.008390,-0.044370,-1.558080,ndi
1786507692.351744,1.365113,-0.008390,-0.044380,-1.558070,ndi
1786507692.369170,1.382539,-0.008390,-0.044370,-1.558080,ndi
1786507692.386640,1.400008,-0.008380,-0.044360,-1.558080,ndi
1786507692.401709,1.415078,-0.008390,-0.044370,-1.558070,ndi
1786507692.419292,1.432661,-0.008380,-0.044380,-1.558090,ndi
1786507692.436709,1.450077,-0.008380,-0.044360,-1.558080,ndi
1786507692.451770,1.465138,-0.008380,-0.044360,-1.558060,ndi
1786507692.469164,1.482533,-0.008380,-0.044380,-1.558060,ndi
1786507692.486646,1.500014,-0.008380,-0.044380,-1.558080,ndi
1786507692.501684,1.515053,-0.008390,-0.044360,-1.558070,ndi
1786507692.519286,1.532654,-0.008380,-0.044350,-1.558060,ndi
1786507692.536738,1.550106,-0.008390,-0.044380,-1.558070,ndi
1786507692.551727,1.565095,-0.008390,-0.044380,-1.558060,ndi
1786507692.569203,1.582571,-0.008390,-0.044360,-1.558080,ndi
1786507692.586648,1.600017,-0.008380,-0.044360,-1.558080,ndi
1786507692.601721,1.615090,-0.008380,-0.044380,-1.558100,ndi
1786507692.619269,1.632638,-0.008380,-0.044370,-1.558070,ndi
1786507692.636770,1.650139,-0.008390,-0.044350,-1.558090,ndi
1786507692.651713,1.665082,-0.008380,-0.044370,-1.558060,ndi
1786507692.669223,1.682591,-0.008390,-0.044390,-1.558050,ndi
1786507692.686665,1.700034,-0.008390,-0.044370,-1.558070,ndi
1786507692.701723,1.715091,-0.008380,-0.044350,-1.558080,ndi
1786507692.719214,1.732583,-0.008390,-0.044370,-1.558080,ndi
1786507692.736779,1.750148,-0.008390,-0.044380,-1.558080,ndi
1786507692.751774,1.765142,-0.008390,-0.044370,-1.558060,ndi
1786507692.769176,1.782544,-0.008380,-0.044360,-1.558090,ndi
1786507692.786637,1.800006,-0.008390,-0.044370,-1.558080,ndi
1786507692.801754,1.815122,-0.008380,-0.044380,-1.558090,ndi
1786507692.819367,1.832736,-0.008390,-0.044360,-1.558080,ndi
1786507692.836799,1.850168,-0.008380,-0.044360,-1.558090,ndi
1786507692.851717,1.865086,-0.008380,-0.044380,-1.558060,ndi
1786507692.869161,1.882530,-0.008390,-0.044380,-1.558060,ndi
1786507692.886663,1.900031,-0.008390,-0.044360,-1.558060,ndi
1786507692.901702,1.915071,-0.008390,-0.044360,-1.558070,ndi
1786507692.919370,1.932739,-0.008390,-0.044380,-1.558090,ndi
1786507692.936872,1.950241,-0.008390,-0.044380,-1.558080,ndi
1786507692.951704,1.965073,-0.008400,-0.044370,-1.558080,ndi
1786507692.969183,1.982552,-0.008380,-0.044370,-1.558080,ndi
1786507692.986732,2.000100,-0.008380,-0.044380,-1.558060,ndi
1786507693.001735,2.015104,-0.008390,-0.044370,-1.558100,ndi
1786507693.019351,2.032719,-0.008380,-0.044360,-1.558070,ndi
1786507693.036862,2.050230,-0.008380,-0.044370,-1.558090,ndi
1786507693.054285,2.067653,-0.008390,-0.044380,-1.558050,ndi
1786507693.069186,2.082554,-0.008390,-0.044380,-1.558070,ndi
1786507693.086706,2.100075,-0.008380,-0.044360,-1.558080,ndi
1786507693.101784,2.115152,-0.008390,-0.044370,-1.558080,ndi
1786507693.119382,2.132751,-0.008390,-0.044380,-1.558080,ndi
1786507693.136883,2.150252,-0.008390,-0.044370,-1.558060,ndi
1786507693.151848,2.165216,-0.008400,-0.044360,-1.558120,ndi
1786507693.169155,2.182523,-0.008390,-0.044370,-1.558090,ndi
1786507693.186721,2.200089,-0.008380,-0.044390,-1.558070,ndi
1786507693.201701,2.215070,-0.008390,-0.044370,-1.558070,ndi
1786507693.219213,2.232582,-0.008380,-0.044350,-1.558080,ndi
1786507693.236716,2.250085,-0.008370,-0.044370,-1.558080,ndi
1786507693.251664,2.265033,-0.008400,-0.044380,-1.558070,ndi
1786507693.269221,2.282590,-0.008380,-0.044370,-1.558090,ndi
1786507693.286670,2.300039,-0.008380,-0.044360,-1.558080,ndi
1786507693.301710,2.315079,-0.008400,-0.044380,-1.558090,ndi
1786507693.319339,2.332707,-0.008380,-0.044380,-1.558070,ndi
1786507693.336698,2.350067,-0.008390,-0.044360,-1.558090,ndi
1786507693.351750,2.365119,-0.008390,-0.044350,-1.558100,ndi
1786507693.369202,2.382570,-0.008390,-0.044380,-1.558080,ndi
1786507693.386709,2.400078,-0.008380,-0.044380,-1.558090,ndi
1786507693.401747,2.415115,-0.008370,-0.044360,-1.558070,ndi
1786507693.419407,2.432775,-0.008380,-0.044360,-1.558080,ndi
1786507693.436859,2.450227,-0.008370,-0.044370,-1.558100,ndi
1786507693.454213,2.467582,-0.008380,-0.044360,-1.558080,ndi
1786507693.469128,2.482496,-0.008380,-0.044360,-1.558100,ndi
1786507693.486680,2.500049,-0.008370,-0.044360,-1.558080,ndi
1786507693.501695,2.515064,-0.008390,-0.044380,-1.558060,ndi
1786507693.519296,2.532665,-0.008380,-0.044370,-1.558080,ndi
1786507693.536828,2.550197,-0.008390,-0.044350,-1.558090,ndi
1786507693.551870,2.565239,-0.008380,-0.044370,-1.558080,ndi
1786507693.569188,2.582557,-0.008380,-0.044380,-1.558100,ndi
1786507693.586683,2.600052,-0.008390,-0.044370,-1.558080,ndi
1786507693.601746,2.615114,-0.008380,-0.044370,-1.558080,ndi
1786507693.619282,2.632651,-0.008390,-0.044370,-1.558080,ndi
1786507693.636736,2.650105,-0.008390,-0.044360,-1.558080,ndi
1786507693.651838,2.665207,-0.008380,-0.044360,-1.558070,ndi
1786507693.669161,2.682530,-0.008380,-0.044360,-1.558110,ndi
1786507693.686671,2.700039,-0.008380,-0.044370,-1.558080,ndi
1786507693.701747,2.715116,-0.008400,-0.044370,-1.558070,ndi
1786507693.719357,2.732725,-0.008390,-0.044360,-1.558070,ndi
1786507693.736722,2.750091,-0.008390,-0.044360,-1.558080,ndi
1786507693.754281,2.767649,-0.008390,-0.044360,-1.558070,ndi
1786507693.769181,2.782550,-0.008380,-0.044360,-1.558070,ndi
1786507693.786676,2.800044,-0.008380,-0.044370,-1.558080,ndi
1786507693.801693,2.815062,-0.008380,-0.044360,-1.558070,ndi
1786507693.819391,2.832760,-0.008380,-0.044360,-1.558070,ndi
1786507693.836878,2.850247,-0.008380,-0.044360,-1.558070,ndi
1786507693.851801,2.865169,-0.008390,-0.044360,-1.558050,ndi
1786507693.869176,2.882545,-0.008380,-0.044360,-1.558070,ndi
1786507693.886749,2.900118,-0.008380,-0.044360,-1.558080,ndi
1786507693.901844,2.915212,-0.008400,-0.044360,-1.558050,ndi
1786507693.919374,2.932743,-0.008400,-0.044380,-1.558060,ndi
1786507693.936797,2.950166,-0.008390,-0.044370,-1.558080,ndi
1786507693.951931,2.965300,-0.008390,-0.044360,-1.558050,ndi
1786507693.969196,2.982564,-0.008380,-0.044370,-1.558090,ndi
1786507693.986676,3.000045,-0.008380,-0.044380,-1.558090,ndi
1786507694.001801,3.015169,-0.008390,-0.044370,-1.558090,ndi
1786507694.019297,3.032666,-0.008390,-0.044370,-1.558060,ndi
1786507694.036890,3.050259,-0.008380,-0.044380,-1.558070,ndi
1786507694.054326,3.067694,-0.008390,-0.044370,-1.558060,ndi
1786507694.069196,3.082565,-0.008380,-0.044360,-1.558100,ndi
1786507694.086714,3.100082,-0.008390,-0.044370,-1.558080,ndi
1786507694.101792,3.115161,-0.008390,-0.044380,-1.558070,ndi
1786507694.119263,3.132632,-0.008390,-0.044380,-1.558080,ndi
1786507694.136766,3.150135,-0.008390,-0.044360,-1.558090,ndi
1786507694.151934,3.165303,-0.008400,-0.044370,-1.558060,ndi
1786507694.169246,3.182615,-0.008380,-0.044390,-1.558070,ndi
1786507694.186764,3.200133,-0.008390,-0.044370,-1.558070,ndi
1786507694.201771,3.215140,-0.008390,-0.044360,-1.558060,ndi
1786507694.219254,3.232622,-0.008390,-0.044380,-1.558070,ndi
1786507694.236782,3.250151,-0.008390,-0.044390,-1.558050,ndi
1786507694.251763,3.265131,-0.008380,-0.044380,-1.558030,ndi
1786507694.269205,3.282574,-0.008380,-0.044360,-1.558070,ndi
1786507694.286705,3.300074,-0.008400,-0.044380,-1.558070,ndi
1786507694.301861,3.315230,-0.008390,-0.044390,-1.558040,ndi
1786507694.319274,3.332643,-0.008390,-0.044380,-1.558050,ndi
1786507694.336736,3.350105,-0.008390,-0.044370,-1.558050,ndi
1786507694.351825,3.365193,-0.008380,-0.044380,-1.558020,ndi
1786507694.369204,3.382573,-0.008390,-0.044400,-1.558060,ndi
1786507694.386681,3.400049,-0.008390,-0.044380,-1.558070,ndi
1786507694.401793,3.415162,-0.008380,-0.044360,-1.558080,ndi
1786507694.419327,3.432696,-0.008380,-0.044390,-1.558060,ndi
1786507694.436907,3.450275,-0.008390,-0.044390,-1.558050,ndi
1786507694.451831,3.465199,-0.008380,-0.044380,-1.558060,ndi
1786507694.469168,3.482537,-0.008390,-0.044370,-1.558080,ndi
1786507694.486715,3.500083,-0.008390,-0.044400,-1.558060,ndi
1786507694.501971,3.515340,-0.008390,-0.044390,-1.558060,ndi
1786507694.519377,3.532745,-0.008400,-0.044370,-1.558080,ndi
1786507694.536887,3.550255,-0.008400,-0.044380,-1.558070,ndi
1786507694.551913,3.565282,-0.008390,-0.044400,-1.558050,ndi
1786507694.569236,3.582604,-0.008390,-0.044390,-1.558040,ndi
1786507694.586763,3.600132,-0.008390,-0.044360,-1.558070,ndi
1786507694.601774,3.615142,-0.008380,-0.044380,-1.558050,ndi
1786507694.619274,3.632643,-0.008400,-0.044400,-1.558080,ndi
1786507694.636846,3.650215,-0.008390,-0.044380,-1.558070,ndi
1786507694.651811,3.665180,-0.008380,-0.044360,-1.558060,ndi
1786507694.669229,3.682597,-0.008400,-0.044390,-1.558050,ndi
1786507694.686711,3.700079,-0.008400,-0.044400,-1.558080,ndi
1786507694.701828,3.715197,-0.008390,-0.044360,-1.558070,ndi
1786507694.719296,3.732665,-0.008390,-0.044370,-1.558050,ndi
1786507694.736829,3.750197,-0.008380,-0.044400,-1.558050,ndi
1786507694.751806,3.765175,-0.008390,-0.044400,-1.558060,ndi
1786507694.769192,3.782560,-0.008400,-0.044360,-1.558060,ndi
1786507694.786716,3.800085,-0.008380,-0.044370,-1.558060,ndi
1786507694.801767,3.815135,-0.008390,-0.044390,-1.558040,ndi
1786507694.819294,3.832663,-0.008400,-0.044390,-1.558060,ndi
1786507694.836754,3.850123,-0.008390,-0.044360,-1.558070,ndi
1786507694.851834,3.865203,-0.008400,-0.044370,-1.558050,ndi
1786507694.869234,3.882603,-0.008390,-0.044400,-1.558060,ndi
1786507694.886717,3.900085,-0.008400,-0.044370,-1.558040,ndi
1786507694.901746,3.915114,-0.008400,-0.044360,-1.558070,ndi
1786507694.919408,3.932777,-0.008380,-0.044380,-1.558080,ndi
1786507694.936902,3.950270,-0.008400,-0.044390,-1.558070,ndi
1786507694.951918,3.965286,-0.008380,-0.044380,-1.558060,ndi
1786507694.969226,3.982594,-0.008380,-0.044360,-1.558050,ndi
1786507694.986681,4.000049,-0.008390,-0.044380,-1.558050,ndi
1786507695.001774,4.015142,-0.008390,-0.044390,-1.558060,ndi
1786507695.019385,4.032753,-0.008380,-0.044370,-1.558060,ndi
1786507695.036746,4.050114,-0.008390,-0.044360,-1.558060,ndi
1786507695.051818,4.065187,-0.008390,-0.044380,-1.558080,ndi
1786507695.069249,4.082618,-0.008390,-0.044390,-1.558070,ndi
1786507695.086715,4.100084,-0.008400,-0.044360,-1.558050,ndi
1786507695.101769,4.115138,-0.008390,-0.044360,-1.558090,ndi
1786507695.119277,4.132646,-0.008390,-0.044380,-1.558060,ndi
1786507695.136847,4.150215,-0.008400,-0.044380,-1.558050,ndi
1786507695.151848,4.165216,-0.008380,-0.044360,-1.558040,ndi
1786507695.169239,4.182608,-0.008380,-0.044360,-1.558070,ndi
1786507695.186756,4.200124,-0.008380,-0.044380,-1.558080,ndi
1786507695.201821,4.215190,-0.008380,-0.044380,-1.558080,ndi
1786507695.219409,4.232778,-0.008380,-0.044360,-1.558080,ndi
1786507695.236934,4.250303,-0.008390,-0.044360,-1.558070,ndi
1786507695.254258,4.267627,-0.008390,-0.044380,-1.558050,ndi
1786507695.269296,4.282665,-0.008380,-0.044380,-1.558060,ndi
1786507695.286713,4.300081,-0.008390,-0.044360,-1.558080,ndi
1786507695.301752,4.315120,-0.008380,-0.044360,-1.558080,ndi
1786507695.319424,4.332792,-0.008390,-0.044370,-1.558060,ndi
1786507695.336894,4.350262,-0.008380,-0.044380,-1.558070,ndi
1786507695.351871,4.365240,-0.008380,-0.044360,-1.558080,ndi
1786507695.369218,4.382586,-0.008380,-0.044360,-1.558070,ndi
1786507695.386739,4.400108,-0.008380,-0.044380,-1.558080,ndi
1786507695.401858,4.415226,-0.008380,-0.044370,-1.558070,ndi
1786507695.419293,4.432662,-0.008380,-0.044360,-1.558090,ndi
1786507695.436806,4.450175,-0.008380,-0.044360,-1.558070,ndi
1786507695.451890,4.465259,-0.008380,-0.044380,-1.558070,ndi
1786507695.469259,4.482628,-0.008380,-0.044370,-1.558070,ndi
1786507695.486684,4.500053,-0.008390,-0.044350,-1.558090,ndi
1786507695.501960,4.515328,-0.008370,-0.044350,-1.558080,ndi
1786507695.519437,4.532806,-0.008370,-0.044360,-1.558050,ndi
1786507695.536910,4.550278,-0.008380,-0.044360,-1.558080,ndi
1786507695.551849,4.565218,-0.008370,-0.044340,-1.558070,ndi
1786507695.569222,4.582591,-0.008370,-0.044350,-1.558050,ndi
1786507695.586713,4.600082,-0.008370,-0.044360,-1.558090,ndi
1786507695.601755,4.615124,-0.008380,-0.044360,-1.558060,ndi
1786507695.619427,4.632796,-0.008370,-0.044340,-1.558060,ndi
1786507695.636911,4.650279,-0.008370,-0.044350,-1.558040,ndi
1786507695.651760,4.665128,-0.008390,-0.044360,-1.558060,ndi
1786507695.669276,4.682645,-0.008370,-0.044350,-1.558050,ndi
1786507695.686701,4.700070,-0.008370,-0.044340,-1.558040,ndi
1786507695.701809,4.715178,-0.008380,-0.044340,-1.558040,ndi
1786507695.719319,4.732687,-0.008370,-0.044360,-1.558060,ndi
1786507695.736948,4.750317,-0.008370,-0.044360,-1.558060,ndi
1786507695.751901,4.765270,-0.008380,-0.044350,-1.558070,ndi
1786507695.769228,4.782597,-0.008380,-0.044350,-1.558050,ndi
1786507695.786725,4.800093,-0.008370,-0.044370,-1.558050,ndi
1786507695.801842,4.815211,-0.008390,-0.044370,-1.558060,ndi
1786507695.819416,4.832784,-0.008390,-0.044360,-1.558060,ndi
1786507695.836848,4.850217,-0.008390,-0.044370,-1.558080,ndi
1786507695.854277,4.867646,-0.008400,-0.044380,-1.558080,ndi
1786507695.869237,4.882605,-0.008390,-0.044380,-1.558090,ndi
1786507695.886717,4.900086,-0.008400,-0.044370,-1.558090,ndi
1786507695.901777,4.915145,-0.008390,-0.044370,-1.558100,ndi
1786507695.919414,4.932783,-0.008380,-0.044380,-1.558070,ndi
1786507695.936943,4.950311,-0.008380,-0.044370,-1.558090,ndi
1786507695.951880,4.965249,-0.008390,-0.044360,-1.558080,ndi
1786507695.969229,4.982598,-0.008390,-0.044370,-1.558100,ndi
1786507695.986712,5.000081,-0.008380,-0.044370,-1.558090,ndi
1786507696.001750,5.015118,-0.008390,-0.044360,-1.558100,ndi
1786507696.019306,5.032675,-0.008380,-0.044360,-1.558080,ndi
1786507696.036912,5.050281,-0.008380,-0.044360,-1.558060,ndi
1786507696.051875,5.065243,-0.008390,-0.044370,-1.558080,ndi
1786507696.069273,5.082642,-0.008380,-0.044370,-1.558070,ndi
1786507696.086729,5.100098,-0.008370,-0.044370,-1.558090,ndi
1786507696.101817,5.115185,-0.008390,-0.044370,-1.558080,ndi
1786507696.119370,5.132739,-0.008380,-0.044360,-1.558110,ndi
1786507696.136913,5.150281,-0.008390,-0.044370,-1.558060,ndi
1786507696.151774,5.165143,-0.008370,-0.044380,-1.558090,ndi
1786507696.169170,5.182538,-0.008370,-0.044370,-1.558070,ndi
1786507696.186734,5.200102,-0.008400,-0.044360,-1.558060,ndi
1786507696.201800,5.215168,-0.008380,-0.044370,-1.558070,ndi
1786507696.219308,5.232676,-0.008390,-0.044380,-1.558080,ndi
1786507696.236800,5.250169,-0.008390,-0.044370,-1.558060,ndi
1786507696.251759,5.265128,-0.008390,-0.044370,-1.558070,ndi
1786507696.269292,5.282661,-0.008400,-0.044390,-1.558080,ndi
1786507696.286721,5.300090,-0.008390,-0.044380,-1.558050,ndi
1786507696.301819,5.315187,-0.008390,-0.044360,-1.558050,ndi
1786507696.319301,5.332669,-0.008370,-0.044380,-1.558090,ndi
1786507696.336972,5.350341,-0.008400,-0.044390,-1.558080,ndi
1786507696.351871,5.365239,-0.008380,-0.044380,-1.558070,ndi
1786507696.369188,5.382557,-0.008400,-0.044360,-1.558060,ndi
1786507696.386780,5.400148,-0.008390,-0.044390,-1.558060,ndi
1786507696.401848,5.415216,-0.008380,-0.044400,-1.558050,ndi
1786507696.419379,5.432748,-0.008400,-0.044370,-1.558090,ndi
1786507696.436812,5.450181,-0.008390,-0.044360,-1.558060,ndi
1786507696.451794,5.465162,-0.008400,-0.044390,-1.558050,ndi
1786507696.469221,5.482589,-0.008400,-0.044400,-1.558090,ndi
1786507696.486756,5.500124,-0.008390,-0.044380,-1.558060,ndi
1786507696.501778,5.515147,-0.008420,-0.044370,-1.558080,ndi
1786507696.519419,5.532788,-0.008410,-0.044360,-1.558160,ndi
1786507696.536905,5.550273,-0.008430,-0.044340,-1.558180,ndi
1786507696.551852,5.565220,-0.008460,-0.044320,-1.558180,ndi
1786507696.569223,5.582591,-0.008480,-0.044330,-1.558190,ndi
1786507696.586718,5.600087,-0.008500,-0.044330,-1.558210,ndi
1786507696.601734,5.615103,-0.008480,-0.044320,-1.558200,ndi
1786507696.619335,5.632704,-0.008500,-0.044310,-1.558210,ndi
1786507696.636782,5.650151,-0.008510,-0.044320,-1.558210,ndi
1786507696.651723,5.665091,-0.008510,-0.044330,-1.558200,ndi
1786507696.669186,5.682554,-0.008500,-0.044330,-1.558200,ndi
1786507696.686849,5.700218,-0.008480,-0.044330,-1.558170,ndi
1786507696.701782,5.715150,-0.008480,-0.044340,-1.558160,ndi
1786507696.719446,5.732815,-0.008500,-0.044350,-1.558140,ndi
1786507696.736799,5.750167,-0.008500,-0.044350,-1.558100,ndi
1786507696.751890,5.765258,-0.008500,-0.044350,-1.558100,ndi
1786507696.769222,5.782591,-0.008480,-0.044370,-1.558080,ndi
1786507696.786828,5.800196,-0.008500,-0.044370,-1.558070,ndi
1786507696.801871,5.815239,-0.008500,-0.044370,-1.558030,ndi
1786507696.819465,5.832834,-0.008510,-0.044380,-1.558010,ndi
1786507696.836979,5.850347,-0.008490,-0.044390,-1.557990,ndi
1786507696.851900,5.865268,-0.008490,-0.044390,-1.557970,ndi
1786507696.869229,5.882598,-0.008490,-0.044400,-1.557930,ndi
1786507696.886775,5.900143,-0.008500,-0.044410,-1.557920,ndi
1786507696.901740,5.915109,-0.008490,-0.044420,-1.557870,ndi
1786507696.919424,5.932793,-0.008470,-0.044430,-1.557840,ndi
1786507696.936939,5.950307,-0.008470,-0.044430,-1.557820,ndi
1786507696.954281,5.967649,-0.008490,-0.044440,-1.557800,ndi
1786507696.969248,5.982616,-0.008480,-0.044450,-1.557750,ndi
1786507696.986766,6.000134,-0.008480,-0.044460,-1.557720,ndi
1786507697.001791,6.015159,-0.008460,-0.044460,-1.557700,ndi
1786507697.019394,6.032762,-0.008480,-0.044460,-1.557700,ndi
1786507697.036955,6.050324,-0.008490,-0.044450,-1.557650,ndi
1786507697.051858,6.065227,-0.008480,-0.044450,-1.557610,ndi
1786507697.069196,6.082565,-0.008480,-0.044450,-1.557590,ndi
1786507697.086844,6.100213,-0.008480,-0.044450,-1.557570,ndi
1786507697.104442,6.117810,-0.008480,-0.044450,-1.557570,ndi
1786507697.119416,6.132784,-0.008490,-0.044450,-1.557540,ndi
1786507697.136966,6.150334,-0.008490,-0.044460,-1.557520,ndi
1786507697.151881,6.165249,-0.008470,-0.044470,-1.557520,ndi
1786507697.169250,6.182619,-0.008490,-0.044470,-1.557500,ndi
1786507697.186780,6.200149,-0.008490,-0.044460,-1.557510,ndi
1786507697.201756,6.215125,-0.008490,-0.044460,-1.557500,ndi
1786507697.219242,6.232610,-0.008500,-0.044440,-1.557440,ndi
1786507697.236765,6.250134,-0.008500,-0.044400,-1.557420,ndi
1786507697.251901,6.265270,-0.008490,-0.044350,-1.557440,ndi
1786507697.269310,6.282679,-0.008510,-0.044320,-1.557400,ndi
1786507697.286765,6.300134,-0.008530,-0.044290,-1.557380,ndi
1786507697.301816,6.315185,-0.008510,-0.044240,-1.557350,ndi
1786507697.319287,6.332655,-0.008550,-0.044210,-1.557330,ndi
1786507697.336931,6.350300,-0.008570,-0.044190,-1.557300,ndi
1786507697.351851,6.365220,-0.008540,-0.044150,-1.557260,ndi
1786507697.369236,6.382605,-0.008550,-0.044100,-1.557210,ndi
1786507697.386734,6.400103,-0.008560,-0.044070,-1.557200,ndi
1786507697.401851,6.415220,-0.008580,-0.044050,-1.557220,ndi
1786507697.421309,6.434677,-0.008590,-0.044000,-1.557160,ndi
1786507697.436848,6.450217,-0.008590,-0.043950,-1.557150,ndi
1786507697.451722,6.465090,-0.008590,-0.043920,-1.557110,ndi
1786507697.469233,6.482602,-0.008600,-0.043890,-1.557090,ndi
1786507697.486825,6.500194,-0.008600,-0.043850,-1.557040,ndi
1786507697.501960,6.515329,-0.008610,-0.043810,-1.557010,ndi
1786507697.519417,6.532786,-0.008620,-0.043780,-1.556950,ndi
1786507697.536933,6.550302,-0.008620,-0.043740,-1.556890,ndi
1786507697.551893,6.565262,-0.008630,-0.043670,-1.556860,ndi
1786507697.569223,6.582592,-0.008660,-0.043630,-1.556820,ndi
1786507697.586799,6.600167,-0.008650,-0.043610,-1.556780,ndi
1786507697.601920,6.615289,-0.008650,-0.043570,-1.556770,ndi
1786507697.619385,6.632754,-0.008670,-0.043520,-1.556740,ndi
1786507697.636812,6.650181,-0.008680,-0.043480,-1.556700,ndi
1786507697.651837,6.665205,-0.008690,-0.043450,-1.556700,ndi
1786507697.669263,6.682632,-0.008680,-0.043410,-1.556670,ndi
1786507697.686830,6.700198,-0.008670,-0.043370,-1.556630,ndi
1786507697.701931,6.715299,-0.008710,-0.043330,-1.556590,ndi
1786507697.719455,6.732823,-0.008700,-0.043300,-1.556570,ndi
1786507697.736915,6.750284,-0.008710,-0.043270,-1.556520,ndi
1786507697.751905,6.765274,-0.008720,-0.043230,-1.556520,ndi
1786507697.769240,6.782609,-0.008700,-0.043180,-1.556490,ndi
1786507697.786754,6.800122,-0.008740,-0.043150,-1.556460,ndi
1786507697.801905,6.815274,-0.008760,-0.043120,-1.556440,ndi
1786507697.819433,6.832802,-0.008750,-0.043080,-1.556440,ndi
1786507697.836891,6.850259,-0.008760,-0.043030,-1.556400,ndi
1786507697.851904,6.865272,-0.008760,-0.042990,-1.556350,ndi
1786507697.869275,6.882643,-0.008770,-0.042950,-1.556310,ndi
1786507697.886788,6.900156,-0.008780,-0.042910,-1.556290,ndi
1786507697.901825,6.915194,-0.008790,-0.042870,-1.556270,ndi
1786507697.919434,6.932803,-0.008770,-0.042850,-1.556200,ndi
1786507697.936934,6.950303,-0.008800,-0.042820,-1.556200,ndi
1786507697.951861,6.965230,-0.008820,-0.042790,-1.556170,ndi
1786507697.969233,6.982601,-0.008810,-0.042750,-1.556180,ndi
1786507697.986774,7.000143,-0.008830,-0.042720,-1.556130,ndi
1786507698.001947,7.015315,-0.008830,-0.042700,-1.556100,ndi
1786507698.019405,7.032774,-0.008850,-0.042640,-1.556070,ndi
1786507698.036898,7.050267,-0.008860,-0.042600,-1.556070,ndi
1786507698.051915,7.065283,-0.008850,-0.042580,-1.556000,ndi
1786507698.069261,7.082629,-0.008850,-0.042550,-1.555940,ndi
1786507698.086770,7.100138,-0.008870,-0.042500,-1.555960,ndi
1786507698.101970,7.115339,-0.008870,-0.042450,-1.555920,ndi
1786507698.119440,7.132809,-0.008880,-0.042430,-1.555900,ndi
1786507698.136929,7.150298,-0.008900,-0.042390,-1.555860,ndi
1786507698.151880,7.165248,-0.008890,-0.042350,-1.555880,ndi
1786507698.169233,7.182601,-0.008910,-0.042320,-1.555860,ndi
1786507698.186799,7.200167,-0.008930,-0.042290,-1.555800,ndi
1786507698.201853,7.215222,-0.008930,-0.042250,-1.555780,ndi
1786507698.219300,7.232668,-0.008940,-0.042200,-1.555770,ndi
1786507698.236806,7.250175,-0.008950,-0.042160,-1.555730,ndi
1786507698.254380,7.267748,-0.008950,-0.042110,-1.555700,ndi
1786507698.269337,7.282706,-0.008970,-0.042080,-1.555690,ndi
1786507698.286783,7.300151,-0.008960,-0.042040,-1.555650,ndi
1786507698.301755,7.315124,-0.008960,-0.042010,-1.555620,ndi
1786507698.319277,7.332646,-0.008980,-0.041960,-1.555620,ndi
1786507698.336917,7.350285,-0.009000,-0.041930,-1.555570,ndi
1786507698.351888,7.365257,-0.009000,-0.041900,-1.555560,ndi
1786507698.369276,7.382644,-0.009000,-0.041850,-1.555510,ndi
1786507698.386784,7.400153,-0.009020,-0.041820,-1.555460,ndi
1786507698.401841,7.415210,-0.009030,-0.041790,-1.555440,ndi
1786507698.419430,7.432799,-0.009040,-0.041760,-1.555420,ndi
1786507698.436968,7.450337,-0.009050,-0.041700,-1.555370,ndi
1786507698.451845,7.465214,-0.009040,-0.041670,-1.555350,ndi
1786507698.469277,7.482646,-0.009050,-0.041650,-1.555310,ndi
1786507698.486811,7.500180,-0.009070,-0.041610,-1.555270,ndi
1786507698.501809,7.515178,-0.009070,-0.041550,-1.555240,ndi
1786507698.519442,7.532810,-0.009080,-0.041530,-1.555210,ndi
1786507698.536954,7.550322,-0.009090,-0.041510,-1.555190,ndi
1786507698.551877,7.565246,-0.009090,-0.041460,-1.555150,ndi
1786507698.569237,7.582606,-0.009110,-0.041410,-1.555150,ndi
1786507698.586814,7.600182,-0.009120,-0.041370,-1.555090,ndi
1786507698.601903,7.615272,-0.009120,-0.041350,-1.555060,ndi
1786507698.619366,7.632734,-0.009120,-0.041300,-1.555020,ndi
1786507698.636982,7.650350,-0.009140,-0.041250,-1.554980,ndi
1786507698.651868,7.665237,-0.009150,-0.041230,-1.554940,ndi
1786507698.669281,7.682650,-0.009160,-0.041200,-1.554960,ndi
1786507698.686892,7.700260,-0.009150,-0.041150,-1.554930,ndi
1786507698.701808,7.715177,-0.009170,-0.041110,-1.554910,ndi
1786507698.719393,7.732762,-0.009190,-0.041080,-1.554890,ndi
1786507698.736905,7.750274,-0.009200,-0.041060,-1.554850,ndi
1786507698.751865,7.765234,-0.009210,-0.041020,-1.554790,ndi
1786507698.769259,7.782628,-0.009220,-0.040970,-1.554770,ndi
1786507698.786831,7.800200,-0.009230,-0.040950,-1.554750,ndi
1786507698.801750,7.815119,-0.009250,-0.040920,-1.554730,ndi
1786507698.819307,7.832675,-0.009250,-0.040880,-1.554700,ndi
1786507698.836937,7.850306,-0.009260,-0.040830,-1.554690,ndi
1786507698.851865,7.865234,-0.009270,-0.040810,-1.554660,ndi
1786507698.869278,7.882646,-0.009280,-0.040780,-1.554650,ndi
1786507698.886808,7.900177,-0.009290,-0.040730,-1.554600,ndi
1786507698.901774,7.915143,-0.009300,-0.040700,-1.554590,ndi
1786507698.919453,7.932822,-0.009320,-0.040680,-1.554580,ndi
1786507698.936922,7.950291,-0.009320,-0.040650,-1.554550,ndi
1786507698.951920,7.965289,-0.009330,-0.040590,-1.554480,ndi
1786507698.969277,7.982646,-0.009370,-0.040560,-1.554430,ndi
1786507698.986793,8.000161,-0.009380,-0.040540,-1.554440,ndi
1786507699.001831,8.015199,-0.009390,-0.040500,-1.554400,ndi
1786507699.019428,8.032796,-0.009390,-0.040460,-1.554400,ndi
1786507699.036982,8.050351,-0.009410,-0.040420,-1.554380,ndi
1786507699.051893,8.065262,-0.009410,-0.040400,-1.554350,ndi
1786507699.069289,8.082658,-0.009420,-0.040360,-1.554310,ndi
1786507699.086776,8.100145,-0.009430,-0.040300,-1.554280,ndi
1786507699.101977,8.115345,-0.009440,-0.040280,-1.554250,ndi
1786507699.119415,8.132784,-0.009460,-0.040260,-1.554230,ndi
1786507699.136996,8.150364,-0.009460,-0.040200,-1.554200,ndi
1786507699.151823,8.165191,-0.009480,-0.040160,-1.554130,ndi
1786507699.169291,8.182660,-0.009500,-0.040130,-1.554150,ndi
1786507699.186813,8.200181,-0.009520,-0.040110,-1.554090,ndi
1786507699.201770,8.215139,-0.009530,-0.040060,-1.554090,ndi
1786507699.219305,8.232673,-0.009540,-0.040010,-1.554090,ndi
1786507699.236859,8.250227,-0.009550,-0.039990,-1.554060,ndi
1786507699.251963,8.265332,-0.009560,-0.039970,-1.554030,ndi
1786507699.269373,8.282742,-0.009570,-0.039920,-1.553970,ndi
1786507699.286824,8.300193,-0.009580,-0.039870,-1.553970,ndi
1786507699.301824,8.315192,-0.009590,-0.039850,-1.553940,ndi
1786507699.319370,8.332739,-0.009600,-0.039810,-1.553900,ndi
1786507699.336903,8.350272,-0.009620,-0.039770,-1.553870,ndi
1786507699.351835,8.365204,-0.009640,-0.039750,-1.553820,ndi
1786507699.369297,8.382665,-0.009640,-0.039720,-1.553800,ndi
1786507699.386785,8.400154,-0.009650,-0.039680,-1.553800,ndi
1786507699.401838,8.415207,-0.009660,-0.039640,-1.553760,ndi
1786507699.419477,8.432845,-0.009660,-0.039610,-1.553700,ndi
1786507699.437011,8.450380,-0.009690,-0.039580,-1.553680,ndi
1786507699.451895,8.465264,-0.009690,-0.039540,-1.553630,ndi
1786507699.469277,8.482645,-0.009690,-0.039500,-1.553640,ndi
1786507699.486806,8.500175,-0.009720,-0.039470,-1.553590,ndi
1786507699.501849,8.515218,-0.009720,-0.039440,-1.553550,ndi
1786507699.519494,8.532863,-0.009740,-0.039370,-1.553520,ndi
1786507699.536997,8.550365,-0.009750,-0.039330,-1.553470,ndi
1786507699.551917,8.565285,-0.009770,-0.039320,-1.553440,ndi
1786507699.569285,8.582654,-0.009790,-0.039290,-1.553440,ndi
1786507699.586748,8.600116,-0.009800,-0.039230,-1.553410,ndi
1786507699.601916,8.615285,-0.009800,-0.039210,-1.553400,ndi
1786507699.619349,8.632717,-0.009810,-0.039190,-1.553330,ndi
1786507699.636938,8.650307,-0.009820,-0.039150,-1.553290,ndi
1786507699.651860,8.665228,-0.009830,-0.039100,-1.553280,ndi
1786507699.669326,8.682695,-0.009840,-0.039080,-1.553270,ndi
1786507699.686823,8.700192,-0.009860,-0.039060,-1.553230,ndi
1786507699.701844,8.715212,-0.009860,-0.039020,-1.553200,ndi
1786507699.719311,8.732679,-0.009880,-0.038970,-1.553180,ndi
1786507699.736838,8.750206,-0.009900,-0.038940,-1.553150,ndi
1786507699.751940,8.765309,-0.009900,-0.038920,-1.553130,ndi
1786507699.769272,8.782641,-0.009920,-0.038880,-1.553080,ndi
1786507699.786766,8.800134,-0.009930,-0.038830,-1.553040,ndi
1786507699.801819,8.815188,-0.009940,-0.038810,-1.553010,ndi
1786507699.819346,8.832714,-0.009950,-0.038800,-1.552990,ndi
1786507699.836987,8.850356,-0.009950,-0.038750,-1.552970,ndi
1786507699.851917,8.865286,-0.009960,-0.038710,-1.552920,ndi
1786507699.869291,8.882659,-0.009980,-0.038690,-1.552930,ndi
1786507699.886779,8.900148,-0.010000,-0.038660,-1.552860,ndi
1786507699.901771,8.915140,-0.010010,-0.038620,-1.552830,ndi
1786507699.919368,8.932736,-0.010020,-0.038570,-1.552830,ndi
1786507699.936832,8.950201,-0.010050,-0.038550,-1.552810,ndi
1786507699.951836,8.965205,-0.010060,-0.038530,-1.552760,ndi
1786507699.969275,8.982644,-0.010070,-0.038470,-1.552700,ndi
1786507699.986807,9.000175,-0.010070,-0.038430,-1.552710,ndi
1786507700.001945,9.015313,-0.010090,-0.038420,-1.552690,ndi
1786507700.019533,9.032902,-0.010100,-0.038390,-1.552650,ndi
1786507700.036997,9.050366,-0.010120,-0.038330,-1.552630,ndi
1786507700.051935,9.065304,-0.010130,-0.038300,-1.552620,ndi
1786507700.069246,9.082615,-0.010150,-0.038290,-1.552600,ndi
1786507700.086834,9.100202,-0.010170,-0.038240,-1.552520,ndi
1786507700.101994,9.115362,-0.010180,-0.038190,-1.552500,ndi
1786507700.119426,9.132794,-0.010190,-0.038160,-1.552510,ndi
1786507700.137000,9.150368,-0.010220,-0.038140,-1.552490,ndi
1786507700.151940,9.165308,-0.010220,-0.038100,-1.552460,ndi
1786507700.169285,9.182654,-0.010240,-0.038050,-1.552430,ndi
1786507700.186824,9.200192,-0.010260,-0.038020,-1.552400,ndi
1786507700.201837,9.215206,-0.010260,-0.038000,-1.552360,ndi
1786507700.219341,9.232709,-0.010280,-0.037940,-1.552330,ndi
1786507700.236840,9.250208,-0.010300,-0.037900,-1.552300,ndi
1786507700.251965,9.265334,-0.010310,-0.037880,-1.552300,ndi
1786507700.269305,9.282674,-0.010330,-0.037850,-1.552240,ndi
1786507700.286834,9.300203,-0.010350,-0.037800,-1.552220,ndi
1786507700.301781,9.315150,-0.010360,-0.037760,-1.552180,ndi
1786507700.319417,9.332785,-0.010370,-0.037740,-1.552160,ndi
1786507700.336921,9.350289,-0.010400,-0.037710,-1.552120,ndi
1786507700.351906,9.365274,-0.010410,-0.037670,-1.552090,ndi
1786507700.369227,9.382596,-0.010420,-0.037630,-1.552050,ndi
1786507700.386827,9.400196,-0.010440,-0.037600,-1.552020,ndi
1786507700.401819,9.415187,-0.010450,-0.037570,-1.551970,ndi
1786507700.419400,9.432768,-0.010460,-0.037530,-1.551950,ndi
1786507700.436869,9.450238,-0.010470,-0.037500,-1.551910,ndi
1786507700.451830,9.465199,-0.010480,-0.037470,-1.551900,ndi
1786507700.469257,9.482625,-0.010500,-0.037440,-1.551850,ndi
1786507700.486818,9.500187,-0.010520,-0.037410,-1.551830,ndi
1786507700.501888,9.515257,-0.010520,-0.037370,-1.551810,ndi
1786507700.519465,9.532834,-0.010540,-0.037340,-1.551760,ndi
1786507700.537017,9.550386,-0.010570,-0.037300,-1.551720,ndi
1786507700.551935,9.565304,-0.010580,-0.037270,-1.551710,ndi
1786507700.569295,9.582664,-0.010580,-0.037230,-1.551680,ndi
1786507700.586832,9.600200,-0.010610,-0.037190,-1.551670,ndi
1786507700.601955,9.615324,-0.010620,-0.037160,-1.551630,ndi
1786507700.619336,9.632705,-0.010640,-0.037120,-1.551610,ndi
1786507700.636829,9.650198,-0.010650,-0.037080,-1.551590,ndi
1786507700.651771,9.665140,-0.010660,-0.037050,-1.551560,ndi
1786507700.669305,9.682674,-0.010690,-0.037030,-1.551530,ndi
1786507700.686868,9.700237,-0.010700,-0.037000,-1.551520,ndi
1786507700.701823,9.715191,-0.010700,-0.036970,-1.551490,ndi
1786507700.719444,9.732813,-0.010730,-0.036930,-1.551440,ndi
1786507700.736881,9.750250,-0.010730,-0.036910,-1.551450,ndi
1786507700.751826,9.765194,-0.010750,-0.036890,-1.551470,ndi
1786507700.769267,9.782635,-0.010760,-0.036840,-1.551420,ndi
1786507700.786776,9.800144,-0.010780,-0.036810,-1.551370,ndi
1786507700.801936,9.815305,-0.010800,-0.036780,-1.551340,ndi
1786507700.819448,9.832817,-0.010800,-0.036760,-1.551320,ndi
1786507700.837024,9.850393,-0.010820,-0.036720,-1.551280,ndi
1786507700.852048,9.865416,-0.010840,-0.036680,-1.551230,ndi
1786507700.869306,9.882674,-0.010860,-0.036660,-1.551200,ndi
1786507700.886818,9.900187,-0.010870,-0.036620,-1.551190,ndi
1786507700.901998,9.915366,-0.010890,-0.036590,-1.551170,ndi
1786507700.919449,9.932817,-0.010920,-0.036540,-1.551110,ndi
1786507700.936985,9.950353,-0.010940,-0.036520,-1.551090,ndi
1786507700.951771,9.965139,-0.010960,-0.036490,-1.551040,ndi
1786507700.969263,9.982631,-0.010970,-0.036450,-1.551010,ndi
1786507700.986811,10.000180,-0.010960,-0.036420,-1.551010,ndi
1786507701.001815,10.015184,-0.010990,-0.036410,-1.550980,ndi
1786507701.019535,10.032904,-0.011010,-0.036370,-1.550980,ndi
1786507701.037022,10.050390,-0.011010,-0.036310,-1.550910,ndi
1786507701.051930,10.065298,-0.011050,-0.036290,-1.550880,ndi
1786507701.069316,10.082685,-0.011050,-0.036270,-1.550840,ndi
1786507701.086781,10.100150,-0.011070,-0.036230,-1.550810,ndi
1786507701.101825,10.115194,-0.011110,-0.036190,-1.550770,ndi
1786507701.119372,10.132740,-0.011100,-0.036160,-1.550770,ndi
1786507701.137002,10.150370,-0.011140,-0.036130,-1.550750,ndi
1786507701.151916,10.165285,-0.011150,-0.036100,-1.550730,ndi
1786507701.169309,10.182678,-0.011150,-0.036050,-1.550720,ndi
1786507701.186786,10.200155,-0.011180,-0.036030,-1.550700,ndi
1786507701.201855,10.215223,-0.011200,-0.036000,-1.550660,ndi
1786507701.219555,10.232924,-0.011200,-0.035950,-1.550620,ndi
1786507701.236914,10.250283,-0.011230,-0.035920,-1.550590,ndi
1786507701.251823,10.265192,-0.011250,-0.035900,-1.550610,ndi
1786507701.269382,10.282750,-0.011260,-0.035860,-1.550570,ndi
1786507701.286827,10.300195,-0.011280,-0.035810,-1.550480,ndi
1786507701.301824,10.315193,-0.011300,-0.035790,-1.550470,ndi
1786507701.319491,10.332860,-0.011320,-0.035750,-1.550420,ndi
1786507701.336948,10.350317,-0.011340,-0.035710,-1.550370,ndi
1786507701.351901,10.365269,-0.011350,-0.035670,-1.550350,ndi
1786507701.369320,10.382689,-0.011360,-0.035640,-1.550310,ndi
1786507701.386853,10.400222,-0.011390,-0.035620,-1.550300,ndi
1786507701.401847,10.415216,-0.011410,-0.035580,-1.550240,ndi
1786507701.419373,10.432741,-0.011420,-0.035550,-1.550240,ndi
1786507701.436858,10.450227,-0.011440,-0.035530,-1.550190,ndi
1786507701.451866,10.465235,-0.011450,-0.035510,-1.550160,ndi
1786507701.469316,10.482685,-0.011460,-0.035460,-1.550120,ndi
1786507701.486804,10.500173,-0.011480,-0.035440,-1.550100,ndi
1786507701.502002,10.515371,-0.011510,-0.035420,-1.550060,ndi
1786507701.519529,10.532897,-0.011520,-0.035390,-1.550040,ndi
1786507701.537005,10.550374,-0.011530,-0.035360,-1.550030,ndi
1786507701.551924,10.565293,-0.011540,-0.035330,-1.549980,ndi
1786507701.569296,10.582665,-0.011560,-0.035300,-1.549950,ndi
1786507701.586830,10.600198,-0.011570,-0.035280,-1.549950,ndi
1786507701.601882,10.615251,-0.011580,-0.035250,-1.549900,ndi
1786507701.619309,10.632678,-0.011600,-0.035210,-1.549880,ndi
1786507701.636971,10.650340,-0.011630,-0.035180,-1.549870,ndi
1786507701.651938,10.665306,-0.011640,-0.035160,-1.549820,ndi
1786507701.669305,10.682674,-0.011640,-0.035110,-1.549780,ndi
1786507701.686817,10.700185,-0.011680,-0.035080,-1.549750,ndi
1786507701.701963,10.715331,-0.011700,-0.035050,-1.549720,ndi
1786507701.719387,10.732755,-0.011710,-0.035020,-1.549680,ndi
1786507701.736985,10.750354,-0.011750,-0.034990,-1.549670,ndi
1786507701.751824,10.765193,-0.011750,-0.034960,-1.549650,ndi
1786507701.769316,10.782685,-0.011760,-0.034930,-1.549600,ndi
1786507701.786829,10.800197,-0.011790,-0.034890,-1.549580,ndi
1786507701.802007,10.815375,-0.011800,-0.034850,-1.549560,ndi
1786507701.819537,10.832906,-0.011820,-0.034820,-1.549540,ndi
1786507701.837062,10.850431,-0.011860,-0.034800,-1.549510,ndi
1786507701.851919,10.865288,-0.011870,-0.034750,-1.549480,ndi
1786507701.869331,10.882699,-0.011900,-0.034710,-1.549470,ndi
1786507701.886828,10.900197,-0.011920,-0.034690,-1.549420,ndi
1786507701.902040,10.915409,-0.011930,-0.034670,-1.549410,ndi
1786507701.919491,10.932859,-0.011960,-0.034630,-1.549380,ndi
1786507701.936995,10.950363,-0.011980,-0.034580,-1.549360,ndi
1786507701.951986,10.965354,-0.012000,-0.034570,-1.549340,ndi
1786507701.969324,10.982692,-0.012010,-0.034550,-1.549310,ndi
1786507701.986848,11.000217,-0.012030,-0.034500,-1.549280,ndi
1786507702.001831,11.015200,-0.012040,-0.034470,-1.549250,ndi
1786507702.019390,11.032758,-0.012080,-0.034460,-1.549240,ndi
1786507702.036849,11.050217,-0.012100,-0.034430,-1.549210,ndi
1786507702.051812,11.065181,-0.012100,-0.034370,-1.549190,ndi
1786507702.069353,11.082721,-0.012130,-0.034330,-1.549140,ndi
1786507702.086828,11.100197,-0.012150,-0.034320,-1.549110,ndi
1786507702.101854,11.115223,-0.012170,-0.034290,-1.549080,ndi
1786507702.119322,11.132690,-0.012200,-0.034230,-1.549070,ndi
1786507702.137054,11.150423,-0.012190,-0.034200,-1.549060,ndi
1786507702.151920,11.165289,-0.012220,-0.034190,-1.549030,ndi
1786507702.169338,11.182706,-0.012240,-0.034150,-1.548970,ndi
1786507702.186843,11.200212,-0.012250,-0.034100,-1.548950,ndi
1786507702.201839,11.215208,-0.012270,-0.034090,-1.548980,ndi
1786507702.219380,11.232748,-0.012290,-0.034070,-1.548930,ndi
1786507702.236934,11.250303,-0.012310,-0.034010,-1.548880,ndi
1786507702.251874,11.265243,-0.012330,-0.033970,-1.548840,ndi
1786507702.269373,11.282741,-0.012350,-0.033960,-1.548790,ndi
1786507702.286864,11.300233,-0.012360,-0.033930,-1.548760,ndi
1786507702.301796,11.315164,-0.012390,-0.033890,-1.548720,ndi
1786507702.319451,11.332819,-0.012420,-0.033850,-1.548700,ndi
1786507702.337018,11.350387,-0.012410,-0.033830,-1.548680,ndi
1786507702.351963,11.365332,-0.012440,-0.033810,-1.548670,ndi
1786507702.369305,11.382674,-0.012450,-0.033770,-1.548650,ndi
1786507702.386824,11.400193,-0.012460,-0.033730,-1.548590,ndi
1786507702.401852,11.415221,-0.012500,-0.033710,-1.548580,ndi
1786507702.419360,11.432729,-0.012510,-0.033690,-1.548560,ndi
1786507702.436969,11.450337,-0.012530,-0.033650,-1.548530,ndi
1786507702.451979,11.465347,-0.012550,-0.033600,-1.548460,ndi
1786507702.469345,11.482713,-0.012590,-0.033570,-1.548470,ndi
1786507702.486811,11.500179,-0.012600,-0.033560,-1.548430,ndi
1786507702.501915,11.515284,-0.012630,-0.033510,-1.548400,ndi
1786507702.519504,11.532872,-0.012620,-0.033470,-1.548350,ndi
1786507702.537021,11.550389,-0.012650,-0.033450,-1.548320,ndi
1786507702.551987,11.565356,-0.012680,-0.033430,-1.548330,ndi
1786507702.569314,11.582683,-0.012690,-0.033390,-1.548280,ndi
1786507702.586814,11.600183,-0.012710,-0.033350,-1.548260,ndi
1786507702.601892,11.615261,-0.012730,-0.033340,-1.548190,ndi
1786507702.619411,11.632780,-0.012750,-0.033310,-1.548200,ndi
1786507702.636965,11.650333,-0.012790,-0.033250,-1.548190,ndi
1786507702.651884,11.665252,-0.012790,-0.033230,-1.548150,ndi
1786507702.669341,11.682709,-0.012810,-0.033220,-1.548130,ndi
1786507702.686835,11.700204,-0.012840,-0.033180,-1.548080,ndi
1786507702.701841,11.715209,-0.012860,-0.033140,-1.548100,ndi
1786507702.719358,11.732727,-0.012880,-0.033120,-1.548060,ndi
1786507702.736849,11.750218,-0.012900,-0.033090,-1.548050,ndi
1786507702.751901,11.765270,-0.012910,-0.033060,-1.548020,ndi
1786507702.769321,11.782690,-0.012930,-0.033030,-1.547990,ndi
1786507702.786833,11.800202,-0.012960,-0.032990,-1.547950,ndi
1786507702.801810,11.815179,-0.012980,-0.032950,-1.547960,ndi
1786507702.819476,11.832844,-0.013000,-0.032920,-1.547930,ndi
1786507702.836927,11.850296,-0.013020,-0.032900,-1.547910,ndi
1786507702.851855,11.865224,-0.013030,-0.032870,-1.547900,ndi
1786507702.869341,11.882710,-0.013070,-0.032820,-1.547840,ndi
1786507702.886833,11.900202,-0.013110,-0.032790,-1.547810,ndi
1786507702.901860,11.915229,-0.013100,-0.032790,-1.547780,ndi
1786507702.919393,11.932761,-0.013120,-0.032740,-1.547750,ndi
1786507702.936907,11.950275,-0.013150,-0.032690,-1.547710,ndi
1786507702.951916,11.965284,-0.013160,-0.032680,-1.547710,ndi
1786507702.969334,11.982703,-0.013180,-0.032660,-1.547660,ndi
1786507702.986902,12.000271,-0.013200,-0.032610,-1.547660,ndi
1786507703.001962,12.015331,-0.013210,-0.032560,-1.547650,ndi
1786507703.019671,12.033040,-0.013250,-0.032540,-1.547610,ndi
1786507703.037063,12.050431,-0.013270,-0.032530,-1.547560,ndi
1786507703.051965,12.065334,-0.013280,-0.032480,-1.547550,ndi
1786507703.069334,12.082703,-0.013310,-0.032440,-1.547540,ndi
1786507703.086855,12.100224,-0.013330,-0.032430,-1.547510,ndi
1786507703.101841,12.115210,-0.013360,-0.032410,-1.547480,ndi
1786507703.119419,12.132788,-0.013370,-0.032350,-1.547450,ndi
1786507703.137057,12.150425,-0.013390,-0.032300,-1.547420,ndi
1786507703.152000,12.165369,-0.013400,-0.032300,-1.547380,ndi
1786507703.169364,12.182732,-0.013440,-0.032270,-1.547350,ndi
1786507703.186823,12.200192,-0.013470,-0.032200,-1.547330,ndi
1786507703.201858,12.215226,-0.013480,-0.032190,-1.547290,ndi
1786507703.219369,12.232738,-0.013510,-0.032180,-1.547270,ndi
1786507703.237057,12.250426,-0.013520,-0.032130,-1.547270,ndi
1786507703.251950,12.265318,-0.013540,-0.032100,-1.547200,ndi
1786507703.269472,12.282841,-0.013570,-0.032090,-1.547190,ndi
1786507703.286866,12.300235,-0.013580,-0.032080,-1.547160,ndi
1786507703.301871,12.315239,-0.013580,-0.032030,-1.547140,ndi
1786507703.319455,12.332824,-0.013610,-0.031980,-1.547100,ndi
1786507703.336968,12.350337,-0.013640,-0.031980,-1.547060,ndi
1786507703.351945,12.365314,-0.013650,-0.031950,-1.547040,ndi
1786507703.369353,12.382722,-0.013660,-0.031900,-1.546990,ndi
1786507703.386848,12.400217,-0.013690,-0.031860,-1.546950,ndi
1786507703.401884,12.415253,-0.013730,-0.031850,-1.546960,ndi
1786507703.419434,12.432803,-0.013730,-0.031820,-1.546930,ndi
1786507703.436925,12.450294,-0.013740,-0.031790,-1.546850,ndi
1786507703.451923,12.465292,-0.013780,-0.031760,-1.546820,ndi
1786507703.469342,12.482711,-0.013790,-0.031740,-1.546830,ndi
1786507703.486866,12.500235,-0.013820,-0.031710,-1.546800,ndi
1786507703.501950,12.515318,-0.013830,-0.031670,-1.546770,ndi
1786507703.519410,12.532779,-0.013840,-0.031640,-1.546710,ndi
1786507703.537008,12.550377,-0.013870,-0.031620,-1.546690,ndi
1786507703.552013,12.565382,-0.013890,-0.031590,-1.546680,ndi
1786507703.569364,12.582732,-0.013910,-0.031550,-1.546670,ndi
1786507703.586848,12.600217,-0.013930,-0.031530,-1.546620,ndi
1786507703.601846,12.615215,-0.013950,-0.031510,-1.546600,ndi
1786507703.619343,12.632712,-0.013970,-0.031480,-1.546590,ndi
1786507703.636918,12.650287,-0.014000,-0.031420,-1.546530,ndi
1786507703.651908,12.665276,-0.014030,-0.031410,-1.546520,ndi
1786507703.669309,12.682678,-0.014040,-0.031390,-1.546480,ndi
1786507703.686822,12.700191,-0.014050,-0.031350,-1.546490,ndi
1786507703.702027,12.715396,-0.014070,-0.031310,-1.546440,ndi
1786507703.719564,12.732933,-0.014090,-0.031280,-1.546410,ndi
1786507703.737057,12.750426,-0.014110,-0.031260,-1.546380,ndi
1786507703.751935,12.765304,-0.014120,-0.031220,-1.546340,ndi
1786507703.769358,12.782726,-0.014150,-0.031180,-1.546320,ndi
1786507703.786868,12.800237,-0.014170,-0.031170,-1.546300,ndi
1786507703.801890,12.815259,-0.014210,-0.031140,-1.546250,ndi
1786507703.819493,12.832862,-0.014230,-0.031090,-1.546240,ndi
1786507703.837005,12.850373,-0.014240,-0.031060,-1.546200,ndi
1786507703.851983,12.865352,-0.014280,-0.031040,-1.546190,ndi
1786507703.869332,12.882701,-0.014300,-0.031020,-1.546160,ndi
1786507703.886844,12.900213,-0.014320,-0.030960,-1.546110,ndi
1786507703.901952,12.915320,-0.014330,-0.030940,-1.546080,ndi
1786507703.919524,12.932893,-0.014340,-0.030920,-1.546060,ndi
1786507703.936986,12.950355,-0.014380,-0.030870,-1.546040,ndi
1786507703.951994,12.965363,-0.014400,-0.030840,-1.546020,ndi
1786507703.969330,12.982699,-0.014420,-0.030820,-1.545980,ndi
1786507703.986861,13.000230,-0.014440,-0.030800,-1.545950,ndi
1786507704.002009,13.015378,-0.014460,-0.030740,-1.545920,ndi
1786507704.019553,13.032922,-0.014470,-0.030710,-1.545890,ndi
1786507704.037073,13.050442,-0.014510,-0.030700,-1.545860,ndi
1786507704.051970,13.065338,-0.014540,-0.030680,-1.545840,ndi
1786507704.069344,13.082713,-0.014540,-0.030630,-1.545820,ndi
1786507704.086831,13.100199,-0.014570,-0.030600,-1.545780,ndi
1786507704.101875,13.115244,-0.014590,-0.030600,-1.545780,ndi
1786507704.119376,13.132745,-0.014600,-0.030550,-1.545730,ndi
1786507704.136902,13.150271,-0.014630,-0.030490,-1.545720,ndi
1786507704.152001,13.165370,-0.014640,-0.030470,-1.545680,ndi
1786507704.169348,13.182717,-0.014680,-0.030470,-1.545660,ndi
1786507704.186918,13.200286,-0.014700,-0.030430,-1.545620,ndi
1786507704.201899,13.215267,-0.014710,-0.030390,-1.545610,ndi
1786507704.219406,13.232775,-0.014730,-0.030360,-1.545560,ndi
1786507704.237079,13.250447,-0.014750,-0.030350,-1.545520,ndi
1786507704.251996,13.265365,-0.014780,-0.030320,-1.545480,ndi
1786507704.269408,13.282777,-0.014800,-0.030270,-1.545510,ndi
1786507704.286858,13.300227,-0.014810,-0.030250,-1.545460,ndi
1786507704.302004,13.315372,-0.014840,-0.030240,-1.545440,ndi
1786507704.319414,13.332783,-0.014850,-0.030190,-1.545420,ndi
1786507704.336866,13.350235,-0.014880,-0.030150,-1.545360,ndi
1786507704.351852,13.365220,-0.014900,-0.030130,-1.545360,ndi
1786507704.369357,13.382726,-0.014910,-0.030110,-1.545360,ndi
1786507704.386848,13.400216,-0.014930,-0.030080,-1.545310,ndi
1786507704.402057,13.415425,-0.014950,-0.030050,-1.545290,ndi
1786507704.419518,13.432887,-0.014980,-0.030020,-1.545260,ndi
1786507704.437103,13.450471,-0.014990,-0.030000,-1.545220,ndi
1786507704.452009,13.465378,-0.015020,-0.029970,-1.545180,ndi
1786507704.469327,13.482696,-0.015030,-0.029930,-1.545160,ndi
1786507704.486876,13.500244,-0.015060,-0.029910,-1.545140,ndi
1786507704.501902,13.515270,-0.015080,-0.029890,-1.545130,ndi
1786507704.519454,13.532823,-0.015090,-0.029860,-1.545110,ndi
1786507704.534709,13.548078,-0.015110,-0.029820,-1.545070,ndi
1786507704.551952,13.565321,-0.015130,-0.029790,-1.545030,ndi
1786507704.569386,13.582754,-0.015160,-0.029770,-1.545000,ndi
1786507704.586861,13.600230,-0.015200,-0.029720,-1.544970,ndi
1786507704.601869,13.615238,-0.015190,-0.029690,-1.544960,ndi
1786507704.619403,13.632771,-0.015230,-0.029660,-1.544910,ndi
1786507704.637023,13.650392,-0.015260,-0.029640,-1.544850,ndi
1786507704.651874,13.665243,-0.015270,-0.029610,-1.544850,ndi
1786507704.669343,13.682711,-0.015290,-0.029570,-1.544830,ndi
1786507704.686859,13.700227,-0.015310,-0.029550,-1.544790,ndi
1786507704.701949,13.715318,-0.015330,-0.029520,-1.544750,ndi
1786507704.719595,13.732964,-0.015350,-0.029480,-1.544730,ndi
1786507704.737059,13.750427,-0.015370,-0.029450,-1.544710,ndi
1786507704.751976,13.765345,-0.015400,-0.029430,-1.544720,ndi
1786507704.769383,13.782751,-0.015420,-0.029390,-1.544680,ndi
1786507704.786890,13.800259,-0.015440,-0.029360,-1.544630,ndi
1786507704.801946,13.815315,-0.015470,-0.029350,-1.544590,ndi
1786507704.819424,13.832793,-0.015500,-0.029320,-1.544620,ndi
1786507704.836894,13.850262,-0.015520,-0.029270,-1.544580,ndi
1786507704.851873,13.865241,-0.015530,-0.029250,-1.544550,ndi
1786507704.869387,13.882756,-0.015560,-0.029220,-1.544490,ndi
1786507704.886869,13.900238,-0.015580,-0.029180,-1.544460,ndi
1786507704.901927,13.915296,-0.015590,-0.029150,-1.544430,ndi
1786507704.919544,13.932912,-0.015620,-0.029120,-1.544420,ndi
1786507704.937089,13.950458,-0.015630,-0.029100,-1.544430,ndi
1786507704.952024,13.965392,-0.015670,-0.029060,-1.544380,ndi
1786507704.969388,13.982757,-0.015690,-0.029020,-1.544340,ndi
1786507704.986875,14.000243,-0.015700,-0.029000,-1.544340,ndi
1786507705.001914,14.015283,-0.015730,-0.028970,-1.544300,ndi
1786507705.019559,14.032927,-0.015760,-0.028920,-1.544260,ndi
1786507705.036975,14.050344,-0.015790,-0.028910,-1.544210,ndi
1786507705.051903,14.065271,-0.015800,-0.028890,-1.544180,ndi
1786507705.069351,14.082720,-0.015820,-0.028850,-1.544180,ndi
1786507705.086873,14.100241,-0.015830,-0.028810,-1.544170,ndi
1786507705.101908,14.115277,-0.015850,-0.028800,-1.544120,ndi
1786507705.119427,14.132796,-0.015890,-0.028770,-1.544090,ndi
1786507705.136961,14.150329,-0.015900,-0.028730,-1.544050,ndi
1786507705.152020,14.165388,-0.015920,-0.028710,-1.543980,ndi
1786507705.169393,14.182761,-0.015950,-0.028700,-1.543990,ndi
1786507705.186854,14.200223,-0.015980,-0.028660,-1.543990,ndi
1786507705.201898,14.215266,-0.016010,-0.028640,-1.543950,ndi
1786507705.219419,14.232788,-0.016010,-0.028610,-1.543910,ndi
1786507705.236989,14.250357,-0.016030,-0.028590,-1.543880,ndi
1786507705.251960,14.265328,-0.016050,-0.028570,-1.543870,ndi
1786507705.269424,14.282793,-0.016070,-0.028540,-1.543850,ndi
1786507705.286880,14.300248,-0.016090,-0.028500,-1.543820,ndi
1786507705.301939,14.315308,-0.016100,-0.028490,-1.543800,ndi
1786507705.319506,14.332875,-0.016130,-0.028470,-1.543770,ndi
1786507705.337129,14.350497,-0.016150,-0.028430,-1.543750,ndi
1786507705.351990,14.365359,-0.016190,-0.028400,-1.543740,ndi
1786507705.369424,14.382793,-0.016190,-0.028380,-1.543710,ndi
1786507705.386863,14.400232,-0.016220,-0.028360,-1.543650,ndi
1786507705.401950,14.415319,-0.016250,-0.028310,-1.543640,ndi
1786507705.419561,14.432930,-0.016270,-0.028270,-1.543590,ndi
1786507705.436856,14.450225,-0.016310,-0.028260,-1.543570,ndi
1786507705.451956,14.465324,-0.016310,-0.028250,-1.543510,ndi
1786507705.469382,14.482750,-0.016320,-0.028200,-1.543490,ndi
1786507705.486887,14.500256,-0.016360,-0.028160,-1.543490,ndi
1786507705.501962,14.515331,-0.016360,-0.028160,-1.543460,ndi
1786507705.519540,14.532909,-0.016400,-0.028130,-1.543420,ndi
1786507705.537089,14.550458,-0.016410,-0.028090,-1.543410,ndi
1786507705.552107,14.565476,-0.016410,-0.028060,-1.543390,ndi
1786507705.569395,14.582763,-0.016450,-0.028040,-1.543350,ndi
1786507705.586885,14.600254,-0.016490,-0.028010,-1.543330,ndi
1786507705.601941,14.615310,-0.016500,-0.027970,-1.543320,ndi
1786507705.619515,14.632884,-0.016520,-0.027950,-1.543300,ndi
1786507705.636890,14.650259,-0.016550,-0.027930,-1.543290,ndi
1786507705.651896,14.665265,-0.016560,-0.027890,-1.543240,ndi
1786507705.669386,14.682754,-0.016580,-0.027860,-1.543210,ndi
1786507705.686892,14.700261,-0.016620,-0.027840,-1.543200,ndi
1786507705.701952,14.715321,-0.016620,-0.027820,-1.543200,ndi
1786507705.719471,14.732839,-0.016650,-0.027780,-1.543170,ndi
1786507705.736958,14.750326,-0.016690,-0.027740,-1.543140,ndi
1786507705.751919,14.765288,-0.016700,-0.027720,-1.543100,ndi
1786507705.769409,14.782778,-0.016730,-0.027690,-1.543090,ndi
1786507705.786879,14.800248,-0.016750,-0.027660,-1.543040,ndi
1786507705.802012,14.815380,-0.016780,-0.027630,-1.543010,ndi
1786507705.819485,14.832854,-0.016810,-0.027600,-1.543010,ndi
1786507705.836881,14.850250,-0.016820,-0.027560,-1.542970,ndi
1786507705.851939,14.865307,-0.016850,-0.027540,-1.542890,ndi
1786507705.869388,14.882757,-0.016850,-0.027520,-1.542910,ndi
1786507705.886889,14.900258,-0.016870,-0.027480,-1.542880,ndi
1786507705.901915,14.915283,-0.016920,-0.027440,-1.542860,ndi
1786507705.919391,14.932760,-0.016930,-0.027420,-1.542850,ndi
1786507705.936959,14.950327,-0.016960,-0.027400,-1.542810,ndi
1786507705.951908,14.965277,-0.016970,-0.027350,-1.542800,ndi
1786507705.969410,14.982778,-0.017000,-0.027320,-1.542760,ndi
1786507705.986893,15.000262,-0.017030,-0.027310,-1.542690,ndi
1786507706.001899,15.015267,-0.017050,-0.027290,-1.542670,ndi
1786507706.019423,15.032792,-0.017080,-0.027230,-1.542630,ndi
1786507706.034574,15.047943,-0.017090,-0.027200,-1.542620,ndi
1786507706.052010,15.065378,-0.017130,-0.027200,-1.542580,ndi
1786507706.069420,15.082789,-0.017140,-0.027170,-1.542560,ndi
1786507706.086880,15.100249,-0.017150,-0.027120,-1.542520,ndi
1786507706.101929,15.115297,-0.017180,-0.027100,-1.542510,ndi
1786507706.119384,15.132753,-0.017210,-0.027100,-1.542490,ndi
1786507706.136943,15.150312,-0.017230,-0.027060,-1.542460,ndi
1786507706.151888,15.165257,-0.017240,-0.027020,-1.542450,ndi
1786507706.169398,15.182766,-0.017250,-0.027000,-1.542400,ndi
1786507706.186896,15.200265,-0.017290,-0.027000,-1.542400,ndi
1786507706.201896,15.215265,-0.017310,-0.026960,-1.542370,ndi
1786507706.219419,15.232787,-0.017330,-0.026910,-1.542340,ndi
1786507706.237039,15.250407,-0.017350,-0.026900,-1.542270,ndi
1786507706.252003,15.265372,-0.017370,-0.026880,-1.542260,ndi
1786507706.269442,15.282811,-0.017390,-0.026840,-1.542210,ndi
1786507706.286911,15.300279,-0.017420,-0.026790,-1.542210,ndi
1786507706.301950,15.315318,-0.017430,-0.026780,-1.542170,ndi
1786507706.319405,15.332774,-0.017460,-0.026770,-1.542170,ndi
1786507706.336963,15.350332,-0.017490,-0.026730,-1.542140,ndi
1786507706.352037,15.365406,-0.017510,-0.026690,-1.542110,ndi
1786507706.369424,15.382792,-0.017530,-0.026670,-1.542070,ndi
1786507706.386905,15.400274,-0.017560,-0.026650,-1.542070,ndi
1786507706.401918,15.415287,-0.017580,-0.026610,-1.542040,ndi
1786507706.419436,15.432804,-0.017600,-0.026590,-1.541990,ndi
1786507706.437040,15.450408,-0.017630,-0.026570,-1.541980,ndi
1786507706.451986,15.465354,-0.017640,-0.026540,-1.541940,ndi
1786507706.469426,15.482795,-0.017670,-0.026510,-1.541940,ndi
1786507706.486885,15.500254,-0.017690,-0.026480,-1.541900,ndi
1786507706.501903,15.515271,-0.017720,-0.026460,-1.541880,ndi
1786507706.519466,15.532834,-0.017740,-0.026420,-1.541830,ndi
1786507706.536922,15.550290,-0.017770,-0.026390,-1.541820,ndi
1786507706.551972,15.565341,-0.017790,-0.026360,-1.541800,ndi
1786507706.569425,15.582794,-0.017820,-0.026340,-1.541810,ndi
1786507706.586940,15.600308,-0.017850,-0.026310,-1.541730,ndi
1786507706.601896,15.615265,-0.017870,-0.026270,-1.541740,ndi
1786507706.619431,15.632799,-0.017900,-0.026250,-1.541750,ndi
1786507706.637050,15.650419,-0.017910,-0.026230,-1.541690,ndi
1786507706.651988,15.665357,-0.017940,-0.026190,-1.541620,ndi
1786507706.669389,15.682758,-0.017950,-0.026160,-1.541620,ndi
1786507706.686906,15.700274,-0.018000,-0.026140,-1.541590,ndi
1786507706.701950,15.715318,-0.018020,-0.026110,-1.541560,ndi
1786507706.719417,15.732785,-0.018020,-0.026070,-1.541550,ndi
1786507706.736942,15.750311,-0.018090,-0.026040,-1.541530,ndi
1786507706.752043,15.765412,-0.018070,-0.026020,-1.541490,ndi
1786507706.769418,15.782787,-0.018110,-0.025990,-1.541460,ndi
1786507706.784474,15.797842,-0.018150,-0.025940,-1.541420,ndi
1786507706.801887,15.815255,-0.018160,-0.025930,-1.541410,ndi
1786507706.819434,15.832803,-0.018200,-0.025910,-1.541390,ndi
1786507706.836944,15.850313,-0.018210,-0.025870,-1.541340,ndi
1786507706.851882,15.865251,-0.018230,-0.025840,-1.541320,ndi
1786507706.869425,15.882793,-0.018260,-0.025830,-1.541320,ndi
1786507706.886924,15.900293,-0.018250,-0.025800,-1.541300,ndi
1786507706.902001,15.915369,-0.018300,-0.025760,-1.541260,ndi
1786507706.919554,15.932923,-0.018330,-0.025720,-1.541210,ndi
1786507706.937124,15.950493,-0.018350,-0.025710,-1.541210,ndi
1786507706.952074,15.965442,-0.018380,-0.025690,-1.541200,ndi
1786507706.969435,15.982804,-0.018400,-0.025640,-1.541150,ndi
1786507706.986917,16.000285,-0.018450,-0.025610,-1.541100,ndi
1786507707.001912,16.015280,-0.018460,-0.025610,-1.541090,ndi
1786507707.019451,16.032820,-0.018480,-0.025570,-1.541020,ndi
1786507707.037092,16.050461,-0.018510,-0.025530,-1.540990,ndi
1786507707.052046,16.065414,-0.018520,-0.025510,-1.540970,ndi
1786507707.069416,16.082785,-0.018570,-0.025510,-1.540960,ndi
1786507707.086904,16.100272,-0.018580,-0.025460,-1.540910,ndi
1786507707.101979,16.115348,-0.018600,-0.025420,-1.540900,ndi
1786507707.119636,16.133005,-0.018630,-0.025420,-1.540860,ndi
1786507707.137109,16.150477,-0.018650,-0.025410,-1.540860,ndi
1786507707.152104,16.165473,-0.018680,-0.025370,-1.540790,ndi
1786507707.169417,16.182786,-0.018710,-0.025320,-1.540750,ndi
1786507707.186923,16.200292,-0.018740,-0.025310,-1.540750,ndi
1786507707.201967,16.215335,-0.018750,-0.025290,-1.540710,ndi
1786507707.219472,16.232841,-0.018780,-0.025240,-1.540690,ndi
1786507707.237114,16.250483,-0.018810,-0.025210,-1.540670,ndi
1786507707.252016,16.265384,-0.018830,-0.025210,-1.540650,ndi
1786507707.269475,16.282843,-0.018870,-0.025190,-1.540610,ndi
1786507707.286914,16.300282,-0.018880,-0.025130,-1.540570,ndi
1786507707.301947,16.315315,-0.018910,-0.025100,-1.540560,ndi
1786507707.319476,16.332844,-0.018930,-0.025100,-1.540500,ndi
1786507707.337044,16.350412,-0.018960,-0.025090,-1.540450,ndi
1786507707.352074,16.365442,-0.019000,-0.025040,-1.540450,ndi
1786507707.369427,16.382795,-0.019030,-0.025000,-1.540450,ndi
1786507707.384487,16.397855,-0.019060,-0.025000,-1.540410,ndi
1786507707.401948,16.415317,-0.019070,-0.024980,-1.540390,ndi
1786507707.419451,16.432820,-0.019080,-0.024930,-1.540370,ndi
1786507707.437146,16.450515,-0.019110,-0.024910,-1.540340,ndi
1786507707.452060,16.465428,-0.019140,-0.024910,-1.540320,ndi
1786507707.469436,16.482805,-0.019160,-0.024880,-1.540290,ndi
1786507707.486937,16.500305,-0.019190,-0.024830,-1.540270,ndi
1786507707.501929,16.515297,-0.019210,-0.024800,-1.540260,ndi
1786507707.519626,16.532995,-0.019250,-0.024790,-1.540210,ndi
1786507707.537124,16.550493,-0.019290,-0.024740,-1.540170,ndi
1786507707.552217,16.565585,-0.019310,-0.024700,-1.540170,ndi
1786507707.569432,16.582801,-0.019340,-0.024690,-1.540130,ndi
1786507707.586930,16.600299,-0.019360,-0.024680,-1.540110,ndi
1786507707.602077,16.615445,-0.019380,-0.024640,-1.540090,ndi
1786507707.619654,16.633023,-0.019400,-0.024590,-1.540070,ndi
1786507707.637051,16.650420,-0.019430,-0.024590,-1.540040,ndi
1786507707.651925,16.665294,-0.019450,-0.024570,-1.540000,ndi
1786507707.669433,16.682802,-0.019470,-0.024520,-1.539970,ndi
1786507707.686944,16.700312,-0.019520,-0.024480,-1.539960,ndi
1786507707.702003,16.715371,-0.019540,-0.024470,-1.539940,ndi
1786507707.719604,16.732973,-0.019560,-0.024450,-1.539890,ndi
1786507707.737114,16.750483,-0.019610,-0.024400,-1.539890,ndi
1786507707.752082,16.765450,-0.019620,-0.024380,-1.539860,ndi
1786507707.769437,16.782805,-0.019650,-0.024380,-1.539830,ndi
1786507707.784500,16.797868,-0.019670,-0.024350,-1.539790,ndi
1786507707.802061,16.815429,-0.019710,-0.024300,-1.539780,ndi
1786507707.819606,16.832975,-0.019730,-0.024280,-1.539720,ndi
1786507707.837006,16.850375,-0.019760,-0.024270,-1.539730,ndi
1786507707.852005,16.865374,-0.019790,-0.024240,-1.539680,ndi
1786507707.869424,16.882793,-0.019810,-0.024200,-1.539690,ndi
1786507707.884552,16.897920,-0.019840,-0.024190,-1.539630,ndi
1786507707.902029,16.915398,-0.019870,-0.024160,-1.539590,ndi
1786507707.919490,16.932859,-0.019890,-0.024130,-1.539560,ndi
1786507707.937195,16.950563,-0.019930,-0.024110,-1.539530,ndi
1786507707.952035,16.965404,-0.019960,-0.024100,-1.539520,ndi
1786507707.969430,16.982799,-0.019970,-0.024060,-1.539470,ndi
1786507707.984500,16.997869,-0.020000,-0.024040,-1.539470,ndi
1786507708.001954,17.015322,-0.020030,-0.024020,-1.539410,ndi
1786507708.019476,17.032845,-0.020050,-0.023990,-1.539390,ndi
1786507708.037098,17.050466,-0.020070,-0.023950,-1.539350,ndi
1786507708.052097,17.065465,-0.020100,-0.023940,-1.539340,ndi
1786507708.069411,17.082780,-0.020140,-0.023920,-1.539300,ndi
1786507708.086931,17.100299,-0.020170,-0.023890,-1.539250,ndi
1786507708.101954,17.115322,-0.020190,-0.023860,-1.539230,ndi
1786507708.119512,17.132880,-0.020210,-0.023850,-1.539230,ndi
1786507708.137140,17.150508,-0.020240,-0.023830,-1.539190,ndi
1786507708.152070,17.165439,-0.020280,-0.023790,-1.539140,ndi
1786507708.169438,17.182806,-0.020310,-0.023760,-1.539130,ndi
1786507708.184492,17.197860,-0.020330,-0.023740,-1.539130,ndi
1786507708.201972,17.215340,-0.020350,-0.023730,-1.539070,ndi
1786507708.219656,17.233025,-0.020370,-0.023690,-1.539040,ndi
1786507708.237074,17.250443,-0.020410,-0.023670,-1.539040,ndi
1786507708.251994,17.265363,-0.020440,-0.023660,-1.539030,ndi
1786507708.269457,17.282826,-0.020480,-0.023620,-1.538990,ndi
1786507708.286931,17.300300,-0.020490,-0.023580,-1.538960,ndi
1786507708.302061,17.315430,-0.020520,-0.023560,-1.538980,ndi
1786507708.319585,17.332954,-0.020560,-0.023550,-1.538920,ndi
1786507708.337120,17.350489,-0.020600,-0.023530,-1.538880,ndi
1786507708.352021,17.365390,-0.020630,-0.023500,-1.538870,ndi
1786507708.369425,17.382793,-0.020640,-0.023460,-1.538870,ndi
1786507708.386953,17.400321,-0.020680,-0.023460,-1.538820,ndi
1786507708.401944,17.415313,-0.020700,-0.023440,-1.538790,ndi
1786507708.419424,17.432792,-0.020720,-0.023400,-1.538760,ndi
1786507708.436953,17.450321,-0.020740,-0.023360,-1.538730,ndi
1786507708.451916,17.465284,-0.020770,-0.023350,-1.538710,ndi
1786507708.469398,17.482767,-0.020820,-0.023330,-1.538640,ndi
1786507708.484475,17.497844,-0.020850,-0.023290,-1.538660,ndi
1786507708.501936,17.515305,-0.020870,-0.023260,-1.538630,ndi
1786507708.519625,17.532994,-0.020910,-0.023250,-1.538590,ndi
1786507708.537047,17.550416,-0.020930,-0.023230,-1.538560,ndi
1786507708.552086,17.565455,-0.020960,-0.023190,-1.538550,ndi
1786507708.569463,17.582831,-0.021000,-0.023150,-1.538520,ndi
1786507708.586923,17.600292,-0.021020,-0.023150,-1.538500,ndi
1786507708.601972,17.615340,-0.021040,-0.023130,-1.538470,ndi
1786507708.619501,17.632870,-0.021070,-0.023080,-1.538470,ndi
1786507708.637099,17.650468,-0.021110,-0.023060,-1.538430,ndi
1786507708.651988,17.665357,-0.021120,-0.023070,-1.538400,ndi
1786507708.669431,17.682800,-0.021150,-0.023030,-1.538380,ndi
1786507708.686987,17.700356,-0.021180,-0.022980,-1.538360,ndi
1786507708.701938,17.715307,-0.021210,-0.022970,-1.538350,ndi
1786507708.719623,17.732992,-0.021250,-0.022970,-1.538330,ndi
1786507708.737019,17.750388,-0.021280,-0.022930,-1.538280,ndi
1786507708.752027,17.765396,-0.021310,-0.022880,-1.538270,ndi
1786507708.769444,17.782813,-0.021350,-0.022860,-1.538220,ndi
1786507708.786926,17.800295,-0.021370,-0.022860,-1.538170,ndi
1786507708.802029,17.815398,-0.021390,-0.022820,-1.538120,ndi
1786507708.819650,17.833019,-0.021430,-0.022780,-1.538130,ndi
1786507708.837129,17.850497,-0.021460,-0.022770,-1.538080,ndi
1786507708.852045,17.865413,-0.021490,-0.022770,-1.538090,ndi
1786507708.869444,17.882812,-0.021520,-0.022730,-1.538070,ndi
1786507708.886955,17.900324,-0.021550,-0.022690,-1.538020,ndi
1786507708.902044,17.915413,-0.021570,-0.022680,-1.537980,ndi
1786507708.919539,17.932908,-0.021620,-0.022680,-1.537970,ndi
1786507708.937089,17.950458,-0.021650,-0.022630,-1.537940,ndi
1786507708.952065,17.965434,-0.021670,-0.022600,-1.537950,ndi
1786507708.969480,17.982849,-0.021700,-0.022590,-1.537880,ndi
1786507708.986941,18.000309,-0.021730,-0.022570,-1.537830,ndi
1786507709.002039,18.015408,-0.021760,-0.022540,-1.537840,ndi
1786507709.019490,18.032859,-0.021780,-0.022500,-1.537790,ndi
1786507709.037117,18.050485,-0.021800,-0.022490,-1.537780,ndi
1786507709.052109,18.065478,-0.021840,-0.022480,-1.537730,ndi
1786507709.069443,18.082812,-0.021870,-0.022440,-1.537710,ndi
1786507709.086917,18.100286,-0.021910,-0.022410,-1.537690,ndi
1786507709.102043,18.115412,-0.021930,-0.022390,-1.537660,ndi
1786507709.119530,18.132898,-0.021960,-0.022380,-1.537640,ndi
1786507709.137015,18.150384,-0.022000,-0.022350,-1.537600,ndi
1786507709.152027,18.165396,-0.022020,-0.022310,-1.537560,ndi
1786507709.169476,18.182845,-0.022060,-0.022300,-1.537560,ndi
1786507709.186957,18.200325,-0.022070,-0.022280,-1.537520,ndi
1786507709.201982,18.215351,-0.022100,-0.022250,-1.537500,ndi
1786507709.219455,18.232824,-0.022140,-0.022230,-1.537490,ndi
1786507709.237146,18.250514,-0.022180,-0.022210,-1.537460,ndi
1786507709.252081,18.265450,-0.022210,-0.022200,-1.537410,ndi
1786507709.269449,18.282817,-0.022210,-0.022160,-1.537400,ndi
1786507709.284497,18.297865,-0.022220,-0.022150,-1.537390,ndi
1786507709.301987,18.315356,-0.022240,-0.022150,-1.537410,ndi
1786507709.319627,18.332995,-0.022260,-0.022140,-1.537360,ndi
1786507709.337156,18.350524,-0.022270,-0.022120,-1.537390,ndi
1786507709.352053,18.365422,-0.022270,-0.022120,-1.537360,ndi
1786507709.369468,18.382836,-0.022280,-0.022130,-1.537360,ndi
1786507709.386968,18.400337,-0.022280,-0.022110,-1.537330,ndi
1786507709.402008,18.415376,-0.022300,-0.022090,-1.537380,ndi
1786507709.419490,18.432859,-0.022290,-0.022090,-1.537360,ndi
1786507709.436999,18.450368,-0.022320,-0.022090,-1.537340,ndi
1786507709.452091,18.465460,-0.022310,-0.022080,-1.537340,ndi
1786507709.469513,18.482881,-0.022330,-0.022060,-1.537350,ndi
1786507709.486941,18.500309,-0.022350,-0.022080,-1.537340,ndi
1786507709.501953,18.515322,-0.022320,-0.022080,-1.537350,ndi
1786507709.519597,18.532966,-0.022340,-0.022070,-1.537350,ndi
1786507709.537147,18.550515,-0.022350,-0.022070,-1.537340,ndi
1786507709.552109,18.565478,-0.022330,-0.022090,-1.537360,ndi
1786507709.569547,18.582916,-0.022340,-0.022080,-1.537340,ndi
1786507709.586950,18.600319,-0.022340,-0.022060,-1.537330,ndi
1786507709.601968,18.615337,-0.022340,-0.022070,-1.537350,ndi
1786507709.619680,18.633048,-0.022340,-0.022090,-1.537340,ndi
1786507709.637202,18.650571,-0.022350,-0.022080,-1.537310,ndi
1786507709.652090,18.665458,-0.022340,-0.022070,-1.537330,ndi
1786507709.669576,18.682945,-0.022350,-0.022080,-1.537320,ndi
1786507709.686972,18.700341,-0.022360,-0.022080,-1.537320,ndi
1786507709.702038,18.715407,-0.022350,-0.022070,-1.537320,ndi
1786507709.719498,18.732867,-0.022360,-0.022070,-1.537300,ndi
1786507709.734626,18.747995,-0.022340,-0.022080,-1.537320,ndi
1786507709.752110,18.765478,-0.022350,-0.022080,-1.537340,ndi
1786507709.769482,18.782850,-0.022350,-0.022080,-1.537330,ndi
1786507709.786966,18.800335,-0.022350,-0.022080,-1.537340,ndi
1786507709.801973,18.815341,-0.022360,-0.022090,-1.537340,ndi
1786507709.819500,18.832868,-0.022350,-0.022080,-1.537360,ndi
1786507709.837126,18.850495,-0.022360,-0.022080,-1.537350,ndi
1786507709.852025,18.865394,-0.022360,-0.022080,-1.537340,ndi
1786507709.869447,18.882816,-0.022360,-0.022090,-1.537340,ndi
1786507709.887017,18.900385,-0.022360,-0.022080,-1.537330,ndi
1786507709.902038,18.915407,-0.022370,-0.022080,-1.537350,ndi
1786507709.919516,18.932884,-0.022370,-0.022080,-1.537360,ndi
1786507709.937108,18.950476,-0.022370,-0.022090,-1.537360,ndi
1786507709.952148,18.965517,-0.022370,-0.022090,-1.537340,ndi
1786507709.969468,18.982837,-0.022360,-0.022080,-1.537340,ndi
1786507709.984569,18.997937,-0.022360,-0.022080,-1.537340,ndi
1786507710.002065,19.015434,-0.022360,-0.022090,-1.537350,ndi
1786507710.019519,19.032888,-0.022370,-0.022090,-1.537350,ndi
1786507710.037160,19.050528,-0.022370,-0.022080,-1.537350,ndi
1786507710.052100,19.065469,-0.022370,-0.022080,-1.537350,ndi
1786507710.069443,19.082811,-0.022360,-0.022100,-1.537340,ndi
1786507710.086979,19.100348,-0.022380,-0.022080,-1.537330,ndi
1786507710.101998,19.115367,-0.022390,-0.022080,-1.537350,ndi
1786507710.119490,19.132859,-0.022380,-0.022090,-1.537370,ndi
1786507710.137105,19.150474,-0.022380,-0.022100,-1.537360,ndi
1786507710.152092,19.165461,-0.022380,-0.022090,-1.537340,ndi
1786507710.169502,19.182871,-0.022380,-0.022080,-1.537330,ndi
1786507710.186952,19.200320,-0.022380,-0.022090,-1.537330,ndi
1786507710.202010,19.215379,-0.022370,-0.022090,-1.537340,ndi
1786507710.219526,19.232895,-0.022380,-0.022090,-1.537360,ndi
1786507710.237159,19.250527,-0.022380,-0.022090,-1.537360,ndi
1786507710.252048,19.265416,-0.022390,-0.022090,-1.537370,ndi
1786507710.269561,19.282929,-0.022400,-0.022100,-1.537360,ndi
1786507710.287001,19.300370,-0.022380,-0.022090,-1.537340,ndi
1786507710.301991,19.315359,-0.022400,-0.022090,-1.537360,ndi
1786507710.319491,19.332859,-0.022380,-0.022090,-1.537350,ndi
1786507710.337207,19.350575,-0.022390,-0.022090,-1.537340,ndi
1786507710.352120,19.365489,-0.022390,-0.022080,-1.537350,ndi
1786507710.369483,19.382852,-0.022370,-0.022090,-1.537330,ndi
1786507710.386991,19.400359,-0.022390,-0.022100,-1.537350,ndi
1786507710.402056,19.415424,-0.022380,-0.022090,-1.537330,ndi
1786507710.419572,19.432941,-0.022380,-0.022090,-1.537340,ndi
1786507710.434570,19.447939,-0.022390,-0.022090,-1.537340,ndi
1786507710.452133,19.465502,-0.022390,-0.022100,-1.537350,ndi
1786507710.469490,19.482858,-0.022400,-0.022080,-1.537340,ndi
1786507710.486977,19.500345,-0.022400,-0.022080,-1.537350,ndi
1786507710.501987,19.515356,-0.022400,-0.022100,-1.537340,ndi
1786507710.519690,19.533058,-0.022380,-0.022100,-1.537360,ndi
1786507710.537232,19.550601,-0.022390,-0.022080,-1.537350,ndi
1786507710.552185,19.565553,-0.022410,-0.022090,-1.537340,ndi
1786507710.569472,19.582840,-0.022380,-0.022110,-1.537320,ndi
1786507710.586984,19.600353,-0.022380,-0.022100,-1.537370,ndi
1786507710.601953,19.615322,-0.022400,-0.022080,-1.537370,ndi
1786507710.619585,19.632953,-0.022400,-0.022090,-1.537340,ndi
1786507710.637085,19.650454,-0.022410,-0.022100,-1.537340,ndi
1786507710.652122,19.665491,-0.022380,-0.022100,-1.537350,ndi
1786507710.669517,19.682885,-0.022380,-0.022090,-1.537340,ndi
1786507710.686948,19.700317,-0.022410,-0.022100,-1.537310,ndi
1786507710.702045,19.715413,-0.022420,-0.022100,-1.537360,ndi
1786507710.719532,19.732900,-0.022400,-0.022090,-1.537370,ndi
1786507710.737176,19.750545,-0.022390,-0.022090,-1.537340,ndi
1786507710.752110,19.765479,-0.022390,-0.022110,-1.537300,ndi
1786507710.769484,19.782853,-0.022400,-0.022110,-1.537350,ndi
1786507710.786992,19.800361,-0.022400,-0.022090,-1.537350,ndi
1786507710.802026,19.815395,-0.022400,-0.022080,-1.537360,ndi
1786507710.819675,19.833043,-0.022390,-0.022110,-1.537350,ndi
1786507710.837198,19.850567,-0.022400,-0.022100,-1.537330,ndi
1786507710.852158,19.865526,-0.022420,-0.022090,-1.537360,ndi
1786507710.869491,19.882860,-0.022410,-0.022090,-1.537330,ndi
1786507710.884555,19.897923,-0.022410,-0.022110,-1.537340,ndi
1786507710.902001,19.915370,-0.022410,-0.022100,-1.537380,ndi
1786507710.919575,19.932944,-0.022410,-0.022080,-1.537370,ndi
1786507710.937105,19.950474,-0.022420,-0.022100,-1.537330,ndi
1786507710.952185,19.965554,-0.022400,-0.022110,-1.537330,ndi
1786507710.969474,19.982842,-0.022400,-0.022100,-1.537330,ndi
1786507710.986963,20.000331,-0.022400,-0.022080,-1.537320,ndi
1786507711.002056,20.015425,-0.022410,-0.022090,-1.537340,ndi
1786507711.019706,20.033074,-0.022420,-0.022110,-1.537330,ndi
1786507711.037219,20.050587,-0.022410,-0.022100,-1.537330,ndi
1786507711.052164,20.065532,-0.022400,-0.022080,-1.537290,ndi
1786507711.069486,20.082855,-0.022420,-0.022100,-1.537320,ndi
1786507711.087019,20.100388,-0.022430,-0.022120,-1.537330,ndi
1786507711.101949,20.115317,-0.022420,-0.022100,-1.537350,ndi
1786507711.119689,20.133057,-0.022410,-0.022080,-1.537330,ndi
1786507711.137132,20.150501,-0.022410,-0.022100,-1.537320,ndi
1786507711.152128,20.165496,-0.022420,-0.022110,-1.537320,ndi
1786507711.169501,20.182869,-0.022410,-0.022100,-1.537300,ndi
1786507711.186965,20.200333,-0.022420,-0.022090,-1.537320,ndi
1786507711.202122,20.215491,-0.022410,-0.022100,-1.537330,ndi
1786507711.219682,20.233050,-0.022410,-0.022110,-1.537340,ndi
1786507711.237051,20.250420,-0.022420,-0.022090,-1.537310,ndi
1786507711.252117,20.265486,-0.022430,-0.022090,-1.537320,ndi
1786507711.269571,20.282939,-0.022430,-0.022110,-1.537320,ndi
1786507711.287012,20.300380,-0.022430,-0.022110,-1.537330,ndi
1786507711.302109,20.315478,-0.022420,-0.022100,-1.537320,ndi
1786507711.319623,20.332992,-0.022430,-0.022100,-1.537320,ndi
1786507711.337092,20.350461,-0.022430,-0.022100,-1.537310,ndi
1786507711.352181,20.365549,-0.022420,-0.022100,-1.537320,ndi
1786507711.369489,20.382858,-0.022410,-0.022100,-1.537310,ndi
1786507711.386987,20.400356,-0.022430,-0.022100,-1.537290,ndi
1786507711.402010,20.415379,-0.022430,-0.022110,-1.537300,ndi
1786507711.419543,20.432912,-0.022430,-0.022100,-1.537320,ndi
1786507711.437055,20.450423,-0.022420,-0.022100,-1.537300,ndi
1786507711.452001,20.465370,-0.022430,-0.022110,-1.537310,ndi
1786507711.469459,20.482828,-0.022450,-0.022100,-1.537300,ndi
1786507711.486990,20.500358,-0.022440,-0.022110,-1.537300,ndi
1786507711.502080,20.515449,-0.022430,-0.022110,-1.537310,ndi
1786507711.519700,20.533068,-0.022420,-0.022100,-1.537300,ndi
1786507711.537192,20.550561,-0.022430,-0.022100,-1.537300,ndi
1786507711.552159,20.565527,-0.022440,-0.022110,-1.537300,ndi
1786507711.569471,20.582840,-0.022430,-0.022110,-1.537320,ndi
1786507711.587020,20.600389,-0.022430,-0.022100,-1.537310,ndi
1786507711.602025,20.615394,-0.022430,-0.022100,-1.537280,ndi
1786507711.619540,20.632909,-0.022440,-0.022110,-1.537300,ndi
1786507711.636973,20.650342,-0.022440,-0.022110,-1.537300,ndi
1786507711.652039,20.665408,-0.022430,-0.022100,-1.537320,ndi
1786507711.669500,20.682869,-0.022440,-0.022110,-1.537330,ndi
1786507711.684580,20.697949,-0.022430,-0.022120,-1.537330,ndi
1786507711.702074,20.715443,-0.022440,-0.022110,-1.537320,ndi
1786507711.719554,20.732923,-0.022440,-0.022100,-1.537320,ndi
1786507711.737275,20.750644,-0.022430,-0.022110,-1.537330,ndi
1786507711.752121,20.765489,-0.022430,-0.022120,-1.537330,ndi
1786507711.769481,20.782850,-0.022430,-0.022110,-1.537310,ndi
1786507711.784576,20.797944,-0.022450,-0.022100,-1.537330,ndi
1786507711.802003,20.815371,-0.022430,-0.022110,-1.537310,ndi
1786507711.819514,20.832883,-0.022430,-0.022130,-1.537310,ndi
1786507711.837058,20.850427,-0.022450,-0.022110,-1.537320,ndi
1786507711.852135,20.865503,-0.022440,-0.022090,-1.537340,ndi
1786507711.869475,20.882843,-0.022450,-0.022110,-1.537340,ndi
1786507711.887074,20.900443,-0.022440,-0.022120,-1.537330,ndi
1786507711.902037,20.915406,-0.022430,-0.022110,-1.537310,ndi
1786507711.919637,20.933006,-0.022440,-0.022100,-1.537320,ndi
1786507711.937102,20.950470,-0.022430,-0.022110,-1.537310,ndi
1786507711.952148,20.965517,-0.022440,-0.022130,-1.537340,ndi
1786507711.969488,20.982857,-0.022440,-0.022110,-1.537310,ndi
1786507711.986992,21.000360,-0.022440,-0.022090,-1.537330,ndi
1786507712.002047,21.015416,-0.022440,-0.022110,-1.537320,ndi
1786507712.019538,21.032907,-0.022440,-0.022130,-1.537310,ndi
1786507712.037206,21.050575,-0.022440,-0.022110,-1.537320,ndi
1786507712.052134,21.065502,-0.022450,-0.022090,-1.537310,ndi
1786507712.069483,21.082851,-0.022460,-0.022110,-1.537320,ndi
1786507712.087011,21.100379,-0.022440,-0.022130,-1.537320,ndi
1786507712.102169,21.115538,-0.022460,-0.022110,-1.537310,ndi
1786507712.119666,21.133035,-0.022440,-0.022090,-1.537330,ndi
1786507712.137160,21.150528,-0.022430,-0.022120,-1.537300,ndi
1786507712.152166,21.165535,-0.022450,-0.022130,-1.537330,ndi
1786507712.169503,21.182871,-0.022440,-0.022100,-1.537310,ndi
1786507712.187004,21.200373,-0.022450,-0.022090,-1.537300,ndi
1786507712.202009,21.215377,-0.022450,-0.022120,-1.537340,ndi
1786507712.219534,21.232902,-0.022440,-0.022130,-1.537290,ndi
1786507712.237074,21.250443,-0.022450,-0.022090,-1.537320,ndi
1786507712.252139,21.265507,-0.022460,-0.022090,-1.537320,ndi
1786507712.269582,21.282950,-0.022440,-0.022130,-1.537340,ndi
1786507712.284617,21.297986,-0.022460,-0.022130,-1.537330,ndi
1786507712.302054,21.315423,-0.022440,-0.022100,-1.537330,ndi
1786507712.319536,21.332905,-0.022440,-0.022110,-1.537320,ndi
1786507712.334589,21.347958,-0.022450,-0.022130,-1.537320,ndi
1786507712.352161,21.365530,-0.022440,-0.022120,-1.537340,ndi
1786507712.369528,21.382897,-0.022440,-0.022090,-1.537310,ndi
1786507712.384593,21.397962,-0.022460,-0.022110,-1.537340,ndi
1786507712.402059,21.415427,-0.022450,-0.022140,-1.537350,ndi
1786507712.419527,21.432895,-0.022450,-0.022110,-1.537340,ndi
1786507712.437109,21.450477,-0.022460,-0.022100,-1.537340,ndi
1786507712.452087,21.465456,-0.022450,-0.022120,-1.537350,ndi
1786507712.469479,21.482848,-0.022450,-0.022140,-1.537360,ndi
1786507712.487003,21.500371,-0.022460,-0.022110,-1.537340,ndi
1786507712.502101,21.515470,-0.022440,-0.022100,-1.537340,ndi
1786507712.519726,21.533094,-0.022440,-0.022130,-1.537330,ndi
1786507712.537165,21.550534,-0.022450,-0.022130,-1.537330,ndi
1786507712.552139,21.565508,-0.022450,-0.022110,-1.537320,ndi
1786507712.569512,21.582881,-0.022450,-0.022110,-1.537320,ndi
1786507712.586992,21.600360,-0.022460,-0.022130,-1.537340,ndi
1786507712.602092,21.615460,-0.022450,-0.022130,-1.537320,ndi
1786507712.619589,21.632958,-0.022450,-0.022110,-1.537330,ndi
1786507712.634713,21.648082,-0.022470,-0.022110,-1.537330,ndi
1786507712.652060,21.665428,-0.022460,-0.022130,-1.537340,ndi
1786507712.669504,21.682873,-0.022450,-0.022120,-1.537340,ndi
1786507712.687002,21.700371,-0.022460,-0.022110,-1.537320,ndi
1786507712.702136,21.715504,-0.022440,-0.022110,-1.537330,ndi
1786507712.719570,21.732939,-0.022450,-0.022120,-1.537310,ndi
1786507712.737185,21.750553,-0.022450,-0.022120,-1.537290,ndi
1786507712.752155,21.765523,-0.022440,-0.022110,-1.537310,ndi
1786507712.769495,21.782863,-0.022450,-0.022120,-1.537320,ndi
1786507712.786993,21.800361,-0.022470,-0.022120,-1.537330,ndi
1786507712.802057,21.815426,-0.022450,-0.022110,-1.537340,ndi
1786507712.819588,21.832957,-0.022460,-0.022110,-1.537330,ndi
1786507712.834582,21.847951,-0.022460,-0.022120,-1.537340,ndi
1786507712.852145,21.865513,-0.022450,-0.022120,-1.537340,ndi
1786507712.869522,21.882890,-0.022470,-0.022120,-1.537330,ndi
1786507712.884598,21.897966,-0.022450,-0.022120,-1.537330,ndi
1786507712.902117,21.915485,-0.022450,-0.022120,-1.537340,ndi
1786507712.919569,21.932937,-0.022460,-0.022120,-1.537340,ndi
1786507712.937017,21.950385,-0.022450,-0.022120,-1.537320,ndi
1786507712.952105,21.965473,-0.022460,-0.022120,-1.537330,ndi
1786507712.969527,21.982895,-0.022460,-0.022120,-1.537330,ndi
1786507712.987031,22.000399,-0.022460,-0.022120,-1.537340,ndi
1786507713.002245,22.015613,-0.022470,-0.022110,-1.537330,ndi
1786507713.019746,22.033114,-0.022470,-0.022120,-1.537330,ndi
1786507713.037229,22.050597,-0.022460,-0.022130,-1.537330,ndi
1786507713.052092,22.065461,-0.022460,-0.022110,-1.537300,ndi
1786507713.069530,22.082899,-0.022470,-0.022120,-1.537330,ndi
1786507713.087036,22.100405,-0.022450,-0.022130,-1.537320,ndi
1786507713.102103,22.115471,-0.022470,-0.022120,-1.537320,ndi
1786507713.119533,22.132901,-0.022460,-0.022110,-1.537330,ndi
1786507713.137026,22.150394,-0.022450,-0.022120,-1.537330,ndi
1786507713.152010,22.165379,-0.022460,-0.022130,-1.537320,ndi
1786507713.169540,22.182909,-0.022460,-0.022120,-1.537320,ndi
1786507713.187017,22.200386,-0.022450,-0.022110,-1.537320,ndi
1786507713.202112,22.215481,-0.022470,-0.022120,-1.537340,ndi
1786507713.219687,22.233056,-0.022470,-0.022130,-1.537320,ndi
1786507713.237098,22.250466,-0.022460,-0.022120,-1.537350,ndi
1786507713.252045,22.265414,-0.022480,-0.022110,-1.537330,ndi
1786507713.269607,22.282975,-0.022460,-0.022130,-1.537320,ndi
1786507713.287023,22.300392,-0.022460,-0.022140,-1.537340,ndi
1786507713.302076,22.315445,-0.022460,-0.022120,-1.537340,ndi
1786507713.319558,22.332927,-0.022460,-0.022110,-1.537320,ndi
1786507713.337070,22.350438,-0.022480,-0.022130,-1.537320,ndi
1786507713.352152,22.365520,-0.022460,-0.022140,-1.537350,ndi
1786507713.369507,22.382875,-0.022450,-0.022110,-1.537340,ndi
1786507713.387014,22.400383,-0.022480,-0.022110,-1.537340,ndi
1786507713.402077,22.415446,-0.022470,-0.022130,-1.537340,ndi
1786507713.419677,22.433046,-0.022470,-0.022130,-1.537350,ndi
1786507713.437210,22.450578,-0.022480,-0.022110,-1.537330,ndi
1786507713.452135,22.465504,-0.022470,-0.022120,-1.537310,ndi
1786507713.469535,22.482904,-0.022460,-0.022130,-1.537320,ndi
1786507713.487029,22.500397,-0.022460,-0.022120,-1.537340,ndi
1786507713.502191,22.515560,-0.022460,-0.022110,-1.537340,ndi
1786507713.519705,22.533073,-0.022470,-0.022130,-1.537320,ndi
1786507713.537260,22.550629,-0.022470,-0.022130,-1.537330,ndi
1786507713.552158,22.565527,-0.022460,-0.022120,-1.537330,ndi
1786507713.569499,22.582867,-0.022470,-0.022110,-1.537340,ndi
1786507713.587022,22.600390,-0.022480,-0.022120,-1.537340,ndi
1786507713.602116,22.615485,-0.022470,-0.022130,-1.537330,ndi
1786507713.619602,22.632970,-0.022490,-0.022120,-1.537350,ndi
1786507713.634665,22.648033,-0.022470,-0.022110,-1.537350,ndi
1786507713.652184,22.665553,-0.022470,-0.022130,-1.537330,ndi
1786507713.669533,22.682902,-0.022470,-0.022130,-1.537340,ndi
1786507713.687098,22.700466,-0.022470,-0.022120,-1.537330,ndi
1786507713.702130,22.715499,-0.022470,-0.022120,-1.537350,ndi
1786507713.719601,22.732970,-0.022470,-0.022130,-1.537350,ndi
1786507713.737197,22.750566,-0.022470,-0.022130,-1.537330,ndi
1786507713.752161,22.765529,-0.022470,-0.022120,-1.537340,ndi
1786507713.769520,22.782889,-0.022460,-0.022120,-1.537330,ndi
1786507713.787075,22.800444,-0.022470,-0.022130,-1.537320,ndi
1786507713.802073,22.815441,-0.022480,-0.022120,-1.537350,ndi
1786507713.819684,22.833052,-0.022480,-0.022120,-1.537340,ndi
1786507713.837223,22.850591,-0.022470,-0.022130,-1.537340,ndi
1786507713.852140,22.865509,-0.022470,-0.022120,-1.537330,ndi
1786507713.869529,22.882898,-0.022470,-0.022120,-1.537350,ndi
1786507713.887036,22.900405,-0.022470,-0.022130,-1.537320,ndi
1786507713.902043,22.915411,-0.022470,-0.022130,-1.537340,ndi
1786507713.919557,22.932926,-0.022470,-0.022130,-1.537330,ndi
1786507713.937105,22.950473,-0.022470,-0.022120,-1.537340,ndi
1786507713.952090,22.965459,-0.022480,-0.022120,-1.537360,ndi
1786507713.969556,22.982924,-0.022470,-0.022130,-1.537350,ndi
1786507713.987041,23.000410,-0.022470,-0.022130,-1.537360,ndi
1786507714.002254,23.015622,-0.022490,-0.022120,-1.537320,ndi
1786507714.019727,23.033095,-0.022480,-0.022130,-1.537350,ndi
1786507714.037296,23.050664,-0.022470,-0.022130,-1.537350,ndi
1786507714.052160,23.065528,-0.022490,-0.022130,-1.537340,ndi
1786507714.069557,23.082925,-0.022470,-0.022120,-1.537370,ndi
1786507714.087047,23.100416,-0.022470,-0.022130,-1.537340,ndi
1786507714.102110,23.115478,-0.022490,-0.022130,-1.537340,ndi
1786507714.119629,23.132998,-0.022470,-0.022130,-1.537330,ndi
1786507714.137117,23.150486,-0.022470,-0.022110,-1.537320,ndi
1786507714.152167,23.165536,-0.022480,-0.022120,-1.537320,ndi
1786507714.169524,23.182892,-0.022470,-0.022140,-1.537310,ndi
1786507714.187077,23.200445,-0.022480,-0.022120,-1.537340,ndi
1786507714.202060,23.215428,-0.022490,-0.022110,-1.537330,ndi
1786507714.219606,23.232975,-0.022470,-0.022130,-1.537340,ndi
1786507714.237185,23.250554,-0.022480,-0.022140,-1.537330,ndi
1786507714.252113,23.265482,-0.022480,-0.022120,-1.537340,ndi
1786507714.269586,23.282955,-0.022470,-0.022110,-1.537330,ndi
1786507714.287046,23.300414,-0.022470,-0.022130,-1.537330,ndi
1786507714.302164,23.315532,-0.022470,-0.022140,-1.537340,ndi
1786507714.319600,23.332968,-0.022470,-0.022120,-1.537340,ndi
1786507714.337169,23.350538,-0.022470,-0.022120,-1.537320,ndi
1786507714.352156,23.365525,-0.022480,-0.022140,-1.537340,ndi
1786507714.369527,23.382896,-0.022480,-0.022130,-1.537340,ndi
1786507714.387058,23.400426,-0.022490,-0.022120,-1.537360,ndi
1786507714.402090,23.415459,-0.022490,-0.022120,-1.537360,ndi
1786507714.419541,23.432909,-0.022470,-0.022140,-1.537360,ndi
1786507714.437177,23.450546,-0.022490,-0.022120,-1.537350,ndi
1786507714.452106,23.465475,-0.022480,-0.022120,-1.537350,ndi
1786507714.469560,23.482929,-0.022480,-0.022140,-1.537350,ndi
1786507714.487103,23.500471,-0.022490,-0.022140,-1.537350,ndi
1786507714.502069,23.515438,-0.022480,-0.022120,-1.537350,ndi
1786507714.519626,23.532995,-0.022480,-0.022120,-1.537350,ndi
1786507714.537107,23.550475,-0.022480,-0.022140,-1.537350,ndi
1786507714.552095,23.565464,-0.022480,-0.022140,-1.537350,ndi
1786507714.569546,23.582915,-0.022490,-0.022120,-1.537350,ndi
1786507714.587077,23.600446,-0.022490,-0.022120,-1.537350,ndi
1786507714.602073,23.615441,-0.022480,-0.022140,-1.537380,ndi
1786507714.619657,23.633026,-0.022480,-0.022130,-1.537360,ndi
1786507714.634780,23.648149,-0.022490,-0.022120,-1.537340,ndi
1786507714.652184,23.665552,-0.022470,-0.022120,-1.537350,ndi
1786507714.669554,23.682922,-0.022480,-0.022140,-1.537350,ndi
1786507714.684659,23.698028,-0.022490,-0.022140,-1.537340,ndi
1786507714.702138,23.715507,-0.022480,-0.022120,-1.537330,ndi
1786507714.719609,23.732978,-0.022490,-0.022130,-1.537350,ndi
1786507714.737211,23.750580,-0.022490,-0.022130,-1.537340,ndi
1786507714.752122,23.765491,-0.022480,-0.022130,-1.537330,ndi
1786507714.769547,23.782916,-0.022490,-0.022120,-1.537330,ndi
1786507714.787048,23.800416,-0.022490,-0.022130,-1.537350,ndi
1786507714.802030,23.815399,-0.022500,-0.022130,-1.537360,ndi
1786507714.819677,23.833046,-0.022490,-0.022130,-1.537350,ndi
1786507714.837131,23.850499,-0.022480,-0.022130,-1.537350,ndi
1786507714.852163,23.865531,-0.022490,-0.022130,-1.537340,ndi
1786507714.869537,23.882906,-0.022490,-0.022130,-1.537320,ndi
1786507714.887024,23.900393,-0.022480,-0.022130,-1.537310,ndi
1786507714.902101,23.915470,-0.022480,-0.022130,-1.537330,ndi
1786507714.919760,23.933128,-0.022490,-0.022130,-1.537320,ndi
1786507714.937124,23.950493,-0.022480,-0.022140,-1.537310,ndi
1786507714.952187,23.965555,-0.022500,-0.022140,-1.537330,ndi
1786507714.969551,23.982919,-0.022500,-0.022140,-1.537330,ndi
1786507714.987067,24.000436,-0.022490,-0.022150,-1.537310,ndi
1786507715.002103,24.015472,-0.022510,-0.022140,-1.537320,ndi
1786507715.019802,24.033170,-0.022510,-0.022150,-1.537330,ndi
1786507715.037309,24.050678,-0.022500,-0.022160,-1.537310,ndi
1786507715.052164,24.065532,-0.022500,-0.022160,-1.537260,ndi
1786507715.069562,24.082931,-0.022480,-0.022180,-1.537220,ndi
1786507715.084578,24.097946,-0.022480,-0.022210,-1.537200,ndi
1786507715.102114,24.115483,-0.022480,-0.022250,-1.537130,ndi
1786507715.119604,24.132972,-0.022460,-0.022270,-1.537070,ndi
1786507715.137102,24.150471,-0.022440,-0.022290,-1.537020,ndi
1786507715.152198,24.165566,-0.022450,-0.022320,-1.536990,ndi
1786507715.169559,24.182927,-0.022430,-0.022370,-1.536930,ndi
1786507715.187048,24.200417,-0.022420,-0.022390,-1.536890,ndi
1786507715.202257,24.215626,-0.022410,-0.022400,-1.536840,ndi
1786507715.219854,24.233222,-0.022390,-0.022450,-1.536760,ndi
1786507715.237175,24.250543,-0.022370,-0.022490,-1.536670,ndi
1786507715.252099,24.265467,-0.022350,-0.022510,-1.536650,ndi
1786507715.269583,24.282951,-0.022350,-0.022520,-1.536620,ndi
1786507715.284682,24.298050,-0.022350,-0.022560,-1.536560,ndi
1786507715.302205,24.315573,-0.022320,-0.022600,-1.536510,ndi
1786507715.319630,24.332999,-0.022310,-0.022610,-1.536480,ndi
1786507715.337159,24.350528,-0.022310,-0.022630,-1.536430,ndi
1786507715.352119,24.365487,-0.022290,-0.022680,-1.536380,ndi
1786507715.369526,24.382895,-0.022270,-0.022710,-1.536340,ndi
1786507715.387050,24.400419,-0.022270,-0.022720,-1.536310,ndi
1786507715.402177,24.415546,-0.022240,-0.022740,-1.536240,ndi
1786507715.419796,24.433165,-0.022220,-0.022800,-1.536220,ndi
1786507715.437282,24.450650,-0.022210,-0.022810,-1.536190,ndi
1786507715.452221,24.465589,-0.022190,-0.022820,-1.536120,ndi
1786507715.469548,24.482917,-0.022180,-0.022850,-1.536110,ndi
1786507715.487085,24.500453,-0.022170,-0.022890,-1.536100,ndi
1786507715.502270,24.515639,-0.022150,-0.022900,-1.536030,ndi
1786507715.519764,24.533132,-0.022140,-0.022910,-1.535990,ndi
1786507715.537264,24.550633,-0.022130,-0.022960,-1.535950,ndi
1786507715.552213,24.565582,-0.022110,-0.023000,-1.535910,ndi
1786507715.569547,24.582915,-0.022100,-0.023010,-1.535850,ndi
1786507715.587042,24.600411,-0.022080,-0.023020,-1.535830,ndi
1786507715.602160,24.615529,-0.022070,-0.023070,-1.535770,ndi
1786507715.619772,24.633141,-0.022050,-0.023100,-1.535710,ndi
1786507715.637288,24.650656,-0.022020,-0.023110,-1.535680,ndi
1786507715.652216,24.665585,-0.022010,-0.023140,-1.535630,ndi
1786507715.669562,24.682930,-0.021990,-0.023190,-1.535580,ndi
1786507715.684687,24.698055,-0.021970,-0.023220,-1.535570,ndi
1786507715.702277,24.715645,-0.021950,-0.023230,-1.535520,ndi
1786507715.719747,24.733115,-0.021930,-0.023270,-1.535470,ndi
1786507715.737255,24.750623,-0.021910,-0.023310,-1.535420,ndi
1786507715.752102,24.765471,-0.021900,-0.023340,-1.535380,ndi
1786507715.769553,24.782921,-0.021870,-0.023360,-1.535320,ndi
1786507715.787071,24.800440,-0.021840,-0.023400,-1.535270,ndi
1786507715.802198,24.815567,-0.021830,-0.023440,-1.535220,ndi
1786507715.819858,24.833227,-0.021790,-0.023470,-1.535150,ndi
1786507715.837281,24.850649,-0.021760,-0.023500,-1.535120,ndi
1786507715.852209,24.865577,-0.021740,-0.023540,-1.535040,ndi
1786507715.869556,24.882925,-0.021720,-0.023580,-1.535000,ndi
1786507715.884754,24.898123,-0.021700,-0.023600,-1.534950,ndi
1786507715.902112,24.915480,-0.021680,-0.023620,-1.534930,ndi
1786507715.919612,24.932980,-0.021650,-0.023650,-1.534830,ndi
1786507715.937133,24.950502,-0.021630,-0.023700,-1.534810,ndi
1786507715.952193,24.965561,-0.021610,-0.023720,-1.534790,ndi
1786507715.969555,24.982924,-0.021580,-0.023740,-1.534750,ndi
1786507715.987085,25.000454,-0.021550,-0.023790,-1.534670,ndi
1786507716.002094,25.015462,-0.021540,-0.023820,-1.534660,ndi
1786507716.019750,25.033118,-0.021500,-0.023850,-1.534640,ndi
1786507716.037184,25.050553,-0.021490,-0.023850,-1.534560,ndi
1786507716.052234,25.065603,-0.021460,-0.023890,-1.534540,ndi
1786507716.069595,25.082963,-0.021440,-0.023930,-1.534500,ndi
1786507716.084758,25.098126,-0.021430,-0.023950,-1.534450,ndi
1786507716.102286,25.115655,-0.021400,-0.023950,-1.534400,ndi
1786507716.119742,25.133111,-0.021380,-0.024010,-1.534370,ndi
1786507716.137308,25.150676,-0.021350,-0.024040,-1.534320,ndi
1786507716.152157,25.165525,-0.021330,-0.024050,-1.534290,ndi
1786507716.169553,25.182921,-0.021290,-0.024080,-1.534220,ndi
1786507716.184681,25.198049,-0.021280,-0.024120,-1.534200,ndi
1786507716.202300,25.215668,-0.021250,-0.024160,-1.534150,ndi
1786507716.219764,25.233132,-0.021220,-0.024160,-1.534110,ndi
1786507716.237177,25.250546,-0.021190,-0.024200,-1.534100,ndi
1786507716.252201,25.265569,-0.021170,-0.024250,-1.534030,ndi
1786507716.269569,25.282938,-0.021140,-0.024270,-1.533960,ndi
1786507716.284677,25.298046,-0.021120,-0.024280,-1.533920,ndi
1786507716.302136,25.315505,-0.021080,-0.024320,-1.533890,ndi
1786507716.319778,25.333147,-0.021070,-0.024360,-1.533850,ndi
1786507716.334873,25.348242,-0.021030,-0.024380,-1.533810,ndi
1786507716.352229,25.365597,-0.021000,-0.024410,-1.533740,ndi
1786507716.369554,25.382922,-0.020970,-0.024460,-1.533700,ndi
1786507716.384676,25.398044,-0.020940,-0.024500,-1.533660,ndi
1786507716.402096,25.415464,-0.020900,-0.024510,-1.533620,ndi
1786507716.419819,25.433188,-0.020860,-0.024540,-1.533560,ndi
1786507716.437287,25.450656,-0.020830,-0.024590,-1.533500,ndi
1786507716.452204,25.465572,-0.020800,-0.024620,-1.533420,ndi
1786507716.469594,25.482963,-0.020770,-0.024640,-1.533370,ndi
1786507716.484693,25.498061,-0.020750,-0.024670,-1.533310,ndi
1786507716.502169,25.515537,-0.020700,-0.024720,-1.533310,ndi
1786507716.519601,25.532969,-0.020690,-0.024740,-1.533260,ndi
1786507716.537243,25.550612,-0.020660,-0.024760,-1.533220,ndi
1786507716.552188,25.565557,-0.020620,-0.024790,-1.533190,ndi
1786507716.569522,25.582890,-0.020590,-0.024830,-1.533130,ndi
1786507716.584662,25.598031,-0.020550,-0.024850,-1.533110,ndi
1786507716.602118,25.615487,-0.020530,-0.024870,-1.533090,ndi
1786507716.619598,25.632967,-0.020490,-0.024920,-1.533020,ndi
1786507716.634792,25.648160,-0.020460,-0.024950,-1.532980,ndi
1786507716.652249,25.665617,-0.020440,-0.024960,-1.532950,ndi
1786507716.669587,25.682956,-0.020400,-0.024980,-1.532900,ndi
1786507716.687142,25.700510,-0.020370,-0.025020,-1.532880,ndi
1786507716.702122,25.715491,-0.020350,-0.025050,-1.532780,ndi
1786507716.719600,25.732969,-0.020320,-0.025070,-1.532780,ndi
1786507716.737234,25.750603,-0.020300,-0.025100,-1.532730,ndi
1786507716.752177,25.765546,-0.020260,-0.025130,-1.532740,ndi
1786507716.769588,25.782957,-0.020220,-0.025150,-1.532680,ndi
1786507716.784719,25.798088,-0.020190,-0.025180,-1.532620,ndi
1786507716.802308,25.815677,-0.020150,-0.025210,-1.532550,ndi
1786507716.819806,25.833174,-0.020120,-0.025240,-1.532510,ndi
1786507716.837266,25.850635,-0.020080,-0.025270,-1.532500,ndi
1786507716.852254,25.865623,-0.020070,-0.025300,-1.532460,ndi
1786507716.869622,25.882991,-0.020010,-0.025320,-1.532420,ndi
1786507716.884768,25.898137,-0.019990,-0.025340,-1.532380,ndi
1786507716.902112,25.915481,-0.019970,-0.025380,-1.532300,ndi
1786507716.919622,25.932991,-0.019910,-0.025410,-1.532250,ndi
1786507716.937094,25.950462,-0.019870,-0.025430,-1.532220,ndi
1786507716.952217,25.965585,-0.019840,-0.025460,-1.532210,ndi
1786507716.969597,25.982965,-0.019790,-0.025490,-1.532140,ndi
1786507716.984670,25.998039,-0.019760,-0.025520,-1.532120,ndi
1786507717.002124,26.015493,-0.019720,-0.025550,-1.532070,ndi
1786507717.019648,26.033016,-0.019660,-0.025590,-1.532010,ndi
1786507717.037138,26.050506,-0.019630,-0.025620,-1.531980,ndi
1786507717.052109,26.065478,-0.019590,-0.025640,-1.531920,ndi
1786507717.069571,26.082940,-0.019540,-0.025670,-1.531870,ndi
1786507717.087098,26.100466,-0.019510,-0.025720,-1.531870,ndi
1786507717.102119,26.115488,-0.019480,-0.025750,-1.531820,ndi
1786507717.119637,26.133005,-0.019440,-0.025760,-1.531790,ndi
1786507717.134972,26.148341,-0.019420,-0.025790,-1.531790,ndi
1786507717.152217,26.165585,-0.019370,-0.025840,-1.531780,ndi
1786507717.169576,26.182944,-0.019330,-0.025850,-1.531720,ndi
1786507717.184667,26.198035,-0.019290,-0.025880,-1.531680,ndi
1786507717.202181,26.215550,-0.019250,-0.025920,-1.531650,ndi
1786507717.219715,26.233083,-0.019210,-0.025950,-1.531590,ndi
1786507717.237248,26.250617,-0.019180,-0.025950,-1.531550,ndi
1786507717.252241,26.265610,-0.019160,-0.025970,-1.531530,ndi
1786507717.269624,26.282993,-0.019100,-0.026010,-1.531480,ndi
1786507717.287100,26.300469,-0.019080,-0.026030,-1.531440,ndi
1786507717.302125,26.315493,-0.019040,-0.026040,-1.531420,ndi
1786507717.319568,26.332937,-0.019000,-0.026070,-1.531370,ndi
1786507717.334796,26.348165,-0.018970,-0.026100,-1.531330,ndi
1786507717.352192,26.365560,-0.018910,-0.026130,-1.531300,ndi
1786507717.369588,26.382957,-0.018870,-0.026150,-1.531230,ndi
1786507717.384676,26.398044,-0.018840,-0.026180,-1.531170,ndi
1786507717.402149,26.415517,-0.018800,-0.026220,-1.531170,ndi
1786507717.419746,26.433115,-0.018750,-0.026230,-1.531150,ndi
1786507717.437279,26.450648,-0.018710,-0.026250,-1.531110,ndi
1786507717.452232,26.465600,-0.018680,-0.026290,-1.531060,ndi
1786507717.469595,26.482964,-0.018630,-0.026320,-1.531030,ndi
1786507717.484668,26.498037,-0.018600,-0.026340,-1.530980,ndi
1786507717.502224,26.515593,-0.018550,-0.026360,-1.530950,ndi
1786507717.519608,26.532976,-0.018510,-0.026400,-1.530910,ndi
1786507717.537091,26.550460,-0.018460,-0.026430,-1.530880,ndi
1786507717.552198,26.565567,-0.018410,-0.026440,-1.530860,ndi
1786507717.569573,26.582942,-0.018360,-0.026470,-1.530800,ndi
1786507717.584784,26.598153,-0.018310,-0.026510,-1.530790,ndi
1786507717.602142,26.615510,-0.018270,-0.026540,-1.530750,ndi
1786507717.619721,26.633090,-0.018220,-0.026560,-1.530680,ndi
1786507717.637246,26.650615,-0.018170,-0.026590,-1.530650,ndi
1786507717.652209,26.665577,-0.018120,-0.026620,-1.530590,ndi
1786507717.669599,26.682967,-0.018060,-0.026660,-1.530570,ndi
1786507717.684716,26.698084,-0.018040,-0.026670,-1.530540,ndi
1786507717.702286,26.715655,-0.017980,-0.026690,-1.530510,ndi
1786507717.719793,26.733161,-0.017930,-0.026730,-1.530450,ndi
1786507717.734809,26.748178,-0.017890,-0.026750,-1.530440,ndi
1786507717.752240,26.765608,-0.017840,-0.026780,-1.530360,ndi
1786507717.769648,26.783017,-0.017810,-0.026800,-1.530350,ndi
1786507717.784812,26.798181,-0.017760,-0.026820,-1.530280,ndi
1786507717.802136,26.815505,-0.017700,-0.026850,-1.530290,ndi
1786507717.819706,26.833075,-0.017670,-0.026870,-1.530250,ndi
1786507717.837326,26.850694,-0.017640,-0.026890,-1.530200,ndi
1786507717.852186,26.865555,-0.017600,-0.026910,-1.530180,ndi
1786507717.869589,26.882957,-0.017540,-0.026930,-1.530170,ndi
1786507717.884684,26.898052,-0.017520,-0.026960,-1.530140,ndi
1786507717.902124,26.915492,-0.017470,-0.026970,-1.530120,ndi
1786507717.919732,26.933100,-0.017420,-0.027010,-1.530080,ndi
1786507717.934787,26.948155,-0.017370,-0.027030,-1.530080,ndi
1786507717.952242,26.965611,-0.017300,-0.027050,-1.529990,ndi
1786507717.969593,26.982961,-0.017260,-0.027090,-1.529970,ndi
1786507717.987059,27.000428,-0.017210,-0.027110,-1.529940,ndi
1786507718.002111,27.015480,-0.017170,-0.027120,-1.529930,ndi
1786507718.019780,27.033149,-0.017130,-0.027150,-1.529850,ndi
1786507718.034858,27.048226,-0.017070,-0.027180,-1.529840,ndi
1786507718.052129,27.065498,-0.017040,-0.027210,-1.529770,ndi
1786507718.069591,27.082959,-0.016990,-0.027230,-1.529760,ndi
1786507718.084689,27.098058,-0.016960,-0.027240,-1.529720,ndi
1786507718.102164,27.115532,-0.016910,-0.027260,-1.529680,ndi
1786507718.119633,27.133002,-0.016840,-0.027300,-1.529670,ndi
1786507718.137179,27.150548,-0.016800,-0.027320,-1.529630,ndi
1786507718.152260,27.165628,-0.016750,-0.027340,-1.529580,ndi
1786507718.169603,27.182972,-0.016700,-0.027350,-1.529550,ndi
1786507718.184714,27.198083,-0.016660,-0.027380,-1.529520,ndi
1786507718.202116,27.215485,-0.016590,-0.027420,-1.529470,ndi
1786507718.219747,27.233115,-0.016560,-0.027430,-1.529450,ndi
1786507718.237452,27.250820,-0.016490,-0.027450,-1.529420,ndi
1786507718.252153,27.265522,-0.016440,-0.027480,-1.529360,ndi
1786507718.269608,27.282977,-0.016390,-0.027510,-1.529340,ndi
1786507718.284681,27.298049,-0.016340,-0.027520,-1.529340,ndi
1786507718.302263,27.315632,-0.016300,-0.027530,-1.529290,ndi
1786507718.319703,27.333072,-0.016230,-0.027570,-1.529270,ndi
1786507718.337224,27.350593,-0.016170,-0.027600,-1.529250,ndi
1786507718.352252,27.365620,-0.016140,-0.027600,-1.529200,ndi
1786507718.369593,27.382961,-0.016080,-0.027620,-1.529170,ndi
1786507718.387097,27.400465,-0.016040,-0.027680,-1.529160,ndi
1786507718.402139,27.415508,-0.015990,-0.027680,-1.529160,ndi
1786507718.419590,27.432958,-0.015940,-0.027680,-1.529090,ndi
1786507718.437257,27.450626,-0.015900,-0.027720,-1.529070,ndi
1786507718.452256,27.465624,-0.015850,-0.027750,-1.529070,ndi
1786507718.469589,27.482957,-0.015820,-0.027760,-1.528980,ndi
1786507718.487082,27.500450,-0.015750,-0.027750,-1.528960,ndi
1786507718.502084,27.515453,-0.015710,-0.027800,-1.529000,ndi
1786507718.519735,27.533104,-0.015650,-0.027830,-1.528950,ndi
1786507718.537190,27.550559,-0.015600,-0.027830,-1.528870,ndi
1786507718.552215,27.565584,-0.015550,-0.027830,-1.528870,ndi
1786507718.569628,27.582996,-0.015470,-0.027880,-1.528810,ndi
1786507718.584730,27.598098,-0.015440,-0.027910,-1.528790,ndi
1786507718.602188,27.615556,-0.015390,-0.027910,-1.528790,ndi
1786507718.619763,27.633132,-0.015340,-0.027920,-1.528740,ndi
1786507718.637243,27.650611,-0.015290,-0.027970,-1.528710,ndi
1786507718.652237,27.665606,-0.015240,-0.027980,-1.528680,ndi
1786507718.669594,27.682962,-0.015190,-0.027990,-1.528640,ndi
1786507718.687074,27.700443,-0.015140,-0.028000,-1.528600,ndi
1786507718.702187,27.715556,-0.015100,-0.028030,-1.528570,ndi
1786507718.719771,27.733140,-0.015030,-0.028060,-1.528590,ndi
1786507718.734867,27.748236,-0.014980,-0.028070,-1.528540,ndi
1786507718.752259,27.765628,-0.014920,-0.028070,-1.528530,ndi
1786507718.769609,27.782978,-0.014860,-0.028110,-1.528500,ndi
1786507718.784751,27.798119,-0.014820,-0.028140,-1.528470,ndi
1786507718.802172,27.815541,-0.014750,-0.028150,-1.528460,ndi
1786507718.819642,27.833011,-0.014680,-0.028160,-1.528440,ndi
1786507718.837158,27.850527,-0.014650,-0.028190,-1.528400,ndi
1786507718.852269,27.865638,-0.014590,-0.028220,-1.528410,ndi
1786507718.869608,27.882976,-0.014540,-0.028220,-1.528350,ndi
1786507718.887106,27.900474,-0.014480,-0.028230,-1.528330,ndi
1786507718.902255,27.915624,-0.014430,-0.028260,-1.528330,ndi
1786507718.919764,27.933133,-0.014380,-0.028300,-1.528290,ndi
1786507718.937286,27.950655,-0.014310,-0.028290,-1.528270,ndi
1786507718.952288,27.965656,-0.014270,-0.028300,-1.528240,ndi
1786507718.969619,27.982988,-0.014180,-0.028340,-1.528240,ndi
1786507718.984624,27.997993,-0.014140,-0.028370,-1.528190,ndi
1786507719.002157,28.015526,-0.014090,-0.028360,-1.528170,ndi
1786507719.019628,28.032996,-0.014020,-0.028370,-1.528130,ndi
1786507719.037210,28.050578,-0.013970,-0.028410,-1.528130,ndi
1786507719.052285,28.065654,-0.013920,-0.028420,-1.528120,ndi
1786507719.069612,28.082980,-0.013870,-0.028410,-1.528080,ndi
1786507719.084623,28.097991,-0.013840,-0.028430,-1.528030,ndi
1786507719.102135,28.115504,-0.013780,-0.028470,-1.528030,ndi
1786507719.119652,28.133020,-0.013710,-0.028490,-1.528000,ndi
1786507719.137297,28.150666,-0.013650,-0.028490,-1.527980,ndi
1786507719.152240,28.165608,-0.013610,-0.028510,-1.527970,ndi
1786507719.169624,28.182993,-0.013550,-0.028540,-1.527960,ndi
1786507719.187100,28.200469,-0.013490,-0.028550,-1.527900,ndi
1786507719.202173,28.215542,-0.013440,-0.028550,-1.527920,ndi
1786507719.219634,28.233002,-0.013360,-0.028580,-1.527830,ndi
1786507719.237199,28.250567,-0.013330,-0.028610,-1.527820,ndi
1786507719.252261,28.265630,-0.013270,-0.028610,-1.527830,ndi
1786507719.269593,28.282962,-0.013220,-0.028610,-1.527790,ndi
1786507719.287123,28.300492,-0.013160,-0.028650,-1.527790,ndi
1786507719.302148,28.315517,-0.013090,-0.028670,-1.527740,ndi
1786507719.319690,28.333059,-0.013030,-0.028670,-1.527710,ndi
1786507719.334791,28.348160,-0.012990,-0.028670,-1.527730,ndi
1786507719.352294,28.365662,-0.012920,-0.028700,-1.527670,ndi
1786507719.369597,28.382965,-0.012860,-0.028730,-1.527700,ndi
1786507719.387114,28.400482,-0.012830,-0.028730,-1.527660,ndi
1786507719.402107,28.415476,-0.012750,-0.028740,-1.527650,ndi
1786507719.419614,28.432982,-0.012700,-0.028760,-1.527630,ndi
1786507719.434773,28.448142,-0.012650,-0.028780,-1.527620,ndi
1786507719.452345,28.465714,-0.012570,-0.028790,-1.527570,ndi
1786507719.469575,28.482943,-0.012510,-0.028800,-1.527560,ndi
1786507719.487110,28.500479,-0.012440,-0.028820,-1.527530,ndi
1786507719.502306,28.515675,-0.012370,-0.028840,-1.527500,ndi
1786507719.519811,28.533180,-0.012330,-0.028850,-1.527510,ndi
1786507719.537179,28.550548,-0.012260,-0.028860,-1.527500,ndi
1786507719.552357,28.565726,-0.012210,-0.028880,-1.527460,ndi
1786507719.569675,28.583044,-0.012150,-0.028900,-1.527430,ndi
1786507719.587161,28.600530,-0.012080,-0.028900,-1.527430,ndi
1786507719.602210,28.615579,-0.012030,-0.028920,-1.527410,ndi
1786507719.619729,28.633097,-0.011980,-0.028930,-1.527390,ndi
1786507719.637332,28.650701,-0.011930,-0.028950,-1.527370,ndi
1786507719.652274,28.665642,-0.011870,-0.028950,-1.527350,ndi
1786507719.669609,28.682978,-0.011820,-0.028970,-1.527340,ndi
1786507719.687121,28.700490,-0.011750,-0.028980,-1.527300,ndi
1786507719.702167,28.715535,-0.011670,-0.028990,-1.527300,ndi
1786507719.719765,28.733134,-0.011620,-0.028990,-1.527250,ndi
1786507719.737249,28.750617,-0.011560,-0.029020,-1.527240,ndi
1786507719.752307,28.765675,-0.011490,-0.029030,-1.527260,ndi
1786507719.769668,28.783036,-0.011450,-0.029030,-1.527270,ndi
1786507719.784797,28.798166,-0.011390,-0.029050,-1.527260,ndi
1786507719.802166,28.815534,-0.011320,-0.029070,-1.527220,ndi
1786507719.819678,28.833046,-0.011260,-0.029080,-1.527180,ndi
1786507719.834749,28.848117,-0.011210,-0.029080,-1.527180,ndi
1786507719.852260,28.865629,-0.011160,-0.029090,-1.527150,ndi
1786507719.869628,28.882997,-0.011120,-0.029120,-1.527130,ndi
1786507719.887141,28.900509,-0.011040,-0.029110,-1.527130,ndi
1786507719.902145,28.915514,-0.010990,-0.029110,-1.527100,ndi
1786507719.919664,28.933032,-0.010920,-0.029140,-1.527080,ndi
1786507719.937326,28.950694,-0.010850,-0.029160,-1.527060,ndi
1786507719.952365,28.965733,-0.010800,-0.029160,-1.527070,ndi
1786507719.969658,28.983027,-0.010740,-0.029170,-1.527070,ndi
1786507719.987113,29.000481,-0.010660,-0.029190,-1.527030,ndi
1786507720.002162,29.015531,-0.010600,-0.029210,-1.527050,ndi
1786507720.019791,29.033159,-0.010550,-0.029200,-1.527030,ndi
1786507720.037285,29.050654,-0.010480,-0.029220,-1.526990,ndi
1786507720.052224,29.065593,-0.010420,-0.029230,-1.527000,ndi
1786507720.069653,29.083021,-0.010360,-0.029240,-1.526960,ndi
1786507720.087123,29.100492,-0.010280,-0.029250,-1.526950,ndi
1786507720.102315,29.115684,-0.010230,-0.029260,-1.526930,ndi
1786507720.119796,29.133164,-0.010150,-0.029270,-1.526920,ndi
1786507720.137311,29.150680,-0.010090,-0.029280,-1.526940,ndi
1786507720.152323,29.165692,-0.010030,-0.029280,-1.526910,ndi
1786507720.169675,29.183043,-0.009970,-0.029300,-1.526930,ndi
1786507720.187128,29.200497,-0.009910,-0.029300,-1.526930,ndi
1786507720.202161,29.215530,-0.009850,-0.029300,-1.526910,ndi
1786507720.219635,29.233004,-0.009800,-0.029330,-1.526900,ndi
1786507720.234843,29.248211,-0.009740,-0.029330,-1.526900,ndi
1786507720.252225,29.265594,-0.009680,-0.029330,-1.526870,ndi
1786507720.269632,29.283001,-0.009630,-0.029340,-1.526890,ndi
1786507720.287143,29.300511,-0.009560,-0.029360,-1.526850,ndi
1786507720.302319,29.315687,-0.009500,-0.029360,-1.526840,ndi
1786507720.319768,29.333137,-0.009440,-0.029360,-1.526820,ndi
1786507720.337350,29.350718,-0.009370,-0.029380,-1.526860,ndi
1786507720.352257,29.365625,-0.009320,-0.029390,-1.526850,ndi
1786507720.369676,29.383044,-0.009250,-0.029390,-1.526800,ndi
1786507720.387137,29.400506,-0.009180,-0.029390,-1.526830,ndi
1786507720.402178,29.415546,-0.009120,-0.029410,-1.526800,ndi
1786507720.419785,29.433154,-0.009060,-0.029420,-1.526780,ndi
1786507720.437282,29.450651,-0.009010,-0.029410,-1.526780,ndi
1786507720.452270,29.465639,-0.008950,-0.029420,-1.526800,ndi
1786507720.469656,29.483025,-0.008890,-0.029440,-1.526810,ndi
1786507720.487131,29.500500,-0.008830,-0.029440,-1.526780,ndi
1786507720.502257,29.515625,-0.008770,-0.029430,-1.526800,ndi
1786507720.519818,29.533187,-0.008700,-0.029440,-1.526790,ndi
1786507720.534878,29.548246,-0.008660,-0.029460,-1.526770,ndi
1786507720.552176,29.565544,-0.008590,-0.029460,-1.526770,ndi
1786507720.569702,29.583071,-0.008510,-0.029450,-1.526780,ndi
1786507720.587196,29.600565,-0.008440,-0.029470,-1.526740,ndi
1786507720.602356,29.615725,-0.008380,-0.029490,-1.526730,ndi
1786507720.619852,29.633221,-0.008310,-0.029480,-1.526720,ndi
1786507720.637275,29.650644,-0.008250,-0.029470,-1.526700,ndi
1786507720.652300,29.665669,-0.008180,-0.029500,-1.526700,ndi
1786507720.669652,29.683020,-0.008110,-0.029520,-1.526690,ndi
1786507720.687183,29.700552,-0.008060,-0.029510,-1.526680,ndi
1786507720.702213,29.715581,-0.007990,-0.029500,-1.526690,ndi
1786507720.719845,29.733214,-0.007930,-0.029510,-1.526680,ndi
1786507720.737328,29.750696,-0.007860,-0.029530,-1.526690,ndi
1786507720.752285,29.765654,-0.007800,-0.029530,-1.526700,ndi
1786507720.769683,29.783052,-0.007720,-0.029510,-1.526650,ndi
1786507720.787148,29.800516,-0.007660,-0.029530,-1.526670,ndi
1786507720.802286,29.815655,-0.007610,-0.029550,-1.526670,ndi
1786507720.819772,29.833141,-0.007530,-0.029540,-1.526670,ndi
1786507720.837370,29.850739,-0.007470,-0.029530,-1.526690,ndi
1786507720.852274,29.865642,-0.007410,-0.029540,-1.526680,ndi
1786507720.869661,29.883029,-0.007350,-0.029570,-1.526680,ndi
1786507720.884894,29.898262,-0.007290,-0.029550,-1.526660,ndi
1786507720.902208,29.915577,-0.007220,-0.029540,-1.526670,ndi
1786507720.919875,29.933243,-0.007170,-0.029560,-1.526650,ndi
1786507720.937329,29.950697,-0.007100,-0.029570,-1.526710,ndi
1786507720.952311,29.965680,-0.007040,-0.029550,-1.526680,ndi
1786507720.969667,29.983035,-0.006980,-0.029540,-1.526660,ndi
1786507720.987162,30.000531,-0.006910,-0.029570,-1.526640,ndi
1786507721.002216,30.015585,-0.006850,-0.029580,-1.526670,ndi
1786507721.019718,30.033087,-0.006790,-0.029550,-1.526660,ndi
1786507721.037358,30.050726,-0.006730,-0.029550,-1.526660,ndi
1786507721.052276,30.065645,-0.006650,-0.029580,-1.526670,ndi
1786507721.069687,30.083056,-0.006600,-0.029590,-1.526650,ndi
1786507721.084877,30.098245,-0.006540,-0.029560,-1.526650,ndi
1786507721.102226,30.115595,-0.006470,-0.029560,-1.526610,ndi
1786507721.119721,30.133090,-0.006410,-0.029590,-1.526670,ndi
1786507721.134917,30.148286,-0.006360,-0.029590,-1.526650,ndi
1786507721.152294,30.165663,-0.006290,-0.029560,-1.526650,ndi
1786507721.169680,30.183048,-0.006230,-0.029570,-1.526670,ndi
1786507721.184783,30.198151,-0.006170,-0.029600,-1.526630,ndi
1786507721.202247,30.215616,-0.006100,-0.029590,-1.526640,ndi
1786507721.219710,30.233079,-0.006030,-0.029560,-1.526640,ndi
1786507721.237372,30.250740,-0.005950,-0.029580,-1.526680,ndi
1786507721.252256,30.265625,-0.005900,-0.029590,-1.526670,ndi
1786507721.269654,30.283023,-0.005820,-0.029580,-1.526660,ndi
1786507721.284717,30.298085,-0.005760,-0.029560,-1.526700,ndi
1786507721.302278,30.315646,-0.005700,-0.029590,-1.526660,ndi
1786507721.319752,30.333120,-0.005640,-0.029600,-1.526670,ndi
1786507721.335039,30.348408,-0.005580,-0.029580,-1.526690,ndi
1786507721.352321,30.365690,-0.005510,-0.029560,-1.526690,ndi
1786507721.369684,30.383053,-0.005450,-0.029580,-1.526710,ndi
1786507721.384923,30.398291,-0.005410,-0.029590,-1.526690,ndi
1786507721.402190,30.415559,-0.005350,-0.029570,-1.526710,ndi
1786507721.419769,30.433137,-0.005270,-0.029550,-1.526720,ndi
1786507721.437295,30.450664,-0.005210,-0.029570,-1.526740,ndi
1786507721.452335,30.465703,-0.005140,-0.029590,-1.526710,ndi
1786507721.469681,30.483049,-0.005080,-0.029560,-1.526720,ndi
1786507721.484682,30.498050,-0.005020,-0.029540,-1.526750,ndi
1786507721.502342,30.515711,-0.004950,-0.029570,-1.526770,ndi
1786507721.519785,30.533154,-0.004890,-0.029580,-1.526770,ndi
1786507721.534909,30.548277,-0.004850,-0.029550,-1.526770,ndi
1786507721.552297,30.565665,-0.004770,-0.029530,-1.526760,ndi
1786507721.569704,30.583073,-0.004710,-0.029560,-1.526780,ndi
1786507721.587216,30.600585,-0.004650,-0.029570,-1.526790,ndi
1786507721.602317,30.615686,-0.004600,-0.029530,-1.526770,ndi
1786507721.619723,30.633091,-0.004540,-0.029530,-1.526790,ndi
1786507721.637369,30.650738,-0.004470,-0.029560,-1.526810,ndi
1786507721.652291,30.665659,-0.004410,-0.029550,-1.526810,ndi
1786507721.669632,30.683001,-0.004350,-0.029510,-1.526820,ndi
1786507721.684801,30.698169,-0.004280,-0.029520,-1.526830,ndi
1786507721.702326,30.715695,-0.004210,-0.029550,-1.526850,ndi
1786507721.719767,30.733136,-0.004170,-0.029530,-1.526850,ndi
1786507721.734908,30.748276,-0.004110,-0.029490,-1.526850,ndi
1786507721.752240,30.765609,-0.004020,-0.029520,-1.526860,ndi
1786507721.769720,30.783088,-0.003970,-0.029530,-1.526880,ndi
1786507721.784816,30.798184,-0.003920,-0.029490,-1.526880,ndi
1786507721.802254,30.815623,-0.003840,-0.029480,-1.526890,ndi
1786507721.819875,30.833244,-0.003790,-0.029500,-1.526920,ndi
1786507721.837235,30.850604,-0.003710,-0.029500,-1.526910,ndi
1786507721.852329,30.865697,-0.003660,-0.029460,-1.526940,ndi
1786507721.869706,30.883075,-0.003570,-0.029470,-1.526950,ndi
1786507721.884807,30.898175,-0.003510,-0.029480,-1.526930,ndi
1786507721.902381,30.915750,-0.003440,-0.029470,-1.526980,ndi
1786507721.919883,30.933252,-0.003380,-0.029440,-1.526950,ndi
1786507721.937345,30.950713,-0.003320,-0.029450,-1.526940,ndi
1786507721.952263,30.965632,-0.003250,-0.029460,-1.527000,ndi
1786507721.969719,30.983088,-0.003200,-0.029430,-1.526980,ndi
1786507721.984808,30.998177,-0.003140,-0.029420,-1.526970,ndi
1786507722.002346,31.015714,-0.003080,-0.029430,-1.526990,ndi
1786507722.019796,31.033165,-0.003020,-0.029430,-1.527060,ndi
1786507722.037374,31.050743,-0.002950,-0.029410,-1.527050,ndi
1786507722.052311,31.065680,-0.002900,-0.029400,-1.527080,ndi
1786507722.069683,31.083052,-0.002830,-0.029410,-1.527100,ndi
1786507722.087243,31.100611,-0.002770,-0.029400,-1.527140,ndi
1786507722.102257,31.115626,-0.002700,-0.029390,-1.527130,ndi
1786507722.119879,31.133248,-0.002640,-0.029390,-1.527170,ndi
1786507722.137439,31.150808,-0.002580,-0.029390,-1.527160,ndi
1786507722.152328,31.165697,-0.002510,-0.029370,-1.527150,ndi
1786507722.169780,31.183149,-0.002460,-0.029360,-1.527150,ndi
1786507722.184810,31.198179,-0.002410,-0.029350,-1.527150,ndi
1786507722.202357,31.215725,-0.002340,-0.029350,-1.527210,ndi
1786507722.219882,31.233250,-0.002300,-0.029350,-1.527220,ndi
1786507722.234814,31.248183,-0.002230,-0.029320,-1.527240,ndi
1786507722.252306,31.265675,-0.002170,-0.029330,-1.527250,ndi
1786507722.269691,31.283060,-0.002110,-0.029320,-1.527250,ndi
1786507722.284814,31.298182,-0.002050,-0.029300,-1.527260,ndi
1786507722.302359,31.315727,-0.001980,-0.029290,-1.527290,ndi
1786507722.319936,31.333305,-0.001920,-0.029290,-1.527300,ndi
1786507722.334875,31.348243,-0.001860,-0.029280,-1.527350,ndi
1786507722.352282,31.365650,-0.001800,-0.029270,-1.527300,ndi
1786507722.369812,31.383181,-0.001740,-0.029260,-1.527350,ndi
1786507722.384847,31.398216,-0.001670,-0.029250,-1.527370,ndi
1786507722.402354,31.415722,-0.001610,-0.029240,-1.527370,ndi
1786507722.419868,31.433237,-0.001550,-0.029240,-1.527400,ndi
1786507722.437393,31.450762,-0.001480,-0.029230,-1.527430,ndi
1786507722.452353,31.465722,-0.001420,-0.029220,-1.527430,ndi
1786507722.469697,31.483066,-0.001350,-0.029210,-1.527460,ndi
1786507722.484838,31.498207,-0.001300,-0.029200,-1.527480,ndi
1786507722.502259,31.515627,-0.001240,-0.029200,-1.527470,ndi
1786507722.519881,31.533250,-0.001160,-0.029180,-1.527500,ndi
1786507722.537375,31.550743,-0.001110,-0.029170,-1.527520,ndi
1786507722.552278,31.565646,-0.001050,-0.029150,-1.527520,ndi
1786507722.569727,31.583096,-0.000990,-0.029150,-1.527540,ndi
1786507722.584946,31.598315,-0.000940,-0.029140,-1.527550,ndi
1786507722.602325,31.615694,-0.000880,-0.029120,-1.527570,ndi
1786507722.619827,31.633195,-0.000810,-0.029120,-1.527610,ndi
1786507722.634826,31.648195,-0.000770,-0.029110,-1.527590,ndi
1786507722.652266,31.665635,-0.000710,-0.029100,-1.527660,ndi
1786507722.669690,31.683059,-0.000640,-0.029080,-1.527640,ndi
1786507722.684811,31.698180,-0.000590,-0.029070,-1.527660,ndi
1786507722.702310,31.715678,-0.000540,-0.029070,-1.527700,ndi
1786507722.719817,31.733186,-0.000470,-0.029050,-1.527720,ndi
1786507722.734956,31.748324,-0.000410,-0.029030,-1.527750,ndi
1786507722.752346,31.765714,-0.000360,-0.029030,-1.527760,ndi
1786507722.769681,31.783050,-0.000290,-0.029030,-1.527760,ndi
1786507722.784819,31.798187,-0.000250,-0.029010,-1.527810,ndi
1786507722.802310,31.815679,-0.000190,-0.028990,-1.527820,ndi
1786507722.819890,31.833259,-0.000130,-0.028980,-1.527860,ndi
1786507722.837405,31.850774,-0.000070,-0.028980,-1.527890,ndi
1786507722.852359,31.865727,-0.000020,-0.028960,-1.527930,ndi
1786507722.869695,31.883064,0.000040,-0.028940,-1.527960,ndi
1786507722.887194,31.900562,0.000090,-0.028940,-1.527970,ndi
1786507722.902405,31.915773,0.000140,-0.028930,-1.527980,ndi
1786507722.919886,31.933255,0.000200,-0.028900,-1.528030,ndi
1786507722.937372,31.950741,0.000260,-0.028880,-1.528020,ndi
1786507722.952405,31.965774,0.000310,-0.028890,-1.528070,ndi
1786507722.969679,31.983047,0.000370,-0.028880,-1.528100,ndi
1786507722.984832,31.998200,0.000430,-0.028850,-1.528090,ndi
1786507723.002358,32.015727,0.000500,-0.028830,-1.528150,ndi
1786507723.019878,32.033247,0.000560,-0.028830,-1.528170,ndi
1786507723.037427,32.050795,0.000630,-0.028810,-1.528210,ndi
1786507723.052323,32.065691,0.000690,-0.028790,-1.528220,ndi
1786507723.069714,32.083083,0.000740,-0.028770,-1.528220,ndi
1786507723.084800,32.098168,0.000790,-0.028770,-1.528240,ndi
1786507723.102304,32.115673,0.000860,-0.028740,-1.528270,ndi
1786507723.119842,32.133211,0.000910,-0.028720,-1.528280,ndi
1786507723.137255,32.150624,0.000970,-0.028710,-1.528310,ndi
1786507723.152388,32.165757,0.001020,-0.028710,-1.528320,ndi
1786507723.169647,32.183015,0.001080,-0.028680,-1.528380,ndi
1786507723.184812,32.198180,0.001130,-0.028660,-1.528410,ndi
1786507723.202299,32.215667,0.001190,-0.028640,-1.528430,ndi
1786507723.219840,32.233208,0.001250,-0.028640,-1.528450,ndi
1786507723.237258,32.250627,0.001310,-0.028610,-1.528500,ndi
1786507723.252251,32.265620,0.001350,-0.028600,-1.528460,ndi
1786507723.269698,32.283067,0.001410,-0.028590,-1.528500,ndi
1786507723.284798,32.298167,0.001470,-0.028580,-1.528540,ndi
1786507723.302252,32.315621,0.001520,-0.028550,-1.528570,ndi
1786507723.319897,32.333266,0.001590,-0.028520,-1.528600,ndi
1786507723.334917,32.348286,0.001630,-0.028520,-1.528630,ndi
1786507723.352365,32.365733,0.001690,-0.028510,-1.528660,ndi
1786507723.369688,32.383056,0.001740,-0.028480,-1.528680,ndi
1786507723.384809,32.398178,0.001780,-0.028470,-1.528710,ndi
1786507723.402301,32.415669,0.001840,-0.028450,-1.528720,ndi
1786507723.419842,32.433210,0.001890,-0.028440,-1.528760,ndi
1786507723.434936,32.448305,0.001940,-0.028420,-1.528770,ndi
1786507723.452366,32.465734,0.002000,-0.028400,-1.528780,ndi
1786507723.469673,32.483042,0.002050,-0.028390,-1.528810,ndi
1786507723.487183,32.500552,0.002110,-0.028380,-1.528870,ndi
1786507723.502350,32.515718,0.002160,-0.028350,-1.528870,ndi
1786507723.519846,32.533215,0.002210,-0.028330,-1.528900,ndi
1786507723.537360,32.550729,0.002270,-0.028330,-1.528920,ndi
1786507723.552334,32.565702,0.002310,-0.028320,-1.528950,ndi
1786507723.569674,32.583043,0.002380,-0.028270,-1.529010,ndi
1786507723.584821,32.598190,0.002410,-0.028260,-1.529020,ndi
1786507723.602417,32.615786,0.002480,-0.028240,-1.529090,ndi
1786507723.619801,32.633170,0.002540,-0.028230,-1.529120,ndi
1786507723.637288,32.650657,0.002590,-0.028200,-1.529150,ndi
1786507723.652349,32.665717,0.002640,-0.028190,-1.529200,ndi
1786507723.669718,32.683086,0.002700,-0.028180,-1.529210,ndi
1786507723.687212,32.700581,0.002760,-0.028150,-1.529220,ndi
1786507723.702364,32.715733,0.002810,-0.028130,-1.529310,ndi
1786507723.719801,32.733170,0.002850,-0.028110,-1.529330,ndi
1786507723.734995,32.748363,0.002910,-0.028090,-1.529330,ndi
1786507723.752276,32.765645,0.002960,-0.028060,-1.529400,ndi
1786507723.769697,32.783066,0.003030,-0.028040,-1.529440,ndi
1786507723.784830,32.798199,0.003060,-0.028030,-1.529450,ndi
1786507723.802231,32.815599,0.003130,-0.028010,-1.529510,ndi
1786507723.819810,32.833179,0.003190,-0.027990,-1.529540,ndi
1786507723.837376,32.850744,0.003220,-0.027970,-1.529570,ndi
1786507723.852344,32.865712,0.003270,-0.027960,-1.529600,ndi
1786507723.869729,32.883098,0.003330,-0.027930,-1.529630,ndi
1786507723.884806,32.898175,0.003370,-0.027910,-1.529670,ndi
1786507723.902322,32.915691,0.003430,-0.027890,-1.529720,ndi
1786507723.919798,32.933166,0.003470,-0.027880,-1.529770,ndi
1786507723.937316,32.950685,0.003510,-0.027840,-1.529740,ndi
1786507723.952369,32.965737,0.003570,-0.027820,-1.529790,ndi
1786507723.969688,32.983057,0.003610,-0.027810,-1.529860,ndi
1786507723.984864,32.998233,0.003660,-0.027790,-1.529870,ndi
1786507724.002301,33.015670,0.003710,-0.027770,-1.529920,ndi
1786507724.019783,33.033152,0.003750,-0.027740,-1.529940,ndi
1786507724.035061,33.048429,0.003800,-0.027730,-1.530010,ndi
1786507724.052317,33.065686,0.003860,-0.027710,-1.530010,ndi
1786507724.069715,33.083083,0.003900,-0.027690,-1.530000,ndi
1786507724.084877,33.098246,0.003950,-0.027670,-1.530080,ndi
1786507724.102279,33.115648,0.004010,-0.027650,-1.530090,ndi
1786507724.119972,33.133340,0.004040,-0.027630,-1.530140,ndi
1786507724.134981,33.148350,0.004090,-0.027610,-1.530160,ndi
1786507724.152286,33.165655,0.004140,-0.027580,-1.530230,ndi
1786507724.169707,33.183075,0.004190,-0.027560,-1.530280,ndi
1786507724.184913,33.198282,0.004240,-0.027540,-1.530270,ndi
1786507724.202440,33.215809,0.004290,-0.027520,-1.530330,ndi
1786507724.219952,33.233321,0.004340,-0.027480,-1.530360,ndi
1786507724.237296,33.250665,0.004390,-0.027450,-1.530410,ndi
1786507724.252366,33.265734,0.004440,-0.027440,-1.530440,ndi
1786507724.269731,33.283100,0.004490,-0.027420,-1.530460,ndi
1786507724.284900,33.298269,0.004540,-0.027380,-1.530470,ndi
1786507724.302244,33.315613,0.004570,-0.027350,-1.530530,ndi
1786507724.319764,33.333133,0.004630,-0.027340,-1.530590,ndi
1786507724.337227,33.350596,0.004690,-0.027320,-1.530590,ndi
1786507724.352337,33.365705,0.004720,-0.027280,-1.530650,ndi
1786507724.369704,33.383072,0.004770,-0.027260,-1.530720,ndi
1786507724.384956,33.398325,0.004820,-0.027240,-1.530740,ndi
1786507724.402358,33.415726,0.004860,-0.027220,-1.530800,ndi
1786507724.419807,33.433176,0.004900,-0.027190,-1.530830,ndi
1786507724.435140,33.448509,0.004960,-0.027170,-1.530860,ndi
1786507724.452334,33.465703,0.005010,-0.027150,-1.530930,ndi
1786507724.469757,33.483125,0.005040,-0.027120,-1.530940,ndi
1786507724.484777,33.498146,0.005090,-0.027100,-1.530970,ndi
1786507724.502260,33.515629,0.005120,-0.027060,-1.531000,ndi
1786507724.519790,33.533159,0.005170,-0.027050,-1.531040,ndi
1786507724.534877,33.548245,0.005220,-0.027030,-1.531070,ndi
1786507724.552352,33.565721,0.005260,-0.027000,-1.531100,ndi
1786507724.569744,33.583112,0.005300,-0.026960,-1.531150,ndi
1786507724.584816,33.598185,0.005350,-0.026950,-1.531160,ndi
1786507724.602387,33.615756,0.005400,-0.026930,-1.531230,ndi
1786507724.619826,33.633195,0.005450,-0.026910,-1.531290,ndi
1786507724.637311,33.650679,0.005490,-0.026860,-1.531300,ndi
1786507724.652391,33.665760,0.005530,-0.026840,-1.531340,ndi
1786507724.669746,33.683114,0.005580,-0.026830,-1.531390,ndi
1786507724.684891,33.698260,0.005620,-0.026800,-1.531420,ndi
1786507724.702259,33.715627,0.005660,-0.026770,-1.531460,ndi
1786507724.719836,33.733205,0.005690,-0.026740,-1.531470,ndi
1786507724.734879,33.748248,0.005720,-0.026730,-1.531520,ndi
1786507724.752443,33.765812,0.005770,-0.026700,-1.531600,ndi
1786507724.769749,33.783118,0.005830,-0.026660,-1.531620,ndi
1786507724.784846,33.798215,0.005860,-0.026640,-1.531690,ndi
1786507724.802289,33.815658,0.005920,-0.026620,-1.531750,ndi
1786507724.819805,33.833174,0.005960,-0.026570,-1.531760,ndi
1786507724.834871,33.848240,0.005990,-0.026550,-1.531820,ndi
1786507724.852283,33.865652,0.006050,-0.026520,-1.531880,ndi
1786507724.869751,33.883120,0.006100,-0.026490,-1.531920,ndi
1786507724.884990,33.898359,0.006110,-0.026460,-1.531950,ndi
1786507724.902303,33.915671,0.006170,-0.026430,-1.531990,ndi
1786507724.919772,33.933141,0.006230,-0.026400,-1.532080,ndi
1786507724.934846,33.948215,0.006260,-0.026370,-1.532110,ndi
1786507724.952205,33.965573,0.006310,-0.026340,-1.532170,ndi
1786507724.969763,33.983132,0.006350,-0.026310,-1.532160,ndi
1786507724.984859,33.998227,0.006390,-0.026290,-1.532200,ndi
1786507725.002268,34.015637,0.006440,-0.026250,-1.532260,ndi
1786507725.019754,34.033123,0.006480,-0.026230,-1.532300,ndi
1786507725.034823,34.048191,0.006510,-0.026210,-1.532340,ndi
1786507725.052281,34.065649,0.006550,-0.026170,-1.532420,ndi
1786507725.069791,34.083160,0.006590,-0.026140,-1.532430,ndi
1786507725.084861,34.098229,0.006610,-0.026120,-1.532430,ndi
1786507725.102283,34.115652,0.006670,-0.026100,-1.532490,ndi
1786507725.119704,34.133073,0.006700,-0.026050,-1.532540,ndi
1786507725.134836,34.148205,0.006730,-0.026020,-1.532570,ndi
1786507725.152270,34.165638,0.006770,-0.026010,-1.532680,ndi
1786507725.169751,34.183120,0.006810,-0.025980,-1.532710,ndi
1786507725.184842,34.198210,0.006850,-0.025950,-1.532730,ndi
1786507725.202222,34.215590,0.006890,-0.025910,-1.532760,ndi
1786507725.219776,34.233144,0.006920,-0.025890,-1.532850,ndi
1786507725.234869,34.248238,0.006980,-0.025870,-1.532870,ndi
1786507725.252251,34.265620,0.006990,-0.025820,-1.532940,ndi
1786507725.269759,34.283128,0.007020,-0.025800,-1.532970,ndi
1786507725.284842,34.298211,0.007070,-0.025780,-1.533010,ndi
1786507725.302335,34.315704,0.007100,-0.025750,-1.533080,ndi
1786507725.319863,34.333232,0.007130,-0.025710,-1.533100,ndi
1786507725.337363,34.350731,0.007180,-0.025680,-1.533170,ndi
1786507725.352355,34.365724,0.007210,-0.025650,-1.533210,ndi
1786507725.369761,34.383130,0.007250,-0.025620,-1.533270,ndi
1786507725.384841,34.398209,0.007290,-0.025590,-1.533290,ndi
1786507725.402339,34.415708,0.007320,-0.025560,-1.533370,ndi
1786507725.419882,34.433250,0.007370,-0.025520,-1.533390,ndi
1786507725.435014,34.448382,0.007400,-0.025490,-1.533440,ndi
1786507725.452386,34.465755,0.007440,-0.025460,-1.533510,ndi
1786507725.469748,34.483117,0.007450,-0.025430,-1.533510,ndi
1786507725.484828,34.498197,0.007500,-0.025410,-1.533630,ndi
1786507725.502285,34.515653,0.007540,-0.025370,-1.533680,ndi
1786507725.519840,34.533208,0.007560,-0.025330,-1.533790,ndi
1786507725.537342,34.550711,0.007610,-0.025290,-1.533810,ndi
1786507725.552384,34.565752,0.007640,-0.025260,-1.533860,ndi
1786507725.569732,34.583101,0.007680,-0.025220,-1.533920,ndi
1786507725.584840,34.598208,0.007710,-0.025190,-1.533970,ndi
1786507725.602286,34.615654,0.007740,-0.025160,-1.534010,ndi
1786507725.619757,34.633125,0.007770,-0.025130,-1.534060,ndi
1786507725.637388,34.650756,0.007810,-0.025090,-1.534100,ndi
1786507725.652329,34.665698,0.007830,-0.025060,-1.534160,ndi
1786507725.669773,34.683141,0.007850,-0.025030,-1.534200,ndi
1786507725.687218,34.700586,0.007900,-0.024990,-1.534230,ndi
1786507725.702255,34.715623,0.007930,-0.024960,-1.534290,ndi
1786507725.719951,34.733319,0.007960,-0.024930,-1.534320,ndi
1786507725.737272,34.750641,0.007990,-0.024900,-1.534390,ndi
1786507725.752378,34.765746,0.008000,-0.024870,-1.534430,ndi
1786507725.769767,34.783136,0.008050,-0.024830,-1.534510,ndi
1786507725.787305,34.800674,0.008090,-0.024800,-1.534570,ndi
1786507725.802314,34.815683,0.008110,-0.024780,-1.534600,ndi
1786507725.819810,34.833179,0.008140,-0.024740,-1.534660,ndi
1786507725.837461,34.850830,0.008170,-0.024700,-1.534720,ndi
1786507725.852418,34.865786,0.008190,-0.024680,-1.534760,ndi
1786507725.869763,34.883132,0.008220,-0.024650,-1.534820,ndi
1786507725.884860,34.898228,0.008250,-0.024610,-1.534910,ndi
1786507725.902284,34.915653,0.008280,-0.024570,-1.534940,ndi
1786507725.919816,34.933185,0.008300,-0.024550,-1.535000,ndi
1786507725.934858,34.948227,0.008330,-0.024510,-1.535040,ndi
1786507725.952420,34.965788,0.008360,-0.024470,-1.535120,ndi
1786507725.969774,34.983143,0.008390,-0.024440,-1.535170,ndi
1786507725.984872,34.998241,0.008410,-0.024410,-1.535220,ndi
1786507726.002350,35.015718,0.008440,-0.024360,-1.535250,ndi
1786507726.019953,35.033322,0.008480,-0.024320,-1.535320,ndi
1786507726.035212,35.048580,0.008490,-0.024300,-1.535370,ndi
1786507726.052396,35.065765,0.008540,-0.024270,-1.535440,ndi
1786507726.069800,35.083168,0.008550,-0.024220,-1.535480,ndi
1786507726.087293,35.100661,0.008580,-0.024170,-1.535540,ndi
1786507726.102406,35.115774,0.008610,-0.024150,-1.535590,ndi
1786507726.119917,35.133286,0.008620,-0.024110,-1.535680,ndi
1786507726.137468,35.150836,0.008660,-0.024060,-1.535750,ndi
1786507726.152402,35.165771,0.008700,-0.024030,-1.535780,ndi
1786507726.169831,35.183200,0.008710,-0.024010,-1.535870,ndi
1786507726.184874,35.198243,0.008740,-0.023970,-1.535920,ndi
1786507726.202339,35.215708,0.008760,-0.023910,-1.536010,ndi
1786507726.219846,35.233215,0.008790,-0.023880,-1.536080,ndi
1786507726.235157,35.248525,0.008810,-0.023860,-1.536090,ndi
1786507726.252395,35.265764,0.008820,-0.023820,-1.536130,ndi
1786507726.269770,35.283139,0.008850,-0.023770,-1.536200,ndi
1786507726.284890,35.298259,0.008870,-0.023750,-1.536260,ndi
1786507726.302425,35.315794,0.008900,-0.023730,-1.536310,ndi
1786507726.319868,35.333236,0.008920,-0.023680,-1.536360,ndi
1786507726.337463,35.350832,0.008950,-0.023630,-1.536410,ndi
1786507726.352403,35.365772,0.008960,-0.023610,-1.536470,ndi
1786507726.369796,35.383165,0.008980,-0.023570,-1.536510,ndi
1786507726.384799,35.398167,0.009010,-0.023530,-1.536560,ndi
1786507726.402379,35.415748,0.009020,-0.023490,-1.536590,ndi
1786507726.419878,35.433247,0.009040,-0.023460,-1.536680,ndi
1786507726.435005,35.448374,0.009060,-0.023430,-1.536740,ndi
1786507726.452405,35.465774,0.009070,-0.023380,-1.536780,ndi
1786507726.469811,35.483180,0.009100,-0.023340,-1.536870,ndi
1786507726.484843,35.498212,0.009110,-0.023310,-1.536900,ndi
1786507726.502378,35.515747,0.009130,-0.023280,-1.536980,ndi
1786507726.519802,35.533170,0.009150,-0.023240,-1.537060,ndi
1786507726.534924,35.548292,0.009170,-0.023200,-1.537080,ndi
1786507726.552413,35.565782,0.009190,-0.023160,-1.537150,ndi
1786507726.569779,35.583147,0.009210,-0.023130,-1.537230,ndi
1786507726.587242,35.600610,0.009230,-0.023090,-1.537250,ndi
1786507726.602380,35.615749,0.009240,-0.023060,-1.537340,ndi
1786507726.619776,35.633145,0.009260,-0.023010,-1.537390,ndi
1786507726.635097,35.648466,0.009280,-0.022980,-1.537430,ndi
1786507726.652439,35.665807,0.009280,-0.022940,-1.537520,ndi
1786507726.669764,35.683132,0.009300,-0.022890,-1.537570,ndi
1786507726.687257,35.700625,0.009320,-0.022850,-1.537650,ndi
1786507726.702317,35.715686,0.009330,-0.022830,-1.537710,ndi
1786507726.720002,35.733370,0.009350,-0.022770,-1.537810,ndi
1786507726.735055,35.748424,0.009370,-0.022720,-1.537850,ndi
1786507726.752424,35.765793,0.009380,-0.022700,-1.537930,ndi
1786507726.769782,35.783150,0.009400,-0.022650,-1.537980,ndi
1786507726.784851,35.798219,0.009410,-0.022600,-1.537990,ndi
1786507726.802319,35.815688,0.009430,-0.022560,-1.538100,ndi
1786507726.819824,35.833193,0.009440,-0.022540,-1.538130,ndi
1786507726.834997,35.848365,0.009430,-0.022490,-1.538190,ndi
1786507726.852404,35.865772,0.009460,-0.022450,-1.538220,ndi
1786507726.869765,35.883134,0.009470,-0.022420,-1.538300,ndi
1786507726.884823,35.898192,0.009480,-0.022380,-1.538360,ndi
1786507726.902347,35.915715,0.009490,-0.022330,-1.538410,ndi
1786507726.919844,35.933213,0.009500,-0.022290,-1.538440,ndi
1786507726.937375,35.950743,0.009520,-0.022250,-1.538530,ndi
1786507726.952379,35.965748,0.009530,-0.022210,-1.538600,ndi
1786507726.969767,35.983136,0.009550,-0.022170,-1.538640,ndi
1786507726.984810,35.998178,0.009550,-0.022140,-1.538680,ndi
1786507727.002330,36.015698,0.009560,-0.022100,-1.538790,ndi
1786507727.019893,36.033261,0.009580,-0.022050,-1.538870,ndi
1786507727.037499,36.050868,0.009570,-0.022000,-1.538910,ndi
1786507727.052458,36.065826,0.009580,-0.021970,-1.538990,ndi
1786507727.069777,36.083145,0.009590,-0.021940,-1.539030,ndi
1786507727.084825,36.098193,0.009600,-0.021900,-1.539070,ndi
1786507727.102278,36.115646,0.009600,-0.021860,-1.539140,ndi
1786507727.119847,36.133215,0.009610,-0.021820,-1.539180,ndi
1786507727.137500,36.150868,0.009640,-0.021780,-1.539260,ndi
1786507727.152483,36.165851,0.009630,-0.021730,-1.539300,ndi
1786507727.169858,36.183226,0.009640,-0.021690,-1.539380,ndi
1786507727.187279,36.200648,0.009650,-0.021660,-1.539450,ndi
1786507727.202430,36.215799,0.009660,-0.021610,-1.539510,ndi
1786507727.219960,36.233328,0.009660,-0.021570,-1.539600,ndi
1786507727.237500,36.250869,0.009660,-0.021520,-1.539650,ndi
1786507727.252431,36.265800,0.009670,-0.021480,-1.539730,ndi
1786507727.269764,36.283133,0.009660,-0.021440,-1.539760,ndi
1786507727.284852,36.298220,0.009670,-0.021390,-1.539820,ndi
1786507727.302386,36.315755,0.009670,-0.021330,-1.539900,ndi
1786507727.319865,36.333234,0.009680,-0.021300,-1.539950,ndi
1786507727.334944,36.348312,0.009690,-0.021260,-1.540020,ndi
1786507727.352311,36.365680,0.009690,-0.021210,-1.540070,ndi
1786507727.369783,36.383152,0.009690,-0.021160,-1.540140,ndi
1786507727.387278,36.400647,0.009700,-0.021120,-1.540240,ndi
1786507727.402330,36.415699,0.009690,-0.021090,-1.540290,ndi
1786507727.419844,36.433213,0.009680,-0.021030,-1.540290,ndi
1786507727.434927,36.448295,0.009690,-0.020990,-1.540380,ndi
1786507727.452348,36.465717,0.009690,-0.020960,-1.540460,ndi
1786507727.469762,36.483131,0.009690,-0.020920,-1.540560,ndi
1786507727.484824,36.498193,0.009690,-0.020870,-1.540650,ndi
1786507727.502343,36.515712,0.009690,-0.020830,-1.540700,ndi
1786507727.519861,36.533230,0.009700,-0.020800,-1.540730,ndi
1786507727.534952,36.548321,0.009690,-0.020750,-1.540770,ndi
1786507727.552440,36.565809,0.009690,-0.020700,-1.540880,ndi
1786507727.569780,36.583148,0.009690,-0.020650,-1.540890,ndi
1786507727.587285,36.600654,0.009680,-0.020620,-1.541010,ndi
1786507727.602394,36.615762,0.009680,-0.020570,-1.541040,ndi
1786507727.620007,36.633376,0.009660,-0.020520,-1.541080,ndi
1786507727.637441,36.650810,0.009670,-0.020480,-1.541180,ndi
1786507727.652375,36.665744,0.009670,-0.020450,-1.541240,ndi
1786507727.669754,36.683122,0.009660,-0.020400,-1.541310,ndi
1786507727.684881,36.698250,0.009670,-0.020360,-1.541350,ndi
1786507727.702391,36.715759,0.009650,-0.020320,-1.541410,ndi
1786507727.719850,36.733218,0.009650,-0.020270,-1.541450,ndi
1786507727.737338,36.750706,0.009660,-0.020220,-1.541510,ndi
1786507727.752410,36.765779,0.009630,-0.020190,-1.541580,ndi
1786507727.769815,36.783184,0.009640,-0.020140,-1.541710,ndi
1786507727.787303,36.800671,0.009630,-0.020090,-1.541730,ndi
1786507727.802330,36.815699,0.009630,-0.020050,-1.541780,ndi
1786507727.819832,36.833200,0.009610,-0.020000,-1.541870,ndi
1786507727.837322,36.850691,0.009590,-0.019950,-1.541920,ndi
1786507727.852399,36.865768,0.009600,-0.019910,-1.541960,ndi
1786507727.869750,36.883119,0.009570,-0.019870,-1.541990,ndi
1786507727.884856,36.898224,0.009570,-0.019820,-1.542100,ndi
1786507727.902345,36.915713,0.009560,-0.019760,-1.542110,ndi
1786507727.919875,36.933244,0.009550,-0.019720,-1.542210,ndi
1786507727.937327,36.950696,0.009550,-0.019680,-1.542280,ndi
1786507727.952397,36.965765,0.009540,-0.019640,-1.542330,ndi
1786507727.969811,36.983180,0.009520,-0.019570,-1.542420,ndi
1786507727.984850,36.998219,0.009510,-0.019530,-1.542480,ndi
1786507728.002361,37.015730,0.009490,-0.019490,-1.542580,ndi
1786507728.019838,37.033206,0.009490,-0.019440,-1.542640,ndi
1786507728.035069,37.048438,0.009460,-0.019390,-1.542690,ndi
1786507728.052421,37.065789,0.009430,-0.019340,-1.542750,ndi
1786507728.069786,37.083155,0.009420,-0.019300,-1.542790,ndi
1786507728.084817,37.098185,0.009410,-0.019250,-1.542850,ndi
1786507728.102555,37.115924,0.009420,-0.019210,-1.542900,ndi
1786507728.120043,37.133412,0.009380,-0.019150,-1.542960,ndi
1786507728.137572,37.150941,0.009360,-0.019110,-1.542990,ndi
1786507728.152421,37.165790,0.009350,-0.019070,-1.543020,ndi
1786507728.169799,37.183168,0.009320,-0.019020,-1.543130,ndi
1786507728.184876,37.198245,0.009330,-0.018970,-1.543180,ndi
1786507728.202434,37.215802,0.009280,-0.018930,-1.543220,ndi
1786507728.220018,37.233386,0.009260,-0.018870,-1.543300,ndi
1786507728.237391,37.250760,0.009250,-0.018820,-1.543400,ndi
1786507728.252369,37.265738,0.009230,-0.018780,-1.543410,ndi
1786507728.269789,37.283158,0.009220,-0.018740,-1.543470,ndi
1786507728.287296,37.300664,0.009190,-0.018680,-1.543490,ndi
1786507728.302359,37.315727,0.009170,-0.018630,-1.543500,ndi
1786507728.319904,37.333272,0.009160,-0.018580,-1.543610,ndi
1786507728.335074,37.348443,0.009140,-0.018540,-1.543650,ndi
1786507728.352453,37.365822,0.009120,-0.018500,-1.543700,ndi
1786507728.369809,37.383178,0.009080,-0.018440,-1.543780,ndi
1786507728.384862,37.398230,0.009060,-0.018400,-1.543800,ndi
1786507728.402379,37.415747,0.009040,-0.018360,-1.543840,ndi
1786507728.420007,37.433375,0.009010,-0.018300,-1.543930,ndi
1786507728.437366,37.450734,0.008970,-0.018230,-1.543990,ndi
1786507728.452342,37.465710,0.008930,-0.018190,-1.544050,ndi
1786507728.469822,37.483191,0.008920,-0.018150,-1.544060,ndi
1786507728.484879,37.498247,0.008900,-0.018090,-1.544130,ndi
1786507728.502558,37.515927,0.008860,-0.018020,-1.544130,ndi
1786507728.520204,37.533572,0.008820,-0.017980,-1.544220,ndi
1786507728.537525,37.550893,0.008790,-0.017930,-1.544260,ndi
1786507728.552428,37.565797,0.008780,-0.017870,-1.544350,ndi
1786507728.569829,37.583198,0.008750,-0.017810,-1.544400,ndi
1786507728.584843,37.598212,0.008700,-0.017780,-1.544430,ndi
1786507728.602396,37.615765,0.008660,-0.017720,-1.544490,ndi
1786507728.620103,37.633472,0.008630,-0.017650,-1.544560,ndi
1786507728.637455,37.650824,0.008590,-0.017600,-1.544600,ndi
1786507728.652334,37.665703,0.008570,-0.017570,-1.544650,ndi
1786507728.669818,37.683187,0.008520,-0.017500,-1.544720,ndi
1786507728.684838,37.698207,0.008480,-0.017430,-1.544760,ndi
1786507728.702390,37.715758,0.008470,-0.017380,-1.544780,ndi
1786507728.719912,37.733281,0.008430,-0.017350,-1.544830,ndi
1786507728.734966,37.748335,0.008390,-0.017270,-1.544850,ndi
1786507728.752450,37.765818,0.008350,-0.017200,-1.544930,ndi
1786507728.769848,37.783216,0.008300,-0.017170,-1.544990,ndi
1786507728.784860,37.798229,0.008260,-0.017130,-1.545040,ndi
1786507728.802456,37.815825,0.008220,-0.017050,-1.545110,ndi
1786507728.819929,37.833297,0.008170,-0.016990,-1.545160,ndi
1786507728.834998,37.848367,0.008120,-0.016950,-1.545210,ndi
1786507728.852396,37.865764,0.008090,-0.016880,-1.545270,ndi
1786507728.869805,37.883173,0.008040,-0.016820,-1.545350,ndi
1786507728.884850,37.898219,0.008010,-0.016770,-1.545420,ndi
1786507728.902373,37.915741,0.007950,-0.016720,-1.545440,ndi
1786507728.919960,37.933329,0.007890,-0.016640,-1.545570,ndi
1786507728.937514,37.950883,0.007840,-0.016580,-1.545610,ndi
1786507728.952493,37.965861,0.007810,-0.016540,-1.545640,ndi
1786507728.969828,37.983196,0.007750,-0.016480,-1.545690,ndi
1786507728.984846,37.998215,0.007690,-0.016400,-1.545710,ndi
1786507729.002467,38.015836,0.007650,-0.016340,-1.545770,ndi
1786507729.020023,38.033391,0.007580,-0.016300,-1.545840,ndi
1786507729.035000,38.048369,0.007540,-0.016240,-1.545890,ndi
1786507729.052419,38.065788,0.007490,-0.016130,-1.545970,ndi
1786507729.069824,38.083193,0.007410,-0.016070,-1.546010,ndi
1786507729.084849,38.098217,0.007370,-0.016040,-1.546070,ndi
1786507729.102329,38.115697,0.007290,-0.015960,-1.546110,ndi
1786507729.119860,38.133228,0.007220,-0.015870,-1.546190,ndi
1786507729.134888,38.148257,0.007170,-0.015810,-1.546250,ndi
1786507729.152411,38.165780,0.007090,-0.015760,-1.546320,ndi
1786507729.169849,38.183217,0.007010,-0.015650,-1.546390,ndi
1786507729.184852,38.198221,0.006950,-0.015570,-1.546420,ndi
1786507729.202441,38.215810,0.006870,-0.015520,-1.546490,ndi
1786507729.219848,38.233217,0.006760,-0.015450,-1.546530,ndi
1786507729.234893,38.248261,0.006700,-0.015370,-1.546560,ndi
1786507729.252353,38.265722,0.006630,-0.015270,-1.546630,ndi
1786507729.269853,38.283222,0.006550,-0.015190,-1.546730,ndi
1786507729.284888,38.298257,0.006460,-0.015130,-1.546810,ndi
1786507729.302382,38.315750,0.006320,-0.015020,-1.546840,ndi
1786507729.319887,38.333256,0.006220,-0.014910,-1.546940,ndi
1786507729.337474,38.350843,0.006130,-0.014830,-1.547010,ndi
1786507729.352351,38.365720,0.006000,-0.014760,-1.547050,ndi
1786507729.369825,38.383193,0.005850,-0.014610,-1.547170,ndi
1786507729.387326,38.400694,0.005700,-0.014470,-1.547280,ndi
1786507729.402403,38.415771,0.005540,-0.014360,-1.547350,ndi
1786507729.420016,38.433384,0.005330,-0.014210,-1.547470,ndi
1786507729.437497,38.450866,0.005130,-0.014040,-1.547530,ndi
1786507729.452459,38.465828,0.004950,-0.013910,-1.547600,ndi
1786507729.469846,38.483214,0.004730,-0.013770,-1.547730,ndi
1786507729.487328,38.500697,0.004500,-0.013610,-1.547800,ndi
1786507729.502538,38.515907,0.004280,-0.013440,-1.547970,ndi
1786507729.520022,38.533391,0.003990,-0.013250,-1.548160,ndi
1786507729.535308,38.548676,0.003710,-0.013100,-1.548300,ndi
1786507729.552484,38.565853,0.003370,-0.012890,-1.548540,ndi
1786507729.569796,38.583165,0.003060,-0.012690,-1.548780,ndi
1786507729.584865,38.598233,0.002780,-0.012530,-1.549000,ndi
1786507729.602463,38.615832,0.002490,-0.012390,-1.549240,ndi
1786507729.619887,38.633255,0.002210,-0.012220,-1.549450,ndi
1786507729.637555,38.650924,0.001710,-0.011900,-1.549930,ndi
1786507729.652448,38.665816,0.001390,-0.011710,-1.550250,ndi
1786507729.669816,38.683185,0.001000,-0.011530,-1.550550,ndi
1786507729.684854,38.698222,0.000790,-0.011430,-1.550690,ndi
1786507729.702428,38.715796,0.000640,-0.011320,-1.550790,ndi
1786507729.719977,38.733346,0.000500,-0.011270,-1.550930,ndi
1786507729.734933,38.748302,0.000390,-0.011220,-1.551000,ndi
1786507729.752331,38.765700,0.000280,-0.011150,-1.551130,ndi
1786507729.769808,38.783176,0.000140,-0.011080,-1.551180,ndi
1786507729.784857,38.798225,0.000040,-0.011050,-1.551250,ndi
1786507729.802337,38.815705,-0.000050,-0.011010,-1.551340,ndi
1786507729.819855,38.833223,-0.000150,-0.010960,-1.551410,ndi
1786507729.837444,38.850812,-0.000240,-0.010930,-1.551460,ndi
1786507729.852490,38.865859,-0.000300,-0.010910,-1.551500,ndi
1786507729.869814,38.883182,-0.000390,-0.010860,-1.551550,ndi
1786507729.884855,38.898223,-0.000470,-0.010830,-1.551600,ndi
1786507729.902507,38.915876,-0.000540,-0.010810,-1.551650,ndi
1786507729.920022,38.933391,-0.000650,-0.010790,-1.551690,ndi
1786507729.935253,38.948622,-0.000730,-0.010760,-1.551700,ndi
1786507729.952428,38.965796,-0.000800,-0.010730,-1.551740,ndi
1786507729.969867,38.983236,-0.000890,-0.010700,-1.551790,ndi
1786507729.984908,38.998277,-0.000970,-0.010680,-1.551860,ndi
1786507730.002361,39.015730,-0.001060,-0.010640,-1.551930,ndi
1786507730.019847,39.033216,-0.001150,-0.010620,-1.551960,ndi
1786507730.035236,39.048604,-0.001200,-0.010610,-1.551980,ndi
1786507730.052466,39.065835,-0.001270,-0.010590,-1.552030,ndi
1786507730.069853,39.083221,-0.001370,-0.010530,-1.552080,ndi
1786507730.084870,39.098238,-0.001430,-0.010520,-1.552130,ndi
1786507730.102392,39.115760,-0.001530,-0.010530,-1.552110,ndi
1786507730.120044,39.133413,-0.001610,-0.010480,-1.552160,ndi
1786507730.137539,39.150908,-0.001690,-0.010450,-1.552220,ndi
1786507730.152445,39.165813,-0.001780,-0.010450,-1.552180,ndi
1786507730.169832,39.183200,-0.001870,-0.010430,-1.552260,ndi
1786507730.186296,39.199665,-0.001940,-0.010400,-1.552280,ndi
1786507730.202337,39.215706,-0.002020,-0.010360,-1.552300,ndi
1786507730.219893,39.233262,-0.002090,-0.010370,-1.552340,ndi
1786507730.235091,39.248460,-0.002170,-0.010360,-1.552370,ndi
1786507730.252342,39.265711,-0.002250,-0.010330,-1.552380,ndi
1786507730.269807,39.283175,-0.002310,-0.010290,-1.552390,ndi
1786507730.287328,39.300696,-0.002380,-0.010290,-1.552440,ndi
1786507730.302495,39.315864,-0.002470,-0.010280,-1.552450,ndi
1786507730.319935,39.333304,-0.002540,-0.010250,-1.552460,ndi
1786507730.335084,39.348452,-0.002620,-0.010230,-1.552440,ndi
1786507730.352455,39.365824,-0.002690,-0.010230,-1.552470,ndi
1786507730.369810,39.383179,-0.002740,-0.010220,-1.552500,ndi
1786507730.384858,39.398226,-0.002810,-0.010190,-1.552520,ndi
1786507730.402321,39.415690,-0.002880,-0.010170,-1.552540,ndi
1786507730.419885,39.433253,-0.002930,-0.010180,-1.552580,ndi
1786507730.437439,39.450807,-0.003000,-0.010170,-1.552590,ndi
1786507730.452398,39.465767,-0.003060,-0.010140,-1.552630,ndi
1786507730.469805,39.483173,-0.003130,-0.010140,-1.552660,ndi
1786507730.484942,39.498311,-0.003210,-0.010140,-1.552690,ndi
1786507730.502378,39.515746,-0.003270,-0.010120,-1.552710,ndi
1786507730.520011,39.533380,-0.003350,-0.010100,-1.552730,ndi
1786507730.535116,39.548485,-0.003420,-0.010090,-1.552690,ndi
1786507730.552435,39.565803,-0.003500,-0.010080,-1.552730,ndi
1786507730.569821,39.583190,-0.003570,-0.010060,-1.552760,ndi
1786507730.584831,39.598200,-0.003630,-0.010050,-1.552780,ndi
1786507730.602337,39.615706,-0.003710,-0.010040,-1.552790,ndi
1786507730.619855,39.633224,-0.003790,-0.010020,-1.552810,ndi
1786507730.634898,39.648267,-0.003850,-0.010020,-1.552820,ndi
1786507730.652535,39.665904,-0.003930,-0.010000,-1.552820,ndi
1786507730.669815,39.683184,-0.004020,-0.010000,-1.552840,ndi
1786507730.687297,39.700666,-0.004110,-0.009980,-1.552880,ndi
1786507730.702481,39.715850,-0.004190,-0.009970,-1.552870,ndi
1786507730.719963,39.733332,-0.004270,-0.009960,-1.552900,ndi
1786507730.735098,39.748467,-0.004330,-0.009950,-1.552920,ndi
1786507730.752473,39.765841,-0.004430,-0.009940,-1.552940,ndi
1786507730.769826,39.783195,-0.004510,-0.009940,-1.552960,ndi
1786507730.787313,39.800681,-0.004600,-0.009930,-1.552970,ndi
1786507730.802440,39.815809,-0.004670,-0.009910,-1.553010,ndi
1786507730.819937,39.833305,-0.004740,-0.009910,-1.553000,ndi
1786507730.835138,39.848506,-0.004790,-0.009900,-1.553010,ndi
1786507730.852515,39.865884,-0.004870,-0.009890,-1.553030,ndi
1786507730.869860,39.883229,-0.004960,-0.009870,-1.553070,ndi
1786507730.884869,39.898237,-0.005010,-0.009870,-1.553090,ndi
1786507730.902473,39.915842,-0.005090,-0.009880,-1.553110,ndi
1786507730.920032,39.933400,-0.005160,-0.009850,-1.553090,ndi
1786507730.937522,39.950890,-0.005230,-0.009840,-1.553090,ndi
1786507730.952480,39.965848,-0.005300,-0.009850,-1.553100,ndi
1786507730.969815,39.983184,-0.005360,-0.009850,-1.553100,ndi
1786507730.984885,39.998254,-0.005410,-0.009830,-1.553130,ndi
1786507731.002345,40.015713,-0.005480,-0.009820,-1.553150,ndi
1786507731.019987,40.033355,-0.005550,-0.009830,-1.553170,ndi
1786507731.035011,40.048380,-0.005600,-0.009820,-1.553160,ndi
1786507731.052520,40.065888,-0.005670,-0.009800,-1.553140,ndi
1786507731.069837,40.083206,-0.005750,-0.009820,-1.553160,ndi
1786507731.084889,40.098258,-0.005820,-0.009820,-1.553140,ndi
1786507731.102406,40.115774,-0.005900,-0.009800,-1.553170,ndi
1786507731.119904,40.133272,-0.005970,-0.009780,-1.553210,ndi
1786507731.137416,40.150785,-0.006050,-0.009800,-1.553200,ndi
1786507731.152505,40.165874,-0.006130,-0.009800,-1.553210,ndi
1786507731.169823,40.183192,-0.006200,-0.009780,-1.553250,ndi
1786507731.184865,40.198233,-0.006270,-0.009780,-1.553220,ndi
1786507731.202472,40.215841,-0.006350,-0.009790,-1.553240,ndi
1786507731.219874,40.233243,-0.006410,-0.009770,-1.553280,ndi
1786507731.237410,40.250778,-0.006510,-0.009770,-1.553250,ndi
1786507731.252447,40.265815,-0.006580,-0.009770,-1.553280,ndi
1786507731.269827,40.283195,-0.006660,-0.009780,-1.553260,ndi
1786507731.284891,40.298259,-0.006740,-0.009770,-1.553300,ndi
1786507731.302418,40.315787,-0.006820,-0.009760,-1.553290,ndi
1786507731.319985,40.333354,-0.006910,-0.009750,-1.553310,ndi
1786507731.335083,40.348451,-0.006990,-0.009760,-1.553270,ndi
1786507731.352454,40.365823,-0.007070,-0.009750,-1.553290,ndi
1786507731.369817,40.383186,-0.007150,-0.009750,-1.553310,ndi
1786507731.384854,40.398222,-0.007210,-0.009750,-1.553290,ndi
1786507731.402354,40.415723,-0.007280,-0.009750,-1.553280,ndi
1786507731.419878,40.433246,-0.007350,-0.009740,-1.553260,ndi
1786507731.434895,40.448264,-0.007420,-0.009750,-1.553290,ndi
1786507731.452366,40.465735,-0.007470,-0.009750,-1.553280,ndi
1786507731.469848,40.483217,-0.007560,-0.009760,-1.553290,ndi
1786507731.484961,40.498329,-0.007620,-0.009750,-1.553300,ndi
1786507731.502381,40.515750,-0.007680,-0.009750,-1.553320,ndi
1786507731.519977,40.533345,-0.007760,-0.009750,-1.553350,ndi
1786507731.535090,40.548459,-0.007810,-0.009760,-1.553330,ndi
1786507731.552491,40.565860,-0.007880,-0.009760,-1.553340,ndi
1786507731.569799,40.583168,-0.007940,-0.009750,-1.553320,ndi
1786507731.584883,40.598252,-0.008000,-0.009750,-1.553310,ndi
1786507731.602328,40.615696,-0.008080,-0.009760,-1.553300,ndi
1786507731.619873,40.633242,-0.008130,-0.009760,-1.553330,ndi
1786507731.634873,40.648242,-0.008190,-0.009750,-1.553300,ndi
1786507731.652573,40.665941,-0.008270,-0.009760,-1.553300,ndi
1786507731.669861,40.683229,-0.008340,-0.009770,-1.553290,ndi
1786507731.684895,40.698264,-0.008400,-0.009770,-1.553290,ndi
1786507731.702326,40.715694,-0.008480,-0.009760,-1.553310,ndi
1786507731.719883,40.733252,-0.008550,-0.009780,-1.553330,ndi
1786507731.735230,40.748599,-0.008610,-0.009790,-1.553280,ndi
1786507731.752439,40.765807,-0.008700,-0.009770,-1.553280,ndi
1786507731.769840,40.783208,-0.008750,-0.009770,-1.553280,ndi
1786507731.787349,40.800718,-0.008820,-0.009790,-1.553280,ndi
1786507731.802510,40.815878,-0.008890,-0.009800,-1.553280,ndi
1786507731.819978,40.833346,-0.008950,-0.009790,-1.553270,ndi
1786507731.835147,40.848516,-0.009030,-0.009800,-1.553250,ndi
1786507731.852475,40.865843,-0.009100,-0.009800,-1.553240,ndi
1786507731.869857,40.883226,-0.009190,-0.009810,-1.553270,ndi
1786507731.884860,40.898229,-0.009270,-0.009810,-1.553280,ndi
1786507731.902332,40.915701,-0.009330,-0.009820,-1.553270,ndi
1786507731.919875,40.933244,-0.009450,-0.009830,-1.553270,ndi
1786507731.934923,40.948291,-0.009500,-0.009830,-1.553250,ndi
1786507731.952483,40.965852,-0.009580,-0.009830,-1.553240,ndi
1786507731.969847,40.983216,-0.009640,-0.009840,-1.553210,ndi
1786507731.987331,41.000699,-0.009710,-0.009860,-1.553230,ndi
1786507732.002442,41.015811,-0.009770,-0.009860,-1.553200,ndi
1786507732.019996,41.033365,-0.009840,-0.009850,-1.553190,ndi
1786507732.035042,41.048410,-0.009900,-0.009850,-1.553200,ndi
1786507732.052479,41.065847,-0.009960,-0.009870,-1.553160,ndi
1786507732.069856,41.083225,-0.010040,-0.009890,-1.553200,ndi
1786507732.084882,41.098251,-0.010100,-0.009880,-1.553170,ndi
1786507732.102373,41.115742,-0.010160,-0.009870,-1.553200,ndi
1786507732.119866,41.133234,-0.010260,-0.009910,-1.553170,ndi
1786507732.137350,41.150718,-0.010320,-0.009930,-1.553140,ndi
1786507732.152424,41.165793,-0.010360,-0.009900,-1.553130,ndi
1786507732.169832,41.183201,-0.010440,-0.009900,-1.553160,ndi
1786507732.184904,41.198273,-0.010480,-0.009940,-1.553150,ndi
1786507732.202459,41.215828,-0.010530,-0.009950,-1.553120,ndi
1786507732.219991,41.233360,-0.010600,-0.009920,-1.553140,ndi
1786507732.235172,41.248541,-0.010670,-0.009920,-1.553080,ndi
1786507732.252481,41.265849,-0.010740,-0.009980,-1.553100,ndi
1786507732.269873,41.283241,-0.010790,-0.009980,-1.553080,ndi
1786507732.284892,41.298261,-0.010870,-0.009950,-1.553120,ndi
1786507732.302519,41.315888,-0.010940,-0.009970,-1.553070,ndi
1786507732.319987,41.333356,-0.011010,-0.010030,-1.553070,ndi
1786507732.335128,41.348496,-0.011070,-0.010020,-1.553020,ndi
1786507732.352482,41.365850,-0.011130,-0.009980,-1.553020,ndi
1786507732.369849,41.383217,-0.011200,-0.010020,-1.553000,ndi
1786507732.384876,41.398244,-0.011240,-0.010060,-1.553010,ndi
1786507732.402519,41.415887,-0.011320,-0.010040,-1.553010,ndi
1786507732.420000,41.433368,-0.011400,-0.010020,-1.552990,ndi
1786507732.435204,41.448573,-0.011460,-0.010070,-1.553000,ndi
1786507732.452582,41.465950,-0.011540,-0.010100,-1.552970,ndi
1786507732.469840,41.483208,-0.011600,-0.010080,-1.552940,ndi
1786507732.484885,41.498253,-0.011680,-0.010080,-1.552960,ndi
1786507732.502535,41.515903,-0.011770,-0.010120,-1.552940,ndi
1786507732.519993,41.533361,-0.011840,-0.010140,-1.552900,ndi
1786507732.535084,41.548453,-0.011920,-0.010130,-1.552880,ndi
1786507732.552478,41.565847,-0.011960,-0.010140,-1.552850,ndi
1786507732.569849,41.583217,-0.012030,-0.010180,-1.552850,ndi
1786507732.584876,41.598245,-0.012090,-0.010190,-1.552850,ndi
1786507732.602505,41.615874,-0.012160,-0.010170,-1.552820,ndi
1786507732.619969,41.633338,-0.012230,-0.010190,-1.552810,ndi
1786507732.635004,41.648372,-0.012290,-0.010220,-1.552820,ndi
1786507732.652699,41.666067,-0.012370,-0.010230,-1.552800,ndi
1786507732.669879,41.683247,-0.012420,-0.010220,-1.552760,ndi
1786507732.684854,41.698222,-0.012490,-0.010240,-1.552770,ndi
1786507732.702359,41.715728,-0.012560,-0.010270,-1.552750,ndi
1786507732.719919,41.733288,-0.012610,-0.010280,-1.552730,ndi
1786507732.735093,41.748461,-0.012680,-0.010270,-1.552700,ndi
1786507732.752455,41.765824,-0.012720,-0.010280,-1.552720,ndi
1786507732.769879,41.783247,-0.012780,-0.010310,-1.552700,ndi
1786507732.784954,41.798323,-0.012840,-0.010320,-1.552670,ndi
1786507732.802402,41.815771,-0.012880,-0.010320,-1.552650,ndi
1786507732.819909,41.833277,-0.012960,-0.010340,-1.552660,ndi
1786507732.835083,41.848452,-0.013010,-0.010360,-1.552610,ndi
1786507732.852521,41.865890,-0.013070,-0.010370,-1.552600,ndi
1786507732.869905,41.883274,-0.013150,-0.010380,-1.552580,ndi
1786507732.885000,41.898369,-0.013190,-0.010390,-1.552560,ndi
1786507732.902513,41.915882,-0.013270,-0.010410,-1.552550,ndi
1786507732.920052,41.933420,-0.013340,-0.010420,-1.552520,ndi
1786507732.935027,41.948395,-0.013390,-0.010430,-1.552470,ndi
1786507732.952498,41.965867,-0.013450,-0.010450,-1.552470,ndi
1786507732.969911,41.983279,-0.013510,-0.010470,-1.552450,ndi
1786507732.984944,41.998312,-0.013560,-0.010480,-1.552440,ndi
1786507733.002418,42.015787,-0.013630,-0.010490,-1.552430,ndi
1786507733.019931,42.033299,-0.013690,-0.010510,-1.552420,ndi
1786507733.037571,42.050940,-0.013760,-0.010530,-1.552380,ndi
1786507733.052533,42.065902,-0.013810,-0.010540,-1.552370,ndi
1786507733.069883,42.083252,-0.013880,-0.010570,-1.552350,ndi
1786507733.087354,42.100723,-0.013960,-0.010590,-1.552330,ndi
1786507733.102412,42.115781,-0.014010,-0.010600,-1.552310,ndi
1786507733.119867,42.133236,-0.014090,-0.010600,-1.552250,ndi
1786507733.135013,42.148382,-0.014140,-0.010640,-1.552220,ndi
1786507733.152520,42.165888,-0.014220,-0.010670,-1.552200,ndi
1786507733.169885,42.183254,-0.014270,-0.010670,-1.552180,ndi
1786507733.184896,42.198265,-0.014340,-0.010670,-1.552140,ndi
1786507733.202530,42.215899,-0.014410,-0.010720,-1.552150,ndi
1786507733.220064,42.233433,-0.014460,-0.010740,-1.552130,ndi
1786507733.235072,42.248441,-0.014520,-0.010740,-1.552110,ndi
1786507733.252516,42.265884,-0.014570,-0.010740,-1.552080,ndi
1786507733.269904,42.283273,-0.014640,-0.010780,-1.552060,ndi
1786507733.284981,42.298350,-0.014700,-0.010790,-1.552060,ndi
1786507733.302413,42.315781,-0.014750,-0.010790,-1.552020,ndi
1786507733.319917,42.333286,-0.014820,-0.010820,-1.552010,ndi
1786507733.334920,42.348289,-0.014850,-0.010850,-1.552000,ndi
1786507733.352499,42.365867,-0.014920,-0.010850,-1.551960,ndi
1786507733.369864,42.383233,-0.014960,-0.010860,-1.551940,ndi
1786507733.384954,42.398323,-0.015020,-0.010890,-1.551910,ndi
1786507733.402447,42.415816,-0.015070,-0.010920,-1.551920,ndi
1786507733.419928,42.433296,-0.015120,-0.010920,-1.551910,ndi
1786507733.435037,42.448406,-0.015180,-0.010930,-1.551880,ndi
1786507733.452489,42.465858,-0.015220,-0.010960,-1.551850,ndi
1786507733.469875,42.483244,-0.015270,-0.010990,-1.551830,ndi
1786507733.484909,42.498277,-0.015340,-0.010990,-1.551800,ndi
1786507733.502439,42.515808,-0.015390,-0.011010,-1.551820,ndi
1786507733.520070,42.533438,-0.015450,-0.011040,-1.551770,ndi
1786507733.537544,42.550913,-0.015480,-0.011050,-1.551750,ndi
1786507733.552489,42.565857,-0.015550,-0.011060,-1.551740,ndi
1786507733.569904,42.583272,-0.015580,-0.011090,-1.551690,ndi
1786507733.584914,42.598282,-0.015630,-0.011110,-1.551720,ndi
1786507733.602456,42.615825,-0.015700,-0.011120,-1.551710,ndi
1786507733.619929,42.633297,-0.015750,-0.011140,-1.551670,ndi
1786507733.637520,42.650888,-0.015820,-0.011180,-1.551620,ndi
1786507733.652488,42.665857,-0.015870,-0.011190,-1.551580,ndi
1786507733.669947,42.683316,-0.015920,-0.011200,-1.551570,ndi
1786507733.684910,42.698279,-0.015990,-0.011220,-1.551550,ndi
1786507733.702514,42.715883,-0.016040,-0.011270,-1.551540,ndi
1786507733.720083,42.733451,-0.016090,-0.011270,-1.551510,ndi
1786507733.735018,42.748387,-0.016160,-0.011290,-1.551460,ndi
1786507733.752506,42.765874,-0.016200,-0.011320,-1.551440,ndi
1786507733.769955,42.783324,-0.016270,-0.011350,-1.551400,ndi
1786507733.784897,42.798265,-0.016320,-0.011360,-1.551380,ndi
1786507733.802442,42.815811,-0.016380,-0.011380,-1.551360,ndi
1786507733.819959,42.833328,-0.016440,-0.011420,-1.551320,ndi
1786507733.835116,42.848485,-0.016490,-0.011430,-1.551280,ndi
1786507733.852476,42.865845,-0.016540,-0.011440,-1.551270,ndi
1786507733.869930,42.883299,-0.016590,-0.011460,-1.551220,ndi
1786507733.887372,42.900741,-0.016670,-0.011510,-1.551200,ndi
1786507733.902533,42.915901,-0.016710,-0.011510,-1.551140,ndi
1786507733.919999,42.933367,-0.016750,-0.011530,-1.551110,ndi
1786507733.937495,42.950864,-0.016820,-0.011560,-1.551100,ndi
1786507733.952479,42.965847,-0.016830,-0.011580,-1.551050,ndi
1786507733.969904,42.983273,-0.016890,-0.011590,-1.551050,ndi
1786507733.984954,42.998323,-0.016930,-0.011610,-1.551030,ndi
1786507734.002494,43.015862,-0.016970,-0.011630,-1.551010,ndi
1786507734.020062,43.033431,-0.017030,-0.011660,-1.550960,ndi
1786507734.035217,43.048585,-0.017050,-0.011670,-1.550960,ndi
1786507734.052536,43.065905,-0.017100,-0.011690,-1.550940,ndi
1786507734.069877,43.083246,-0.017160,-0.011710,-1.550910,ndi
1786507734.087352,43.100720,-0.017190,-0.011730,-1.550860,ndi
1786507734.102373,43.115742,-0.017230,-0.011750,-1.550850,ndi
1786507734.119907,43.133276,-0.017280,-0.011770,-1.550840,ndi
1786507734.135114,43.148483,-0.017310,-0.011780,-1.550810,ndi
1786507734.152522,43.165891,-0.017350,-0.011810,-1.550820,ndi
1786507734.169887,43.183256,-0.017410,-0.011830,-1.550750,ndi
1786507734.184912,43.198281,-0.017440,-0.011850,-1.550730,ndi
1786507734.202430,43.215798,-0.017510,-0.011880,-1.550710,ndi
1786507734.219918,43.233286,-0.017560,-0.011900,-1.550700,ndi
1786507734.234925,43.248294,-0.017580,-0.011910,-1.550650,ndi
1786507734.252515,43.265883,-0.017650,-0.011940,-1.550650,ndi
1786507734.269928,43.283296,-0.017690,-0.011980,-1.550580,ndi
1786507734.284911,43.298279,-0.017740,-0.012000,-1.550560,ndi
1786507734.302500,43.315868,-0.017790,-0.012010,-1.550530,ndi
1786507734.319977,43.333346,-0.017820,-0.012030,-1.550520,ndi
1786507734.334926,43.348294,-0.017870,-0.012080,-1.550430,ndi
1786507734.352413,43.365782,-0.017910,-0.012100,-1.550430,ndi
1786507734.369915,43.383283,-0.017970,-0.012110,-1.550360,ndi
1786507734.384928,43.398297,-0.018010,-0.012140,-1.550340,ndi
1786507734.402452,43.415820,-0.018070,-0.012190,-1.550300,ndi
1786507734.419895,43.433264,-0.018130,-0.012200,-1.550320,ndi
1786507734.434988,43.448356,-0.018160,-0.012200,-1.550320,ndi
1786507734.452479,43.465847,-0.018220,-0.012260,-1.550250,ndi
1786507734.469929,43.483297,-0.018270,-0.012280,-1.550220,ndi
1786507734.484931,43.498300,-0.018310,-0.012280,-1.550170,ndi
1786507734.502558,43.515927,-0.018360,-0.012310,-1.550140,ndi
1786507734.520069,43.533437,-0.018400,-0.012350,-1.550090,ndi
1786507734.537549,43.550917,-0.018450,-0.012380,-1.550030,ndi
1786507734.552518,43.565886,-0.018470,-0.012380,-1.550030,ndi
1786507734.570275,43.583643,-0.018530,-0.012410,-1.549950,ndi
1786507734.584949,43.598318,-0.018570,-0.012450,-1.549920,ndi
1786507734.602449,43.615818,-0.018590,-0.012460,-1.549910,ndi
1786507734.619911,43.633280,-0.018640,-0.012470,-1.549870,ndi
1786507734.637581,43.650950,-0.018670,-0.012500,-1.549860,ndi
1786507734.652517,43.665885,-0.018720,-0.012530,-1.549850,ndi
1786507734.669888,43.683256,-0.018750,-0.012540,-1.549830,ndi
1786507734.684938,43.698306,-0.018770,-0.012540,-1.549820,ndi
1786507734.702555,43.715924,-0.018810,-0.012580,-1.549770,ndi
1786507734.720094,43.733463,-0.018840,-0.012610,-1.549770,ndi
1786507734.735076,43.748445,-0.018870,-0.012620,-1.549720,ndi
1786507734.752517,43.765886,-0.018910,-0.012640,-1.549690,ndi
1786507734.769907,43.783275,-0.018960,-0.012680,-1.549680,ndi
1786507734.784943,43.798311,-0.018990,-0.012700,-1.549610,ndi
1786507734.802623,43.815992,-0.019030,-0.012720,-1.549570,ndi
1786507734.820008,43.833376,-0.019080,-0.012740,-1.549560,ndi
1786507734.835225,43.848594,-0.019100,-0.012770,-1.549520,ndi
1786507734.852561,43.865930,-0.019160,-0.012790,-1.549480,ndi
1786507734.869888,43.883257,-0.019210,-0.012810,-1.549460,ndi
1786507734.884948,43.898317,-0.019230,-0.012830,-1.549420,ndi
1786507734.902533,43.915901,-0.019270,-0.012870,-1.549390,ndi
1786507734.920138,43.933506,-0.019300,-0.012890,-1.549390,ndi
1786507734.935174,43.948543,-0.019330,-0.012900,-1.549340,ndi
1786507734.952581,43.965950,-0.019380,-0.012930,-1.549300,ndi
1786507734.969935,43.983304,-0.019420,-0.012970,-1.549260,ndi
1786507734.984954,43.998323,-0.019460,-0.012990,-1.549220,ndi
1786507735.002519,44.015887,-0.019490,-0.013020,-1.549170,ndi
1786507735.019963,44.033331,-0.019550,-0.013050,-1.549140,ndi
1786507735.035163,44.048532,-0.019590,-0.013080,-1.549130,ndi
1786507735.052539,44.065907,-0.019630,-0.013110,-1.549080,ndi
1786507735.069952,44.083321,-0.019680,-0.013150,-1.549040,ndi
1786507735.084922,44.098291,-0.019710,-0.013170,-1.549010,ndi
1786507735.102643,44.116012,-0.019770,-0.013200,-1.549000,ndi
1786507735.120047,44.133415,-0.019800,-0.013230,-1.548920,ndi
1786507735.135207,44.148576,-0.019820,-0.013250,-1.548910,ndi
1786507735.152541,44.165910,-0.019870,-0.013270,-1.548860,ndi
1786507735.169933,44.183301,-0.019900,-0.013300,-1.548800,ndi
1786507735.184946,44.198314,-0.019950,-0.013330,-1.548790,ndi
1786507735.202453,44.215822,-0.019990,-0.013360,-1.548720,ndi
1786507735.219954,44.233322,-0.020010,-0.013380,-1.548690,ndi
1786507735.235184,44.248553,-0.020060,-0.013410,-1.548680,ndi
1786507735.252551,44.265919,-0.020100,-0.013430,-1.548640,ndi
1786507735.269896,44.283265,-0.020130,-0.013460,-1.548590,ndi
1786507735.284929,44.298298,-0.020160,-0.013480,-1.548590,ndi
1786507735.302451,44.315820,-0.020200,-0.013510,-1.548540,ndi
1786507735.320073,44.333441,-0.020210,-0.013530,-1.548510,ndi
1786507735.335179,44.348547,-0.020240,-0.013550,-1.548490,ndi
1786507735.352601,44.365970,-0.020270,-0.013580,-1.548430,ndi
1786507735.369921,44.383290,-0.020290,-0.013600,-1.548410,ndi
1786507735.384944,44.398313,-0.020320,-0.013620,-1.548370,ndi
1786507735.402560,44.415928,-0.020350,-0.013650,-1.548350,ndi
1786507735.420019,44.433388,-0.020380,-0.013680,-1.548340,ndi
1786507735.435019,44.448387,-0.020430,-0.013700,-1.548300,ndi
1786507735.452548,44.465916,-0.020450,-0.013710,-1.548250,ndi
1786507735.469908,44.483276,-0.020480,-0.013750,-1.548220,ndi
1786507735.484921,44.498290,-0.020510,-0.013780,-1.548190,ndi
1786507735.502552,44.515921,-0.020530,-0.013790,-1.548140,ndi
1786507735.520077,44.533446,-0.020560,-0.013820,-1.548080,ndi
1786507735.535121,44.548489,-0.020600,-0.013870,-1.548060,ndi
1786507735.552573,44.565942,-0.020620,-0.013880,-1.548040,ndi
1786507735.569973,44.583341,-0.020660,-0.013900,-1.548020,ndi
1786507735.584983,44.598351,-0.020700,-0.013930,-1.547980,ndi
1786507735.602403,44.615772,-0.020730,-0.013970,-1.547940,ndi
1786507735.619931,44.633299,-0.020760,-0.014000,-1.547900,ndi
1786507735.634934,44.648303,-0.020800,-0.014010,-1.547880,ndi
1786507735.652535,44.665904,-0.020830,-0.014050,-1.547830,ndi
1786507735.669905,44.683274,-0.020850,-0.014090,-1.547810,ndi
1786507735.684947,44.698316,-0.020880,-0.014110,-1.547790,ndi
1786507735.702453,44.715821,-0.020910,-0.014130,-1.547730,ndi
1786507735.720052,44.733420,-0.020960,-0.014180,-1.547680,ndi
1786507735.735147,44.748515,-0.020980,-0.014220,-1.547630,ndi
1786507735.752511,44.765879,-0.021010,-0.014240,-1.547560,ndi
1786507735.769937,44.783305,-0.021060,-0.014270,-1.547510,ndi
1786507735.787454,44.800822,-0.021100,-0.014320,-1.547500,ndi
1786507735.802440,44.815808,-0.021120,-0.014340,-1.547450,ndi
1786507735.819957,44.833325,-0.021160,-0.014360,-1.547390,ndi
1786507735.835042,44.848411,-0.021190,-0.014390,-1.547390,ndi
1786507735.852538,44.865907,-0.021220,-0.014440,-1.547330,ndi
1786507735.869915,44.883284,-0.021240,-0.014470,-1.547270,ndi
1786507735.884950,44.898318,-0.021270,-0.014480,-1.547220,ndi
1786507735.902446,44.915815,-0.021300,-0.014510,-1.547210,ndi
1786507735.920105,44.933474,-0.021330,-0.014550,-1.547150,ndi
1786507735.935154,44.948523,-0.021350,-0.014570,-1.547110,ndi
1786507735.952548,44.965916,-0.021370,-0.014590,-1.547100,ndi
1786507735.969928,44.983296,-0.021410,-0.014620,-1.547030,ndi
1786507735.984999,44.998367,-0.021420,-0.014650,-1.547040,ndi
1786507736.002487,45.015855,-0.021440,-0.014670,-1.546980,ndi
1786507736.019981,45.033350,-0.021480,-0.014690,-1.546960,ndi
1786507736.035093,45.048461,-0.021500,-0.014720,-1.546960,ndi
1786507736.052566,45.065935,-0.021530,-0.014750,-1.546900,ndi
1786507736.069956,45.083325,-0.021550,-0.014760,-1.546850,ndi
1786507736.084946,45.098314,-0.021560,-0.014780,-1.546860,ndi
1786507736.102498,45.115866,-0.021580,-0.014810,-1.546790,ndi
1786507736.120102,45.133471,-0.021610,-0.014840,-1.546750,ndi
1786507736.135162,45.148530,-0.021610,-0.014860,-1.546730,ndi
1786507736.152577,45.165945,-0.021650,-0.014880,-1.546700,ndi
1786507736.169937,45.183306,-0.021670,-0.014920,-1.546670,ndi
1786507736.184926,45.198295,-0.021700,-0.014950,-1.546650,ndi
1786507736.202420,45.215789,-0.021720,-0.014970,-1.546620,ndi
1786507736.219975,45.233343,-0.021740,-0.015000,-1.546590,ndi
1786507736.234955,45.248324,-0.021770,-0.015050,-1.546540,ndi
1786507736.252561,45.265929,-0.021800,-0.015060,-1.546490,ndi
1786507736.269920,45.283289,-0.021820,-0.015080,-1.546470,ndi
1786507736.284953,45.298321,-0.021830,-0.015120,-1.546420,ndi
1786507736.302465,45.315834,-0.021850,-0.015160,-1.546380,ndi
1786507736.320002,45.333370,-0.021880,-0.015170,-1.546340,ndi
1786507736.335058,45.348427,-0.021900,-0.015190,-1.546310,ndi
1786507736.352466,45.365834,-0.021930,-0.015250,-1.546270,ndi
1786507736.369932,45.383301,-0.021950,-0.015290,-1.546230,ndi
1786507736.384962,45.398331,-0.021980,-0.015300,-1.546140,ndi
1786507736.402671,45.416040,-0.022010,-0.015330,-1.546140,ndi
1786507736.420184,45.433553,-0.022040,-0.015390,-1.546060,ndi
1786507736.435168,45.448536,-0.022070,-0.015430,-1.546040,ndi
1786507736.452530,45.465898,-0.022080,-0.015440,-1.546010,ndi
1786507736.469951,45.483320,-0.022120,-0.015470,-1.545950,ndi
1786507736.484962,45.498330,-0.022140,-0.015530,-1.545880,ndi
1786507736.502486,45.515854,-0.022160,-0.015550,-1.545840,ndi
1786507736.520005,45.533373,-0.022180,-0.015570,-1.545820,ndi
1786507736.537619,45.550987,-0.022210,-0.015620,-1.545770,ndi
1786507736.552557,45.565926,-0.022240,-0.015650,-1.545730,ndi
1786507736.569921,45.583289,-0.022250,-0.015670,-1.545650,ndi
1786507736.584972,45.598340,-0.022280,-0.015680,-1.545620,ndi
1786507736.602574,45.615943,-0.022310,-0.015730,-1.545580,ndi
1786507736.620005,45.633374,-0.022330,-0.015770,-1.545530,ndi
1786507736.635012,45.648381,-0.022340,-0.015780,-1.545520,ndi
1786507736.652551,45.665919,-0.022350,-0.015800,-1.545500,ndi
1786507736.669929,45.683298,-0.022380,-0.015850,-1.545440,ndi
1786507736.684986,45.698354,-0.022380,-0.015870,-1.545360,ndi
1786507736.702501,45.715869,-0.022400,-0.015880,-1.545360,ndi
1786507736.719955,45.733324,-0.022430,-0.015910,-1.545320,ndi
1786507736.734990,45.748358,-0.022440,-0.015950,-1.545290,ndi
1786507736.752608,45.765976,-0.022450,-0.015980,-1.545260,ndi
1786507736.769942,45.783311,-0.022470,-0.015990,-1.545230,ndi
1786507736.784956,45.798324,-0.022480,-0.016010,-1.545160,ndi
1786507736.802636,45.816005,-0.022520,-0.016060,-1.545160,ndi
1786507736.820089,45.833458,-0.022530,-0.016090,-1.545100,ndi
1786507736.835051,45.848419,-0.022540,-0.016100,-1.545080,ndi
1786507736.852593,45.865962,-0.022550,-0.016130,-1.545040,ndi
1786507736.869955,45.883324,-0.022570,-0.016180,-1.544970,ndi
1786507736.884962,45.898331,-0.022580,-0.016210,-1.544950,ndi
1786507736.902482,45.915851,-0.022590,-0.016220,-1.544910,ndi
1786507736.920133,45.933502,-0.022610,-0.016250,-1.544850,ndi
1786507736.935095,45.948464,-0.022640,-0.016300,-1.544770,ndi
1786507736.952623,45.965991,-0.022660,-0.016320,-1.544770,ndi
1786507736.969929,45.983298,-0.022660,-0.016340,-1.544730,ndi
1786507736.984962,45.998330,-0.022690,-0.016380,-1.544650,ndi
1786507737.002505,46.015874,-0.022700,-0.016420,-1.544600,ndi
1786507737.019971,46.033340,-0.022730,-0.016450,-1.544540,ndi
1786507737.035042,46.048411,-0.022740,-0.016460,-1.544510,ndi
1786507737.052593,46.065962,-0.022760,-0.016510,-1.544490,ndi
1786507737.069957,46.083325,-0.022770,-0.016570,-1.544420,ndi
1786507737.084988,46.098356,-0.022770,-0.016580,-1.544360,ndi
1786507737.102491,46.115860,-0.022810,-0.016610,-1.544330,ndi
1786507737.119955,46.133324,-0.022830,-0.016680,-1.544260,ndi
1786507737.135009,46.148378,-0.022840,-0.016720,-1.544220,ndi
1786507737.152599,46.165967,-0.022860,-0.016720,-1.544190,ndi
1786507737.169937,46.183306,-0.022880,-0.016770,-1.544160,ndi
1786507737.184952,46.198321,-0.022900,-0.016810,-1.544090,ndi
1786507737.202504,46.215873,-0.022910,-0.016840,-1.544060,ndi
1786507737.220127,46.233495,-0.022930,-0.016850,-1.544000,ndi
1786507737.235189,46.248558,-0.022940,-0.016910,-1.543960,ndi
1786507737.252601,46.265970,-0.022950,-0.016960,-1.543920,ndi
1786507737.269942,46.283311,-0.022970,-0.016960,-1.543860,ndi
1786507737.284999,46.298368,-0.022970,-0.016970,-1.543840,ndi
1786507737.302653,46.316021,-0.022990,-0.017030,-1.543780,ndi
1786507737.320125,46.333494,-0.023010,-0.017080,-1.543720,ndi
1786507737.335141,46.348510,-0.023020,-0.017080,-1.543700,ndi
1786507737.352512,46.365880,-0.023040,-0.017100,-1.543650,ndi
1786507737.369937,46.383306,-0.023040,-0.017160,-1.543590,ndi
1786507737.384926,46.398294,-0.023060,-0.017180,-1.543590,ndi
1786507737.402649,46.416018,-0.023070,-0.017170,-1.543520,ndi
1786507737.420124,46.433492,-0.023090,-0.017210,-1.543500,ndi
1786507737.435226,46.448595,-0.023090,-0.017270,-1.543440,ndi
1786507737.452610,46.465978,-0.023090,-0.017290,-1.543430,ndi
1786507737.469980,46.483349,-0.023100,-0.017290,-1.543350,ndi
1786507737.484983,46.498352,-0.023120,-0.017330,-1.543330,ndi
1786507737.502670,46.516038,-0.023130,-0.017380,-1.543290,ndi
1786507737.520142,46.533511,-0.023140,-0.017390,-1.543240,ndi
1786507737.537633,46.551001,-0.023150,-0.017420,-1.543200,ndi
1786507737.552564,46.565932,-0.023160,-0.017460,-1.543150,ndi
1786507737.569938,46.583306,-0.023180,-0.017510,-1.543130,ndi
1786507737.585089,46.598457,-0.023190,-0.017510,-1.543070,ndi
1786507737.602481,46.615849,-0.023210,-0.017530,-1.543030,ndi
1786507737.619960,46.633329,-0.023200,-0.017590,-1.543030,ndi
1786507737.635088,46.648457,-0.023210,-0.017620,-1.542970,ndi
1786507737.652517,46.665885,-0.023220,-0.017630,-1.542920,ndi
1786507737.669949,46.683317,-0.023230,-0.017670,-1.542860,ndi
1786507737.684970,46.698339,-0.023230,-0.017720,-1.542810,ndi
1786507737.702629,46.715997,-0.023240,-0.017760,-1.542730,ndi
1786507737.720077,46.733445,-0.023250,-0.017770,-1.542690,ndi
1786507737.735101,46.748469,-0.023260,-0.017810,-1.542660,ndi
1786507737.752504,46.765872,-0.023280,-0.017880,-1.542570,ndi
1786507737.769940,46.783309,-0.023280,-0.017910,-1.542510,ndi
1786507737.784973,46.798342,-0.023290,-0.017920,-1.542510,ndi
1786507737.802679,46.816047,-0.023310,-0.017970,-1.542450,ndi
1786507737.820040,46.833408,-0.023310,-0.018030,-1.542370,ndi
1786507737.837603,46.850971,-0.023320,-0.018060,-1.542350,ndi
1786507737.852552,46.865921,-0.023320,-0.018080,-1.542300,ndi
1786507737.869956,46.883325,-0.023330,-0.018120,-1.542240,ndi
1786507737.884980,46.898348,-0.023330,-0.018170,-1.542220,ndi
1786507737.902583,46.915951,-0.023330,-0.018200,-1.542160,ndi
1786507737.920084,46.933453,-0.023360,-0.018210,-1.542120,ndi
1786507737.935194,46.948562,-0.023360,-0.018250,-1.542060,ndi
1786507737.952589,46.965957,-0.023350,-0.018300,-1.542000,ndi
1786507737.969942,46.983310,-0.023380,-0.018320,-1.541970,ndi
1786507737.984953,46.998322,-0.023380,-0.018330,-1.541940,ndi
1786507738.002621,47.015990,-0.023390,-0.018390,-1.541910,ndi
1786507738.020074,47.033443,-0.023390,-0.018430,-1.541820,ndi
1786507738.035060,47.048429,-0.023400,-0.018440,-1.541800,ndi
1786507738.052527,47.065896,-0.023390,-0.018460,-1.541740,ndi
1786507738.070004,47.083373,-0.023410,-0.018500,-1.541720,ndi
1786507738.085015,47.098384,-0.023390,-0.018530,-1.541650,ndi
1786507738.102530,47.115898,-0.023400,-0.018550,-1.541610,ndi
1786507738.120023,47.133392,-0.023420,-0.018570,-1.541570,ndi
1786507738.135041,47.148410,-0.023420,-0.018610,-1.541520,ndi
1786507738.152535,47.165903,-0.023420,-0.018640,-1.541460,ndi
1786507738.169999,47.183368,-0.023440,-0.018670,-1.541450,ndi
1786507738.185020,47.198389,-0.023430,-0.018700,-1.541380,ndi
1786507738.202638,47.216007,-0.023430,-0.018750,-1.541330,ndi
1786507738.220191,47.233560,-0.023440,-0.018780,-1.541290,ndi
1786507738.237685,47.251053,-0.023430,-0.018800,-1.541270,ndi
1786507738.252629,47.265998,-0.023440,-0.018840,-1.541210,ndi
1786507738.270006,47.283375,-0.023440,-0.018880,-1.541120,ndi
1786507738.285034,47.298403,-0.023440,-0.018900,-1.541110,ndi
1786507738.302657,47.316025,-0.023460,-0.018930,-1.541070,ndi
1786507738.320143,47.333511,-0.023440,-0.018980,-1.541060,ndi
1786507738.335090,47.348459,-0.023460,-0.019010,-1.541000,ndi
1786507738.352514,47.365882,-0.023460,-0.019030,-1.540930,ndi
1786507738.369965,47.383334,-0.023470,-0.019090,-1.540890,ndi
1786507738.384995,47.398363,-0.023480,-0.019130,-1.540830,ndi
1786507738.402624,47.415992,-0.023460,-0.019160,-1.540780,ndi
1786507738.420157,47.433525,-0.023470,-0.019200,-1.540720,ndi
1786507738.437617,47.450985,-0.023470,-0.019250,-1.540650,ndi
1786507738.452617,47.465986,-0.023460,-0.019290,-1.540590,ndi
1786507738.469961,47.483330,-0.023460,-0.019310,-1.540500,ndi
1786507738.484968,47.498337,-0.023450,-0.019350,-1.540480,ndi
1786507738.502526,47.515895,-0.023470,-0.019400,-1.540440,ndi
1786507738.520018,47.533387,-0.023460,-0.019430,-1.540390,ndi
1786507738.535050,47.548418,-0.023450,-0.019450,-1.540360,ndi
1786507738.552610,47.565978,-0.023470,-0.019500,-1.540300,ndi
1786507738.569953,47.583322,-0.023460,-0.019540,-1.540230,ndi
1786507738.584943,47.598311,-0.023460,-0.019550,-1.540210,ndi
1786507738.602668,47.616036,-0.023460,-0.019590,-1.540140,ndi
1786507738.619995,47.633364,-0.023450,-0.019630,-1.540080,ndi
1786507738.635146,47.648515,-0.023450,-0.019670,-1.540050,ndi
1786507738.652645,47.666013,-0.023440,-0.019690,-1.539970,ndi
1786507738.669973,47.683342,-0.023440,-0.019730,-1.539920,ndi
1786507738.684963,47.698332,-0.023440,-0.019780,-1.539870,ndi
1786507738.702600,47.715969,-0.023430,-0.019810,-1.539850,ndi
1786507738.720154,47.733523,-0.023430,-0.019840,-1.539800,ndi
1786507738.737671,47.751039,-0.023440,-0.019890,-1.539730,ndi
1786507738.752532,47.765901,-0.023440,-0.019910,-1.539690,ndi
1786507738.771480,47.784849,-0.023430,-0.019930,-1.539630,ndi
1786507738.785000,47.798368,-0.023430,-0.019980,-1.539630,ndi
1786507738.802544,47.815913,-0.023420,-0.020020,-1.539580,ndi
1786507738.820048,47.833416,-0.023390,-0.020060,-1.539480,ndi
1786507738.835051,47.848420,-0.023410,-0.020090,-1.539450,ndi
1786507738.852658,47.866026,-0.023390,-0.020130,-1.539420,ndi
1786507738.869992,47.883360,-0.023380,-0.020170,-1.539380,ndi
1786507738.885031,47.898400,-0.023400,-0.020200,-1.539310,ndi
1786507738.902680,47.916049,-0.023370,-0.020230,-1.539280,ndi
1786507738.920116,47.933485,-0.023380,-0.020270,-1.539190,ndi
1786507738.935235,47.948604,-0.023380,-0.020300,-1.539120,ndi
1786507738.952630,47.965999,-0.023360,-0.020330,-1.539110,ndi
1786507738.969975,47.983344,-0.023370,-0.020370,-1.539090,ndi
1786507738.984986,47.998355,-0.023350,-0.020400,-1.539030,ndi
1786507739.002546,48.015915,-0.023350,-0.020430,-1.538970,ndi
1786507739.020013,48.033382,-0.023330,-0.020480,-1.538890,ndi
1786507739.035115,48.048484,-0.023320,-0.020520,-1.538830,ndi
1786507739.052614,48.065983,-0.023320,-0.020550,-1.538800,ndi
1786507739.070004,48.083372,-0.023300,-0.020600,-1.538700,ndi
1786507739.085028,48.098397,-0.023300,-0.020640,-1.538650,ndi
1786507739.102604,48.115972,-0.023290,-0.020680,-1.538600,ndi
1786507739.120103,48.133472,-0.023280,-0.020720,-1.538530,ndi
1786507739.135173,48.148542,-0.023270,-0.020760,-1.538500,ndi
1786507739.152602,48.165971,-0.023270,-0.020800,-1.538430,ndi
1786507739.169977,48.183346,-0.023270,-0.020830,-1.538430,ndi
1786507739.184969,48.198337,-0.023240,-0.020850,-1.538370,ndi
1786507739.202594,48.215962,-0.023250,-0.020890,-1.538330,ndi
1786507739.220068,48.233436,-0.023230,-0.020940,-1.538260,ndi
1786507739.235258,48.248627,-0.023210,-0.020960,-1.538240,ndi
1786507739.252621,48.265990,-0.023220,-0.020990,-1.538180,ndi
1786507739.269996,48.283364,-0.023200,-0.021040,-1.538100,ndi
1786507739.285012,48.298381,-0.023190,-0.021070,-1.538100,ndi
1786507739.302539,48.315908,-0.023180,-0.021090,-1.538050,ndi
1786507739.320035,48.333404,-0.023160,-0.021120,-1.538000,ndi
1786507739.335046,48.348414,-0.023180,-0.021160,-1.537970,ndi
1786507739.352549,48.365917,-0.023160,-0.021170,-1.537910,ndi
1786507739.369995,48.383364,-0.023160,-0.021180,-1.537900,ndi
1786507739.384987,48.398356,-0.023160,-0.021200,-1.537900,ndi
1786507739.402627,48.415996,-0.023150,-0.021210,-1.537870,ndi
1786507739.420092,48.433461,-0.023140,-0.021210,-1.537860,ndi
1786507739.435127,48.448496,-0.023150,-0.021210,-1.537850,ndi
1786507739.452574,48.465943,-0.023140,-0.021230,-1.537830,ndi
1786507739.469990,48.483359,-0.023140,-0.021230,-1.537830,ndi
1786507739.485017,48.498385,-0.023140,-0.021220,-1.537840,ndi
1786507739.502678,48.516047,-0.023140,-0.021210,-1.537880,ndi
1786507739.520302,48.533670,-0.023150,-0.021230,-1.537830,ndi
1786507739.537706,48.551075,-0.023150,-0.021240,-1.537850,ndi
1786507739.552641,48.566009,-0.023150,-0.021230,-1.537840,ndi
1786507739.569968,48.583337,-0.023140,-0.021220,-1.537830,ndi
1786507739.585037,48.598406,-0.023140,-0.021220,-1.537840,ndi
1786507739.602607,48.615975,-0.023140,-0.021240,-1.537820,ndi
1786507739.620089,48.633458,-0.023130,-0.021230,-1.537810,ndi
1786507739.635242,48.648611,-0.023130,-0.021210,-1.537840,ndi
1786507739.652621,48.665989,-0.023150,-0.021220,-1.537830,ndi
1786507739.670000,48.683368,-0.023140,-0.021250,-1.537820,ndi
1786507739.685041,48.698409,-0.023140,-0.021230,-1.537830,ndi
1786507739.702763,48.716131,-0.023150,-0.021210,-1.537850,ndi
1786507739.720188,48.733557,-0.023140,-0.021220,-1.537830,ndi
1786507739.735132,48.748501,-0.023150,-0.021250,-1.537810,ndi
1786507739.752557,48.765925,-0.023140,-0.021230,-1.537840,ndi
1786507739.769986,48.783355,-0.023150,-0.021210,-1.537840,ndi
1786507739.785029,48.798398,-0.023150,-0.021230,-1.537820,ndi
1786507739.802609,48.815978,-0.023140,-0.021250,-1.537810,ndi
1786507739.820250,48.833618,-0.023150,-0.021220,-1.537830,ndi
1786507739.835232,48.848601,-0.023150,-0.021210,-1.537810,ndi
1786507739.852607,48.865975,-0.023130,-0.021240,-1.537830,ndi
1786507739.870018,48.883386,-0.023140,-0.021240,-1.537830,ndi
1786507739.885039,48.898407,-0.023150,-0.021220,-1.537800,ndi
1786507739.902671,48.916040,-0.023140,-0.021220,-1.537810,ndi
1786507739.920268,48.933636,-0.023160,-0.021250,-1.537840,ndi
1786507739.937736,48.951104,-0.023160,-0.021240,-1.537830,ndi
1786507739.952591,48.965960,-0.023150,-0.021220,-1.537830,ndi
1786507739.969996,48.983364,-0.023150,-0.021220,-1.537820,ndi
1786507739.985004,48.998373,-0.023160,-0.021250,-1.537830,ndi
1786507740.002671,49.016040,-0.023140,-0.021230,-1.537830,ndi
1786507740.020082,49.033451,-0.023140,-0.021210,-1.537820,ndi
1786507740.035055,49.048424,-0.023140,-0.021230,-1.537850,ndi
1786507740.052527,49.065896,-0.023150,-0.021240,-1.537830,ndi
1786507740.070009,49.083377,-0.023150,-0.021230,-1.537820,ndi
1786507740.085033,49.098402,-0.023150,-0.021210,-1.537820,ndi
1786507740.102604,49.115973,-0.023150,-0.021230,-1.537830,ndi
1786507740.120136,49.133505,-0.023150,-0.021240,-1.537830,ndi
1786507740.135031,49.148400,-0.023160,-0.021230,-1.537820,ndi
1786507740.152637,49.166005,-0.023160,-0.021220,-1.537830,ndi
1786507740.169987,49.183356,-0.023140,-0.021230,-1.537860,ndi
1786507740.185011,49.198380,-0.023140,-0.021240,-1.537840,ndi
1786507740.202644,49.216012,-0.023150,-0.021230,-1.537820,ndi
1786507740.220143,49.233512,-0.023150,-0.021220,-1.537810,ndi
1786507740.235093,49.248461,-0.023150,-0.021230,-1.537830,ndi
1786507740.252637,49.266006,-0.023150,-0.021240,-1.537850,ndi
1786507740.270011,49.283380,-0.023150,-0.021230,-1.537840,ndi
1786507740.285017,49.298386,-0.023160,-0.021230,-1.537820,ndi
1786507740.302762,49.316130,-0.023160,-0.021230,-1.537820,ndi
1786507740.320340,49.333709,-0.023150,-0.021240,-1.537830,ndi
1786507740.337701,49.351070,-0.023150,-0.021230,-1.537840,ndi
1786507740.352622,49.365991,-0.023150,-0.021230,-1.537840,ndi
1786507740.372574,49.385942,-0.023150,-0.021240,-1.537830,ndi
1786507740.387571,49.400939,-0.023150,-0.021240,-1.537830,ndi
1786507740.402590,49.415959,-0.023140,-0.021230,-1.537830,ndi
1786507740.420075,49.433444,-0.023150,-0.021230,-1.537820,ndi
1786507740.435041,49.448410,-0.023150,-0.021240,-1.537830,ndi
1786507740.452605,49.465974,-0.023160,-0.021240,-1.537840,ndi
1786507740.470008,49.483376,-0.023150,-0.021230,-1.537830,ndi
1786507740.485007,49.498375,-0.023140,-0.021230,-1.537860,ndi
1786507740.502671,49.516040,-0.023160,-0.021250,-1.537840,ndi
1786507740.520238,49.533607,-0.023160,-0.021240,-1.537840,ndi
1786507740.535160,49.548529,-0.023160,-0.021230,-1.537860,ndi
1786507740.552628,49.565997,-0.023160,-0.021240,-1.537840,ndi
1786507740.570004,49.583372,-0.023150,-0.021250,-1.537850,ndi
1786507740.585002,49.598370,-0.023150,-0.021230,-1.537820,ndi
1786507740.602537,49.615906,-0.023150,-0.021230,-1.537820,ndi
1786507740.620010,49.633379,-0.023150,-0.021250,-1.537830,ndi
1786507740.635046,49.648415,-0.023140,-0.021250,-1.537820,ndi
1786507740.652668,49.666036,-0.023150,-0.021230,-1.537830,ndi
1786507740.670016,49.683384,-0.023160,-0.021230,-1.537830,ndi
1786507740.685019,49.698387,-0.023150,-0.021250,-1.537830,ndi
1786507740.702573,49.715941,-0.023160,-0.021250,-1.537830,ndi
1786507740.720015,49.733384,-0.023160,-0.021230,-1.537830,ndi
1786507740.735136,49.748505,-0.023160,-0.021240,-1.537830,ndi
1786507740.752529,49.765898,-0.023160,-0.021240,-1.537810,ndi
1786507740.770061,49.783430,-0.023140,-0.021240,-1.537810,ndi
1786507740.785062,49.798431,-0.023150,-0.021240,-1.537830,ndi
1786507740.802575,49.815944,-0.023150,-0.021240,-1.537830,ndi
1786507740.820072,49.833441,-0.023150,-0.021230,-1.537810,ndi
1786507740.835195,49.848564,-0.023150,-0.021240,-1.537810,ndi
1786507740.852556,49.865925,-0.023140,-0.021250,-1.537810,ndi
1786507740.870022,49.883391,-0.023150,-0.021230,-1.537810,ndi
1786507740.885041,49.898410,-0.023160,-0.021230,-1.537800,ndi
1786507740.902566,49.915935,-0.023160,-0.021240,-1.537770,ndi
1786507740.920052,49.933421,-0.023160,-0.021250,-1.537810,ndi
1786507740.935207,49.948575,-0.023150,-0.021240,-1.537830,ndi
1786507740.952652,49.966021,-0.023160,-0.021220,-1.537820,ndi
1786507740.970017,49.983386,-0.023150,-0.021240,-1.537790,ndi
1786507740.985053,49.998421,-0.023140,-0.021250,-1.537810,ndi
1786507741.002530,50.015898,-0.023140,-0.021240,-1.537800,ndi
1786507741.020033,50.033401,-0.023150,-0.021230,-1.537810,ndi
1786507741.035185,50.048553,-0.023150,-0.021240,-1.537790,ndi
1786507741.052679,50.066048,-0.023160,-0.021240,-1.537810,ndi
1786507741.070001,50.083369,-0.023150,-0.021230,-1.537800,ndi
1786507741.085040,50.098408,-0.023150,-0.021230,-1.537790,ndi
1786507741.102575,50.115943,-0.023160,-0.021250,-1.537770,ndi
1786507741.120060,50.133429,-0.023170,-0.021240,-1.537800,ndi
1786507741.135288,50.148657,-0.023150,-0.021230,-1.537790,ndi
1786507741.152725,50.166094,-0.023150,-0.021230,-1.537780,ndi
1786507741.170036,50.183405,-0.023150,-0.021250,-1.537810,ndi
1786507741.185037,50.198406,-0.023150,-0.021240,-1.537800,ndi
1786507741.202747,50.216115,-0.023160,-0.021230,-1.537790,ndi
1786507741.220224,50.233593,-0.023150,-0.021240,-1.537780,ndi
1786507741.235144,50.248513,-0.023150,-0.021240,-1.537810,ndi
1786507741.252627,50.265996,-0.023150,-0.021240,-1.537810,ndi
1786507741.270030,50.283398,-0.023150,-0.021230,-1.537800,ndi
1786507741.285060,50.298429,-0.023150,-0.021240,-1.537790,ndi
1786507741.302579,50.315948,-0.023160,-0.021240,-1.537800,ndi
1786507741.320067,50.333436,-0.023160,-0.021240,-1.537810,ndi
1786507741.335183,50.348552,-0.023150,-0.021230,-1.537810,ndi
1786507741.352696,50.366064,-0.023160,-0.021240,-1.537780,ndi
1786507741.370048,50.383416,-0.023140,-0.021240,-1.537800,ndi
1786507741.385066,50.398434,-0.023150,-0.021230,-1.537800,ndi
1786507741.402592,50.415961,-0.023150,-0.021240,-1.537770,ndi
1786507741.420109,50.433477,-0.023160,-0.021240,-1.537820,ndi
1786507741.435094,50.448463,-0.023160,-0.021240,-1.537810,ndi
1786507741.452659,50.466027,-0.023160,-0.021230,-1.537810,ndi
1786507741.470016,50.483385,-0.023160,-0.021240,-1.537800,ndi
1786507741.485014,50.498383,-0.023160,-0.021240,-1.537800,ndi
1786507741.502525,50.515893,-0.023170,-0.021240,-1.537790,ndi
1786507741.520027,50.533396,-0.023160,-0.021230,-1.537790,ndi
1786507741.535241,50.548610,-0.023150,-0.021240,-1.537790,ndi
1786507741.552667,50.566036,-0.023160,-0.021240,-1.537790,ndi
1786507741.570033,50.583401,-0.023150,-0.021240,-1.537820,ndi
1786507741.585056,50.598425,-0.023150,-0.021240,-1.537800,ndi
1786507741.602599,50.615968,-0.023160,-0.021240,-1.537820,ndi
1786507741.620105,50.633473,-0.023150,-0.021230,-1.537800,ndi
1786507741.635082,50.648451,-0.023150,-0.021240,-1.537780,ndi
1786507741.652648,50.666016,-0.023160,-0.021240,-1.537810,ndi
1786507741.670032,50.683400,-0.023160,-0.021230,-1.537800,ndi
1786507741.685003,50.698372,-0.023160,-0.021240,-1.537810,ndi
1786507741.702646,50.716015,-0.023160,-0.021240,-1.537820,ndi
1786507741.720147,50.733516,-0.023150,-0.021240,-1.537820,ndi
1786507741.735220,50.748589,-0.023150,-0.021230,-1.537810,ndi
1786507741.752601,50.765970,-0.023150,-0.021250,-1.537810,ndi
1786507741.770023,50.783392,-0.023150,-0.021240,-1.537810,ndi
1786507741.785044,50.798412,-0.023150,-0.021240,-1.537820,ndi
1786507741.802606,50.815974,-0.023150,-0.021240,-1.537790,ndi
1786507741.820083,50.833451,-0.023150,-0.021240,-1.537810,ndi
1786507741.835256,50.848625,-0.023150,-0.021240,-1.537810,ndi
1786507741.852663,50.866031,-0.023150,-0.021230,-1.537820,ndi
1786507741.870040,50.883408,-0.023150,-0.021250,-1.537820,ndi
1786507741.885020,50.898389,-0.023160,-0.021240,-1.537820,ndi
1786507741.902619,50.915988,-0.023160,-0.021230,-1.537840,ndi
1786507741.920051,50.933420,-0.023150,-0.021240,-1.537830,ndi
1786507741.935127,50.948495,-0.023160,-0.021250,-1.537820,ndi
1786507741.952698,50.966066,-0.023150,-0.021240,-1.537820,ndi
1786507741.970045,50.983413,-0.023150,-0.021230,-1.537800,ndi
1786507741.985047,50.998416,-0.023150,-0.021250,-1.537850,ndi
1786507742.002627,51.015995,-0.023150,-0.021250,-1.537830,ndi
1786507742.020164,51.033533,-0.023160,-0.021240,-1.537840,ndi
1786507742.035069,51.048438,-0.023160,-0.021230,-1.537840,ndi
1786507742.052593,51.065962,-0.023160,-0.021250,-1.537830,ndi
1786507742.070046,51.083415,-0.023160,-0.021250,-1.537820,ndi
1786507742.085065,51.098433,-0.023170,-0.021230,-1.537830,ndi
1786507742.102543,51.115911,-0.023160,-0.021240,-1.537850,ndi
1786507742.120146,51.133515,-0.023160,-0.021250,-1.537850,ndi
1786507742.137678,51.151047,-0.023160,-0.021250,-1.537850,ndi
1786507742.152700,51.166069,-0.023140,-0.021230,-1.537850,ndi
1786507742.170055,51.183424,-0.023150,-0.021240,-1.537840,ndi
1786507742.185049,51.198417,-0.023150,-0.021260,-1.537830,ndi
1786507742.202664,51.216033,-0.023140,-0.021240,-1.537840,ndi
1786507742.220149,51.233518,-0.023170,-0.021230,-1.537850,ndi
1786507742.235189,51.248557,-0.023140,-0.021240,-1.537850,ndi
1786507742.252692,51.266061,-0.023150,-0.021260,-1.537830,ndi
1786507742.270032,51.283401,-0.023170,-0.021240,-1.537840,ndi
1786507742.285046,51.298415,-0.023160,-0.021230,-1.537820,ndi
1786507742.302611,51.315980,-0.023160,-0.021240,-1.537830,ndi
1786507742.320250,51.333619,-0.023160,-0.021250,-1.537850,ndi
1786507742.335354,51.348722,-0.023150,-0.021230,-1.537830,ndi
1786507742.352690,51.366058,-0.023150,-0.021230,-1.537820,ndi
1786507742.370035,51.383404,-0.023150,-0.021250,-1.537830,ndi
1786507742.385030,51.398398,-0.023160,-0.021250,-1.537840,ndi
1786507742.402605,51.415973,-0.023160,-0.021230,-1.537830,ndi
1786507742.420174,51.433543,-0.023160,-0.021240,-1.537830,ndi
1786507742.435094,51.448463,-0.023160,-0.021250,-1.537840,ndi
1786507742.452645,51.466013,-0.023160,-0.021250,-1.537860,ndi
1786507742.470024,51.483392,-0.023160,-0.021230,-1.537860,ndi
1786507742.485035,51.498404,-0.023170,-0.021240,-1.537850,ndi
1786507742.502663,51.516032,-0.023160,-0.021260,-1.537840,ndi
1786507742.520270,51.533639,-0.023170,-0.021240,-1.537840,ndi
1786507742.535288,51.548656,-0.023150,-0.021230,-1.537830,ndi
1786507742.552731,51.566099,-0.023150,-0.021240,-1.537820,ndi
1786507742.570096,51.583465,-0.023160,-0.021250,-1.537820,ndi
1786507742.585066,51.598435,-0.023160,-0.021240,-1.537860,ndi
1786507742.602545,51.615913,-0.023160,-0.021230,-1.537840,ndi
1786507742.620252,51.633621,-0.023150,-0.021240,-1.537850,ndi
1786507742.635288,51.648656,-0.023150,-0.021260,-1.537830,ndi
1786507742.652658,51.666027,-0.023160,-0.021240,-1.537840,ndi
1786507742.670049,51.683418,-0.023160,-0.021230,-1.537840,ndi
1786507742.685073,51.698442,-0.023160,-0.021250,-1.537830,ndi
1786507742.702683,51.716051,-0.023150,-0.021250,-1.537840,ndi
1786507742.720258,51.733626,-0.023160,-0.021240,-1.537860,ndi
1786507742.735196,51.748565,-0.023150,-0.021240,-1.537870,ndi
1786507742.752639,51.766007,-0.023160,-0.021250,-1.537850,ndi
1786507742.770082,51.783450,-0.023160,-0.021250,-1.537850,ndi
1786507742.785089,51.798458,-0.023150,-0.021240,-1.537850,ndi
1786507742.802661,51.816029,-0.023170,-0.021240,-1.537870,ndi
1786507742.820096,51.833465,-0.023150,-0.021260,-1.537860,ndi
1786507742.835262,51.848630,-0.023160,-0.021250,-1.537850,ndi
1786507742.852710,51.866079,-0.023170,-0.021240,-1.537860,ndi
1786507742.870049,51.883417,-0.023150,-0.021240,-1.537860,ndi
1786507742.885080,51.898449,-0.023170,-0.021260,-1.537850,ndi
1786507742.902679,51.916048,-0.023160,-0.021250,-1.537860,ndi
1786507742.920186,51.933554,-0.023140,-0.021240,-1.537870,ndi
